$MeshFormat
4.1 0 8
$EndMeshFormat
$PhysicalNames
16
0 1 "nodeset:left"
0 2 "nodeset:right"
0 3 "nodeset:base"
0 4 "nodeset:head_support"
1 1 "boundary:left"
1 2 "boundary:base"
1 3 "boundary:head_support"
1 4 "boundary:right"
2 1 "region:S1"
2 2 "region:S3"
2 3 "region:S2"
2 4 "region:S4"
2 5 "region:S7"
2 6 "region:S6"
2 7 "region:S5"
2 8 "region:S8"
$EndPhysicalNames
$Entities
4 4 8 0
1 0 0 0 1 1
2 130 0 0 1 2
3 1.000000000000341 0 0 1 3
4 0.9991752309562685 19.98164386869819 0 1 4
1 -2.842170943040401e-14 0 0 0 19.98243106359033 0 1 1 0
2 0 -3.552713678800501e-15 0 130 0 0 1 2 0
3 0 17.42336196390213 0 130 22.59 0 1 3 0
4 130 0 0 130.0000000000001 17.5021011946591 0 1 4 0
1 0 -3.552713678800501e-15 0 130 8.121809013551861 0 1 1 0
2 0 16.75005525201575 0 130 19.98243106359033 0 1 2 0
3 -2.842170943040401e-14 7.701560669493141 0 130.0000000000001 17.16768007948337 0 1 3 0
4 91.12 19.48999999999999 0 98.56999999999999 22.59 0 1 4 0
5 98.56999999999999 22.25999999999999 0 101.57 22.59 0 1 5 0
6 91.94999999999999 18.16 0 109.26 22.43000000000001 0 1 6 0
7 91.24000000000001 18.16 0 93.56999999999999 19.78 0 1 7 0
8 101.57 19.45000000000001 0 109.26 22.52999999999999 0 1 8 0
$EndEntities
$Nodes
16 4571 1 4571
0 1 0 21
1
2
5
6
10
11
12
19
20
23
24
33
38
39
52
53
60
61
62
63
64
0 0 0
0 0.9974971336076095 0
0 1.994994267215219 0
0 2.992491400822828 0
0 19.98243106359033 0
0 3.989988534430438 0
0 4.987485668038047 0
0 17.85850713812657 0
0 18.92046910085845 0
0 5.984982801645657 0
0 6.982479935253266 0
0 16.79654517539469 0
0 8.951229935253266 0
0 7.979977068860876 0
-2.842170943040401e-14 14.77874713360761 0
0 15.75 0
-2.842170943040401e-14 13.80749426721522 0
0 9.922482801645657 0
0 10.89373566803805 0
0 11.86498853443044 0
0 12.83624140082283 0
0 2 0 21
4243
4275
4306
4335
4363
4389
4412
4435
4455
4473
4490
4506
4519
4530
4540
4548
4555
4561
4566
4569
4571
130 0 0
130 1.015226126693989 0
130 2.030452253387971 0
130 3.045678380081952 0
130 4.060904506775934 0
130 5.076130633469916 0
130 6.091356760163897 0
130 7.106582886857879 0
130 8.121809013551861 0
130 9.093316418675947 0
130 10.06482382379995 0
130 11.03633122892396 0
130 12.00783863404797 0
130 12.97934603917199 0
130 13.95048611751778 0
130 14.89219192387051 0
130.0000000000001 15.70005398420544 0
130 16.32656265678016 0
130 16.8010777906146 0
130 17.16768007948337 0
130 17.5021011946591 0
0 3 0 129
4
9
18
32
51
78
103
129
154
180
205
231
257
283
309
335
361
387
413
439
465
491
517
543
569
595
621
647
673
699
725
751
777
803
829
855
881
907
933
959
985
1011
1037
1063
1089
1115
1141
1167
1193
1219
1245
1271
1297
1323
1349
1375
1401
1427
1453
1479
1505
1531
1557
1583
1609
1635
1661
1687
1713
1739
1765
1791
1817
1843
1869
1895
1921
1947
1973
2000
2027
2056
2092
2137
2199
2266
2339
2415
2494
2577
2664
2744
2824
2901
2977
3054
3125
3197
3265
3332
3397
3455
3511
3567
3618
3667
3713
3757
3799
3832
3872
3909
3942
3972
4002
4025
4050
4075
4099
4114
4138
4139
4144
4145
4146
4176
4177
4209
4210
1.000000000000341 0 0
2.000000000000341 0 0
3.000000000000341 0 0
4.000000000000313 0 0
5.000000000000341 0 0
6.000000000000313 0 0
7.000000000000341 0 0
8.000000000000313 0 0
9.000000000000313 0 0
10.00000000000031 0 0
11.00000000000031 0 0
12.00000000000028 0 0
13.00000000000031 0 0
14.00000000000028 0 0
15.00000000000028 0 0
16.00000000000028 0 0
17.00000000000028 0 0
18.00000000000028 0 0
19.00000000000028 0 0
20.00000000000028 0 0
21.00000000000028 0 0
22.00000000000026 0 0
23.00000000000028 0 0
24.00000000000026 0 0
25.00000000000026 0 0
26.00000000000023 0 0
27.00000000000026 0 0
28.00000000000023 0 0
29.00000000000026 0 0
30.00000000000023 0 0
31.00000000000023 0 0
32.00000000000023 0 0
33.00000000000023 0 0
34.00000000000023 0 0
35.00000000000023 0 0
36.00000000000023 0 0
37.00000000000023 0 0
38.0000000000002 0 0
39.00000000000023 0 0
40.0000000000002 0 0
41.00000000000023 0 0
42.00000000000017 0 0
43.0000000000002 0 0
44.00000000000017 0 0
45.0000000000002 0 0
46.00000000000017 0 0
47.00000000000017 0 0
48.00000000000017 0 0
49.00000000000017 0 0
50.00000000000017 0 0
51.00000000000017 0 0
52.00000000000014 0 0
53.00000000000017 0 0
54.00000000000014 0 0
55.00000000000017 0 0
56.00000000000011 0 0
57.00000000000011 0 0
58.00000000000011 0 0
59.00000000000011 0 0
60.00000000000011 0 0
61.00000000000011 0 0
62.00000000000011 0 0
63.00000000000011 0 0
64.00000000000011 0 0
65.00000000000011 0 0
66.00000000000011 0 0
67.00000000000011 0 0
68.00000000000011 0 0
69.00000000000011 0 0
70.00000000000011 0 0
71.00000000000011 0 0
72.00000000000011 0 0
73.00000000000011 0 0
74.00000000000011 0 0
75.00000000000011 0 0
76.00000000000006 0 0
77.00000000000011 0 0
78.00000000000006 0 0
79.00000000000011 0 0
80.00000000000006 0 0
81.00000000000006 0 0
82.00000000000006 0 0
83.00000000000006 0 0
84 0 0
85.00000000000006 0 0
86 0 0
87.00000000000006 0 0
88 0 0
89 0 0
90.00000000000006 0 0
91 0 0
92 0 0
93 0 0
94 0 0
95 0 0
96 0 0
97 0 0
98 0 0
99 0 0
99.99999999999994 -3.552713678800501e-15 0
101.0000000000001 0 0
102 0 0
103 -3.552713678800501e-15 0
104 0 0
105 0 0
106 0 0
107 0 0
108 -3.552713678800501e-15 0
109 0 0
110 0 0
111 0 0
112 0 0
113 0 0
114 0 0
115 0 0
116 -3.552713678800501e-15 0
117 0 0
118 0 0
119 0 0
120 0 0
121.0000000000001 0 0
122 0 0
123 0 0
124 -3.552713678800501e-15 0
125 0 0
126 0 0
127 0 0
128.0000000000001 0 0
129 0 0
0 4 0 198
22
37
59
86
112
138
164
190
216
242
268
294
320
346
372
398
424
450
476
502
528
554
580
606
632
658
684
710
736
762
788
814
840
866
892
918
944
970
996
1022
1048
1074
1100
1126
1152
1178
1204
1230
1254
1280
1306
1332
1358
1384
1410
1436
1462
1488
1514
1540
1565
1591
1617
1643
1662
1689
1716
1743
1770
1797
1824
1851
1878
1905
1931
1957
1983
2010
2037
2040
2041
2066
2069
2070
2071
2072
2073
2074
2099
2105
2107
2108
2109
2113
2114
2117
2138
2150
2151
2160
2161
2162
2163
2164
2169
2170
2171
2172
2173
2174
2175
2177
2179
2200
2201
2240
2244
2245
2246
2268
2269
2270
2282
2284
2342
2354
2357
2416
2430
2431
2434
2495
2500
2510
2515
2516
2583
2585
2671
2718
2751
2754
2834
2902
2979
2990
3066
3130
3203
3270
3273
3340
3354
3419
3478
3536
3592
3643
3692
3738
3781
3821
3861
3893
3927
3957
3988
4017
4044
4069
4090
4115
4142
4169
4170
4199
4230
4261
4267
4299
4329
4358
4384
4408
4431
4452
4471
4488
4504
4517
4528
4538
4546
4553
4559
4564
4568
4570
0.9991752309562685 19.98164386869819 0
1.998350461912565 19.98085667380605 0
2.997525692868805 19.9800694789139 0
3.996700923825102 19.97928228402176 0
4.995876154781342 19.97849508912962 0
5.995051385737582 19.97770789423747 0
6.994226616693908 19.97692069934534 0
7.993401847650148 19.97613350445319 0
8.992577078606445 19.97534630956105 0
9.991752309562685 19.9745591146689 0
10.99092754051895 19.97377191977677 0
11.99010277147528 19.97298472488463 0
12.98927800243149 19.97219752999248 0
13.98845323338779 19.97141033510034 0
14.98762846434403 19.97062314020819 0
15.98680369530032 19.96983594531605 0
16.98597892625662 19.96904875042392 0
17.98515415721283 19.96826155553175 0
18.98432938816913 19.96747436063961 0
19.98350461912543 19.96668716574747 0
20.98267985008169 19.96589997085532 0
21.98185508103796 19.96511277596318 0
22.98103031199423 19.96432558107103 0
23.9802055429505 19.9635383861789 0
24.97938077390677 19.96275119128676 0
25.97855600486304 19.96196399639462 0
26.97773123581933 19.96117680150247 0
27.97690646677555 19.96038960661032 0
28.97608169773179 19.95960241171817 0
29.97525692868808 19.95881521682603 0
30.97443215964435 19.95802802193388 0
31.97360739060062 19.95724082704174 0
32.97278262155695 19.95645363214961 0
33.97195785251316 19.95566643725746 0
34.97113308346948 19.95487924236532 0
35.97030831442572 19.95409204747317 0
36.96948354538202 19.95330485258103 0
37.96865877633826 19.95251765768889 0
38.96783400729453 19.95173046279675 0
39.96700923825077 19.95094326790459 0
40.96618446920709 19.95015607301246 0
41.96535970016333 19.94936887812031 0
42.96453493111963 19.94858168322818 0
43.96371016207593 19.94779448833603 0
44.96288539303217 19.94700729344389 0
45.96206062398846 19.94622009855175 0
46.96123585494468 19.94543290365959 0
47.96041108590097 19.94464570876746 0
48.95958631685727 19.94385851387531 0
49.95876154781351 19.94307131898317 0
50.95793677876978 19.94228412409103 0
51.95711200972602 19.94149692919889 0
52.95628724068231 19.94070973430674 0
53.95546247163858 19.9399225394146 0
54.95463770259485 19.93913534452245 0
55.95381293355118 19.93834814963031 0
56.95298816450742 19.93756095473817 0
57.95216339546374 19.93677375984603 0
58.95133862641995 19.93598656495389 0
59.95051385737617 19.93519937006174 0
60.94968908833243 19.93441217516959 0
61.94886431928876 19.93362498027745 0
62.94803955024508 19.93283778538531 0
63.94721478120124 19.93205059049316 0
64.94639001215756 19.93126339560102 0
65.94556524311389 19.93047620070887 0
66.94470712191611 19.92485932930352 0
67.94379793121198 19.91184715759107 0
68.9428887405079 19.89883498587862 0
69.94197954980393 19.88582281416619 0
70.94107035909985 19.87281064245375 0
71.94016116839589 19.85979847074132 0
72.93925197769175 19.84678629902886 0
73.93834278698773 19.83377412731641 0
74.93743359628365 19.82076195560397 0
75.93652440557963 19.80774978389152 0
76.9356152148755 19.79473761217907 0
77.93470602417142 19.78172544046663 0
78.93379683346751 19.7687132687542 0
98.02545184474934 22.37218073789975 0
98.29772592237481 22.48109036894991 0
79.93288764276343 19.75570109704176 0
98.56999999999999 22.59 0
97.75317776712393 22.26327110684958 0
97.48090368949852 22.15436147579941 0
97.20862961187311 22.04545184474924 0
96.9363555342477 21.93654221369908 0
96.66408145662228 21.82763258264891 0
80.93197845205941 19.74268892532933 0
98.87 22.584 0
99.17000000000002 22.578 0
99.47000000000003 22.572 0
99.77000000000004 22.566 0
96.39180737899682 21.71872295159874 0
96.11953330137146 21.60981332054858 0
92.579970292241 20.19398811689641 0
81.93106926135533 19.72967675361689 0
100.07 22.56 0
100.37 22.554 0
95.84725922374599 21.50090368949841 0
95.57498514612058 21.39199405844824 0
95.30271106849517 21.28308442739807 0
95.03043699086976 21.17417479634791 0
94.75816291324429 21.06526516529774 0
92.85224436986641 20.30289774794657 0
93.12451844749182 20.41180737899673 0
93.39679252511723 20.52071701004691 0
94.48588883561888 20.95635553424757 0
94.21361475799353 20.8474459031974 0
93.66906660274265 20.62962664109707 0
93.94134068036806 20.73853627214724 0
92.30769621461559 20.08507848584624 0
92.03552262502836 19.97620905001135 0
100.67 22.548 0
82.9301600706512 19.71666458190443 0
91.76875986876388 19.86950394750558 0
91.51339472396978 19.76735788958792 0
91.29389871287549 19.67955948515021 0
91.12 19.60999999999999 0
100.97 22.542 0
101.27 22.536 0
83.92925087994723 19.70365241019199 0
90.94026958598289 19.61234081125298 0
84.92834168924321 19.69064023847955 0
101.57 22.52999999999999 0
90.72353442526867 19.61516357280888 0
85.92743249853913 19.6776280667671 0
101.8446428571429 22.41999999999997 0
90.43477479038359 19.61892438205443 0
90.04528069001879 19.62399715829035 0
86.92652330783511 19.66461589505467 0
102.1192857142858 22.30999999999997 0
102.3939285714287 22.19999999999995 0
89.51964943836754 19.6308429865577 0
88.8141848802095 19.64003096615112 0
87.91430762485527 19.65175097924487 0
102.6685714285716 22.08999999999993 0
102.9432142857145 21.97999999999991 0
103.2178571428574 21.8699999999999 0
93.07000000000011 18.16 0
103.4925000000003 21.75999999999988 0
103.7671428571432 21.64999999999986 0
104.041785714286 21.53999999999985 0
104.316428571429 21.42999999999984 0
104.5910714285719 21.31999999999982 0
104.8657142857148 21.2099999999998 0
105.1403571428576 21.09999999999978 0
105.4150000000006 20.98999999999977 0
105.6896428571434 20.87999999999975 0
105.9642857142863 20.76999999999974 0
106.2389285714293 20.65999999999972 0
106.5135714285722 20.54999999999971 0
106.7882142857151 20.43999999999969 0
107.062857142858 20.32999999999967 0
107.3375000000009 20.21999999999965 0
107.6121428571437 20.10999999999964 0
107.8867857142866 19.99999999999962 0
108.1614285714296 19.88999999999961 0
108.4360714285725 19.77999999999959 0
108.7107142857154 19.66999999999958 0
108.9853571428583 19.55999999999956 0
109.26 19.45000000000001 0
109.514274515661 19.44746990531682 0
109.8133998224746 19.44449353410474 0
110.1732351140586 19.44091308344221 0
110.6446101348379 19.43622278472799 0
111.27 19.42999999999999 0
112.043786858412 19.18737191727761 0
112.9337559092003 18.90831382508128 0
113.8239287437247 18.62724171850304 0
114.7120795631402 18.33982264866302 0
115.5994216951379 18.05266528233138 0
116.3956250605133 17.79500180257438 0
117.06 17.58000000000001 0
117.74 17.47999999999999 0
118.3012883755958 17.42336196390213 0
118.8666924644094 17.43168674081497 0
119.4311373793537 17.43525666648923 0
119.9927338986582 17.4388085770119 0
120.5488021532455 17.44232552310557 0
121.0991718617289 17.4458064277973 0
121.6440521285236 17.44925261360275 0
122.1833882459124 17.45266373451385 0
122.7173076221781 17.45604059634547 0
123.2458270680128 17.45938330541962 0
123.7690085347516 17.4626922535578 0
124.286923890035 17.4659678952989 0
124.7995864198094 17.46921031467202 0
125.3071060093256 17.47242020666474 0
125.809464674563 17.47559745753413 0
126.3067926473188 17.47874289095282 0
126.7990587294071 17.4818563096027 0
127.2863951372007 17.48493854970823 0
127.7687810510142 17.4879894795918 0
128.2463293664268 17.49100981328028 0
128.7190350230355 17.49399951876831 0
129.1862584261032 17.4969545508327 0
129.6277553477024 17.49974687148934 0
1 1 0 0
1 2 0 0
1 3 0 0
1 4 0 0
2 1 0 1299
3
7
8
13
14
15
16
17
25
26
27
28
29
30
31
40
41
42
43
44
45
46
47
48
49
50
67
68
69
70
71
72
73
74
75
76
77
93
94
95
96
97
98
99
100
101
102
119
120
121
122
123
124
125
126
127
128
144
145
146
147
148
149
150
151
152
153
170
171
172
173
174
175
176
177
178
179
195
196
197
198
199
200
201
202
203
204
221
222
223
224
225
226
227
228
229
230
247
248
249
250
251
252
253
254
255
256
273
274
275
276
277
278
279
280
281
282
299
300
301
302
303
304
305
306
307
308
325
326
327
328
329
330
331
332
333
334
351
352
353
354
355
356
357
358
359
360
377
378
379
380
381
382
383
384
385
386
403
404
405
406
407
408
409
410
411
412
429
430
431
432
433
434
435
436
437
438
455
456
457
458
459
460
461
462
463
464
481
482
483
484
485
486
487
488
489
490
507
508
509
510
511
512
513
514
515
516
533
534
535
536
537
538
539
540
541
542
559
560
561
562
563
564
565
566
567
568
585
586
587
588
589
590
591
592
593
594
611
612
613
614
615
616
617
618
619
620
637
638
639
640
641
642
643
644
645
646
663
664
665
666
667
668
669
670
671
672
689
690
691
692
693
694
695
696
697
698
715
716
717
718
719
720
721
722
723
724
741
742
743
744
745
746
747
748
749
750
767
768
769
770
771
772
773
774
775
776
793
794
795
796
797
798
799
800
801
802
819
820
821
822
823
824
825
826
827
828
845
846
847
848
849
850
851
852
853
854
871
872
873
874
875
876
877
878
879
880
897
898
899
900
901
902
903
904
905
906
923
924
925
926
927
928
929
930
931
932
949
950
951
952
953
954
955
956
957
958
975
976
977
978
979
980
981
982
983
984
1001
1002
1003
1004
1005
1006
1007
1008
1009
1010
1027
1028
1029
1030
1031
1032
1033
1034
1035
1036
1053
1054
1055
1056
1057
1058
1059
1060
1061
1062
1079
1080
1081
1082
1083
1084
1085
1086
1087
1088
1105
1106
1107
1108
1109
1110
1111
1112
1113
1114
1131
1132
1133
1134
1135
1136
1137
1138
1139
1140
1157
1158
1159
1160
1161
1162
1163
1164
1165
1166
1183
1184
1185
1186
1187
1188
1189
1190
1191
1192
1209
1210
1211
1212
1213
1214
1215
1216
1217
1218
1235
1236
1237
1238
1239
1240
1241
1242
1243
1244
1261
1262
1263
1264
1265
1266
1267
1268
1269
1270
1287
1288
1289
1290
1291
1292
1293
1294
1295
1296
1313
1314
1315
1316
1317
1318
1319
1320
1321
1322
1339
1340
1341
1342
1343
1344
1345
1346
1347
1348
1365
1366
1367
1368
1369
1370
1371
1372
1373
1374
1391
1392
1393
1394
1395
1396
1397
1398
1399
1400
1417
1418
1419
1420
1421
1422
1423
1424
1425
1426
1443
1444
1445
1446
1447
1448
1449
1450
1451
1452
1469
1470
1471
1472
1473
1474
1475
1476
1477
1478
1495
1496
1497
1498
1499
1500
1501
1502
1503
1504
1521
1522
1523
1524
1525
1526
1527
1528
1529
1530
1547
1548
1549
1550
1551
1552
1553
1554
1555
1556
1573
1574
1575
1576
1577
1578
1579
1580
1581
1582
1599
1600
1601
1602
1603
1604
1605
1606
1607
1608
1625
1626
1627
1628
1629
1630
1631
1632
1633
1634
1651
1652
1653
1654
1655
1656
1657
1658
1659
1660
1677
1678
1679
1680
1681
1682
1683
1684
1685
1686
1703
1704
1705
1706
1707
1708
1709
1710
1711
1712
1729
1730
1731
1732
1733
1734
1735
1736
1737
1738
1755
1756
1757
1758
1759
1760
1761
1762
1763
1764
1781
1782
1783
1784
1785
1786
1787
1788
1789
1790
1807
1808
1809
1810
1811
1812
1813
1814
1815
1816
1833
1834
1835
1836
1837
1838
1839
1840
1841
1842
1859
1860
1861
1862
1863
1864
1865
1866
1867
1868
1885
1886
1887
1888
1889
1890
1891
1892
1893
1894
1911
1912
1913
1914
1915
1916
1917
1918
1919
1920
1937
1938
1939
1940
1941
1942
1943
1944
1945
1946
1963
1964
1965
1966
1967
1968
1969
1970
1971
1972
1990
1991
1992
1993
1994
1995
1996
1997
1998
1999
2017
2018
2019
2020
2021
2022
2023
2024
2025
2026
2046
2047
2048
2049
2050
2051
2052
2053
2054
2055
2082
2083
2084
2085
2086
2087
2088
2089
2090
2091
2127
2128
2129
2130
2131
2132
2133
2134
2135
2136
2189
2190
2191
2192
2193
2194
2195
2196
2197
2198
2256
2257
2258
2259
2260
2261
2262
2263
2264
2265
2329
2330
2331
2332
2333
2334
2335
2336
2337
2338
2405
2406
2407
2408
2409
2410
2411
2412
2413
2414
2484
2485
2486
2487
2488
2489
2490
2491
2492
2493
2567
2568
2569
2570
2571
2572
2573
2574
2575
2576
2654
2655
2656
2657
2658
2659
2660
2661
2662
2663
2734
2735
2736
2737
2738
2739
2740
2741
2742
2743
2814
2815
2816
2817
2818
2819
2820
2821
2822
2823
2891
2892
2893
2894
2895
2896
2897
2898
2899
2900
2967
2968
2969
2970
2971
2972
2973
2974
2975
2976
3044
3045
3046
3047
3048
3049
3050
3051
3052
3053
3119
3120
3121
3122
3123
3124
3126
3127
3128
3129
3191
3192
3193
3194
3195
3196
3198
3199
3200
3201
3259
3260
3261
3262
3263
3264
3266
3267
3268
3269
3326
3327
3328
3329
3330
3331
3333
3334
3335
3336
3391
3392
3393
3394
3395
3396
3398
3399
3400
3401
3449
3450
3451
3452
3453
3454
3456
3457
3458
3459
3505
3506
3507
3508
3509
3510
3512
3513
3514
3515
3561
3562
3563
3564
3565
3566
3568
3569
3570
3571
3612
3613
3614
3615
3616
3617
3619
3620
3621
3622
3661
3662
3663
3664
3665
3666
3668
3669
3670
3671
3707
3708
3709
3710
3711
3712
3714
3715
3716
3717
3751
3752
3753
3754
3755
3756
3758
3759
3760
3761
3793
3794
3795
3796
3797
3798
3800
3801
3802
3803
3833
3834
3835
3836
3837
3838
3839
3840
3841
3842
3873
3874
3875
3876
3877
3878
3879
3880
3881
3882
3910
3911
3912
3913
3914
3915
3916
3917
3918
3919
3943
3944
3945
3946
3947
3948
3949
3950
3951
3952
3973
3974
3975
3976
3977
3978
3979
3980
3981
3982
4003
4004
4005
4006
4007
4008
4009
4010
4011
4012
4030
4031
4032
4033
4034
4035
4036
4037
4038
4039
4051
4056
4057
4058
4059
4060
4061
4062
4063
4064
4076
4077
4082
4083
4084
4085
4086
4087
4088
4089
4100
4101
4102
4107
4108
4109
4110
4111
4112
4113
4124
4125
4126
4127
4132
4133
4134
4135
4136
4137
4140
4153
4154
4155
4156
4161
4162
4163
4164
4165
4166
4167
4168
4173
4174
4175
4184
4185
4186
4187
4192
4193
4194
4195
4196
4197
4198
4204
4205
4206
4207
4208
4216
4217
4218
4219
4224
4225
4226
4227
4228
4229
4236
4237
4238
4239
4240
4241
4242
4248
4249
4250
4251
4256
4257
4258
4259
4260
4268
4269
4270
4271
4272
4273
4274
4281
4282
4283
4284
4289
4290
4291
4292
4300
4301
4302
4303
4304
4305
4311
4312
4313
4314
4319
4320
4321
4330
4331
4332
4333
4334
4340
4341
4342
4347
4348
4349
4359
4360
4361
4362
4367
4368
4373
4374
4375
4385
4386
4387
4388
4393
4398
4399
4400
4409
4410
4411
4420
4421
4432
4433
4434
0.65331750731292 0.6772938412643832 0
0.7474328249405744 1.505921225794236 0
1.519154711623798 0.8830508469200922 0
0.7822707034287077 2.500651112408057 0
0.821375185455139 3.502498504657446 0
1.530895562469425 1.982333631061017 0
2.23367223272237 1.543923189533569 0
2.556413529626838 0.805399831887982 0
0.8243400272202734 4.489616425797898 0
0.8096457596080029 5.442308892594006 0
1.640968683058162 2.991440098060167 0
1.745140918623861 4.062990015955798 0
2.499761585162361 2.447020501061964 0
3.062135774729541 1.601811136736796 0
3.52442273656527 0.8047294711110702 0
0.6869774226284164 7.334226328280558 0
0.8973449404325606 6.459568532715799 0
1.594713631601081 4.99759253993706 0
1.541315840544314 5.733612711729059 0
2.469230101699111 3.451255730269892 0
2.547469541578124 4.185733381300963 0
2.253660791358413 4.71087782633181 0
3.154029416318252 3.095659632147964 0
3.524574895727994 2.393992401847498 0
4.026640750753614 1.602688601608047 0
4.515508985298766 0.8032794864331123 0
1.000019368562334 7.97707689803412 0
1.537522804147187 7.272029206538718 0
1.962184875991397 6.432445133660131 0
2.387453502558486 5.504372987791534 0
3.275742633380872 3.912618721201909 0
2.98950177939588 4.796086051265547 0
3.919434696267388 3.945736761695485 0
3.950836237749172 3.264782284748506 0
4.494728691893357 2.40298456681041 0
5.005531116612019 1.59735738032073 0
5.506873940531136 0.7995686291592712 0
2.000038737124669 7.974176727207372 0
2.477607755969018 7.18304887946131 0
2.947513314718577 6.364419434227891 0
3.422223442768029 5.545866431759144 0
3.888153226963567 4.639028811489119 0
4.566519224310355 3.971350059535155 0
4.967618893729963 3.18274660021175 0
5.490514400545095 2.384329971388617 0
5.997996438772475 1.592755787507439 0
6.500242399109425 0.7976329926732078 0
3.00005810568706 7.971276556380623 0
3.477453149270559 7.167120438445195 0
3.958157161754059 6.353662734250079 0
4.429691741216203 5.538817768428245 0
4.911115041884926 4.76819222615913 0
5.477700278481876 3.971479519189103 0
5.98196017031367 3.177278102530963 0
6.489793309954052 2.38463843848583 0
6.994771241178796 1.591666355129377 0
7.497651505064169 0.7966124829182029 0
4.000077474249395 7.968376385553874 0
4.480891621492191 7.162146006904052 0
4.964151775979758 6.357401977772454 0
5.434349797946936 5.568754429139567 0
5.957132572498722 4.765069812228866 0
6.481855768153508 3.964240314468739 0
6.984345299660873 3.175731224716323 0
7.48912446878262 2.384343377530335 0
7.993405142561755 1.591379110178341 0
8.49692786715363 0.7964954829153292 0
5.000096842811786 7.965476214727133 0
5.484049836141395 7.161173798345907 0
5.969363539184059 6.360271048723526 0
6.465938006965757 5.557735773162676 0
6.971834366575536 4.760010902065005 0
7.479555541719719 3.967168048932983 0
7.984115115703759 3.175994283157998 0
8.488528468999306 2.38436250689665 0
8.992887219224599 1.591438278901251 0
9.496785320708341 0.7965978874511528 0
6.00011621137412 7.962576043900384 0
6.487663339392128 7.159504977428654 0
6.979173125565893 6.357583922033001 0
7.476082590724189 5.557487451647219 0
7.975486048908692 4.759441599597231 0
8.479696651315948 3.967589969592595 0
8.983972352782644 3.175995133097125 0
9.488257379682892 2.384385063476245 0
9.992829578967303 1.591585687906385 0
10.4970254877054 0.7968685145651904 0
7.000135579936511 7.959675873073635 0
7.491035219979494 7.156713229650542 0
7.984231105991654 6.355243493769443 0
8.479917374028446 5.556041854154309 0
8.97908334797242 4.760379978539696 0
9.480979137266189 3.967294164634588 0
9.98394271466239 3.175610076355071 0
10.48831156479059 2.384222368554681 0
10.99335070700215 1.591818466714585 0
11.49868228979537 0.7985436207882195 0
8.000154948498846 7.956775702246894 0
8.492834293891434 7.15379794648522 0
8.98624855243861 6.352537482370501 0
9.4813628708213 5.554065459565955 0
9.978061542965264 4.757961170891669 0
10.48111821389841 3.966228659331392 0
10.98396163400329 3.17471803166341 0
11.4885642368354 2.383542023645916 0
11.99370649641364 1.591251170218957 0
12.49778032498554 0.7966381475682063 0
9.000174317061209 7.953875531420145 0
9.493735602086872 7.151067784296849 0
9.987153757845022 6.350197278673228 0
10.48094920737182 5.550717012669878 0
10.97972686526532 4.757223438140848 0
11.48104092669939 3.964679421500939 0
11.98403648823532 3.173400122571671 0
12.48881519499409 2.382266633051415 0
12.99396463774872 1.590165300565882 0
13.49798346122745 0.795955038204383 0
10.00019368562357 7.950975360593404 0
10.49417038474795 7.148541434871156 0
10.9878959166642 6.348258505494321 0
11.48211299496032 5.550098594693971 0
11.97805336133271 4.754079996903812 0
12.48070680288015 3.962638063489258 0
12.98425880817106 3.171705726320624 0
13.48888634646178 2.380651900669314 0
13.99408421113637 1.588916670376843 0
14.4990107091221 0.7958722909936533 0
11.00021305418593 7.948075189766648 0
11.49433937966663 7.146013280287789 0
11.98837809170575 6.346082382348406 0
12.4828188785045 5.548201002620957 0
12.97778018341864 4.75138250499198 0
13.48068829964086 3.960793052698328 0
13.98443396266904 3.169818804411499 0
14.48898108738999 2.379297621412604 0
14.99523987080113 1.589308038669841 0
15.49789750885373 0.7949096327324128 0
12.00023242274833 7.945175018939906 0
12.49451030009902 7.143353902359628 0
12.988746795163 6.343596217576199 0
13.4835855476241 5.546044678381783 0
13.97884334013045 4.749479921532341 0
14.48171178330384 3.958765354169053 0
14.98422356715517 3.167954190510045 0
15.4889100801831 2.378103382273316 0
15.99369247088603 1.587337896815942 0
16.49733745207268 0.7945377969037999 0
13.00025179131063 7.942274848113158 0
13.49490820372228 7.140564549488346 0
13.98926514968673 6.340876582837346 0
14.48433484673492 5.543679353118804 0
14.98016374204408 4.747765549642111 0
15.48191778818361 3.956780606220001 0
15.98394624493201 3.166213050644537 0
16.48864395031217 2.37693886382921 0
16.99316126424267 1.586626740211216 0
17.49697083801604 0.7943318017420147 0
14.00027115987297 7.939374677286409 0
14.49528729630808 7.137681139397131 0
14.98976022915562 6.338041259228582 0
15.48491840192423 5.541142623215514 0
15.98082151659582 4.74542932326537 0
16.48175980729772 3.954828050198799 0
16.98413202671898 3.164890841269823 0
17.48853771504096 2.376065983909491 0
17.9929210743943 1.586147106848372 0
18.49682849440606 0.7941473093715281 0
15.00029052843539 7.93647450645966 0
15.49541505400919 7.134747687003241 0
15.98982357791405 6.335088070863549 0
16.48507665075127 5.538453503724895 0
16.98210078930876 4.744631752282395 0
17.48062043960681 3.952356065037961 0
17.98451316786714 3.163788885296135 0
18.48848765685412 2.37520792981055 0
18.99285763011221 1.585597504026165 0
19.49688524115842 0.7939184345417374 0
16.00030989699766 7.933574335632905 0
16.49539428403776 7.131854418898932 0
16.98963757988349 6.33218703902547 0
17.48477799315239 5.535710512860938 0
17.98226404091579 4.742488163380983 0
18.48193568433294 3.951371062337486 0
18.98461472313087 3.162550591166863 0
19.48850770160848 2.374236008764889 0
19.99300462637871 1.585050583957848 0
20.49740758782693 0.7940417883997277 0
17.00032926556008 7.93067416480617 0
17.49544576621463 7.129109306005923 0
17.98964376112573 6.329649642852424 0
18.48427710604119 5.532940440336453 0
18.98177223637083 4.739944392202467 0
19.48232251615036 3.949631444701204 0
19.98470376504966 3.161177071735715 0
20.48846239912436 2.373097492183085 0
20.99302705421485 1.584336110859478 0
21.49722466728528 0.7934511417040682 0
18.00034863412245 7.927773993979422 0
18.4954065001946 7.126424152479274 0
18.989764653782 6.327329246293608 0
19.48436768650672 5.530669329795955 0
19.97971898885001 4.735327660579443 0
20.48193853550833 3.947840084812036 0
20.98475181025148 3.159654345444444 0
21.48825705252344 2.371857686839896 0
21.99281690036719 1.583513157897546 0
22.49719124371566 0.793219102973552 0
19.00036800268475 7.924873823152666 0
19.49528481456676 7.123677547373759 0
19.98976284676041 6.324801090869215 0
20.48499441193019 5.5288312266104 0
20.98138945582704 4.734840499926555 0
21.48308510435334 3.946565974490071 0
21.98459004408542 3.158070546482215 0
22.48808726469647 2.370720166100995 0
22.99277319455192 1.582960736767433 0
23.49727387347954 0.793206624108052 0
20.00038737124714 7.921973652325924 0
20.49519377596491 7.120862814970238 0
20.98978594449696 6.322116057088842 0
21.48508734694153 5.526362401701896 0
21.9827716403735 4.734253496851231 0
22.48306914007421 3.94473687342397 0
22.98448478321532 3.156580901850219 0
23.48821105624631 2.369800743781468 0
23.99278844039995 1.582398619869156 0
24.49695436357084 0.7926320561752114 0
21.00040673980948 7.919073481499176 0
21.495291659348 7.118024705049542 0
21.99002504883484 6.319542490860108 0
22.48535268858791 5.524087772552534 0
22.98164164446914 4.730708440922378 0
23.48319974169249 3.943044432430185 0
23.98466933444232 3.155200756246366 0
24.48855373275759 2.36892986830599 0
24.99283713593695 1.581694166040652 0
25.49687859525253 0.7921569236405013 0
22.00042610837187 7.916173310672434 0
22.49541559619834 7.115242690558809 0
22.99026009841268 6.316977282510472 0
23.48600075770173 5.522160254726472 0
23.98335953554059 4.730456679503718 0
24.48361143268119 3.941561372062061 0
24.98539722383228 3.154114715285438 0
25.4889064367062 2.367984187004083 0
25.99297299252032 1.580988216350878 0
26.49684452703764 0.7917418556837141 0
23.00044547693426 7.913273139845685 0
23.49545481661676 7.112476743677341 0
23.99041417682633 6.31441602655709 0
24.48628982915045 5.519757059441268 0
24.98418222628325 4.72873304164969 0
25.48348593164187 3.939373289694814 0
25.98595672090744 3.15294037432097 0
26.48916758351058 2.367006834373399 0
26.99306805662164 1.580281485185882 0
27.49689628020681 0.7913955446143781 0
24.00046484549654 7.910372969018937 0
24.49541660921432 7.109683092059953 0
24.99058578968425 6.311958155498679 0
25.48673131809574 5.517709792192903 0
25.98471201858024 4.726910234841839 0
26.4850039217047 3.938834915965636 0
26.9862467500468 3.151758168424983 0
27.48924079365932 2.366050667146936 0
27.99305878029406 1.57963884598799 0
28.49689291421495 0.791061519987732 0
25.00048421405899 7.907472798192188 0
25.4954160752784 7.106923595458518 0
25.99076967670851 6.309519763274835 0
26.48722659612361 5.515842292336963 0
26.98523656235741 4.725422595566506 0
27.48438554669443 3.936604832944766 0
27.98629982661996 3.150649661902975 0
28.48916624406323 2.365243963448158 0
28.99294243778945 1.57911015487279 0
29.4968188485486 0.7908157935638798 0
26.00050358262129 7.90457262736544 0
26.49551141184693 7.104283695777148 0
26.99095510821482 6.307150834325739 0
27.48744336813388 5.51379422330556 0
27.9853739996372 4.723729665888662 0
28.48531886009928 3.936209223745657 0
28.9861904779182 3.149703129239668 0
29.48902728319527 2.36461909315959 0
29.99283568692951 1.578757031575392 0
30.49675810566319 0.790686064981859 0
27.00052295118365 7.901672456538691 0
27.49563618811919 7.101738545978854 0
27.99107744576509 6.304908862871734 0
28.48749821204694 5.511906932251527 0
28.98536541788442 4.722247838619033 0
29.48429789184172 3.93432021387882 0
29.98624778770758 3.149096218384095 0
30.48896685270572 2.364128558588369 0
30.99286392138058 1.5785244920168 0
31.49681460171914 0.7906495032595053 0
28.00054231974602 7.898772285711942 0
28.49573231558338 7.099244128795412 0
28.9910985650657 6.302773129438741 0
29.48736825130121 5.510124526752008 0
29.98535049644977 4.721017091046285 0
30.48534998406555 3.93419255586538 0
30.98609634449306 3.148319383904528 0
31.48912956244627 2.363623999081661 0
31.99304194561148 1.578191945578993 0
32.49700953922851 0.7905071776247645 0
29.00056168830838 7.895872114885194 0
29.49579927137111 7.096791348827566 0
29.99109337746214 6.300753921954247 0
30.48725984197074 5.50846873060037 0
30.98499589513639 4.71953121344734 0
31.48511148876489 3.93287121453119 0
31.98627524084577 3.147349949799057 0
32.48931781015733 2.36280875219601 0
32.99308407816548 1.577545025338448 0
33.49688325301494 0.7900965707139989 0
30.00058105687071 7.892971944058445 0
30.49580711817703 7.094305414796189 0
30.99105992759146 6.298714070743586 0
31.4873312311108 5.506802580506758 0
31.98501227690886 4.717838571229663 0
32.48444222943979 3.930966673862322 0
32.98648711964395 3.145880723870299 0
33.48921776313554 2.36158703620243 0
33.9927167451132 1.576614525308546 0
34.49650413609129 0.7895611460399898 0
31.00060042543302 7.890071773231696 0
31.49579174838445 7.091692038950477 0
31.99105294525552 6.296374079266229 0
32.48740048457498 5.504696839253882 0
32.98432760112578 4.714684005802603 0
33.48525670432699 3.929275568830825 0
33.98630326410262 3.144107149726466 0
34.48869939712219 2.360127222078013 0
34.99203852635537 1.575549935184782 0
35.49596739596601 0.7889448747737511 0
32.00061979399538 7.887171602404948 0
32.49575283732881 7.088843585315516 0
32.99107564978294 6.293544730968875 0
33.48746162195027 5.501940578333127 0
33.98544149800463 4.713482751088925 0
34.48453851364488 3.926532108634355 0
34.98544163256111 3.142407570327741 0
35.4879135605411 2.358649506366667 0
35.99136971832388 1.574469000544401 0
36.49564814569143 0.7882952429999968 0
33.0006391625578 7.884271431578206 0
33.49555138252899 7.085751999746414 0
33.99086279395883 6.290320893022347 0
34.48726176751359 5.498806719814944 0
34.98521461263465 4.710872666245486 0
35.48464534000888 3.925326621236927 0
35.9844343992994 3.140610343973613 0
36.48715002341621 2.357294313118913 0
36.99102774131697 1.5735632495159 0
37.49586447174798 0.7879514143120439 0
34.00065853112017 7.881371260751465 0
34.49523344252952 7.082625435429534 0
34.99040463451755 6.287174795716432 0
35.48665728957701 5.495873669076452 0
35.98441176425865 4.708319596612633 0
36.48383111765443 3.923217441627763 0
36.98403333358638 3.138937098281097 0
37.48658107230017 2.356082246294427 0
37.99085548842581 1.572759072544255 0
38.49571318090966 0.7874552919650846 0
35.0006778996825 7.878471089924709 0
35.49502502233909 7.079753136198413 0
35.98999538449559 6.284495925699353 0
36.48594592418306 5.493407490518337 0
36.98345591120528 4.706084378740279 0
37.48294058717218 3.921258592757972 0
37.98323386408819 3.137335840917224 0
38.48617648879545 2.354983134188082 0
38.99052118039768 1.571973192172589 0
39.49545182595452 0.7870622269562624 0
36.00069726824489 7.875570919097967 0
36.49502986089138 7.07721809240271 0
36.98973382965289 6.282189284644708 0
37.48531693575228 5.491213940184302 0
37.98239170997306 4.703884175612863 0
38.48193910085715 3.919314098495555 0
38.98267804376826 3.135976402198828 0
39.48571981974922 2.354013284081653 0
39.99004875273138 1.571372821401543 0
40.49504221968604 0.7868321319266975 0
37.0007166368072 7.872670748271219 0
37.49513177645562 7.074811948505349 0
37.98957865179227 6.279996740913226 0
38.48468391459338 5.488846453002417 0
38.98167590151863 4.701747008186452 0
39.48029586888916 3.916870125135098 0
39.98172969678262 3.134970645607027 0
40.48503236774056 2.353237266705982 0
40.98944009965001 1.571081928149415 0
41.49464476235457 0.7868375279691726 0
38.00073600536962 7.86977057744447 0
38.49511732511897 7.072204345972054 0
38.98934737310492 6.277615690889 0
39.4842510440975 5.486737661339355 0
39.98034022646132 4.698599446623149 0
40.48058832466731 3.916221960516715 0
40.98120438795763 3.133808883445873 0
41.48406600983256 2.35264664682083 0
41.98868624564466 1.570992451285203 0
42.49428846910419 0.7870005228862915 0
39.00075537393195 7.866870406617728 0
39.494909109247 7.069263488649902 0
39.98878462356029 6.274783085705984 0
40.48357743793011 5.484504363542264 0
40.9803721997306 4.698253769244928 0
41.47958756818238 3.914828893044188 0
41.9798853877472 3.132622940943286 0
42.48291479430642 2.352098880297859 0
42.98787572131096 1.570812277353571 0
43.49382684287218 0.7869357071061955 0
40.00077474249431 7.863970235790973 0
40.49449023552017 7.066189727777719 0
40.98785483152048 6.271753951779196 0
41.48216737841528 5.481707085090555 0
41.97864133053432 4.6958453670726 0
42.47786030597572 3.912972520419338 0
42.97834707944958 3.131448262844771 0
43.48174779387341 2.351393710100403 0
43.9871717275777 1.570371501620858 0
44.49360785610745 0.7867117086964015 0
41.00079411105668 7.861070064964231 0
41.49387512988827 7.063231502171554 0
41.98667531222918 6.26896159025975 0
42.48028519700566 5.478880860009085 0
42.97646982648703 4.693404862728109 0
43.47574097562415 3.91091202494141 0
43.9766681601574 3.130100614478152 0
44.48077627172486 2.350389195724617 0
44.98667855634631 1.56958738888639 0
45.49342735671848 0.7861897203035149 0
42.00081347961904 7.85816989413749 0
42.49310506687561 7.060380135004479 0
42.98530946073686 6.266367912809905 0
43.47857821859438 5.476636402726065 0
43.97304088734941 4.689797386846607 0
44.47387566004565 3.909069126454881 0
44.9753729301593 3.128486956139213 0
45.48004890498103 2.348972592682799 0
45.98642386650394 1.568447801804965 0
46.49339241985976 0.7855068176255919 0
43.0008328481814 7.855269723310734 0
43.49225119985138 7.057510872539162 0
43.98368838717013 6.263557825353843 0
44.47681575880873 5.474319597819338 0
44.97281987608378 4.689294270937744 0
45.47133413616717 3.90660373474298 0
45.97459279027578 3.126576558301188 0
46.47962655676793 2.347259483225308 0
46.98646529518669 1.56718561817048 0
47.49351983562372 0.7848392480302131 0
44.00085221674374 7.852369552483985 0
44.49129893231466 7.054552413220954 0
44.98177253899755 6.260319333885526 0
45.47433974379291 5.470940549953312 0
45.97099949535303 4.68634932037002 0
46.47172609364335 3.904799995375122 0
46.97398445037319 3.124428662054981 0
47.47961360862351 2.345617219335999 0
47.98666475467724 1.56609246014057 0
48.49372238068818 0.7843374252922928 0
45.00087158530613 7.849469381657244 0
45.49059475645961 7.051571576001784 0
45.97952748516613 6.256508595558678 0
46.47197249695208 5.467228289114885 0
46.96901223051668 4.682843170556367 0
47.47089790644159 3.902212627905172 0
47.97400253282817 3.122541325618094 0
48.47997532401101 2.344347876045255 0
48.98706709890641 1.565384628746688 0
49.49406907262764 0.7840514447436817 0
46.00089095386849 7.846569210830495 0
46.49070217839258 7.048547567955531 0
46.97889336433616 6.253922865606917 0
47.46897601624656 5.462033337790352 0
47.96859669509308 4.68013162823226 0
48.47064534642644 3.899729601073425 0
48.97470129959814 3.121140718877626 0
49.48071780994167 2.343521228812939 0
49.98798148576137 1.565136150133071 0
50.49515546967916 0.7841881252284288 0
47.00091032243085 7.843669040003746 0
47.49004627754252 7.046578317970827 0
47.97934795798088 6.25195890409406 0
48.47224944953336 5.462663978516197 0
48.96770864567665 4.676240454267351 0
49.47075551697554 3.897561324058806 0
49.97548462859913 3.119899487487253 0
50.48191796943783 2.343120334111681 0
50.98974726363494 1.565560252102397 0
51.49901585710339 0.7865000706978549 0
48.00092969099319 7.840768869176998 0
48.49067013606233 7.043944940763794 0
48.98055842644453 6.249707773721667 0
49.47369659827064 5.460550140932831 0
49.96897581353804 4.674106696784811 0
50.47237584620177 3.896499343432573 0
50.97623762570265 3.118862282596851 0
51.48315255003408 2.342791893523533 0
51.9909447668133 1.565567058619958 0
52.49719490047849 0.7848526111943919 0
49.00094905955555 7.837868698350256 0
49.4913779306668 7.04125158917703 0
49.98227657683341 6.247858888994294 0
50.47490486022511 5.4583010591383 0
50.97161251409639 4.674415774740389 0
51.47179942308179 3.894379628868926 0
51.97732634798743 3.118095692062163 0
52.48382008288306 2.342041897923586 0
52.99087966788875 1.564621201878182 0
53.49666922056986 0.7840087918130116 0
50.00096842811791 7.834968527523507 0
50.49180801285533 7.038501814055913 0
50.98318911089447 6.245534855618011 0
51.47575183782979 5.456167057013474 0
51.969697528457 4.669320260969762 0
52.4729716176308 3.893347936715053 0
52.97796050914073 3.116934250242096 0
53.4840665820642 2.340998630337346 0
53.99058369323271 1.563633479410083 0
54.49612772564308 0.7832990291623965 0
51.00098779668022 7.832068356696752 0
51.49201255859433 7.035757515160007 0
51.98362375730721 6.243151274297979 0
52.47694949390245 5.454976494730282 0
52.97200319226329 4.669708785577257 0
53.4750458075838 3.892642213110314 0
53.97851646488945 3.115660887343196 0
54.48437738458529 2.339932375527603 0
54.99049504445296 1.562750925730601 0
55.49585427271435 0.7827792360832397 0
52.00100716524258 7.82916818587001 0
52.49215893070118 7.033014745378793 0
52.98386817671133 6.240628845322924 0
53.47720489427738 5.45264105951906 0
53.97442815686358 4.669965872025728 0
54.47439490471473 3.890235546758582 0
54.97974154493386 3.11451245855379 0
55.48529800948924 2.338806164685089 0
55.99110498662731 1.561813131053285 0
56.49606732026888 0.7821948851969687 0
53.00102653380495 7.826268015043262 0
53.4924165897713 7.030359869214379 0
53.98426698709957 6.238220090625475 0
54.47787741428806 5.450536585359195 0
54.97326132386397 4.665907228733452 0
55.47783775980716 3.889991788016729 0
55.98131025815431 3.113112407488956 0
56.4871204892961 2.337536560857522 0
56.99245071260805 1.560743028118992 0
57.49671684416018 0.7815637654826553 0
54.00104590236731 7.823367844216506 0
54.49297474939624 7.02792367812193 0
54.98520540353641 6.236123259286423 0
55.47915179787049 5.448639791871734 0
55.97781008181991 4.667149909041662 0
56.48050844535641 3.889033177523949 0
56.98421901730893 3.11192621957634 0
57.48955719145152 2.336248965948236 0
57.99407792004558 1.559768575648153 0
58.49746635403466 0.7810946567278592 0
55.00106527092973 7.820467673389771 0
55.49373707962616 7.025566863666974 0
55.98692743367351 6.234312152796974 0
56.48178824436405 5.447233994126428 0
56.98067943772998 4.665537721074578 0
57.4836483652976 3.887879988406858 0
57.98767925492353 3.110898441601428 0
58.49186537475651 2.335201731699307 0
58.99538546328074 1.559061026257481 0
59.49793633511172 0.7807736629237247 0
56.00108463949209 7.817567502563023 0
56.49452567815911 7.022985233842007 0
56.98890927049905 6.232243689526207 0
57.48557444774383 5.446296798185749 0
57.98529497647024 4.665007285943183 0
58.48742133009006 3.886922363357193 0
58.99045430099477 3.109738011660347 0
59.49344033203334 2.334368820850536 0
59.99604673024038 1.558487331988161 0
60.49802815149587 0.7804667967057703 0
57.00110400805443 7.814667331736267 0
57.49531983557205 7.020171420511254 0
57.99062386384509 6.229677164680901 0
58.48818872019172 5.444230338705928 0
58.98815084873252 4.663362019887046 0
59.48978956555032 3.885583480441824 0
59.99201084170727 3.108831940738256 0
60.49435471084274 2.333652560503587 0
60.99629771474719 1.557970913179645 0
61.49795017301017 0.7801541164462265 0
58.00112337661682 7.811767160909532 0
58.49597473515308 7.017327296284854 0
58.99193797692755 6.227084512638889 0
59.48997569644729 5.442107633510211 0
59.99003155909031 4.661786513897063 0
60.49133607802963 3.884433436792705 0
60.99312147887974 3.10799805544157 0
61.495099379419 2.333177920336567 0
61.99661429820418 1.55766558041034 0
62.4980094963837 0.7800205627646086 0
59.00114274517915 7.808866990082784 0
59.4963181959094 7.014656386492689 0
59.99267096482083 6.224844617685029 0
60.49094215604293 5.440323196477529 0
60.99103481323885 4.660402715752049 0
61.49223086907443 3.883389761831467 0
61.99386230706517 3.107395996877592 0
62.4957294840969 2.332833776803206 0
62.99707844509913 1.557601432874069 0
63.49826104602812 0.7801059642826687 0
60.00116211374149 7.805966819256028 0
60.49641528602081 7.012248818772385 0
60.99286153197323 6.222927408054453 0
61.49126340249057 5.438740389464591 0
61.99145957490822 4.659091007080058 0
62.49279971904883 3.882408232959932 0
62.99470679686482 3.106902928620777 0
63.49624607336915 2.332546891593957 0
63.99741671971969 1.557541680170022 0
64.49848965129269 0.7802115391977651 0
61.00118148230382 7.803066648429279 0
61.49630982606851 7.009859562051936 0
61.99261345849334 6.22082590997433 0
62.49111238312423 5.436879601513439 0
62.99157434639375 4.657545339338093 0
63.49320662151661 3.881327456330055 0
63.99581167543175 3.106746195975326 0
64.4967392215911 2.332301912320005 0
64.99754773215892 1.557388872431819 0
65.4985279698052 0.7802063804989849 0
62.00120085086621 7.800166477602538 0
62.49569795012968 7.006934264236435 0
62.99180295744827 6.217915370766399 0
63.49065170671764 5.434470377253376 0
63.99144675754582 4.655647258695261 0
64.49317211727754 3.879846384800452 0
64.9949394041592 3.105024038643066 0
65.49655838601205 2.331546877421005 0
65.99744117981072 1.557058898865147 0
66.49843851073007 0.7801037042062013 0
63.00122021942855 7.797266306775789 0
63.49347277236313 7.00218392443994 0
63.99080027521973 6.21464902534251 0
64.49010269913282 5.431766353338524 0
64.99110457289083 4.653464723632872 0
65.49278868461164 3.878068604140431 0
65.99465093270408 3.103780445636346 0
66.49586288801885 2.330330576402005 0
66.99708349973565 1.556474561932877 0
67.49827027822784 0.7799229927825131 0
64.00123958799094 7.794366135949041 0
64.49317677802924 6.999486731771263 0
64.99027209881922 6.211807240618121 0
65.48957888335872 5.429088994634391 0
65.99063285379066 4.65120540354738 0
66.49229847050879 3.876171458521931 0
66.9938554730756 3.101890435451388 0
67.49557023350394 2.329169109332888 0
67.99698028255932 1.555771759818985 0
68.49829359294171 0.7795699472836617 0
65.00125895655327 7.791465965122292 0
65.4941254992471 6.997840236735421 0
65.9900497248812 6.209078127257037 0
66.4893504900736 5.426760698707142 0
66.99018369688685 4.64901888288113 0
67.49181693387112 3.874244143092831 0
67.99378737340834 3.100471807987454 0
68.49560478630809 2.328111056566541 0
68.99727919374396 1.555112762639556 0
69.49853775088559 0.7792240049477819 0
66.00127832511566 7.78856579429555 0
66.49471327311949 6.995696247236637 0
66.99053448059129 6.207222123996424 0
67.48909409889205 5.424479936430792 0
67.98970027271315 4.64684018688569 0
68.4914575510881 3.872449169503788 0
68.99361957104844 3.099126017113676 0
69.49581952103165 2.327271941677999 0
69.9974807776656 1.554546995303529 0
70.49866601916159 0.7789437979001725 0
67.001297693678 7.785665623468802 0
67.49463156699983 6.992865706577135 0
67.99016860083196 6.204524485617874 0
68.48852752520867 5.421985483400519 0
68.98920588484282 4.644713641484763 0
69.4910880297528 3.87074706604902 0
69.99329811241984 3.097844239188795 0
70.49571543116946 2.326479735416655 0
70.99726177993949 1.55407126349543 0
71.49843427586922 0.7787505646704176 0
68.00131706224039 7.78276545264206 0
68.49422041603276 6.989904654712113 0
68.98944069378945 6.201665014335447 0
69.4878248876791 5.419481684310924 0
69.98871861641834 4.642677171794432 0
70.49078078176098 3.86919070626616 0
70.99341027163007 3.09698609869988 0
71.49511881112238 2.325682140218568 0
71.99659164693469 1.553590740802949 0
72.4979660032613 0.7785579238325937 0
69.00133643080272 7.779865281815312 0
69.4935445723292 6.986737030697363 0
69.98858182314854 6.198690080268229 0
70.48713582273956 5.416977804773623 0
70.98822073455938 4.640683229632138 0
71.49029595376538 3.867621641263774 0
71.99223984032506 3.095464287992485 0
72.4942059750058 2.324724073174018 0
72.99575725141273 1.552974367774283 0
73.49754546052378 0.7782493524076095 0
70.00135579936506 7.776965110988556 0
70.49335533748877 6.984168815795528 0
70.98794277529879 6.195847494582303 0
71.4864874073445 5.414336650209158 0
71.98783836124932 4.638824813552134 0
72.48958363696181 3.865901632499394 0
72.99116429204787 3.093860416107638 0
73.49306639137637 2.323419649374642 0
73.9950593848119 1.552114291019539 0
74.49730036350815 0.7777349502193083 0
71.00137516792734 7.7740649401618 0
71.49363948756189 6.98206771086555 0
71.98629049953212 6.191201796486915 0
72.48663967719079 5.412589298918675 0
72.98739897466385 4.636823908211703 0
73.48878420676573 3.863970455376027 0
73.99011600496885 3.092098037750247 0
74.49214826314613 2.322000324284843 0
74.99449835764409 1.551026044377295 0
75.49709237113768 0.7770611123035884 0
72.00139453648973 7.771164769335066 0
72.49366946364603 6.979328376653875 0
72.9884840597831 6.191702680821919 0
73.48656539474842 5.410331915453789 0
73.98673704191384 4.634431407914541 0
74.48795871624003 3.861907350967059 0
74.98927017571901 3.090367298530161 0
75.49144977133841 2.320583504538313 0
75.99401992883708 1.549905518282529 0
76.49681966339432 0.7763778708575906 0
73.00141390505206 7.768264598508303 0
73.49311043741108 6.975614105136707 0
73.98797544760959 6.18817697429099 0
74.48606332957343 5.407462767650117 0
74.98610679646526 4.632060736506126 0
75.48732906989136 3.859988511744326 0
75.98869363539973 3.088815903819281 0
76.4909896713196 2.31932616668967 0
76.99367313892333 1.548974661292913 0
77.49659217040994 0.7759003197574081 0
74.0014332736144 7.765364427681561 0
74.49176966975944 6.970338286570779 0
74.98785914467447 6.185386673669164 0
75.48580541373616 5.405100721047738 0
75.98573328709466 4.630075504588895 0
76.48697316299587 3.858329881638355 0
76.98845584042778 3.087515069034602 0
77.49088305241236 2.318332421573523 0
77.99365482611876 1.548337843596727 0
78.49663183986803 0.7756688145901052 0
75.0014526421769 7.76246425685482 0
75.49347710693087 6.970262699749931 0
75.98822345782133 6.183518007342307 0
76.48582694749911 5.403265834267302 0
76.98561470836341 4.628416613613261 0
77.48690069824005 3.856850375702422 0
77.9885688137752 3.086309732432191 0
78.49120665276934 2.317408762841289 0
78.99410101173066 1.547735444136318 0
79.49700092173799 0.7753776278725617 0
76.00147201073923 7.759564086028071 0
76.49389598934897 6.968085887366847 0
76.98849795801573 6.181685317114706 0
77.48586542381628 5.401551592994437 0
77.98563656730522 4.62680549023451 0
78.48707009042431 3.855328904128477 0
78.98900061655081 3.084937375480457 0
79.49186242143725 2.316189769073311 0
79.99483473239422 1.54676781648331 0
80.49754096125838 0.7747990437977954 0
77.00149137930151 7.756663915201315 0
77.49386074065791 6.965628283334254 0
77.98838432784504 6.179583122389182 0
78.48578213356285 5.399637104794934 0
78.98575901412943 4.624990331580157 0
79.48746549361681 3.853567982693868 0
79.98971989323326 3.083211133387891 0
80.49277410511468 2.314556632165726 0
80.99566916850091 1.545386638443023 0
81.49803871475996 0.7739448061506415 0
78.0015107478639 7.753763744374567 0
78.49348669165096 6.963019269634906 0
78.9878910320474 6.177144887142163 0
79.48561770796078 5.397396245701046 0
79.98601651188625 4.622821694507039 0
80.488094242714 3.851483867526532 0
80.99065497275848 3.08125044961924 0
81.49382543943682 2.312589109949364 0
81.99657688671579 1.54379630523907 0
82.49852727948428 0.773022714462865 0
79.0015301164263 7.750863573547832 0
79.49237892455841 6.959711997941184 0
79.98729623687717 6.174391690121574 0
80.48555807567203 5.394752708450142 0
80.98649375089866 4.620273230876194 0
81.48901629202982 3.849101408697003 0
81.9918871044178 3.07879491473534 0
82.49509315530463 2.31050579960209 0
82.99756835677954 1.542276961477075 0
83.49902254192313 0.7722543212665975 0
80.00154948498863 7.747963402721084 0
80.49152209026414 6.956531937458777 0
80.98706368335257 6.171352406024717 0
81.48570377096939 5.391601259092113 0
81.9874135301672 4.617636634047919 0
82.49028518587596 3.846565936986586 0
82.99365223380391 3.076022421179267 0
83.49629071579881 2.30868085256764 0
83.99844992841412 1.541106514950851 0
84.4994975197294 0.7717793581224441 0
81.00156885355102 7.745063231894335 0
81.49292224962716 6.954818935954044 0
81.98603474152753 6.166146701961857 0
82.48690378178287 5.389134307919669 0
82.98877647694383 4.615181146141538 0
83.49164397712701 3.84419669885748 0
83.99482314190561 3.073978229031589 0
84.49697597442412 2.307364758034382 0
84.99879934841482 1.540405864481006 0
85.49959223635955 0.7715901437959936 0
82.00158822211336 7.742163061067586 0
82.49406579109103 6.952482532803856 0
82.98959988691621 6.166841540168015 0
83.48870216565308 5.387094079999912 0
83.99020538976367 4.612881047397742 0
84.49271862584459 3.842203260466782 0
84.99547326699002 3.072487051240635 0
85.49721272167761 2.306540145194383 0
85.99858453352414 1.540160803112609 0
86.49929473681487 0.7716212709122239 0
83.00160759067569 7.739262890240838 0
83.49481138065397 6.949541914356949 0
83.99096290256136 6.164181465060857 0
84.4901538688643 5.384667407211047 0
84.99135279410541 4.610735383521146 0
85.49330946346743 3.840677320796011 0
85.99520122698999 3.072091840156936 0
86.49691968930512 2.306168808116361 0
86.99804009974656 1.540185518102607 0
87.49884904361664 0.7717362078816201 0
84.00162695923808 7.736362719414089 0
84.49551571277738 6.946547184978414 0
84.99204306080446 6.161401789940065 0
85.49118439607338 5.382311795750489 0
85.9920293819585 4.608903477762894 0
86.49345325748095 3.839508601437579 0
86.99483815196362 3.071564879628149 0
87.4962268620244 2.306011235180783 0
87.99733218222082 1.540193144791115 0
88.49840479088112 0.771766766583756 0
85.00164632780042 7.73346254858734 0
85.4961877400786 6.943809864332451 0
85.9928721563918 6.159008408468928 0
86.49177479192309 5.380347958996914 0
86.99220216539459 4.607405658243856 0
87.49327637044041 3.838438773338751 0
87.99441083723002 3.070959893575548 0
88.49551835186793 2.305692016649786 0
88.99673304164804 1.540036652234761 0
89.49812236030124 0.7716927284919102 0
86.00166569636281 7.730562377760599 0
86.49656518385478 6.941271084314721 0
86.99320387029695 6.15684698808667 0
87.49184020580532 5.37853948431659 0
87.9919797256087 4.605935859632986 0
88.4929003454036 3.837263255425349 0
88.99377772480085 3.070047323198516 0
89.49508798076528 2.305089149414862 0
89.99655946687608 1.539736613818761 0
90.49818818748696 0.7715967235877734 0
87.00168506492525 7.727662206933857 0
87.49662949589629 6.938765863484896 0
87.99313330898639 6.154600432005317 0
88.49161024280971 5.37651728787651 0
88.99166732617732 4.604175889756497 0
89.49262315941445 3.835806159175888 0
89.99362254982833 3.068869027743446 0
90.49519035876477 2.304324322036457 0
90.99695789175553 1.539423717757952 0
91.49868681635218 0.7715971879713912 0
88.00170443348759 7.724762036107101 0
88.49649832672861 6.936054695139731 0
88.99290482125019 6.151947047226436 0
89.49140740582953 5.374021903936217 0
89.99157131792151 4.602022405004355 0
90.49271964274766 3.834129300602378 0
90.99396936777629 3.067602372484011 0
91.49580024154869 2.303586928131374 0
91.99777395582515 1.539155110813184 0
92.49941713138969 0.7716066393674055 0
89.00172380204987 7.721861865280353 0
89.49625173819101 6.932933854394342 0
89.99271809000658 6.148722563513104 0
90.49145159670758 5.371077995190596 0
90.99188123588732 4.59967782922547 0
91.49328799967208 3.832513138636124 0
91.9947870015514 3.066571688956749 0
92.4968055868726 2.303095418712708 0
92.99881097483222 1.538978085089425 0
93.50010316753435 0.7714950031382415 0
90.0017431706122 7.718961694453611 0
90.49607446002409 6.929418126506398 0
90.99280622424391 6.145201646147562 0
91.49191820189526 5.368144991388959 0
91.99267323873943 4.597643545391563 0
92.49434954118766 3.831360203603602 0
92.99607387782351 3.066086354540012 0
93.49820304772521 2.302996287110126 0
94.00006030864546 1.538935684870665 0
94.5008614635484 0.7714115050106756 0
91.00176253917459 7.71606152362687 0
91.49620589137652 6.925868739705756 0
91.99334263788478 6.142035423135411 0
92.49288837018986 5.365991258012222 0
92.99397241061405 4.596505916574991 0
93.49593298000383 3.831006242558608 0
93.99790786020287 3.066256062045333 0
94.50008423765172 2.303250400930587 0
95.00159670281329 1.539023178793972 0
95.50166095180663 0.7713536106498076 0
92.00178190773698 7.713161352800121 0
92.49652620535807 6.922794438226589 0
92.99439052738848 6.140207333226833 0
93.49433152673078 5.365239691548346 0
93.99579680133598 4.596596400751523 0
94.49809307134205 3.831556261261014 0
95.0004041601818 3.066996347063103 0
95.50247964270278 2.30377329644012 0
96.00333579556064 1.539228927434138 0
96.50248860240998 0.7713843537279423 0
93.00180127629937 7.710261181973372 0
93.49756325945555 6.92159087625479 0
93.99582869110327 6.14003878211971 0
94.49629089598619 5.366014422320113 0
94.99828939743742 4.597866971884088 0
95.50084921095794 3.832884617793262 0
97.50317965167284 0.771580162614935 0
96.00334627295757 3.068093571724539 0
96.50502147531091 2.304490391833866 0
97.00500523325258 1.539636602786587 0
94.00182064486165 7.70736101114661 0
94.49871740172551 6.920927971938205 0
94.99779533208147 6.141096761015852 0
95.49905353442176 5.367958708650434 0
96.00150186831428 4.599992722431644 0
96.50403550040568 3.834825950728835 0
98.50361095495947 0.772006876842358 0
98.00626799052009 1.54037254044475 0
97.0063418744856 3.069567104271876 0
97.50723711434244 2.305534938563284 0
95.00184001342399 7.704460840319868 0
95.50030613682151 6.920881589339615 0
96.0005641918986 6.143115758608957 0
96.50250635533081 5.370709668090818 0
97.00514043659422 4.602788709170532 0
97.50726945163325 3.837430337681923 0
99.50384048162567 0.7727533144239409 0
99.00710533221661 1.54166534706026 0
98.50898840169481 2.307281542487338 0
98.00900220698486 3.071719859717604 0
96.00185938198643 7.701560669493141 0
96.50193012504411 6.922723259417062 0
97.00354938564169 6.146521453034097 0
97.50608510983966 5.374491358266383 0
98.00860293284285 4.606546187091539 0
98.51016575448176 3.841002567868514 0
100.5039847832922 0.7738494499443469 0
100.0076817159058 1.543643063025645 0
99.51031739043214 2.309957282614988 0
99.01119386059463 3.074910050307174 0
97.00184399612408 7.705822174549311 0
97.50338005539186 6.928658010607556 0
98.00607168676947 6.152288732343202 0
98.50912669129565 5.380012904276164 0
99.01154497688657 4.611771063999136 0
99.51259446423762 3.845818534907707 0
101.5040855816387 0.7751689709957397 0
101.0080860992672 1.546144683142789 0
100.5113296313889 2.313487497684172 0
100.0129663454716 3.079228390474128 0
98.00178811745366 7.71842783633727 0
98.50469069869808 6.938117570090121 0
99.00834222520535 6.16057917196801 0
99.51178270206589 5.387546535298398 0
100.0140599100346 4.618590357476648 0
100.5146323956494 3.851832073738848 0
102.5042359893193 0.7765929244236425 0
102.008480953395 1.548952609243539 0
101.5121779361141 2.317602558126922 0
101.0144367038152 3.084452975169796 0
99.00173223878318 7.731033498125221 0
99.50601480475132 6.949241484265919 0
100.0105213283202 6.170633056462741 0
100.5142163244314 5.396612899643571 0
101.0162539579972 4.626613398478618 0
101.5163782203008 3.858695407263006 0
103.5045818165236 0.7780482186920885 0
103.0090991073007 1.551869203263042 0
102.5130739023505 2.321985491801655 0
102.015730764456 3.090201473603095 0
100.0016763601128 7.743639159913187 0
100.5073434190778 6.960989478970383 0
101.0125479614207 6.181482299458118 0
101.5163266187248 5.406454000710703 0
102.0180929993407 4.635265978999932 0
102.5178901639854 3.865969643563623 0
104.5051170740587 0.7793684848933964 0
104.0100031545143 1.554661034129396 0
103.5141818673242 2.326347520642749 0
103.0169992836627 3.096107910833844 0
101.0016204814423 7.756244821701124 0
101.5083443676641 6.972747475445601 0
102.0140615162788 6.192495773123674 0
102.5178788087402 5.416521207900161 0
103.0195371829295 4.644088786718065 0
103.5192691019497 3.873316841082122 0
105.5056324800211 0.7804831134586472 0
105.0110459967476 1.557212101027105 0
104.5155438700093 2.33051994230479 0
104.0184055602456 3.101925243100801 0
102.001564602772 7.768850483489096 0
102.5088890208547 6.984511193998927 0
103.0149180187932 6.203504894888972 0
103.5189230813064 5.426555251927986 0
104.0207770254585 4.652836045275883 0
104.5206767621686 3.880561672528273 0
106.5059115354431 0.7815718902840274 0
106.0119765301074 1.559664667616911 0
105.5170161297794 2.334540334678486 0
105.0200087363469 3.107588761842599 0
103.0015087241015 7.781456145277048 0
103.5091345478557 6.99636245072805 0
104.0154400227084 6.214517463104407 0
104.5198456095916 5.436489191404348 0
105.0221111488377 4.661436012818662 0
105.5222159366965 3.88768762931106 0
107.5059974260983 0.7828527001366972 0
107.0126827191357 1.56229853686051 0
106.5184052361025 2.338632018169442 0
106.0217130477525 3.113199606106377 0
104.001452845431 7.794061807064999 0
104.5092871451834 7.00823999074958 0
105.0160163284178 6.225487463987413 0
105.520983982469 5.446305534954227 0
106.0236518006629 4.66991353638074 0
106.5237900872422 3.894767616345412 0
108.5060410758267 0.7843674835557586 0
108.0131455689755 1.565250317608207 0
107.5194738663731 2.342970938111051 0
107.0232312272199 3.118904276964614 0
105.0013969667606 7.806667468852957 0
105.5094842291369 7.020042529824295 0
106.0167578429817 6.236301330369187 0
106.5222748236239 5.455963549296492 0
107.0251765626194 4.678322988829002 0
107.5251172577005 3.901886969469118 0
109.505987207503 0.7859671752109527 0
109.0132284607376 1.568360706400437 0
108.5199668718083 2.347505512104554 0
108.0242432666299 3.124768262353989 0
110.5057438297384 0.7874534790620196 0
106.0013410880902 7.819273130640916 0
106.5096864766476 7.031696441697484 0
107.0174615866113 6.246944621378319 0
107.5233816579152 5.465556524236042 0
108.0263046671144 4.686778506764789 0
108.5259072385183 3.90909929559362 0
110.0128647849456 1.571359364782996 0
109.519814381514 2.352021144131918 0
109.0245518126559 3.13071380112283 0
111.5054250368954 0.7887630725279955 0
111.0122657801563 1.574145889457412 0
107.0012852094198 7.831878792428874 0
107.5097756554928 7.043283901137606 0
108.0178710411943 6.257621553541668 0
108.5239590566969 5.475256171763 0
109.0267697521403 4.695365083558215 0
109.5260385303833 3.916381941148309 0
110.5191848946294 2.356366707715118 0
110.0242140835524 3.136604938395273 0
112.5052246226668 0.7900295272310522 0
112.0117787170022 1.576859830158725 0
111.5184851350957 2.360619413535339 0
108.0012293307493 7.844484454216825 0
108.5097282170778 7.055029974029019 0
109.0178558571154 6.26846329004848 0
109.5239406939311 5.485120973090858 0
110.0265774556021 4.704030836182675 0
110.5256253067469 3.923662290913676 0
111.0235308264634 3.142406787603136 0
113.5052233859607 0.7913645582745552 0
113.011592164275 1.579671585500908 0
112.5179708663943 2.364951803456961 0
112.0227740212108 3.148211831352533 0
109.0011734520789 7.857090116004777 0
109.5094345677662 7.066779222699303 0
110.0175444516255 6.279417099226187 0
110.5234961467942 5.49501047105629 0
111.0259471515248 4.712659106513946 0
111.5249031456747 3.930900287130505 0
114.5053084743529 0.7927425305937454 0
114.0115709247851 1.582566769327798 0
113.5176404089335 2.369404165985493 0
113.0221178740994 3.154124421513039 0
112.5240850927329 3.938146577301787 0
110.0011175734085 7.869695777792735 0
110.5092915676144 7.078724401257347 0
111.0171403106751 6.290366188452673 0
111.5228363553675 5.504849261309033 0
112.0250989576949 4.721236405947657 0
115.5049360123519 0.7942760810564558 0
115.0112724770713 1.585524612221462 0
114.5172917559829 2.373880214067697 0
114.0215376647635 3.160105977172456 0
113.5232867262404 3.945465758261228 0
113.0241903172461 4.729886573906299 0
111.001061694738 7.882301439580687 0
111.5092436420452 7.090678690851014 0
112.0167722624201 6.301378403503442 0
112.5220667695374 5.51471611482517 0
116.5045255372521 0.7955196041868327 0
116.0106455109608 1.588232926577067 0
115.516670752902 2.378163938414822 0
115.0208870612439 3.165989780944777 0
114.522526535641 3.952810830412069 0
114.0232992221981 4.738662616303188 0
113.521196362745 5.524717356953325 0
112.0010058160676 7.894907101368645 0
112.5090318667177 7.102535570186937 0
113.0161754388493 6.312386870048847 0
117.5041398706502 0.796467535713159 0
117.0099146162199 1.590558594050787 0
116.5158626903286 2.382060374260455 0
116.0201470083675 3.171565823898312 0
115.5218046024473 3.960011434208916 0
115.0224552282555 4.74741659581661 0
114.520264507697 5.534798248280786 0
114.0153821586999 6.323517547082901 0
113.0009499373973 7.907512763156603 0
113.5086170587301 7.11447389436379 0
118.5036502701146 0.7973480600868363 0
118.0093085942149 1.592658333452789 0
117.5151662852111 2.385632812185726 0
117.0194828964343 3.176785994398521 0
116.5211997870499 3.966929385014332 0
116.0217380798248 4.755933297592421 0
115.5194086104574 5.544738082739549 0
115.0144542115806 6.334574293999751 0
114.5079449985475 7.126388784364018 0
114.0008940587268 7.920118424944562 0
119.5024833812286 0.798573792585703 0
119.0089806281857 1.594970313706071 0
118.5149383912265 2.389225405754267 0
118.0192097071022 3.181840138288827 0
117.5209078761754 3.973570899977595 0
117.0212716517378 4.764115499727616 0
116.5187982002921 5.554381055266127 0
116.0137439366683 6.345468247970096 0
115.5073001284582 7.138200808104401 0
115.0008381800563 7.932724086732499 0
120.5038853372968 0.8000533365668723 0
120.0094687012767 1.597681562570042 0
119.5156432463668 2.39312174975133 0
119.02048872072 3.186864385173095 0
118.5212856646326 3.98008292593483 0
118.0212269555448 4.772054440996079 0
117.5185714278531 5.563752712969368 0
117.0134398386331 6.356159945510626 0
116.5070853174849 7.150053186469123 0
116.0007823013859 7.945329748520457 0
121.5045071779678 0.8015474772480928 0
122.5040821441902 0.8032508241380079 0
121.0104304470017 1.600549974964309 0
123.5040134057471 0.8038447183045641 0
124.5031423023398 0.8044884411488908 0
125.5036196249565 0.8058079155982405 0
120.516807171174 2.397275800977908 0
120.0212118558757 3.192364618841673 0
119.5224088201294 3.986682804579523 0
119.0218770124542 4.779975043749019 0
118.5187451114234 5.573013813545181 0
118.0133924270617 6.366693357168849 0
117.5070684617247 7.161795758212271 0
117.0007264227155 7.957935410308423 0
122.0107129968421 1.603313691991556 0
123.0098518224291 1.60542932339018 0
121.5176597471963 2.401397375227951 0
124.007213438418 1.606903549704811 0
125.0036946726776 1.6083712781043 0
126.0088031154062 1.613769688061637 0
126.5060044946302 0.8077719677987432 0
127.5028292396222 0.7928561902175701 0
121.0242419597265 3.197957506523558 0
120.5246663278599 3.993387275277904 0
120.0236135888611 4.788034821187743 0
119.5195864582263 5.582403180270028 0
119.0134951281532 6.37721706668993 0
118.5065274990957 7.172756264888882 0
118.0006705440451 7.970541072096381 0
122.5175258368033 2.404841171493125 0
123.514720926362 2.407331235327071 0
122.0249139067628 3.202788226659059 0
124.5069199665536 2.409827452060711 0
125.4919935085002 2.408474641900987 0
126.5069508423185 2.424068842452073 0
127.0137673080081 1.626983374913863 0
127.9955539594657 1.545879051318398 0
128.4655077610712 0.7408756029520802 0
129.313321515625 0.6592044169397866 0
121.5279841726066 3.999794170187208 0
121.0271336283616 4.796110128684482 0
120.5215491251137 5.591997511807257 0
120.0143657557331 6.388093565788488 0
119.5066326330878 7.184705775617097 0
119.0006146653747 7.983146733884332 0
123.0245527194111 3.206609759506868 0
124.0201050389553 3.208526007207034 0
122.5319735031837 4.00541973570472 0
124.9960674781176 3.205125502798076 0
125.9295249759274 3.18968508792917 0
126.8713054160474 3.205666802803336 0
127.5131453041101 2.465213728772099 0
127.5739345976565 3.137894650424371 0
128.3859953533648 2.285424194420798 0
129.1010998170537 1.539920355052843 0
122.0333647620663 4.803583559170093 0
121.5251904810873 5.601592951812279 0
121.0162573608331 6.399103698605707 0
120.5077076375317 7.197146474288715 0
120.0005587867042 7.995752395672298 0
123.5362693694246 4.010021017580449 0
124.5416606102273 4.012115712327606 0
123.0413599218731 4.809852404942816 0
125.4751863600424 3.986714257919616 0
126.2306279971514 3.872534230290441 0
126.9116994146108 4.201016219305998 0
127.6285743552222 3.75864823794425 0
128.2639273862653 3.080304681843984 0
129.1530292409697 2.595957953984012 0
122.5298308459036 5.610635050228218 0
122.0190760240486 6.410183566986753 0
121.5091369144977 7.209295675593552 0
121.0005029080338 8.008358057460249 0
124.049180084051 4.815170092095997 0
125.0629212425679 4.820014639570523 0
123.5347236074999 5.61874735647838 0
126.1026631836996 4.73487602185665 0
126.9409625441469 4.972292098791243 0
127.6773168661427 4.688137928884927 0
128.405582990179 4.109588050679278 0
129.1717324709279 3.573488693807207 0
123.0216530617063 6.420779778803187 0
122.5103620360124 7.221122440009772 0
122.0004470293634 8.020963719248215 0
124.5413298403853 5.624528406803968 0
125.5534788194718 5.619909497648848 0
124.0234091533028 6.431925870069406 0
126.5018224385801 5.66779687754984 0
127.5274210196571 5.653221974397901 0
128.4190087076058 5.126554175668353 0
129.2011404488765 4.587023768100075 0
123.510880673404 7.232904125987311 0
123.0003911506928 8.033569381036145 0
125.018050974257 6.441926225338776 0
125.9989552978639 6.451414500449289 0
124.5088764928115 7.244436758188449 0
126.9403233720209 6.460877499563274 0
127.7350143922067 6.535682036961433 0
128.4774988168969 6.121213203366239 0
129.2250930524074 5.600144751924795 0
124.0003352720225 8.046175042824117 0
125.5009072298795 7.255131017879883 0
126.4791489529742 7.262845884715077 0
125.000279393352 8.058780704612062 0
127.4375059533699 7.279614341302384 0
128.470269609665 7.237690908410563 0
129.2529183287974 6.598628368279442 0
126.0002235146816 8.07138636640002 0
127.0001676360112 8.083992028187971 0
128.0001117573409 8.096597689975944 0
129.0000558786704 8.109203351763888 0
129.3446487634266 7.434782905772728 0
2 2 0 711
21
34
35
36
55
56
57
58
82
83
84
85
108
109
110
111
134
135
136
137
160
161
162
163
186
187
188
189
212
213
214
215
238
239
240
241
264
265
266
267
290
291
292
293
316
317
318
319
342
343
344
345
368
369
370
371
394
395
396
397
420
421
422
423
446
447
448
449
472
473
474
475
498
499
500
501
524
525
526
527
550
551
552
553
576
577
578
579
602
603
604
605
628
629
630
631
654
655
656
657
680
681
682
683
706
707
708
709
732
733
734
735
758
759
760
761
784
785
786
787
810
811
812
813
836
837
838
839
862
863
864
865
888
889
890
891
914
915
916
917
940
941
942
943
966
967
968
969
992
993
994
995
1018
1019
1020
1021
1044
1045
1046
1047
1070
1071
1072
1073
1096
1097
1098
1099
1122
1123
1124
1125
1148
1149
1150
1151
1174
1175
1176
1177
1200
1201
1202
1203
1226
1227
1228
1229
1252
1253
1255
1256
1278
1279
1281
1282
1304
1305
1307
1308
1330
1331
1333
1334
1356
1357
1359
1360
1382
1383
1385
1386
1408
1409
1411
1412
1434
1435
1437
1438
1460
1461
1463
1464
1486
1487
1489
1490
1512
1513
1515
1516
1538
1539
1541
1542
1564
1566
1567
1568
1590
1592
1593
1594
1616
1618
1619
1620
1642
1644
1645
1646
1669
1670
1671
1672
1688
1696
1697
1698
1714
1715
1723
1724
1740
1741
1742
1750
1766
1767
1768
1769
1793
1794
1795
1796
1820
1821
1822
1823
1847
1848
1849
1850
1874
1875
1876
1877
1901
1902
1903
1904
1927
1928
1929
1930
1953
1954
1955
1956
1979
1980
1981
1982
2006
2007
2008
2009
2033
2034
2035
2036
2062
2063
2064
2065
2098
2100
2101
2102
2144
2145
2146
2147
2202
2208
2209
2210
2271
2272
2278
2279
2283
2317
2318
2343
2344
2345
2351
2355
2356
2358
2392
2393
2394
2420
2421
2422
2432
2433
2435
2436
2466
2468
2471
2472
2473
2501
2502
2511
2512
2513
2514
2517
2518
2519
2551
2552
2553
2555
2556
2557
2586
2594
2595
2596
2597
2598
2599
2600
2601
2602
2639
2640
2641
2642
2643
2644
2680
2681
2682
2683
2684
2716
2717
2719
2720
2721
2722
2723
2761
2762
2764
2796
2797
2798
2799
2800
2801
2802
2803
2841
2842
2873
2874
2875
2876
2877
2878
2879
2880
2881
2948
2949
2950
2951
2952
2953
2954
2956
3022
3023
3024
3025
3026
3027
3028
3029
3030
3032
3093
3094
3097
3098
3099
3100
3101
3103
3104
3164
3165
3166
3167
3168
3169
3170
3171
3172
3173
3174
3176
3230
3231
3232
3233
3234
3235
3236
3237
3238
3239
3240
3241
3242
3243
3254
3297
3298
3299
3300
3301
3302
3303
3304
3305
3306
3307
3308
3309
3310
3316
3317
3318
3319
3320
3321
3366
3367
3368
3369
3370
3371
3372
3373
3374
3375
3380
3381
3382
3383
3384
3385
3386
3426
3427
3428
3429
3430
3431
3432
3433
3434
3436
3440
3441
3442
3443
3444
3482
3483
3484
3485
3486
3487
3488
3489
3490
3491
3498
3499
3500
3525
3540
3541
3542
3543
3544
3545
3546
3547
3555
3556
3578
3579
3580
3582
3595
3596
3597
3598
3599
3606
3628
3629
3630
3631
3632
3633
3634
3635
3646
3647
3648
3649
3677
3678
3679
3680
3681
3682
3683
3684
3686
3687
3695
3723
3724
3725
3726
3727
3728
3729
3730
3731
3732
3766
3767
3768
3769
3770
3771
3772
3773
3774
3775
3806
3807
3808
3809
3810
3811
3812
3813
3814
3815
3816
3817
3818
3819
3820
3822
3846
3847
3848
3849
3850
3851
3852
3853
3854
3855
3856
3857
3858
3859
3860
3862
3886
3887
3888
3889
3890
3891
3892
3894
3895
3896
3897
3898
3899
3923
3924
3925
3926
3928
3929
3930
3931
3932
3958
3959
3960
3961
3962
3963
3987
3989
3990
3991
3992
4016
4018
4019
4020
4043
4045
4046
4068
4070
4071
4094
4095
4116
4120
4141
4143
4171
4200
4201
4231
4262
4293
4295
4324
4353
4357
4383
4407
4430
4451
4470
4487
4503
4516
4527
4537
4545
4552
4558
4563
4567
0.6873993764226043 19.29824632507778 0
0.6772562168181935 17.48039098470637 0
0.8681419690369978 18.38344244171 0
1.508896489183002 19.20286561103142 0
1.000012822690906 16.79607789527995 0
1.518126292363206 17.56738227302064 0
1.915597321381114 18.38605424698441 0
2.494671451330873 19.20104639696882 0
2.000025645381868 16.79561061516521 0
2.494192286959787 17.576642208864 0
2.959965595513808 18.38867741580219 0
3.487307450632528 19.18572854575367 0
3.000038468072773 16.79514333505047 0
3.488381438600697 17.58046741986311 0
3.984354268137537 18.38351581997528 0
4.490626772118816 19.18177987884002 0
4.000051290763707 16.79467605493573 0
4.491842433732245 17.58730115159711 0
4.987914902593559 18.38486452562488 0
5.491858304280186 19.18077886860683 0
5.000064113454641 16.79420877482099 0
5.493096685591155 17.58754908316137 0
5.990355315732018 18.3826336072806 0
6.492579689643406 19.17983342148867 0
6.000076936145604 16.79374149470625 0
6.493802796965895 17.58671512760323 0
6.991840545805047 18.38221077145047 0
7.49263476490782 19.17909383778105 0
7.000089758836566 16.79327421459151 0
7.494316363332928 17.58648143877444 0
7.993162863922493 18.38229294004773 0
8.491548058911576 19.17781552749529 0
8.000102581527557 16.79280693447679 0
8.495531447321667 17.58652709419886 0
8.993106003256088 18.38162897058623 0
9.491559825959143 19.17737850383907 0
9.000115404218491 16.79233965436204 0
9.495637415005064 17.58603198616439 0
9.991953242746348 18.38024530285242 0
10.49021019972483 19.17597369550265 0
10.00012822690942 16.7918723742473 0
10.49549572670887 17.5854838162484 0
10.99232426992367 18.38029300401079 0
11.49014185541287 19.17585882490064 0
11.00014104960036 16.79140509413256 0
11.49521636728525 17.58500153378696 0
11.99092822766374 18.37919485077371 0
12.48812152491809 19.17445170735986 0
12.00015387229126 16.79093781401782 0
12.49490404611097 17.58469658193845 0
12.99130290226228 18.37940862985707 0
13.48837756018989 19.17469725116712 0
13.00016669498228 16.7904705339031 0
13.49453155322476 17.58429452865402 0
13.99095450146606 18.37911685924934 0
14.48854721861042 19.17458186458859 0
14.00017951767316 16.79000325378834 0
14.49440098795563 17.58389571755473 0
14.98962412148521 18.37831809420822 0
15.48831175189443 19.17413473750671 0
15.00019234036409 16.78953597367361 0
15.49459980820438 17.58358911767303 0
15.99000901755821 18.37809875744436 0
16.48743228567218 19.17342093156748 0
16.00020516305509 16.78906869355887 0
16.49465603028213 17.58320601809766 0
16.98997573885453 18.37770410711204 0
17.48723238671269 19.1728689895462 0
17.00021798574596 16.78860141344412 0
17.49462257353844 17.58273587746916 0
17.98950254921067 18.37705902845326 0
18.48595073137741 19.17191372417309 0
18.0002308084369 16.78813413332939 0
18.49437619274843 17.58217692499854 0
18.98958967113063 18.37667452675149 0
19.48560445110684 19.17140343761401 0
19.00024363112789 16.78766685321466 0
19.49397824317194 17.58165835346565 0
19.98812585916872 18.37583569180438 0
20.48359144351787 19.17048463028978 0
20.00025645381882 16.78719957309992 0
20.49363349354849 17.58123917730671 0
20.98811715599643 18.3755766694257 0
21.48309869977373 19.17017628201123 0
21.00026927650973 16.78673229298517 0
21.49295995617732 17.58077180682822 0
21.98729348379254 18.3749524283139 0
22.4827544998285 19.16940673318116 0
22.00028209920072 16.78626501287044 0
22.49248693406534 17.5800837121125 0
22.9854395571092 18.3738553884352 0
23.48145212885211 19.16804961718833 0
23.00029492189168 16.78579773275571 0
23.49236178734546 17.57915094880739 0
23.98563059630624 18.372461228444 0
24.47849605387177 19.1645808233737 0
24.00030774458259 16.78533045264096 0
24.49201256021638 17.57820159865003 0
24.98439137895016 18.37098602514291 0
25.47891695520676 19.16492429387952 0
25.00032056727355 16.78486317252623 0
25.49170341507678 17.57760482121168 0
25.98372064205091 18.37074724921865 0
26.47871187595752 19.16534428653754 0
26.00033338996445 16.78439589241149 0
26.49096587732274 17.57717531115281 0
26.9838459097513 18.37080192874703 0
27.47844741115318 19.16511025088241 0
27.00034621265542 16.78392861229675 0
27.49021276380395 17.57666485337052 0
27.9810168882195 18.36976962132019 0
28.47556588111911 19.16390451484575 0
28.00035903534638 16.78346133218201 0
28.48929614833483 17.5759657836769 0
28.98128762664351 18.36943434445791 0
29.47567161853974 19.16346530244553 0
29.00037185803728 16.78299405206727 0
29.48840433260725 17.57535403149563 0
29.97777089104042 18.36814681296347 0
30.47230943548902 19.16229967277403 0
30.00038468072819 16.78252677195253 0
30.48729829382845 17.57493760206921 0
30.97844679434959 18.36831277498263 0
31.47262767290715 19.16234411667717 0
31.00039750341921 16.7820594918378 0
31.48635044110836 17.57454724873678 0
31.97432403172428 18.3676011966751 0
32.46846327238976 19.16167782766529 0
32.00041032611011 16.78159221172307 0
32.48547048722631 17.57404072215896 0
32.97602892402176 18.36694896008635 0
33.47000365059151 19.1609243042812 0
33.0004231488011 16.78112493160832 0
33.4855194593105 17.57306996598926 0
33.97277377349553 18.36440825226646 0
34.47266654190534 19.15981727102994 0
34.00043597149204 16.78065765149358 0
34.48567576545932 17.57153083848251 0
34.97639951188509 18.363877032175 0
35.47373137947716 19.15914835783419 0
35.00044879418292 16.78019037137884 0
35.48816568867451 17.57165137953724 0
35.97855025137343 18.36393700168602 0
36.47352550117557 19.15838843822735 0
36.00046161687388 16.7797230912641 0
36.48890732788456 17.57134346258253 0
36.9793092110003 18.36374573652039 0
37.47181583172528 19.15713584500379 0
37.00047443956484 16.77925581114937 0
37.4887918685728 17.57081015882734 0
37.9795202578683 18.36342688894215 0
38.47215365334114 19.15688985782407 0
38.00048726225575 16.77878853103463 0
38.4884366667068 17.57026898244384 0
38.97749027796308 18.36213864905804 0
39.47001716534484 19.15545169052933 0
39.00050008494671 16.77832125091989 0
39.48781217011683 17.56948928146841 0
39.97777548485297 18.36196639440391 0
40.46990374841769 19.15522945864706 0
40.00051290763764 16.77785397080515 0
40.4868172550556 17.56886840734288 0
40.97461229221963 18.3606208793777 0
41.46720967185604 19.15404730141878 0
41.0005257303286 16.77738669069042 0
41.48612550351038 17.56863918873856 0
41.97544751890766 18.36109963304778 0
42.46769192294713 19.15442835076828 0
42.00053855301957 16.77691941057567 0
42.48464206909543 17.5682508107176 0
42.97240365381728 18.36061126726579 0
43.4660130338724 19.15402919646273 0
43.0005513757105 16.77645213046094 0
43.4847455439326 17.56794179793444 0
43.9736554407703 18.36026536535492 0
44.46525531082827 19.15315312097042 0
44.00056419840143 16.77598485034621 0
44.48562173962395 17.56740866466896 0
44.97460176015579 18.35960285739441 0
45.4660380802286 19.15228600006591 0
45.0005770210924 16.77551757023147 0
45.48543615972383 17.56660708461362 0
45.9719765185155 18.35796105939082 0
46.46364436246733 19.15065102147417 0
46.0005898437833 16.77505029011672 0
46.48510778703223 17.56574973502126 0
46.9731622465998 18.35749414344798 0
47.4645466392127 19.15028324872853 0
47.00060266647426 16.77458301000199 0
47.48397811050549 17.56466080171587 0
47.9697200618655 18.35565899435721 0
48.46420504690676 19.14967469982426 0
48.00061548916523 16.77411572988725 0
48.48422161992585 17.56425358209601 0
49.46248158236446 19.14860954668004 0
48.97128528903886 18.35570915513771 0
49.00062831185622 16.77364844977251 0
49.48461059600515 17.56399361989416 0
50.46329881578811 19.14852027158908 0
49.97261693765827 18.35586818493432 0
50.00064113454712 16.77318116965778 0
50.48449618181345 17.56364257692035 0
51.46311414622915 19.14813075991756 0
50.96952916093969 18.3547339393846 0
51.00065395723811 16.77271388954305 0
51.4849019522895 17.56344090532779 0
52.46081386351997 19.14716943996748 0
51.97074260820025 18.35472094035304 0
52.00066677992899 16.77224660942831 0
52.48461554729761 17.56295008871189 0
53.46158002512558 19.14679897503645 0
52.97180398421003 18.3545515077275 0
53.00067960261993 16.77177932931356 0
53.48339111518732 17.56208272946161 0
54.45965441086994 19.14587836599512 0
53.96968074592942 18.35358687283448 0
54.00069242531086 16.77131204919882 0
54.48415422833332 17.56202244758578 0
55.46064547082526 19.14575838847463 0
54.97107288510037 18.35365703378584 0
55.00070524800179 16.77084476908409 0
55.48291988879456 17.5615347957544 0
56.45876068029543 19.14523943788743 0
55.96938256584963 18.35316133207061 0
56.0007180706927 16.77037748896935 0
56.48290733941803 17.56129587652313 0
57.45941987304121 19.14466150877052 0
56.9702892928251 18.35285993106899 0
57.00073089338372 16.76991020885462 0
57.4828669568949 17.56075627674043 0
58.45725818726368 19.1436277656756 0
57.96839834145175 18.35204515442185 0
58.00074371607468 16.76944292873988 0
58.48324462935949 17.56017875324404 0
59.457767574792 19.14292346103944 0
58.96927750532575 18.35139796972738 0
59.00075653876559 16.76897564862513 0
59.48222544987948 17.55935351103594 0
60.45555026784274 19.1418091488739 0
59.96677084920827 18.35025917294737 0
60.00076936145655 16.7685083685104 0
61.45629374440341 19.14127150265645 0
60.48235992229775 17.5588250830751 0
60.96786146006872 18.34974300195727 0
61.00078218414745 16.76804108839566 0
62.45540852468952 19.14026118473279 0
61.96524478743095 18.34846865940029 0
61.48094918922919 17.55782444479055 0
62.00079500683842 16.76757380828091 0
63.45223851016658 19.13857870764264 0
62.96692571351269 18.34797996236037 0
62.48165830282881 17.55720858291517 0
63.00080782952938 16.76710652816618 0
64.45375238662484 19.13824440986079 0
63.96575873796689 18.34690162002783 0
63.48124541799359 17.55646101944353 0
65.45178550588508 19.13674926045294 0
64.00082065222034 16.76663924805145 0
64.96383508971883 18.34552661907263 0
64.47969972216748 17.55548115104934 0
65.96639702650305 18.34435332934464 0
66.45367328436043 19.1340899607009 0
65.00083347491125 16.76617196793671 0
65.48106263802623 17.55503895861747 0
66.4814799708804 17.55363020763238 0
66.96666631241123 18.34110750083635 0
67.45369174924122 19.12765642376477 0
66.00084629760215 16.76570468782197 0
67.00085912029311 16.76523740770723 0
67.48204936494403 17.55128326152601 0
67.96717243574238 18.33609108359142 0
68.45342684174801 19.11863143754446 0
68.00087194298413 16.7647701275925 0
68.48230914610554 17.54818266669164 0
68.96719849570837 18.32988822984893 0
69.45321398552238 19.10886909404429 0
69.00088476567504 16.76430284747776 0
69.48252754516903 17.5447184508317 0
69.96721558648159 18.32323929313946 0
70.45282906463564 19.09900656627942 0
70.00089758836594 16.76383556736302 0
70.48266779677579 17.54118472137316 0
70.96712066232448 18.3165445450671 0
71.45251467147472 19.08921327039883 0
71.00091041105685 16.76336828724828 0
71.48268805939603 17.53762503841975 0
71.96690356323086 18.30983289038758 0
72.451996366625 19.0793667943988 0
72.00092323374776 16.76290100713353 0
72.48253073624596 17.53400508989776 0
72.96650968407704 18.30306655904897 0
73.45111588161518 19.06936845001974 0
73.00093605643872 16.7624337270188 0
73.48216131138321 17.53028079965602 0
73.96584214902913 18.29616827864331 0
74.45019636596402 19.05931806944053 0
74.00094887912968 16.76196644690405 0
74.48175897886006 17.52651527834187 0
74.9651545149145 18.28922905975434 0
75.44927776751291 19.0492327788246 0
75.00096170182064 16.76149916678932 0
75.48136776339004 17.52273698195125 0
75.96450332763339 18.28228378374872 0
76.44843280449805 19.03917666509572 0
76.00097452451155 16.76103188667458 0
76.48105420281644 17.51899502863455 0
76.96390853527379 18.27536490868871 0
77.44758960802318 19.02912709017209 0
77.00098734720251 16.76056460655985 0
77.48083745511809 17.51530516196309 0
77.96348900705817 18.26853511077538 0
78.44717657504293 19.01929591369034 0
78.00100016989347 16.76009732644511 0
78.48056706012864 17.51158483025773 0
78.96302705960881 18.26168726226863 0
79.44625965677386 19.00921303062861 0
79.00101299258438 16.75963004633037 0
79.48023068663394 17.50782455191257 0
79.96243342442739 18.25477688560208 0
80.44547131576394 18.99918774640827 0
80.00102581527534 16.75916276621563 0
81.44473080543145 18.98921550784576 0
80.48003069803025 17.50414782547394 0
80.96196433164641 18.24794926126679 0
82.44459218628566 18.97967582506006 0
81.0010386379663 16.7586954861009 0
81.96175145880437 18.24133482977506 0
81.48007256659116 17.50063532547919 0
83.44361331950171 18.96991563663173 0
82.96137262893888 18.23483087706276 0
82.00105146065721 16.75822820598616 0
82.48006598970045 17.49715283223378 0
90.98350918074703 19.48886652854917 0
91.24000000000001 19.48999999999999 0
91.09471845942312 19.40540034048873 0
84.44124732452309 18.95997075906029 0
83.96014709286811 18.22828668186686 0
83.479903080496 17.49387750052352 0
83.00106428334817 16.75776092587142 0
90.81266906939817 19.46501532635588 0
90.93525247715957 19.36220821939096 0
85.43656942949974 18.95064809237939 0
91.37268482870991 19.35731517129011 0
91.20011592099968 19.27886457797811 0
90.99891763872068 19.21563149557822 0
84.9571479844758 18.22174835267677 0
84.4795028932694 17.49075906961061 0
84.00107710603913 16.75729364575668 0
90.58130122084458 19.40296172252673 0
90.7703790342357 19.23552906501559 0
86.4288431908837 18.94133499863525 0
85.94713876876273 18.21392395119551 0
91.54284206517809 19.18715793482195 0
91.7427574111573 18.98724258884273 0
91.34588366765831 19.12051516886703 0
91.10353340830295 19.05283977967174 0
90.91607047747596 19.06035129714083 0
85.47946173360987 17.48779316876541 0
85.0010899287301 16.75682636564194 0
90.24138147244599 19.31954120342981 0
89.7924865636773 19.21304301910421 0
90.47380316597713 19.07869395476227 0
90.71454286059492 18.9377896937411 0
87.42559395670395 18.93659312942387 0
86.91019540983172 18.20473319089557 0
86.4712450952 17.47766559457079 0
91.51537701289999 18.93488370513344 0
91.9495455638471 18.78045443615292 0
91.68863248256667 18.72616081867127 0
92.15636370923136 18.57363629076861 0
91.2403075016872 18.84585085975334 0
90.97125185575283 18.84519396906768 0
86.001102751421 16.7563590855272 0
89.20761530687849 19.05807470637476 0
90.08172627396152 18.88725801802809 0
89.65926620039153 18.75854404194455 0
90.45348813378013 18.68908402583228 0
90.77902529083076 18.66641481065726 0
88.38764344552652 18.80280740598828 0
87.70609493447694 18.21854540490333 0
87.48885055933204 17.44742469953317 0
87.00111557411196 16.75589180541247 0
91.41455788391278 18.6223252086752 0
91.8846004215647 18.53700870557833 0
91.65415349374359 18.49839481380454 0
92.36318185461568 18.36681814538431 0
92.07344641322976 18.33437892963966 0
91.09124154663988 18.49934790237597 0
89.22321619183424 18.3411305907729 0
90.01319163307096 18.29026946610581 0
90.66090951388691 18.27919485037589 0
88.47253119507519 17.69147259483379 0
88.00112839680287 16.75542452529773 0
92.56999999999999 18.16 0
92.82000000000016 18.16 0
91.44819352589133 18.2681491953897 0
91.78526492800614 18.27041153388494 0
92.27131108245266 18.1296602604875 0
92.01221645204578 18.09697689448404 0
91.12444525451701 17.96830642271264 0
89.49964361805974 17.52001829215815 0
90.51728352914529 17.56096862130804 0
89.00114121949383 16.75495724518299 0
93.32000000000005 18.16 0
92.43798239473659 17.95955451520163 0
92.67985190224204 17.92691331552839 0
92.94026434119149 17.90606000965883 0
93.19811058088055 17.90140640349614 0
91.70700143949716 17.87587821671018 0
92.15626326795859 17.83783335164045 0
91.34595041090768 17.36046676321047 0
90.00048029157506 16.75449027989447 0
90.97636398199944 16.75403427469885 0
93.56999999999999 18.16 0
93.86545454545455 18.16 0
93.46926703018414 17.89393027675865 0
92.49160805124831 17.68018747798291 0
92.79695128316587 17.68792755424384 0
93.07334236157237 17.59851247168547 0
93.31306144558584 17.69022870993215 0
92.08019978349091 17.33586159004362 0
91.75681381184398 16.75366959068906 0
94.16090909090912 18.16 0
94.45636363636368 18.16 0
93.72882223186576 17.87682848234344 0
94.00684094778558 17.9030023179649 0
93.56889968938231 17.57856064019897 0
92.7497409702587 17.30395980137627 0
93.2477331347061 17.31724391218846 0
92.44106311313527 16.75334985869686 0
94.75181818181824 18.16 0
95.0472727272728 18.16 0
95.34272727272736 18.16 0
94.31904032607775 17.91897555868877 0
94.63756159511377 17.92983448191902 0
93.88619256581643 17.58877588201693 0
94.17499769130552 17.71547085072556 0
93.69892522432713 17.27496333451032 0
93.46626923858196 17.05286693010243 0
93.11395914520398 16.75303543179358 0
95.63818181818192 18.16 0
95.93363636363648 18.16 0
94.94966722538277 17.92696904702641 0
95.21997371078288 17.92411583128386 0
95.49867134015665 17.94119592470254 0
94.47756899498893 17.64554570152318 0
94.80957861109755 17.71522721197049 0
94.19233100020841 17.2852750805539 0
93.78649820026794 16.75272117169644 0
96.22909090909104 18.16 0
96.5245454545456 18.16 0
96.82000000000016 18.16 0
95.78590909090923 17.92076048220454 0
96.07118177290573 17.92127676788728 0
97.11545454545472 18.16 0
97.41090909090929 18.16 0
95.08949582904779 17.63198760925258 0
95.39200787011004 17.72454240672167 0
95.62288239800569 17.71762133608438 0
94.84246802621493 17.26705135122371 0
94.47966629853818 16.7523972721812 0
97.70636363636385 18.16 0
98.29727272727297 18.16 0
98.00181818181841 18.16 0
98.59272727272753 18.16 0
98.88818181818209 18.16 0
96.37884028737164 17.92186984707783 0
96.68367593983169 17.92981712643137 0
96.97145808459794 17.94456566158704 0
95.91010137429515 17.64283476542601 0
96.2280406503175 17.68353453303344 0
97.25352358520661 17.92834121930821 0
97.55215345698474 17.92470012421867 0
95.52443347371775 17.34462693121193 0
95.19626946332102 16.75206242206581 0
100.42 18.50999999999999 0
99.18363636363665 18.16 0
99.47909090909121 18.16 0
97.86476349117652 17.9354217819709 0
98.44021811618666 17.93694306827723 0
98.15887115376415 17.92714040270604 0
98.72262118593403 17.91953105096118 0
99.00894030235997 17.91123203954121 0
96.55818872334805 17.64588458452008 0
96.856755370364 17.72583971627095 0
97.08659250636981 17.72015704373975 0
96.22816085991531 17.26918854213446 0
97.37780780384458 17.64596303921159 0
97.70211744612516 17.71242782745398 0
95.91408194406847 16.75172700686838 0
100.7125925925927 18.51000000000001 0
100.2450000000001 18.33500000000002 0
100.417189298179 18.26301251265811 0
99.77454545454577 18.16 0
100.07 18.16 0
100.6187463227734 18.29426304985357 0
99.31716774086516 17.91011307274803 0
99.6168565106442 17.91411092523824 0
98.02849954670131 17.64577949327037 0
98.55160893172012 17.71451693925346 0
98.31941590501862 17.71714945231317 0
98.85454404511751 17.63218590592034 0
99.14675960948125 17.68415831328696 0
96.97365923228847 17.34505774217251 0
96.63200746977293 16.75139153884795 0
97.69880059609278 17.24509427837642 0
101.0051851851853 18.51000000000001 0
100.8522399508996 18.26191512408275 0
100.3037123912581 18.10987692228573 0
100.495668522025 18.10578366841638 0
99.91550683349016 17.92273668227497 0
100.1639362768023 17.94322074321484 0
100.7035437137757 18.01153745971158 0
101.2977777777779 18.51000000000001 0
101.5903703703705 18.51000000000001 0
102.1755555555557 18.51000000000001 0
101.8829629629631 18.51000000000001 0
99.46930542893756 17.61984778320446 0
99.7699653460395 17.69775820594706 0
98.42702868803065 17.33744321680177 0
99.11094639062696 17.24221153970927 0
97.35003855887919 16.75105602150048 0
98.06816412649187 16.75072046000565 0
101.1426428847874 18.23146228668664 0
100.9307270002056 18.01422803666583 0
100.4304802505422 17.85224460942498 0
100.0977374129089 17.66133021924965 0
100.7718158486292 17.74441680267446 0
102.4681481481483 18.51000000000001 0
102.7607407407409 18.51000000000001 0
103.0533333333335 18.51000000000001 0
101.4430334404292 18.17936066758661 0
102.3608595232542 18.22607106760334 0
101.7505572611484 18.19532995143729 0
102.0657334179346 18.21823209677932 0
99.78862900888407 17.27686322613258 0
98.78608194934509 16.75038499558459 0
99.4917567397539 16.75005525201575 0
101.1833926029359 17.82180851017378 0
100.436867801222 17.34094045373924 0
100.9331953857743 17.41958125248831 0
103.3459259259261 18.51000000000001 0
102.6515359412674 18.20914963385681 0
102.9257388586996 18.20175503853523 0
103.2215300220237 18.20681428458827 0
102.5198847534663 17.99333147331466 0
101.6162659815991 17.7973581172137 0
102.2886421649341 17.91449637908223 0
101.9365753725858 17.9534089961021 0
100.1791413085729 16.75782227663713 0
101.3785473591628 17.25425033206965 0
100.8537099821207 16.76709354669914 0
103.6385185185187 18.51000000000001 0
103.9311111111112 18.51000000000001 0
103.5293587522128 18.19584434074984 0
104.2237037037038 18.51000000000001 0
103.3819223933223 17.95713002278391 0
102.7749490926909 17.90813970729754 0
103.0929008686477 17.86615630546063 0
102.5301255117399 17.6506768797114 0
102.0318193418975 17.42419492486193 0
101.6037543588424 16.7774021546256 0
103.8121911704075 18.19650572013736 0
104.0812007568122 18.30577747021211 0
103.6678492768359 17.87223415566845 0
104.5162962962964 18.51000000000001 0
104.3543503805117 18.21829241659234 0
104.808888888889 18.51000000000001 0
105.1014814814816 18.51000000000001 0
105.3940740740742 18.51000000000001 0
103.3878399921065 17.55502783544167 0
102.9331012285639 17.51779346301541 0
102.5960789515586 17.24131549874831 0
102.4142540597541 16.78854166036756 0
105.6866666666668 18.51000000000001 0
104.1025627086232 17.90501935779883 0
103.8367670992589 17.32321204295608 0
104.6612166468435 18.21709615018452 0
104.4874817969289 17.96359874253815 0
104.9708668380883 18.2202078733013 0
105.2941757010645 18.21991603250531 0
105.5754022415249 18.23236149626055 0
105.9792592592594 18.51000000000001 0
106.271851851852 18.51000000000001 0
103.2215528819596 16.79963717324106 0
105.8785312117803 18.22631482886963 0
104.0255301710478 16.81068703497219 0
104.4780984796071 17.45551495648727 0
104.8294156803462 17.88047786867533 0
105.159267778069 17.98744267528076 0
105.4661299312389 17.92230005560972 0
105.7328358643248 18.00563806057866 0
106.5644444444446 18.51000000000001 0
106.1503318467316 18.21903745177451 0
106.4419972779037 18.21777644148481 0
106.8570370370372 18.51000000000001 0
107.1496296296298 18.51000000000001 0
105.9908439471286 17.92571140107574 0
104.826199592883 16.82169143338457 0
105.2414404503989 17.48110834780292 0
105.7381713098679 17.68239468362123 0
106.757010115089 18.20051517358883 0
106.3043026070877 17.89441698335747 0
106.5968088235608 17.96795149885181 0
107.4422222222224 18.51000000000001 0
107.734814814815 18.51000000000001 0
108.0274074074076 18.51000000000001 0
108.32 18.50999999999999 0
107.0385555764694 18.18893711588672 0
107.3181362595877 18.19532634380673 0
106.1408908429789 17.52646639825291 0
105.623574757341 16.83265055553226 0
105.8149698095644 17.26755439810655 0
106.8874690876522 17.84290420195057 0
106.5792602176651 17.54294303772407 0
107.6035911710645 18.20198483508781 0
108.909777777778 19.0997777777778 0
108.7131851851854 18.9031851851852 0
108.5165925925927 18.7065925925926 0
109.0848888888889 19.27488888888885 0
108.5884543256391 18.43491464781609 0
107.8703960177325 18.21095997416646 0
108.1173571543018 18.22068054974188 0
108.4052238595322 18.23464307210602 0
107.1917732625532 17.84321255220482 0
107.4789050829639 17.91474083172788 0
106.4176692311419 16.84356458787628 0
107.1058353030584 17.45580606949487 0
106.839681457565 17.20445364197199 0
107.7770726290657 17.87088186082575 0
108.6290228403199 18.18509181406166 0
109.120069406168 18.99094346626724 0
108.9641932476347 18.80477344627587 0
108.7811554174615 18.60716390526306 0
109.2835331183707 19.15630549527219 0
109.4523327741614 19.25733088543566 0
108.8569735441349 18.30296672366438 0
108.0340112997359 17.88142753277807 0
108.2638408033934 18.02674951671808 0
108.5126680335385 18.03042190429835 0
107.50054572977 17.44789053211409 0
107.2084964991759 16.85443371575288 0
107.9204336166096 17.58987984667113 0
108.782055599967 17.92135728400443 0
109.3252262218912 18.92008468636559 0
109.2120625992714 18.71719685272102 0
109.0475336095823 18.49055083604424 0
109.5170369801368 19.02226819125978 0
109.6768873332132 19.2124848997119 0
109.0830759406907 18.15709456328866 0
108.3923615990989 17.59447873800723 0
107.9955198112896 16.8652505620694 0
108.853072109235 17.56474802716926 0
109.0325655411238 17.8289427395115 0
109.9827800185314 19.11985003372948 0
109.4934288400196 18.71370941584468 0
109.3219242703325 18.38311926552848 0
109.7986915813468 18.87902170306564 0
109.3802309883984 17.97057726160856 0
108.7772915190226 16.87599523034923 0
109.2529402725741 17.43532753262556 0
110.4723613061896 18.99279439848092 0
110.1418826901933 18.7408954026351 0
109.8850200721237 18.31892900240467 0
109.677652687985 17.63918708683831 0
110.9402765559934 18.91138769049014 0
109.6233650128819 16.8876236622072 0
110.562728861767 18.38851786649963 0
110.2467070939468 17.5834779753456 0
111.1419432726869 18.42823667164772 0
111.5252376421735 18.79466497251075 0
110.5691330472152 16.90062229556531 0
111.1109110412352 17.74390392449322 0
111.5898375009846 18.26862614552349 0
112.1826940044125 18.5119433798365 0
111.568967870752 16.91436402273099 0
112.1030356720607 17.71399901249087 0
112.9854203447091 18.21072190770573 0
112.5688863660428 16.92810689988104 0
113.0579824988893 17.51867915177435 0
113.9166564868183 17.81619253669845 0
113.5688048613336 16.94184977703109 0
115.0309716447384 17.60567622310813 0
114.5687233566244 16.95559265418113 0
115.8203069147935 17.50044868544355 0
115.5686418519153 16.96933553133119 0
116.4897687157968 16.98199549650788 0
117.2695680674655 16.9927130567312 0
117.9439674733334 17.00198200037866 0
118.553815114825 17.01036374474756 0
119.1322040785844 17.01831312113307 0
119.7088960817811 17.02623917449708 0
120.2809458330346 17.0341014247627 0
120.8470850057152 17.04188244005207 0
121.4073746738601 17.04958305976659 0
121.9618753029644 17.05720411494389 0
122.5106466518301 17.06474642690874 0
123.0537479986909 17.07221081038109 0
123.5912378291902 17.07959806918743 0
124.1231742289789 17.08690900165679 0
124.6496144755575 17.09414439501098 0
125.1706154441255 17.10130503094262 0
125.6862332595992 17.10839168083239 0
126.1965236077504 17.11540511002539 0
126.7015414743872 17.12234607424642 0
127.2013413896693 17.12921532295786 0
127.6959733437771 17.13601354322464 0
128.1854450392981 17.14274084091105 0
128.6698214233318 17.14939810864986 0
129.1490827686854 17.15598507531063 0
129.6108630795165 17.16233178267925 0
2 3 0 1445
54
65
66
79
80
81
87
88
89
90
91
92
104
105
106
107
113
114
115
116
117
118
130
131
132
133
139
140
141
142
143
155
156
157
158
159
165
166
167
168
169
181
182
183
184
185
191
192
193
194
206
207
208
209
210
211
217
218
219
220
232
233
234
235
236
237
243
244
245
246
258
259
260
261
262
263
269
270
271
272
284
285
286
287
288
289
295
296
297
298
310
311
312
313
314
315
321
322
323
324
336
337
338
339
340
341
347
348
349
350
362
363
364
365
366
367
373
374
375
376
388
389
390
391
392
393
399
400
401
402
414
415
416
417
418
419
425
426
427
428
440
441
442
443
444
445
451
452
453
454
466
467
468
469
470
471
477
478
479
480
492
493
494
495
496
497
503
504
505
506
518
519
520
521
522
523
529
530
531
532
544
545
546
547
548
549
555
556
557
558
570
571
572
573
574
575
581
582
583
584
596
597
598
599
600
601
607
608
609
610
622
623
624
625
626
627
633
634
635
636
648
649
650
651
652
653
659
660
661
662
674
675
676
677
678
679
685
686
687
688
700
701
702
703
704
705
711
712
713
714
726
727
728
729
730
731
737
738
739
740
752
753
754
755
756
757
763
764
765
766
778
779
780
781
782
783
789
790
791
792
804
805
806
807
808
809
815
816
817
818
830
831
832
833
834
835
841
842
843
844
856
857
858
859
860
861
867
868
869
870
882
883
884
885
886
887
893
894
895
896
908
909
910
911
912
913
919
920
921
922
934
935
936
937
938
939
945
946
947
948
960
961
962
963
964
965
971
972
973
974
986
987
988
989
990
991
997
998
999
1000
1012
1013
1014
1015
1016
1017
1023
1024
1025
1026
1038
1039
1040
1041
1042
1043
1049
1050
1051
1052
1064
1065
1066
1067
1068
1069
1075
1076
1077
1078
1090
1091
1092
1093
1094
1095
1101
1102
1103
1104
1116
1117
1118
1119
1120
1121
1127
1128
1129
1130
1142
1143
1144
1145
1146
1147
1153
1154
1155
1156
1168
1169
1170
1171
1172
1173
1179
1180
1181
1182
1194
1195
1196
1197
1198
1199
1205
1206
1207
1208
1220
1221
1222
1223
1224
1225
1231
1232
1233
1234
1246
1247
1248
1249
1250
1251
1257
1258
1259
1260
1272
1273
1274
1275
1276
1277
1283
1284
1285
1286
1298
1299
1300
1301
1302
1303
1309
1310
1311
1312
1324
1325
1326
1327
1328
1329
1335
1336
1337
1338
1350
1351
1352
1353
1354
1355
1361
1362
1363
1364
1376
1377
1378
1379
1380
1381
1387
1388
1389
1390
1402
1403
1404
1405
1406
1407
1413
1414
1415
1416
1428
1429
1430
1431
1432
1433
1439
1440
1441
1442
1454
1455
1456
1457
1458
1459
1465
1466
1467
1468
1480
1481
1482
1483
1484
1485
1491
1492
1493
1494
1506
1507
1508
1509
1510
1511
1517
1518
1519
1520
1532
1533
1534
1535
1536
1537
1543
1544
1545
1546
1558
1559
1560
1561
1562
1563
1569
1570
1571
1572
1584
1585
1586
1587
1588
1589
1595
1596
1597
1598
1610
1611
1612
1613
1614
1615
1621
1622
1623
1624
1636
1637
1638
1639
1640
1641
1647
1648
1649
1650
1663
1664
1665
1666
1667
1668
1673
1674
1675
1676
1690
1691
1692
1693
1694
1695
1699
1700
1701
1702
1717
1718
1719
1720
1721
1722
1725
1726
1727
1728
1744
1745
1746
1747
1748
1749
1751
1752
1753
1754
1771
1772
1773
1774
1775
1776
1777
1778
1779
1780
1792
1798
1799
1800
1801
1802
1803
1804
1805
1806
1818
1819
1825
1826
1827
1828
1829
1830
1831
1832
1844
1845
1846
1852
1853
1854
1855
1856
1857
1858
1870
1871
1872
1873
1879
1880
1881
1882
1883
1884
1896
1897
1898
1899
1900
1906
1907
1908
1909
1910
1922
1923
1924
1925
1926
1932
1933
1934
1935
1936
1948
1949
1950
1951
1952
1958
1959
1960
1961
1962
1974
1975
1976
1977
1978
1984
1985
1986
1987
1988
1989
2001
2002
2003
2004
2005
2011
2012
2013
2014
2015
2016
2028
2029
2030
2031
2032
2038
2039
2042
2043
2044
2045
2057
2058
2059
2060
2061
2067
2068
2078
2079
2080
2081
2093
2094
2095
2096
2097
2103
2104
2123
2124
2125
2126
2139
2140
2141
2142
2143
2148
2149
2185
2186
2187
2188
2203
2204
2205
2206
2207
2211
2212
2252
2253
2254
2255
2273
2274
2275
2276
2277
2280
2281
2325
2326
2327
2328
2346
2347
2348
2349
2350
2352
2353
2401
2402
2403
2404
2423
2424
2425
2426
2427
2428
2429
2480
2481
2482
2483
2503
2504
2505
2506
2507
2508
2509
2563
2564
2565
2566
2587
2588
2589
2590
2591
2592
2593
2650
2651
2652
2653
2673
2674
2675
2676
2677
2678
2679
2685
2730
2731
2732
2733
2755
2756
2757
2758
2759
2760
2763
2765
2810
2811
2812
2813
2836
2837
2838
2839
2840
2843
2844
2845
2887
2888
2889
2890
2913
2914
2915
2916
2917
2918
2919
2920
2921
2955
2963
2964
2965
2966
2991
2992
2993
2994
2995
2996
2997
2998
2999
3031
3033
3040
3041
3042
3043
3068
3069
3070
3071
3072
3073
3074
3102
3105
3106
3107
3115
3116
3117
3118
3144
3145
3146
3147
3148
3175
3177
3178
3179
3187
3188
3189
3190
3216
3217
3218
3219
3220
3244
3245
3246
3247
3255
3256
3257
3258
3286
3287
3288
3289
3311
3312
3313
3314
3322
3323
3324
3325
3355
3356
3357
3358
3376
3377
3378
3379
3387
3388
3389
3390
3420
3421
3422
3435
3437
3438
3439
3445
3446
3447
3448
3479
3480
3481
3492
3493
3494
3495
3496
3497
3501
3502
3503
3504
3537
3538
3539
3548
3549
3550
3551
3552
3553
3554
3557
3558
3559
3560
3593
3594
3600
3601
3602
3603
3604
3605
3607
3608
3609
3610
3611
3644
3645
3650
3651
3652
3653
3654
3655
3656
3657
3658
3659
3660
3693
3694
3696
3697
3698
3699
3700
3701
3702
3703
3704
3705
3706
3739
3740
3741
3742
3743
3744
3745
3746
3747
3748
3749
3750
3762
3782
3783
3784
3785
3786
3787
3788
3789
3790
3791
3792
3804
3805
3823
3824
3825
3826
3827
3828
3829
3830
3831
3843
3844
3845
3863
3864
3865
3866
3867
3868
3869
3870
3871
3883
3884
3885
3900
3901
3902
3903
3904
3905
3906
3907
3908
3920
3921
3922
3933
3934
3935
3936
3937
3938
3939
3940
3941
3953
3954
3955
3956
3964
3965
3966
3967
3968
3969
3970
3971
3983
3984
3985
3986
3993
3994
3995
3996
3997
3998
3999
4000
4001
4013
4014
4015
4021
4022
4023
4024
4026
4027
4028
4029
4040
4041
4042
4047
4048
4049
4052
4053
4054
4055
4065
4066
4067
4072
4073
4074
4078
4079
4080
4081
4091
4092
4093
4096
4097
4098
4103
4104
4105
4106
4117
4118
4119
4121
4122
4123
4128
4129
4130
4131
4147
4148
4149
4150
4151
4152
4157
4158
4159
4160
4172
4178
4179
4180
4181
4182
4183
4188
4189
4190
4191
4202
4203
4211
4212
4213
4214
4215
4220
4221
4222
4223
4232
4233
4234
4235
4244
4245
4246
4247
4252
4253
4254
4255
4263
4264
4265
4266
4276
4277
4278
4279
4280
4285
4286
4287
4288
4294
4296
4297
4298
4307
4308
4309
4310
4315
4316
4317
4318
4322
4323
4325
4326
4327
4328
4336
4337
4338
4339
4343
4344
4345
4346
4350
4351
4352
4354
4355
4356
4364
4365
4366
4369
4370
4371
4372
4376
4377
4378
4379
4380
4381
4382
4390
4391
4392
4394
4395
4396
4397
4401
4402
4403
4404
4405
4406
4413
4414
4415
4416
4417
4418
4419
4422
4423
4424
4425
4426
4427
4428
4429
4436
4437
4438
4439
4440
4441
4442
4443
4444
4445
4446
4447
4448
4449
4450
4453
4454
4456
4457
4458
4459
4460
4461
4462
4463
4464
4465
4466
4467
4468
4469
4472
4474
4475
4476
4477
4478
4479
4480
4481
4482
4483
4484
4485
4486
4489
4491
4492
4493
4494
4495
4496
4497
4498
4499
4500
4501
4502
4505
4507
4508
4509
4510
4511
4512
4513
4514
4515
4518
4520
4521
4522
4523
4524
4525
4526
4529
4531
4532
4533
4534
4535
4536
4539
4541
4542
4543
4544
4547
4549
4550
4551
4554
4556
4557
4560
4562
4565
0.6897847637501968 16.13384422155732 0
0.7102563961144313 9.432978878003411 0
0.6382164684087002 8.641700661663762 0
0.8106360070702294 14.23821756522356 0
0.9151840414262153 15.26115528525261 0
1.537372502278458 16.06336502155253 0
0.7929108154740447 13.28873172644884 0
0.7383725245816493 10.37192276557205 0
0.76993640336417 11.33980199991976 0
0.7835983536259619 12.3196047282951 0
1.404142821973323 9.84329652637318 0
1.480806577366735 8.867240528167166 0
1.607394538068746 13.75797450326522 0
1.550607240788167 14.53911337846338 0
1.988194647078956 15.23603563952806 0
2.485436117689801 15.99401095518264 0
1.569519554094256 12.79632331134028 0
1.511440107225297 10.82113597111077 0
1.56761892616376 11.79952409270548 0
2.18970903561825 10.31125051926584 0
2.117406116082066 9.532024363546171 0
2.507849026599985 8.812192139880388 0
2.362154668347614 13.28865737447764 0
2.456243363430758 14.29395344168903 0
2.977035335478917 15.15738449592617 0
3.489834025691067 15.97915561144355 0
2.361932002113974 12.27179715557826 0
2.409287136558987 11.24848138998869 0
2.868450308448871 10.56550194641301 0
2.961909557759242 9.724524095884405 0
3.486875065580222 8.803910568096626 0
3.145477412730855 12.79548831441598 0
3.094168170626176 13.61796619958984 0
3.50154279914139 14.33412399816995 0
3.991918076071784 15.1613673394108 0
4.497104735240697 15.98044243333191 0
3.166062775264521 11.8757679649494 0
3.19744667954447 11.09644045204994 0
3.585346575395505 10.44299371588738 0
3.997213408709143 9.627877316525073 0
4.495642053737498 8.786381545451697 0
3.903797479174358 12.30978815610142 0
3.984749380858602 13.40895303579929 0
4.50247037466184 14.35291022024621 0
4.998912806577437 15.1709671012035 0
5.501848098885404 15.98227971817683 0
3.976355735661173 11.323837899865 0
4.463695420384767 10.44246165851269 0
4.981517167944304 9.594031963495397 0
5.495115632124225 8.770740445600978 0
4.600442091023524 11.90115684604894 0
4.760092774610172 12.6465236589324 0
5.064760589771794 13.52884483247512 0
5.53734029256384 14.35602070315439 0
6.014796427979064 15.17110959826786 0
6.500652556903844 15.98258606071595 0
4.938055178114553 11.18000252941854 0
5.445988493872136 10.3928992961624 0
5.974651845958448 9.578658926022044 0
6.496079298809832 8.76666079213097 0
5.337902422406898 11.98069500831777 0
5.697657567512437 12.74198570587299 0
6.092184285628491 13.54969893467865 0
6.551779747262742 14.36263937340823 0
7.022786263642132 15.17334294362988 0
7.500216881424251 15.98292871271573 0
5.880392052896838 11.18137585182809 0
6.430345472878344 10.38025317689453 0
6.970485781448815 9.573484204426364 0
7.489063142638656 8.765343485617301 0
6.274084809257261 11.97762238447297 0
6.686639344482273 12.76074777919772 0
7.101826407678004 13.55954030053822 0
7.559507714924479 14.36706787376588 0
8.018277958217936 15.17428323048739 0
8.499884287934947 15.98277575363527 0
6.852889370713228 11.17634806147588 0
7.418261952284638 10.37521473419313 0
7.975473412287585 9.571922299598562 0
8.490705974501537 8.76348946387116 0
7.267400600152541 11.97023818453166 0
7.684489575424777 12.76497993646544 0
8.107747724981209 13.56412049148868 0
8.555613875191938 14.3685332931609 0
8.999358665379674 15.17286448656091 0
9.499743446144549 15.98236843040411 0
7.843063750229021 11.17257499354879 0
8.414108666221665 10.37263966966413 0
8.985531141634169 9.57136112423759 0
9.4935794019068 8.761649586851576 0
8.262727096193288 11.96892211343895 0
8.68441125399508 12.76653469898789 0
9.110426300140603 13.56596199944971 0
9.545892904940416 14.36740647467653 0
10.00234390801631 15.17208077964145 0
10.5023191993931 15.98188203511584 0
8.837877944530391 11.17069947332907 0
9.409301299985231 10.37072204071539 0
9.962416585331084 9.567126116669449 0
10.49589367583121 8.759705491572099 0
9.259119452827719 11.96850539377089 0
9.683770999005446 12.76677586564379 0
10.11136622882057 13.56625515803 0
10.5441675383606 14.36673343825512 0
11.00828244394015 15.17206634995728 0
11.50327612174792 15.98149918231238 0
9.833567808303684 11.16929508657356 0
10.40381455717727 10.36889999405833 0
10.96748079649942 9.566575476862766 0
11.48843810391315 8.756704204913724 0
10.25583079164502 11.96735216325249 0
10.68147196660357 12.76604578037171 0
11.10905503118067 13.56541665683333 0
11.54891109455517 14.36676414814059 0
12.01356249951087 15.17203270215628 0
12.49978191421735 15.98096659005988 0
10.83008462985575 11.16781576174591 0
11.40040409029061 10.36696349627083 0
11.95464179454856 9.562560180960297 0
12.4923591300593 8.754580772560125 0
11.25275282072246 11.96599890535612 0
11.67837920746487 12.76476737803478 0
12.10512226156666 13.56395995006568 0
12.53222479614422 14.36330168094393 0
13.01481857235956 15.17168296850561 0
13.49979473690829 15.98049930994517 0
11.82774253964547 11.16610778593265 0
12.39746330865037 10.36466474713954 0
12.95729833905938 9.560655151916265 0
13.49103164772379 8.75124399629145 0
12.25122986884651 11.96451108598382 0
12.67490738395918 12.76318971172788 0
13.10174404147995 13.56235094981187 0
13.54008877481238 14.36373106906817 0
14.00686192386263 15.16983051426886 0
14.50316881852564 15.97981363191724 0
12.82675103305792 11.16425127328613 0
13.39825450295208 10.36264255524595 0
13.96193791706173 9.558803144915423 0
14.48651607416949 8.748254647628777 0
13.25123619421541 11.96295100096336 0
13.67762508776318 12.76211723531284 0
14.10758138773465 13.56213415525298 0
14.54861422166843 14.36410631984285 0
15.01387806065603 15.16995634833535 0
15.50383722048483 15.97944436577006 0
13.82745309917888 11.16239124907849 0
14.40184770586771 10.36083134895637 0
14.97275112395675 9.557824278755028 0
15.48974042836048 8.745932256396969 0
14.25166147769255 11.96127035556302 0
14.67862004149723 12.76080723855788 0
15.10636549731149 13.5607592275465 0
15.53402694732034 14.36101275474329 0
16.01417065811461 15.16960576619256 0
16.50168306687593 15.97897196129091 0
14.82853733017183 11.1604181565686 0
15.40198821797495 10.35832573662265 0
15.95790553704174 9.552579192301231 0
16.49509059107322 8.74307352815557 0
15.25238044549539 11.95955001964739 0
15.67887341615435 12.75935871091517 0
16.10596609386687 13.55955559546491 0
16.53864860532079 14.36092907475447 0
17.01996840211982 15.16980693823948 0
17.50377249055896 15.97857240993807 0
15.82883942362196 11.15826179181938 0
16.40080581033303 10.35555553054292 0
16.9667476911998 9.550820895434143 0
17.48925610855167 8.739690013283401 0
16.2534366853483 11.9578953864584 0
16.68031633475906 12.75814496300371 0
17.10979855718918 13.55908261094623 0
17.54959281375281 14.3620028190492 0
18.01312541505663 15.16887620219507 0
18.49985885036946 15.97816290937271 0
16.82950742718677 11.15621885307603 0
17.40374118398904 10.35353520476122 0
17.97506854012511 9.549293628800733 0
18.4894420746875 8.737323010978464 0
17.25461973222761 11.95634200637053 0
17.68173800924646 12.75701382724637 0
18.10881535830899 13.55793492544258 0
18.55646768875943 14.36240707464001 0
19.01729096771089 15.16876113248276 0
19.50157287591284 15.9776157580201 0
17.83038412891446 11.15434942729178 0
18.40317523418477 10.35128115512203 0
18.95904381421073 9.545006481747798 0
19.49334408396146 8.734722826709344 0
18.25563773976771 11.95495388703257 0
18.68293141845666 12.75589471519604 0
19.11354144242588 13.55778931855289 0
19.54332526439626 14.36015477056296 0
20.00555103771194 15.16732922994717 0
20.50264583275327 15.97712478101835 0
18.83048946258032 11.1524483392265 0
19.40175426598736 10.34891852531695 0
19.96592743800127 9.543460133386795 0
20.49511976971388 8.731578992468968 0
19.25583310740947 11.9532472830317 0
19.68366710043495 12.75470356015716 0
20.11194992993933 13.55656424764506 0
20.54674924572441 14.35973121378637 0
21.01041998391315 15.167062919997 0
21.49989731972371 15.97676106927715 0
19.83101912674184 11.15050602376414 0
20.40479998506476 10.34682729184676 0
20.97499240778552 9.541371295977825 0
21.49213359128609 8.728806679328891 0
20.25634115856312 11.95177138321323 0
20.6836766403047 12.75331053511629 0
21.11301689278355 13.55558786506058 0
21.55314590333032 14.35975175069453 0
22.01458153901979 15.16672484084528 0
22.49991014863417 15.9762937903693 0
20.83275375462176 11.14850490674429 0
21.40965043991025 10.34457682172424 0
21.98500889972738 9.538936529508518 0
22.49684762230845 8.725706465846415 0
21.25654210115775 11.94993975710036 0
21.68335892654787 12.75173448610855 0
22.110676653235 13.5541464013088 0
22.539286557536 14.35743276763571 0
23.00505688262811 15.16530197821299 0
23.49992300757773 15.97582651728943 0
21.83440376757972 11.14630246365275 0
22.41050737907673 10.34169594390299 0
22.96898983560507 9.533780958938806 0
23.49908673357771 8.72262689263291 0
22.25698681308901 11.94795835959312 0
22.6826508121103 12.74997013873252 0
23.10908964271189 13.55260645767934 0
23.54825467662499 14.3570926364152 0
24.01194987313519 15.16468867164975 0
24.50021850336262 15.97525571613079 0
22.83633994749573 11.14403837899523 0
23.41706919035767 10.33954629504257 0
23.99340109954198 9.531735689896749 0
24.49953474200484 8.719342629584411 0
23.2576606950399 11.94579212633463 0
23.6822882466478 12.7481543908543 0
24.1079824314206 13.55095086549183 0
24.53466211926778 14.35392914349273 0
25.01612414017589 15.16420542068329 0
25.5004263823804 15.97468670657303 0
23.83780178136678 11.14163142990056 0
24.41492913337342 10.33594927197071 0
24.97207824827186 9.527208645713209 0
25.50190890604921 8.715871073288412 0
24.25832529962517 11.94372123213071 0
24.6824333107318 12.74643067301136 0
25.1082197988726 13.54954306916886 0
25.54363693036649 14.35399390877098 0
26.00893145073996 15.16255053823539 0
26.50076329145372 15.97415442581054 0
24.83786756210694 11.1390692932822 0
25.41432168374968 10.33289959005851 0
25.99106626323717 9.524674771072625 0
26.49934311558931 8.713035373335764 0
25.25874539211711 11.94173554991755 0
25.68329205227596 12.74495525246633 0
26.1119177157523 13.54882910678084 0
26.55290347185948 14.35442012885132 0
27.01513181438455 15.16271002941468 0
27.50086114107006 15.97376716223528 0
25.83746586534605 11.13669998146175 0
26.41280781837358 10.33024333438836 0
26.96814681070774 9.521285394601037 0
27.50288096703497 8.709959863934671 0
26.25840593272687 11.93991347291603 0
26.68298590839626 12.74361811643101 0
27.11016216827841 13.54782007950843 0
27.54362829667619 14.3530313060978 0
28.01110342494985 15.16234858025342 0
28.50293230308273 15.97327396199472 0
26.83584934826629 11.13459034455696 0
27.40812565696407 10.32793312151394 0
27.97327112379261 9.51946492816927 0
28.49162234982521 8.707977983006195 0
27.25726815723951 11.93830600437568 0
27.67986410361613 12.74225916072253 0
28.10247389609583 13.54657097505952 0
28.55358478905819 14.35401736674044 0
29.01815966560466 15.16289857308406 0
29.50327785933908 15.97307444945515 0
27.83337551960949 11.13269367221314 0
28.40413137389407 10.32581885301835 0
28.95774742516687 9.516748222423253 0
29.49448967401531 8.705515478339322 0
28.25572219725655 11.93684101961275 0
28.67876435416991 12.74125413939642 0
29.10976372589303 13.54674845806618 0
29.54902987020373 14.35353264359274 0
30.01488095347176 15.16274066039549 0
30.50308773492873 15.97267408035943 0
28.83098422450146 11.1308729555527 0
29.40060165277157 10.32375356857727 0
29.96380704964903 9.515258027613669 0
30.48789252465932 8.702824984452626 0
29.2543251295333 11.93535716114289 0
29.67872735339446 12.7401222692628 0
30.09963998527064 13.54506869332172 0
30.55702605847171 14.35326864668939 0
31.02211582908095 15.16212063534466 0
31.50514136968795 15.97184325850963 0
29.82981499635832 11.12902456793771 0
30.40194653293941 10.32184936196328 0
30.97117358346665 9.513843101532849 0
31.48753007237443 8.700484173501174 0
30.25368906511574 11.93369593926619 0
30.67742635376473 12.73865909636648 0
31.10480185090665 13.54418306327076 0
31.55168786189662 14.35196618421099 0
32.01631167840637 15.16113970619619 0
32.50288834341339 15.97138529672078 0
30.82948062606968 11.12693600954959 0
31.40024985193793 10.31924884531509 0
31.95423524288347 9.509418632115931 0
32.49107965925282 8.697544101187525 0
31.25429278566926 11.93178785041153 0
31.68067642711344 12.73722244514736 0
32.10924186854649 13.5432700749733 0
32.55935242498046 14.3515200490154 0
33.02159156037479 15.16072192255977 0
33.50506676821468 15.97079670415174 0
31.82913876052484 11.12440558779603 0
32.3985654072014 10.31606175424004 0
32.96084166531401 9.506799317186271 0
33.48423303944017 8.693799369552977 0
32.25567932777244 11.92952813782804 0
32.68432709434828 12.73543710633449 0
33.1160659486317 13.54235180318427 0
33.54914182555251 14.35023957704016 0
34.01469599444644 15.16024284772433 0
34.50273429342451 15.97061525858977 0
32.83055414929859 11.12144118225917 0
33.40421238441917 10.31292255583689 0
33.96187211975214 9.502474586515753 0
34.48634047366281 8.690115827681453 0
33.25770120661761 11.92687316576888 0
33.68659778740789 12.7333770111051 0
34.11515369470837 13.54071430448632 0
34.5567612650112 14.34950220280755 0
35.02003091851677 15.15950843616918 0
35.5028915185863 15.97004667839233 0
33.83491979992235 11.11802852114428 0
34.41180974735929 10.3087410204972 0
34.95910405623451 9.497612422959037 0
35.49331986174798 8.686488206262105 0
34.26153668781288 11.92392205113764 0
34.68745216724105 12.73110503103582 0
35.11032164774306 13.53886724347101 0
35.54446357899585 14.34807913756718 0
36.02294182899234 15.15888226941265 0
36.50463793465028 15.96936627130204 0
34.8436576091552 11.11417597814449 0
35.41112551618028 10.30404449764035 0
35.97195035283661 9.493638221106856 0
36.49105813811457 8.683171413610197 0
35.26561018583007 11.92107530432924 0
35.69026192878462 12.72898018021788 0
36.11786014390233 13.53778217554768 0
36.5546151249504 14.34750509517277 0
37.01515885195514 15.15854638180533 0
37.50010248149087 15.96928458719143 0
35.84471237677622 11.1108244329344 0
36.42450876790733 10.30036517460218 0
36.96674536575696 9.490583924286931 0
37.49314231718085 8.680302129370141 0
36.26975458307925 11.91798636548045 0
36.69329619588231 12.72734712056452 0
37.11730861190858 13.53650664979707 0
37.56163880110174 14.34725621619213 0
38.0194969405355 15.15822262778895 0
38.50011530418183 15.9688173070767 0
36.85123598789139 11.10806532904961 0
37.43369621706989 10.29788044929276 0
37.96848000654532 9.488157493464286 0
38.49377941587395 8.677700321954951 0
37.27113836367792 11.91683313163966 0
37.69444443083981 12.72625427455822 0
38.12139727492035 13.53621547987365 0
38.5509881368404 14.34702964635301 0
39.00462967657742 15.15860170065939 0
39.50012812687277 15.96835002696196 0
37.85258975304745 11.10658179032274 0
38.43340573868596 10.29642866547951 0
38.96985048179735 9.48595424140229 0
39.49398627600328 8.675082523599315 0
38.27109022301926 11.9155785550039 0
38.69455125358243 12.72537703012108 0
39.11921805184809 13.53558648704189 0
39.55731432472706 14.34649256297798 0
40.00568801703915 15.15783983859144 0
40.50375823552233 15.96750089906127 0
38.85110563501601 11.10524963592621 0
39.42163162818153 10.29462192519122 0
39.97814911800918 9.483606821168664 0
40.49420531929403 8.672355428785075 0
39.27180140843996 11.91455386241043 0
39.69264338765561 12.72442494256915 0
40.11527310577992 13.5346376704402 0
40.55901024973195 14.34548913132869 0
41.01610133686529 15.15642052115669 0
41.50458511367574 15.9668753817657 0
39.8490599603897 11.10378979614572 0
40.42115592546486 10.29263141733208 0
40.97878998301269 9.481021964760515 0
41.49432167214343 8.669551817155082 0
40.27005629623571 11.91334351815404 0
40.68969207024088 12.72329263291044 0
41.12147179067384 13.53371593394823 0
41.55392883252267 14.34425619407442 0
42.02304501993783 15.15555586553197 0
42.50463498024627 15.96644353621607 0
40.84887321326065 11.10209245651846 0
41.42121318210582 10.29042702584299 0
41.97891159218625 9.478332681065694 0
42.49437658936586 8.666713147474191 0
41.27123488598281 11.91187971204421 0
41.69310288597555 12.72203610680277 0
42.11782359979213 13.53258386813288 0
42.55531005296027 14.34378978389984 0
43.01582581154005 15.15547288231253 0
43.50017941763656 15.96648090650301 0
41.85263466811256 11.10023610930463 0
42.42131775909908 10.28803535011974 0
42.97896472160318 9.475583432415661 0
43.49440744649908 8.663859581178421 0
42.27305018207139 11.91027744857494 0
42.69368181555546 12.72072621628226 0
43.1202063479486 13.53170610571027 0
43.56255601772568 14.34314269018824 0
44.01954226943232 15.15481314986579 0
44.50019224032749 15.96601362638827 0
42.85305451846472 11.0981017760264 0
43.42139647661529 10.2855244799349 0
43.97900039442291 9.472796751942354 0
44.49443055109938 8.660999537950651 0
43.27297418174044 11.90847965490874 0
43.69566792657508 12.71931654065304 0
44.12313965314536 13.53061244296118 0
44.55849410246296 14.34238013975561 0
45.00756845188423 15.15461001110339 0
45.50218890616301 15.96519270784257 0
43.84971476963133 11.09586418523233 0
44.42142296203488 10.28296268911696 0
44.97902675256336 9.469997362884477 0
45.49445104254247 8.658137688892538 0
44.27156927496671 11.90660682382258 0
44.69243628609399 12.71776800023323 0
45.11680852391768 13.52935239085474 0
45.55180671836752 14.34117134855123 0
46.0145288695858 15.15299311732119 0
46.50158006917223 15.96484980130855 0
44.84915153186515 11.09360098743082 0
45.42143166840717 10.28038803645644 0
45.97904561387455 9.467202503874972 0
46.49447032480904 8.655276416174246 0
45.27132576650592 11.90465860137898 0
45.69522975582674 12.71610555987824 0
46.12217897814833 13.52786557182168 0
46.55960645476114 14.33985125598067 0
47.02057217729552 15.15202112275864 0
47.50151604409916 15.96435547180833 0
45.84906601782166 11.09131340467872 0
46.42145884702111 10.27782066081969 0
46.97906210425185 9.464415616943583 0
47.49448927385842 8.652416098503011 0
46.27290867306203 11.90258727031576 0
46.69572030723251 12.71440152466507 0
47.12027044133802 13.5264194606926 0
47.54725119708473 14.33887933823039 0
48.02380273261167 15.15123314439703 0
48.50273950807025 15.96359296668552 0
46.8491238501276 11.08903999452935 0
47.42150890086555 10.27527899724534 0
47.97908111065567 9.461635505355815 0
48.49450843286135 8.649556720079715 0
47.27149810236583 11.90069724041789 0
47.69464283325468 12.71276448294981 0
48.1170298947558 13.52499673399043 0
48.55656989627073 14.33763650834891 0
49.01818251974032 15.1504907762838 0
49.50025635378228 15.96367722581458 0
47.84925261472958 11.08682387978757 0
48.4215776124353 10.27278303061778 0
48.97910393616428 9.458865128868496 0
49.49452806037982 8.64669877485322 0
48.27153223582948 11.89887145486055 0
48.69576740995967 12.71127815467929 0
49.12346385865419 13.52397417393019 0
49.56326602877343 14.33692453595594 0
50.02251887737225 15.15007040073341 0
50.50026917647324 15.96320994569984 0
48.84939032803391 11.08473582614834 0
49.42164121298288 10.27036451598399 0
49.97912964509158 9.456109682313155 0
50.49454806928972 8.643842570681194 0
49.27361987933639 11.89713094273888 0
49.69636571555043 12.71002675182098 0
50.11776724098596 13.52312699261424 0
50.55405926111561 14.33660731350529 0
51.01494369137288 15.14996186517406 0
51.50028199916414 15.96274266558513 0
49.85689896335484 11.08257301367995 0
50.43629967560378 10.26736227513074 0
50.97138627378195 9.453899351434579 0
51.49672531593507 8.640828563860993 0
50.27505547544715 11.89566708373339 0
50.69544822399951 12.70908934857329 0
51.12274928365295 13.5227668050241 0
51.55887089720954 14.33664938159877 0
52.01905278895643 15.14993666731078 0
52.50041665643079 15.96225380804688 0
50.8576683264013 11.08060699348021 0
51.44273409010484 10.26459121544645 0
51.97201474328006 9.451167838581284 0
52.49468114346303 8.638124369899479 0
51.27567301527759 11.89438287700238 0
51.69672498356795 12.70823180913224 0
52.11923178845379 13.52257741274688 0
52.54283368691688 14.33745345586709 0
53.0205926336358 15.14968496015504 0
53.50054729523032 15.96176446829439 0
51.8591231640919 11.07870409699218 0
52.44115614793481 10.26211228852199 0
52.97267631112484 9.448398943807426 0
53.4947051583257 8.635267344378946 0
52.27584984600753 11.89291848776401 0
52.69282959921532 12.7075938869165 0
53.11416934597716 13.52229070030896 0
53.55120940815036 14.3365899962258 0
54.01359440520329 15.14960593294411 0
54.50155993513533 15.96115250199053 0
52.85883492592029 11.076722445386 0
53.43721882259871 10.25984750699246 0
53.97313285498907 9.445631167572564 0
54.49477617430881 8.632404825851097 0
53.27560022543639 11.8913451184849 0
53.69537271576027 12.70612650064482 0
54.11971564356961 13.52108566372439 0
54.55777136712092 14.3354767793212 0
55.01927940769622 15.14872903278231 0
55.50033328992782 15.96087354512615 0
53.85827176969258 11.0745596347181 0
54.43723488658202 10.25728392634024 0
54.97330217497063 9.44287750411241 0
55.49480978135006 8.629544045123993 0
54.27533002447674 11.88961989709873 0
54.69476697223865 12.70480355114424 0
55.11175261003351 13.52056911551109 0
55.54632305358567 14.33542232028783 0
56.02127489724353 15.14801935707013 0
56.50034611261879 15.96040626501141 0
54.85826811098573 11.07233733942582 0
55.43735287385644 10.25470099793431 0
55.97336289926182 9.440123618394971 0
56.49483207133824 8.626683321136554 0
55.2752625396092 11.88778965297183 0
55.69454030668552 12.7032994340822 0
56.11896925288869 13.51883279138516 0
56.55427402382315 14.33396531985655 0
57.01033588351152 15.14836790041111 0
57.50241264432935 15.9595495888577 0
55.85851552341487 11.07003680403133 0
56.43742695184363 10.25208459293563 0
56.97340469317805 9.437354412610787 0
57.49485358238957 8.623821270763457 0
56.27582153538509 11.88577158845677 0
56.69404548111828 12.70170360866638 0
57.11649755271179 13.51756430454882 0
57.56063463272989 14.33250623270514 0
58.01426975650389 15.14736214911336 0
58.50037175800071 15.95947170478194 0
56.85876032174536 11.06765140434022 0
57.43750427016607 10.24941754418037 0
57.97345642115641 9.434565681371659 0
58.49487689713766 8.620957368851592 0
57.27617021394633 11.88366822297524 0
57.6966704061893 12.69969883422842 0
58.12317657416912 13.51567818899338 0
58.55934175547583 14.33134134260701 0
59.02042191966729 15.1457648417096 0
59.50038458069167 15.9590044246672 0
57.85893014621439 11.06522325667288 0
58.43758938047489 10.24671541807 0
58.97351515971371 9.431765225234251 0
59.49490138046656 8.618092286140367 0
58.27572902097097 11.88156456797486 0
58.69440359421918 12.69801411221186 0
59.11647379326894 13.51454020857663 0
59.55138633362759 14.33066454504166 0
60.01377417589873 15.14522369649496 0
60.50174665735165 15.95818069250461 0
58.85628189549635 11.0630435345653 0
59.42531283145973 10.24518068043561 0
59.98135618337488 9.428171898633856 0
60.49472563738487 8.615247067090586 0
59.27506508645615 11.87951076933145 0
59.6955950748569 12.69611837982674 0
60.1186334856269 13.51266340288805 0
60.56041841664768 14.32854332461975 0
61.02126140948627 15.14345716289228 0
61.50099584052646 15.95789881028747 0
59.85420817084452 11.06088791663133 0
60.4336444203812 10.24185893722798 0
60.99081053291371 9.424298961487828 0
61.49894213150878 8.611885788596133 0
60.27371440389715 11.87760870028756 0
60.69528008567295 12.69437308566491 0
61.12045140029255 13.5110624634944 0
61.54998031275949 14.32791555775179 0
62.02379597719693 15.14264577561827 0
62.50143500795957 15.95724938914458 0
60.85242637858403 11.05892312814402 0
61.42321605386684 10.24058954683007 0
61.97338862975516 9.42377374424543 0
62.50200882926794 8.608672694357956 0
61.27137776509943 11.87595010054412 0
61.69298846998441 12.69284058960309 0
62.11325828269167 13.50987187514865 0
62.56458721439458 14.32602313474251 0
63.02321858294323 15.14204910004666 0
63.50229084813583 15.95651936315578 0
61.84740010359349 11.0574795095736 0
62.4156650015538 10.23932913573926 0
62.97297657588695 9.421479209300458 0
63.5029273637831 8.605660100707567 0
62.26883833467701 11.87438316912247 0
62.6912297626119 12.69136955390984 0
63.11750116515458 13.50843266587572 0
63.55976896562134 14.32522383401399 0
64.01763005476198 15.14171632006644 0
64.50435819263049 15.95536422596319 0
62.84325282974879 11.05590708699624 0
63.41197141791332 10.23756149609944 0
63.97174558190198 9.419552214733812 0
64.50231284194831 8.602972659378942 0
63.26735468648315 11.8725574709666 0
63.69497223754354 12.68937475791384 0
64.12574370461431 13.50659624028444 0
64.56790106140198 14.32372114326277 0
65.02206628233404 15.13994768714237 0
65.50672439006377 15.95431359070546 0
63.84287010729759 11.05371792962448 0
64.41579710059926 10.23527247404402 0
64.96446791753698 9.417177471907387 0
65.49960328363215 8.600431958058948 0
64.26905118761039 11.87006977330038 0
64.69895291878731 12.68722284314605 0
65.12691272728938 13.50512925999407 0
65.57004325143396 14.32319401061655 0
66.02605589054036 15.13959559695585 0
66.50756253524617 15.95414077535281 0
64.84611391115828 11.0505292075178 0
65.41403365844695 10.23146961158232 0
65.96976747309424 9.413041187848513 0
66.49646467507051 8.596921252554878 0
67.50696535972781 15.95492443506306 0
65.27677263035395 11.86666177648411 0
65.70679649965649 12.68506510838256 0
66.13780726402894 13.50591744406455 0
66.57586120886862 14.32621728353568 0
67.02898401015676 15.14164857942935 0
65.85889616673609 11.04601955100692 0
66.42265111985176 10.22685004731343 0
66.96991759665099 9.40911745526126 0
67.49855969416114 8.592303028383029 0
68.02541363984938 15.14891448515219 0
68.50724454796483 15.95792796300623 0
66.28996009651735 11.86151072594495 0
66.71538873473048 12.68391580567835 0
67.13710069666257 13.51261526924538 0
67.56940098324463 14.33603953048524 0
66.8800262156243 11.03928507236274 0
67.44326560855797 10.22216740581879 0
67.98229489641756 9.404224375223841 0
68.50358857777218 8.587355550147763 0
68.54445341561205 14.35480684768277 0
69.01028145940387 15.15684607487447 0
69.50245386500256 15.96027615253758 0
67.30713986647061 11.84874911482037 0
67.71585722622035 12.68987341358294 0
68.11724680872351 13.5347757657502 0
67.91310966456109 11.03819516887773 0
68.47724664957565 10.21751270911838 0
69.00119125178747 9.396890102613838 0
69.50431782661053 8.584834725616965 0
69.0590823274714 13.59174325472543 0
69.49051454784939 14.36276291473803 0
69.99703637058877 15.15887745263622 0
70.50125434780682 15.96239368553435 0
68.39172640319828 11.8554609463795 0
68.68171057950872 12.724496048829 0
68.97925324393987 11.04599576476654 0
69.50582622784077 10.21030682177422 0
70.01305457163886 9.391864213861979 0
70.51063985137677 8.580131582029907 0
69.52488350273313 12.93351368412742 0
69.9800566523445 13.56675856648532 0
70.4842816504588 14.35783417768349 0
70.99718372843915 15.16504744356641 0
71.50087403242668 15.96765849698301 0
69.50881992018918 12.01976120654802 0
70.02701670016444 11.03677238222313 0
70.52727440566821 10.19822763232307 0
71.03065016612203 9.380587552813232 0
71.51780378215017 8.571897299276088 0
70.33252091289353 12.69032807239574 0
70.94150677680608 13.53874815990209 0
71.4944200287029 14.36995113611253 0
72.00488229800925 15.1776270165273 0
72.50465314172544 15.9730208034543 0
70.62462809888592 11.85176154711479 0
71.11188417552881 11.00912882592181 0
71.57168206336792 10.17778506090704 0
72.04605896702918 9.362844087052785 0
72.52211012336574 8.561506067676767 0
71.3710752612505 12.6945394248008 0
71.98673715258354 13.55308168817242 0
72.51557725491858 14.3942215068111 0
73.01334077816063 15.18961207969563 0
73.50728084252694 15.97816604855556 0
71.76629358086876 11.82605241674056 0
72.15553222410182 10.96366432061719 0
72.58929985774358 10.14157320404014 0
73.05000434287103 9.341364349632201 0
73.52228756451842 8.550985345722772 0
72.57476504546526 12.70726466447924 0
73.02315724184251 13.61380008855529 0
73.53028152928073 14.41335645967422 0
74.01736960250258 15.2012806431513 0
74.50796421985183 15.98202396245157 0
72.75992767737762 11.72995982374731 0
73.31449925871868 12.24620956932446 0
73.13565713687666 10.8966763899635 0
73.58176385347372 10.10444777564162 0
74.04645705336645 9.322680285232671 0
74.52037035878504 8.542640884125312 0
73.50245832155184 12.94004610294984 0
74.0291633868963 13.67490902006622 0
74.52873399936442 14.43780338978519 0
75.01760300870279 15.20829410530376 0
75.50741712873076 15.9840170130986 0
73.62577229347738 11.59808037745326 0
74.11010677333257 12.25691884066064 0
74.1034421057542 10.84131735773349 0
74.57205284700143 10.07933419522104 0
75.04194322561193 9.311442670003863 0
75.51828556845095 8.53730714480097 0
74.54562545687827 12.95726180052938 0
75.04592050970297 13.68948755500748 0
75.53235738275549 14.44013367317283 0
76.01443264454622 15.2084876839335 0
76.50646841240354 15.98575319324517 0
74.60885477290293 11.54903655609335 0
75.06529557794846 12.25051855556013 0
75.09837257876751 10.81933198701815 0
75.56341527654689 10.0750665720016 0
76.03430118312372 9.309626730762488 0
76.51657291732562 8.533826909487395 0
75.58148192053005 12.96658986933077 0
76.05816091179355 13.66022757716045 0
76.53025301799164 14.43844147688134 0
77.01722600803794 15.21696279822952 0
77.50685424572436 15.98935298811835 0
75.65013930813751 11.52805221813447 0
75.89610426304012 12.24495822674906 0
76.09328873874932 10.84258311453849 0
76.55352768263913 10.08018090129797 0
77.03330194057952 9.305472662143167 0
77.51499756427074 8.530892462234426 0
76.57489799665092 12.78830330292988 0
77.04664144769447 13.67826505289986 0
77.5315595592478 14.45961740948232 0
78.01810448353223 15.22714868245195 0
78.50708274885091 15.9927599946048 0
76.6127716619385 11.70117484966744 0
77.28900940260507 12.27023194224833 0
77.08207548121379 10.85072641755907 0
77.55414991791116 10.07193332661132 0
78.03166551867497 9.301234931608057 0
78.51390300898737 8.528283340282641 0
77.53911347261317 12.99657227690152 0
78.04580389535732 13.72662510385832 0
78.53396961063208 14.47815324414147 0
79.01864110272066 15.23381930298292 0
79.50586789360892 15.99348236739929 0
77.6030482321741 11.58231231884396 0
78.11307319895701 12.28242578567127 0
78.07570367538671 10.82326533285243 0
78.55152300662502 10.06230221768154 0
79.03004689025596 9.297288885980144 0
79.51328337316949 8.525637271691956 0
78.56833509770667 13.00700470622019 0
79.05254297307312 13.74204859904845 0
79.53577980313224 14.48549893837237 0
80.01757236408213 15.23499561382667 0
80.5012404496315 15.98999559908497 0
78.59055486539449 11.55605753892034 0
79.08334246202372 12.28075390678496 0
79.07088752715504 10.81067656506328 0
79.54874104758068 10.05606881740923 0
80.02876582254356 9.293663009364408 0
80.51303031035178 8.522619909282845 0
79.56895647229891 13.01160936372073 0
80.05388232860651 13.74629704436382 0
80.53547540895869 14.48626891416085 0
81.01683478491725 15.23319351096253 0
81.50304707828815 15.98865721376571 0
79.57892198541299 11.54675814419593 0
80.0778901002638 12.27998037829294 0
80.06605436710464 10.80424514512096 0
80.54631613411732 10.05152949396948 0
81.02788505024034 9.289801489421855 0
81.51298687707271 8.519090273858922 0
80.56720883551185 13.01174105296152 0
81.05273908800552 13.74534859315528 0
81.53479741793439 14.48392593029306 0
82.01787786733468 15.23133927112591 0
82.50643398666631 15.99007027760121 0
80.57744387720288 11.54652578319644 0
81.07474659117281 12.27748127978285 0
81.06161145405559 10.79942086803478 0
81.54436228028197 10.04713087374656 0
82.02744762268765 9.285781918407132 0
82.51306001308689 8.515487930729783 0
81.56535195839643 13.00908355755205 0
82.05159307106237 13.7418602898455 0
82.53510585848881 14.48034051326389 0
83.01874446319397 15.22860807237605 0
83.50261296144453 15.98543361079897 0
81.56976757354238 11.53840427688959 0
82.0741248102683 12.27382704789521 0
82.0587650034455 10.79486139173647 0
82.5432448098291 10.04280302438338 0
83.02746084463939 9.28210980653548 0
83.51316713237236 8.51231984608966 0
84.50615992586091 15.9848472638052 0
82.56494352054352 13.00486291131097 0
83.05260180425074 13.73679789604289 0
83.53705337616242 14.47539189433451 0
84.02006494314236 15.22442982148033 0
82.56774580507562 11.5337343043121 0
83.07588335580817 12.27089097109326 0
83.05747996819434 10.79047918753904 0
83.54329234822148 10.03981039472182 0
84.02745353314685 9.279763046436472 0
84.51260134576614 8.510433443874611 0
85.50223568251016 15.97857746006065 0
85.02044467866648 15.21700446058799 0
83.56810201038962 12.99894457017741 0
84.05734611569756 13.72893427971368 0
84.5406001099829 14.4670939800068 0
83.57007681164447 11.53185494457229 0
84.0794481873636 12.26536048263023 0
84.05969335898999 10.7904338837474 0
84.54350860542598 10.04012019593069 0
85.02567196333507 9.28055365982496 0
85.50815457669501 8.512919034129297 0
86.50434698250888 15.97459714232024 0
86.01434309509165 15.2022754128519 0
85.54345028230927 14.45137343673242 0
84.5775398819988 12.98928695451041 0
85.06747960724073 13.71467710650797 0
84.57889805949856 11.53815705663079 0
85.08542530053359 12.25994144110675 0
87.49545493177271 15.96488268130989 0
85.06275231887497 10.79568161075465 0
85.54085229933099 10.04511391679738 0
86.02130502332466 9.283894227436768 0
86.5081917499574 8.510811478738596 0
87.01182986014584 15.18959640875932 0
86.5413352809154 14.42580832943409 0
86.07888235147885 13.68645109322105 0
85.60707148235696 12.97001101690102 0
85.59237395072785 11.54834191031676 0
86.06705634486229 12.25146532810813 0
87.99975851663083 15.17847412484016 0
88.48864104194172 15.96353722449948 0
86.05946080991959 10.80780624318196 0
86.53087804123999 10.05473936671623 0
87.01325457737966 9.288120075321025 0
87.50470437350617 8.511274386271857 0
87.53269076046774 14.39986593865991 0
87.07598103259465 13.62454334703167 0
86.63853585686479 12.93378223400813 0
86.59114586323898 11.56843978334902 0
86.88778561545109 12.22827558296704 0
88.51084466842195 14.38776285618355 0
88.97587719537262 15.17347842586959 0
89.46826383374167 15.97483411365317 0
87.03847668269032 10.83258512934871 0
87.51083376471666 10.06384332678041 0
88.00215459333617 9.294460410835647 0
88.50066761197962 8.512600999137938 0
88.06590840228893 13.59152516080814 0
87.59918290398201 12.71017108273167 0
87.54726740479998 11.67158412863212 0
89.01027541663194 13.61257619640935 0
90.41481941295444 16.02451645490979 0
91.28278206601493 16.0236229910639 0
89.48216600290658 14.3705989371298 0
89.92873700632504 15.18025547697518 0
89.85095941893871 13.63592485773731 0
92.05853584180494 16.05549645235559 0
87.9911758661363 10.82734609846752 0
88.48835164377857 10.08098383825195 0
88.99390368243593 9.303699156265587 0
89.4981972239928 8.514126693867588 0
88.66713840348473 12.81401030644925 0
88.31166361238962 12.10747681922531 0
88.4116295062442 11.42667507840498 0
89.48544070285283 12.87540021103872 0
90.82804298380933 15.2413944648513 0
91.66211636367768 15.31262670887878 0
90.20610572052658 12.99389846701479 0
90.41267284571279 14.29732196573487 0
90.48450821316084 13.48991469201771 0
92.42833129206633 15.40039852791097 0
92.78010870295935 16.08931129675246 0
88.95053405589778 10.88790656843533 0
89.48137169274924 10.10739416071393 0
89.99209664184178 9.310476235355274 0
90.4978838033922 8.514841323138704 0
89.28356781999651 11.90657263175293 0
90.03242330470755 12.45489361943095 0
90.54729349506357 12.54390149913142 0
91.33905591791569 14.51518611059165 0
92.09117991094598 14.67769333293401 0
90.87478315897886 13.00683329230442 0
91.09353604935092 13.74046422497263 0
92.60192641789627 14.26939003208527 0
92.82817667450672 14.82864901683261 0
93.1606377951997 15.45719805525235 0
93.47812682355629 16.11639101365598 0
89.94439688163453 10.94428571983242 0
90.4871062225418 10.10880094964853 0
90.99400944460029 9.313760423040662 0
91.49909260478057 8.514910055519337 0
90.46355469836351 11.78097517887069 0
91.15315597922392 12.32539387514149 0
91.94678735399748 13.8216159661783 0
91.51678389976621 13.02269338951994 0
92.7754710634685 13.61751016935227 0
93.2033234370972 14.22158966185824 0
94.16268089159718 16.14853158352798 0
93.55628230436838 14.83391161765773 0
93.86488267513977 15.49755426655794 0
90.98525866773798 10.90048898111686 0
91.4892117547779 10.11544184736015 0
91.99847664114424 9.318015459336479 0
92.50188514370763 8.514651758806423 0
91.469363941045 11.64272574903316 0
91.74567819140964 12.35604418071344 0
92.36115547232663 12.86909895367501 0
93.06389198804652 13.04370121148604 0
93.47574146452553 13.47966535421045 0
93.89398087887099 14.13096316352796 0
94.88176247501792 16.11462752754493 0
94.47689957689511 15.62615038051285 0
94.38669236539573 14.86751554191728 0
91.99176749606085 10.92732900232873 0
92.49842578352235 10.13003525341482 0
93.00365219415949 9.319382370078756 0
93.50433365492592 8.512026531903075 0
92.44895483293152 11.86090909484676 0
93.0277969258928 12.48811940433843 0
93.6792950140192 12.76411217585402 0
94.10643359977439 13.37384624764012 0
95.55189578705892 16.10525434511605 0
94.62563169068602 14.03574658782633 0
95.1707283466755 15.36842478067196 0
95.09813959957779 14.58935902264173 0
93.0000570026707 10.97112745520526 0
93.50639829969606 10.1289977441153 0
94.00934293581793 9.312755736050377 0
94.50508983545666 8.507890282710299 0
93.54916606491287 11.84597161612538 0
94.19449157432831 12.30642032124677 0
94.34782833424026 12.83132767315152 0
94.84009206698124 13.28837898537751 0
96.29415234637463 16.09816251889809 0
95.91689010788923 15.54824958882975 0
95.42845163351575 13.96441656585343 0
95.89288377006966 14.73068368590403 0
94.0054643201301 10.93353574672317 0
94.50908252897744 10.10814946619059 0
95.00906973605959 9.305179687603299 0
95.50200412640282 8.504786576141989 0
94.47593580206609 11.66594050517016 0
94.92023265640302 12.42474963593274 0
95.62338797530987 13.11695856802191 0
96.98537133658004 16.10601331921913 0
96.65273338293849 15.33029413973981 0
96.203236568558 13.8349414767913 0
96.77560392688554 14.46822561436147 0
94.99214622245694 10.88102769353235 0
95.5046987710582 10.09148699768318 0
95.99932987692006 9.303798731420294 0
96.49773512991499 8.505677405508919 0
95.45976287190518 11.62943639543457 0
95.91008548395496 12.35502570574651 0
96.46127677519354 13.01217156758405 0
97.72971387831944 16.10034974792172 0
97.36389413800799 15.56848871674144 0
98.41062581041427 16.10732812208394 0
97.38359900871063 14.92053847578017 0
97.01316480852847 13.6275181139699 0
97.56467276271616 14.15778581756812 0
95.99365524235407 10.85824761032931 0
96.49218156250174 10.1005730966485 0
96.99028993558301 9.315088624935875 0
97.49648309780554 8.516585394370971 0
96.45366910639399 11.61262424942853 0
96.69423586099055 12.33943274467767 0
97.27048573554526 12.77099448333225 0
99.8011675891961 16.12757885580199 0
99.15158446414938 16.10378769862974 0
98.06736829814781 15.3817443501594 0
98.79204304733787 15.57227591420273 0
98.00352334646567 14.62826180417703 0
97.81139692132018 13.40197521395837 0
98.34669312844005 14.01232659975771 0
96.96970959442427 10.91794338137395 0
97.4870861488418 10.13140036616969 0
97.99226980401136 9.325159111791201 0
98.49662230733935 8.528015091544724 0
97.40404916101198 11.85367390315903 0
98.07079332826459 12.57157369909401 0
100.5107816337068 16.14928847783438 0
100.1803366878472 15.62203047091437 0
99.51866057192404 15.37524743157427 0
98.7881788577792 14.77496767020876 0
98.60257176442656 13.27165257002821 0
99.08926395170744 13.93255829589142 0
101.2306922827823 16.12374540848133 0
97.96944238925153 10.9495140887158 0
98.49051111916094 10.12456896974733 0
98.99262621533745 9.335296223978631 0
99.49675189262365 8.539588590912196 0
98.9651835383691 12.49970679853246 0
98.46987874237448 11.74732926548701 0
100.8180893263103 15.49716950897063 0
100.2494115309106 14.93560789222519 0
99.66668881428222 14.49115178992022 0
99.34890670342719 13.21770169248187 0
99.7068228544357 13.76661933155287 0
102.0079518434712 16.110059637668 0
101.5898665522424 15.44145912509022 0
99.00153102473138 10.92473039690873 0
99.4930317529458 10.1399644489303 0
99.99314333164546 9.345753455813188 0
100.496324388766 8.550971704116641 0
99.80847923166277 12.49217521576129 0
99.4904714600591 11.69780834834242 0
102.8125154562721 16.10269398214383 0
101.08895632042 14.78537207454524 0
100.479689147037 14.051847089757 0
100.1308153727847 13.23202708170852 0
100.4745571182878 12.68947989105986 0
102.3906583757117 15.41678332325066 0
101.9453459156388 14.73074734981677 0
99.99069325347676 10.95755511532643 0
100.489702519188 10.1518121862224 0
100.991048006985 9.355080321978761 0
101.495351441314 8.561726747412791 0
100.4813381111819 11.87902314506174 0
103.6209447975488 16.10385478644864 0
103.20526944853 15.40622541730496 0
101.4595853202053 14.01905704963335 0
100.9347845792236 13.29972259429378 0
101.2270606534042 12.51465102102328 0
102.7829557109604 14.70953213550451 0
102.3600416590158 14.01228441304068 0
100.9880846527543 10.95199216649298 0
101.483926239189 10.15503456974961 0
101.9873519382962 9.363723714017247 0
102.4943296545296 8.573213811865578 0
104.4230679317467 16.10937954327259 0
101.5314625883875 11.72668038639159 0
104.0175891848863 15.40240028886209 0
103.6067545726122 14.70217246633761 0
101.9740866176447 13.15795857537073 0
102.000103389145 12.3412655703715 0
103.1908220000149 14.01935866821155 0
102.8074543896308 13.43705269970715 0
101.9714656995427 10.94582233083887 0
102.4758032017568 10.16139846842542 0
102.9834561717539 9.374941021687548 0
103.4911809670339 8.5854846016762 0
104.8229825547244 15.40222539538971 0
105.2227864735786 16.11553973571741 0
102.4587216236237 11.72203423302681 0
104.4259203669324 14.69080340514289 0
104.013430565644 13.98640679175447 0
102.8660252275017 12.61185370429393 0
103.574283546948 13.26870752508881 0
102.9586585326958 10.9542610593866 0
103.4694422948848 10.17343742822252 0
103.9797356442873 9.388705713497203 0
104.4866027621001 8.600529110664823 0
105.2276376633833 14.69045913361126 0
105.6193138509537 15.40456917364465 0
106.0169974683623 16.12199538631984 0
103.4245591878542 11.75205667797037 0
104.8471086453498 13.97072720780265 0
104.4356702574951 13.2666779029027 0
103.8848465661197 12.49308936650407 0
105.6358604165418 13.98336199334248 0
103.9519173356397 10.97059761502984 0
104.4669859136871 10.19023541959466 0
104.9764151931315 9.406103694977546 0
105.4835555277964 8.616079040774068 0
106.0140925501841 14.6908828633234 0
106.4073716570101 15.40529938773986 0
106.8053397191081 16.12864787276484 0
104.4318352238334 11.75667217687514 0
105.2752252744131 13.26578921884087 0
104.8914556522705 12.53442004747373 0
106.399899477402 13.98113112251335 0
106.0511988885185 13.30118241396332 0
104.9600278401962 10.99683048118167 0
105.4681745132439 10.22084575738872 0
105.9766678148472 9.429198771787121 0
106.4886370221666 8.631928730103972 0
106.7922557679148 14.67975358901008 0
107.1912369037932 15.40423840034859 0
107.5854374421487 16.14050279633377 0
105.4782047609197 11.79303887309121 0
105.7597177216437 12.55968929316904 0
107.1158958752345 13.97336086330074 0
106.7895457704048 13.2580602491183 0
106.4367312914354 12.75409968665251 0
105.9630457340293 11.04954048850555 0
106.4679813046179 10.25275743515012 0
106.9793694208217 9.447924781190792 0
107.4911060011238 8.645639969772361 0
107.7188843204179 13.88338123508601 0
107.6227805443836 14.62279294529532 0
107.9309917028842 15.44712116246822 0
108.3788299378926 16.14220624411627 0
106.4491113294109 11.96536631955767 0
107.439524647244 13.27256325377093 0
107.0716835682924 12.56648624770197 0
108.1538695803903 13.37148537007388 0
106.9547746557876 11.06840406466395 0
107.4695651334849 10.26686170641025 0
107.9811849207114 9.464234422067243 0
108.4914561427715 8.660147615949512 0
108.2623509548374 14.17670374298917 0
108.3229454142806 14.84480897797745 0
108.7691427345902 15.39834214162995 0
109.2132767258523 16.12397376338433 0
107.4348876908369 11.82571861087351 0
107.8095834020531 12.60096641131055 0
108.4418863686071 12.74995503377735 0
108.7761312261158 13.81920380501032 0
108.9248592313146 13.22206544358733 0
107.9582004410174 11.08750368468434 0
108.4731118452681 10.28523594259102 0
108.9827990686979 9.480595758326359 0
109.491854176037 8.675133627450634 0
108.9961452701525 14.57743034366949 0
109.619958003427 15.32754279181787 0
110.1107311837976 16.11152383934611 0
108.4378882469538 11.99288431323442 0
108.9750917391651 12.59229341493441 0
109.448586196467 13.81556587163374 0
109.5695720918876 12.97190814227317 0
108.9706151199979 11.1347363674489 0
109.4770726730463 10.30819247399281 0
109.9839031817499 9.496625918928245 0
110.4922693938946 8.689482380453548 0
110.0081685715678 14.5256453496272 0
110.5597762649633 15.31055667510019 0
111.0711128492713 16.11140677160117 0
109.5012527570624 12.02465414179981 0
110.3223838728908 13.52315173020664 0
110.2142141448527 12.64872728299387 0
109.9901391285777 11.14811362800524 0
110.4803247028025 10.32264580111161 0
110.9843135226329 9.511119099732362 0
111.4919763294092 8.703169223133081 0
110.9943500348074 14.47479423387312 0
111.5543369469088 15.31242706433568 0
112.0615538885604 16.1169288163728 0
110.5281635909145 11.94942545647024 0
111.4847914467198 13.62483482159333 0
111.0354684083107 12.76927115381832 0
110.9834059276427 11.14902752720808 0
111.4770231836633 10.33332246904126 0
111.9825475260829 9.525367386959964 0
112.4906529223997 8.716787323207903 0
112.0200967147049 14.48236994693819 0
112.5440980363108 15.30857924079978 0
113.057960830709 16.12362728974238 0
111.5099586640584 11.98339546838061 0
112.5165515270683 13.671969087129 0
112.0198981225366 12.82745277759471 0
111.986815675655 11.17720339868848 0
112.4754496821337 10.35888959564699 0
112.9776250665547 9.542962465094426 0
113.4885296870205 8.729885522540151 0
113.025989783332 14.50133883542798 0
113.5421262607325 15.31260561181169 0
114.0577956920141 16.13164633448349 0
112.5046858845832 12.02914153316019 0
113.4933667704686 13.7103698000293 0
113.0531499309624 12.88430584562605 0
112.973375162382 11.21520914550814 0
113.4572721151066 10.37318277831223 0
113.9713451484097 9.553993376035571 0
114.4890734706493 8.739687049264063 0
114.0086946946774 14.50541489162494 0
114.5307925546522 15.30026864562931 0
115.0585406434405 16.15882173222284 0
113.4849177519051 12.08728256316317 0
114.278984265572 13.78223557650662 0
114.0682217639292 12.91503646743016 0
113.9012797282468 11.21259829020608 0
114.4421859914076 10.38037564664429 0
114.9720024392236 9.562216894622779 0
115.4891063593203 8.752318792725887 0
116.000695378761 16.21401671686368 0
114.9851586709627 14.35713801955557 0
115.5308938771396 15.3357619286381 0
114.3710351577809 12.02137917155033 0
114.8788671002333 13.41366411963796 0
114.8188740197328 12.62024644516087 0
115.5539056308174 13.68937274145229 0
114.9071358362116 11.19584607978906 0
115.4391385287623 10.39123282540621 0
115.9736457934112 9.575032472631989 0
116.4899354709664 8.764688315328797 0
116.4536007743234 15.46584505974803 0
116.8558251096648 16.27229963927637 0
116.1139725736469 14.47324823339979 0
116.2746038243527 13.6757794329241 0
115.3033474519661 11.97023332814464 0
115.4728986247545 12.7809191390412 0
116.0707506648034 13.11535971415911 0
115.9025782113585 11.22904981463388 0
116.4352117674601 10.40530014252868 0
116.9671376942803 9.583234767006978 0
117.4925182434934 8.774111331673041 0
118.2567013985396 16.44801717337814 0
117.6113107567816 16.34253608168049 0
117.0174618113003 14.80522857897287 0
117.3022004977951 15.59335792837349 0
116.6891228268914 13.13907205052136 0
116.9452674256042 13.96184442508795 0
117.5346648792585 14.37512113577712 0
116.3647266230616 12.28261889398937 0
116.877972762067 11.26054252726688 0
117.4383708138727 10.39525303870673 0
117.9701397487788 9.585358192674867 0
118.4905164901471 8.781747093921382 0
118.8753535187346 16.51260798399727 0
118.6869180861887 16.06623394502405 0
118.1016436348015 15.71357563551874 0
117.7617429907776 14.96645504590635 0
117.1510768802664 12.70936637526356 0
117.3145055890904 13.27557807897286 0
118.1527757439175 14.34211059751521 0
117.7808555272976 13.71103346610296 0
117.4286727730612 11.98979817425833 0
117.9181208377659 11.19088915339053 0
118.4512353686048 10.3907294692176 0
118.9810598822741 9.587073455523459 0
119.4916064828378 8.791367685694766 0
119.4431737568131 16.50672282142485 0
119.17603709584 15.99731139666284 0
118.8466260937179 15.4749828215232 0
118.4559217529354 14.9362846444678 0
118.8788243588255 14.24439775920828 0
117.9483751692204 12.85542129830988 0
118.5187209787626 13.55562177768523 0
118.4539162561466 11.9970652006203 0
118.9526513525595 11.1910339782474 0
119.4675813647161 10.39047469961962 0
119.9823831616334 9.595173310134413 0
120.4933368971671 8.803272943279254 0
120.0157167614259 16.50785038779917 0
119.751083745263 15.97754207598803 0
120.5836262773309 16.52113243554189 0
119.4898616753383 15.37339507149338 0
119.2219582246901 14.82228272512076 0
119.6466082232282 14.16455822198445 0
119.3186834998546 13.45798803720385 0
118.990878179918 12.7494860152659 0
119.9969131211523 13.61011522198108 0
119.4621128466792 11.9914208699419 0
121.4939873071006 8.812963770888963 0
119.9623095853424 11.18473499700792 0
120.4741219561369 10.39117237540935 0
120.9847839157224 9.602980660195477 0
120.3272328239964 15.98005655245826 0
120.0567944746846 15.50178333711541 0
120.8825179185479 16.02019350075236 0
121.1488347037176 16.54136636271874 0
120.0444457480257 14.83577473766722 0
120.3561879537224 14.07714517090719 0
119.9667533379341 12.85618936836705 0
120.6081684693 13.39622229914823 0
120.4461683681749 11.97001566014281 0
122.4967053961982 8.82446546922025 0
121.9882337753588 9.612978674384294 0
120.971041313757 11.17406793017775 0
121.4761090856815 10.39771638568525 0
120.6753896289594 15.35128503590578 0
121.2223195423381 15.60289638748472 0
121.4695706318215 16.06066603246843 0
121.7030751576155 16.55388116293383 0
122.2427618983363 16.56509479212416 0
120.8643200555576 14.55997360114345 0
120.971093166655 13.918379178741 0
120.8923768706867 12.68968103487841 0
121.3779645500612 13.40508048239107 0
121.447075799709 11.9404031877812 0
123.5010543325721 8.837655911547536 0
122.9961120955723 9.625206036020195 0
122.4811747497084 10.40969349389841 0
121.9570326258645 11.19343408849454 0
121.3576119519691 15.02547568729211 0
121.7263080263451 15.52395198567927 0
121.9880319800454 16.04906835507302 0
122.7844248837398 16.57223095734611 0
122.5085123812098 16.09343424635521 0
121.6155827750837 14.20497320734088 0
121.9349649877586 12.68618205678847 0
122.2007607495529 13.46847136794452 0
122.444826104903 11.98983070939987 0
124.505147435968 8.854781820344051 0
124.009468652756 9.640771492944495 0
123.499510343702 10.42199495465577 0
122.9700489194773 11.20617582076078 0
125.5044529040599 8.872857139274572 0
123.329692187532 16.57781428389589 0
122.0417516835308 14.90977390619857 0
122.2779637849446 15.4973819108772 0
123.0893641831128 16.07203321746746 0
122.8128453614489 15.67838236095439 0
122.4445267266016 14.26860473101682 0
123.8565033698881 16.59561450187536 0
122.871954441053 13.73508057576349 0
122.9227337357826 12.90703979898557 0
123.4371005608257 12.00574930358862 0
125.0152922357416 9.671116355602457 0
124.539750427385 10.43299740842145 0
124.0004973017498 11.21319545555189 0
126.5067508926362 8.880582581610234 0
127.5084128689759 8.866992714077973 0
126.007583360017 9.697608180700634 0
123.6028748605703 16.07519814711786 0
122.8269977307505 15.01304485354949 0
123.3467053496977 15.51650414343517 0
124.1150956394039 16.12971760321504 0
123.2369405216922 14.29206864721692 0
124.3903878138597 16.61207934692143 0
128.4963097464442 8.836557461336177 0
129.3232463255007 8.751881374296701 0
123.6074985172696 13.55080994772586 0
123.9179028526645 12.75182122549325 0
124.3991319695144 11.96797285073475 0
125.5254074798814 10.52763683170425 0
125.0026609339434 11.22298978327029 0
127.0197361520243 9.690615899024543 0
128.0274010293987 9.613610624332949 0
126.4738604957587 10.54284027698774 0
123.8912380079043 15.54645589158288 0
123.6282506873382 14.92859827514737 0
124.6805138645925 16.1469216529168 0
124.413224231826 15.71342735601668 0
124.0392950754388 14.26520149340866 0
124.9174253047372 16.61916892685363 0
129.1198660023892 9.598520626155633 0
124.5665032451054 13.51133931435511 0
124.9063290819101 12.68339931915753 0
125.2346877994103 11.99574881129493 0
128.4665974465169 10.31961902121409 0
126.0031508016122 11.49737552223688 0
127.5520403111918 10.5926661026018 0
126.8857862397141 11.28303328232192 0
125.1834338405535 16.12905578559168 0
124.4345880572183 15.07586532094543 0
124.9211952403236 15.57707567453205 0
124.7964040866191 14.33622892966788 0
125.6804720766471 16.18324598344351 0
125.4303773815212 16.63227984651402 0
129.1987866126497 10.61638807397458 0
125.3155749341466 13.25080728558131 0
125.2489682665965 13.8373792009244 0
125.8621662100713 12.6070065810752 0
128.4065795211117 11.12838336678814 0
126.7974361408445 12.10724888350811 0
127.612336233325 11.61463510830687 0
125.4706191754992 15.61564262929011 0
125.2025962634845 15.02471669673412 0
125.9717713708245 15.8130108173415 0
125.5957577206455 14.40415494050239 0
126.2194178564748 16.20659487731565 0
125.9447740601873 16.65259340153805 0
129.2022082818204 11.56022885023722 0
125.9939078670494 13.61491201239431 0
126.8039979578705 13.07790155942084 0
128.4076798948915 12.06708301323456 0
127.6152440216672 12.56894182005651 0
125.9933694625694 15.15746381131819 0
126.4821126232077 15.69823245806938 0
126.2696409903908 14.45656050136994 0
126.7071876427061 16.24197123815684 0
126.455620179131 16.66964291109739 0
129.2019011016469 12.5280558101167 0
126.9080900543981 14.04223843702322 0
127.6471434531925 13.52706162246775 0
128.4232989479692 13.03143241301984 0
126.9828760016175 15.86477024483748 0
126.9610880939333 15.08992863591991 0
127.2502084046053 16.23292670859437 0
126.9643890019082 16.67868304422704 0
129.2140097347373 13.49791391305558 0
127.6980785747241 14.47263602435726 0
128.45382564369 13.99981604653074 0
127.4860680830778 15.68531754978419 0
127.7434943856565 15.18665887521509 0
127.7535018704943 16.19987908450276 0
127.4714734078188 16.67487769200832 0
129.2490497561238 14.4668077401698 0
128.4847940907265 14.98768579058451 0
128.0874430858208 15.69772637542957 0
128.2623673770505 16.23591775162446 0
127.9634508645927 16.67250842957567 0
129.375747109005 15.31519515336535 0
128.7926091811672 15.88074930200263 0
128.6857417726477 16.44330686353903 0
128.4258834690071 16.72581035478064 0
129.4952041155322 16.0330663299463 0
129.1517813541728 16.42523583525216 0
128.9095845293369 16.79375413218253 0
129.6510870488482 16.55060104807208 0
129.3751963881767 16.86278855556285 0
129.7200391804134 16.90531911638541 0
2 4 0 27
2075
2076
2077
2110
2111
2112
2115
2116
2165
2166
2176
2178
2223
2224
2225
2226
2227
2232
2233
2234
2235
2236
2237
2241
2243
2313
2316
98.56999999999999 22.43000000000001 0
98.01833333333337 22.2091666666667 0
98.29416666666668 22.31958333333335 0
97.74250000000006 22.09875000000004 0
97.46666666666675 21.98833333333338 0
97.19083333333344 21.87791666666672 0
96.91500000000008 21.76750000000006 0
96.63916666666682 21.6570833333334 0
96.36333333333351 21.54666666666675 0
96.0875000000002 21.43625000000009 0
92.77750000000049 20.1112500000002 0
92.50166666666718 20.00083333333354 0
95.81166666666684 21.32583333333343 0
95.53583333333358 21.21541666666677 0
95.26000000000033 21.10500000000012 0
94.98416666666697 20.99458333333346 0
94.70833333333366 20.8841666666668 0
93.0533333333338 20.22166666666686 0
93.32916666666711 20.33208333333351 0
93.60500000000042 20.44250000000017 0
94.43250000000035 20.77375000000015 0
94.15666666666704 20.66333333333348 0
93.88083333333373 20.55291666666683 0
92.22583333333387 19.89041666666688 0
91.94999999999999 19.78 0
91.67017157882009 19.66570388430681 0
91.42482155075305 19.56549049256111 0
2 5 0 20
2106
2118
2152
2153
2154
2155
2156
2213
2214
2215
2217
2218
2219
2267
2285
2286
2340
2341
2418
2419
98.78119072928473 22.3908110627108 0
98.56999999999999 22.25999999999999 0
99.02595364642366 22.42005531355397 0
98.87 22.25999999999999 0
99.32271807104337 22.41643041499533 0
99.62244485550553 22.41410755010587 0
99.91995509981012 22.41146432138917 0
100.2172857433551 22.40867837822915 0
100.5095618327534 22.40569442765846 0
99.17000000000002 22.25999999999999 0
99.47000000000003 22.25999999999999 0
99.77000000000004 22.25999999999999 0
100.07 22.25999999999999 0
100.7587383801754 22.40313888553169 0
100.3708260136248 22.25999999999999 0
100.6716520272495 22.25999999999999 0
100.9724780408743 22.25999999999999 0
101.270310384449 22.39727137797991 0
101.2733036853626 22.25999999999999 0
101.57 22.25999999999999 0
2 6 0 685
2119
2120
2121
2122
2157
2158
2159
2167
2168
2180
2181
2182
2183
2184
2216
2220
2221
2222
2228
2229
2230
2231
2238
2239
2242
2247
2248
2249
2250
2251
2287
2288
2289
2290
2291
2292
2293
2294
2295
2296
2297
2298
2299
2300
2301
2302
2303
2304
2305
2306
2307
2308
2309
2310
2311
2312
2314
2319
2320
2321
2322
2323
2324
2359
2360
2361
2362
2363
2364
2365
2366
2367
2368
2369
2370
2371
2372
2373
2374
2375
2376
2377
2378
2379
2380
2381
2382
2383
2384
2385
2386
2387
2395
2396
2397
2398
2399
2400
2417
2437
2438
2439
2440
2441
2442
2443
2444
2445
2446
2447
2448
2449
2450
2451
2452
2453
2454
2455
2456
2457
2458
2459
2460
2461
2462
2463
2464
2465
2474
2475
2476
2477
2478
2479
2496
2497
2498
2499
2520
2521
2522
2523
2524
2525
2526
2527
2528
2529
2530
2531
2532
2533
2534
2535
2536
2537
2538
2539
2540
2541
2542
2543
2544
2545
2546
2547
2548
2549
2558
2559
2560
2561
2562
2578
2579
2580
2581
2582
2584
2603
2604
2605
2606
2607
2608
2609
2610
2611
2612
2613
2614
2615
2616
2617
2618
2619
2620
2621
2622
2623
2624
2625
2626
2627
2628
2629
2630
2631
2632
2633
2634
2645
2646
2647
2648
2649
2665
2666
2667
2668
2669
2670
2672
2686
2687
2688
2689
2690
2691
2692
2693
2694
2695
2696
2697
2698
2699
2700
2701
2702
2703
2704
2705
2706
2707
2708
2709
2710
2711
2712
2713
2714
2724
2725
2726
2727
2728
2729
2745
2746
2747
2748
2749
2750
2752
2753
2766
2767
2768
2769
2770
2771
2772
2773
2774
2775
2776
2777
2778
2779
2780
2781
2782
2783
2784
2785
2786
2787
2788
2789
2790
2791
2792
2793
2794
2795
2804
2805
2806
2807
2808
2809
2825
2826
2827
2828
2829
2830
2831
2832
2833
2835
2846
2847
2848
2849
2850
2851
2852
2853
2854
2855
2856
2857
2858
2859
2860
2861
2862
2863
2864
2865
2866
2867
2868
2869
2870
2871
2872
2882
2883
2884
2885
2886
2903
2904
2905
2906
2907
2908
2909
2910
2911
2912
2922
2923
2924
2925
2926
2927
2928
2929
2930
2931
2932
2933
2934
2935
2936
2937
2938
2939
2940
2941
2942
2943
2944
2945
2946
2947
2957
2958
2959
2960
2961
2962
2978
2980
2981
2982
2983
2984
2985
2986
2987
2988
2989
3000
3001
3002
3003
3004
3005
3006
3007
3008
3009
3010
3011
3012
3013
3014
3015
3016
3017
3018
3019
3020
3021
3034
3035
3036
3037
3038
3039
3055
3056
3057
3058
3059
3060
3061
3062
3063
3064
3065
3067
3075
3076
3077
3078
3079
3080
3081
3082
3083
3084
3085
3086
3087
3088
3089
3090
3091
3092
3095
3096
3108
3109
3110
3111
3112
3113
3114
3131
3132
3133
3134
3135
3136
3137
3138
3139
3140
3141
3142
3143
3149
3150
3151
3152
3153
3154
3155
3156
3157
3158
3159
3160
3161
3162
3163
3180
3181
3182
3183
3184
3185
3186
3202
3204
3205
3206
3207
3208
3209
3210
3211
3212
3213
3214
3215
3221
3222
3223
3224
3225
3226
3227
3228
3229
3248
3249
3250
3251
3252
3253
3271
3272
3274
3275
3276
3277
3278
3279
3280
3281
3282
3283
3284
3285
3290
3291
3292
3293
3294
3295
3296
3315
3337
3338
3339
3341
3342
3343
3344
3345
3346
3347
3348
3349
3350
3351
3352
3353
3359
3360
3361
3362
3363
3364
3365
3402
3403
3404
3405
3406
3407
3408
3409
3410
3411
3412
3413
3414
3415
3416
3417
3418
3423
3424
3425
3460
3461
3462
3463
3464
3465
3466
3467
3468
3469
3470
3471
3472
3473
3474
3475
3476
3477
3516
3517
3518
3519
3520
3521
3522
3523
3524
3526
3527
3528
3529
3530
3531
3532
3533
3534
3535
3572
3573
3574
3575
3576
3577
3581
3583
3584
3585
3586
3587
3588
3589
3590
3591
3623
3624
3625
3626
3627
3636
3637
3638
3639
3640
3641
3642
3672
3673
3674
3675
3676
3685
3688
3689
3690
3691
3718
3719
3720
3721
3722
3733
3734
3735
3736
3737
3763
3764
3765
3776
3777
3778
3779
3780
97.93144970653003 21.94308131657902 0
98.16348940615171 22.04457095086718 0
98.38427013136823 22.08846928377043 0
98.54017875073316 21.99136332870095 0
97.68297301261379 21.82634717450443 0
97.41453689723295 21.71201294686127 0
97.14088235903267 21.59967506606369 0
96.86513487974383 21.48915664727497 0
96.58910007256628 21.37895074577956 0
98.7552417081335 22.03019726386205 0
97.9042952559073 21.66715753894494 0
98.09931438541946 21.80409735857185 0
98.3535158332898 21.82682880595066 0
98.63033506514 21.7869938882332 0
99.02699732513707 22.02459076189039 0
97.63809233247616 21.54912334510065 0
97.36629622063293 21.43297480888844 0
97.09089730055609 21.32173073642309 0
96.31316349753496 21.26889391557546 0
96.03743081264184 21.15879222816784 0
96.81465733761485 21.21154860375157 0
96.53838968558421 21.10187069731362 0
92.69566618257846 19.85720522379753 0
92.97760426125512 19.95354176151065 0
92.41773275536309 19.76519701752321 0
98.89464524647428 21.77884856414698 0
97.86928882030389 21.38815165385944 0
98.18665216023822 21.53155599744332 0
98.47909568792579 21.5384161989244 0
98.75053952261135 21.53114811247502 0
99.31999999999994 22.01707987423845 0
99.17715663761896 21.77512848343969 0
99.62035131128789 22.0172924563274 0
99.92022585048392 22.01735847420935 0
100.2205160384917 22.01720651729325 0
97.59004998713357 21.26925487086208 0
97.31630564800946 21.15473055781527 0
97.0398831983174 21.04428359238096 0
95.76175530797065 21.04856591515868 0
95.48609737010082 20.93815250953823 0
95.21081807313635 20.82750409690293 0
94.93584311917516 20.71672888668369 0
94.6601333003029 20.60564573939342 0
96.26254662963333 20.99215420591062 0
95.9869088276443 20.88211030136033 0
96.76303217753878 20.93504753693154 0
96.48672441597847 20.82608272829492 0
93.26056201372802 20.05043140265605 0
93.54418386064719 20.1542051496677 0
93.82791275934704 20.26696388166528 0
94.38383995254321 20.49423161363097 0
94.10662311216123 20.38117614139193 0
92.44054780308687 19.54874936965486 0
92.66546870149057 19.63096338397678 0
92.93037720205058 19.7093907820362 0
93.20986498080327 19.79461480935772 0
92.15249999999997 19.57750000000001 0
99.02760491447737 21.52481150343001 0
97.81108202085181 21.10207492620051 0
98.0847810264363 21.21044788115504 0
98.34811769372448 21.28145741094707 0
98.60497426088898 21.28483005661681 0
98.87276030523628 21.27066412182297 0
100.5214534256245 22.01666410870669 0
100.8241138137317 22.01464283315212 0
99.47147583507081 21.77442285304224 0
99.32219987034046 21.53092560882672 0
99.77040618217296 21.77489353647439 0
100.0701206855484 21.77481361091574 0
100.3704085898491 21.77463459060775 0
97.5372360334801 20.99012016566227 0
97.26477665907646 20.87687641383171 0
96.98769843838676 20.7677670573165 0
97.75369429556173 20.8268876765488 0
95.71106272937067 20.77173593810156 0
95.43532243029239 20.6610058333687 0
95.16057156331283 20.54971214341045 0
94.88705489074596 20.43802683486011 0
94.61145491704491 20.32590169797082 0
96.21101279113327 20.71639096234799 0
95.93488214368074 20.60596655473746 0
96.70994320450433 20.66024497543299 0
96.43366931820606 20.55196102134357 0
93.49334616485555 19.88604322177981 0
93.77507426035368 19.98316888635418 0
94.05595336588158 20.09693360325112 0
94.3343630903002 20.21251382527487 0
92.35499999999996 19.37500000000001 0
92.60886037892334 19.38690891787082 0
92.87984390810527 19.46274676430485 0
93.15640464116279 19.54181996624982 0
93.44089560176769 19.6264617219138 0
99.16835910566891 21.28206861206462 0
98.02248415483666 20.93590497204137 0
98.26615906960961 21.03981578222567 0
98.46817478882878 21.10044773759302 0
98.69779955784412 21.01919276611668 0
99.01240901349178 21.03343403100183 0
101.1277699695729 22.00988062205153 0
100.6711603168181 21.7737897969356 0
100.9720559901093 21.77153913515578 0
99.62073194797017 21.53286515188286 0
99.46637370196805 21.28800089339268 0
99.91917570561395 21.53292729382485 0
100.2192543399977 21.53292178564214 0
100.5199467326141 21.53241172415303 0
97.48539860837923 20.71274156522971 0
97.21491753630272 20.5977375031852 0
96.93343578618254 20.49301615487438 0
97.96248659451157 20.6677595125654 0
97.70233584545787 20.55390292786257 0
95.65846988136406 20.49530932962265 0
95.38372662781859 20.38391699334545 0
95.10906416733553 20.2714219851761 0
94.83619805766847 20.15836922278687 0
94.56260647335819 20.04531204717285 0
96.15932454175169 20.44073111598032 0
95.88095122518524 20.32994240997574 0
96.65399848540216 20.38877392131124 0
96.38050460543582 20.28040641853281 0
93.72949577593664 19.7073774410029 0
94.00604742816506 19.80625200018202 0
94.28569954496226 19.93152688463849 0
93.66469078490644 19.45502734307968 0
92.55749999999995 19.17250000000002 0
92.81894190704924 19.22297873525063 0
93.09402885589429 19.28974586590513 0
93.38031227749968 19.36948953811303 0
99.30966437888554 21.04325398246254 0
98.2168125054431 20.7728583316499 0
98.45312566972274 20.88339512597923 0
98.63724357283803 20.77002575549309 0
98.87273641751835 20.78563389307629 0
99.15307258812913 20.79975811542071 0
101.2628720331437 21.76456383982921 0
101.85 22.25999999999999 0
101.4617962542158 21.98853792417205 0
101.7032564650489 22.06811292833078 0
101.1098875520433 21.53556348956728 0
100.8189277044411 21.53299425444172 0
99.76697320154079 21.29084050655484 0
99.60931932026853 21.04768692744545 0
100.0672203506994 21.29128624219204 0
100.3678619549896 21.29184171700064 0
100.6667468821107 21.29373068021859 0
98.16246866027757 20.51220770268117 0
96.87055236790798 20.22252140968201 0
97.43897204335195 20.43139494549371 0
97.16329520839747 20.32172288483374 0
97.91391127421133 20.40652237846251 0
97.65905973762102 20.27834680733567 0
95.60387814145383 20.21958458123359 0
95.3306107823899 20.107778871342 0
95.0560458944932 19.99079493547387 0
94.7909570127436 19.87875946902621 0
94.51653231671048 19.76485548387343 0
96.10844777603228 20.16174190191416 0
95.82017263677773 20.05650661177023 0
96.59558724133962 20.12468671932508 0
96.33184784004948 20.01460460511169 0
93.95091561170062 19.50257095995076 0
94.23893554670258 19.61571358343801 0
94.5020918318304 19.52516884157595 0
93.80446842492489 19.28123303116288 0
93.55606669375055 19.19861248982151 0
92.75999999999999 18.97000000000003 0
93.02781304410956 19.03329340002005 0
93.3008573574395 19.10814679149237 0
99.449219285205 20.80675640908179 0
98.43252647215411 20.59809774365854 0
98.71424582919093 20.55964324014172 0
98.99139502013867 20.56309907250554 0
99.28293924990118 20.56633467890034 0
102.1257589785881 22.14938035242885 0
101.3922237176234 21.52453369446313 0
101.5030617466867 21.73049882339254 0
101.9236733173151 21.99515978897843 0
101.7091745779144 21.83700384550904 0
102.4013296195556 22.03883625576567 0
101.2269904412648 21.31195058315531 0
100.9597119755883 21.29654811187651 0
99.91201796146862 21.04888445358512 0
99.75077936445882 20.80805012738463 0
100.2157220217152 21.0496799093346 0
100.5159267519863 21.05215587134078 0
100.8181061730447 21.05643240249886 0
98.11250535722576 20.26776794338096 0
98.31043052346797 20.35620958483025 0
96.79872507885472 19.96653920360816 0
97.07937676669206 20.04209065153297 0
97.40882532395329 20.12391798451536 0
97.8845558007165 20.15916307822186 0
97.67682151603367 20.05832119132019 0
95.54908272122879 19.94415004611247 0
95.28171691823701 19.83686029819587 0
95.01072659964808 19.73170047815261 0
95.75652031642312 19.77710295620324 0
94.76363273458327 19.58152464669764 0
95.01133413706975 19.50830704153281 0
96.07788580699389 19.84826025011415 0
96.56181395262337 19.87702706202925 0
96.3519159766094 19.78423347129997 0
94.14914570039633 19.38046542430755 0
94.00960051908118 19.28356820541906 0
94.36103986847201 19.35806867540873 0
94.62417938217527 19.3348226867891 0
93.9510759794083 19.1255982123113 0
93.75344929467451 19.0179297032293 0
93.49829388627103 18.9233143843642 0
92.96249999999998 18.76750000000004 0
93.23054572900668 18.84139349510824 0
99.58272434379069 20.5720182596209 0
98.53470718367555 20.31799743936153 0
98.81721101477541 20.32441590204547 0
99.1080223398107 20.34075978379562 0
99.41320192233286 20.31561643297748 0
101.4993641108145 21.30843747788025 0
102.17742346977 21.87214278275509 0
101.6892421505362 21.5378548129893 0
101.9556430826639 21.7055788137509 0
102.6808350585485 21.92671373009516 0
102.4530010604771 21.75870399749112 0
102.9603425558872 21.81459037872718 0
101.3589912265869 21.13076278607099 0
101.1175418780253 21.04864791684174 0
100.0607930113792 20.80534785583073 0
99.89023101050213 20.56741980081527 0
100.3633416921275 20.80625036290226 0
100.6592010320676 20.81633203895036 0
100.9377911433005 20.82245084691321 0
98.07349767773985 20.05801022556497 0
98.32831130679637 20.11441858472558 0
96.74734170419504 19.77005629919822 0
96.97378876574959 19.7927518750275 0
97.26107385528945 19.82509055153103 0
97.55992803593836 19.84452095147395 0
97.87153924146742 19.88600992326685 0
95.50155503643106 19.66708308705773 0
95.24228047523098 19.57965437103652 0
95.70316631527885 19.54944692015761 0
95.93781101508944 19.56779572835004 0
94.88944243395088 19.32753045466788 0
95.15058844193561 19.32112525710939 0
96.23617659141212 19.57619304746854 0
96.5460615525497 19.60206064717477 0
94.18523695602528 19.14240569732118 0
94.47267239988247 19.11463401162484 0
94.75617963462116 19.10300436247101 0
94.00618949786116 18.87865657110758 0
93.72051938795181 18.72586954140041 0
93.42859501190679 18.64835972447434 0
93.16499999999996 18.56500000000004 0
99.69768433225823 20.35633215277291 0
99.58289927117994 20.16844877177328 0
98.63409764922096 20.09601185528247 0
98.92816235686115 20.10044952839985 0
99.19452712216975 20.11520935049924 0
99.42748844498647 20.08617615155351 0
101.5650850942397 21.05850050260903 0
101.7666827705872 21.23821041897241 0
102.2249289896825 21.59062615334734 0
101.9877142844956 21.42088307524917 0
102.7317045313097 21.646942236293 0
102.5031523058363 21.47860474707551 0
103.239850053226 21.70246702735921 0
103.0109852026303 21.53540634025927 0
101.3562740277849 20.91425899655346 0
101.1649021976347 20.80814085472993 0
100.2149025722021 20.53802451880596 0
99.97263785924588 20.31577919152407 0
100.5134120393724 20.57588870450663 0
100.8006646855856 20.59115672633552 0
101.0663288507059 20.61399581214812 0
98.17453022541741 19.85809832726385 0
98.47002232737719 19.85927053466074 0
96.83573605117664 19.57275238037359 0
97.11922066273604 19.58088497249276 0
97.41156752855142 19.59505585597359 0
97.71168593846386 19.61185635527269 0
98.01257275383017 19.61795707859056 0
95.49081234471709 19.36770086264713 0
95.78578432731598 19.34054731424909 0
96.08387714808219 19.34251145932095 0
95.03814070539084 19.09564744731286 0
95.33281762313527 19.09484883617053 0
96.38433495655562 19.34857692742582 0
96.68112943125158 19.3491840918473 0
94.31767257316227 18.87980262646803 0
94.61047439116999 18.87301229957419 0
94.90375157634082 18.86761392324863 0
93.80625379431621 18.51438137423319 0
93.94142973399812 18.62647652816801 0
94.17277477270665 18.63226790669626 0
93.59135971863805 18.46902701178601 0
93.36749999999995 18.36250000000005 0
93.77218018955728 18.3445339568014 0
99.5902917336964 19.97083524064697 0
99.7858299226254 20.11328388091554 0
98.76380354931604 19.86030071550662 0
99.05120379751833 19.8648782885175 0
99.35061194342467 19.86095039667709 0
99.57469820467122 19.77078757459225 0
101.5904773731974 20.79933514117003 0
101.8173532202152 20.96120545929665 0
102.04490286202 21.13320403167285 0
102.2726397348521 21.30784350376223 0
102.7827692649556 21.3680664317885 0
102.5541504684563 21.19958085269112 0
103.5193575505647 21.59034367599124 0
103.2904429963102 21.42370433209852 0
103.0623560231579 21.25722922802367 0
103.7988650479034 21.47822032462327 0
101.3406436016762 20.64016782363069 0
101.6163615176412 20.53805400039906 0
100.4194709105021 20.36434771144535 0
100.2199446786857 20.23511699133948 0
100.0217369549049 20.03988105186828 0
100.666122562698 20.33501288343513 0
100.9611324853683 20.38326007205967 0
101.190180746266 20.43862070271264 0
98.31006276901763 19.61528497642774 0
98.60467273907284 19.61594918103149 0
96.97056590172986 19.34738696461763 0
97.26259187391918 19.35227220743326 0
97.55914797522013 19.36097744665324 0
97.85538131960948 19.36662941361777 0
98.15223702900539 19.36986347569448 0
95.63489415121728 19.10990345569949 0
95.93274981355194 19.10825780036797 0
96.23101368337672 19.10967155989751 0
95.19452497672199 18.86394209879229 0
95.48984490478244 18.86826972343242 0
96.52783464062139 19.11175984811008 0
96.82224348487648 19.11256778338193 0
94.45843251271111 18.63743572664717 0
94.75413765030191 18.63558314698547 0
95.0481375166321 18.63178252765615 0
94.00268169910623 18.40452927697179 0
94.29976976680217 18.39404517290357 0
99.80929496136997 19.83490076296891 0
98.89459150804822 19.61817839480079 0
99.17442943991671 19.62000649428533 0
99.68913550769872 19.61072133320553 0
99.44164486101397 19.5987596766448 0
101.8536235236701 20.68845462471319 0
102.0898927675198 20.85674385737384 0
102.323077905503 21.02613491212723 0
102.8353019063457 21.0910988351045 0
102.6079616932448 20.92573668628878 0
103.5701896745982 21.31176582294786 0
103.3410689728114 21.14535703603363 0
103.1144283498365 20.97998662181942 0
104.0783725452421 21.3660969732553 0
103.8501795172141 21.19984036066186 0
101.3999799394338 20.36876946684791 0
101.6219924498089 20.31020805243417 0
101.8796891445233 20.39384902093185 0
100.0931579127754 19.79506185003086 0
100.4616725560382 20.16328393473843 0
100.2786113397099 19.98520005773845 0
100.6559209671783 20.09968275196458 0
100.8658196373552 20.14940442391611 0
101.1828188541457 20.18691033887684 0
98.44793394387773 19.37074273993861 0
98.74162233680039 19.37191772485445 0
97.11397906819786 19.11536809721589 0
97.40892557484511 19.11812515477817 0
97.70486295893619 19.1220009204828 0
98.00044293082647 19.12527727857468 0
98.29670470726217 19.12683635374593 0
95.7840909298032 18.87163080039002 0
96.08052303977621 18.8726846077106 0
96.37709042958676 18.87393232129003 0
95.34095203871874 18.63046773652921 0
95.63551584405042 18.63483380233714 0
96.67275721565056 18.87513460327497 0
96.96727795976733 18.87649218448987 0
94.60168904235479 18.39998331192035 0
94.8993724507655 18.39733810465371 0
95.19435315278184 18.39618650714244 0
99.92660006121446 19.60101707751262 0
99.03225302634689 19.37454280912318 0
99.78562335035923 19.43953356386514 0
99.312952254908 19.37654125153028 0
99.57746983010026 19.39144454322136 0
100.16518917523 19.56187980389804 0
104.3578800425809 21.25397362188733 0
102.1289603170588 20.5815223811803 0
102.371125077107 20.74893851687856 0
102.8906640339383 20.81610955392485 0
102.666073447975 20.65515360545559 0
102.1558333873926 20.34369686819 0
103.6218976024109 21.03340897575831 0
103.1693697128371 20.70354899982047 0
103.394913561637 20.86749256692633 0
104.1301100166749 21.08819288064993 0
103.9026120382189 20.92181657907318 0
101.4957240392505 20.12551065448138 0
101.7592333135806 20.142698131717 0
102.0277330756672 20.14929855624134 0
100.354852991362 19.74764771240745 0
100.520302944493 19.93020880604619 0
100.7656871353074 19.92050371168698 0
101.0356752444135 19.92385554410829 0
101.3264117972425 19.92029243712057 0
98.59320089796591 19.12837393837054 0
98.88768730714776 19.12971933505766 0
97.26165339781289 18.87829120790438 0
97.55699425990315 18.88035146729794 0
97.85247810103277 18.88264949406847 0
98.14845135629849 18.88408655967945 0
98.44468480727249 18.88515024451768 0
95.93148278534903 18.63549377729326 0
96.22766800862331 18.63629992725015 0
96.52371702769972 18.63712926522802 0
95.48765691057503 18.39753067401562 0
95.78320073459258 18.39807116709953 0
96.81891978781795 18.63833101539865 0
97.11432497994247 18.6390130243697 0
100.4022535947965 19.51934765823371 0
99.98361468411605 19.35375450619875 0
99.18193309594005 19.13136021372591 0
99.76237600001843 19.17981396451115 0
99.47308700660335 19.14329746957128 0
100.2310567537635 19.3216493720295 0
104.4094529424079 20.97687156682671 0
104.6373875399196 21.14185027051935 0
102.4107843313403 20.44833965884564 0
102.9511516824563 20.54115059730314 0
102.7521599533798 20.37150624502389 0
102.3079125396841 20.17139140142447 0
103.6748787149862 20.75433325347046 0
103.2234421297982 20.42861040378781 0
103.4496008114021 20.5883948656948 0
104.1826270432845 20.81091426325163 0
103.9565615403696 20.64438081739049 0
104.9168950372583 21.02972691915138 0
101.6132286924512 19.91291206547112 0
101.8916214080071 19.91792261835934 0
102.1721086608154 19.92623329682533 0
100.6152858900337 19.66719717274819 0
100.5773775728317 19.43476968035297 0
100.8954634566178 19.68228832421149 0
101.1736357700406 19.68497400148961 0
101.4601871143511 19.68477655203171 0
98.74053800588956 18.88597229439214 0
99.03648942027542 18.88621695132731 0
97.40968462678308 18.63999518129042 0
98.00099584579374 18.64226883698101 0
97.70526713609615 18.64111130870126 0
98.29686379351688 18.6428567106311 0
98.59272121074702 18.64326769284643 0
96.07908739367053 18.3985234182294 0
96.37562502235721 18.3987947479136 0
96.67126443135174 18.39934600743814 0
96.96657498513628 18.3999993025695 0
97.26211007436507 18.40048427510164 0
100.4626237323224 19.29400092443481 0
100.0476631345728 19.12181180504686 0
99.88270619894791 18.96412804820191 0
99.33293646203418 18.89047685497892 0
99.64710400539718 18.89547063230503 0
99.86444198133029 18.78223705765421 0
100.3342786237727 19.07021993632796 0
104.4603568293028 20.70167022800724 0
104.6881264135075 20.86548927828505 0
102.5827841030168 20.16103157880309 0
103.0052008168092 20.27197477580624 0
102.8170276793932 20.15237731253057 0
102.4569732959068 19.9328541411605 0
103.2599278556989 20.160677431323 0
103.7308052195667 20.47052966356257 0
103.5057044886514 20.305933775022 0
104.2339269565603 20.53807003198956 0
104.0149612892237 20.37056804881159 0
105.1964025345971 20.9176035677834 0
104.9667708033036 20.75314879992595 0
101.7463239212217 19.68587395285351 0
102.0312007288619 19.69011925116362 0
102.3172436858372 19.69569974086736 0
100.7660299928779 19.45527378231964 0
100.6451645427733 19.30312127873418 0
101.0205512278828 19.44110990239933 0
101.3056099839516 19.45079465837377 0
101.5964320999609 19.45284154953264 0
98.88833164144188 18.64347214110165 0
99.1824466601866 18.6423880105776 0
97.5579734541069 18.40047399392227 0
98.14926976212701 18.40125780501001 0
97.85360684033407 18.40087211405481 0
98.44498723728549 18.40145228251905 0
98.74076860170726 18.40130534133164 0
100.5880450209256 19.10719801412456 0
100.5223611787534 18.92624194679878 0
100.0919458734209 18.84130678149229 0
99.4764715241343 18.64419577381391 0
99.71805664263627 18.62160992471632 0
99.96991431380383 18.60370136359515 0
100.3461536654509 18.7836009164018 0
105.4759100319358 20.80548021641543 0
104.5101320219534 20.42894789522793 0
104.7380621476929 20.58987483787926 0
102.7384787161566 19.94177883302097 0
103.0284176777314 19.98466957004803 0
102.6050241663887 19.70298802069596 0
103.5029752448377 20.04154147210359 0
103.2959803108246 19.93189184278809 0
103.7837144335111 20.15957668105843 0
104.2791515840292 20.27197516518186 0
104.0996682656744 20.1116403368262 0
105.2455038059831 20.64031902587325 0
105.0158457938955 20.47629187723275 0
101.8857264026478 19.45523835273382 0
102.1744429765905 19.4586652438598 0
102.4637794619434 19.46305210735017 0
100.8423372671286 19.20315633547168 0
101.1519953209011 19.20946128107305 0
101.444286900121 19.21847638428621 0
101.7376622590222 19.21990224114855 0
99.03681252496852 18.40212269886388 0
99.3234777918932 18.38802999692707 0
100.7421767163161 18.93780943620416 0
100.6021125126888 18.73355950429978 0
100.1984613589696 18.56345334666834 0
99.59895558329328 18.37233583672818 0
99.85825619243928 18.36671550832898 0
100.0746530031682 18.40771272875163 0
105.5244826570676 20.5274071284439 0
105.7554175292745 20.69335686504746 0
104.5617001357803 20.15805116188493 0
104.7876702045701 20.31409868351086 0
102.8959841000126 19.71382705411047 0
103.1863242652247 19.7201597407568 0
102.7547131899539 19.46860477594543 0
103.7026807386334 19.90748897038623 0
103.4922660065502 19.74860464294326 0
103.930422443062 19.90916003218373 0
104.3464251424344 20.00417849525108 0
104.1592695544739 19.8854110107369 0
105.2936099907786 20.36261376608479 0
105.0638912025412 20.19804092420956 0
102.0290017106877 19.22190073629374 0
102.3199392106032 19.22441276163953 0
102.6113841128967 19.22743238641985 0
101.0066958655022 18.96612166602682 0
101.296042377583 18.97963331206269 0
101.5893457523285 18.98387589323099 0
101.8824407971146 18.98489155839479 0
100.8702493039347 18.73317100741725 0
106.0349250266132 20.58123351367949 0
105.5719587897727 20.24961812829592 0
105.8040517532948 20.41597053986724 0
106.314432523952 20.46911016231152 0
104.6158182273219 19.87835300149217 0
104.8365007489321 20.0334791729613 0
103.0476158332544 19.47384913666058 0
103.3439698262474 19.4782587861332 0
102.9041063187499 19.23069203252211 0
103.7775471033586 19.69065575461711 0
103.6363845567246 19.47023593381782 0
104.0692929247737 19.66696361437995 0
104.3629430873266 19.71964029538438 0
104.6261378454 19.64823730843207 0
105.3394108699426 20.08607583860245 0
105.110441537169 19.92395954958992 0
102.17459179953 18.98624271111055 0
102.4666418436278 18.98779098147514 0
102.7591316498187 18.98949439097164 0
101.1527329513231 18.74153543797277 0
101.4433039157974 18.74602859338192 0
101.7360086283452 18.74755553694426 0
102.0287483847121 18.74811828344696 0
106.0842932703982 20.30484903934935 0
105.6171385979383 19.9736987485729 0
105.8514278254723 20.14096371160903 0
106.5939400212907 20.35698681094355 0
106.3628987701881 20.19461060735887 0
104.8759183316928 19.73263684917022 0
103.1982864204733 19.23282492301492 0
103.4930538763821 19.22908644976241 0
103.0524371314003 18.9912383232055 0
103.9300593797279 19.45146396770873 0
103.7846950754081 19.22343836047923 0
104.2178696974724 19.45532900436994 0
104.4995923629273 19.45310248781293 0
104.7764172177314 19.45745390830062 0
105.3794251014552 19.80852391486163 0
105.1665422534322 19.6876725387274 0
106.8734475186295 20.24486345957558 0
102.3212289044997 18.7487742394601 0
102.6137401579221 18.74947062245112 0
102.9065048586369 18.75010636315363 0
107.1529550159682 20.13274010820761 0
105.6509878608968 19.69638238182494 0
106.1309756044156 20.03220969500502 0
105.8986519937096 19.86898910203166 0
106.640072614619 20.08495841230874 0
106.4089724530836 19.92340871142296 0
105.0546670052647 19.4567852189227 0
103.3464399663765 18.9894313409798 0
103.6403859786864 18.98621444674729 0
103.1996317011841 18.75026736020165 0
104.0752955939244 19.21954836972167 0
103.9328037443826 18.98412198569045 0
104.3634311376988 19.21900710935694 0
104.6506630394074 19.21870431553923 0
104.9450093266995 19.21717704848754 0
105.3907611799996 19.48985264965113 0
105.727330876845 19.43699186144116 0
106.9169712084981 19.97556778856201 0
107.4324625133069 20.02061675683964 0
107.1949762911257 19.86526901256762 0
105.9556879543691 19.60797103933559 0
106.1770066377631 19.75980378175898 0
106.6827419567992 19.81684253744996 0
106.4524353669092 19.65774915701278 0
105.2394833853846 19.22127549371269 0
103.4930452889769 18.74845734852498 0
103.786001616648 18.74750642897673 0
104.2229145288568 18.98392979072476 0
104.0778262258654 18.74724184159043 0
104.5131646883432 18.98297936740429 0
104.806263596726 18.98229313630805 0
105.1000966662584 18.98175297326844 0
105.9709882376299 19.38213037665439 0
105.5509043928054 19.2043692491185 0
105.845039652735 19.19775755122606 0
106.9571256169908 19.70968981340632 0
107.7119700106456 19.90849340547166 0
107.2360501489129 19.60117392428643 0
107.4738407796359 19.75276730054145 0
106.213878346472 19.4680033382356 0
106.7199269047985 19.55104205026756 0
106.5114980234426 19.42721300792321 0
105.3954617412803 18.97771582282792 0
104.3695852572853 18.74691516070752 0
104.6625260544759 18.74638758215243 0
104.9554218918163 18.74609349081397 0
105.2483624809759 18.74456661344226 0
106.1130043577282 19.19992809303358 0
105.6912231604029 18.97235487295265 0
105.9792994029088 18.9709053166174 0
106.9919618723015 19.44846726285937 0
107.7555140625997 19.63852182284339 0
107.9914775079844 19.79637005410369 0
107.2864806805691 19.34808451574784 0
107.5117558087931 19.48311426620051 0
106.4017574890577 19.20484857703796 0
106.7230741622105 19.24725995021292 0
105.5423630519121 18.74200335092231 0
106.2670583846586 18.97271566082469 0
105.8342180555874 18.74135097221144 0
106.1252528063408 18.741324749456 0
107.0557624456681 19.18620502043526 0
107.7881797025635 19.3707334045675 0
108.0336810311635 19.5190157559223 0
108.270985005323 19.68424670273572 0
107.2910101423264 19.12343598911114 0
107.5447664764145 19.19485582033036 0
107.8122429826783 19.14251325880262 0
106.5643338381219 18.97705491297101 0
106.8649692993405 18.96615338245606 0
106.4181385758122 18.74202787165248 0
107.1654463187822 18.95069134122437 0
108.0658564214219 19.23610484319195 0
108.3276701361511 19.4273054365812 0
108.5504925026618 19.57212335136775 0
107.4277931853227 18.94644387460205 0
107.6959028326483 18.94966543328082 0
107.9664598577488 18.96118265501984 0
106.7127255291601 18.73996510681864 0
107.0074137196157 18.73454747657899 0
107.2946745037443 18.73047502897483 0
108.3964918574019 19.17747413398347 0
108.2146911477909 18.97110280147527 0
108.6194111021707 19.32221864436681 0
108.83 19.46 0
107.5747710647034 18.72944723042468 0
107.8492696951225 18.72349510581652 0
108.1154061249489 18.72182447776495 0
108.6632716442064 19.12120562868321 0
108.4718640286714 18.94179071128378 0
108.3269517448513 18.77118392578294 0
108.8691337137876 19.28191519638 0
109.045 19.45500000000001 0
2 7 0 15
2315
2388
2389
2390
2391
2467
2469
2470
2550
2554
2635
2636
2637
2638
2715
91.87671729674224 19.49440610542224 0
91.6100766063974 19.4157502313051 0
92.0809639373752 19.30633666939514 0
91.80453400309915 19.23906120568745 0
92.28586225186888 19.10863463317737 0
92.01304186641295 19.04789258246132 0
92.48924022382414 18.90698810584234 0
92.21942748360101 18.84309044136541 0
92.69013346746402 18.70670568336795 0
92.42251908801308 18.64100909490893 0
92.88977128534827 18.5058997839496 0
92.61677226832433 18.44886143407479 0
92.76472205232392 18.31497179826971 0
92.93072043273025 18.3011835023017 0
93.10910882597858 18.36504592928921 0
2 8 0 0
$EndNodes
$Elements
16 9553 1 9553
0 1 15 21
9141 1
9142 2
9143 5
9144 6
9145 10
9146 11
9147 12
9148 19
9149 20
9150 23
9151 24
9152 33
9153 38
9154 39
9155 52
9156 53
9157 60
9158 61
9159 62
9160 63
9161 64
0 2 15 21
9162 4243
9163 4275
9164 4306
9165 4335
9166 4363
9167 4389
9168 4412
9169 4435
9170 4455
9171 4473
9172 4490
9173 4506
9174 4519
9175 4530
9176 4540
9177 4548
9178 4555
9179 4561
9180 4566
9181 4569
9182 4571
0 3 15 131
9183 1
9184 4
9185 9
9186 18
9187 32
9188 51
9189 78
9190 103
9191 129
9192 154
9193 180
9194 205
9195 231
9196 257
9197 283
9198 309
9199 335
9200 361
9201 387
9202 413
9203 439
9204 465
9205 491
9206 517
9207 543
9208 569
9209 595
9210 621
9211 647
9212 673
9213 699
9214 725
9215 751
9216 777
9217 803
9218 829
9219 855
9220 881
9221 907
9222 933
9223 959
9224 985
9225 1011
9226 1037
9227 1063
9228 1089
9229 1115
9230 1141
9231 1167
9232 1193
9233 1219
9234 1245
9235 1271
9236 1297
9237 1323
9238 1349
9239 1375
9240 1401
9241 1427
9242 1453
9243 1479
9244 1505
9245 1531
9246 1557
9247 1583
9248 1609
9249 1635
9250 1661
9251 1687
9252 1713
9253 1739
9254 1765
9255 1791
9256 1817
9257 1843
9258 1869
9259 1895
9260 1921
9261 1947
9262 1973
9263 2000
9264 2027
9265 2056
9266 2092
9267 2137
9268 2199
9269 2266
9270 2339
9271 2415
9272 2494
9273 2577
9274 2664
9275 2744
9276 2824
9277 2901
9278 2977
9279 3054
9280 3125
9281 3197
9282 3265
9283 3332
9284 3397
9285 3455
9286 3511
9287 3567
9288 3618
9289 3667
9290 3713
9291 3757
9292 3799
9293 3832
9294 3872
9295 3909
9296 3942
9297 3972
9298 4002
9299 4025
9300 4050
9301 4075
9302 4099
9303 4114
9304 4138
9305 4139
9306 4144
9307 4145
9308 4146
9309 4176
9310 4177
9311 4209
9312 4210
9313 4243
0 4 15 240
9314 1
9315 2
9316 5
9317 6
9318 10
9319 11
9320 12
9321 19
9322 20
9323 22
9324 23
9325 24
9326 33
9327 37
9328 38
9329 39
9330 52
9331 53
9332 59
9333 60
9334 61
9335 62
9336 63
9337 64
9338 86
9339 112
9340 138
9341 164
9342 190
9343 216
9344 242
9345 268
9346 294
9347 320
9348 346
9349 372
9350 398
9351 424
9352 450
9353 476
9354 502
9355 528
9356 554
9357 580
9358 606
9359 632
9360 658
9361 684
9362 710
9363 736
9364 762
9365 788
9366 814
9367 840
9368 866
9369 892
9370 918
9371 944
9372 970
9373 996
9374 1022
9375 1048
9376 1074
9377 1100
9378 1126
9379 1152
9380 1178
9381 1204
9382 1230
9383 1254
9384 1280
9385 1306
9386 1332
9387 1358
9388 1384
9389 1410
9390 1436
9391 1462
9392 1488
9393 1514
9394 1540
9395 1565
9396 1591
9397 1617
9398 1643
9399 1662
9400 1689
9401 1716
9402 1743
9403 1770
9404 1797
9405 1824
9406 1851
9407 1878
9408 1905
9409 1931
9410 1957
9411 1983
9412 2010
9413 2037
9414 2040
9415 2041
9416 2066
9417 2069
9418 2070
9419 2071
9420 2072
9421 2073
9422 2074
9423 2099
9424 2105
9425 2107
9426 2108
9427 2109
9428 2113
9429 2114
9430 2117
9431 2138
9432 2150
9433 2151
9434 2160
9435 2161
9436 2162
9437 2163
9438 2164
9439 2169
9440 2170
9441 2171
9442 2172
9443 2173
9444 2174
9445 2175
9446 2177
9447 2179
9448 2200
9449 2201
9450 2240
9451 2244
9452 2245
9453 2246
9454 2268
9455 2269
9456 2270
9457 2282
9458 2284
9459 2342
9460 2354
9461 2357
9462 2416
9463 2430
9464 2431
9465 2434
9466 2495
9467 2500
9468 2510
9469 2515
9470 2516
9471 2583
9472 2585
9473 2671
9474 2718
9475 2751
9476 2754
9477 2834
9478 2902
9479 2979
9480 2990
9481 3066
9482 3130
9483 3203
9484 3270
9485 3273
9486 3340
9487 3354
9488 3419
9489 3478
9490 3536
9491 3592
9492 3643
9493 3692
9494 3738
9495 3781
9496 3821
9497 3861
9498 3893
9499 3927
9500 3957
9501 3988
9502 4017
9503 4044
9504 4069
9505 4090
9506 4115
9507 4142
9508 4169
9509 4170
9510 4199
9511 4230
9512 4243
9513 4261
9514 4267
9515 4275
9516 4299
9517 4306
9518 4329
9519 4335
9520 4358
9521 4363
9522 4384
9523 4389
9524 4408
9525 4412
9526 4431
9527 4435
9528 4452
9529 4455
9530 4471
9531 4473
9532 4488
9533 4490
9534 4504
9535 4506
9536 4517
9537 4519
9538 4528
9539 4530
9540 4538
9541 4540
9542 4546
9543 4548
9544 4553
9545 4555
9546 4559
9547 4561
9548 4564
9549 4566
9550 4568
9551 4569
9552 4570
9553 4571
1 1 1 20
8773 2 1
8775 5 2
8777 6 5
8778 11 6
8780 10 20
8782 12 11
8783 23 12
8785 19 33
8786 20 19
8788 39 24
8789 24 23
8791 33 53
8793 61 38
8794 38 39
8796 52 60
8797 53 52
8799 60 64
8800 62 61
8801 63 62
8802 64 63
1 2 1 130
8774 1 4
8776 4 9
8779 9 18
8784 18 32
8790 32 51
8795 51 78
8803 78 103
8805 103 129
8807 129 154
8809 154 180
8811 180 205
8813 205 231
8815 231 257
8817 257 283
8819 283 309
8821 309 335
8823 335 361
8825 361 387
8827 387 413
8829 413 439
8831 439 465
8833 465 491
8835 491 517
8837 517 543
8839 543 569
8841 569 595
8843 595 621
8845 621 647
8847 647 673
8849 673 699
8851 699 725
8853 725 751
8855 751 777
8857 777 803
8859 803 829
8861 829 855
8863 855 881
8865 881 907
8867 907 933
8869 933 959
8871 959 985
8873 985 1011
8875 1011 1037
8877 1037 1063
8879 1063 1089
8881 1089 1115
8883 1115 1141
8885 1141 1167
8887 1167 1193
8889 1193 1219
8891 1219 1245
8893 1245 1271
8895 1271 1297
8897 1297 1323
8899 1323 1349
8901 1349 1375
8903 1375 1401
8905 1401 1427
8907 1427 1453
8909 1453 1479
8911 1479 1505
8913 1505 1531
8915 1531 1557
8917 1557 1583
8919 1583 1609
8921 1609 1635
8923 1635 1661
8925 1661 1687
8927 1687 1713
8929 1713 1739
8931 1739 1765
8933 1765 1791
8935 1791 1817
8937 1817 1843
8939 1843 1869
8941 1869 1895
8943 1895 1921
8945 1921 1947
8947 1947 1973
8949 1973 2000
8951 2000 2027
8953 2027 2056
8958 2056 2092
8966 2092 2137
8976 2137 2199
8993 2199 2266
9000 2266 2339
9006 2339 2415
9010 2415 2494
9015 2494 2577
9020 2577 2664
9023 2664 2744
9025 2744 2824
9028 2824 2901
9030 2901 2977
9032 2977 3054
9035 3054 3125
9037 3125 3197
9039 3197 3265
9041 3265 3332
9044 3332 3397
9047 3397 3455
9049 3455 3511
9051 3511 3567
9053 3567 3618
9055 3618 3667
9057 3667 3713
9059 3713 3757
9061 3757 3799
9063 3799 3832
9065 3832 3872
9067 3872 3909
9069 3909 3942
9071 3942 3972
9073 3972 4002
9075 4002 4025
9077 4025 4050
9079 4050 4075
9081 4075 4099
9083 4099 4114
9084 4114 4138
9086 4138 4139
9087 4139 4144
9089 4144 4145
9090 4145 4146
9091 4146 4176
9094 4176 4177
9095 4177 4209
9097 4209 4210
9098 4210 4243
1 3 1 198
8781 22 10
8787 37 22
8792 59 37
8798 86 59
8804 112 86
8806 138 112
8808 164 138
8810 190 164
8812 216 190
8814 242 216
8816 268 242
8818 294 268
8820 320 294
8822 346 320
8824 372 346
8826 398 372
8828 424 398
8830 450 424
8832 476 450
8834 502 476
8836 528 502
8838 554 528
8840 580 554
8842 606 580
8844 632 606
8846 658 632
8848 684 658
8850 710 684
8852 736 710
8854 762 736
8856 788 762
8858 814 788
8860 840 814
8862 866 840
8864 892 866
8866 918 892
8868 944 918
8870 970 944
8872 996 970
8874 1022 996
8876 1048 1022
8878 1074 1048
8880 1100 1074
8882 1126 1100
8884 1152 1126
8886 1178 1152
8888 1204 1178
8890 1230 1204
8892 1254 1230
8894 1280 1254
8896 1306 1280
8898 1332 1306
8900 1358 1332
8902 1384 1358
8904 1410 1384
8906 1436 1410
8908 1462 1436
8910 1488 1462
8912 1514 1488
8914 1540 1514
8916 1565 1540
8918 1591 1565
8920 1617 1591
8922 1643 1617
8924 1662 1643
8926 1689 1662
8928 1716 1689
8930 1743 1716
8932 1770 1743
8934 1797 1770
8936 1824 1797
8938 1851 1824
8940 1878 1851
8942 1905 1878
8944 1931 1905
8946 1957 1931
8948 1983 1957
8950 2010 1983
8952 2037 2010
8954 2066 2037
8955 2069 2041
8956 2040 2070
8957 2041 2040
8959 2099 2066
8960 2105 2069
8961 2070 2071
8962 2071 2072
8963 2072 2073
8964 2073 2074
8965 2074 2113
8967 2138 2099
8968 2107 2105
8969 2108 2107
8970 2109 2108
8971 2150 2109
8972 2113 2114
8973 2114 2160
8974 2169 2117
8975 2117 2177
8977 2201 2138
8978 2151 2150
8979 2200 2151
8980 2160 2161
8981 2161 2162
8982 2162 2163
8983 2163 2164
8984 2164 2172
8985 2170 2169
8986 2171 2170
8987 2174 2171
8988 2172 2173
8989 2173 2175
8990 2175 2174
8991 2177 2179
8992 2179 2240
8994 2268 2200
8995 2270 2201
8996 2246 2282
8997 2240 2244
8998 2244 2245
8999 2245 2246
9001 2269 2268
9002 2342 2269
9003 2284 2270
9004 2282 2354
9005 2357 2284
9007 2416 2342
9008 2354 2430
9009 2434 2357
9011 2495 2416
9012 2430 2431
9013 2431 2510
9014 2516 2434
9016 2500 2495
9017 2583 2500
9018 2510 2515
9019 2515 2516
9021 2585 2583
9022 2671 2585
9024 2751 2671
9026 2754 2751
9027 2834 2754
9029 2902 2834
9031 2979 2902
9033 2990 2979
9034 3066 2990
9036 3130 3066
9038 3203 3130
9040 3270 3203
9042 3273 3270
9043 3340 3273
9045 3354 3340
9046 3419 3354
9048 3478 3419
9050 3536 3478
9052 3592 3536
9054 3643 3592
9056 3692 3643
9058 3738 3692
9060 3781 3738
9062 3821 3781
9064 3861 3821
9066 3893 3861
9068 3927 3893
9070 3957 3927
9072 3988 3957
9074 4017 3988
9076 4044 4017
9078 4069 4044
9080 4090 4069
9082 4115 4090
9085 4142 4115
9088 4169 4142
9092 4170 4169
9093 4199 4170
9096 4230 4199
9099 4261 4230
9101 4267 4261
9102 4299 4267
9104 4329 4299
9106 4358 4329
9108 4384 4358
9110 4408 4384
9112 4431 4408
9114 4452 4431
9116 4471 4452
9118 4488 4471
9120 4504 4488
9122 4517 4504
9124 4528 4517
9126 4538 4528
9128 4546 4538
9130 4553 4546
9132 4559 4553
9134 4564 4559
9136 4568 4564
9138 4570 4568
9139 4571 4570
1 4 1 20
9100 4243 4275
9103 4275 4306
9105 4306 4335
9107 4335 4363
9109 4363 4389
9111 4389 4412
9113 4412 4435
9115 4435 4455
9117 4455 4473
9119 4473 4490
9121 4490 4506
9123 4506 4519
9125 4519 4530
9127 4530 4540
9129 4540 4548
9131 4548 4555
9133 4555 4561
9135 4561 4566
9137 4566 4569
9140 4569 4571
2 1 2 2614
1 3 2 1
2 3 1 4
3 7 5 2
4 3 7 2
5 3 4 8
6 3 8 7
7 9 8 4
8 13 6 5
9 5 7 13
10 14 11 6
11 6 13 14
12 15 13 7
13 7 8 15
14 16 15 8
15 9 17 8
16 16 8 17
17 17 9 18
20 25 12 11
21 11 14 25
22 26 23 12
23 26 12 25
24 27 14 13
25 13 15 27
26 25 14 28
27 27 28 14
28 27 15 29
29 16 29 15
30 16 17 30
31 16 30 29
32 18 31 17
33 30 17 31
34 31 18 32
42 40 39 24
43 23 41 24
44 40 24 41
45 23 26 41
46 42 26 25
47 42 25 28
48 43 41 26
49 43 26 42
50 44 28 27
51 44 27 29
52 45 28 44
53 46 42 28
54 45 46 28
55 47 44 29
56 30 48 29
57 47 29 48
58 31 49 30
59 48 30 49
60 32 50 31
61 49 31 50
62 50 32 51
76 40 67 39
78 40 68 67
79 40 41 68
80 68 41 69
81 43 69 41
82 43 42 70
83 46 70 42
84 43 70 69
85 45 44 71
86 47 71 44
87 46 72 70
88 45 71 72
89 46 45 72
90 47 48 74
91 47 74 71
92 73 71 74
93 49 75 48
94 48 75 74
95 50 76 49
96 75 49 76
97 51 77 50
98 76 50 77
99 77 51 78
128 68 93 67
130 93 68 94
131 69 94 68
132 94 69 95
133 69 70 95
134 95 70 96
135 72 96 70
136 72 97 96
137 72 71 97
138 73 97 71
139 73 74 98
140 73 98 97
141 75 99 74
142 98 74 99
143 76 100 75
144 99 75 100
145 77 101 76
146 100 76 101
147 78 102 77
148 101 77 102
149 102 78 103
178 94 119 93
180 119 94 120
181 95 120 94
182 120 95 121
183 96 121 95
184 121 96 122
185 96 97 122
186 123 122 97
187 98 123 97
188 98 124 123
189 98 99 124
190 100 125 99
191 124 99 125
192 101 126 100
193 125 100 126
194 102 127 101
195 126 101 127
196 103 128 102
197 127 102 128
198 128 103 129
227 120 144 119
229 144 120 145
230 121 145 120
231 145 121 146
232 122 146 121
233 146 122 147
234 123 147 122
235 147 123 148
236 124 148 123
237 148 124 149
238 125 149 124
239 126 150 125
240 149 125 150
241 127 151 126
242 150 126 151
243 128 152 127
244 151 127 152
245 129 153 128
246 152 128 153
247 153 129 154
276 145 170 144
278 170 145 171
279 146 171 145
280 171 146 172
281 147 172 146
282 172 147 173
283 148 173 147
284 173 148 174
285 149 174 148
286 174 149 175
287 150 175 149
288 151 176 150
289 175 150 176
290 152 177 151
291 176 151 177
292 153 178 152
293 177 152 178
294 154 179 153
295 178 153 179
296 179 154 180
325 171 195 170
327 195 171 196
328 172 196 171
329 196 172 197
330 173 197 172
331 197 173 198
332 174 198 173
333 198 174 199
334 175 199 174
335 199 175 200
336 176 200 175
337 177 201 176
338 200 176 201
339 178 202 177
340 201 177 202
341 179 203 178
342 202 178 203
343 180 204 179
344 203 179 204
345 204 180 205
374 196 221 195
376 221 196 222
377 197 222 196
378 222 197 223
379 198 223 197
380 223 198 224
381 199 224 198
382 224 199 225
383 200 225 199
384 225 200 226
385 201 226 200
386 202 227 201
387 226 201 227
388 203 228 202
389 227 202 228
390 204 229 203
391 228 203 229
392 205 230 204
393 229 204 230
394 230 205 231
424 222 247 221
426 247 222 248
427 223 248 222
428 248 223 249
429 224 249 223
430 249 224 250
431 225 250 224
432 250 225 251
433 226 251 225
434 251 226 252
435 227 252 226
436 228 253 227
437 252 227 253
438 229 254 228
439 253 228 254
440 230 255 229
441 254 229 255
442 231 256 230
443 255 230 256
444 256 231 257
474 248 273 247
476 273 248 274
477 249 274 248
478 274 249 275
479 250 275 249
480 275 250 276
481 251 276 250
482 276 251 277
483 252 277 251
484 277 252 278
485 253 278 252
486 254 279 253
487 278 253 279
488 255 280 254
489 279 254 280
490 256 281 255
491 280 255 281
492 257 282 256
493 281 256 282
494 282 257 283
524 274 299 273
526 299 274 300
527 275 300 274
528 300 275 301
529 276 301 275
530 301 276 302
531 277 302 276
532 302 277 303
533 278 303 277
534 303 278 304
535 279 304 278
536 280 305 279
537 304 279 305
538 281 306 280
539 305 280 306
540 282 307 281
541 306 281 307
542 283 308 282
543 307 282 308
544 308 283 309
574 300 325 299
576 325 300 326
577 301 326 300
578 326 301 327
579 302 327 301
580 327 302 328
581 303 328 302
582 328 303 329
583 304 329 303
584 329 304 330
585 305 330 304
586 306 331 305
587 330 305 331
588 307 332 306
589 331 306 332
590 308 333 307
591 332 307 333
592 309 334 308
593 333 308 334
594 334 309 335
624 326 351 325
626 351 326 352
627 327 352 326
628 352 327 353
629 328 353 327
630 353 328 354
631 329 354 328
632 354 329 355
633 330 355 329
634 355 330 356
635 331 356 330
636 332 357 331
637 356 331 357
638 333 358 332
639 357 332 358
640 334 359 333
641 358 333 359
642 335 360 334
643 359 334 360
644 360 335 361
674 352 377 351
676 377 352 378
677 353 378 352
678 378 353 379
679 354 379 353
680 379 354 380
681 355 380 354
682 380 355 381
683 356 381 355
684 381 356 382
685 357 382 356
686 358 383 357
687 382 357 383
688 359 384 358
689 383 358 384
690 360 385 359
691 384 359 385
692 361 386 360
693 385 360 386
694 386 361 387
724 378 403 377
726 403 378 404
727 379 404 378
728 404 379 405
729 380 405 379
730 405 380 406
731 381 406 380
732 406 381 407
733 382 407 381
734 407 382 408
735 383 408 382
736 384 409 383
737 408 383 409
738 385 410 384
739 409 384 410
740 386 411 385
741 410 385 411
742 387 412 386
743 411 386 412
744 412 387 413
774 404 429 403
776 429 404 430
777 405 430 404
778 430 405 431
779 406 431 405
780 431 406 432
781 407 432 406
782 432 407 433
783 408 433 407
784 433 408 434
785 409 434 408
786 410 435 409
787 434 409 435
788 411 436 410
789 435 410 436
790 412 437 411
791 436 411 437
792 413 438 412
793 437 412 438
794 438 413 439
824 430 455 429
826 455 430 456
827 431 456 430
828 456 431 457
829 432 457 431
830 457 432 458
831 433 458 432
832 458 433 459
833 434 459 433
834 459 434 460
835 435 460 434
836 436 461 435
837 460 435 461
838 437 462 436
839 461 436 462
840 438 463 437
841 462 437 463
842 439 464 438
843 463 438 464
844 464 439 465
874 456 481 455
876 481 456 482
877 457 482 456
878 482 457 483
879 458 483 457
880 483 458 484
881 459 484 458
882 484 459 485
883 460 485 459
884 485 460 486
885 461 486 460
886 462 487 461
887 486 461 487
888 463 488 462
889 487 462 488
890 464 489 463
891 488 463 489
892 465 490 464
893 489 464 490
894 490 465 491
924 482 507 481
926 507 482 508
927 483 508 482
928 508 483 509
929 484 509 483
930 509 484 510
931 485 510 484
932 510 485 511
933 486 511 485
934 511 486 512
935 487 512 486
936 488 513 487
937 512 487 513
938 489 514 488
939 513 488 514
940 490 515 489
941 514 489 515
942 491 516 490
943 515 490 516
944 516 491 517
974 508 533 507
976 533 508 534
977 509 534 508
978 534 509 535
979 510 535 509
980 535 510 536
981 511 536 510
982 536 511 537
983 512 537 511
984 537 512 538
985 513 538 512
986 514 539 513
987 538 513 539
988 515 540 514
989 539 514 540
990 516 541 515
991 540 515 541
992 517 542 516
993 541 516 542
994 542 517 543
1024 534 559 533
1026 559 534 560
1027 535 560 534
1028 560 535 561
1029 536 561 535
1030 561 536 562
1031 537 562 536
1032 562 537 563
1033 538 563 537
1034 563 538 564
1035 539 564 538
1036 540 565 539
1037 564 539 565
1038 541 566 540
1039 565 540 566
1040 542 567 541
1041 566 541 567
1042 543 568 542
1043 567 542 568
1044 568 543 569
1074 560 585 559
1076 585 560 586
1077 561 586 560
1078 586 561 587
1079 562 587 561
1080 587 562 588
1081 563 588 562
1082 588 563 589
1083 564 589 563
1084 589 564 590
1085 565 590 564
1086 566 591 565
1087 590 565 591
1088 567 592 566
1089 591 566 592
1090 568 593 567
1091 592 567 593
1092 569 594 568
1093 593 568 594
1094 594 569 595
1124 586 611 585
1126 611 586 612
1127 587 612 586
1128 612 587 613
1129 588 613 587
1130 613 588 614
1131 589 614 588
1132 614 589 615
1133 590 615 589
1134 615 590 616
1135 591 616 590
1136 592 617 591
1137 616 591 617
1138 593 618 592
1139 617 592 618
1140 594 619 593
1141 618 593 619
1142 595 620 594
1143 619 594 620
1144 620 595 621
1174 612 637 611
1176 637 612 638
1177 613 638 612
1178 638 613 639
1179 614 639 613
1180 639 614 640
1181 615 640 614
1182 640 615 641
1183 616 641 615
1184 641 616 642
1185 617 642 616
1186 618 643 617
1187 642 617 643
1188 619 644 618
1189 643 618 644
1190 620 645 619
1191 644 619 645
1192 621 646 620
1193 645 620 646
1194 646 621 647
1224 638 663 637
1226 663 638 664
1227 639 664 638
1228 664 639 665
1229 640 665 639
1230 665 640 666
1231 641 666 640
1232 666 641 667
1233 642 667 641
1234 667 642 668
1235 643 668 642
1236 644 669 643
1237 668 643 669
1238 645 670 644
1239 669 644 670
1240 646 671 645
1241 670 645 671
1242 647 672 646
1243 671 646 672
1244 672 647 673
1274 664 689 663
1276 689 664 690
1277 665 690 664
1278 690 665 691
1279 666 691 665
1280 691 666 692
1281 667 692 666
1282 692 667 693
1283 668 693 667
1284 693 668 694
1285 669 694 668
1286 670 695 669
1287 694 669 695
1288 671 696 670
1289 695 670 696
1290 672 697 671
1291 696 671 697
1292 673 698 672
1293 697 672 698
1294 698 673 699
1324 690 715 689
1326 715 690 716
1327 691 716 690
1328 716 691 717
1329 692 717 691
1330 717 692 718
1331 693 718 692
1332 718 693 719
1333 694 719 693
1334 719 694 720
1335 695 720 694
1336 696 721 695
1337 720 695 721
1338 697 722 696
1339 721 696 722
1340 698 723 697
1341 722 697 723
1342 699 724 698
1343 723 698 724
1344 724 699 725
1374 716 741 715
1376 741 716 742
1377 717 742 716
1378 742 717 743
1379 718 743 717
1380 743 718 744
1381 719 744 718
1382 744 719 745
1383 720 745 719
1384 745 720 746
1385 721 746 720
1386 722 747 721
1387 746 721 747
1388 723 748 722
1389 747 722 748
1390 724 749 723
1391 748 723 749
1392 725 750 724
1393 749 724 750
1394 750 725 751
1424 742 767 741
1426 767 742 768
1427 743 768 742
1428 768 743 769
1429 744 769 743
1430 769 744 770
1431 745 770 744
1432 770 745 771
1433 746 771 745
1434 771 746 772
1435 747 772 746
1436 748 773 747
1437 772 747 773
1438 749 774 748
1439 773 748 774
1440 750 775 749
1441 774 749 775
1442 751 776 750
1443 775 750 776
1444 776 751 777
1474 768 793 767
1476 793 768 794
1477 769 794 768
1478 794 769 795
1479 770 795 769
1480 795 770 796
1481 771 796 770
1482 796 771 797
1483 772 797 771
1484 797 772 798
1485 773 798 772
1486 774 799 773
1487 798 773 799
1488 775 800 774
1489 799 774 800
1490 776 801 775
1491 800 775 801
1492 777 802 776
1493 801 776 802
1494 802 777 803
1524 794 819 793
1526 819 794 820
1527 795 820 794
1528 820 795 821
1529 796 821 795
1530 821 796 822
1531 797 822 796
1532 822 797 823
1533 798 823 797
1534 823 798 824
1535 799 824 798
1536 800 825 799
1537 824 799 825
1538 801 826 800
1539 825 800 826
1540 802 827 801
1541 826 801 827
1542 803 828 802
1543 827 802 828
1544 828 803 829
1574 820 845 819
1576 845 820 846
1577 821 846 820
1578 846 821 847
1579 822 847 821
1580 847 822 848
1581 823 848 822
1582 848 823 849
1583 824 849 823
1584 849 824 850
1585 825 850 824
1586 826 851 825
1587 850 825 851
1588 827 852 826
1589 851 826 852
1590 828 853 827
1591 852 827 853
1592 829 854 828
1593 853 828 854
1594 854 829 855
1624 846 871 845
1626 871 846 872
1627 847 872 846
1628 872 847 873
1629 848 873 847
1630 873 848 874
1631 849 874 848
1632 874 849 875
1633 850 875 849
1634 875 850 876
1635 851 876 850
1636 852 877 851
1637 876 851 877
1638 853 878 852
1639 877 852 878
1640 854 879 853
1641 878 853 879
1642 855 880 854
1643 879 854 880
1644 880 855 881
1674 872 897 871
1676 897 872 898
1677 873 898 872
1678 898 873 899
1679 874 899 873
1680 899 874 900
1681 875 900 874
1682 900 875 901
1683 876 901 875
1684 901 876 902
1685 877 902 876
1686 878 903 877
1687 902 877 903
1688 879 904 878
1689 903 878 904
1690 880 905 879
1691 904 879 905
1692 881 906 880
1693 905 880 906
1694 906 881 907
1724 898 923 897
1726 923 898 924
1727 899 924 898
1728 924 899 925
1729 900 925 899
1730 925 900 926
1731 901 926 900
1732 926 901 927
1733 902 927 901
1734 927 902 928
1735 903 928 902
1736 904 929 903
1737 928 903 929
1738 905 930 904
1739 929 904 930
1740 906 931 905
1741 930 905 931
1742 907 932 906
1743 931 906 932
1744 932 907 933
1774 924 949 923
1776 949 924 950
1777 925 950 924
1778 950 925 951
1779 926 951 925
1780 951 926 952
1781 927 952 926
1782 952 927 953
1783 928 953 927
1784 953 928 954
1785 929 954 928
1786 930 955 929
1787 954 929 955
1788 931 956 930
1789 955 930 956
1790 932 957 931
1791 956 931 957
1792 933 958 932
1793 957 932 958
1794 958 933 959
1824 950 975 949
1826 975 950 976
1827 951 976 950
1828 976 951 977
1829 952 977 951
1830 977 952 978
1831 953 978 952
1832 978 953 979
1833 954 979 953
1834 979 954 980
1835 955 980 954
1836 956 981 955
1837 980 955 981
1838 957 982 956
1839 981 956 982
1840 958 983 957
1841 982 957 983
1842 959 984 958
1843 983 958 984
1844 984 959 985
1874 976 1001 975
1876 1001 976 1002
1877 977 1002 976
1878 1002 977 1003
1879 978 1003 977
1880 1003 978 1004
1881 979 1004 978
1882 1004 979 1005
1883 980 1005 979
1884 1005 980 1006
1885 981 1006 980
1886 982 1007 981
1887 1006 981 1007
1888 983 1008 982
1889 1007 982 1008
1890 984 1009 983
1891 1008 983 1009
1892 985 1010 984
1893 1009 984 1010
1894 1010 985 1011
1924 1002 1027 1001
1926 1027 1002 1028
1927 1003 1028 1002
1928 1028 1003 1029
1929 1004 1029 1003
1930 1029 1004 1030
1931 1005 1030 1004
1932 1030 1005 1031
1933 1006 1031 1005
1934 1031 1006 1032
1935 1007 1032 1006
1936 1008 1033 1007
1937 1032 1007 1033
1938 1009 1034 1008
1939 1033 1008 1034
1940 1010 1035 1009
1941 1034 1009 1035
1942 1011 1036 1010
1943 1035 1010 1036
1944 1036 1011 1037
1974 1028 1053 1027
1976 1053 1028 1054
1977 1029 1054 1028
1978 1054 1029 1055
1979 1030 1055 1029
1980 1055 1030 1056
1981 1031 1056 1030
1982 1056 1031 1057
1983 1032 1057 1031
1984 1057 1032 1058
1985 1033 1058 1032
1986 1034 1059 1033
1987 1058 1033 1059
1988 1035 1060 1034
1989 1059 1034 1060
1990 1036 1061 1035
1991 1060 1035 1061
1992 1037 1062 1036
1993 1061 1036 1062
1994 1062 1037 1063
2024 1054 1079 1053
2026 1079 1054 1080
2027 1055 1080 1054
2028 1080 1055 1081
2029 1056 1081 1055
2030 1081 1056 1082
2031 1057 1082 1056
2032 1082 1057 1083
2033 1058 1083 1057
2034 1083 1058 1084
2035 1059 1084 1058
2036 1060 1085 1059
2037 1084 1059 1085
2038 1061 1086 1060
2039 1085 1060 1086
2040 1062 1087 1061
2041 1086 1061 1087
2042 1063 1088 1062
2043 1087 1062 1088
2044 1088 1063 1089
2074 1080 1105 1079
2076 1105 1080 1106
2077 1081 1106 1080
2078 1106 1081 1107
2079 1082 1107 1081
2080 1107 1082 1108
2081 1083 1108 1082
2082 1108 1083 1109
2083 1084 1109 1083
2084 1109 1084 1110
2085 1085 1110 1084
2086 1086 1111 1085
2087 1110 1085 1111
2088 1087 1112 1086
2089 1111 1086 1112
2090 1088 1113 1087
2091 1112 1087 1113
2092 1089 1114 1088
2093 1113 1088 1114
2094 1114 1089 1115
2124 1106 1131 1105
2126 1131 1106 1132
2127 1107 1132 1106
2128 1132 1107 1133
2129 1108 1133 1107
2130 1133 1108 1134
2131 1109 1134 1108
2132 1134 1109 1135
2133 1110 1135 1109
2134 1135 1110 1136
2135 1111 1136 1110
2136 1112 1137 1111
2137 1136 1111 1137
2138 1113 1138 1112
2139 1137 1112 1138
2140 1114 1139 1113
2141 1138 1113 1139
2142 1115 1140 1114
2143 1139 1114 1140
2144 1140 1115 1141
2174 1132 1157 1131
2176 1157 1132 1158
2177 1133 1158 1132
2178 1158 1133 1159
2179 1134 1159 1133
2180 1159 1134 1160
2181 1135 1160 1134
2182 1160 1135 1161
2183 1136 1161 1135
2184 1161 1136 1162
2185 1137 1162 1136
2186 1138 1163 1137
2187 1162 1137 1163
2188 1139 1164 1138
2189 1163 1138 1164
2190 1140 1165 1139
2191 1164 1139 1165
2192 1141 1166 1140
2193 1165 1140 1166
2194 1166 1141 1167
2224 1158 1183 1157
2226 1183 1158 1184
2227 1159 1184 1158
2228 1184 1159 1185
2229 1160 1185 1159
2230 1185 1160 1186
2231 1161 1186 1160
2232 1186 1161 1187
2233 1162 1187 1161
2234 1187 1162 1188
2235 1163 1188 1162
2236 1164 1189 1163
2237 1188 1163 1189
2238 1165 1190 1164
2239 1189 1164 1190
2240 1166 1191 1165
2241 1190 1165 1191
2242 1167 1192 1166
2243 1191 1166 1192
2244 1192 1167 1193
2274 1184 1209 1183
2276 1209 1184 1210
2277 1185 1210 1184
2278 1210 1185 1211
2279 1186 1211 1185
2280 1211 1186 1212
2281 1187 1212 1186
2282 1212 1187 1213
2283 1188 1213 1187
2284 1213 1188 1214
2285 1189 1214 1188
2286 1190 1215 1189
2287 1214 1189 1215
2288 1191 1216 1190
2289 1215 1190 1216
2290 1192 1217 1191
2291 1216 1191 1217
2292 1193 1218 1192
2293 1217 1192 1218
2294 1218 1193 1219
2324 1210 1235 1209
2326 1235 1210 1236
2327 1211 1236 1210
2328 1236 1211 1237
2329 1212 1237 1211
2330 1237 1212 1238
2331 1213 1238 1212
2332 1238 1213 1239
2333 1214 1239 1213
2334 1239 1214 1240
2335 1215 1240 1214
2336 1216 1241 1215
2337 1240 1215 1241
2338 1217 1242 1216
2339 1241 1216 1242
2340 1218 1243 1217
2341 1242 1217 1243
2342 1219 1244 1218
2343 1243 1218 1244
2344 1244 1219 1245
2374 1236 1261 1235
2376 1261 1236 1262
2377 1237 1262 1236
2378 1262 1237 1263
2379 1238 1263 1237
2380 1263 1238 1264
2381 1239 1264 1238
2382 1264 1239 1265
2383 1240 1265 1239
2384 1265 1240 1266
2385 1241 1266 1240
2386 1242 1267 1241
2387 1266 1241 1267
2388 1243 1268 1242
2389 1267 1242 1268
2390 1244 1269 1243
2391 1268 1243 1269
2392 1245 1270 1244
2393 1269 1244 1270
2394 1270 1245 1271
2424 1262 1287 1261
2426 1287 1262 1288
2427 1263 1288 1262
2428 1288 1263 1289
2429 1264 1289 1263
2430 1289 1264 1290
2431 1265 1290 1264
2432 1290 1265 1291
2433 1266 1291 1265
2434 1291 1266 1292
2435 1267 1292 1266
2436 1268 1293 1267
2437 1292 1267 1293
2438 1269 1294 1268
2439 1293 1268 1294
2440 1270 1295 1269
2441 1294 1269 1295
2442 1271 1296 1270
2443 1295 1270 1296
2444 1296 1271 1297
2474 1288 1313 1287
2476 1313 1288 1314
2477 1289 1314 1288
2478 1314 1289 1315
2479 1290 1315 1289
2480 1315 1290 1316
2481 1291 1316 1290
2482 1316 1291 1317
2483 1292 1317 1291
2484 1317 1292 1318
2485 1293 1318 1292
2486 1294 1319 1293
2487 1318 1293 1319
2488 1295 1320 1294
2489 1319 1294 1320
2490 1296 1321 1295
2491 1320 1295 1321
2492 1297 1322 1296
2493 1321 1296 1322
2494 1322 1297 1323
2524 1314 1339 1313
2526 1339 1314 1340
2527 1315 1340 1314
2528 1340 1315 1341
2529 1316 1341 1315
2530 1341 1316 1342
2531 1317 1342 1316
2532 1342 1317 1343
2533 1318 1343 1317
2534 1343 1318 1344
2535 1319 1344 1318
2536 1320 1345 1319
2537 1344 1319 1345
2538 1321 1346 1320
2539 1345 1320 1346
2540 1322 1347 1321
2541 1346 1321 1347
2542 1323 1348 1322
2543 1347 1322 1348
2544 1348 1323 1349
2574 1340 1365 1339
2576 1365 1340 1366
2577 1341 1366 1340
2578 1366 1341 1367
2579 1342 1367 1341
2580 1367 1342 1368
2581 1343 1368 1342
2582 1368 1343 1369
2583 1344 1369 1343
2584 1369 1344 1370
2585 1345 1370 1344
2586 1346 1371 1345
2587 1370 1345 1371
2588 1347 1372 1346
2589 1371 1346 1372
2590 1348 1373 1347
2591 1372 1347 1373
2592 1349 1374 1348
2593 1373 1348 1374
2594 1374 1349 1375
2624 1366 1391 1365
2626 1391 1366 1392
2627 1367 1392 1366
2628 1392 1367 1393
2629 1368 1393 1367
2630 1393 1368 1394
2631 1369 1394 1368
2632 1394 1369 1395
2633 1370 1395 1369
2634 1395 1370 1396
2635 1371 1396 1370
2636 1372 1397 1371
2637 1396 1371 1397
2638 1373 1398 1372
2639 1397 1372 1398
2640 1374 1399 1373
2641 1398 1373 1399
2642 1375 1400 1374
2643 1399 1374 1400
2644 1400 1375 1401
2674 1392 1417 1391
2676 1417 1392 1418
2677 1393 1418 1392
2678 1418 1393 1419
2679 1394 1419 1393
2680 1419 1394 1420
2681 1395 1420 1394
2682 1420 1395 1421
2683 1396 1421 1395
2684 1421 1396 1422
2685 1397 1422 1396
2686 1398 1423 1397
2687 1422 1397 1423
2688 1399 1424 1398
2689 1423 1398 1424
2690 1400 1425 1399
2691 1424 1399 1425
2692 1401 1426 1400
2693 1425 1400 1426
2694 1426 1401 1427
2724 1418 1443 1417
2726 1443 1418 1444
2727 1419 1444 1418
2728 1444 1419 1445
2729 1420 1445 1419
2730 1445 1420 1446
2731 1421 1446 1420
2732 1446 1421 1447
2733 1422 1447 1421
2734 1447 1422 1448
2735 1423 1448 1422
2736 1424 1449 1423
2737 1448 1423 1449
2738 1425 1450 1424
2739 1449 1424 1450
2740 1426 1451 1425
2741 1450 1425 1451
2742 1427 1452 1426
2743 1451 1426 1452
2744 1452 1427 1453
2774 1444 1469 1443
2776 1469 1444 1470
2777 1445 1470 1444
2778 1470 1445 1471
2779 1446 1471 1445
2780 1471 1446 1472
2781 1447 1472 1446
2782 1472 1447 1473
2783 1448 1473 1447
2784 1473 1448 1474
2785 1449 1474 1448
2786 1450 1475 1449
2787 1474 1449 1475
2788 1451 1476 1450
2789 1475 1450 1476
2790 1452 1477 1451
2791 1476 1451 1477
2792 1453 1478 1452
2793 1477 1452 1478
2794 1478 1453 1479
2824 1470 1495 1469
2826 1495 1470 1496
2827 1471 1496 1470
2828 1496 1471 1497
2829 1472 1497 1471
2830 1497 1472 1498
2831 1473 1498 1472
2832 1498 1473 1499
2833 1474 1499 1473
2834 1499 1474 1500
2835 1475 1500 1474
2836 1476 1501 1475
2837 1500 1475 1501
2838 1477 1502 1476
2839 1501 1476 1502
2840 1478 1503 1477
2841 1502 1477 1503
2842 1479 1504 1478
2843 1503 1478 1504
2844 1504 1479 1505
2874 1496 1521 1495
2876 1521 1496 1522
2877 1497 1522 1496
2878 1522 1497 1523
2879 1498 1523 1497
2880 1523 1498 1524
2881 1499 1524 1498
2882 1524 1499 1525
2883 1500 1525 1499
2884 1525 1500 1526
2885 1501 1526 1500
2886 1502 1527 1501
2887 1526 1501 1527
2888 1503 1528 1502
2889 1527 1502 1528
2890 1504 1529 1503
2891 1528 1503 1529
2892 1505 1530 1504
2893 1529 1504 1530
2894 1530 1505 1531
2924 1522 1547 1521
2926 1547 1522 1548
2927 1523 1548 1522
2928 1548 1523 1549
2929 1524 1549 1523
2930 1549 1524 1550
2931 1525 1550 1524
2932 1550 1525 1551
2933 1526 1551 1525
2934 1551 1526 1552
2935 1527 1552 1526
2936 1528 1553 1527
2937 1552 1527 1553
2938 1529 1554 1528
2939 1553 1528 1554
2940 1530 1555 1529
2941 1554 1529 1555
2942 1531 1556 1530
2943 1555 1530 1556
2944 1556 1531 1557
2974 1548 1573 1547
2976 1573 1548 1574
2977 1549 1574 1548
2978 1574 1549 1575
2979 1550 1575 1549
2980 1575 1550 1576
2981 1551 1576 1550
2982 1576 1551 1577
2983 1552 1577 1551
2984 1577 1552 1578
2985 1553 1578 1552
2986 1554 1579 1553
2987 1578 1553 1579
2988 1555 1580 1554
2989 1579 1554 1580
2990 1556 1581 1555
2991 1580 1555 1581
2992 1557 1582 1556
2993 1581 1556 1582
2994 1582 1557 1583
3024 1574 1599 1573
3026 1599 1574 1600
3027 1575 1600 1574
3028 1600 1575 1601
3029 1576 1601 1575
3030 1601 1576 1602
3031 1577 1602 1576
3032 1602 1577 1603
3033 1578 1603 1577
3034 1603 1578 1604
3035 1579 1604 1578
3036 1580 1605 1579
3037 1604 1579 1605
3038 1581 1606 1580
3039 1605 1580 1606
3040 1582 1607 1581
3041 1606 1581 1607
3042 1583 1608 1582
3043 1607 1582 1608
3044 1608 1583 1609
3074 1600 1625 1599
3076 1625 1600 1626
3077 1601 1626 1600
3078 1626 1601 1627
3079 1602 1627 1601
3080 1627 1602 1628
3081 1603 1628 1602
3082 1628 1603 1629
3083 1604 1629 1603
3084 1629 1604 1630
3085 1605 1630 1604
3086 1606 1631 1605
3087 1630 1605 1631
3088 1607 1632 1606
3089 1631 1606 1632
3090 1608 1633 1607
3091 1632 1607 1633
3092 1609 1634 1608
3093 1633 1608 1634
3094 1634 1609 1635
3124 1626 1651 1625
3126 1651 1626 1652
3127 1627 1652 1626
3128 1652 1627 1653
3129 1628 1653 1627
3130 1653 1628 1654
3131 1629 1654 1628
3132 1654 1629 1655
3133 1630 1655 1629
3134 1655 1630 1656
3135 1631 1656 1630
3136 1632 1657 1631
3137 1656 1631 1657
3138 1633 1658 1632
3139 1657 1632 1658
3140 1634 1659 1633
3141 1658 1633 1659
3142 1635 1660 1634
3143 1659 1634 1660
3144 1660 1635 1661
3174 1652 1677 1651
3176 1677 1652 1678
3177 1653 1678 1652
3178 1678 1653 1679
3179 1654 1679 1653
3180 1679 1654 1680
3181 1655 1680 1654
3182 1680 1655 1681
3183 1656 1681 1655
3184 1681 1656 1682
3185 1657 1682 1656
3186 1658 1683 1657
3187 1682 1657 1683
3188 1659 1684 1658
3189 1683 1658 1684
3190 1660 1685 1659
3191 1684 1659 1685
3192 1661 1686 1660
3193 1685 1660 1686
3194 1686 1661 1687
3224 1678 1703 1677
3226 1703 1678 1704
3227 1679 1704 1678
3228 1704 1679 1705
3229 1680 1705 1679
3230 1705 1680 1706
3231 1681 1706 1680
3232 1706 1681 1707
3233 1682 1707 1681
3234 1707 1682 1708
3235 1683 1708 1682
3236 1684 1709 1683
3237 1708 1683 1709
3238 1685 1710 1684
3239 1709 1684 1710
3240 1686 1711 1685
3241 1710 1685 1711
3242 1687 1712 1686
3243 1711 1686 1712
3244 1712 1687 1713
3274 1704 1729 1703
3276 1729 1704 1730
3277 1705 1730 1704
3278 1730 1705 1731
3279 1706 1731 1705
3280 1731 1706 1732
3281 1707 1732 1706
3282 1732 1707 1733
3283 1708 1733 1707
3284 1733 1708 1734
3285 1709 1734 1708
3286 1710 1735 1709
3287 1734 1709 1735
3288 1711 1736 1710
3289 1735 1710 1736
3290 1712 1737 1711
3291 1736 1711 1737
3292 1713 1738 1712
3293 1737 1712 1738
3294 1738 1713 1739
3324 1730 1755 1729
3326 1755 1730 1756
3327 1731 1756 1730
3328 1756 1731 1757
3329 1732 1757 1731
3330 1757 1732 1758
3331 1733 1758 1732
3332 1758 1733 1759
3333 1734 1759 1733
3334 1759 1734 1760
3335 1735 1760 1734
3336 1736 1761 1735
3337 1760 1735 1761
3338 1737 1762 1736
3339 1761 1736 1762
3340 1738 1763 1737
3341 1762 1737 1763
3342 1739 1764 1738
3343 1763 1738 1764
3344 1764 1739 1765
3374 1756 1781 1755
3376 1781 1756 1782
3377 1757 1782 1756
3378 1782 1757 1783
3379 1758 1783 1757
3380 1783 1758 1784
3381 1759 1784 1758
3382 1784 1759 1785
3383 1760 1785 1759
3384 1785 1760 1786
3385 1761 1786 1760
3386 1762 1787 1761
3387 1786 1761 1787
3388 1763 1788 1762
3389 1787 1762 1788
3390 1764 1789 1763
3391 1788 1763 1789
3392 1765 1790 1764
3393 1789 1764 1790
3394 1790 1765 1791
3424 1782 1807 1781
3426 1807 1782 1808
3427 1783 1808 1782
3428 1808 1783 1809
3429 1784 1809 1783
3430 1809 1784 1810
3431 1785 1810 1784
3432 1810 1785 1811
3433 1786 1811 1785
3434 1811 1786 1812
3435 1787 1812 1786
3436 1788 1813 1787
3437 1812 1787 1813
3438 1789 1814 1788
3439 1813 1788 1814
3440 1790 1815 1789
3441 1814 1789 1815
3442 1791 1816 1790
3443 1815 1790 1816
3444 1816 1791 1817
3474 1808 1833 1807
3476 1833 1808 1834
3477 1809 1834 1808
3478 1834 1809 1835
3479 1810 1835 1809
3480 1835 1810 1836
3481 1811 1836 1810
3482 1836 1811 1837
3483 1812 1837 1811
3484 1837 1812 1838
3485 1813 1838 1812
3486 1814 1839 1813
3487 1838 1813 1839
3488 1815 1840 1814
3489 1839 1814 1840
3490 1816 1841 1815
3491 1840 1815 1841
3492 1817 1842 1816
3493 1841 1816 1842
3494 1842 1817 1843
3524 1834 1859 1833
3526 1859 1834 1860
3527 1835 1860 1834
3528 1860 1835 1861
3529 1836 1861 1835
3530 1861 1836 1862
3531 1837 1862 1836
3532 1862 1837 1863
3533 1838 1863 1837
3534 1863 1838 1864
3535 1839 1864 1838
3536 1840 1865 1839
3537 1864 1839 1865
3538 1841 1866 1840
3539 1865 1840 1866
3540 1842 1867 1841
3541 1866 1841 1867
3542 1843 1868 1842
3543 1867 1842 1868
3544 1868 1843 1869
3574 1860 1885 1859
3576 1885 1860 1886
3577 1861 1886 1860
3578 1886 1861 1887
3579 1862 1887 1861
3580 1887 1862 1888
3581 1863 1888 1862
3582 1888 1863 1889
3583 1864 1889 1863
3584 1889 1864 1890
3585 1865 1890 1864
3586 1866 1891 1865
3587 1890 1865 1891
3588 1867 1892 1866
3589 1891 1866 1892
3590 1868 1893 1867
3591 1892 1867 1893
3592 1869 1894 1868
3593 1893 1868 1894
3594 1894 1869 1895
3624 1886 1911 1885
3626 1911 1886 1912
3627 1887 1912 1886
3628 1912 1887 1913
3629 1888 1913 1887
3630 1913 1888 1914
3631 1889 1914 1888
3632 1914 1889 1915
3633 1890 1915 1889
3634 1915 1890 1916
3635 1891 1916 1890
3636 1892 1917 1891
3637 1916 1891 1917
3638 1893 1918 1892
3639 1917 1892 1918
3640 1894 1919 1893
3641 1918 1893 1919
3642 1895 1920 1894
3643 1919 1894 1920
3644 1920 1895 1921
3674 1912 1937 1911
3676 1937 1912 1938
3677 1913 1938 1912
3678 1938 1913 1939
3679 1914 1939 1913
3680 1939 1914 1940
3681 1915 1940 1914
3682 1940 1915 1941
3683 1916 1941 1915
3684 1941 1916 1942
3685 1917 1942 1916
3686 1918 1943 1917
3687 1942 1917 1943
3688 1919 1944 1918
3689 1943 1918 1944
3690 1920 1945 1919
3691 1944 1919 1945
3692 1921 1946 1920
3693 1945 1920 1946
3694 1946 1921 1947
3724 1938 1963 1937
3726 1963 1938 1964
3727 1939 1964 1938
3728 1964 1939 1965
3729 1940 1965 1939
3730 1965 1940 1966
3731 1941 1966 1940
3732 1966 1941 1967
3733 1942 1967 1941
3734 1967 1942 1968
3735 1943 1968 1942
3736 1944 1969 1943
3737 1968 1943 1969
3738 1945 1970 1944
3739 1969 1944 1970
3740 1946 1971 1945
3741 1970 1945 1971
3742 1947 1972 1946
3743 1971 1946 1972
3744 1972 1947 1973
3775 1964 1990 1963
3777 1990 1964 1991
3778 1965 1991 1964
3779 1991 1965 1992
3780 1966 1992 1965
3781 1992 1966 1993
3782 1967 1993 1966
3783 1993 1967 1994
3784 1968 1994 1967
3785 1994 1968 1995
3786 1969 1995 1968
3787 1970 1996 1969
3788 1995 1969 1996
3789 1971 1997 1970
3790 1996 1970 1997
3791 1972 1998 1971
3792 1997 1971 1998
3793 1973 1999 1972
3794 1998 1972 1999
3795 1999 1973 2000
3827 1991 2017 1990
3829 2017 1991 2018
3830 1992 2018 1991
3831 2018 1992 2019
3832 1993 2019 1992
3833 2019 1993 2020
3834 1994 2020 1993
3835 2020 1994 2021
3836 1995 2021 1994
3837 2021 1995 2022
3838 1996 2022 1995
3839 1997 2023 1996
3840 2022 1996 2023
3841 1998 2024 1997
3842 2023 1997 2024
3843 1999 2025 1998
3844 2024 1998 2025
3845 2000 2026 1999
3846 2025 1999 2026
3847 2026 2000 2027
3879 2018 2046 2017
3881 2046 2018 2047
3882 2019 2047 2018
3883 2047 2019 2048
3884 2020 2048 2019
3885 2048 2020 2049
3886 2021 2049 2020
3887 2049 2021 2050
3888 2022 2050 2021
3889 2050 2022 2051
3890 2023 2051 2022
3891 2024 2052 2023
3892 2051 2023 2052
3893 2025 2053 2024
3894 2052 2024 2053
3895 2026 2054 2025
3896 2053 2025 2054
3897 2027 2055 2026
3898 2054 2026 2055
3899 2055 2027 2056
3936 2047 2082 2046
3938 2082 2047 2083
3939 2048 2083 2047
3940 2083 2048 2084
3941 2049 2084 2048
3942 2084 2049 2085
3943 2050 2085 2049
3944 2085 2050 2086
3945 2051 2086 2050
3946 2086 2051 2087
3947 2052 2087 2051
3948 2053 2088 2052
3949 2087 2052 2088
3950 2054 2089 2053
3951 2088 2053 2089
3952 2055 2090 2054
3953 2089 2054 2090
3954 2056 2091 2055
3955 2090 2055 2091
3956 2091 2056 2092
4008 2083 2127 2082
4010 2127 2083 2128
4011 2084 2128 2083
4012 2128 2084 2129
4013 2085 2129 2084
4014 2129 2085 2130
4015 2086 2130 2085
4016 2130 2086 2131
4017 2087 2131 2086
4018 2131 2087 2132
4019 2088 2132 2087
4020 2089 2133 2088
4021 2132 2088 2133
4022 2090 2134 2089
4023 2133 2089 2134
4024 2091 2135 2090
4025 2134 2090 2135
4026 2092 2136 2091
4027 2135 2091 2136
4028 2136 2092 2137
4097 2128 2189 2127
4099 2189 2128 2190
4100 2129 2190 2128
4101 2190 2129 2191
4102 2130 2191 2129
4103 2191 2130 2192
4104 2131 2192 2130
4105 2192 2131 2193
4106 2132 2193 2131
4107 2193 2132 2194
4108 2133 2194 2132
4109 2134 2195 2133
4110 2194 2133 2195
4111 2135 2196 2134
4112 2195 2134 2196
4113 2136 2197 2135
4114 2196 2135 2197
4115 2137 2198 2136
4116 2197 2136 2198
4117 2198 2137 2199
4219 2190 2256 2189
4221 2256 2190 2257
4222 2191 2257 2190
4223 2257 2191 2258
4224 2192 2258 2191
4225 2258 2192 2259
4226 2193 2259 2192
4227 2259 2193 2260
4228 2194 2260 2193
4229 2260 2194 2261
4230 2195 2261 2194
4231 2196 2262 2195
4232 2261 2195 2262
4233 2197 2263 2196
4234 2262 2196 2263
4235 2198 2264 2197
4236 2263 2197 2264
4237 2199 2265 2198
4238 2264 2198 2265
4239 2265 2199 2266
4353 2257 2329 2256
4355 2329 2257 2330
4356 2258 2330 2257
4357 2330 2258 2331
4358 2259 2331 2258
4359 2331 2259 2332
4360 2260 2332 2259
4361 2332 2260 2333
4362 2261 2333 2260
4363 2333 2261 2334
4364 2262 2334 2261
4365 2263 2335 2262
4366 2334 2262 2335
4367 2264 2336 2263
4368 2335 2263 2336
4369 2265 2337 2264
4370 2336 2264 2337
4371 2266 2338 2265
4372 2337 2265 2338
4373 2338 2266 2339
4498 2330 2405 2329
4500 2405 2330 2406
4501 2331 2406 2330
4502 2406 2331 2407
4503 2332 2407 2331
4504 2407 2332 2408
4505 2333 2408 2332
4506 2408 2333 2409
4507 2334 2409 2333
4508 2409 2334 2410
4509 2335 2410 2334
4510 2336 2411 2335
4511 2410 2335 2411
4512 2337 2412 2336
4513 2411 2336 2412
4514 2338 2413 2337
4515 2412 2337 2413
4516 2339 2414 2338
4517 2413 2338 2414
4518 2414 2339 2415
4648 2406 2484 2405
4650 2484 2406 2485
4651 2407 2485 2406
4652 2485 2407 2486
4653 2408 2486 2407
4654 2486 2408 2487
4655 2409 2487 2408
4656 2487 2409 2488
4657 2410 2488 2409
4658 2488 2410 2489
4659 2411 2489 2410
4660 2412 2490 2411
4661 2489 2411 2490
4662 2413 2491 2412
4663 2490 2412 2491
4664 2414 2492 2413
4665 2491 2413 2492
4666 2415 2493 2414
4667 2492 2414 2493
4668 2493 2415 2494
4804 2485 2567 2484
4806 2567 2485 2568
4807 2486 2568 2485
4808 2568 2486 2569
4809 2487 2569 2486
4810 2569 2487 2570
4811 2488 2570 2487
4812 2570 2488 2571
4813 2489 2571 2488
4814 2571 2489 2572
4815 2490 2572 2489
4816 2491 2573 2490
4817 2572 2490 2573
4818 2492 2574 2491
4819 2573 2491 2574
4820 2493 2575 2492
4821 2574 2492 2575
4822 2494 2576 2493
4823 2575 2493 2576
4824 2576 2494 2577
4971 2568 2654 2567
4973 2654 2568 2655
4974 2569 2655 2568
4975 2655 2569 2656
4976 2570 2656 2569
4977 2656 2570 2657
4978 2571 2657 2570
4979 2657 2571 2658
4980 2572 2658 2571
4981 2658 2572 2659
4982 2573 2659 2572
4983 2574 2660 2573
4984 2659 2573 2660
4985 2575 2661 2574
4986 2660 2574 2661
4987 2576 2662 2575
4988 2661 2575 2662
4989 2577 2663 2576
4990 2662 2576 2663
4991 2663 2577 2664
5136 2655 2734 2654
5138 2734 2655 2735
5139 2656 2735 2655
5140 2735 2656 2736
5141 2657 2736 2656
5142 2736 2657 2737
5143 2658 2737 2657
5144 2737 2658 2738
5145 2659 2738 2658
5146 2738 2659 2739
5147 2660 2739 2659
5148 2661 2740 2660
5149 2739 2660 2740
5150 2662 2741 2661
5151 2740 2661 2741
5152 2663 2742 2662
5153 2741 2662 2742
5154 2664 2743 2663
5155 2742 2663 2743
5156 2743 2664 2744
5293 2735 2814 2734
5295 2814 2735 2815
5296 2736 2815 2735
5297 2815 2736 2816
5298 2737 2816 2736
5299 2816 2737 2817
5300 2738 2817 2737
5301 2817 2738 2818
5302 2739 2818 2738
5303 2818 2739 2819
5304 2740 2819 2739
5305 2741 2820 2740
5306 2819 2740 2820
5307 2742 2821 2741
5308 2820 2741 2821
5309 2743 2822 2742
5310 2821 2742 2822
5311 2744 2823 2743
5312 2822 2743 2823
5313 2823 2744 2824
5448 2815 2891 2814
5450 2891 2815 2892
5451 2816 2892 2815
5452 2892 2816 2893
5453 2817 2893 2816
5454 2893 2817 2894
5455 2818 2894 2817
5456 2894 2818 2895
5457 2819 2895 2818
5458 2895 2819 2896
5459 2820 2896 2819
5460 2821 2897 2820
5461 2896 2820 2897
5462 2822 2898 2821
5463 2897 2821 2898
5464 2823 2899 2822
5465 2898 2822 2899
5466 2824 2900 2823
5467 2899 2823 2900
5468 2900 2824 2901
5599 2892 2967 2891
5601 2967 2892 2968
5602 2893 2968 2892
5603 2968 2893 2969
5604 2894 2969 2893
5605 2969 2894 2970
5606 2895 2970 2894
5607 2970 2895 2971
5608 2896 2971 2895
5609 2971 2896 2972
5610 2897 2972 2896
5611 2898 2973 2897
5612 2972 2897 2973
5613 2899 2974 2898
5614 2973 2898 2974
5615 2900 2975 2899
5616 2974 2899 2975
5617 2901 2976 2900
5618 2975 2900 2976
5619 2976 2901 2977
5749 2968 3044 2967
5751 3044 2968 3045
5752 2969 3045 2968
5753 3045 2969 3046
5754 2970 3046 2969
5755 3046 2970 3047
5756 2971 3047 2970
5757 3047 2971 3048
5758 2972 3048 2971
5759 3048 2972 3049
5760 2973 3049 2972
5761 2974 3050 2973
5762 3049 2973 3050
5763 2975 3051 2974
5764 3050 2974 3051
5765 2976 3052 2975
5766 3051 2975 3052
5767 2977 3053 2976
5768 3052 2976 3053
5769 3053 2977 3054
5899 3045 3119 3044
5901 3119 3045 3120
5902 3046 3120 3045
5903 3120 3046 3121
5904 3047 3121 3046
5905 3121 3047 3122
5906 3048 3122 3047
5907 3122 3048 3123
5908 3049 3123 3048
5909 3123 3049 3124
5910 3050 3124 3049
5911 3051 3126 3050
5912 3124 3050 3126
5913 3052 3127 3051
5914 3126 3051 3127
5915 3053 3128 3052
5916 3127 3052 3128
5917 3129 3054 3125
5918 3054 3129 3053
5919 3128 3053 3129
6044 3120 3191 3119
6046 3191 3120 3192
6047 3121 3192 3120
6048 3192 3121 3193
6049 3122 3193 3121
6050 3193 3122 3194
6051 3123 3194 3122
6052 3194 3123 3195
6053 3124 3195 3123
6054 3195 3124 3196
6055 3126 3196 3124
6056 3198 3125 3197
6057 3125 3198 3129
6058 3127 3199 3126
6059 3196 3126 3199
6060 3128 3200 3127
6061 3199 3127 3200
6062 3201 3129 3198
6063 3129 3201 3128
6064 3200 3128 3201
6182 3192 3259 3191
6184 3259 3192 3260
6185 3193 3260 3192
6186 3260 3193 3261
6187 3194 3261 3193
6188 3261 3194 3262
6189 3195 3262 3194
6190 3262 3195 3263
6191 3196 3263 3195
6192 3263 3196 3264
6193 3199 3264 3196
6194 3266 3197 3265
6195 3197 3266 3198
6196 3267 3198 3266
6197 3198 3267 3201
6198 3200 3268 3199
6199 3264 3199 3268
6200 3269 3201 3267
6201 3201 3269 3200
6202 3268 3200 3269
6314 3260 3326 3259
6316 3326 3260 3327
6317 3261 3327 3260
6318 3327 3261 3328
6319 3262 3328 3261
6320 3328 3262 3329
6321 3263 3329 3262
6322 3329 3263 3330
6323 3264 3330 3263
6324 3330 3264 3331
6325 3268 3331 3264
6326 3333 3265 3332
6327 3265 3333 3266
6328 3334 3266 3333
6329 3266 3334 3267
6330 3335 3267 3334
6331 3267 3335 3269
6332 3336 3269 3335
6333 3269 3336 3268
6334 3331 3268 3336
6443 3327 3391 3326
6445 3391 3327 3392
6446 3328 3392 3327
6447 3392 3328 3393
6448 3329 3393 3328
6449 3393 3329 3394
6450 3330 3394 3329
6451 3394 3330 3395
6452 3331 3395 3330
6453 3395 3331 3396
6454 3336 3396 3331
6455 3398 3332 3397
6456 3332 3398 3333
6457 3399 3333 3398
6458 3333 3399 3334
6459 3400 3334 3399
6460 3334 3400 3335
6461 3401 3335 3400
6462 3335 3401 3336
6463 3396 3336 3401
6564 3392 3449 3391
6566 3449 3392 3450
6567 3393 3450 3392
6568 3450 3393 3451
6569 3394 3451 3393
6570 3451 3394 3452
6571 3395 3452 3394
6572 3452 3395 3453
6573 3396 3453 3395
6574 3453 3396 3454
6575 3401 3454 3396
6576 3456 3397 3455
6577 3397 3456 3398
6578 3457 3398 3456
6579 3398 3457 3399
6580 3458 3399 3457
6581 3399 3458 3400
6582 3459 3400 3458
6583 3400 3459 3401
6584 3454 3401 3459
6676 3450 3505 3449
6678 3505 3450 3506
6679 3451 3506 3450
6680 3506 3451 3507
6681 3452 3507 3451
6682 3507 3452 3508
6683 3453 3508 3452
6684 3508 3453 3509
6685 3454 3509 3453
6686 3509 3454 3510
6687 3459 3510 3454
6688 3512 3455 3511
6689 3455 3512 3456
6690 3513 3456 3512
6691 3456 3513 3457
6692 3514 3457 3513
6693 3457 3514 3458
6694 3515 3458 3514
6695 3458 3515 3459
6696 3510 3459 3515
6786 3506 3561 3505
6788 3561 3506 3562
6789 3507 3562 3506
6790 3562 3507 3563
6791 3508 3563 3507
6792 3563 3508 3564
6793 3509 3564 3508
6794 3564 3509 3565
6795 3510 3565 3509
6796 3565 3510 3566
6797 3515 3566 3510
6798 3568 3511 3567
6799 3511 3568 3512
6800 3569 3512 3568
6801 3512 3569 3513
6802 3570 3513 3569
6803 3513 3570 3514
6804 3571 3514 3570
6805 3514 3571 3515
6806 3566 3515 3571
6891 3562 3612 3561
6893 3612 3562 3613
6894 3563 3613 3562
6895 3613 3563 3614
6896 3564 3614 3563
6897 3614 3564 3615
6898 3565 3615 3564
6899 3615 3565 3616
6900 3566 3616 3565
6901 3616 3566 3617
6902 3571 3617 3566
6903 3619 3567 3618
6904 3567 3619 3568
6905 3620 3568 3619
6906 3568 3620 3569
6907 3621 3569 3620
6908 3569 3621 3570
6909 3622 3570 3621
6910 3570 3622 3571
6911 3617 3571 3622
6989 3613 3661 3612
6991 3661 3613 3662
6992 3614 3662 3613
6993 3662 3614 3663
6994 3615 3663 3614
6995 3663 3615 3664
6996 3616 3664 3615
6997 3664 3616 3665
6998 3617 3665 3616
6999 3665 3617 3666
7000 3622 3666 3617
7001 3668 3618 3667
7002 3618 3668 3619
7003 3669 3619 3668
7004 3619 3669 3620
7005 3670 3620 3669
7006 3620 3670 3621
7007 3671 3621 3670
7008 3621 3671 3622
7009 3666 3622 3671
7082 3662 3707 3661
7084 3707 3662 3708
7085 3663 3708 3662
7086 3708 3663 3709
7087 3664 3709 3663
7088 3709 3664 3710
7089 3665 3710 3664
7090 3710 3665 3711
7091 3666 3711 3665
7092 3711 3666 3712
7093 3671 3712 3666
7094 3714 3667 3713
7095 3667 3714 3668
7096 3715 3668 3714
7097 3668 3715 3669
7098 3716 3669 3715
7099 3669 3716 3670
7100 3717 3670 3716
7101 3670 3717 3671
7102 3712 3671 3717
7170 3708 3751 3707
7172 3751 3708 3752
7173 3709 3752 3708
7174 3752 3709 3753
7175 3710 3753 3709
7176 3753 3710 3754
7177 3711 3754 3710
7178 3754 3711 3755
7179 3712 3755 3711
7180 3755 3712 3756
7181 3717 3756 3712
7182 3758 3713 3757
7183 3713 3758 3714
7184 3759 3714 3758
7185 3714 3759 3715
7186 3760 3715 3759
7187 3715 3760 3716
7188 3761 3716 3760
7189 3716 3761 3717
7190 3756 3717 3761
7254 3752 3793 3751
7256 3793 3752 3794
7257 3753 3794 3752
7258 3794 3753 3795
7259 3754 3795 3753
7260 3795 3754 3796
7261 3755 3796 3754
7262 3796 3755 3797
7263 3756 3797 3755
7264 3797 3756 3798
7265 3761 3798 3756
7266 3800 3757 3799
7267 3757 3800 3758
7268 3801 3758 3800
7269 3758 3801 3759
7270 3802 3759 3801
7271 3759 3802 3760
7272 3803 3760 3802
7273 3760 3803 3761
7274 3798 3761 3803
7333 3794 3833 3793
7335 3833 3794 3834
7336 3795 3834 3794
7337 3834 3795 3835
7338 3796 3835 3795
7339 3835 3796 3836
7340 3797 3836 3796
7341 3836 3797 3837
7342 3798 3837 3797
7343 3837 3798 3838
7344 3803 3838 3798
7345 3839 3799 3832
7346 3799 3839 3800
7347 3840 3800 3839
7348 3800 3840 3801
7349 3841 3801 3840
7350 3801 3841 3802
7351 3842 3802 3841
7352 3802 3842 3803
7353 3838 3803 3842
7410 3873 3832 3872
7411 3832 3873 3839
7412 3834 3874 3833
7414 3874 3834 3875
7415 3835 3875 3834
7416 3875 3835 3876
7417 3836 3876 3835
7418 3876 3836 3877
7419 3837 3877 3836
7420 3877 3837 3878
7421 3838 3878 3837
7422 3878 3838 3879
7423 3842 3879 3838
7424 3880 3839 3873
7425 3839 3880 3840
7426 3881 3840 3880
7427 3840 3881 3841
7428 3882 3841 3881
7429 3841 3882 3842
7430 3879 3842 3882
7485 3910 3872 3909
7486 3872 3910 3873
7487 3911 3873 3910
7488 3873 3911 3880
7489 3875 3912 3874
7491 3912 3875 3913
7492 3876 3913 3875
7493 3913 3876 3914
7494 3877 3914 3876
7495 3914 3877 3915
7496 3878 3915 3877
7497 3915 3878 3916
7498 3879 3916 3878
7499 3916 3879 3917
7500 3882 3917 3879
7501 3918 3880 3911
7502 3880 3918 3881
7503 3919 3881 3918
7504 3881 3919 3882
7505 3917 3882 3919
7553 3943 3909 3942
7554 3909 3943 3910
7555 3944 3910 3943
7556 3910 3944 3911
7557 3945 3911 3944
7558 3911 3945 3918
7559 3913 3946 3912
7561 3946 3913 3947
7562 3914 3947 3913
7563 3947 3914 3948
7564 3915 3948 3914
7565 3948 3915 3949
7566 3916 3949 3915
7567 3949 3916 3950
7568 3917 3950 3916
7569 3950 3917 3951
7570 3919 3951 3917
7571 3952 3918 3945
7572 3918 3952 3919
7573 3951 3919 3952
7614 3973 3942 3972
7615 3942 3973 3943
7616 3974 3943 3973
7617 3943 3974 3944
7618 3975 3944 3974
7619 3944 3975 3945
7620 3976 3945 3975
7621 3945 3976 3952
7622 3947 3977 3946
7624 3977 3947 3978
7625 3948 3978 3947
7626 3978 3948 3979
7627 3949 3979 3948
7628 3979 3949 3980
7629 3950 3980 3949
7630 3980 3950 3981
7631 3951 3981 3950
7632 3982 3952 3976
7633 3981 3951 3982
7634 3952 3982 3951
7672 4003 3972 4002
7673 3972 4003 3973
7674 4004 3973 4003
7675 3973 4004 3974
7676 4005 3974 4004
7677 3974 4005 3975
7678 4006 3975 4005
7679 3975 4006 3976
7680 4007 3976 4006
7681 3976 4007 3982
7682 3978 4008 3977
7684 4008 3978 4009
7685 3979 4009 3978
7686 4009 3979 4010
7687 3980 4010 3979
7688 4010 3980 4011
7689 3981 4011 3980
7690 4011 3981 4012
7691 3982 4012 3981
7692 4012 3982 4007
7727 4030 4002 4025
7728 4002 4030 4003
7729 4031 4003 4030
7730 4003 4031 4004
7731 4032 4004 4031
7732 4004 4032 4005
7733 4033 4005 4032
7734 4005 4033 4006
7735 4034 4006 4033
7736 4006 4034 4007
7737 4007 4035 4012
7738 4035 4007 4034
7739 4009 4036 4008
7741 4036 4009 4037
7742 4010 4037 4009
7743 4037 4010 4038
7744 4011 4038 4010
7745 4038 4011 4039
7746 4012 4039 4011
7747 4039 4012 4035
7769 4051 4025 4050
7770 4025 4051 4030
7779 4056 4030 4051
7780 4030 4056 4031
7781 4057 4031 4056
7782 4031 4057 4032
7783 4058 4032 4057
7784 4032 4058 4033
7785 4059 4033 4058
7786 4033 4059 4034
7787 4034 4060 4035
7788 4060 4034 4059
7789 4035 4061 4039
7790 4061 4035 4060
7791 4037 4062 4036
7793 4062 4037 4063
7794 4038 4063 4037
7795 4063 4038 4064
7796 4039 4064 4038
7797 4064 4039 4061
7817 4076 4050 4075
7818 4050 4076 4051
7819 4077 4051 4076
7820 4051 4077 4056
7829 4082 4056 4077
7830 4056 4082 4057
7831 4083 4057 4082
7832 4057 4083 4058
7833 4084 4058 4083
7834 4058 4084 4059
7835 4059 4085 4060
7836 4085 4059 4084
7837 4060 4086 4061
7838 4086 4060 4085
7839 4061 4087 4064
7840 4087 4061 4086
7841 4063 4088 4062
7843 4088 4063 4089
7844 4064 4089 4063
7845 4089 4064 4087
7864 4100 4075 4099
7865 4075 4100 4076
7866 4101 4076 4100
7867 4076 4101 4077
7868 4102 4077 4101
7869 4077 4102 4082
7878 4107 4082 4102
7879 4082 4107 4083
7880 4108 4083 4107
7881 4083 4108 4084
7882 4084 4109 4085
7883 4109 4084 4108
7884 4085 4110 4086
7885 4110 4085 4109
7886 4086 4111 4087
7887 4111 4086 4110
7888 4087 4112 4089
7889 4112 4087 4111
7890 4089 4113 4088
7891 4113 4089 4112
7910 4124 4099 4114
7911 4099 4124 4100
7912 4125 4100 4124
7913 4100 4125 4101
7914 4126 4101 4125
7915 4101 4126 4102
7916 4127 4102 4126
7917 4102 4127 4107
7926 4132 4107 4127
7927 4107 4132 4108
7928 4108 4133 4109
7929 4133 4108 4132
7930 4109 4134 4110
7931 4134 4109 4133
7932 4110 4135 4111
7933 4135 4110 4134
7934 4111 4136 4112
7935 4136 4111 4135
7936 4112 4137 4113
7937 4137 4112 4136
7939 4140 4114 4138
7940 4114 4140 4124
7958 4153 4124 4140
7959 4124 4153 4125
7960 4154 4125 4153
7961 4125 4154 4126
7962 4155 4126 4154
7963 4126 4155 4127
7964 4156 4127 4155
7965 4127 4156 4132
7974 4132 4161 4133
7975 4161 4132 4156
7976 4133 4162 4134
7977 4162 4133 4161
7978 4134 4163 4135
7979 4163 4134 4162
7980 4135 4164 4136
7981 4164 4135 4163
7982 4136 4165 4137
7983 4165 4136 4164
7985 4166 4138 4139
7986 4138 4166 4140
7987 4167 4139 4144
7988 4139 4167 4166
7989 4168 4140 4166
7990 4140 4168 4153
7996 4173 4144 4145
7997 4144 4173 4167
7998 4174 4145 4146
7999 4145 4174 4173
8000 4146 4175 4174
8001 4175 4146 4176
8014 4184 4153 4168
8015 4153 4184 4154
8016 4185 4154 4184
8017 4154 4185 4155
8018 4186 4155 4185
8019 4155 4186 4156
8020 4156 4187 4161
8021 4187 4156 4186
8030 4161 4192 4162
8031 4192 4161 4187
8032 4162 4193 4163
8033 4193 4162 4192
8034 4163 4194 4164
8035 4194 4163 4193
8036 4164 4195 4165
8037 4195 4164 4194
8039 4196 4166 4167
8040 4166 4196 4168
8041 4197 4167 4173
8042 4167 4197 4196
8043 4198 4168 4196
8044 4168 4198 4184
8053 4204 4173 4174
8054 4173 4204 4197
8055 4205 4174 4175
8056 4174 4205 4204
8057 4175 4206 4205
8058 4207 4176 4177
8059 4176 4207 4175
8060 4206 4175 4207
8061 4177 4208 4207
8062 4208 4177 4209
8074 4216 4184 4198
8075 4184 4216 4185
8076 4217 4185 4216
8077 4185 4217 4186
8078 4186 4218 4187
8079 4218 4186 4217
8080 4187 4219 4192
8081 4219 4187 4218
8090 4192 4224 4193
8091 4224 4192 4219
8092 4193 4225 4194
8093 4225 4193 4224
8094 4194 4226 4195
8095 4226 4194 4225
8097 4227 4196 4197
8098 4196 4227 4198
8099 4228 4197 4204
8100 4197 4228 4227
8101 4229 4198 4227
8102 4198 4229 4216
8113 4236 4204 4205
8114 4204 4236 4228
8115 4237 4205 4206
8116 4205 4237 4236
8117 4206 4238 4237
8118 4239 4207 4208
8119 4207 4239 4206
8120 4238 4206 4239
8121 4208 4240 4239
8122 4241 4209 4210
8123 4209 4241 4208
8124 4240 4208 4241
8125 4242 4241 4210
8126 4242 4210 4243
8136 4248 4216 4229
8137 4216 4248 4217
8138 4217 4249 4218
8139 4249 4217 4248
8140 4218 4250 4219
8141 4250 4218 4249
8142 4219 4251 4224
8143 4251 4219 4250
8152 4224 4256 4225
8153 4256 4224 4251
8154 4225 4257 4226
8155 4257 4225 4256
8157 4258 4227 4228
8158 4227 4258 4229
8159 4259 4228 4236
8160 4228 4259 4258
8161 4260 4229 4258
8162 4229 4260 4248
8174 4268 4236 4237
8175 4236 4268 4259
8176 4269 4237 4238
8177 4269 4268 4237
8178 4270 4269 4238
8179 4239 4240 4271
8180 4239 4271 4238
8181 4270 4238 4271
8182 4272 4270 4271
8183 4273 4271 4240
8184 4242 4274 4241
8185 4241 4274 4240
8186 4273 4240 4274
8187 4242 4243 4275
8188 4242 4275 4274
8198 4248 4281 4249
8199 4281 4248 4260
8200 4249 4282 4250
8201 4282 4249 4281
8202 4250 4283 4251
8203 4283 4250 4282
8204 4251 4284 4256
8205 4284 4251 4283
8214 4256 4289 4257
8215 4289 4256 4284
8217 4290 4258 4259
8218 4258 4290 4260
8219 4291 4259 4268
8220 4259 4291 4290
8221 4260 4292 4281
8222 4292 4260 4290
8236 4268 4300 4291
8237 4300 4268 4269
8238 4301 4269 4270
8239 4301 4300 4269
8240 4301 4270 4302
8241 4272 4303 4270
8242 4303 4302 4270
8243 4273 4304 4271
8244 4272 4304 4303
8245 4272 4271 4304
8246 4273 4274 4305
8247 4273 4305 4304
8248 4306 4274 4275
8249 4306 4305 4274
8259 4281 4311 4282
8260 4311 4281 4292
8261 4282 4312 4283
8262 4312 4282 4311
8263 4283 4313 4284
8264 4313 4283 4312
8265 4284 4314 4289
8266 4314 4284 4313
8276 4290 4319 4292
8277 4319 4290 4291
8278 4291 4320 4319
8279 4300 4320 4291
8280 4292 4321 4311
8281 4321 4292 4319
8296 4300 4330 4320
8297 4301 4302 4330
8298 4301 4330 4300
8299 4331 4330 4302
8300 4331 4302 4332
8301 4302 4303 4332
8302 4303 4304 4333
8303 4333 4332 4303
8304 4305 4334 4304
8305 4334 4333 4304
8306 4335 4305 4306
8307 4305 4335 4334
8316 4311 4340 4312
8317 4340 4311 4321
8318 4312 4341 4313
8319 4341 4312 4340
8320 4313 4342 4314
8321 4342 4313 4341
8331 4319 4347 4321
8332 4347 4319 4320
8333 4320 4348 4347
8334 4348 4320 4330
8335 4321 4349 4340
8336 4349 4321 4347
8353 4359 4348 4330
8354 4331 4359 4330
8355 4331 4332 4360
8356 4331 4360 4359
8357 4332 4333 4361
8358 4332 4361 4360
8359 4333 4334 4362
8360 4362 4361 4333
8361 4334 4335 4363
8362 4363 4362 4334
8370 4340 4367 4341
8371 4367 4340 4349
8372 4341 4368 4342
8373 4368 4341 4367
8383 4347 4373 4349
8384 4373 4347 4348
8385 4374 4373 4348
8386 4374 4348 4359
8387 4349 4375 4367
8388 4375 4349 4373
8406 4359 4385 4374
8407 4385 4359 4360
8408 4386 4385 4360
8409 4361 4387 4360
8410 4386 4360 4387
8411 4361 4362 4388
8412 4388 4387 4361
8413 4362 4363 4389
8414 4389 4388 4362
8421 4367 4393 4368
8422 4393 4367 4375
8432 4373 4398 4375
8433 4398 4373 4374
8434 4374 4399 4398
8435 4385 4399 4374
8436 4375 4400 4393
8437 4400 4375 4398
8454 4385 4409 4399
8455 4386 4409 4385
8456 4386 4410 4409
8457 4386 4387 4410
8458 4387 4388 4411
8459 4411 4410 4387
8460 4388 4389 4412
8461 4412 4411 4388
8477 4398 4420 4400
8478 4420 4398 4399
8479 4399 4421 4420
8480 4409 4421 4399
8499 4409 4432 4421
8500 4432 4409 4410
8501 4432 4410 4433
8502 4434 4433 4410
8503 4434 4410 4411
8504 4411 4412 4435
8505 4434 4411 4435
8544 4434 4435 4455
8545 4434 4455 4433
2 2 2 1346
18 21 10 20
19 21 22 10
35 34 19 33
36 35 20 19
37 21 20 35
38 34 35 19
39 21 36 22
40 21 35 36
41 36 37 22
65 34 33 55
66 34 55 56
67 34 56 35
68 36 35 57
69 56 57 35
70 37 36 58
71 36 57 58
72 58 59 37
107 56 55 82
108 82 83 56
109 56 83 57
110 58 57 84
111 83 84 57
112 59 58 85
113 84 85 58
114 85 86 59
158 83 82 108
159 108 109 83
160 84 83 109
161 85 84 110
162 109 110 84
163 86 85 111
164 110 111 85
165 111 112 86
208 109 108 134
209 134 135 109
210 110 109 135
211 111 110 136
212 135 136 110
213 112 111 137
214 136 137 111
215 137 138 112
258 135 134 160
259 160 161 135
260 136 135 161
261 137 136 162
262 161 162 136
263 138 137 163
264 162 163 137
265 163 164 138
308 161 160 186
309 186 187 161
310 162 161 187
311 163 162 188
312 187 188 162
313 164 163 189
314 188 189 163
315 189 190 164
358 187 186 212
359 212 213 187
360 188 187 213
361 189 188 214
362 213 214 188
363 190 189 215
364 214 215 189
365 215 216 190
408 213 212 238
409 238 239 213
410 214 213 239
411 215 214 240
412 239 240 214
413 216 215 241
414 240 241 215
415 241 242 216
458 239 238 264
459 264 265 239
460 240 239 265
461 241 240 266
462 265 266 240
463 242 241 267
464 266 267 241
465 267 268 242
508 265 264 290
509 290 291 265
510 266 265 291
511 267 266 292
512 291 292 266
513 268 267 293
514 292 293 267
515 293 294 268
558 291 290 316
559 316 317 291
560 292 291 317
561 293 292 318
562 317 318 292
563 294 293 319
564 318 319 293
565 319 320 294
608 317 316 342
609 342 343 317
610 318 317 343
611 319 318 344
612 343 344 318
613 320 319 345
614 344 345 319
615 345 346 320
658 343 342 368
659 368 369 343
660 344 343 369
661 345 344 370
662 369 370 344
663 346 345 371
664 370 371 345
665 371 372 346
708 369 368 394
709 394 395 369
710 370 369 395
711 371 370 396
712 395 396 370
713 372 371 397
714 396 397 371
715 397 398 372
758 395 394 420
759 420 421 395
760 396 395 421
761 397 396 422
762 421 422 396
763 398 397 423
764 422 423 397
765 423 424 398
808 421 420 446
809 446 447 421
810 422 421 447
811 423 422 448
812 447 448 422
813 424 423 449
814 448 449 423
815 449 450 424
858 447 446 472
859 472 473 447
860 448 447 473
861 449 448 474
862 473 474 448
863 450 449 475
864 474 475 449
865 475 476 450
908 473 472 498
909 498 499 473
910 474 473 499
911 475 474 500
912 499 500 474
913 476 475 501
914 500 501 475
915 501 502 476
958 499 498 524
959 524 525 499
960 500 499 525
961 501 500 526
962 525 526 500
963 502 501 527
964 526 527 501
965 527 528 502
1008 525 524 550
1009 550 551 525
1010 526 525 551
1011 527 526 552
1012 551 552 526
1013 528 527 553
1014 552 553 527
1015 553 554 528
1058 551 550 576
1059 576 577 551
1060 552 551 577
1061 553 552 578
1062 577 578 552
1063 554 553 579
1064 578 579 553
1065 579 580 554
1108 577 576 602
1109 602 603 577
1110 578 577 603
1111 579 578 604
1112 603 604 578
1113 580 579 605
1114 604 605 579
1115 605 606 580
1158 603 602 628
1159 628 629 603
1160 604 603 629
1161 605 604 630
1162 629 630 604
1163 606 605 631
1164 630 631 605
1165 631 632 606
1208 629 628 654
1209 654 655 629
1210 630 629 655
1211 631 630 656
1212 655 656 630
1213 632 631 657
1214 656 657 631
1215 657 658 632
1258 655 654 680
1259 680 681 655
1260 656 655 681
1261 657 656 682
1262 681 682 656
1263 658 657 683
1264 682 683 657
1265 683 684 658
1308 681 680 706
1309 706 707 681
1310 682 681 707
1311 683 682 708
1312 707 708 682
1313 684 683 709
1314 708 709 683
1315 709 710 684
1358 707 706 732
1359 732 733 707
1360 708 707 733
1361 709 708 734
1362 733 734 708
1363 710 709 735
1364 734 735 709
1365 735 736 710
1408 733 732 758
1409 758 759 733
1410 734 733 759
1411 735 734 760
1412 759 760 734
1413 736 735 761
1414 760 761 735
1415 761 762 736
1458 759 758 784
1459 784 785 759
1460 760 759 785
1461 761 760 786
1462 785 786 760
1463 762 761 787
1464 786 787 761
1465 787 788 762
1508 785 784 810
1509 810 811 785
1510 786 785 811
1511 787 786 812
1512 811 812 786
1513 788 787 813
1514 812 813 787
1515 813 814 788
1558 811 810 836
1559 836 837 811
1560 812 811 837
1561 813 812 838
1562 837 838 812
1563 814 813 839
1564 838 839 813
1565 839 840 814
1608 837 836 862
1609 862 863 837
1610 838 837 863
1611 839 838 864
1612 863 864 838
1613 840 839 865
1614 864 865 839
1615 865 866 840
1658 863 862 888
1659 888 889 863
1660 864 863 889
1661 865 864 890
1662 889 890 864
1663 866 865 891
1664 890 891 865
1665 891 892 866
1708 889 888 914
1709 914 915 889
1710 890 889 915
1711 891 890 916
1712 915 916 890
1713 892 891 917
1714 916 917 891
1715 917 918 892
1758 915 914 940
1759 940 941 915
1760 916 915 941
1761 917 916 942
1762 941 942 916
1763 918 917 943
1764 942 943 917
1765 943 944 918
1808 941 940 966
1809 966 967 941
1810 942 941 967
1811 943 942 968
1812 967 968 942
1813 944 943 969
1814 968 969 943
1815 969 970 944
1858 967 966 992
1859 992 993 967
1860 968 967 993
1861 969 968 994
1862 993 994 968
1863 970 969 995
1864 994 995 969
1865 995 996 970
1908 993 992 1018
1909 1018 1019 993
1910 994 993 1019
1911 995 994 1020
1912 1019 1020 994
1913 996 995 1021
1914 1020 1021 995
1915 1021 1022 996
1958 1019 1018 1044
1959 1044 1045 1019
1960 1020 1019 1045
1961 1021 1020 1046
1962 1045 1046 1020
1963 1022 1021 1047
1964 1046 1047 1021
1965 1047 1048 1022
2008 1045 1044 1070
2009 1070 1071 1045
2010 1046 1045 1071
2011 1047 1046 1072
2012 1071 1072 1046
2013 1048 1047 1073
2014 1072 1073 1047
2015 1073 1074 1048
2058 1071 1070 1096
2059 1096 1097 1071
2060 1072 1071 1097
2061 1073 1072 1098
2062 1097 1098 1072
2063 1074 1073 1099
2064 1098 1099 1073
2065 1099 1100 1074
2108 1097 1096 1122
2109 1122 1123 1097
2110 1098 1097 1123
2111 1099 1098 1124
2112 1123 1124 1098
2113 1100 1099 1125
2114 1124 1125 1099
2115 1125 1126 1100
2158 1123 1122 1148
2159 1148 1149 1123
2160 1124 1123 1149
2161 1125 1124 1150
2162 1149 1150 1124
2163 1126 1125 1151
2164 1150 1151 1125
2165 1151 1152 1126
2208 1149 1148 1174
2209 1174 1175 1149
2210 1150 1149 1175
2211 1151 1150 1176
2212 1175 1176 1150
2213 1152 1151 1177
2214 1176 1177 1151
2215 1177 1178 1152
2258 1175 1174 1200
2259 1200 1201 1175
2260 1176 1175 1201
2261 1177 1176 1202
2262 1201 1202 1176
2263 1178 1177 1203
2264 1202 1203 1177
2265 1203 1204 1178
2308 1201 1200 1226
2309 1226 1227 1201
2310 1202 1201 1227
2311 1203 1202 1228
2312 1227 1228 1202
2313 1204 1203 1229
2314 1228 1229 1203
2315 1229 1230 1204
2358 1227 1226 1252
2359 1252 1253 1227
2360 1228 1227 1253
2361 1229 1228 1255
2362 1253 1255 1228
2363 1256 1254 1230
2364 1230 1229 1256
2365 1255 1256 1229
2408 1253 1252 1278
2409 1278 1279 1253
2410 1255 1253 1279
2411 1281 1280 1254
2412 1254 1256 1281
2413 1282 1281 1256
2414 1256 1255 1282
2415 1279 1282 1255
2458 1279 1278 1304
2459 1304 1305 1279
2460 1282 1279 1305
2461 1307 1306 1280
2462 1280 1281 1307
2463 1308 1307 1281
2464 1281 1282 1308
2465 1305 1308 1282
2508 1305 1304 1330
2509 1330 1331 1305
2510 1308 1305 1331
2511 1333 1332 1306
2512 1306 1307 1333
2513 1334 1333 1307
2514 1307 1308 1334
2515 1331 1334 1308
2558 1331 1330 1356
2559 1356 1357 1331
2560 1334 1331 1357
2561 1359 1358 1332
2562 1332 1333 1359
2563 1360 1359 1333
2564 1333 1334 1360
2565 1357 1360 1334
2608 1357 1356 1382
2609 1382 1383 1357
2610 1360 1357 1383
2611 1385 1384 1358
2612 1358 1359 1385
2613 1386 1385 1359
2614 1359 1360 1386
2615 1383 1386 1360
2658 1383 1382 1408
2659 1408 1409 1383
2660 1386 1383 1409
2661 1411 1410 1384
2662 1384 1385 1411
2663 1412 1411 1385
2664 1385 1386 1412
2665 1409 1412 1386
2708 1409 1408 1434
2709 1434 1435 1409
2710 1412 1409 1435
2711 1437 1436 1410
2712 1410 1411 1437
2713 1438 1437 1411
2714 1411 1412 1438
2715 1435 1438 1412
2758 1435 1434 1460
2759 1460 1461 1435
2760 1438 1435 1461
2761 1463 1462 1436
2762 1436 1437 1463
2763 1464 1463 1437
2764 1437 1438 1464
2765 1461 1464 1438
2808 1461 1460 1486
2809 1486 1487 1461
2810 1464 1461 1487
2811 1489 1488 1462
2812 1462 1463 1489
2813 1490 1489 1463
2814 1463 1464 1490
2815 1487 1490 1464
2858 1487 1486 1512
2859 1512 1513 1487
2860 1490 1487 1513
2861 1515 1514 1488
2862 1488 1489 1515
2863 1516 1515 1489
2864 1489 1490 1516
2865 1513 1516 1490
2908 1513 1512 1538
2909 1538 1539 1513
2910 1516 1513 1539
2911 1541 1540 1514
2912 1514 1515 1541
2913 1542 1541 1515
2914 1515 1516 1542
2915 1539 1542 1516
2958 1539 1538 1564
2959 1564 1566 1539
2960 1542 1539 1566
2961 1567 1565 1540
2962 1540 1541 1567
2963 1568 1567 1541
2964 1541 1542 1568
2965 1566 1568 1542
3008 1566 1564 1590
3009 1592 1591 1565
3010 1565 1567 1592
3011 1590 1593 1566
3012 1568 1566 1593
3013 1594 1592 1567
3014 1567 1568 1594
3015 1593 1594 1568
3058 1593 1590 1616
3059 1618 1617 1591
3060 1591 1592 1618
3061 1619 1618 1592
3062 1592 1594 1619
3063 1616 1620 1593
3064 1594 1593 1620
3065 1620 1619 1594
3108 1620 1616 1642
3109 1644 1643 1617
3110 1617 1618 1644
3111 1645 1644 1618
3112 1618 1619 1645
3113 1642 1646 1620
3114 1619 1620 1646
3115 1646 1645 1619
3158 1646 1642 1669
3159 1670 1662 1643
3160 1643 1644 1670
3161 1671 1670 1644
3162 1644 1645 1671
3163 1669 1672 1646
3164 1645 1646 1672
3165 1672 1671 1645
3195 1662 1670 1688
3196 1688 1689 1662
3210 1672 1669 1696
3211 1697 1688 1670
3212 1670 1671 1697
3213 1696 1698 1672
3214 1671 1672 1698
3215 1698 1697 1671
3245 1688 1697 1714
3246 1689 1688 1715
3247 1714 1715 1688
3248 1715 1716 1689
3262 1698 1696 1723
3263 1723 1724 1698
3264 1697 1698 1724
3265 1724 1714 1697
3295 1714 1724 1740
3296 1715 1714 1741
3297 1740 1741 1714
3298 1716 1715 1742
3299 1741 1742 1715
3300 1742 1743 1716
3314 1724 1723 1750
3315 1750 1740 1724
3345 1740 1750 1766
3346 1766 1767 1740
3347 1741 1740 1767
3348 1742 1741 1768
3349 1767 1768 1741
3350 1743 1742 1769
3351 1768 1769 1742
3352 1769 1770 1743
3397 1767 1766 1793
3398 1793 1794 1767
3399 1768 1767 1794
3400 1769 1768 1795
3401 1794 1795 1768
3402 1770 1769 1796
3403 1795 1796 1769
3404 1796 1797 1770
3449 1794 1793 1820
3450 1820 1821 1794
3451 1795 1794 1821
3452 1796 1795 1822
3453 1821 1822 1795
3454 1797 1796 1823
3455 1822 1823 1796
3456 1823 1824 1797
3501 1821 1820 1847
3502 1847 1848 1821
3503 1822 1821 1848
3504 1823 1822 1849
3505 1848 1849 1822
3506 1824 1823 1850
3507 1849 1850 1823
3508 1850 1851 1824
3553 1848 1847 1874
3554 1874 1875 1848
3555 1849 1848 1875
3556 1850 1849 1876
3557 1875 1876 1849
3558 1851 1850 1877
3559 1876 1877 1850
3560 1877 1878 1851
3605 1875 1874 1901
3606 1901 1902 1875
3607 1876 1875 1902
3608 1877 1876 1903
3609 1902 1903 1876
3610 1878 1877 1904
3611 1903 1904 1877
3612 1904 1905 1878
3656 1902 1901 1927
3657 1927 1928 1902
3658 1903 1902 1928
3659 1904 1903 1929
3660 1928 1929 1903
3661 1905 1904 1930
3662 1929 1930 1904
3663 1930 1931 1905
3706 1928 1927 1953
3707 1953 1954 1928
3708 1929 1928 1954
3709 1930 1929 1955
3710 1954 1955 1929
3711 1931 1930 1956
3712 1955 1956 1930
3713 1956 1957 1931
3756 1954 1953 1979
3757 1979 1980 1954
3758 1955 1954 1980
3759 1956 1955 1981
3760 1980 1981 1955
3761 1957 1956 1982
3762 1981 1982 1956
3763 1982 1983 1957
3807 1980 1979 2006
3808 2006 2007 1980
3809 1981 1980 2007
3810 1982 1981 2008
3811 2007 2008 1981
3812 1983 1982 2009
3813 2008 2009 1982
3814 2009 2010 1983
3859 2007 2006 2033
3860 2033 2034 2007
3861 2008 2007 2034
3862 2009 2008 2035
3863 2034 2035 2008
3864 2010 2009 2036
3865 2035 2036 2009
3866 2036 2037 2010
3911 2034 2033 2062
3912 2062 2063 2034
3913 2035 2034 2063
3914 2036 2035 2064
3915 2063 2064 2035
3916 2037 2036 2065
3917 2064 2065 2036
3918 2065 2066 2037
3968 2063 2062 2098
3969 2098 2100 2063
3970 2064 2063 2100
3971 2065 2064 2101
3972 2100 2101 2064
3973 2102 2099 2066
3974 2066 2065 2102
3975 2101 2102 2065
4040 2100 2098 2144
4041 2145 2138 2099
4042 2099 2102 2145
4043 2144 2146 2100
4044 2101 2100 2146
4045 2147 2145 2102
4046 2102 2101 2147
4047 2146 2147 2101
4118 2202 2201 2138
4119 2138 2145 2202
4131 2146 2144 2208
4132 2209 2202 2145
4133 2145 2147 2209
4134 2208 2210 2146
4135 2147 2146 2210
4136 2210 2209 2147
4242 2271 2270 2201
4243 2201 2202 2271
4244 2272 2271 2202
4245 2202 2209 2272
4257 2210 2208 2278
4258 2278 2279 2210
4259 2209 2210 2279
4260 2279 2272 2209
4265 2282 2283 2246
4332 2317 2246 2318
4333 2283 2318 2246
4379 2343 2284 2270
4380 2270 2271 2343
4381 2344 2343 2271
4382 2271 2272 2344
4383 2272 2279 2345
4384 2345 2344 2272
4396 2279 2278 2351
4397 2351 2345 2279
4402 2355 2282 2354
4403 2283 2282 2355
4404 2283 2356 2318
4405 2356 2283 2355
4406 2358 2357 2284
4407 2284 2343 2358
4474 2392 2317 2393
4475 2318 2393 2317
4476 2393 2318 2394
4477 2356 2394 2318
4525 2420 2358 2343
4526 2343 2344 2420
4527 2344 2345 2421
4528 2421 2420 2344
4529 2345 2351 2422
4530 2422 2421 2345
4546 2432 2354 2430
4547 2355 2354 2432
4548 2355 2432 2433
4549 2356 2355 2433
4550 2356 2433 2394
4551 2435 2434 2357
4552 2357 2358 2435
4553 2436 2435 2358
4554 2358 2420 2436
4622 2471 2466 2392
4623 2393 2471 2392
4624 2393 2472 2471
4625 2394 2472 2393
4626 2473 2472 2394
4627 2473 2394 2433
4677 2420 2421 2501
4678 2501 2436 2420
4679 2421 2422 2502
4680 2502 2501 2421
4696 2511 2430 2431
4697 2432 2430 2511
4698 2512 2431 2510
4699 2511 2431 2512
4700 2513 2432 2511
4701 2433 2432 2513
4702 2514 2433 2513
4703 2473 2433 2514
4704 2517 2516 2434
4705 2434 2435 2517
4706 2518 2517 2435
4707 2435 2436 2518
4708 2436 2501 2519
4709 2519 2518 2436
4770 2551 2468 2466
4771 2471 2551 2466
4774 2553 2552 2468
4775 2468 2551 2553
4780 2551 2471 2556
4781 2472 2556 2471
4782 2472 2557 2556
4783 2473 2557 2472
4784 2473 2514 2557
4837 2501 2502 2586
4838 2586 2519 2501
4854 2594 2510 2515
4855 2512 2510 2594
4856 2595 2511 2512
4857 2513 2511 2595
4858 2596 2512 2594
4859 2595 2512 2596
4860 2597 2513 2595
4861 2514 2513 2597
4862 2598 2514 2597
4863 2557 2514 2598
4864 2515 2516 2599
4865 2594 2515 2599
4866 2517 2599 2516
4867 2600 2599 2517
4868 2600 2517 2518
4869 2518 2519 2601
4870 2600 2518 2601
4871 2519 2586 2602
4872 2602 2601 2519
4940 2553 2551 2639
4941 2556 2639 2551
4942 2640 2555 2552
4943 2552 2553 2640
4944 2641 2640 2553
4945 2641 2553 2639
4948 2643 2642 2555
4949 2555 2640 2643
4950 2639 2556 2644
4951 2557 2644 2556
4952 2598 2644 2557
5022 2594 2599 2680
5023 2596 2594 2680
5024 2596 2681 2595
5025 2597 2595 2681
5026 2596 2680 2681
5027 2597 2681 2682
5028 2598 2682 2644
5029 2598 2597 2682
5030 2600 2601 2683
5031 2600 2683 2599
5032 2680 2599 2683
5033 2601 2602 2684
5034 2601 2684 2683
5106 2641 2639 2719
5107 2639 2644 2719
5108 2640 2720 2643
5109 2641 2720 2640
5110 2641 2719 2720
5111 2642 2721 2716
5112 2721 2642 2643
5113 2722 2721 2643
5114 2722 2643 2720
5115 2644 2682 2723
5116 2719 2644 2723
5186 2680 2683 2761
5187 2680 2761 2681
5188 2681 2761 2762
5189 2682 2681 2762
5190 2723 2682 2762
5192 2684 2764 2683
5193 2761 2683 2764
5258 2797 2716 2721
5259 2716 2798 2717
5260 2797 2798 2716
5261 2717 2799 2718
5262 2798 2799 2717
5263 2796 2718 2800
5264 2799 2800 2718
5265 2722 2720 2801
5266 2719 2723 2801
5267 2720 2719 2801
5268 2797 2721 2802
5269 2722 2802 2721
5270 2722 2801 2802
5271 2723 2762 2803
5272 2801 2723 2803
5345 2761 2764 2841
5346 2841 2762 2761
5347 2762 2841 2842
5348 2803 2762 2842
5414 2873 2796 2875
5415 2800 2875 2796
5416 2797 2876 2798
5417 2797 2802 2876
5418 2799 2798 2877
5419 2877 2798 2876
5420 2800 2799 2878
5421 2877 2878 2799
5422 2879 2875 2800
5423 2879 2800 2878
5424 2801 2803 2880
5425 2802 2801 2880
5426 2802 2880 2876
5427 2803 2842 2881
5428 2881 2880 2803
5564 2874 2873 2950
5565 2875 2950 2873
5566 2874 2951 2948
5567 2951 2874 2950
5568 2875 2952 2950
5569 2879 2952 2875
5570 2876 2880 2953
5571 2877 2953 2878
5572 2877 2876 2953
5573 2879 2954 2952
5574 2878 2953 2954
5575 2878 2954 2879
5578 2881 2956 2880
5579 2953 2880 2956
5711 3025 2949 2948
5712 2948 2951 3025
5713 3026 3022 2949
5714 2949 3025 3026
5715 2950 3027 2951
5716 3027 2950 2952
5717 3028 3025 2951
5718 3028 2951 3027
5719 2952 3029 3027
5720 2952 2954 3029
5721 3030 3029 2954
5723 2953 2956 3032
5724 2954 2953 3032
5725 3030 2954 3032
5855 3023 3022 3097
5856 3022 3026 3097
5857 3098 3024 3023
5858 3097 3098 3023
5859 3099 3093 3024
5860 3024 3098 3099
5861 3025 3100 3026
5862 3028 3100 3025
5863 3101 3097 3026
5864 3026 3100 3101
5865 3027 3029 3103
5866 3028 3103 3100
5867 3028 3027 3103
5868 3029 3104 3103
5869 3030 3032 3104
5870 3030 3104 3029
5994 3167 3094 3093
5995 3093 3099 3167
5996 3168 3164 3094
5997 3094 3167 3168
6002 3098 3097 3171
6003 3101 3171 3097
6004 3172 3099 3098
6005 3172 3098 3171
6006 3173 3167 3099
6007 3172 3173 3099
6008 3100 3103 3174
6009 3171 3101 3174
6010 3101 3100 3174
6013 3103 3104 3176
6014 3176 3174 3103
6131 3235 3165 3164
6132 3164 3168 3235
6133 3236 3166 3165
6134 3165 3235 3236
6135 3237 3169 3166
6136 3166 3236 3237
6137 3167 3238 3168
6138 3173 3238 3167
6139 3239 3235 3168
6140 3239 3168 3238
6141 3240 3170 3169
6142 3169 3237 3240
6143 3241 3230 3170
6144 3170 3240 3241
6145 3171 3174 3242
6146 3173 3242 3238
6147 3173 3172 3242
6148 3172 3171 3242
6149 3174 3176 3243
6150 3243 3242 3174
6258 3299 3232 3230
6259 3230 3241 3299
6260 3300 3233 3231
6261 3301 3231 3232
6262 3231 3301 3300
6263 3232 3299 3301
6264 3302 3234 3233
6265 3233 3300 3302
6266 3234 3303 3297
6267 3303 3234 3302
6268 3236 3235 3304
6269 3235 3239 3304
6270 3305 3237 3236
6271 3305 3236 3304
6272 3306 3240 3237
6273 3305 3306 3237
6274 3238 3242 3307
6275 3239 3307 3304
6276 3239 3238 3307
6277 3240 3308 3241
6278 3306 3308 3240
6279 3309 3299 3241
6280 3241 3308 3309
6281 3242 3243 3310
6282 3307 3242 3310
6298 3318 3254 3317
6304 3316 3254 3321
6305 3318 3321 3254
6389 3297 3366 3298
6390 3297 3303 3366
6391 3367 3319 3298
6392 3298 3366 3367
6393 3301 3299 3368
6394 3299 3309 3368
6395 3369 3302 3300
6396 3370 3300 3301
6397 3369 3300 3370
6398 3370 3301 3368
6399 3302 3371 3303
6400 3369 3371 3302
6401 3372 3366 3303
6402 3372 3303 3371
6403 3304 3307 3373
6404 3306 3373 3308
6405 3306 3305 3373
6406 3305 3304 3373
6407 3307 3310 3374
6408 3374 3373 3307
6409 3308 3373 3375
6410 3309 3375 3368
6411 3309 3308 3375
6423 3381 3380 3316
6424 3321 3381 3316
6425 3382 3317 3320
6426 3318 3317 3382
6427 3318 3383 3321
6428 3318 3382 3383
6429 3384 3320 3319
6430 3319 3367 3384
6431 3385 3382 3320
6432 3385 3320 3384
6433 3381 3321 3386
6434 3383 3386 3321
6520 3366 3430 3367
6521 3366 3372 3430
6522 3431 3384 3367
6523 3431 3367 3430
6524 3368 3375 3432
6525 3369 3432 3371
6526 3370 3432 3369
6527 3370 3368 3432
6528 3371 3432 3433
6529 3372 3433 3430
6530 3372 3371 3433
6531 3373 3374 3434
6532 3434 3375 3373
6535 3375 3434 3436
6536 3436 3432 3375
6544 3380 3440 3426
6545 3381 3440 3380
6546 3381 3441 3440
6547 3441 3381 3386
6548 3385 3442 3382
6549 3383 3382 3442
6550 3383 3442 3386
6551 3385 3443 3442
6552 3384 3431 3443
6553 3385 3384 3443
6554 3386 3444 3441
6555 3386 3442 3444
6633 3426 3485 3427
6634 3440 3485 3426
6635 3482 3428 3486
6636 3429 3427 3487
6637 3487 3427 3485
6638 3428 3429 3488
6639 3488 3486 3428
6640 3487 3488 3429
6641 3430 3433 3489
6642 3431 3489 3443
6643 3431 3430 3489
6644 3432 3436 3490
6645 3490 3433 3432
6646 3433 3490 3491
6647 3491 3489 3433
6660 3440 3498 3485
6661 3441 3498 3440
6662 3441 3444 3498
6663 3443 3489 3499
6664 3443 3499 3442
6665 3442 3499 3444
6666 3500 3444 3499
6667 3444 3500 3498
6742 3483 3482 3540
6743 3486 3540 3482
6744 3484 3483 3541
6745 3540 3541 3483
6746 3525 3484 3542
6747 3541 3542 3484
6748 3543 3540 3486
6749 3485 3544 3487
6750 3544 3485 3498
6751 3486 3488 3545
6752 3543 3486 3545
6753 3546 3488 3487
6754 3546 3545 3488
6755 3546 3487 3544
6756 3489 3491 3547
6757 3547 3499 3489
6773 3500 3555 3498
6774 3544 3498 3555
6775 3547 3556 3499
6776 3500 3499 3556
6777 3500 3556 3555
6824 3578 3525 3580
6825 3542 3580 3525
6853 3595 3580 3542
6854 3540 3596 3541
6855 3543 3596 3540
6856 3542 3541 3597
6857 3596 3597 3541
6858 3595 3542 3597
6859 3543 3545 3598
6860 3543 3598 3596
6861 3544 3555 3599
6862 3546 3599 3545
6863 3598 3545 3599
6864 3546 3544 3599
6879 3555 3556 3606
6880 3555 3606 3599
6923 3579 3578 3628
6924 3580 3628 3578
6925 3629 3582 3579
6926 3629 3579 3628
6927 3580 3630 3628
6928 3595 3630 3580
6931 3582 3632 3631
6932 3629 3632 3582
6957 3595 3646 3630
6958 3595 3597 3646
6959 3597 3596 3647
6960 3596 3598 3647
6961 3597 3647 3646
6962 3598 3599 3648
6963 3598 3648 3647
6964 3599 3606 3649
6965 3648 3599 3649
7021 3629 3628 3678
7022 3628 3630 3678
7023 3629 3678 3632
7024 3630 3679 3678
7025 3646 3679 3630
7026 3631 3680 3633
7027 3680 3631 3632
7028 3632 3681 3680
7029 3681 3632 3678
7030 3634 3633 3682
7031 3680 3682 3633
7032 3635 3634 3683
7033 3682 3683 3634
7034 3677 3635 3684
7035 3683 3684 3635
7055 3648 3649 3695
7056 3648 3695 3647
7057 3646 3647 3695
7058 3646 3695 3679
7113 3686 3677 3723
7114 3684 3723 3677
7115 3724 3679 3695
7116 3679 3724 3725
7117 3678 3679 3725
7118 3681 3678 3725
7119 3682 3680 3726
7120 3681 3726 3680
7121 3681 3725 3726
7122 3727 3683 3682
7123 3727 3682 3726
7124 3684 3683 3728
7125 3727 3728 3683
7126 3729 3723 3684
7127 3729 3684 3728
7130 3687 3686 3731
7131 3723 3731 3686
7132 3730 3687 3732
7133 3731 3732 3687
7202 3723 3768 3731
7203 3729 3768 3723
7205 3725 3724 3769
7206 3725 3769 3770
7207 3726 3725 3770
7208 3728 3727 3770
7209 3727 3726 3770
7210 3729 3771 3768
7211 3728 3770 3771
7212 3729 3728 3771
7213 3766 3730 3772
7214 3732 3772 3730
7215 3732 3731 3773
7216 3768 3773 3731
7217 3774 3772 3732
7218 3774 3732 3773
7284 3767 3766 3809
7285 3772 3809 3766
7286 3775 3767 3810
7287 3809 3810 3767
7288 3773 3768 3811
7289 3768 3771 3811
7291 3770 3769 3812
7292 3771 3770 3813
7293 3813 3770 3812
7294 3813 3811 3771
7295 3809 3772 3814
7296 3774 3814 3772
7297 3774 3815 3814
7298 3811 3815 3773
7299 3774 3773 3815
7300 3806 3775 3816
7301 3810 3816 3775
7312 3808 3822 3819
7359 3806 3846 3807
7360 3846 3806 3816
7361 3807 3847 3808
7362 3847 3807 3846
7363 3822 3808 3848
7364 3848 3808 3847
7365 3810 3809 3849
7366 3814 3849 3809
7367 3816 3810 3850
7368 3850 3810 3849
7370 3813 3812 3851
7371 3811 3813 3851
7372 3815 3811 3851
7373 3849 3814 3852
7374 3814 3815 3852
7375 3853 3815 3851
7376 3853 3852 3815
7377 3846 3816 3854
7378 3850 3854 3816
7379 3855 3822 3848
7380 3817 3856 3820
7381 3818 3857 3817
7382 3856 3817 3857
7383 3819 3858 3818
7384 3857 3818 3858
7385 3822 3858 3819
7386 3820 3859 3821
7387 3859 3820 3856
7388 3860 3821 3859
7389 3861 3821 3860
7390 3822 3862 3858
7391 3855 3862 3822
7437 3847 3846 3886
7438 3854 3886 3846
7439 3887 3848 3847
7440 3887 3847 3886
7441 3855 3848 3888
7442 3888 3848 3887
7443 3850 3889 3854
7444 3852 3889 3849
7445 3850 3849 3889
7447 3853 3851 3890
7448 3853 3890 3852
7449 3852 3890 3889
7450 3886 3854 3891
7451 3891 3854 3889
7452 3855 3892 3862
7453 3888 3892 3855
7454 3856 3894 3859
7455 3857 3895 3856
7456 3894 3856 3895
7457 3858 3896 3857
7458 3895 3857 3896
7459 3896 3858 3862
7460 3860 3859 3897
7461 3894 3897 3859
7462 3898 3893 3861
7463 3860 3898 3861
7464 3860 3897 3898
7465 3862 3899 3896
7466 3899 3862 3892
7512 3886 3891 3923
7513 3888 3923 3892
7514 3887 3886 3923
7515 3887 3923 3888
7517 3891 3924 3923
7518 3889 3890 3924
7519 3891 3889 3924
7520 3925 3892 3923
7521 3926 3892 3925
7522 3926 3899 3892
7523 3893 3928 3927
7524 3898 3928 3893
7525 3894 3895 3929
7526 3894 3929 3897
7527 3896 3930 3895
7528 3895 3930 3929
7529 3930 3896 3899
7530 3928 3898 3931
7531 3897 3931 3898
7532 3897 3929 3931
7533 3899 3932 3930
7534 3899 3926 3932
7582 3958 3923 3924
7583 3925 3923 3958
7584 3925 3958 3959
7585 3925 3959 3926
7586 3926 3959 3932
7587 3957 3927 3960
7588 3928 3960 3927
7589 3961 3960 3928
7590 3931 3961 3928
7591 3930 3932 3962
7592 3961 3931 3962
7593 3929 3962 3931
7594 3929 3930 3962
7595 3963 3932 3959
7596 3932 3963 3962
7643 3960 3987 3957
7644 3987 3988 3957
7646 3959 3958 3989
7647 3959 3989 3963
7648 3960 3990 3987
7649 3961 3990 3960
7650 3961 3962 3990
7651 3963 3989 3991
7652 3962 3991 3990
7653 3963 3991 3962
7654 3992 3987 3990
7700 3987 4016 3988
7701 3992 4016 3987
7702 4016 4017 3988
7704 3991 3989 4018
7705 3991 4018 4019
7706 3990 3991 4019
7707 3992 3990 4019
7708 3992 4019 4020
7709 4020 4016 3992
7754 4017 4016 4043
7755 4020 4043 4016
7756 4043 4044 4017
7758 4045 4019 4018
7759 4045 4046 4019
7760 4020 4046 4043
7761 4020 4019 4046
7804 4044 4043 4068
7805 4043 4046 4068
7806 4044 4068 4069
7808 4046 4045 4070
7809 4070 4071 4046
7810 4071 4068 4046
7852 4069 4094 4090
7853 4069 4068 4094
7854 4071 4094 4068
7856 4071 4070 4095
7857 4071 4095 4094
7893 4116 4115 4090
7894 4090 4094 4116
7902 4095 4120 4094
7903 4120 4116 4094
7941 4115 4116 4141
7942 4141 4142 4115
7943 4116 4120 4143
7944 4141 4116 4143
7991 4141 4143 4171
7992 4142 4141 4171
7993 4142 4171 4169
8045 4200 4169 4171
8046 4200 4170 4169
8047 4201 4170 4200
8048 4201 4199 4170
8103 4199 4201 4231
8104 4231 4230 4199
8163 4262 4261 4230
8164 4230 4231 4262
8223 4261 4262 4293
8224 4293 4267 4261
8227 4267 4293 4295
8235 4295 4299 4267
8286 4299 4295 4324
8295 4324 4329 4299
8342 4329 4324 4353
8351 4358 4353 4357
8352 4353 4358 4329
8404 4357 4384 4358
8405 4384 4357 4383
8452 4408 4383 4407
8453 4383 4408 4384
8497 4431 4407 4430
8498 4407 4431 4408
8539 4430 4452 4431
8540 4452 4430 4451
8577 4471 4451 4470
8578 4451 4471 4452
8611 4488 4471 4470
8612 4470 4487 4488
8642 4487 4503 4504
8643 4504 4488 4487
8669 4517 4504 4503
8670 4503 4516 4517
8691 4516 4527 4528
8692 4528 4517 4516
8710 4538 4528 4527
8711 4527 4537 4538
8726 4537 4545 4546
8727 4546 4538 4537
8739 4553 4546 4545
8740 4545 4552 4553
8750 4552 4558 4559
8751 4559 4553 4552
8759 4558 4563 4564
8760 4564 4559 4558
8766 4568 4564 4563
8767 4563 4567 4568
8770 4567 4569 4570
8771 4570 4568 4567
8772 4571 4570 4569
2 3 2 3186
63 54 33 53
64 54 55 33
73 65 61 38
74 66 38 39
75 66 65 38
77 66 39 67
100 60 79 52
101 52 80 53
102 54 53 80
103 79 80 52
104 54 81 55
105 54 80 81
106 81 82 55
115 87 60 64
116 60 87 79
117 88 62 61
118 61 65 88
119 89 63 62
120 62 88 89
121 90 64 63
122 64 90 87
123 63 89 90
124 91 88 65
125 66 67 92
126 66 92 65
127 65 92 91
129 67 93 92
150 104 79 87
151 105 80 79
152 105 79 104
153 81 80 106
154 105 106 80
155 82 81 107
156 106 107 81
157 107 108 82
166 113 87 90
167 87 113 104
168 114 89 88
169 88 91 114
170 115 90 89
171 90 115 113
172 89 114 115
173 116 114 91
174 117 91 92
175 117 116 91
176 118 92 93
177 117 92 118
179 118 93 119
199 130 104 113
200 105 104 131
201 104 130 131
202 105 131 106
203 107 106 132
204 132 106 131
205 108 107 133
206 132 133 107
207 133 134 108
216 139 113 115
217 113 139 130
218 114 140 115
219 115 140 139
220 116 140 114
221 141 140 116
222 117 118 142
223 117 142 116
224 141 116 142
225 119 143 118
226 118 143 142
228 143 119 144
248 155 130 139
249 156 131 130
250 156 130 155
251 132 131 157
252 156 157 131
253 133 132 158
254 157 158 132
255 134 133 159
256 158 159 133
257 159 160 134
266 165 139 140
267 165 155 139
268 166 165 140
269 166 140 141
270 141 142 167
271 141 167 166
272 168 142 143
273 167 142 168
274 144 169 143
275 168 143 169
277 169 144 170
297 181 155 165
298 156 182 157
299 156 155 182
300 155 181 182
301 158 157 183
302 157 182 183
303 159 158 184
304 183 184 158
305 160 159 185
306 184 185 159
307 185 186 160
316 166 167 191
317 166 191 165
318 165 191 181
319 167 168 192
320 167 192 191
321 169 193 168
322 168 193 192
323 170 194 169
324 193 169 194
326 194 170 195
346 206 181 191
347 206 207 181
348 207 182 181
349 183 182 208
350 208 182 207
351 184 183 209
352 208 209 183
353 185 184 210
354 209 210 184
355 186 185 211
356 210 211 185
357 211 212 186
366 217 191 192
367 206 191 217
368 218 192 193
369 217 192 218
370 194 219 193
371 218 193 219
372 195 220 194
373 219 194 220
375 220 195 221
395 206 217 232
396 206 232 207
397 207 233 208
398 232 233 207
399 209 208 234
400 233 234 208
401 210 209 235
402 234 235 209
403 211 210 236
404 235 236 210
405 212 211 237
406 236 237 211
407 237 238 212
416 218 243 217
417 217 243 232
418 219 244 218
419 243 218 244
420 220 245 219
421 244 219 245
422 221 246 220
423 245 220 246
425 246 221 247
445 258 232 243
446 232 258 233
447 234 233 259
448 258 259 233
449 235 234 260
450 259 260 234
451 236 235 261
452 260 261 235
453 237 236 262
454 261 262 236
455 238 237 263
456 262 263 237
457 263 264 238
466 244 269 243
467 243 269 258
468 245 270 244
469 269 244 270
470 246 271 245
471 270 245 271
472 247 272 246
473 271 246 272
475 272 247 273
495 269 284 258
496 259 258 284
497 260 259 285
498 284 285 259
499 261 260 286
500 285 286 260
501 262 261 287
502 286 287 261
503 263 262 288
504 287 288 262
505 264 263 289
506 288 289 263
507 289 290 264
516 270 295 269
517 284 269 295
518 271 296 270
519 295 270 296
520 272 297 271
521 296 271 297
522 273 298 272
523 297 272 298
525 298 273 299
545 295 310 284
546 285 284 310
547 286 285 311
548 310 311 285
549 287 286 312
550 311 312 286
551 288 287 313
552 312 313 287
553 289 288 314
554 313 314 288
555 290 289 315
556 314 315 289
557 315 316 290
566 296 321 295
567 310 295 321
568 297 322 296
569 321 296 322
570 298 323 297
571 322 297 323
572 299 324 298
573 323 298 324
575 324 299 325
595 321 336 310
596 311 310 336
597 312 311 337
598 336 337 311
599 313 312 338
600 337 338 312
601 314 313 339
602 338 339 313
603 315 314 340
604 339 340 314
605 316 315 341
606 340 341 315
607 341 342 316
616 322 347 321
617 336 321 347
618 323 348 322
619 347 322 348
620 324 349 323
621 348 323 349
622 325 350 324
623 349 324 350
625 350 325 351
645 347 362 336
646 337 336 362
647 338 337 363
648 362 363 337
649 339 338 364
650 363 364 338
651 340 339 365
652 364 365 339
653 341 340 366
654 365 366 340
655 342 341 367
656 366 367 341
657 367 368 342
666 348 373 347
667 362 347 373
668 349 374 348
669 373 348 374
670 350 375 349
671 374 349 375
672 351 376 350
673 375 350 376
675 376 351 377
695 373 388 362
696 363 362 388
697 364 363 389
698 388 389 363
699 365 364 390
700 389 390 364
701 366 365 391
702 390 391 365
703 367 366 392
704 391 392 366
705 368 367 393
706 392 393 367
707 393 394 368
716 374 399 373
717 388 373 399
718 375 400 374
719 399 374 400
720 376 401 375
721 400 375 401
722 377 402 376
723 401 376 402
725 402 377 403
745 399 414 388
746 389 388 414
747 390 389 415
748 414 415 389
749 391 390 416
750 415 416 390
751 392 391 417
752 416 417 391
753 393 392 418
754 417 418 392
755 394 393 419
756 418 419 393
757 419 420 394
766 400 425 399
767 414 399 425
768 401 426 400
769 425 400 426
770 402 427 401
771 426 401 427
772 403 428 402
773 427 402 428
775 428 403 429
795 425 440 414
796 415 414 440
797 416 415 441
798 440 441 415
799 417 416 442
800 441 442 416
801 418 417 443
802 442 443 417
803 419 418 444
804 443 444 418
805 420 419 445
806 444 445 419
807 445 446 420
816 426 451 425
817 440 425 451
818 427 452 426
819 451 426 452
820 428 453 427
821 452 427 453
822 429 454 428
823 453 428 454
825 454 429 455
845 451 466 440
846 441 440 466
847 442 441 467
848 466 467 441
849 443 442 468
850 467 468 442
851 444 443 469
852 468 469 443
853 445 444 470
854 469 470 444
855 446 445 471
856 470 471 445
857 471 472 446
866 452 477 451
867 466 451 477
868 453 478 452
869 477 452 478
870 454 479 453
871 478 453 479
872 455 480 454
873 479 454 480
875 480 455 481
895 477 492 466
896 467 466 492
897 468 467 493
898 492 493 467
899 469 468 494
900 493 494 468
901 470 469 495
902 494 495 469
903 471 470 496
904 495 496 470
905 472 471 497
906 496 497 471
907 497 498 472
916 478 503 477
917 492 477 503
918 479 504 478
919 503 478 504
920 480 505 479
921 504 479 505
922 481 506 480
923 505 480 506
925 506 481 507
945 503 518 492
946 493 492 518
947 494 493 519
948 518 519 493
949 495 494 520
950 519 520 494
951 496 495 521
952 520 521 495
953 497 496 522
954 521 522 496
955 498 497 523
956 522 523 497
957 523 524 498
966 504 529 503
967 518 503 529
968 505 530 504
969 529 504 530
970 506 531 505
971 530 505 531
972 507 532 506
973 531 506 532
975 532 507 533
995 529 544 518
996 519 518 544
997 520 519 545
998 544 545 519
999 521 520 546
1000 545 546 520
1001 522 521 547
1002 546 547 521
1003 523 522 548
1004 547 548 522
1005 524 523 549
1006 548 549 523
1007 549 550 524
1016 530 555 529
1017 544 529 555
1018 531 556 530
1019 555 530 556
1020 532 557 531
1021 556 531 557
1022 533 558 532
1023 557 532 558
1025 558 533 559
1045 555 570 544
1046 545 544 570
1047 546 545 571
1048 570 571 545
1049 547 546 572
1050 571 572 546
1051 548 547 573
1052 572 573 547
1053 549 548 574
1054 573 574 548
1055 550 549 575
1056 574 575 549
1057 575 576 550
1066 556 581 555
1067 570 555 581
1068 557 582 556
1069 581 556 582
1070 558 583 557
1071 582 557 583
1072 559 584 558
1073 583 558 584
1075 584 559 585
1095 581 596 570
1096 571 570 596
1097 572 571 597
1098 596 597 571
1099 573 572 598
1100 597 598 572
1101 574 573 599
1102 598 599 573
1103 575 574 600
1104 599 600 574
1105 576 575 601
1106 600 601 575
1107 601 602 576
1116 582 607 581
1117 596 581 607
1118 583 608 582
1119 607 582 608
1120 584 609 583
1121 608 583 609
1122 585 610 584
1123 609 584 610
1125 610 585 611
1145 607 622 596
1146 597 596 622
1147 598 597 623
1148 622 623 597
1149 599 598 624
1150 623 624 598
1151 600 599 625
1152 624 625 599
1153 601 600 626
1154 625 626 600
1155 602 601 627
1156 626 627 601
1157 627 628 602
1166 608 633 607
1167 622 607 633
1168 609 634 608
1169 633 608 634
1170 610 635 609
1171 634 609 635
1172 611 636 610
1173 635 610 636
1175 636 611 637
1195 633 648 622
1196 623 622 648
1197 624 623 649
1198 648 649 623
1199 625 624 650
1200 649 650 624
1201 626 625 651
1202 650 651 625
1203 627 626 652
1204 651 652 626
1205 628 627 653
1206 652 653 627
1207 653 654 628
1216 634 659 633
1217 648 633 659
1218 635 660 634
1219 659 634 660
1220 636 661 635
1221 660 635 661
1222 637 662 636
1223 661 636 662
1225 662 637 663
1245 659 674 648
1246 649 648 674
1247 650 649 675
1248 674 675 649
1249 651 650 676
1250 675 676 650
1251 652 651 677
1252 676 677 651
1253 653 652 678
1254 677 678 652
1255 654 653 679
1256 678 679 653
1257 679 680 654
1266 660 685 659
1267 674 659 685
1268 661 686 660
1269 685 660 686
1270 662 687 661
1271 686 661 687
1272 663 688 662
1273 687 662 688
1275 688 663 689
1295 685 700 674
1296 675 674 700
1297 676 675 701
1298 700 701 675
1299 677 676 702
1300 701 702 676
1301 678 677 703
1302 702 703 677
1303 679 678 704
1304 703 704 678
1305 680 679 705
1306 704 705 679
1307 705 706 680
1316 686 711 685
1317 700 685 711
1318 687 712 686
1319 711 686 712
1320 688 713 687
1321 687 713 712
1322 689 714 688
1323 713 688 714
1325 714 689 715
1345 711 726 700
1346 701 700 726
1347 702 701 727
1348 726 727 701
1349 703 702 728
1350 727 728 702
1351 704 703 729
1352 728 729 703
1353 705 704 730
1354 729 730 704
1355 706 705 731
1356 730 731 705
1357 731 732 706
1366 712 737 711
1367 726 711 737
1368 713 738 712
1369 737 712 738
1370 714 739 713
1371 738 713 739
1372 715 740 714
1373 739 714 740
1375 740 715 741
1395 737 752 726
1396 727 726 752
1397 728 727 753
1398 752 753 727
1399 729 728 754
1400 753 754 728
1401 730 729 755
1402 754 755 729
1403 731 730 756
1404 755 756 730
1405 732 731 757
1406 756 757 731
1407 757 758 732
1416 738 763 737
1417 752 737 763
1418 739 764 738
1419 763 738 764
1420 740 765 739
1421 739 765 764
1422 741 766 740
1423 765 740 766
1425 766 741 767
1445 763 778 752
1446 753 752 778
1447 754 753 779
1448 778 779 753
1449 755 754 780
1450 779 780 754
1451 756 755 781
1452 780 781 755
1453 757 756 782
1454 781 782 756
1455 758 757 783
1456 782 783 757
1457 783 784 758
1466 764 789 763
1467 778 763 789
1468 765 790 764
1469 789 764 790
1470 766 791 765
1471 790 765 791
1472 767 792 766
1473 791 766 792
1475 792 767 793
1495 789 804 778
1496 779 778 804
1497 780 779 805
1498 804 805 779
1499 781 780 806
1500 805 806 780
1501 782 781 807
1502 806 807 781
1503 783 782 808
1504 807 808 782
1505 784 783 809
1506 808 809 783
1507 809 810 784
1516 790 815 789
1517 804 789 815
1518 791 816 790
1519 815 790 816
1520 792 817 791
1521 816 791 817
1522 793 818 792
1523 817 792 818
1525 818 793 819
1545 815 830 804
1546 805 804 830
1547 806 805 831
1548 830 831 805
1549 807 806 832
1550 831 832 806
1551 808 807 833
1552 832 833 807
1553 809 808 834
1554 833 834 808
1555 810 809 835
1556 834 835 809
1557 835 836 810
1566 816 841 815
1567 830 815 841
1568 817 842 816
1569 841 816 842
1570 818 843 817
1571 842 817 843
1572 819 844 818
1573 843 818 844
1575 844 819 845
1595 841 856 830
1596 831 830 856
1597 832 831 857
1598 856 857 831
1599 833 832 858
1600 857 858 832
1601 834 833 859
1602 858 859 833
1603 835 834 860
1604 859 860 834
1605 836 835 861
1606 860 861 835
1607 861 862 836
1616 842 867 841
1617 856 841 867
1618 843 868 842
1619 867 842 868
1620 844 869 843
1621 868 843 869
1622 845 870 844
1623 869 844 870
1625 870 845 871
1645 867 882 856
1646 857 856 882
1647 858 857 883
1648 882 883 857
1649 859 858 884
1650 883 884 858
1651 860 859 885
1652 884 885 859
1653 861 860 886
1654 885 886 860
1655 862 861 887
1656 886 887 861
1657 887 888 862
1666 868 893 867
1667 882 867 893
1668 869 894 868
1669 893 868 894
1670 870 895 869
1671 894 869 895
1672 871 896 870
1673 895 870 896
1675 896 871 897
1695 893 908 882
1696 883 882 908
1697 884 883 909
1698 908 909 883
1699 885 884 910
1700 909 910 884
1701 886 885 911
1702 910 911 885
1703 887 886 912
1704 911 912 886
1705 888 887 913
1706 912 913 887
1707 913 914 888
1716 894 919 893
1717 908 893 919
1718 895 920 894
1719 919 894 920
1720 896 921 895
1721 920 895 921
1722 897 922 896
1723 921 896 922
1725 922 897 923
1745 919 934 908
1746 909 908 934
1747 910 909 935
1748 934 935 909
1749 911 910 936
1750 935 936 910
1751 912 911 937
1752 936 937 911
1753 913 912 938
1754 937 938 912
1755 914 913 939
1756 938 939 913
1757 939 940 914
1766 920 945 919
1767 934 919 945
1768 921 946 920
1769 945 920 946
1770 922 947 921
1771 946 921 947
1772 923 948 922
1773 947 922 948
1775 948 923 949
1795 945 960 934
1796 935 934 960
1797 936 935 961
1798 960 961 935
1799 937 936 962
1800 961 962 936
1801 938 937 963
1802 962 963 937
1803 939 938 964
1804 963 964 938
1805 940 939 965
1806 964 965 939
1807 965 966 940
1816 946 971 945
1817 960 945 971
1818 947 972 946
1819 971 946 972
1820 948 973 947
1821 972 947 973
1822 949 974 948
1823 973 948 974
1825 974 949 975
1845 971 986 960
1846 961 960 986
1847 962 961 987
1848 986 987 961
1849 963 962 988
1850 987 988 962
1851 964 963 989
1852 988 989 963
1853 965 964 990
1854 989 990 964
1855 966 965 991
1856 990 991 965
1857 991 992 966
1866 972 997 971
1867 986 971 997
1868 973 998 972
1869 997 972 998
1870 974 999 973
1871 998 973 999
1872 975 1000 974
1873 999 974 1000
1875 1000 975 1001
1895 997 1012 986
1896 987 986 1012
1897 988 987 1013
1898 1012 1013 987
1899 989 988 1014
1900 1013 1014 988
1901 990 989 1015
1902 1014 1015 989
1903 991 990 1016
1904 1015 1016 990
1905 992 991 1017
1906 1016 1017 991
1907 1017 1018 992
1916 998 1023 997
1917 1012 997 1023
1918 999 1024 998
1919 1023 998 1024
1920 1000 1025 999
1921 1024 999 1025
1922 1001 1026 1000
1923 1025 1000 1026
1925 1026 1001 1027
1945 1023 1038 1012
1946 1013 1012 1038
1947 1014 1013 1039
1948 1038 1039 1013
1949 1015 1014 1040
1950 1039 1040 1014
1951 1016 1015 1041
1952 1040 1041 1015
1953 1017 1016 1042
1954 1041 1042 1016
1955 1018 1017 1043
1956 1042 1043 1017
1957 1043 1044 1018
1966 1024 1049 1023
1967 1038 1023 1049
1968 1025 1050 1024
1969 1049 1024 1050
1970 1026 1051 1025
1971 1050 1025 1051
1972 1027 1052 1026
1973 1051 1026 1052
1975 1052 1027 1053
1995 1049 1064 1038
1996 1039 1038 1064
1997 1040 1039 1065
1998 1064 1065 1039
1999 1041 1040 1066
2000 1065 1066 1040
2001 1042 1041 1067
2002 1066 1067 1041
2003 1043 1042 1068
2004 1067 1068 1042
2005 1044 1043 1069
2006 1068 1069 1043
2007 1069 1070 1044
2016 1050 1075 1049
2017 1064 1049 1075
2018 1051 1076 1050
2019 1075 1050 1076
2020 1052 1077 1051
2021 1076 1051 1077
2022 1053 1078 1052
2023 1077 1052 1078
2025 1078 1053 1079
2045 1075 1090 1064
2046 1065 1064 1090
2047 1066 1065 1091
2048 1090 1091 1065
2049 1067 1066 1092
2050 1091 1092 1066
2051 1068 1067 1093
2052 1092 1093 1067
2053 1069 1068 1094
2054 1093 1094 1068
2055 1070 1069 1095
2056 1094 1095 1069
2057 1095 1096 1070
2066 1076 1101 1075
2067 1090 1075 1101
2068 1077 1102 1076
2069 1076 1102 1101
2070 1078 1103 1077
2071 1102 1077 1103
2072 1079 1104 1078
2073 1103 1078 1104
2075 1104 1079 1105
2095 1101 1116 1090
2096 1091 1090 1116
2097 1092 1091 1117
2098 1116 1117 1091
2099 1093 1092 1118
2100 1117 1118 1092
2101 1094 1093 1119
2102 1118 1119 1093
2103 1095 1094 1120
2104 1119 1120 1094
2105 1096 1095 1121
2106 1120 1121 1095
2107 1121 1122 1096
2116 1102 1127 1101
2117 1116 1101 1127
2118 1103 1128 1102
2119 1127 1102 1128
2120 1104 1129 1103
2121 1128 1103 1129
2122 1105 1130 1104
2123 1129 1104 1130
2125 1130 1105 1131
2145 1127 1142 1116
2146 1117 1116 1142
2147 1118 1117 1143
2148 1142 1143 1117
2149 1119 1118 1144
2150 1143 1144 1118
2151 1120 1119 1145
2152 1144 1145 1119
2153 1121 1120 1146
2154 1145 1146 1120
2155 1122 1121 1147
2156 1146 1147 1121
2157 1147 1148 1122
2166 1128 1153 1127
2167 1142 1127 1153
2168 1129 1154 1128
2169 1153 1128 1154
2170 1130 1155 1129
2171 1154 1129 1155
2172 1131 1156 1130
2173 1155 1130 1156
2175 1156 1131 1157
2195 1153 1168 1142
2196 1143 1142 1168
2197 1144 1143 1169
2198 1168 1169 1143
2199 1145 1144 1170
2200 1169 1170 1144
2201 1146 1145 1171
2202 1170 1171 1145
2203 1147 1146 1172
2204 1171 1172 1146
2205 1148 1147 1173
2206 1172 1173 1147
2207 1173 1174 1148
2216 1154 1179 1153
2217 1168 1153 1179
2218 1155 1180 1154
2219 1179 1154 1180
2220 1156 1181 1155
2221 1180 1155 1181
2222 1157 1182 1156
2223 1181 1156 1182
2225 1182 1157 1183
2245 1179 1194 1168
2246 1169 1168 1194
2247 1170 1169 1195
2248 1194 1195 1169
2249 1171 1170 1196
2250 1195 1196 1170
2251 1172 1171 1197
2252 1196 1197 1171
2253 1173 1172 1198
2254 1197 1198 1172
2255 1174 1173 1199
2256 1198 1199 1173
2257 1199 1200 1174
2266 1180 1205 1179
2267 1194 1179 1205
2268 1181 1206 1180
2269 1205 1180 1206
2270 1182 1207 1181
2271 1206 1181 1207
2272 1183 1208 1182
2273 1207 1182 1208
2275 1208 1183 1209
2295 1205 1220 1194
2296 1195 1194 1220
2297 1196 1195 1221
2298 1220 1221 1195
2299 1197 1196 1222
2300 1221 1222 1196
2301 1198 1197 1223
2302 1222 1223 1197
2303 1199 1198 1224
2304 1223 1224 1198
2305 1200 1199 1225
2306 1224 1225 1199
2307 1225 1226 1200
2316 1206 1231 1205
2317 1220 1205 1231
2318 1207 1232 1206
2319 1231 1206 1232
2320 1208 1233 1207
2321 1232 1207 1233
2322 1209 1234 1208
2323 1233 1208 1234
2325 1234 1209 1235
2345 1231 1246 1220
2346 1221 1220 1246
2347 1222 1221 1247
2348 1246 1247 1221
2349 1223 1222 1248
2350 1247 1248 1222
2351 1224 1223 1249
2352 1248 1249 1223
2353 1225 1224 1250
2354 1249 1250 1224
2355 1226 1225 1251
2356 1250 1251 1225
2357 1251 1252 1226
2366 1232 1257 1231
2367 1246 1231 1257
2368 1233 1258 1232
2369 1257 1232 1258
2370 1234 1259 1233
2371 1258 1233 1259
2372 1235 1260 1234
2373 1259 1234 1260
2375 1260 1235 1261
2395 1257 1272 1246
2396 1247 1246 1272
2397 1248 1247 1273
2398 1272 1273 1247
2399 1249 1248 1274
2400 1273 1274 1248
2401 1250 1249 1275
2402 1274 1275 1249
2403 1251 1250 1276
2404 1275 1276 1250
2405 1252 1251 1277
2406 1276 1277 1251
2407 1277 1278 1252
2416 1258 1283 1257
2417 1272 1257 1283
2418 1259 1284 1258
2419 1283 1258 1284
2420 1260 1285 1259
2421 1284 1259 1285
2422 1261 1286 1260
2423 1285 1260 1286
2425 1286 1261 1287
2445 1283 1298 1272
2446 1273 1272 1298
2447 1274 1273 1299
2448 1298 1299 1273
2449 1275 1274 1300
2450 1299 1300 1274
2451 1276 1275 1301
2452 1301 1275 1300
2453 1277 1276 1302
2454 1301 1302 1276
2455 1278 1277 1303
2456 1302 1303 1277
2457 1303 1304 1278
2466 1284 1309 1283
2467 1298 1283 1309
2468 1285 1310 1284
2469 1309 1284 1310
2470 1286 1311 1285
2471 1310 1285 1311
2472 1287 1312 1286
2473 1311 1286 1312
2475 1312 1287 1313
2495 1309 1324 1298
2496 1299 1298 1324
2497 1300 1299 1325
2498 1324 1325 1299
2499 1301 1300 1326
2500 1325 1326 1300
2501 1302 1301 1327
2502 1326 1327 1301
2503 1303 1302 1328
2504 1327 1328 1302
2505 1304 1303 1329
2506 1328 1329 1303
2507 1329 1330 1304
2516 1310 1335 1309
2517 1324 1309 1335
2518 1311 1336 1310
2519 1335 1310 1336
2520 1312 1337 1311
2521 1336 1311 1337
2522 1313 1338 1312
2523 1337 1312 1338
2525 1338 1313 1339
2545 1335 1350 1324
2546 1325 1324 1350
2547 1326 1325 1351
2548 1350 1351 1325
2549 1327 1326 1352
2550 1351 1352 1326
2551 1328 1327 1353
2552 1352 1353 1327
2553 1329 1328 1354
2554 1353 1354 1328
2555 1330 1329 1355
2556 1354 1355 1329
2557 1355 1356 1330
2566 1336 1361 1335
2567 1350 1335 1361
2568 1337 1362 1336
2569 1361 1336 1362
2570 1338 1363 1337
2571 1362 1337 1363
2572 1339 1364 1338
2573 1363 1338 1364
2575 1364 1339 1365
2595 1361 1376 1350
2596 1351 1350 1376
2597 1352 1351 1377
2598 1376 1377 1351
2599 1353 1352 1378
2600 1378 1352 1377
2601 1354 1353 1379
2602 1378 1379 1353
2603 1355 1354 1380
2604 1379 1380 1354
2605 1356 1355 1381
2606 1380 1381 1355
2607 1381 1382 1356
2616 1362 1387 1361
2617 1376 1361 1387
2618 1363 1388 1362
2619 1387 1362 1388
2620 1364 1389 1363
2621 1388 1363 1389
2622 1365 1390 1364
2623 1389 1364 1390
2625 1390 1365 1391
2645 1402 1376 1387
2646 1377 1376 1402
2647 1378 1377 1403
2648 1402 1403 1377
2649 1379 1378 1404
2650 1403 1404 1378
2651 1380 1379 1405
2652 1404 1405 1379
2653 1381 1380 1406
2654 1405 1406 1380
2655 1382 1381 1407
2656 1406 1407 1381
2657 1407 1408 1382
2666 1388 1413 1387
2667 1387 1413 1402
2668 1389 1414 1388
2669 1413 1388 1414
2670 1390 1415 1389
2671 1414 1389 1415
2672 1391 1416 1390
2673 1415 1390 1416
2675 1416 1391 1417
2695 1428 1402 1413
2696 1403 1402 1428
2697 1404 1403 1429
2698 1428 1429 1403
2699 1405 1404 1430
2700 1429 1430 1404
2701 1406 1405 1431
2702 1431 1405 1430
2703 1407 1406 1432
2704 1431 1432 1406
2705 1408 1407 1433
2706 1432 1433 1407
2707 1433 1434 1408
2716 1439 1413 1414
2717 1413 1439 1428
2718 1415 1440 1414
2719 1414 1440 1439
2720 1416 1441 1415
2721 1440 1415 1441
2722 1417 1442 1416
2723 1441 1416 1442
2725 1442 1417 1443
2745 1454 1428 1439
2746 1429 1428 1454
2747 1429 1455 1430
2748 1455 1429 1454
2749 1430 1456 1431
2750 1456 1430 1455
2751 1432 1431 1457
2752 1456 1457 1431
2753 1433 1432 1458
2754 1457 1458 1432
2755 1434 1433 1459
2756 1458 1459 1433
2757 1459 1460 1434
2766 1465 1439 1440
2767 1439 1465 1454
2768 1441 1466 1440
2769 1440 1466 1465
2770 1442 1467 1441
2771 1466 1441 1467
2772 1443 1468 1442
2773 1467 1442 1468
2775 1468 1443 1469
2795 1480 1454 1465
2796 1454 1480 1455
2797 1456 1455 1481
2798 1481 1455 1480
2799 1457 1456 1482
2800 1481 1482 1456
2801 1458 1457 1483
2802 1482 1483 1457
2803 1459 1458 1484
2804 1483 1484 1458
2805 1460 1459 1485
2806 1484 1485 1459
2807 1485 1486 1460
2816 1491 1465 1466
2817 1465 1491 1480
2818 1467 1492 1466
2819 1466 1492 1491
2820 1468 1493 1467
2821 1492 1467 1493
2822 1469 1494 1468
2823 1493 1468 1494
2825 1494 1469 1495
2845 1506 1480 1491
2846 1480 1506 1481
2847 1482 1481 1507
2848 1507 1481 1506
2849 1483 1482 1508
2850 1508 1482 1507
2851 1484 1483 1509
2852 1508 1509 1483
2853 1485 1484 1510
2854 1509 1510 1484
2855 1486 1485 1511
2856 1510 1511 1485
2857 1511 1512 1486
2866 1517 1491 1492
2867 1491 1517 1506
2868 1493 1518 1492
2869 1492 1518 1517
2870 1494 1519 1493
2871 1518 1493 1519
2872 1495 1520 1494
2873 1519 1494 1520
2875 1520 1495 1521
2895 1532 1506 1517
2896 1506 1532 1507
2897 1507 1533 1508
2898 1533 1507 1532
2899 1509 1508 1534
2900 1533 1534 1508
2901 1510 1509 1535
2902 1534 1535 1509
2903 1511 1510 1536
2904 1535 1536 1510
2905 1512 1511 1537
2906 1536 1537 1511
2907 1537 1538 1512
2916 1543 1517 1518
2917 1517 1543 1532
2918 1519 1544 1518
2919 1518 1544 1543
2920 1520 1545 1519
2921 1544 1519 1545
2922 1521 1546 1520
2923 1545 1520 1546
2925 1546 1521 1547
2945 1558 1532 1543
2946 1532 1558 1533
2947 1534 1533 1559
2948 1559 1533 1558
2949 1535 1534 1560
2950 1560 1534 1559
2951 1536 1535 1561
2952 1560 1561 1535
2953 1537 1536 1562
2954 1561 1562 1536
2955 1538 1537 1563
2956 1562 1563 1537
2957 1563 1564 1538
2966 1569 1543 1544
2967 1543 1569 1558
2968 1545 1570 1544
2969 1544 1570 1569
2970 1546 1571 1545
2971 1570 1545 1571
2972 1547 1572 1546
2973 1571 1546 1572
2975 1572 1547 1573
2995 1584 1558 1569
2996 1558 1584 1559
2997 1559 1585 1560
2998 1585 1559 1584
2999 1561 1560 1586
3000 1585 1586 1560
3001 1562 1561 1587
3002 1586 1587 1561
3003 1563 1562 1588
3004 1587 1588 1562
3005 1564 1563 1589
3006 1588 1589 1563
3007 1589 1590 1564
3016 1595 1569 1570
3017 1569 1595 1584
3018 1571 1596 1570
3019 1570 1596 1595
3020 1572 1597 1571
3021 1596 1571 1597
3022 1573 1598 1572
3023 1597 1572 1598
3025 1598 1573 1599
3045 1610 1584 1595
3046 1584 1610 1585
3047 1586 1585 1611
3048 1611 1585 1610
3049 1587 1586 1612
3050 1612 1586 1611
3051 1588 1587 1613
3052 1612 1613 1587
3053 1589 1588 1614
3054 1613 1614 1588
3055 1590 1589 1615
3056 1614 1615 1589
3057 1615 1616 1590
3066 1621 1595 1596
3067 1595 1621 1610
3068 1597 1622 1596
3069 1596 1622 1621
3070 1598 1623 1597
3071 1622 1597 1623
3072 1599 1624 1598
3073 1623 1598 1624
3075 1624 1599 1625
3095 1636 1610 1621
3096 1610 1636 1611
3097 1611 1637 1612
3098 1637 1611 1636
3099 1613 1612 1638
3100 1638 1612 1637
3101 1614 1613 1639
3102 1638 1639 1613
3103 1615 1614 1640
3104 1639 1640 1614
3105 1616 1615 1641
3106 1640 1641 1615
3107 1641 1642 1616
3116 1622 1647 1621
3117 1621 1647 1636
3118 1623 1648 1622
3119 1647 1622 1648
3120 1624 1649 1623
3121 1648 1623 1649
3122 1625 1650 1624
3123 1649 1624 1650
3125 1650 1625 1651
3145 1663 1636 1647
3146 1636 1663 1637
3147 1637 1664 1638
3148 1664 1637 1663
3149 1639 1638 1665
3150 1664 1665 1638
3151 1640 1639 1666
3152 1666 1639 1665
3153 1641 1640 1667
3154 1666 1667 1640
3155 1642 1641 1668
3156 1667 1668 1641
3157 1668 1669 1642
3166 1673 1647 1648
3167 1647 1673 1663
3168 1649 1674 1648
3169 1648 1674 1673
3170 1650 1675 1649
3171 1649 1675 1674
3172 1651 1676 1650
3173 1675 1650 1676
3175 1676 1651 1677
3197 1690 1663 1673
3198 1663 1690 1664
3199 1664 1691 1665
3200 1691 1664 1690
3201 1665 1692 1666
3202 1692 1665 1691
3203 1667 1666 1693
3204 1692 1693 1666
3205 1668 1667 1694
3206 1693 1694 1667
3207 1669 1668 1695
3208 1694 1695 1668
3209 1695 1696 1669
3216 1699 1673 1674
3217 1673 1699 1690
3218 1675 1700 1674
3219 1674 1700 1699
3220 1676 1701 1675
3221 1700 1675 1701
3222 1677 1702 1676
3223 1701 1676 1702
3225 1702 1677 1703
3249 1717 1690 1699
3250 1690 1717 1691
3251 1691 1718 1692
3252 1718 1691 1717
3253 1693 1692 1719
3254 1718 1719 1692
3255 1694 1693 1720
3256 1719 1720 1693
3257 1695 1694 1721
3258 1720 1721 1694
3259 1696 1695 1722
3260 1721 1722 1695
3261 1722 1723 1696
3266 1725 1699 1700
3267 1699 1725 1717
3268 1701 1726 1700
3269 1700 1726 1725
3270 1702 1727 1701
3271 1726 1701 1727
3272 1703 1728 1702
3273 1727 1702 1728
3275 1728 1703 1729
3301 1744 1717 1725
3302 1717 1744 1718
3303 1719 1718 1745
3304 1744 1745 1718
3305 1720 1719 1746
3306 1745 1746 1719
3307 1721 1720 1747
3308 1746 1747 1720
3309 1722 1721 1748
3310 1747 1748 1721
3311 1723 1722 1749
3312 1748 1749 1722
3313 1749 1750 1723
3316 1726 1751 1725
3317 1725 1751 1744
3318 1727 1752 1726
3319 1751 1726 1752
3320 1728 1753 1727
3321 1752 1727 1753
3322 1729 1754 1728
3323 1753 1728 1754
3325 1754 1729 1755
3353 1751 1771 1744
3354 1745 1744 1771
3355 1746 1745 1772
3356 1771 1772 1745
3357 1747 1746 1773
3358 1772 1773 1746
3359 1748 1747 1774
3360 1773 1774 1747
3361 1749 1748 1775
3362 1774 1775 1748
3363 1776 1766 1750
3364 1750 1749 1776
3365 1775 1776 1749
3366 1752 1777 1751
3367 1771 1751 1777
3368 1753 1778 1752
3369 1777 1752 1778
3370 1754 1779 1753
3371 1778 1753 1779
3372 1755 1780 1754
3373 1779 1754 1780
3375 1780 1755 1781
3395 1766 1776 1792
3396 1792 1793 1766
3405 1777 1798 1771
3406 1772 1771 1798
3407 1773 1772 1799
3408 1798 1799 1772
3409 1774 1773 1800
3410 1799 1800 1773
3411 1775 1774 1801
3412 1800 1801 1774
3413 1802 1792 1776
3414 1776 1775 1802
3415 1801 1802 1775
3416 1778 1803 1777
3417 1798 1777 1803
3418 1779 1804 1778
3419 1803 1778 1804
3420 1780 1805 1779
3421 1804 1779 1805
3422 1781 1806 1780
3423 1805 1780 1806
3425 1806 1781 1807
3445 1792 1802 1818
3446 1793 1792 1819
3447 1818 1819 1792
3448 1819 1820 1793
3457 1803 1825 1798
3458 1799 1798 1825
3459 1800 1799 1826
3460 1826 1799 1825
3461 1801 1800 1827
3462 1827 1800 1826
3463 1828 1818 1802
3464 1802 1801 1828
3465 1827 1828 1801
3466 1804 1829 1803
3467 1825 1803 1829
3468 1805 1830 1804
3469 1829 1804 1830
3470 1806 1831 1805
3471 1830 1805 1831
3472 1807 1832 1806
3473 1831 1806 1832
3475 1832 1807 1833
3495 1818 1828 1844
3496 1819 1818 1845
3497 1844 1845 1818
3498 1820 1819 1846
3499 1845 1846 1819
3500 1846 1847 1820
3509 1829 1852 1825
3510 1825 1852 1826
3511 1826 1853 1827
3512 1853 1826 1852
3513 1854 1844 1828
3514 1828 1827 1854
3515 1854 1827 1853
3516 1830 1855 1829
3517 1852 1829 1855
3518 1831 1856 1830
3519 1855 1830 1856
3520 1832 1857 1831
3521 1856 1831 1857
3522 1833 1858 1832
3523 1857 1832 1858
3525 1858 1833 1859
3545 1844 1854 1870
3546 1845 1844 1871
3547 1870 1871 1844
3548 1846 1845 1872
3549 1871 1872 1845
3550 1847 1846 1873
3551 1872 1873 1846
3552 1873 1874 1847
3561 1855 1879 1852
3562 1853 1852 1879
3563 1870 1854 1880
3564 1853 1880 1854
3565 1880 1853 1879
3566 1856 1881 1855
3567 1879 1855 1881
3568 1857 1882 1856
3569 1881 1856 1882
3570 1858 1883 1857
3571 1882 1857 1883
3572 1859 1884 1858
3573 1883 1858 1884
3575 1884 1859 1885
3595 1896 1870 1880
3596 1870 1897 1871
3597 1896 1897 1870
3598 1872 1871 1898
3599 1897 1898 1871
3600 1873 1872 1899
3601 1898 1899 1872
3602 1874 1873 1900
3603 1899 1900 1873
3604 1900 1901 1874
3613 1881 1906 1879
3614 1880 1879 1906
3615 1896 1880 1906
3616 1882 1907 1881
3617 1881 1907 1906
3618 1883 1908 1882
3619 1907 1882 1908
3620 1884 1909 1883
3621 1908 1883 1909
3622 1885 1910 1884
3623 1909 1884 1910
3625 1910 1885 1911
3645 1896 1922 1897
3646 1896 1906 1922
3647 1898 1897 1923
3648 1897 1922 1923
3649 1899 1898 1924
3650 1923 1924 1898
3651 1900 1899 1925
3652 1924 1925 1899
3653 1901 1900 1926
3654 1925 1926 1900
3655 1926 1927 1901
3664 1907 1932 1906
3665 1922 1906 1932
3666 1908 1933 1907
3667 1932 1907 1933
3668 1909 1934 1908
3669 1933 1908 1934
3670 1910 1935 1909
3671 1934 1909 1935
3672 1911 1936 1910
3673 1935 1910 1936
3675 1936 1911 1937
3695 1948 1923 1922
3696 1922 1932 1948
3697 1924 1923 1949
3698 1923 1948 1949
3699 1925 1924 1950
3700 1949 1950 1924
3701 1926 1925 1951
3702 1950 1951 1925
3703 1927 1926 1952
3704 1951 1952 1926
3705 1952 1953 1927
3714 1933 1958 1932
3715 1948 1932 1958
3716 1934 1959 1933
3717 1959 1958 1933
3718 1935 1960 1934
3719 1959 1934 1960
3720 1936 1961 1935
3721 1960 1935 1961
3722 1937 1962 1936
3723 1961 1936 1962
3725 1962 1937 1963
3745 1949 1948 1974
3746 1958 1974 1948
3747 1950 1949 1975
3748 1974 1975 1949
3749 1951 1950 1976
3750 1975 1976 1950
3751 1952 1951 1977
3752 1976 1977 1951
3753 1953 1952 1978
3754 1977 1978 1952
3755 1978 1979 1953
3764 1959 1984 1958
3765 1984 1974 1958
3766 1985 1974 1984
3767 1960 1986 1959
3768 1984 1959 1986
3769 1961 1987 1960
3770 1986 1960 1987
3771 1962 1988 1961
3772 1987 1961 1988
3773 1963 1989 1962
3774 1988 1962 1989
3776 1989 1963 1990
3796 2001 1975 1974
3797 1985 2001 1974
3798 1976 1975 2002
3799 2001 2002 1975
3800 1977 1976 2003
3801 2002 2003 1976
3802 1978 1977 2004
3803 2003 2004 1977
3804 1979 1978 2005
3805 2004 2005 1978
3806 2005 2006 1979
3815 2011 1984 1986
3816 1985 1984 2011
3817 1985 2011 2012
3818 1985 2012 2001
3819 1987 2013 1986
3820 2011 1986 2013
3821 1988 2014 1987
3822 2013 1987 2014
3823 1989 2015 1988
3824 2014 1988 2015
3825 1990 2016 1989
3826 2015 1989 2016
3828 2016 1990 2017
3848 2002 2001 2028
3849 2012 2028 2001
3850 2003 2002 2029
3851 2028 2029 2002
3852 2004 2003 2030
3853 2029 2030 2003
3854 2005 2004 2031
3855 2030 2031 2004
3856 2006 2005 2032
3857 2031 2032 2005
3858 2032 2033 2006
3867 2013 2038 2011
3868 2012 2011 2038
3869 2038 2039 2012
3870 2028 2012 2039
3871 2014 2042 2013
3872 2038 2013 2042
3873 2015 2043 2014
3874 2042 2014 2043
3875 2016 2044 2015
3876 2043 2015 2044
3877 2017 2045 2016
3878 2044 2016 2045
3880 2045 2017 2046
3900 2029 2028 2057
3901 2039 2057 2028
3902 2030 2029 2058
3903 2057 2058 2029
3904 2031 2030 2059
3905 2058 2059 2030
3906 2032 2031 2060
3907 2059 2060 2031
3908 2033 2032 2061
3909 2060 2061 2032
3910 2061 2062 2033
3919 2042 2067 2038
3920 2039 2038 2067
3921 2068 2039 2067
3922 2068 2057 2039
3928 2043 2078 2042
3929 2067 2042 2078
3930 2044 2079 2043
3931 2078 2043 2079
3932 2045 2080 2044
3933 2079 2044 2080
3934 2046 2081 2045
3935 2080 2045 2081
3937 2081 2046 2082
3957 2057 2093 2058
3958 2068 2093 2057
3959 2059 2058 2094
3960 2094 2058 2093
3961 2060 2059 2095
3962 2094 2095 2059
3963 2061 2060 2096
3964 2095 2096 2060
3965 2062 2061 2097
3966 2096 2097 2061
3967 2097 2098 2062
3976 2067 2078 2103
3977 2068 2067 2103
3978 2068 2103 2093
3979 2104 2093 2103
4000 2079 2123 2078
4001 2123 2103 2078
4002 2080 2124 2079
4003 2123 2079 2124
4004 2081 2125 2080
4005 2124 2080 2125
4006 2082 2126 2081
4007 2125 2081 2126
4009 2126 2082 2127
4029 2139 2094 2093
4030 2104 2139 2093
4031 2095 2094 2140
4032 2139 2140 2094
4033 2096 2095 2141
4034 2140 2141 2095
4035 2097 2096 2142
4036 2141 2142 2096
4037 2098 2097 2143
4038 2142 2143 2097
4039 2143 2144 2098
4048 2123 2148 2103
4049 2104 2103 2148
4050 2104 2148 2149
4051 2104 2149 2139
4089 2124 2185 2123
4090 2148 2123 2185
4091 2125 2186 2124
4092 2185 2124 2186
4093 2126 2187 2125
4094 2186 2125 2187
4095 2127 2188 2126
4096 2187 2126 2188
4098 2188 2127 2189
4120 2140 2139 2203
4121 2149 2203 2139
4122 2141 2140 2204
4123 2203 2204 2140
4124 2142 2141 2205
4125 2204 2205 2141
4126 2143 2142 2206
4127 2205 2206 2142
4128 2144 2143 2207
4129 2206 2207 2143
4130 2207 2208 2144
4137 2185 2211 2148
4138 2149 2148 2211
4139 2211 2212 2149
4140 2203 2149 2212
4211 2186 2252 2185
4212 2211 2185 2252
4213 2187 2253 2186
4214 2252 2186 2253
4215 2188 2254 2187
4216 2253 2187 2254
4217 2189 2255 2188
4218 2254 2188 2255
4220 2255 2189 2256
4246 2204 2203 2273
4247 2212 2273 2203
4248 2205 2204 2274
4249 2273 2274 2204
4250 2206 2205 2275
4251 2274 2275 2205
4252 2207 2206 2276
4253 2275 2276 2206
4254 2208 2207 2277
4255 2276 2277 2207
4256 2277 2278 2208
4261 2252 2280 2211
4262 2212 2211 2280
4263 2280 2281 2212
4264 2273 2212 2281
4345 2253 2325 2252
4346 2280 2252 2325
4347 2254 2326 2253
4348 2325 2253 2326
4349 2255 2327 2254
4350 2326 2254 2327
4351 2256 2328 2255
4352 2327 2255 2328
4354 2328 2256 2329
4385 2274 2273 2346
4386 2281 2346 2273
4387 2275 2274 2347
4388 2346 2347 2274
4389 2276 2275 2348
4390 2347 2348 2275
4391 2277 2276 2349
4392 2348 2349 2276
4393 2278 2277 2350
4394 2349 2350 2277
4395 2350 2351 2278
4398 2325 2352 2280
4399 2281 2280 2352
4400 2352 2353 2281
4401 2346 2281 2353
4490 2326 2401 2325
4491 2352 2325 2401
4492 2327 2402 2326
4493 2401 2326 2402
4494 2328 2403 2327
4495 2402 2327 2403
4496 2329 2404 2328
4497 2403 2328 2404
4499 2404 2329 2405
4531 2347 2346 2423
4532 2353 2423 2346
4533 2348 2347 2424
4534 2423 2424 2347
4535 2349 2348 2425
4536 2424 2425 2348
4537 2350 2349 2426
4538 2425 2426 2349
4539 2427 2422 2351
4540 2351 2350 2427
4541 2426 2427 2350
4542 2401 2428 2352
4543 2353 2352 2428
4544 2428 2429 2353
4545 2423 2353 2429
4640 2402 2480 2401
4641 2428 2401 2480
4642 2403 2481 2402
4643 2480 2402 2481
4644 2404 2482 2403
4645 2481 2403 2482
4646 2405 2483 2404
4647 2482 2404 2483
4649 2483 2405 2484
4681 2503 2502 2422
4682 2422 2427 2503
4683 2424 2423 2504
4684 2429 2504 2423
4685 2425 2424 2505
4686 2504 2505 2424
4687 2426 2425 2506
4688 2505 2506 2425
4689 2507 2503 2427
4690 2427 2426 2507
4691 2506 2507 2426
4692 2480 2508 2428
4693 2429 2428 2508
4694 2508 2509 2429
4695 2504 2429 2509
4796 2481 2563 2480
4797 2508 2480 2563
4798 2482 2564 2481
4799 2563 2481 2564
4800 2483 2565 2482
4801 2564 2482 2565
4802 2484 2566 2483
4803 2565 2483 2566
4805 2566 2484 2567
4839 2587 2586 2502
4840 2502 2503 2587
4841 2588 2587 2503
4842 2503 2507 2588
4843 2505 2504 2589
4844 2509 2589 2504
4845 2506 2505 2590
4846 2589 2590 2505
4847 2591 2588 2507
4848 2507 2506 2591
4849 2590 2591 2506
4850 2563 2592 2508
4851 2509 2508 2592
4852 2592 2593 2509
4853 2589 2509 2593
4963 2564 2650 2563
4964 2592 2563 2650
4965 2565 2651 2564
4966 2650 2564 2651
4967 2566 2652 2565
4968 2651 2565 2652
4969 2567 2653 2566
4970 2652 2566 2653
4972 2653 2567 2654
5007 2673 2602 2586
5008 2586 2587 2673
5009 2674 2673 2587
5010 2587 2588 2674
5011 2675 2674 2588
5012 2588 2591 2675
5013 2590 2589 2676
5014 2593 2676 2589
5015 2677 2675 2591
5016 2591 2590 2677
5017 2676 2677 2590
5018 2650 2678 2592
5019 2593 2592 2678
5020 2678 2679 2593
5021 2676 2593 2679
5035 2685 2684 2602
5036 2602 2673 2685
5128 2651 2730 2650
5129 2678 2650 2730
5130 2652 2731 2651
5131 2730 2651 2731
5132 2653 2732 2652
5133 2731 2652 2732
5134 2654 2733 2653
5135 2732 2653 2733
5137 2733 2654 2734
5173 2755 2685 2673
5174 2673 2674 2755
5175 2756 2755 2674
5176 2674 2675 2756
5177 2757 2756 2675
5178 2675 2677 2757
5179 2758 2757 2677
5180 2677 2676 2758
5181 2679 2758 2676
5182 2730 2759 2678
5183 2679 2678 2759
5184 2759 2760 2679
5185 2758 2679 2760
5191 2685 2755 2763
5194 2765 2764 2684
5195 2684 2685 2765
5196 2763 2765 2685
5285 2731 2810 2730
5286 2759 2730 2810
5287 2732 2811 2731
5288 2810 2731 2811
5289 2733 2812 2732
5290 2811 2732 2812
5291 2734 2813 2733
5292 2812 2733 2813
5294 2813 2734 2814
5334 2836 2763 2755
5335 2755 2756 2836
5336 2837 2836 2756
5337 2756 2757 2837
5338 2838 2837 2757
5339 2757 2758 2838
5340 2760 2838 2758
5341 2810 2839 2759
5342 2760 2759 2839
5343 2840 2760 2839
5344 2840 2838 2760
5349 2763 2836 2843
5350 2765 2763 2844
5351 2843 2844 2763
5352 2845 2841 2764
5353 2764 2765 2845
5354 2844 2845 2765
5440 2811 2887 2810
5441 2839 2810 2887
5442 2812 2888 2811
5443 2887 2811 2888
5444 2813 2889 2812
5445 2888 2812 2889
5446 2814 2890 2813
5447 2889 2813 2890
5449 2890 2814 2891
5490 2913 2843 2836
5491 2836 2837 2913
5492 2913 2837 2914
5493 2838 2914 2837
5494 2840 2914 2838
5495 2839 2887 2915
5496 2840 2839 2915
5497 2840 2915 2914
5498 2843 2913 2916
5499 2917 2842 2841
5500 2841 2845 2917
5501 2842 2918 2881
5502 2918 2842 2917
5503 2844 2843 2919
5504 2916 2919 2843
5505 2845 2920 2917
5506 2845 2844 2920
5507 2919 2920 2844
5508 2921 2919 2916
5576 2955 2881 2918
5577 2881 2955 2956
5591 2888 2963 2887
5592 2963 2915 2887
5593 2889 2964 2888
5594 2963 2888 2964
5595 2890 2965 2889
5596 2964 2889 2965
5597 2891 2966 2890
5598 2965 2890 2966
5600 2966 2891 2967
5642 2916 2913 2991
5643 2913 2914 2991
5644 2992 2991 2914
5645 2992 2914 2915
5646 2993 2915 2963
5647 2992 2915 2993
5648 2921 2916 2994
5649 2991 2994 2916
5650 2917 2995 2918
5651 2995 2917 2920
5652 2918 2996 2955
5653 2996 2918 2995
5654 2997 2921 2994
5655 2920 2998 2995
5656 2919 2998 2920
5657 2921 2998 2919
5658 2999 2998 2921
5659 2999 2921 2997
5722 3031 2955 2996
5726 3032 2956 3033
5727 3033 2956 2955
5728 2955 3031 3033
5741 2964 3040 2963
5742 2993 2963 3040
5743 2965 3041 2964
5744 3040 2964 3041
5745 2966 3042 2965
5746 3041 2965 3042
5747 2967 3043 2966
5748 3042 2966 3043
5750 3043 2967 3044
5795 2993 3040 3068
5796 2994 2991 3068
5797 2992 2993 3068
5798 2992 3068 2991
5799 3069 2994 3068
5800 3069 2997 2994
5801 3070 2997 3069
5802 2996 2995 3071
5803 3071 2995 2998
5804 2996 3072 3031
5805 3072 2996 3071
5806 2999 2997 3073
5807 3070 3073 2997
5808 3074 3071 2998
5809 2999 3074 2998
5810 2999 3073 3074
5871 3105 3031 3072
5872 3102 3105 3072
5873 3106 3033 3031
5874 3105 3106 3031
5875 3104 3032 3107
5876 3107 3032 3033
5877 3107 3033 3106
5891 3041 3115 3040
5892 3040 3115 3068
5893 3042 3116 3041
5894 3115 3041 3116
5895 3043 3117 3042
5896 3116 3042 3117
5897 3044 3118 3043
5898 3117 3043 3118
5900 3118 3044 3119
5946 3115 3144 3068
5947 3069 3068 3144
5948 3070 3069 3144
5949 3070 3145 3073
5950 3070 3144 3145
5951 3072 3071 3146
5952 3102 3072 3146
5953 3074 3146 3071
5954 3074 3147 3146
5955 3073 3147 3074
5956 3073 3145 3147
5957 3102 3146 3148
6011 3102 3175 3105
6012 3102 3148 3175
6015 3176 3104 3177
6016 3107 3177 3104
6017 3105 3178 3106
6018 3175 3178 3105
6019 3177 3107 3179
6020 3179 3107 3106
6021 3179 3106 3178
6036 3116 3187 3115
6037 3144 3115 3187
6038 3117 3188 3116
6039 3187 3116 3188
6040 3118 3189 3117
6041 3188 3117 3189
6042 3119 3190 3118
6043 3189 3118 3190
6045 3190 3119 3191
6092 3216 3144 3187
6093 3145 3144 3216
6094 3217 3147 3145
6095 3145 3216 3217
6096 3147 3218 3146
6097 3148 3146 3218
6098 3217 3218 3147
6099 3219 3148 3218
6100 3148 3220 3175
6101 3219 3220 3148
6151 3175 3244 3178
6152 3244 3175 3220
6153 3243 3176 3245
6154 3177 3245 3176
6155 3246 3245 3177
6156 3246 3177 3179
6157 3246 3179 3247
6158 3178 3244 3247
6159 3179 3178 3247
6174 3188 3255 3187
6175 3216 3187 3255
6176 3189 3256 3188
6177 3255 3188 3256
6178 3190 3257 3189
6179 3256 3189 3257
6180 3191 3258 3190
6181 3257 3190 3258
6183 3258 3191 3259
6231 3216 3255 3286
6232 3217 3216 3286
6233 3217 3286 3218
6234 3287 3218 3286
6235 3219 3218 3287
6236 3219 3288 3220
6237 3219 3287 3288
6238 3220 3289 3244
6239 3220 3288 3289
6283 3243 3311 3310
6284 3245 3311 3243
6285 3312 3247 3244
6286 3244 3289 3312
6287 3245 3313 3311
6288 3246 3313 3245
6289 3246 3247 3313
6290 3314 3313 3247
6291 3314 3247 3312
6306 3256 3322 3255
6307 3255 3322 3286
6308 3257 3323 3256
6309 3322 3256 3323
6310 3258 3324 3257
6311 3323 3257 3324
6312 3259 3325 3258
6313 3324 3258 3325
6315 3325 3259 3326
6367 3322 3355 3286
6368 3287 3286 3355
6369 3287 3355 3288
6370 3356 3288 3355
6371 3357 3289 3288
6372 3357 3288 3356
6373 3358 3312 3289
6374 3357 3358 3289
6412 3374 3310 3376
6413 3311 3376 3310
6414 3377 3376 3311
6415 3377 3311 3313
6416 3314 3312 3378
6417 3312 3358 3378
6418 3377 3313 3379
6419 3314 3379 3313
6420 3314 3378 3379
6435 3323 3387 3322
6436 3387 3355 3322
6437 3324 3388 3323
6438 3387 3323 3388
6439 3325 3389 3324
6440 3388 3324 3389
6441 3326 3390 3325
6442 3389 3325 3390
6444 3390 3326 3391
6499 3420 3355 3387
6500 3356 3355 3420
6501 3356 3420 3421
6502 3357 3421 3358
6503 3357 3356 3421
6504 3422 3378 3358
6505 3358 3421 3422
6533 3374 3435 3434
6534 3376 3435 3374
6537 3435 3376 3437
6538 3377 3437 3376
6539 3377 3379 3437
6540 3378 3438 3379
6541 3378 3422 3438
6542 3439 3437 3379
6543 3439 3379 3438
6556 3388 3445 3387
6557 3420 3387 3445
6558 3389 3446 3388
6559 3445 3388 3446
6560 3390 3447 3389
6561 3446 3389 3447
6562 3391 3448 3390
6563 3447 3390 3448
6565 3448 3391 3449
6621 3445 3479 3420
6622 3421 3420 3479
6623 3422 3421 3480
6624 3479 3480 3421
6625 3481 3438 3422
6626 3422 3480 3481
6648 3436 3434 3492
6649 3435 3492 3434
6650 3493 3492 3435
6651 3493 3435 3437
6652 3436 3494 3490
6653 3494 3436 3492
6654 3493 3437 3495
6655 3495 3437 3439
6656 3438 3496 3439
6657 3496 3438 3481
6658 3495 3439 3497
6659 3497 3439 3496
6668 3446 3501 3445
6669 3479 3445 3501
6670 3447 3502 3446
6671 3501 3446 3502
6672 3448 3503 3447
6673 3502 3447 3503
6674 3449 3504 3448
6675 3503 3448 3504
6677 3504 3449 3505
6736 3501 3537 3479
6737 3480 3479 3537
6738 3538 3481 3480
6739 3538 3480 3537
6740 3481 3539 3496
6741 3538 3539 3481
6758 3491 3548 3547
6759 3491 3490 3549
6760 3548 3491 3549
6761 3549 3490 3494
6762 3492 3550 3494
6763 3493 3550 3492
6764 3493 3495 3550
6765 3551 3549 3494
6766 3551 3494 3550
6767 3552 3550 3495
6768 3552 3495 3497
6769 3497 3496 3553
6770 3553 3496 3539
6771 3552 3497 3554
6772 3497 3553 3554
6778 3502 3557 3501
6779 3537 3501 3557
6780 3503 3558 3502
6781 3557 3502 3558
6782 3504 3559 3503
6783 3558 3503 3559
6784 3505 3560 3504
6785 3559 3504 3560
6787 3560 3505 3561
6848 3537 3557 3593
6849 3538 3537 3593
6850 3538 3593 3539
6851 3539 3594 3553
6852 3539 3593 3594
6865 3547 3600 3556
6866 3600 3547 3548
6867 3601 3600 3548
6868 3548 3549 3602
6869 3601 3548 3602
6870 3551 3602 3549
6871 3551 3603 3602
6872 3551 3550 3603
6873 3552 3603 3550
6874 3552 3554 3603
6875 3604 3554 3553
6876 3553 3594 3604
6877 3554 3605 3603
6878 3554 3604 3605
6881 3556 3607 3606
6882 3600 3607 3556
6883 3558 3608 3557
6884 3557 3608 3593
6885 3559 3609 3558
6886 3608 3558 3609
6887 3560 3610 3559
6888 3609 3559 3610
6889 3561 3611 3560
6890 3610 3560 3611
6892 3611 3561 3612
6953 3604 3594 3644
6954 3608 3645 3593
6955 3594 3593 3645
6956 3644 3594 3645
6966 3600 3650 3607
6967 3601 3650 3600
6968 3601 3651 3650
6969 3601 3602 3651
6970 3652 3602 3603
6971 3651 3602 3652
6972 3605 3652 3603
6973 3653 3605 3604
6974 3653 3604 3644
6975 3654 3652 3605
6976 3654 3605 3653
6977 3655 3649 3606
6978 3607 3655 3606
6979 3607 3656 3655
6980 3607 3650 3656
6981 3609 3657 3608
6982 3645 3608 3657
6983 3610 3658 3609
6984 3657 3609 3658
6985 3611 3659 3610
6986 3658 3610 3659
6987 3612 3660 3611
6988 3659 3611 3660
6990 3660 3612 3661
7051 3644 3693 3653
7052 3657 3694 3645
7053 3644 3645 3694
7054 3693 3644 3694
7059 3649 3696 3695
7060 3649 3655 3696
7061 3650 3697 3656
7062 3650 3651 3697
7063 3651 3698 3697
7064 3651 3652 3698
7065 3654 3698 3652
7066 3654 3699 3698
7067 3654 3653 3699
7068 3699 3653 3693
7069 3700 3699 3693
7070 3655 3701 3696
7071 3655 3656 3701
7072 3656 3702 3701
7073 3656 3697 3702
7074 3658 3703 3657
7075 3694 3657 3703
7076 3659 3704 3658
7077 3703 3658 3704
7078 3660 3705 3659
7079 3704 3659 3705
7080 3661 3706 3660
7081 3705 3660 3706
7083 3706 3661 3707
7144 3694 3703 3739
7145 3693 3694 3739
7146 3700 3693 3739
7147 3695 3740 3724
7148 3695 3696 3740
7149 3696 3741 3740
7150 3696 3701 3741
7151 3697 3742 3702
7152 3697 3698 3742
7153 3743 3742 3698
7154 3743 3698 3699
7155 3700 3743 3699
7156 3700 3744 3743
7157 3700 3739 3744
7158 3701 3745 3741
7159 3701 3702 3745
7160 3746 3745 3702
7161 3702 3742 3746
7162 3704 3747 3703
7163 3703 3747 3739
7164 3705 3748 3704
7165 3747 3704 3748
7166 3706 3749 3705
7167 3748 3705 3749
7168 3707 3750 3706
7169 3749 3706 3750
7171 3750 3707 3751
7191 3762 3724 3740
7204 3724 3762 3769
7231 3747 3782 3739
7232 3744 3739 3782
7233 3740 3783 3762
7234 3740 3741 3783
7235 3784 3783 3741
7236 3741 3745 3784
7237 3746 3742 3785
7238 3742 3743 3785
7239 3744 3785 3743
7240 3786 3744 3782
7241 3786 3785 3744
7242 3787 3784 3745
7243 3745 3746 3787
7244 3788 3787 3746
7245 3788 3746 3785
7246 3748 3789 3747
7247 3782 3747 3789
7248 3749 3790 3748
7249 3789 3748 3790
7250 3750 3791 3749
7251 3790 3749 3791
7252 3751 3792 3750
7253 3791 3750 3792
7255 3792 3751 3793
7275 3804 3762 3783
7276 3805 3769 3762
7277 3762 3804 3805
7290 3769 3805 3812
7313 3789 3823 3782
7314 3786 3782 3823
7315 3804 3783 3824
7316 3784 3824 3783
7317 3824 3784 3825
7318 3784 3787 3825
7319 3788 3785 3826
7320 3786 3823 3826
7321 3786 3826 3785
7322 3825 3787 3827
7323 3788 3827 3787
7324 3788 3826 3827
7325 3790 3828 3789
7326 3823 3789 3828
7327 3791 3829 3790
7328 3828 3790 3829
7329 3792 3830 3791
7330 3829 3791 3830
7331 3793 3831 3792
7332 3830 3792 3831
7334 3831 3793 3833
7354 3824 3843 3804
7355 3844 3805 3804
7356 3844 3804 3843
7357 3845 3812 3805
7358 3805 3844 3845
7369 3812 3845 3851
7392 3828 3863 3823
7393 3823 3863 3826
7394 3843 3824 3864
7395 3825 3864 3824
7396 3864 3825 3865
7397 3825 3827 3865
7398 3827 3866 3865
7399 3827 3826 3866
7400 3863 3866 3826
7401 3864 3867 3843
7402 3829 3868 3828
7403 3863 3828 3868
7404 3830 3869 3829
7405 3868 3829 3869
7406 3831 3870 3830
7407 3869 3830 3870
7408 3833 3871 3831
7409 3870 3831 3871
7413 3871 3833 3874
7431 3843 3883 3844
7432 3883 3843 3867
7433 3884 3845 3844
7434 3884 3844 3883
7435 3885 3851 3845
7436 3845 3884 3885
7446 3851 3885 3890
7467 3868 3900 3863
7468 3866 3863 3900
7469 3867 3864 3901
7470 3864 3865 3901
7471 3901 3865 3902
7472 3900 3902 3866
7473 3865 3866 3902
7474 3867 3903 3883
7475 3903 3867 3904
7476 3904 3867 3901
7477 3869 3905 3868
7478 3900 3868 3905
7479 3870 3906 3869
7480 3905 3869 3906
7481 3871 3907 3870
7482 3906 3870 3907
7483 3874 3908 3871
7484 3907 3871 3908
7490 3908 3874 3912
7506 3883 3920 3884
7507 3920 3883 3903
7508 3921 3885 3884
7509 3884 3920 3921
7510 3922 3890 3885
7511 3885 3921 3922
7516 3890 3922 3924
7535 3905 3933 3900
7536 3902 3900 3933
7537 3904 3901 3934
7538 3934 3902 3933
7539 3901 3902 3934
7540 3935 3920 3903
7541 3935 3903 3936
7542 3904 3936 3903
7543 3937 3936 3904
7544 3937 3904 3934
7545 3906 3938 3905
7546 3933 3905 3938
7547 3907 3939 3906
7548 3938 3906 3939
7549 3908 3940 3907
7550 3939 3907 3940
7551 3912 3941 3908
7552 3940 3908 3941
7560 3941 3912 3946
7574 3920 3954 3921
7575 3935 3954 3920
7576 3953 3954 3935
7577 3955 3922 3921
7578 3955 3921 3954
7579 3956 3924 3922
7580 3922 3955 3956
7581 3924 3956 3958
7597 3933 3938 3964
7598 3934 3933 3964
7599 3937 3934 3964
7600 3953 3935 3965
7601 3965 3935 3936
7602 3936 3966 3965
7603 3937 3966 3936
7604 3937 3964 3966
7605 3953 3965 3967
7606 3939 3968 3938
7607 3968 3964 3938
7608 3940 3969 3939
7609 3968 3939 3969
7610 3941 3970 3940
7611 3969 3940 3970
7612 3946 3971 3941
7613 3970 3941 3971
7623 3971 3946 3977
7635 3953 3983 3954
7636 3953 3967 3983
7637 3984 3955 3954
7638 3984 3954 3983
7639 3955 3985 3956
7640 3984 3985 3955
7641 3956 3986 3958
7642 3956 3985 3986
7645 3989 3958 3986
7655 3993 3964 3968
7656 3966 3964 3993
7657 3966 3993 3994
7658 3994 3965 3966
7659 3965 3994 3967
7660 3995 3967 3994
7661 3996 3983 3967
7662 3996 3967 3997
7663 3995 3997 3967
7664 3969 3998 3968
7665 3993 3968 3998
7666 3970 3999 3969
7667 3998 3969 3999
7668 3971 4000 3970
7669 3999 3970 4000
7670 3977 4001 3971
7671 4000 3971 4001
7683 4001 3977 4008
7693 3984 4013 3985
7694 3984 3983 4013
7695 3996 4013 3983
7696 3985 4014 3986
7697 3985 4013 4014
7698 3986 4015 3989
7699 3986 4014 4015
7703 4015 4018 3989
7710 3993 3998 4021
7711 3994 3993 4021
7712 3995 3994 4021
7713 4022 3997 3995
7714 3995 4021 4022
7715 3996 4023 4013
7716 3996 3997 4023
7717 3997 4024 4023
7718 3997 4022 4024
7719 3999 4026 3998
7720 4026 4021 3998
7721 4000 4027 3999
7722 4026 3999 4027
7723 4001 4028 4000
7724 4027 4000 4028
7725 4008 4029 4001
7726 4028 4001 4029
7740 4029 4008 4036
7748 4014 4013 4040
7749 4023 4040 4013
7750 4015 4014 4041
7751 4014 4040 4041
7752 4018 4015 4042
7753 4041 4042 4015
7757 4042 4045 4018
7762 4026 4047 4021
7763 4022 4021 4047
7764 4022 4047 4024
7765 4023 4048 4040
7766 4023 4024 4048
7767 4049 4048 4024
7768 4049 4024 4047
7771 4027 4052 4026
7772 4052 4047 4026
7773 4028 4053 4027
7774 4052 4027 4053
7775 4029 4054 4028
7776 4053 4028 4054
7777 4036 4055 4029
7778 4054 4029 4055
7792 4055 4036 4062
7798 4041 4040 4065
7799 4040 4048 4065
7800 4042 4041 4066
7801 4041 4065 4066
7802 4045 4042 4067
7803 4066 4067 4042
7807 4067 4070 4045
7811 4052 4072 4047
7812 4049 4047 4072
7813 4065 4048 4073
7814 4074 4073 4048
7815 4049 4074 4048
7816 4049 4072 4074
7821 4053 4078 4052
7822 4072 4052 4078
7823 4054 4079 4053
7824 4078 4053 4079
7825 4055 4080 4054
7826 4079 4054 4080
7827 4062 4081 4055
7828 4080 4055 4081
7842 4081 4062 4088
7846 4066 4065 4091
7847 4073 4091 4065
7848 4067 4066 4092
7849 4091 4092 4066
7850 4070 4067 4093
7851 4092 4093 4067
7855 4093 4095 4070
7858 4072 4078 4096
7859 4074 4072 4096
7860 4091 4073 4097
7861 4098 4097 4073
7862 4073 4074 4098
7863 4096 4098 4074
7870 4079 4103 4078
7871 4096 4078 4103
7872 4080 4104 4079
7873 4103 4079 4104
7874 4081 4105 4080
7875 4104 4080 4105
7876 4088 4106 4081
7877 4105 4081 4106
7892 4106 4088 4113
7895 4092 4091 4117
7896 4097 4117 4091
7897 4093 4092 4118
7898 4117 4118 4092
7899 4095 4093 4119
7900 4118 4119 4093
7901 4119 4120 4095
7904 4096 4103 4121
7905 4098 4096 4121
7906 4117 4097 4122
7907 4123 4122 4097
7908 4097 4098 4123
7909 4121 4123 4098
7918 4103 4104 4128
7919 4128 4121 4103
7920 4105 4129 4104
7921 4129 4128 4104
7922 4106 4130 4105
7923 4129 4105 4130
7924 4113 4131 4106
7925 4130 4106 4131
7938 4131 4113 4137
7945 4118 4117 4147
7946 4122 4147 4117
7947 4119 4118 4148
7948 4147 4148 4118
7949 4149 4143 4120
7950 4120 4119 4149
7951 4119 4148 4149
7952 4121 4128 4150
7953 4150 4123 4121
7954 4151 4147 4122
7955 4151 4122 4152
7956 4122 4123 4152
7957 4150 4152 4123
7966 4157 4128 4129
7967 4157 4150 4128
7968 4130 4158 4129
7969 4129 4158 4157
7970 4131 4159 4130
7971 4158 4130 4159
7972 4137 4160 4131
7973 4159 4131 4160
7984 4160 4137 4165
7994 4172 4171 4143
7995 4172 4143 4149
8002 4147 4178 4148
8003 4151 4178 4147
8004 4149 4179 4172
8005 4179 4149 4148
8006 4148 4178 4179
8007 4180 4150 4157
8008 4180 4152 4150
8009 4151 4181 4178
8010 4151 4152 4181
8011 4182 4152 4180
8012 4182 4181 4152
8013 4183 4178 4181
8022 4158 4188 4157
8023 4180 4157 4188
8024 4159 4189 4158
8025 4188 4158 4189
8026 4160 4190 4159
8027 4189 4159 4190
8028 4165 4191 4160
8029 4190 4160 4191
8038 4191 4165 4195
8049 4202 4172 4179
8050 4171 4203 4200
8051 4203 4171 4172
8052 4172 4202 4203
8063 4179 4211 4202
8064 4179 4178 4211
8065 4183 4211 4178
8066 4212 4211 4183
8067 4213 4180 4188
8068 4182 4180 4213
8069 4181 4214 4183
8070 4182 4214 4181
8071 4182 4213 4214
8072 4212 4183 4215
8073 4215 4183 4214
8082 4189 4220 4188
8083 4213 4188 4220
8084 4190 4221 4189
8085 4220 4189 4221
8086 4191 4222 4190
8087 4221 4190 4222
8088 4195 4223 4191
8089 4222 4191 4223
8096 4223 4195 4226
8105 4231 4201 4232
8106 4200 4233 4201
8107 4232 4201 4233
8108 4233 4200 4203
8109 4234 4202 4211
8110 4233 4203 4235
8111 4235 4203 4202
8112 4235 4202 4234
8127 4215 4244 4212
8128 4234 4211 4245
8129 4212 4245 4211
8130 4212 4244 4245
8131 4246 4234 4245
8132 4213 4220 4247
8133 4214 4213 4247
8134 4215 4214 4247
8135 4215 4247 4244
8144 4252 4220 4221
8145 4252 4247 4220
8146 4222 4253 4221
8147 4221 4253 4252
8148 4223 4254 4222
8149 4253 4222 4254
8150 4226 4255 4223
8151 4254 4223 4255
8156 4255 4226 4257
8165 4262 4231 4263
8166 4263 4231 4232
8167 4264 4263 4232
8168 4232 4233 4265
8169 4264 4232 4265
8170 4265 4233 4235
8171 4235 4266 4265
8172 4266 4235 4234
8173 4246 4266 4234
8189 4276 4244 4247
8190 4277 4245 4244
8191 4276 4277 4244
8192 4246 4278 4266
8193 4246 4279 4278
8194 4246 4245 4279
8195 4277 4279 4245
8196 4280 4247 4252
8197 4276 4247 4280
8206 4253 4285 4252
8207 4280 4252 4285
8208 4254 4286 4253
8209 4285 4253 4286
8210 4255 4287 4254
8211 4286 4254 4287
8212 4257 4288 4255
8213 4287 4255 4288
8216 4288 4257 4289
8225 4293 4262 4294
8226 4263 4294 4262
8228 4294 4263 4296
8229 4264 4296 4263
8230 4264 4297 4296
8231 4264 4265 4297
8232 4266 4298 4265
8233 4297 4265 4298
8234 4298 4266 4278
8250 4278 4307 4298
8251 4277 4308 4279
8252 4277 4276 4308
8253 4276 4280 4308
8254 4307 4278 4309
8255 4279 4309 4278
8256 4279 4308 4309
8257 4285 4310 4280
8258 4308 4280 4310
8267 4286 4315 4285
8268 4310 4285 4315
8269 4287 4316 4286
8270 4315 4286 4316
8271 4288 4317 4287
8272 4316 4287 4317
8273 4318 4289 4314
8274 4289 4318 4288
8275 4317 4288 4318
8282 4295 4293 4322
8283 4294 4322 4293
8284 4322 4294 4323
8285 4296 4323 4294
8287 4324 4295 4325
8288 4322 4325 4295
8289 4323 4296 4326
8290 4297 4326 4296
8291 4326 4297 4327
8292 4297 4298 4327
8293 4327 4298 4307
8294 4307 4328 4327
8308 4309 4336 4307
8309 4328 4307 4336
8310 4336 4309 4337
8311 4309 4308 4337
8312 4310 4337 4308
8313 4338 4328 4336
8314 4315 4339 4310
8315 4337 4310 4339
8322 4343 4314 4342
8323 4314 4343 4318
8324 4316 4344 4315
8325 4339 4315 4344
8326 4317 4345 4316
8327 4344 4316 4345
8328 4346 4318 4343
8329 4318 4346 4317
8330 4345 4317 4346
8337 4325 4322 4350
8338 4323 4350 4322
8339 4351 4350 4323
8340 4351 4323 4326
8341 4352 4325 4350
8343 4353 4324 4354
8344 4325 4354 4324
8345 4325 4352 4354
8346 4351 4326 4355
8347 4326 4327 4355
8348 4328 4355 4327
8349 4328 4356 4355
8350 4338 4356 4328
8363 4336 4337 4364
8364 4337 4339 4364
8365 4338 4336 4364
8366 4338 4365 4356
8367 4338 4364 4365
8368 4344 4366 4339
8369 4339 4366 4364
8374 4369 4342 4368
8375 4342 4369 4343
8376 4370 4343 4369
8377 4343 4370 4346
8378 4345 4371 4344
8379 4366 4344 4371
8380 4372 4346 4370
8381 4346 4372 4345
8382 4371 4345 4372
8389 4352 4350 4376
8390 4351 4376 4350
8391 4351 4355 4376
8392 4377 4352 4376
8393 4354 4352 4378
8394 4377 4378 4352
8395 4357 4353 4379
8396 4354 4379 4353
8397 4379 4354 4378
8398 4379 4380 4357
8399 4376 4355 4381
8400 4356 4381 4355
8401 4382 4381 4356
8402 4382 4356 4365
8403 4357 4380 4383
8415 4390 4364 4366
8416 4365 4364 4390
8417 4382 4365 4391
8418 4365 4390 4391
8419 4371 4392 4366
8420 4390 4366 4392
8423 4394 4368 4393
8424 4368 4394 4369
8425 4395 4369 4394
8426 4369 4395 4370
8427 4396 4370 4395
8428 4370 4396 4372
8429 4397 4372 4396
8430 4372 4397 4371
8431 4392 4371 4397
8438 4377 4376 4401
8439 4401 4376 4381
8440 4377 4402 4378
8441 4377 4401 4402
8442 4380 4379 4403
8443 4378 4403 4379
8444 4403 4378 4402
8445 4404 4383 4380
8446 4380 4405 4404
8447 4405 4380 4403
8448 4381 4406 4401
8449 4382 4406 4381
8450 4382 4391 4406
8451 4383 4404 4407
8462 4392 4413 4390
8463 4391 4390 4413
8464 4391 4414 4406
8465 4414 4391 4413
8466 4397 4415 4392
8467 4413 4392 4415
8468 4416 4393 4400
8469 4393 4416 4394
8470 4417 4394 4416
8471 4394 4417 4395
8472 4418 4395 4417
8473 4395 4418 4396
8474 4419 4396 4418
8475 4396 4419 4397
8476 4415 4397 4419
8481 4422 4400 4420
8482 4400 4422 4416
8483 4423 4407 4404
8484 4402 4401 4424
8485 4424 4401 4406
8486 4403 4425 4405
8487 4402 4425 4403
8488 4425 4402 4424
8489 4423 4404 4426
8490 4405 4426 4404
8491 4427 4426 4405
8492 4427 4405 4425
8493 4424 4406 4428
8494 4428 4406 4414
8495 4430 4407 4423
8496 4429 4430 4423
8506 4436 4428 4414
8507 4413 4415 4437
8508 4436 4414 4437
8509 4414 4413 4437
8510 4419 4438 4415
8511 4415 4438 4437
8512 4439 4416 4422
8513 4416 4439 4417
8514 4440 4417 4439
8515 4417 4440 4418
8516 4441 4418 4440
8517 4418 4441 4419
8518 4438 4419 4441
8519 4442 4420 4421
8520 4420 4442 4422
8521 4443 4421 4432
8522 4421 4443 4442
8523 4444 4422 4442
8524 4422 4444 4439
8525 4423 4445 4429
8526 4426 4445 4423
8527 4427 4425 4446
8528 4425 4424 4446
8529 4424 4428 4446
8530 4426 4447 4445
8531 4427 4447 4426
8532 4427 4446 4447
8533 4448 4429 4445
8534 4449 4446 4428
8535 4436 4449 4428
8536 4429 4448 4450
8537 4430 4429 4451
8538 4450 4451 4429
8541 4453 4432 4433
8542 4432 4453 4443
8543 4454 4453 4433
8546 4454 4433 4455
8547 4436 4456 4449
8548 4436 4437 4456
8549 4457 4437 4438
8550 4456 4437 4457
8551 4458 4438 4441
8552 4457 4438 4458
8553 4444 4459 4439
8554 4440 4439 4459
8555 4460 4440 4459
8556 4440 4460 4441
8557 4458 4441 4460
8558 4461 4442 4443
8559 4442 4461 4444
8560 4462 4443 4453
8561 4443 4462 4461
8562 4463 4444 4461
8563 4459 4444 4463
8564 4445 4464 4448
8565 4464 4445 4447
8566 4447 4465 4464
8567 4447 4446 4465
8568 4465 4446 4449
8569 4450 4448 4466
8570 4467 4466 4448
8571 4467 4448 4464
8572 4465 4449 4468
8573 4449 4456 4468
8574 4469 4450 4466
8575 4451 4450 4470
8576 4469 4470 4450
8579 4454 4472 4453
8580 4453 4472 4462
8581 4454 4455 4473
8582 4454 4473 4472
8583 4468 4456 4474
8584 4456 4457 4474
8585 4458 4475 4457
8586 4475 4474 4457
8587 4476 4458 4460
8588 4476 4475 4458
8589 4477 4462 4472
8590 4463 4478 4459
8591 4460 4459 4478
8592 4476 4460 4478
8593 4461 4462 4479
8594 4461 4479 4463
8595 4477 4479 4462
8596 4480 4463 4479
8597 4480 4478 4463
8598 4466 4481 4469
8599 4467 4464 4482
8600 4464 4465 4482
8601 4465 4468 4482
8602 4481 4466 4483
8603 4467 4483 4466
8604 4467 4482 4483
8605 4484 4482 4468
8606 4484 4468 4474
8607 4469 4481 4486
8608 4485 4486 4481
8609 4487 4470 4469
8610 4486 4487 4469
8613 4477 4472 4489
8614 4490 4472 4473
8615 4490 4489 4472
8616 4491 4474 4475
8617 4492 4484 4474
8618 4492 4474 4491
8619 4476 4478 4493
8620 4476 4493 4475
8621 4491 4475 4493
8622 4477 4489 4494
8623 4477 4494 4479
8624 4480 4495 4478
8625 4495 4493 4478
8626 4494 4496 4479
8627 4480 4479 4496
8628 4480 4496 4495
8629 4481 4497 4485
8630 4497 4481 4483
8631 4483 4498 4497
8632 4483 4482 4498
8633 4498 4482 4484
8634 4499 4485 4497
8635 4498 4484 4500
8636 4492 4500 4484
8637 4499 4501 4485
8638 4486 4485 4502
8639 4502 4485 4501
8640 4487 4486 4503
8641 4502 4503 4486
8644 4494 4489 4505
8645 4506 4489 4490
8646 4489 4506 4505
8647 4491 4493 4507
8648 4491 4507 4492
8649 4492 4507 4500
8650 4508 4493 4495
8651 4507 4493 4508
8652 4494 4505 4509
8653 4496 4494 4509
8654 4509 4510 4496
8655 4495 4496 4510
8656 4510 4508 4495
8657 4499 4497 4511
8658 4497 4498 4511
8659 4498 4500 4511
8660 4499 4512 4501
8661 4499 4511 4512
8662 4500 4507 4513
8663 4513 4511 4500
8664 4501 4512 4514
8665 4515 4502 4501
8666 4514 4515 4501
8667 4503 4502 4516
8668 4515 4516 4502
8671 4509 4505 4518
8672 4505 4506 4519
8673 4519 4518 4505
8674 4508 4520 4507
8675 4513 4507 4520
8676 4508 4510 4521
8677 4521 4520 4508
8678 4518 4522 4509
8679 4510 4509 4522
8680 4522 4521 4510
8681 4523 4514 4512
8682 4512 4524 4523
8683 4512 4511 4524
8684 4513 4520 4524
8685 4513 4524 4511
8686 4523 4525 4514
8687 4514 4526 4515
8688 4526 4514 4525
8689 4527 4516 4515
8690 4515 4526 4527
8693 4522 4518 4529
8694 4518 4519 4530
8695 4530 4529 4518
8696 4520 4521 4531
8697 4531 4524 4520
8698 4529 4532 4522
8699 4521 4522 4532
8700 4532 4531 4521
8701 4523 4533 4525
8702 4523 4524 4533
8703 4534 4524 4531
8704 4534 4533 4524
8705 4535 4525 4533
8706 4536 4526 4525
8707 4525 4535 4536
8708 4537 4527 4526
8709 4526 4536 4537
8712 4532 4529 4539
8713 4529 4530 4540
8714 4540 4539 4529
8715 4539 4541 4532
8716 4531 4532 4541
8717 4534 4531 4541
8718 4534 4541 4542
8719 4533 4542 4535
8720 4533 4534 4542
8721 4543 4535 4542
8722 4544 4536 4535
8723 4535 4543 4544
8724 4545 4537 4536
8725 4536 4544 4545
8728 4539 4547 4541
8729 4539 4540 4548
8730 4547 4539 4548
8731 4549 4541 4547
8732 4542 4541 4549
8733 4543 4542 4549
8734 4550 4543 4549
8735 4551 4544 4543
8736 4550 4551 4543
8737 4552 4545 4544
8738 4551 4552 4544
8741 4554 4549 4547
8742 4547 4548 4555
8743 4554 4547 4555
8744 4556 4549 4554
8745 4550 4549 4556
8746 4550 4557 4551
8747 4557 4550 4556
8748 4552 4551 4558
8749 4557 4558 4551
8752 4556 4554 4560
8753 4554 4555 4561
8754 4560 4554 4561
8755 4557 4556 4562
8756 4562 4556 4560
8757 4557 4563 4558
8758 4563 4557 4562
8761 4565 4562 4560
8762 4560 4561 4566
8763 4565 4560 4566
8764 4562 4567 4563
8765 4565 4567 4562
8768 4566 4569 4565
8769 4565 4569 4567
2 4 2 55
3923 2075 2069 2041
3924 2076 2040 2070
3925 2041 2077 2075
3926 2077 2041 2040
3927 2040 2076 2077
3982 2070 2110 2076
3983 2110 2070 2071
3984 2071 2111 2110
3985 2111 2071 2072
3986 2072 2112 2111
3987 2112 2072 2073
3988 2073 2115 2112
3989 2115 2073 2074
3990 2074 2116 2115
3991 2116 2074 2113
4068 2113 2165 2116
4069 2165 2113 2114
4070 2114 2166 2165
4071 2166 2114 2160
4076 2176 2169 2117
4077 2117 2178 2176
4078 2178 2117 2177
4161 2160 2223 2166
4162 2223 2160 2161
4163 2161 2224 2223
4164 2224 2161 2162
4165 2162 2225 2224
4166 2225 2162 2163
4167 2163 2226 2225
4168 2226 2163 2164
4169 2164 2227 2226
4170 2227 2164 2172
4179 2169 2176 2232
4180 2232 2170 2169
4181 2233 2171 2170
4182 2170 2232 2233
4183 2171 2233 2234
4184 2234 2174 2171
4185 2172 2235 2227
4186 2235 2172 2173
4187 2173 2236 2235
4188 2236 2173 2175
4189 2175 2237 2236
4190 2237 2175 2174
4191 2174 2234 2237
4195 2177 2241 2178
4196 2241 2177 2179
4199 2179 2243 2241
4200 2243 2179 2240
4321 2240 2313 2243
4322 2313 2240 2244
4328 2244 2316 2313
4329 2316 2244 2245
4330 2245 2317 2316
4331 2246 2317 2245
2 5 2 39
3980 2069 2075 2105
3981 2106 2105 2075
3992 2075 2118 2106
4052 2152 2107 2105
4053 2105 2106 2152
4054 2153 2152 2106
4055 2106 2118 2153
4056 2154 2108 2107
4057 2107 2152 2154
4058 2155 2109 2108
4059 2108 2154 2155
4060 2156 2150 2109
4061 2109 2155 2156
4141 2213 2151 2150
4142 2150 2156 2213
4143 2214 2200 2151
4144 2151 2213 2214
4145 2215 2154 2152
4146 2152 2153 2215
4149 2217 2155 2154
4150 2154 2215 2217
4151 2218 2156 2155
4152 2155 2217 2218
4153 2219 2213 2156
4154 2156 2218 2219
4240 2200 2214 2267
4241 2267 2268 2200
4266 2285 2214 2213
4267 2213 2219 2285
4268 2286 2267 2214
4269 2214 2285 2286
4374 2267 2340 2268
4375 2267 2286 2340
4376 2269 2268 2341
4377 2340 2341 2268
4378 2269 2341 2342
4521 2418 2341 2340
4523 2418 2419 2341
4524 2342 2341 2419
2 6 2 1427
3993 2118 2075 2077
3994 2119 2076 2110
3995 2076 2120 2077
3996 2120 2076 2119
3997 2121 2118 2077
3998 2121 2077 2120
3999 2121 2122 2118
4062 2119 2110 2157
4063 2157 2110 2111
4064 2111 2158 2157
4065 2158 2111 2112
4066 2112 2159 2158
4067 2159 2112 2115
4072 2115 2167 2159
4073 2167 2115 2116
4074 2116 2168 2167
4075 2168 2116 2165
4079 2180 2153 2118
4080 2122 2180 2118
4081 2157 2181 2119
4082 2182 2120 2119
4083 2182 2119 2181
4084 2122 2121 2183
4085 2121 2120 2183
4086 2182 2183 2120
4087 2122 2184 2180
4088 2122 2183 2184
4147 2216 2215 2153
4148 2180 2216 2153
4155 2157 2220 2181
4156 2220 2157 2158
4157 2158 2221 2220
4158 2221 2158 2159
4159 2159 2222 2221
4160 2222 2159 2167
4171 2165 2228 2168
4172 2228 2165 2166
4173 2166 2229 2228
4174 2229 2166 2223
4175 2167 2230 2222
4176 2230 2167 2168
4177 2168 2231 2230
4178 2231 2168 2228
4192 2238 2176 2178
4193 2239 2232 2176
4194 2176 2238 2239
4197 2178 2242 2238
4198 2242 2178 2241
4201 2216 2180 2247
4202 2184 2247 2180
4203 2248 2181 2220
4204 2182 2249 2183
4205 2182 2181 2249
4206 2181 2248 2249
4207 2184 2183 2250
4208 2250 2183 2249
4209 2184 2251 2247
4210 2251 2184 2250
4270 2287 2217 2215
4271 2215 2216 2287
4272 2288 2287 2216
4273 2247 2288 2216
4274 2289 2218 2217
4275 2217 2287 2289
4276 2290 2219 2218
4277 2218 2289 2290
4278 2291 2285 2219
4279 2219 2290 2291
4280 2220 2292 2248
4281 2292 2220 2221
4282 2221 2293 2292
4283 2293 2221 2222
4284 2222 2294 2293
4285 2294 2222 2230
4286 2223 2295 2229
4287 2295 2223 2224
4288 2224 2296 2295
4289 2296 2224 2225
4290 2225 2297 2296
4291 2297 2225 2226
4292 2226 2298 2297
4293 2298 2226 2227
4294 2227 2299 2298
4295 2299 2227 2235
4296 2228 2300 2231
4297 2300 2228 2229
4298 2229 2301 2300
4299 2301 2229 2295
4300 2230 2302 2294
4301 2302 2230 2231
4302 2231 2303 2302
4303 2303 2231 2300
4304 2304 2233 2232
4305 2232 2239 2304
4306 2305 2234 2233
4307 2233 2304 2305
4308 2306 2237 2234
4309 2234 2305 2306
4310 2235 2307 2299
4311 2307 2235 2236
4312 2236 2308 2307
4313 2308 2236 2237
4314 2237 2306 2308
4315 2310 2238 2242
4316 2309 2310 2242
4317 2311 2239 2238
4318 2310 2311 2238
4319 2312 2304 2239
4320 2239 2311 2312
4323 2309 2242 2314
4324 2241 2314 2242
4325 2243 2314 2241
4334 2247 2319 2288
4335 2251 2319 2247
4336 2320 2248 2292
4337 2321 2249 2248
4338 2248 2320 2321
4339 2250 2249 2322
4340 2322 2249 2321
4341 2250 2323 2251
4342 2323 2250 2322
4343 2251 2324 2319
4344 2323 2324 2251
4408 2359 2286 2285
4409 2285 2291 2359
4410 2360 2340 2286
4411 2286 2359 2360
4412 2361 2289 2287
4413 2287 2288 2361
4414 2362 2361 2288
4415 2288 2319 2362
4416 2363 2290 2289
4417 2289 2361 2363
4418 2364 2291 2290
4419 2290 2363 2364
4420 2365 2359 2291
4421 2291 2364 2365
4422 2292 2366 2320
4423 2366 2292 2293
4424 2293 2367 2366
4425 2367 2293 2294
4426 2294 2368 2367
4427 2368 2294 2302
4428 2369 2320 2366
4429 2295 2370 2301
4430 2370 2295 2296
4431 2296 2371 2370
4432 2371 2296 2297
4433 2297 2372 2371
4434 2372 2297 2298
4435 2298 2373 2372
4436 2373 2298 2299
4437 2299 2374 2373
4438 2374 2299 2307
4439 2300 2375 2303
4440 2375 2300 2301
4441 2301 2376 2375
4442 2376 2301 2370
4443 2302 2377 2368
4444 2377 2302 2303
4445 2303 2378 2377
4446 2378 2303 2375
4447 2379 2305 2304
4448 2304 2312 2379
4449 2380 2306 2305
4450 2305 2379 2380
4451 2381 2308 2306
4452 2306 2380 2381
4453 2307 2382 2374
4454 2382 2307 2308
4455 2308 2381 2382
4456 2383 2309 2314
4457 2309 2383 2384
4458 2309 2384 2310
4459 2310 2384 2385
4460 2385 2311 2310
4461 2386 2312 2311
4462 2311 2385 2386
4463 2387 2379 2312
4464 2312 2386 2387
4478 2395 2362 2319
4479 2395 2319 2324
4480 2396 2321 2320
4481 2320 2369 2396
4482 2397 2322 2321
4483 2397 2321 2396
4484 2398 2323 2322
4485 2398 2322 2397
4486 2323 2399 2324
4487 2398 2399 2323
4488 2400 2395 2324
4489 2324 2399 2400
4519 2340 2360 2417
4520 2417 2418 2340
4555 2437 2360 2359
4556 2359 2365 2437
4557 2438 2417 2360
4558 2360 2437 2438
4559 2439 2363 2361
4560 2361 2362 2439
4561 2440 2439 2362
4562 2362 2395 2440
4563 2441 2364 2363
4564 2363 2439 2441
4565 2442 2365 2364
4566 2364 2441 2442
4567 2443 2437 2365
4568 2365 2442 2443
4569 2366 2444 2369
4570 2444 2366 2367
4571 2367 2445 2444
4572 2445 2367 2368
4573 2368 2446 2445
4574 2446 2368 2377
4575 2447 2396 2369
4576 2369 2448 2447
4577 2448 2369 2444
4578 2370 2449 2376
4579 2449 2370 2371
4580 2371 2450 2449
4581 2450 2371 2372
4582 2372 2451 2450
4583 2451 2372 2373
4584 2373 2452 2451
4585 2452 2373 2374
4586 2374 2453 2452
4587 2453 2374 2382
4588 2375 2454 2378
4589 2454 2375 2376
4590 2376 2455 2454
4591 2455 2376 2449
4592 2377 2456 2446
4593 2456 2377 2378
4594 2378 2457 2456
4595 2457 2378 2454
4596 2458 2380 2379
4597 2379 2387 2458
4598 2459 2381 2380
4599 2380 2458 2459
4600 2382 2460 2453
4601 2460 2382 2381
4602 2381 2459 2460
4603 2461 2458 2387
4605 2384 2383 2462
4606 2462 2463 2384
4607 2463 2385 2384
4608 2385 2463 2464
4609 2464 2386 2385
4610 2387 2465 2461
4611 2386 2464 2465
4612 2465 2387 2386
4628 2474 2440 2395
4629 2395 2400 2474
4630 2396 2475 2397
4631 2396 2447 2475
4632 2398 2476 2399
4633 2398 2397 2476
4634 2476 2397 2475
4635 2477 2399 2476
4636 2478 2400 2399
4637 2477 2478 2399
4638 2479 2474 2400
4639 2479 2400 2478
4669 2417 2438 2496
4672 2419 2418 2498
4673 2418 2417 2498
4674 2496 2498 2417
4675 2499 2497 2419
4676 2499 2419 2498
4710 2520 2496 2438
4711 2438 2521 2520
4712 2521 2438 2437
4713 2437 2443 2521
4714 2522 2441 2439
4715 2439 2440 2522
4716 2523 2522 2440
4717 2440 2474 2523
4718 2524 2442 2441
4719 2441 2522 2524
4720 2525 2443 2442
4721 2442 2524 2525
4722 2526 2521 2443
4723 2443 2525 2526
4724 2527 2475 2447
4725 2528 2446 2456
4726 2444 2529 2448
4727 2529 2444 2445
4728 2445 2530 2529
4729 2530 2445 2446
4730 2446 2528 2530
4731 2447 2531 2527
4732 2531 2447 2448
4733 2448 2532 2531
4734 2532 2448 2529
4735 2449 2533 2455
4736 2533 2449 2450
4737 2450 2534 2533
4738 2534 2450 2451
4739 2451 2535 2534
4740 2535 2451 2452
4741 2452 2536 2535
4742 2536 2452 2453
4743 2453 2537 2536
4744 2537 2453 2460
4745 2454 2538 2457
4746 2538 2454 2455
4747 2455 2539 2538
4748 2539 2455 2533
4749 2456 2540 2528
4750 2540 2456 2457
4751 2457 2541 2540
4752 2541 2457 2538
4753 2458 2542 2459
4754 2461 2542 2458
4755 2537 2460 2543
4756 2459 2543 2460
4757 2459 2542 2543
4758 2544 2537 2543
4759 2545 2542 2461
4760 2545 2461 2546
4761 2546 2461 2465
4763 2463 2462 2547
4764 2547 2548 2463
4765 2548 2464 2463
4766 2546 2465 2549
4767 2464 2548 2549
4768 2549 2465 2464
4785 2558 2523 2474
4786 2474 2479 2558
4787 2477 2476 2559
4788 2475 2559 2476
4789 2475 2527 2559
4790 2477 2560 2478
4791 2477 2559 2560
4792 2478 2561 2479
4793 2478 2560 2561
4794 2562 2558 2479
4795 2479 2561 2562
4827 2496 2520 2579
4828 2580 2498 2496
4829 2580 2496 2579
4830 2581 2578 2497
4831 2499 2581 2497
4832 2499 2582 2581
4833 2499 2498 2582
4834 2580 2582 2498
4873 2603 2579 2520
4874 2603 2520 2604
4875 2604 2520 2521
4876 2521 2526 2604
4877 2605 2524 2522
4878 2522 2523 2605
4879 2606 2605 2523
4880 2523 2558 2606
4881 2607 2525 2524
4882 2524 2605 2607
4883 2608 2526 2525
4884 2525 2607 2608
4885 2609 2604 2526
4886 2526 2608 2609
4887 2610 2527 2531
4888 2611 2527 2610
4889 2611 2559 2527
4890 2612 2528 2540
4891 2613 2530 2528
4892 2528 2612 2613
4893 2532 2529 2614
4894 2529 2530 2614
4895 2530 2613 2614
4896 2531 2615 2610
4897 2615 2531 2532
4898 2616 2615 2532
4899 2616 2532 2614
4900 2533 2617 2539
4901 2617 2533 2534
4902 2534 2618 2617
4903 2618 2534 2535
4904 2535 2619 2618
4905 2619 2535 2536
4906 2620 2539 2617
4907 2619 2536 2621
4908 2536 2537 2621
4909 2544 2621 2537
4910 2622 2619 2621
4911 2541 2538 2623
4912 2538 2539 2623
4913 2620 2623 2539
4914 2624 2612 2540
4915 2624 2540 2541
4916 2625 2624 2541
4917 2625 2541 2623
4918 2626 2543 2542
4919 2627 2626 2542
4920 2627 2542 2545
4921 2544 2543 2628
4922 2626 2628 2543
4923 2544 2629 2621
4924 2544 2628 2629
4925 2627 2545 2630
4926 2630 2545 2631
4927 2546 2631 2545
4928 2631 2546 2632
4929 2549 2632 2546
4931 2548 2547 2633
4932 2549 2634 2632
4933 2633 2634 2548
4934 2634 2549 2548
4953 2645 2606 2558
4954 2558 2562 2645
4955 2559 2646 2560
4956 2611 2646 2559
4957 2560 2647 2561
4958 2647 2560 2646
4959 2648 2562 2561
4960 2648 2561 2647
4961 2562 2649 2645
4962 2562 2648 2649
4992 2579 2603 2665
4993 2666 2584 2578
4994 2581 2666 2578
4995 2580 2667 2582
4996 2580 2579 2667
4997 2579 2665 2667
4998 2666 2581 2668
4999 2582 2668 2581
5000 2582 2667 2668
5003 2670 2669 2584
5004 2584 2666 2670
5037 2686 2665 2603
5038 2686 2603 2687
5039 2603 2604 2687
5040 2604 2609 2687
5041 2688 2607 2605
5042 2605 2606 2688
5043 2689 2688 2606
5044 2606 2645 2689
5045 2690 2608 2607
5046 2607 2688 2690
5047 2691 2609 2608
5048 2608 2690 2691
5049 2692 2687 2609
5050 2692 2609 2691
5051 2693 2610 2615
5052 2611 2694 2646
5053 2693 2694 2610
5054 2611 2610 2694
5055 2695 2612 2624
5056 2695 2696 2612
5057 2696 2613 2612
5058 2613 2696 2697
5059 2697 2614 2613
5060 2698 2614 2697
5061 2616 2614 2698
5062 2693 2615 2699
5063 2616 2698 2699
5064 2616 2699 2615
5065 2620 2617 2700
5066 2700 2617 2618
5067 2701 2700 2618
5068 2701 2618 2619
5069 2622 2701 2619
5070 2702 2620 2700
5071 2703 2623 2620
5072 2702 2703 2620
5073 2629 2704 2621
5074 2622 2621 2704
5075 2622 2704 2705
5076 2622 2705 2701
5077 2703 2706 2623
5078 2625 2623 2706
5079 2695 2624 2707
5080 2625 2706 2707
5081 2625 2707 2624
5082 2627 2630 2708
5083 2626 2708 2628
5084 2627 2708 2626
5085 2628 2708 2709
5086 2629 2628 2709
5087 2629 2709 2710
5088 2704 2629 2710
5089 2630 2711 2708
5090 2630 2631 2711
5091 2631 2712 2711
5092 2631 2632 2712
5093 2632 2713 2712
5094 2634 2713 2632
5095 2713 2634 2714
5097 2634 2633 2714
5117 2724 2689 2645
5118 2724 2645 2649
5119 2725 2724 2649
5120 2646 2726 2647
5121 2646 2694 2726
5122 2647 2727 2648
5123 2647 2726 2727
5124 2728 2649 2648
5125 2728 2648 2727
5126 2725 2649 2729
5127 2729 2649 2728
5157 2686 2745 2665
5158 2665 2746 2667
5159 2745 2746 2665
5160 2747 2670 2666
5161 2666 2668 2747
5162 2748 2747 2668
5163 2668 2667 2748
5164 2746 2748 2667
5165 2749 2672 2669
5166 2669 2670 2749
5167 2750 2749 2670
5168 2670 2747 2750
5171 2753 2752 2672
5172 2672 2749 2753
5197 2686 2766 2745
5198 2686 2687 2766
5199 2767 2766 2687
5200 2767 2687 2692
5201 2690 2688 2768
5202 2688 2689 2768
5203 2689 2769 2768
5204 2769 2689 2724
5205 2770 2691 2690
5206 2770 2690 2768
5207 2771 2692 2691
5208 2691 2770 2771
5209 2767 2692 2772
5210 2772 2692 2771
5211 2693 2773 2694
5212 2693 2699 2773
5213 2774 2726 2694
5214 2774 2694 2773
5215 2695 2775 2696
5216 2695 2707 2775
5217 2776 2697 2696
5218 2696 2775 2776
5219 2777 2698 2697
5220 2697 2776 2777
5221 2698 2778 2699
5222 2698 2777 2778
5223 2779 2773 2699
5224 2779 2699 2778
5225 2702 2700 2780
5226 2701 2705 2780
5227 2700 2701 2780
5228 2702 2781 2703
5229 2702 2780 2781
5230 2782 2706 2703
5231 2703 2781 2782
5232 2704 2710 2783
5233 2705 2704 2783
5234 2705 2783 2784
5235 2784 2780 2705
5236 2785 2707 2706
5237 2706 2782 2785
5238 2786 2775 2707
5239 2786 2707 2785
5240 2709 2708 2787
5241 2787 2708 2711
5242 2788 2710 2709
5243 2709 2787 2788
5244 2789 2783 2710
5245 2710 2788 2789
5246 2790 2791 2712
5247 2791 2711 2712
5248 2791 2792 2711
5249 2792 2787 2711
5250 2790 2712 2793
5251 2793 2712 2713
5252 2793 2713 2794
5254 2714 2794 2713
5255 2795 2790 2793
5273 2725 2729 2804
5274 2805 2769 2724
5275 2725 2805 2724
5276 2725 2804 2805
5277 2806 2727 2726
5278 2726 2774 2806
5279 2727 2807 2728
5280 2807 2727 2806
5281 2729 2808 2804
5282 2729 2728 2808
5283 2728 2807 2808
5284 2809 2804 2808
5314 2745 2766 2825
5315 2745 2826 2746
5316 2745 2825 2826
5317 2748 2746 2827
5318 2826 2827 2746
5319 2828 2750 2747
5320 2747 2748 2828
5321 2827 2828 2748
5322 2829 2753 2749
5323 2749 2750 2829
5324 2830 2829 2750
5325 2750 2828 2830
5328 2832 2831 2752
5329 2752 2753 2832
5330 2833 2832 2753
5331 2753 2829 2833
5355 2766 2846 2825
5356 2767 2846 2766
5357 2767 2772 2846
5358 2847 2825 2846
5359 2848 2770 2768
5360 2848 2768 2849
5361 2849 2768 2769
5362 2849 2769 2850
5363 2805 2850 2769
5364 2770 2851 2771
5365 2848 2851 2770
5366 2852 2772 2771
5367 2771 2851 2852
5368 2853 2846 2772
5369 2853 2772 2852
5370 2854 2774 2773
5371 2773 2779 2854
5372 2855 2806 2774
5373 2774 2854 2855
5374 2856 2776 2775
5375 2775 2786 2856
5376 2857 2777 2776
5377 2776 2856 2857
5378 2858 2778 2777
5379 2777 2857 2858
5380 2859 2779 2778
5381 2778 2858 2859
5382 2860 2854 2779
5383 2779 2859 2860
5384 2861 2780 2784
5385 2861 2781 2780
5386 2781 2861 2862
5387 2862 2782 2781
5388 2782 2862 2863
5389 2863 2785 2782
5390 2864 2784 2783
5391 2783 2789 2864
5392 2865 2861 2784
5393 2784 2864 2865
5394 2785 2863 2866
5395 2866 2786 2785
5396 2786 2866 2867
5397 2867 2856 2786
5398 2868 2788 2787
5399 2868 2787 2792
5400 2869 2789 2788
5401 2788 2868 2869
5402 2870 2864 2789
5403 2789 2869 2870
5404 2791 2871 2792
5405 2790 2795 2871
5406 2790 2871 2791
5407 2792 2871 2872
5408 2792 2872 2868
5409 2795 2793 2873
5411 2794 2873 2793
5412 2795 2874 2871
5413 2795 2873 2874
5429 2805 2882 2850
5430 2804 2882 2805
5431 2809 2882 2804
5432 2806 2883 2807
5433 2883 2806 2855
5434 2884 2808 2807
5435 2884 2807 2883
5436 2809 2885 2882
5437 2809 2886 2885
5438 2809 2808 2886
5439 2886 2808 2884
5469 2826 2825 2903
5470 2847 2903 2825
5471 2827 2826 2904
5472 2903 2904 2826
5473 2905 2830 2828
5474 2828 2827 2905
5475 2904 2905 2827
5476 2906 2833 2829
5477 2829 2830 2906
5478 2907 2906 2830
5479 2830 2905 2907
5480 2908 2835 2831
5481 2831 2832 2908
5482 2909 2908 2832
5483 2832 2833 2909
5484 2910 2909 2833
5485 2833 2906 2910
5488 2912 2911 2835
5489 2835 2908 2912
5509 2922 2847 2846
5510 2853 2922 2846
5511 2923 2847 2922
5512 2903 2847 2924
5513 2923 2924 2847
5514 2925 2850 2882
5515 2848 2926 2851
5516 2848 2849 2926
5517 2926 2849 2927
5518 2850 2925 2927
5519 2927 2849 2850
5520 2928 2851 2926
5521 2928 2929 2851
5522 2929 2852 2851
5523 2853 2930 2922
5524 2853 2852 2930
5525 2852 2929 2930
5526 2931 2855 2854
5527 2854 2860 2931
5528 2932 2883 2855
5529 2855 2931 2932
5530 2856 2867 2933
5531 2933 2857 2856
5532 2857 2933 2934
5533 2934 2858 2857
5534 2858 2934 2935
5535 2935 2859 2858
5536 2859 2935 2936
5537 2936 2860 2859
5538 2860 2936 2937
5539 2937 2931 2860
5540 2938 2862 2861
5541 2861 2865 2938
5542 2939 2863 2862
5543 2862 2938 2939
5544 2940 2866 2863
5545 2863 2939 2940
5546 2941 2865 2864
5547 2864 2870 2941
5548 2942 2938 2865
5549 2865 2941 2942
5550 2943 2867 2866
5551 2866 2940 2943
5552 2944 2933 2867
5553 2867 2943 2944
5554 2945 2869 2868
5555 2868 2872 2945
5556 2946 2870 2869
5557 2869 2945 2946
5558 2947 2941 2870
5559 2870 2946 2947
5560 2948 2872 2871
5561 2871 2874 2948
5562 2949 2945 2872
5563 2872 2948 2949
5580 2957 2925 2882
5581 2885 2957 2882
5582 2883 2958 2884
5583 2883 2932 2958
5584 2959 2957 2885
5585 2886 2884 2960
5586 2960 2884 2958
5587 2959 2885 2961
5588 2885 2886 2961
5589 2886 2960 2961
5590 2962 2925 2957
5622 2904 2903 2980
5623 2903 2924 2980
5624 2981 2907 2905
5625 2905 2904 2981
5626 2980 2981 2904
5627 2982 2910 2906
5628 2906 2907 2982
5629 2983 2982 2907
5630 2907 2981 2983
5631 2984 2980 2924
5632 2985 2912 2908
5633 2908 2909 2985
5634 2910 2982 2986
5635 2987 2985 2909
5636 2909 2910 2987
5637 2986 2987 2910
5638 2988 2978 2911
5639 2911 2912 2988
5640 2989 2988 2912
5641 2912 2985 2989
5660 2923 2922 3000
5661 2922 2930 3000
5662 2923 3001 2924
5663 2923 3000 3001
5664 2984 2924 3002
5665 3001 3002 2924
5666 2962 3003 2925
5667 2927 2925 3003
5668 2928 2926 3004
5669 3004 2927 3003
5670 3004 2926 2927
5671 2928 3005 2929
5672 2928 3004 3005
5673 3005 3006 2929
5674 3006 2930 2929
5675 3007 3000 2930
5676 3006 3007 2930
5677 2931 2937 3008
5678 3008 2932 2931
5679 2932 3008 3009
5680 3009 2958 2932
5681 3010 2934 2933
5682 2933 2944 3010
5683 3011 2935 2934
5684 2934 3010 3011
5685 3012 2936 2935
5686 2935 3011 3012
5687 3013 2937 2936
5688 2936 3012 3013
5689 3014 3008 2937
5690 2937 3013 3014
5691 3015 2939 2938
5692 2938 2942 3015
5693 3016 2940 2939
5694 2939 3015 3016
5695 3017 2943 2940
5696 2940 3016 3017
5697 3018 2942 2941
5698 2941 2947 3018
5699 3019 3015 2942
5700 2942 3018 3019
5701 3020 2944 2943
5702 2943 3017 3020
5703 3021 3010 2944
5704 2944 3020 3021
5705 3022 2946 2945
5706 2945 2949 3022
5707 3023 2947 2946
5708 2946 3022 3023
5709 3024 3018 2947
5710 2947 3023 3024
5729 3034 3003 2962
5730 2957 3035 2962
5731 2959 3035 2957
5732 2958 3009 3036
5733 2960 2958 3036
5734 2959 3037 3035
5735 2959 2961 3037
5736 2961 3038 3037
5737 2960 3036 3038
5738 2961 2960 3038
5739 2962 3039 3034
5740 3039 2962 3035
5770 2978 2988 3055
5772 3055 3056 2978
5774 2981 3057 2983
5775 2981 2980 3057
5776 2984 3057 2980
5777 3058 2986 2982
5778 2982 2983 3058
5779 3059 3058 2983
5780 2983 3057 3059
5781 2984 3060 3057
5782 2984 3002 3060
5783 3061 2989 2985
5784 2985 2987 3061
5785 2986 3058 3062
5786 3063 3061 2987
5787 2987 2986 3063
5788 3062 3063 2986
5789 3064 3055 2988
5790 2988 2989 3064
5791 3065 3064 2989
5792 2989 3061 3065
5811 3000 3075 3001
5812 3000 3007 3075
5813 3076 3002 3001
5814 3001 3075 3076
5815 3077 3060 3002
5816 3002 3076 3077
5817 3004 3078 3005
5818 3034 3078 3003
5819 3003 3078 3004
5820 3079 3078 3034
5821 3005 3080 3006
5822 3080 3005 3078
5823 3081 3007 3006
5824 3081 3006 3080
5825 3082 3075 3007
5826 3007 3081 3082
5827 3083 3009 3008
5828 3008 3014 3083
5829 3084 3036 3009
5830 3009 3083 3084
5831 3085 3011 3010
5832 3010 3021 3085
5833 3086 3013 3012
5834 3012 3087 3086
5835 3087 3012 3011
5836 3011 3085 3087
5837 3088 3014 3013
5838 3013 3086 3088
5839 3089 3083 3014
5840 3014 3088 3089
5841 3090 3016 3015
5842 3015 3019 3090
5843 3091 3017 3016
5844 3016 3090 3091
5845 3092 3020 3017
5846 3017 3091 3092
5847 3093 3019 3018
5848 3018 3024 3093
5849 3094 3090 3019
5850 3019 3093 3094
5851 3095 3021 3020
5852 3020 3092 3095
5853 3096 3085 3021
5854 3021 3095 3096
5878 3079 3034 3108
5879 3108 3034 3039
5880 3035 3109 3039
5881 3035 3037 3109
5882 3110 3109 3037
5883 3111 3038 3036
5884 3036 3084 3111
5885 3110 3037 3112
5886 3038 3112 3037
5887 3038 3111 3112
5888 3113 3110 3112
5889 3108 3039 3114
5890 3039 3109 3114
5920 3055 3064 3131
5921 3132 3067 3056
5922 3056 3055 3132
5923 3131 3132 3055
5924 3133 3059 3057
5925 3060 3133 3057
5926 3134 3062 3058
5927 3059 3134 3058
5928 3135 3134 3059
5929 3135 3059 3133
5930 3133 3060 3136
5931 3060 3077 3136
5932 3062 3134 3137
5933 3138 3065 3061
5934 3061 3063 3138
5935 3139 3138 3063
5936 3063 3062 3139
5937 3137 3139 3062
5938 3140 3131 3064
5939 3064 3065 3140
5940 3141 3140 3065
5941 3065 3138 3141
5944 3143 3142 3067
5945 3067 3132 3143
5958 3149 3076 3075
5959 3075 3082 3149
5960 3150 3077 3076
5961 3076 3149 3150
5962 3151 3136 3077
5963 3077 3150 3151
5964 3152 3080 3078
5965 3079 3152 3078
5966 3079 3153 3152
5967 3079 3108 3153
5968 3080 3154 3081
5969 3152 3154 3080
5970 3155 3082 3081
5971 3155 3081 3154
5972 3156 3149 3082
5973 3082 3155 3156
5974 3157 3084 3083
5975 3083 3089 3157
5976 3158 3111 3084
5977 3084 3157 3158
5978 3159 3087 3085
5979 3085 3096 3159
5980 3160 3088 3086
5981 3086 3161 3160
5982 3161 3086 3087
5983 3087 3159 3161
5984 3162 3089 3088
5985 3088 3160 3162
5986 3163 3157 3089
5987 3089 3162 3163
5988 3164 3091 3090
5989 3090 3094 3164
5990 3165 3092 3091
5991 3091 3164 3165
5992 3166 3095 3092
5993 3092 3165 3166
5998 3169 3096 3095
5999 3095 3166 3169
6000 3170 3159 3096
6001 3096 3169 3170
6022 3153 3108 3180
6023 3180 3108 3114
6024 3181 3180 3114
6025 3109 3182 3114
6026 3110 3182 3109
6027 3113 3182 3110
6028 3183 3112 3111
6029 3111 3158 3183
6030 3113 3112 3184
6031 3184 3112 3183
6032 3113 3185 3182
6033 3113 3184 3185
6034 3181 3114 3186
6035 3186 3114 3182
6067 3131 3140 3204
6068 3205 3143 3132
6069 3132 3131 3205
6070 3204 3205 3131
6071 3133 3136 3206
6072 3135 3133 3206
6073 3134 3207 3137
6074 3135 3206 3207
6075 3135 3207 3134
6076 3208 3206 3136
6077 3136 3151 3208
6078 3209 3139 3137
6079 3210 3209 3137
6080 3210 3137 3207
6081 3141 3138 3211
6082 3139 3211 3138
6083 3209 3211 3139
6084 3212 3204 3140
6085 3140 3141 3212
6086 3213 3212 3141
6087 3141 3211 3213
6088 3214 3202 3142
6089 3142 3143 3214
6090 3215 3214 3143
6091 3143 3205 3215
6102 3221 3150 3149
6103 3149 3156 3221
6104 3222 3151 3150
6105 3150 3221 3222
6106 3223 3208 3151
6107 3151 3222 3223
6108 3152 3224 3154
6109 3153 3224 3152
6110 3153 3180 3224
6111 3154 3225 3155
6112 3154 3224 3225
6113 3226 3156 3155
6114 3155 3225 3226
6115 3227 3221 3156
6116 3156 3226 3227
6117 3228 3158 3157
6118 3157 3163 3228
6119 3158 3229 3183
6120 3228 3229 3158
6121 3230 3161 3159
6122 3159 3170 3230
6123 3231 3162 3160
6124 3160 3232 3231
6125 3232 3160 3161
6126 3161 3230 3232
6127 3233 3163 3162
6128 3162 3231 3233
6129 3234 3228 3163
6130 3163 3233 3234
6160 3180 3248 3224
6161 3181 3248 3180
6162 3181 3249 3248
6163 3181 3186 3249
6164 3186 3182 3250
6165 3185 3250 3182
6166 3184 3183 3251
6167 3251 3183 3229
6168 3185 3184 3252
6169 3251 3252 3184
6170 3253 3250 3185
6171 3253 3185 3252
6172 3186 3254 3249
6173 3250 3254 3186
6203 3202 3214 3271
6205 3271 3272 3202
6207 3204 3212 3274
6208 3275 3215 3205
6209 3205 3204 3275
6210 3274 3275 3204
6211 3206 3276 3207
6212 3206 3208 3276
6213 3210 3207 3277
6214 3276 3277 3207
6215 3278 3276 3208
6216 3208 3223 3278
6217 3279 3211 3209
6218 3279 3209 3280
6219 3210 3280 3209
6220 3210 3277 3280
6221 3281 3213 3211
6222 3279 3281 3211
6223 3282 3274 3212
6224 3213 3282 3212
6225 3283 3282 3213
6226 3283 3213 3281
6227 3284 3271 3214
6228 3214 3215 3284
6229 3285 3284 3215
6230 3215 3275 3285
6240 3290 3222 3221
6241 3221 3227 3290
6242 3291 3223 3222
6243 3222 3290 3291
6244 3292 3278 3223
6245 3223 3291 3292
6246 3293 3225 3224
6247 3248 3293 3224
6248 3294 3226 3225
6249 3225 3293 3294
6250 3295 3227 3226
6251 3226 3294 3295
6252 3296 3290 3227
6253 3227 3295 3296
6254 3297 3229 3228
6255 3228 3234 3297
6256 3251 3229 3298
6257 3229 3297 3298
6292 3248 3315 3293
6293 3248 3249 3315
6294 3249 3316 3315
6295 3249 3254 3316
6296 3250 3317 3254
6297 3253 3317 3250
6299 3252 3251 3319
6300 3251 3298 3319
6301 3317 3253 3320
6302 3253 3252 3320
6303 3319 3320 3252
6337 3271 3284 3338
6338 3339 3337 3272
6339 3272 3271 3339
6340 3338 3339 3271
6343 3274 3282 3342
6344 3343 3285 3275
6345 3275 3274 3343
6346 3342 3343 3274
6347 3344 3277 3276
6348 3276 3278 3344
6349 3277 3345 3280
6350 3277 3344 3345
6351 3346 3344 3278
6352 3278 3292 3346
6353 3279 3347 3281
6354 3279 3280 3347
6355 3347 3280 3348
6356 3345 3348 3280
6357 3283 3281 3349
6358 3281 3347 3349
6359 3282 3350 3342
6360 3283 3350 3282
6361 3283 3349 3350
6362 3351 3342 3350
6363 3352 3338 3284
6364 3284 3285 3352
6365 3353 3352 3285
6366 3285 3343 3353
6375 3359 3291 3290
6376 3290 3296 3359
6377 3360 3292 3291
6378 3291 3359 3360
6379 3361 3346 3292
6380 3292 3360 3361
6381 3362 3294 3293
6382 3293 3315 3362
6383 3363 3295 3294
6384 3294 3362 3363
6385 3364 3296 3295
6386 3295 3363 3364
6387 3365 3359 3296
6388 3296 3364 3365
6421 3380 3362 3315
6422 3315 3316 3380
6464 3402 3341 3337
6465 3337 3339 3402
6466 3338 3352 3403
6467 3404 3402 3339
6468 3339 3338 3404
6469 3403 3404 3338
6472 3406 3405 3341
6473 3341 3402 3406
6474 3353 3343 3407
6475 3342 3407 3343
6476 3351 3407 3342
6477 3408 3345 3344
6478 3344 3346 3408
6479 3409 3348 3345
6480 3345 3408 3409
6481 3410 3408 3346
6482 3346 3361 3410
6483 3411 3349 3347
6484 3347 3348 3411
6485 3412 3411 3348
6486 3348 3409 3412
6487 3349 3413 3350
6488 3349 3411 3413
6489 3351 3350 3414
6490 3414 3350 3413
6491 3351 3415 3407
6492 3351 3414 3415
6493 3416 3403 3352
6494 3352 3353 3416
6495 3417 3416 3353
6496 3417 3353 3407
6506 3423 3360 3359
6507 3359 3365 3423
6508 3424 3361 3360
6509 3360 3423 3424
6510 3425 3410 3361
6511 3361 3424 3425
6512 3426 3363 3362
6513 3362 3380 3426
6514 3427 3364 3363
6515 3363 3426 3427
6516 3428 3423 3365
6517 3365 3429 3428
6518 3429 3365 3364
6519 3364 3427 3429
6586 3403 3416 3461
6587 3462 3406 3402
6588 3402 3404 3462
6589 3463 3462 3404
6590 3404 3403 3463
6591 3403 3461 3463
6592 3464 3418 3405
6593 3405 3406 3464
6594 3465 3464 3406
6595 3406 3462 3465
6596 3417 3407 3466
6597 3415 3466 3407
6598 3467 3409 3408
6599 3408 3410 3467
6600 3468 3412 3409
6601 3409 3467 3468
6602 3469 3467 3410
6603 3410 3425 3469
6604 3470 3413 3411
6605 3411 3412 3470
6606 3471 3470 3412
6607 3412 3468 3471
6608 3472 3414 3413
6609 3413 3470 3472
6610 3415 3414 3473
6611 3414 3472 3473
6612 3466 3415 3474
6613 3415 3473 3474
6614 3416 3475 3461
6615 3417 3475 3416
6616 3417 3466 3475
6617 3461 3475 3476
6618 3477 3460 3418
6619 3418 3464 3477
6627 3482 3424 3423
6628 3423 3428 3482
6629 3483 3425 3424
6630 3424 3482 3483
6631 3484 3469 3425
6632 3425 3483 3484
6698 3517 3516 3460
6699 3460 3477 3517
6700 3463 3461 3518
6701 3476 3518 3461
6702 3519 3465 3462
6703 3462 3463 3519
6704 3518 3519 3463
6705 3520 3477 3464
6706 3464 3465 3520
6707 3521 3520 3465
6708 3465 3519 3521
6709 3522 3475 3466
6710 3474 3522 3466
6711 3523 3468 3467
6712 3467 3469 3523
6713 3524 3471 3468
6714 3468 3523 3524
6715 3525 3523 3469
6716 3469 3484 3525
6717 3526 3472 3470
6718 3470 3471 3526
6719 3527 3526 3471
6720 3471 3524 3527
6721 3528 3473 3472
6722 3472 3526 3528
6723 3529 3474 3473
6724 3473 3528 3529
6725 3530 3522 3474
6726 3474 3529 3530
6727 3531 3518 3476
6728 3532 3476 3475
6729 3522 3532 3475
6730 3531 3476 3533
6731 3476 3532 3533
6732 3534 3517 3477
6733 3477 3520 3534
6807 3517 3534 3572
6808 3573 3535 3516
6809 3516 3517 3573
6810 3572 3573 3517
6811 3519 3574 3521
6812 3518 3574 3519
6813 3531 3574 3518
6814 3575 3534 3520
6815 3520 3521 3575
6816 3576 3575 3521
6817 3576 3521 3574
6818 3577 3532 3522
6819 3522 3530 3577
6820 3578 3524 3523
6821 3523 3525 3578
6822 3579 3527 3524
6823 3524 3578 3579
6826 3581 3528 3526
6827 3526 3527 3581
6828 3582 3581 3527
6829 3527 3579 3582
6830 3583 3529 3528
6831 3528 3581 3583
6832 3584 3530 3529
6833 3529 3583 3584
6834 3585 3577 3530
6835 3530 3584 3585
6836 3531 3586 3574
6837 3531 3533 3586
6838 3587 3533 3532
6839 3532 3577 3587
6840 3588 3586 3533
6841 3533 3587 3588
6842 3589 3572 3534
6843 3534 3575 3589
6844 3535 3573 3590
6845 3590 3591 3535
6912 3572 3589 3623
6913 3624 3590 3573
6914 3573 3572 3624
6915 3623 3624 3572
6916 3576 3574 3625
6917 3586 3625 3574
6918 3575 3626 3589
6919 3576 3626 3575
6920 3576 3625 3626
6921 3627 3587 3577
6922 3577 3585 3627
6929 3631 3583 3581
6930 3581 3582 3631
6933 3633 3584 3583
6934 3583 3631 3633
6935 3634 3585 3584
6936 3584 3633 3634
6937 3635 3627 3585
6938 3585 3634 3635
6939 3636 3625 3586
6940 3586 3588 3636
6941 3637 3588 3587
6942 3587 3627 3637
6943 3638 3636 3588
6944 3588 3637 3638
6945 3639 3623 3589
6946 3589 3626 3639
6947 3590 3624 3640
6948 3591 3590 3641
6949 3640 3641 3590
6950 3641 3642 3591
7010 3672 3623 3639
7011 3624 3673 3640
7012 3624 3623 3673
7013 3672 3673 3623
7014 3674 3640 3673
7015 3675 3626 3625
7016 3625 3636 3675
7017 3676 3639 3626
7018 3675 3676 3626
7019 3677 3637 3627
7020 3627 3635 3677
7036 3685 3675 3636
7037 3636 3638 3685
7038 3686 3638 3637
7039 3637 3677 3686
7040 3687 3685 3638
7041 3638 3686 3687
7042 3672 3639 3688
7043 3639 3676 3688
7044 3641 3640 3689
7045 3674 3689 3640
7046 3642 3641 3690
7047 3641 3689 3690
7048 3690 3691 3642
7103 3672 3718 3673
7104 3672 3688 3718
7105 3718 3719 3673
7106 3674 3673 3719
7107 3674 3719 3720
7108 3674 3720 3689
7109 3721 3676 3675
7110 3675 3685 3721
7111 3722 3688 3676
7112 3676 3721 3722
7128 3730 3721 3685
7129 3685 3687 3730
7134 3733 3718 3688
7135 3688 3722 3733
7136 3690 3689 3734
7137 3735 3734 3689
7138 3720 3735 3689
7139 3691 3690 3736
7140 3734 3736 3690
7141 3736 3737 3691
7192 3763 3719 3718
7193 3718 3733 3763
7194 3720 3719 3764
7195 3719 3763 3764
7196 3735 3720 3765
7197 3764 3765 3720
7198 3766 3722 3721
7199 3721 3730 3766
7200 3767 3733 3722
7201 3722 3766 3767
7219 3775 3763 3733
7220 3733 3767 3775
7221 3736 3734 3776
7222 3777 3776 3734
7223 3777 3734 3735
7224 3778 3777 3735
7225 3778 3735 3765
7226 3737 3736 3779
7227 3736 3776 3779
7228 3737 3779 3780
7278 3806 3764 3763
7279 3763 3775 3806
7280 3765 3764 3807
7281 3764 3806 3807
7282 3778 3765 3808
7283 3807 3808 3765
7302 3817 3779 3776
7303 3776 3818 3817
7304 3818 3776 3777
7305 3777 3819 3818
7306 3778 3819 3777
7307 3778 3808 3819
7308 3779 3817 3820
7309 3820 3780 3779
7310 3780 3820 3821
2 7 2 50
4326 2314 2243 2315
4327 2315 2243 2313
4465 2313 2388 2315
4466 2388 2313 2316
4467 2389 2383 2314
4468 2389 2314 2315
4469 2315 2390 2389
4470 2390 2315 2388
4471 2383 2389 2391
4472 2316 2392 2388
4473 2317 2392 2316
4604 2391 2462 2383
4613 2388 2466 2390
4614 2466 2388 2392
4615 2467 2391 2389
4616 2467 2389 2390
4617 2468 2467 2390
4618 2390 2466 2468
4619 2462 2391 2469
4620 2470 2469 2391
4621 2391 2467 2470
4762 2469 2547 2462
4769 2547 2469 2550
4772 2552 2470 2467
4773 2467 2468 2552
4776 2554 2550 2469
4777 2469 2470 2554
4778 2555 2554 2470
4779 2470 2552 2555
4930 2550 2633 2547
4935 2633 2550 2635
4936 2636 2635 2550
4937 2636 2550 2554
4938 2637 2635 2636
4939 2638 2635 2637
4946 2636 2554 2642
4947 2554 2555 2642
5096 2635 2714 2633
5098 2715 2714 2635
5099 2638 2715 2635
5100 2637 2636 2716
5101 2642 2716 2636
5102 2637 2717 2638
5103 2637 2716 2717
5104 2638 2718 2715
5105 2638 2717 2718
5253 2715 2794 2714
5256 2718 2796 2715
5257 2794 2715 2796
5410 2796 2873 2794
2 8 2 55
4522 2342 2419 2416
4670 2497 2495 2416
4671 2497 2416 2419
4825 2578 2500 2495
4826 2495 2497 2578
4835 2584 2583 2500
4836 2500 2578 2584
5001 2669 2585 2583
5002 2583 2584 2669
5005 2672 2671 2585
5006 2585 2669 2672
5169 2752 2751 2671
5170 2671 2672 2752
5326 2831 2754 2751
5327 2751 2752 2831
5332 2835 2834 2754
5333 2754 2831 2835
5486 2911 2902 2834
5487 2834 2835 2911
5620 2902 2911 2978
5621 2978 2979 2902
5771 3056 2990 2979
5773 2979 2978 3056
5793 3067 3066 2990
5794 2990 3056 3067
5942 3142 3130 3066
5943 3066 3067 3142
6065 3130 3142 3202
6066 3202 3203 3130
6204 3272 3270 3203
6206 3203 3202 3272
6335 3337 3273 3270
6336 3270 3272 3337
6341 3341 3340 3273
6342 3273 3337 3341
6470 3405 3354 3340
6471 3340 3341 3405
6497 3354 3405 3418
6498 3418 3419 3354
6585 3419 3418 3460
6620 3460 3478 3419
6697 3478 3460 3516
6734 3536 3516 3535
6735 3516 3536 3478
6846 3592 3535 3591
6847 3535 3592 3536
6951 3643 3591 3642
6952 3591 3643 3592
7049 3692 3642 3691
7050 3642 3692 3643
7142 3738 3691 3737
7143 3691 3738 3692
7229 3781 3737 3780
7230 3737 3781 3738
7311 3780 3821 3781
$EndElements
