$MeshFormat
4.1 0 8
$EndMeshFormat
$PhysicalNames
14
0 1 "nodeset:x_lock"
0 2 "nodeset:z_lock"
0 3 "nodeset:base"
2 1 "boundary:x_max"
2 2 "boundary:x_min"
2 3 "boundary:z_min"
2 4 "boundary:z_max"
2 5 "boundary:base"
2 6 "boundary:slope_surface"
2 7 "boundary:crest"
3 1 "region:general_foundation"
3 2 "region:weak_foundation"
3 3 "region:slope_mass"
3 4 "region:cover_layer"
$EndPhysicalNames
$Entities
3 0 7 4
1 30 0 0 1 1
2 -115 30 0 1 2
3 -144.7222624554081 0 75.85888718862388 1 3
1 30 0 0 30 60 86.60254037844386 1 1 0
2 -175 0 0 -175 30 86.60254037844386 1 2 0
3 -175 0 0 30 60 0 1 3 0
4 -175 0 86.60254037844386 30 60 86.60254037844386 1 4 0
5 -175 0 0 30 0 86.60254037844386 1 5 0
6 -175 20 0 30 60 86.60254037844386 1 6 0
7 -85 59.99999999999999 0 30 60 86.60254037844386 1 7 0
1 -175 0 0 30 20 86.60254037844386 1 1 0
2 -175 20 0 30 30 86.60254037844386 1 2 0
3 -140 30 0 30 60 86.60254037844386 1 3 0
4 -145 30 0 -55 60 86.60254037844386 1 4 0
$EndEntities
$Nodes
14 3845 1 3845
0 1 0 113
1
2
3
4
5
6
7
8
9
10
11
12
19
20
27
28
29
30
31
32
33
34
35
36
37
38
39
40
41
42
43
44
45
46
47
48
49
50
51
52
53
54
55
56
123
124
125
126
127
128
129
130
131
132
133
134
135
136
137
138
276
277
278
279
280
281
282
283
284
285
286
287
485
486
487
488
489
490
491
492
493
494
495
496
497
498
499
1357
1358
1359
1360
1361
1362
1363
1364
1365
1366
1367
1368
1369
1370
1371
1372
1373
1374
1375
1376
1377
1378
1379
1380
1381
1382
30 0 0
30 20 0
30 20 86.60254037844386
30 0 86.60254037844386
-175 0 0
-175 20 0
-175 20 86.60254037844386
-175 0 86.60254037844386
30 30 0
30 30 86.60254037844386
-175 30 0
-175 30 86.60254037844386
30 60 0
30 60 86.60254037844386
30 9.773412561254878 0
30 20 10.8128883799579
30 20 21.63434581136557
30 20 32.4717144918511
30 20 43.3227572046709
30 20 54.15705980374867
30 20 64.98119670223366
30 20 75.7858113011881
30 9.77053104794874 86.60254037844386
30 0 10.82712147592172
30 0 21.65619147050955
30 0 32.4722255477695
30 0 43.28945400352683
30 0 54.10955686491668
30 0 64.93665450991691
30 0 75.7674094318306
-175 10.14080918855626 0
-175 20 12.50219376216556
-175 20 24.86286490294853
-175 20 37.20350499749762
-175 20 49.61458930567752
-175 20 61.92485967142689
-175 20 74.24241783389718
-175 10.13535721754496 86.60254037844386
-175 0 12.37179148263484
-175 0 24.74358296526968
-175 0 37.11537444790451
-175 0 49.48716593053935
-175 0 61.85895741317418
-175 0 74.23074889580901
30 30 9.260652990702738
30 30 18.84932451466471
30 30 28.70523658091656
30 30 38.37465456465468
30 30 47.9677140139676
30 30 57.71722889017982
30 30 67.57123784695385
30 30 77.26532905463932
-175 30 9.62116457097796
-175 30 19.25083016112267
-175 30 28.87176489050819
-175 30 38.43770058650578
-175 30 48.01007373035466
-175 30 57.64747348867962
-175 30 67.27470516908569
-175 30 76.95137660881809
30 39.92032630306771 0
30 49.96045613023246 0
30 60 9.575114577405252
30 60 19.16712177088909
30 60 28.77542239352583
30 60 38.41794445981999
30 60 48.08158033315809
30 60 57.75470476074025
30 60 67.38744486172607
30 60 77.00513743446987
30 39.90804480822564 86.60254037844386
30 49.95111482086408 86.60254037844386
30 9.961839585635486 6.235086882010282
30 9.960915476630651 80.36523133823933
30 9.997624952558045 15.77051143618207
30 10.00328417238534 27.05889500488472
30 9.999544177608648 59.54581860436831
30 9.994961811835168 70.83054616108578
30 9.999556342374587 37.88906863522216
30 10.00218576778408 48.71944491205362
-175 10.00802128672777 19.11625016346751
-175 10 30.98185696556547
-175 10 55.72041884952001
-175 10.00772189765313 67.56553509735654
-175 9.999999999999998 43.35515867040476
-175 10.02384651919968 79.30772049373239
-175 10.024805079214 7.331705901377984
30 43.01536057381961 25.30672648526175
30 37.48763722244783 30.66466625811138
30 36.96511217182774 21.90464697296056
30 44.90079799445692 32.97050175750024
30 36.83710174396484 64.24393806200358
30 37.02896850096757 55.09624547498462
30 42.78325091774805 60.4152636675387
30 44.57535746014419 52.76242975661757
30 44.41114298109676 69.00924537630355
30 36.79924800262906 75.65440705306573
30 46.43844648511623 78.28601827467203
30 44.46013684507417 17.14291017534066
30 36.82753838962482 10.7590178234683
30 51.33277239629699 24.71070675561063
30 51.23288422126424 61.27962403066851
30 46.23802310949667 42.95140649997695
30 39.65593117017207 38.37917715948718
30 52.82733158183605 35.24919161480505
30 52.58357633114842 51.23075549401634
30 46.44719302063265 8.155590590723138
30 54.27329750794665 6.858115258347075
30 37.49453755965271 45.86415794819624
30 54.26987162630662 79.72026373732434
30 53.0652788247011 14.39212966334075
30 53.09570558922606 71.92630993071153
30 54.49239599076566 43.66916782239665
0 2 0 347
13
14
15
16
21
22
25
26
57
58
59
60
61
62
63
64
65
66
67
68
69
70
71
72
73
74
75
76
77
78
79
80
81
82
83
84
85
86
87
88
89
90
91
92
93
94
95
96
97
98
99
100
101
102
103
104
105
106
107
108
109
110
111
112
113
114
115
116
117
118
119
120
121
122
139
140
141
142
143
144
145
146
147
148
149
150
151
152
153
154
155
156
157
158
159
160
161
162
163
164
165
166
167
168
169
170
171
172
173
174
175
176
177
178
179
180
181
182
183
184
185
186
187
288
289
290
291
292
293
294
295
296
297
298
299
300
301
302
303
304
305
306
307
308
309
310
311
312
313
314
315
316
317
318
343
344
345
346
347
348
349
350
351
352
353
354
355
356
357
358
359
360
361
362
363
425
426
427
428
429
430
431
432
433
434
435
436
437
438
439
440
441
442
443
444
445
446
447
448
462
463
464
465
466
467
468
469
470
471
472
473
474
475
476
477
478
479
480
481
482
483
484
500
501
502
503
504
505
506
507
508
509
510
511
512
513
514
515
516
517
518
519
520
521
522
523
524
525
526
527
528
529
530
531
532
533
534
535
536
537
821
822
1383
1384
1385
1386
1387
1388
1389
1390
1391
1392
1393
1394
1395
1396
1397
1398
1399
1400
1401
1402
1403
1404
1405
1406
1407
1408
1409
1410
1411
1412
1413
1414
1415
1416
1417
1418
1419
1504
1505
1506
1507
1508
1509
1510
1511
1512
1513
1514
1515
1516
1517
1518
1519
1520
1521
1522
1523
1524
1525
1526
1527
1528
1529
1530
1531
1532
1533
1534
1535
1536
1537
1538
1539
1540
1541
1542
1543
1544
1545
1546
1547
1548
1549
1550
2716
-115 30 0
-120 30 0
-115 30 86.60254037844386
-120 30 86.60254037844386
-55 60 0
-55 60 86.60254037844386
-60 60 86.60254037844386
-60 60 0
19.29012747062038 0 0
8.971951493340029 0 0
-0.6191792091774637 0 0
-9.496453376392012 0 0
-17.9221993486554 0 0
-26.41405015573875 0 0
-35.82723895886275 0 0
-46.65264698843792 0 0
-57.78528142210367 0 0
-69.1540719664344 0 0
-80.92473319894198 0 0
-93.33228137254635 0 0
-106.6313090914164 0 0
-120.3050472731331 0 0
-133.9787854548498 0 0
-147.6525236365665 0 0
-161.3262618182833 0 0
18.28346667102784 20 0
7.349893357423287 20 0
-2.760491550499715 20 0
-12.47192608955532 20 0
-22.39549384442491 20 0
-32.56385062779427 20 0
-43.07123139875253 20 0
-55.333768341889 20 0
-68.71003320656813 20 0
-82.51193639238855 20 0
-96.34922697407083 20 0
-110.1865175557531 20 0
-123.9986962137923 20 0
-137.028925678911 20 0
-149.8894993726839 20 0
-162.5218983249358 20 0
19.29022257113087 0 86.60254037844386
8.954678676738911 0 86.60254037844386
-0.6277385369556647 0 86.60254037844386
-9.530191372668227 0 86.60254037844386
-17.94641180829045 0 86.60254037844386
-26.43667609579821 0 86.60254037844386
-35.82755230921245 0 86.60254037844386
-46.6733986792896 0 86.60254037844386
-57.79929193490052 0 86.60254037844386
-69.15140611820559 0 86.60254037844386
-80.91192700533165 0 86.60254037844386
-93.30774938655567 0 86.60254037844386
-106.6029384436011 0 86.60254037844386
-120.2823507548809 0 86.60254037844386
-133.9617630661607 0 86.60254037844386
-147.6411753774404 0 86.60254037844386
-161.3205876887202 0 86.60254037844386
18.27974659550338 20 86.60254037844386
7.334831064819245 20 86.60254037844386
-2.770117314332907 20 86.60254037844386
-12.49261902819183 20 86.60254037844386
-22.42628688127663 20 86.60254037844386
-32.61632730903749 20 86.60254037844386
-43.078466911627 20 86.60254037844386
-55.38208117671785 20 86.60254037844386
-68.75019962215713 20 86.60254037844386
-82.56829480232223 20 86.60254037844386
-96.40825608786065 20 86.60254037844386
-110.2482173733991 20 86.60254037844386
-124.0565161593048 20 86.60254037844386
-136.9654219880137 20 86.60254037844386
-149.8482300608591 20 86.60254037844386
-162.5249986010369 20 86.60254037844386
19.88471517885345 30 0
9.645003568933646 30 0
-0.2297115678408055 30 0
-10.25366549188723 30 0
-20.78506541699696 30 0
-31.17248286353772 30 0
-41.09199949962769 30 0
-51.03984496817105 30 0
-62.2411282273722 30 0
-74.20366305293717 30 0
-86.04173429113798 30 0
-94.94224417864136 30 0
-101.2903505974712 30 0
-105.8194578132838 30 0
-109.3303968206073 30 0
-112.3140418634644 30 0
-116.9722210914497 30 0
-118.5287828416712 30 0
-123.5084053704866 30 0
-128.3848260908811 30 0
-135.2034452409817 30 0
-144.5185407790736 30 0
-154.72945178559 30 0
-164.9077858733687 30 0
20.01868982071278 30 86.60254037844386
9.889705724056299 30 86.60254037844386
0.1413741791511285 30 86.60254037844386
-9.710921140848576 30 86.60254037844386
-20.09550712145341 30 86.60254037844386
-30.36514624093167 30 86.60254037844386
-40.24627484487222 30 86.60254037844386
-49.92766050769207 30 86.60254037844386
-60.92496282279731 30 86.60254037844386
-72.54365603879118 30 86.60254037844386
-84.27914360080518 30 86.60254037844386
-93.24320596321438 30 86.60254037844386
-99.66441056036837 30 86.60254037844386
-104.2742340339121 30 86.60254037844386
-110.561034127305 30 86.60254037844386
-112.9142926224922 30 86.60254037844386
-117.0023351075822 30 86.60254037844386
-118.5421100498498 30 86.60254037844386
-122.86830876364 30 86.60254037844386
-126.7079808526229 30 86.60254037844386
-131.8960292953573 30 86.60254037844386
-138.9025251836708 30 86.60254037844386
-147.7241922646834 30 86.60254037844386
-156.8181481569248 30 86.60254037844386
-165.9460060104256 30 86.60254037844386
-112.9005352185735 31.04973239071328 0
-110.7433999724944 32.12830001375282 0
-108.6575146114361 33.17124269428193 0
-106.5011516626443 34.24942416867783 0
-104.3289733070342 35.33551334648291 0
-102.1097086288586 36.44514568557071 0
-99.68906690775904 37.65546654612047 0
-97.46427679664517 38.76786160167742 0
-95.10536804535947 39.94731597732026 0
-92.64713848944641 41.1764307552768 0
-90.08477187470308 42.45761406264846 0
-87.2733883088585 43.86330584557076 0
-84.56986910722048 45.21506544638976 0
-81.31884687262324 46.84057656368839 0
-78.09232212265235 48.45383893867383 0
-74.54948836776853 50.22525581611573 0
-70.65665130688633 52.17167434655683 0
-66.29794174454376 54.35102912772813 0
-61.09297928780146 56.95351035609927 0
20.07097469288593 60 0
8.855953585219929 60 0
-4.387138657407796 60 0
-17.68389690434378 60 0
-30.98065515127976 60 0
-44.2185270681733 60 0
20.07662688466682 60 86.60254037844386
8.887562720771406 60 86.60254037844386
-4.33021762878716 60 86.60254037844386
-17.60609481207539 60 86.60254037844386
-30.88197199536363 60 86.60254037844386
-44.11970079646568 60 86.60254037844386
-113.1619463334184 30.91902683329082 86.60254037844386
-111.1980788261248 31.90096058693761 86.60254037844386
-109.1225518302766 32.93872408486168 86.60254037844386
-107.0464512470922 33.97677437645388 86.60254037844386
-104.9806980962301 35.00965095188494 86.60254037844386
-102.9772464268808 36.0113767865596 86.60254037844386
-100.8181528973903 37.09092355130483 86.60254037844386
-98.63121678915124 38.18439160542438 86.60254037844386
-96.46224382308851 39.26887808845574 86.60254037844386
-94.24710231912532 40.37644884043734 86.60254037844386
-91.99328694262898 41.50335652868551 86.60254037844386
-89.64096432231148 42.67951783884426 86.60254037844386
-87.16345913395433 43.91827043302283 86.60254037844386
-84.9291521385918 45.0354239307041 86.60254037844386
-82.46539433485309 46.26730283257346 86.60254037844386
-79.77956580955583 47.61021709522208 86.60254037844386
-76.78156670006101 49.1092166499695 86.60254037844386
-73.37801188046072 50.81099405976964 86.60254037844386
-69.65873184209114 52.67063407895443 86.60254037844386
-65.63978724390319 54.68010637804841 86.60254037844386
-60.86400366573676 57.06799816713162 86.60254037844386
-118.4257815072897 30.78710924635513 86.60254037844386
-116.7869585684565 31.60652071577174 86.60254037844386
-115.0691147816784 32.46544260916082 86.60254037844386
-113.2641774615243 33.36791126923784 86.60254037844386
-111.4513335000091 34.27433324999544 86.60254037844386
-109.592564756579 35.2037176217105 86.60254037844386
-107.7175607255218 36.14121963723909 86.60254037844386
-105.8110086292765 37.09449568536176 86.60254037844386
-103.8858430106309 38.05707849468457 86.60254037844386
-102.0017241709438 38.99913791452811 86.60254037844386
-99.95121720310101 40.0243913984495 86.60254037844386
-97.89830062145026 41.05084968927487 86.60254037844386
-95.82611598140521 42.0869420092974 86.60254037844386
-93.75080503243005 43.12459748378497 86.60254037844386
-91.62019879465915 44.18990060267043 86.60254037844386
-89.45606025228207 45.27196987385896 86.60254037844386
-87.03741541586217 46.48129229206891 86.60254037844386
-84.75720572892433 47.62139713553783 86.60254037844386
-82.31586677250017 48.84206661374991 86.60254037844386
-79.63650418397722 50.18174790801139 86.60254037844386
-76.65705007809566 51.67147496095217 86.60254037844386
-73.24769943152444 53.37615028423778 86.60254037844386
-69.50927736949056 55.24536131525472 86.60254037844386
-65.22605465151506 57.38697267424247 86.60254037844386
-57.58273106019084 60 0
-118.2647082764792 30.86764586176041 0
-116.4587822531085 31.77060887344576 0
-114.6756019980625 32.66219900096874 0
-112.8604917959352 33.56975410203242 0
-111.0021389075456 34.49893054622721 0
-109.0549474958681 35.47252625206593 0
-106.9901866807333 36.50490665963333 0
-104.9489125209298 37.52554373953509 0
-102.9674277264423 38.51628613677885 0
-100.8766879353922 39.56165603230392 0
-98.69417984558956 40.65291007720522 0
-96.56565147994606 41.71717426002697 0
-94.32559705319932 42.83720147340034 0
-91.98875653524334 44.00562173237832 0
-89.55721449447644 45.22139275276179 0
-86.86306136736121 46.56846931631939 0
-84.27053761631532 47.86473119184234 0
-81.22973893350176 49.38513053324912 0
-78.12842689116729 50.93578655441635 0
-74.51411444906999 52.74294277546501 0
-70.37088385628191 54.81455807185906 0
-65.73580893932771 57.13209553033614 0
-31.18378147841615 5.818355955362135 0
-38.5474581926125 9.817107581774073 0
-29.70578872611733 12.73550524545818 0
-23.83835928986582 8.042062705448112 0
-167.4257082544372 10.02433549757869 0
23.59640985848868 9.976842808832208 0
-6.328620968688043 10.14902750105546 0
-15.40884218584241 9.698515031868361 0
14.00486500928385 10.08764429173838 0
3.282673173846735 10.08769397320233 0
-62.75991753078345 10.2707581424493 0
-75.32519369108327 10 0
-101.6248337484467 10 0
-115.2803925335237 10 0
-50.82766839786092 10.16589193139436 0
-88.27954448448695 10 0
-128.8152283563101 10.0052859415387 0
-142.1374335357528 10.00000000000001 0
-155.7060893834039 10.0052037969159 0
-31.2025185435967 5.817273061095058 86.60254037844386
-38.56895287544367 9.817895751519966 86.60254037844386
-29.73554187141519 12.73538945358923 86.60254037844386
-23.86362374772147 8.041778455331121 86.60254037844386
23.59438172695078 9.976199418135943 86.60254037844386
-167.4229149357043 10.02339275745508 86.60254037844386
-6.346710312220914 10.14627089377121 86.60254037844386
-15.43430722455617 9.698008222220691 86.60254037844386
13.99632119507044 10.08666546086692 86.60254037844386
3.269847152474419 10.08828106208048 86.60254037844386
-62.78483599258122 10.27212525396196 86.60254037844386
-75.34545688700416 10 86.60254037844386
-101.6417903228541 10 86.60254037844386
-115.2975056827965 10 86.60254037844386
-50.84886444253178 10.17260775087372 86.60254037844386
-142.1041476231185 10 86.60254037844386
-155.6919033244688 10.00499932718554 86.60254037844386
-88.29905682051755 10.00000000000001 86.60254037844386
-128.8064517071857 10.00081775742127 86.60254037844386
-116.7143227951615 27.14285714285714 0
-116.8233530446612 27.14285714285714 86.60254037844386
-76.70956333879269 39.55688315186472 0
-78.36657570997249 44.41947961238868 0
-74.09158647673218 44.79523096266678 0
-61.36736041632983 50.10679271122167 0
-67.83585620638486 47.34061999200453 0
-48.04814123882637 39.56087943275686 0
-52.71776023721284 50.92975160700335 0
-40.40505367786891 48.92802775693679 0
-28.54213076867391 46.09141147497432 0
-35.99452393888971 38.34909157198275 0
-93.67453204843163 35.13512365383089 0
-91.80968259761485 37.80708956382593 0
-89.67849765054487 34.94861513456605 0
-16.12959670475919 40.58918071487389 0
-26.53161245459489 36.95609087080145 0
-21.21134264723524 51.72607806780088 0
-12.72043370711959 51.94979814915623 0
4.676159927547353 52.24974423742728 0
14.13178613004811 52.33152173741833 0
7.245087633937242 43.94835526299865 0
20.30752984236577 44.6124779270048 0
14.20771703508347 36.17363592322301 0
-96.876422171828 35.4893578504734 0
-100.4226003577831 33.94713972474857 0
-95.06581274170773 37.43055557646302 0
-58.89225997149003 40.95905099200888 0
4.607651736131476 36.34682025566875 0
-3.139352230980613 38.11552043246638 0
-4.075878956463761 47.80876646615373 0
-83.09187038546759 36.91761626433593 0
-88.51087705760025 39.83185306924517 0
-68.9956944038485 38.77530253287527 0
-103.7214358110681 32.70449450076646 0
-84.9907900965665 41.65229985849225 0
23.18442023242979 36.25491021950035 0
-81.50791925177383 42.43365348285996 0
23.38369793207992 53.6981401134426 0
-80.64551618688006 36.42402542668501 86.60254037844386
-74.98072394484015 39.86487029437095 86.60254037844386
-105.2063126351005 32.84885638470109 86.60254037844386
-106.8084842757379 32.23589257374118 86.60254037844386
-98.88054852474744 35.86716746288896 86.60254037844386
-96.77210362573005 36.57962579668099 86.60254037844386
-97.30308505698883 33.58221756293373 86.60254037844386
-94.83074373918191 34.78427472611302 86.60254037844386
-108.3928766186713 31.4151154491081 86.60254037844386
-80.46725221883085 44.66035232045643 86.60254037844386
-77.49058836698931 44.7619445846619 86.60254037844386
-80.13086684837805 41.60711288814107 86.60254037844386
-87.53780951979377 36.20570827851974 86.60254037844386
-92.1508054438678 36.16936923288108 86.60254037844386
-90.24706111682086 39.37176000397051 86.60254037844386
20.72605471268923 53.78621301767552 86.60254037844386
22.63124334359549 44.07328049297322 86.60254037844386
12.76089532710164 48.69288279221585 86.60254037844386
-54.94654471746661 40.03392866612916 86.60254037844386
-46.61569915176844 38.00928014605648 86.60254037844386
-28.97788599176888 39.83365388558938 86.60254037844386
-24.4424746759934 50.29822261068168 86.60254037844386
-17.20512021827088 42.18282438931006 86.60254037844386
-36.48028600792983 51.27712978617572 86.60254037844386
23.74970988832908 36.07240343099403 86.60254037844386
14.60858762895024 38.55856830723279 86.60254037844386
-87.798038239554 40.60834364242101 86.60254037844386
-84.40089710488955 40.86646165774772 86.60254037844386
-47.75910111272684 48.5776586774833 86.60254037844386
3.580813165621223 37.24341018745572 86.60254037844386
5.991966467588178 44.18644912570542 86.60254037844386
-66.27016123801744 40.67624080332158 86.60254037844386
-67.9202762497795 49.09612311720212 86.60254037844386
-59.77141057416161 50.01886512757316 86.60254037844386
-39.19375624476609 40.42751908989001 86.60254037844386
-35.0629113377375 34.64988155768976 86.60254037844386
-102.921720454347 33.02200115351958 86.60254037844386
-100.4274979286908 34.26223739191941 86.60254037844386
3.71995716885159 51.55278600637631 86.60254037844386
-11.23166068734226 36.57965364079514 86.60254037844386
-4.710420952583824 44.88459833524645 86.60254037844386
-82.80022326783845 43.06502304492442 86.60254037844386
-4.436334003554649 35.8308454794192 86.60254037844386
-72.80355472004275 45.71989825554549 86.60254037844386
-94.68454936948437 37.59020660000904 86.60254037844386
-13.77277169701204 51.50081831543559 86.60254037844386
-92.36146295471137 39.06426578867416 86.60254037844386
-104.3941275280786 36.55293623596069 86.60254037844386
0 3 0 143
538
539
540
541
542
543
544
545
546
547
548
549
550
551
552
553
554
555
556
557
558
559
560
561
562
563
564
565
566
567
568
569
570
571
572
573
574
575
576
577
578
579
580
581
582
583
584
585
586
587
588
589
590
591
592
593
594
595
596
597
598
599
600
601
602
603
604
605
606
607
608
609
610
611
612
613
614
615
616
617
618
619
620
621
622
623
624
625
626
627
628
629
630
631
632
633
634
635
636
637
638
639
640
641
642
643
644
645
646
647
648
649
650
651
652
653
654
655
656
657
658
659
660
661
662
663
664
665
666
667
668
669
670
671
672
673
674
675
676
677
678
679
680
-144.7222624554081 0 75.85888718862388
-160.2350295182778 0 77.57639094089011
-152.5497450711368 0 66.66695828206578
-35.2705450022075 0 63.97146387654855
-27.95978663645219 0 71.23690040921714
-38.94145005215272 0 75.09087104586999
-58.22127818127683 0 22.02692837430048
-52.98550077611974 0 30.88872164458396
-63.74829075253641 0 31.18724831672913
-21.28218999266486 0 63.55084089527974
-27.97280481259364 0 61.70666621939371
-64.27454323695959 0 74.61998395371491
-62.85316062371318 0 63.33628649877683
-56.32145902336717 0 67.56588039796826
-23.87367269125769 0 26.65757815421539
-22.416287983758 0 15.73494926333335
-16.42466186683256 0 22.51904698807739
-58.83918266699182 0 40.12695845004822
11.6229839122316 0 15.14153337899735
18.00025606682395 0 7.479029829858632
19.93128886092507 0 18.25799900364326
6.185440730650551 0 8.126554950448094
-78.07980557835867 0 54.453776513078
-75.08720988944874 0 43.87029263688156
-66.25777494298805 0 52.07442216987859
-68.63357779896667 0 37.29571051689152
-156.4708212606451 0 9.917693651579173
-164.5584151782296 0 19.09249012312623
-166.8350482183866 0 8.353659113846737
5.380621819662039 0 78.41421018268574
12.75412197712775 0 77.43702304485107
20.07269294544258 0 80.49045762391917
-141.9937450822936 0 64.88328874695705
-133.189882739123 0 70.71262045436409
-133.6691451971488 0 56.95199403423553
-123.3316612911825 0 62.87432103195473
-125.1173580494093 0 46.93394202652377
-129.790227985725 0 30.85215212938901
-143.3393167573413 0 26.7293550525293
-132.6180614097309 0 16.75553565215923
-138.4126013716854 0 42.23560164100899
-115.1571458784645 0 56.30909116123978
-102.7697406868372 0 58.87328319003237
-111.3957168623435 0 69.23358699788632
-110.8467032924267 0 45.2283214593488
-156.5676215670498 0 29.45831808544551
-162.0258537403093 0 42.04574865568044
-166.3036354252587 0 30.65595562070339
-89.65630539231543 0 27.57543290555764
-98.70680289353234 0 14.87750330485241
-86.36268777385168 0 12.50962470833343
-91.76410716473859 0 55.1298200362855
-92.49264271615921 0 65.67830835582549
-100.664222575391 0 46.10143975172971
-78.12217780578293 0 32.49610895136693
-80.39493965714749 0 20.87079413781765
-84.46522379316657 0 42.32100151048162
-75.16106412862653 0 11.73401790177285
-82.43765537259064 0 65.31373824880902
-76.72448765788435 0 76.02033305213195
-86.73360130682845 0 75.352593297876
-98.88373156705418 0 73.72380876641799
-148.6052982781874 0 52.21799327535098
-163.0987221874788 0 56.45789077353521
-69.74683073605213 0 24.01923257644469
-71.77123790043875 0 64.30309007214375
-63.9464871837893 0 12.52381918404361
2.91259821973593 0 17.2218189241897
-7.795176116719411 0 17.93692337568514
-3.21347965546174 0 8.890760227358554
-46.70269119360151 0 40.88919851457222
-36.68047793650443 0 37.41250743860079
-42.40146282321514 0 29.69558123879279
-55.6407880148123 0 58.11805590017865
-38.96818916995319 0 47.52539443946133
-122.4859463417521 0 21.47223381166146
-117.5129271682485 0 32.27697667631314
-150.2028802597302 0 39.84957675248173
-153.6331783725516 0 19.97678339482705
-121.4607190206058 0 77.1046915174789
-33.48082890543634 0 27.79648110211472
-30.14434272125855 0 19.98081804591799
19.43287709502965 0 38.76123550047478
11.73673682660894 0 34.39696656341675
19.78540458983457 0 28.14944474049463
9.303513116338596 0 24.85411375063395
-111.7484003130685 0 18.1496922479649
-121.2945915788643 0 9.396243641700593
-46.91814209098372 0 52.82015840091329
-45.86602489441421 0 65.30958467944569
-52.75063715410882 0 11.36423663874795
-48.35282896903045 0 21.36005072413821
-18.4090169607256 0 71.17903652136211
-103.8588248045975 0 30.87519605326182
-39.62389837962128 0 56.65226798637857
-21.3759755110819 0 77.92892753949286
19.93787139232872 0 58.56503598917289
12.18002274453945 0 53.17315752353683
19.94417998640565 0 48.61573951223671
-38.44429491078434 0 19.54448461718513
9.514679818249657 0 62.58007526509997
-31.54071533525357 0 10.58362278970128
-15.73305382315839 0 57.03424777971124
-22.89344833712269 0 55.44747352244551
-16.22685055337432 0 47.64438728034872
-24.88648545332116 0 48.91620588309918
-31.71032887311698 0 44.87190494176321
-27.47656391910088 0 36.10088467956135
-0.7977071716136486 0 61.87738143493383
-4.28183639478469 0 70.19331809979866
-8.961888132659944 0 63.31149828833819
-10.96906518202186 0 71.48003307451381
-10.46810818086804 0 10.05926411382838
-94.08173692835513 0 40.40057801972006
-165.4114360352392 0 66.47052108440054
-144.819500339853 0 12.08322927767502
2.540852606145631 0 70.3740735276924
-4.496124608940917 0 77.43224137597656
9.925482157412699 0 71.74721481712069
-16.46195317388786 0 8.028256038229976
-31.25930523801094 0 53.8324929189862
-13.98551520196361 0 78.3589739902576
-51.64602797018063 0 75.96523347231444
8.114308686536077 0 43.79599719179223
19.43713428638252 0 69.93069222208594
-8.909094536147244 0 32.13281887198114
1.171740983218601 0 34.98393424209841
-8.894687791052313 0 40.56838850651136
-7.264636838444382 0 54.58328842152286
2.806693586543307 0 52.98424355789049
-2.231424608189847 0 45.58333273930941
-2.151524947420036 0 25.44885268503329
-17.90304969515679 0 36.54223091333929
-23.09519163613324 0 6.934941953195697
-23.45865602108406 0 42.80579278742344
-42.3839643104785 0 10.32732835318999
-9.321966275940355 0 46.58414451604116
-30.10828812093949 0 79.49235595029354
-14.72502938593668 0 64.70072091954879
-16.0843145827176 0 29.69000002606203
-15.37347846168249 0 15.44038087399572
-54.70726089349978 0 48.42644888544324
-9.592731183755291 0 25.56350685884245
2 1 0 0
2 2 0 0
2 3 0 0
2 4 0 0
2 5 0 0
2 6 0 2306
17
18
23
24
188
189
190
191
192
193
194
195
196
197
198
199
200
201
202
203
204
205
206
207
208
209
210
211
212
213
214
215
216
217
218
219
220
221
222
223
224
225
226
227
228
229
230
231
232
233
234
235
236
237
238
239
240
241
242
243
244
245
246
247
248
249
250
251
252
253
254
255
256
257
258
259
260
261
262
263
264
265
266
267
268
269
270
271
272
273
274
275
319
320
321
322
323
324
325
326
327
328
329
330
331
332
333
334
335
336
337
338
339
340
341
342
364
365
366
367
368
369
370
371
372
373
374
375
376
377
378
379
380
381
382
383
384
385
386
387
388
389
390
391
392
393
394
395
396
397
398
399
400
401
402
403
404
405
406
407
408
409
410
411
412
413
414
415
416
417
418
419
420
421
422
423
424
449
450
451
452
453
454
455
456
457
458
459
460
461
681
682
683
684
685
686
687
688
689
690
691
692
693
694
695
696
697
698
699
700
701
702
703
704
705
706
707
708
709
710
711
712
713
714
715
716
717
718
719
720
721
722
723
724
725
726
727
728
729
730
731
732
733
734
735
736
737
738
739
740
741
742
743
744
745
746
747
748
749
750
751
752
753
754
755
756
757
758
759
760
761
762
763
764
765
766
767
768
769
770
771
772
773
774
775
776
777
778
779
780
781
782
783
784
785
786
787
788
789
790
791
792
793
794
795
796
797
798
799
800
801
802
803
804
805
806
807
808
809
810
811
812
813
814
815
816
817
818
819
820
823
824
825
826
827
828
829
830
831
832
833
834
835
836
837
838
839
840
841
842
843
844
845
846
847
848
849
850
851
852
853
854
855
856
857
858
859
860
861
862
863
864
865
866
867
868
869
870
871
872
873
874
875
876
877
878
879
880
881
882
883
884
885
886
887
888
889
890
891
892
893
894
895
896
897
898
899
900
901
902
903
904
905
906
907
908
909
910
911
912
913
914
915
916
917
918
919
920
921
922
923
924
925
926
927
928
929
930
931
932
933
934
935
936
937
938
939
940
941
942
943
944
945
946
947
948
949
950
951
952
953
954
955
956
957
958
959
960
961
962
963
964
965
966
967
968
969
970
971
972
973
974
975
976
977
978
979
980
981
982
983
984
985
986
987
988
989
990
991
992
993
994
995
996
997
998
999
1000
1001
1002
1003
1004
1005
1006
1007
1008
1009
1010
1011
1012
1013
1014
1015
1016
1017
1018
1019
1020
1021
1022
1023
1024
1025
1026
1027
1028
1029
1030
1031
1032
1033
1034
1035
1036
1037
1038
1039
1040
1041
1042
1043
1044
1045
1046
1047
1048
1049
1050
1051
1052
1053
1054
1055
1056
1057
1058
1059
1060
1061
1062
1063
1064
1065
1066
1067
1068
1069
1070
1071
1072
1073
1074
1075
1076
1077
1078
1079
1080
1081
1082
1083
1084
1085
1086
1087
1088
1089
1090
1091
1092
1093
1094
1095
1096
1097
1098
1099
1100
1101
1102
1103
1104
1105
1106
1107
1108
1109
1110
1111
1112
1113
1114
1115
1116
1117
1118
1119
1120
1121
1122
1123
1124
1125
1126
1127
1128
1129
1130
1131
1132
1133
1134
1135
1136
1137
1138
1139
1140
1141
1142
1143
1144
1145
1146
1147
1148
1149
1150
1151
1152
1153
1154
1155
1156
1157
1158
1159
1160
1161
1162
1163
1164
1165
1166
1167
1168
1169
1170
1171
1172
1173
1174
1175
1176
1177
1178
1179
1180
1181
1182
1183
1184
1185
1186
1187
1188
1189
1190
1191
1192
1193
1194
1195
1196
1197
1198
1199
1200
1201
1202
1203
1204
1205
1206
1207
1208
1209
1210
1211
1212
1213
1214
1215
1216
1217
1218
1219
1220
1221
1222
1223
1224
1225
1226
1227
1228
1229
1230
1231
1232
1233
1234
1235
1236
1237
1238
1239
1240
1241
1242
1243
1244
1245
1246
1247
1248
1249
1250
1251
1252
1253
1254
1255
1256
1257
1258
1259
1260
1261
1262
1263
1264
1265
1266
1267
1268
1269
1270
1271
1272
1273
1274
1275
1276
1277
1278
1279
1280
1281
1282
1283
1284
1285
1286
1287
1288
1289
1290
1291
1292
1293
1294
1295
1296
1297
1298
1299
1300
1301
1302
1303
1304
1305
1306
1307
1308
1309
1310
1311
1312
1313
1314
1315
1316
1317
1318
1319
1320
1321
1322
1323
1324
1325
1326
1327
1328
1329
1330
1331
1332
1333
1334
1335
1336
1337
1338
1339
1340
1341
1342
1343
1344
1345
1346
1347
1348
1349
1350
1351
1352
1353
1354
1355
1356
1551
1552
1553
1554
1555
1556
1557
1558
1559
1560
1561
1562
1563
1564
1565
1566
1567
1568
1569
1570
1571
1572
1573
1574
1575
1576
1577
1578
1579
1580
1581
1582
1583
1584
1585
1586
1587
1588
1589
1590
1591
1592
1593
1594
1595
1596
1597
1598
1599
1600
1601
1602
1603
1604
1605
1606
1607
1608
1609
1610
1611
1612
1613
1614
1615
1616
1617
1618
1619
1620
1621
1622
1623
1624
1625
1626
1627
1628
1629
1630
1631
1632
1633
1634
1635
1636
1637
1638
1639
1640
1641
1642
1643
1644
1645
1646
1647
1648
1649
1650
1651
1652
1653
1654
1655
1656
1657
1658
1659
1660
1661
1662
1663
1664
1665
1666
1667
1668
1669
1670
1671
1672
1673
1674
1675
1676
1677
1678
1679
1680
1681
1682
1683
1684
1685
1686
1687
1688
1689
1690
1691
1692
1693
1694
1695
1696
1697
1698
1699
1700
1701
1702
1703
1704
1705
1706
1707
1708
1709
1710
1711
1712
1713
1714
1715
1716
1717
1718
1719
1720
1721
1722
1723
1724
1725
1726
1727
1728
1729
1730
1731
1732
1733
1734
1735
1736
1737
1738
1739
1740
1741
1742
1743
1744
1745
1746
1747
1748
1749
1750
1751
1752
1753
1754
1755
1756
1757
1758
1759
1760
1761
1762
1763
1764
1765
1766
1767
1768
1769
1770
1771
1772
1773
1774
1775
1776
1777
1778
1779
1780
1781
1782
1783
1784
1785
1786
1787
1788
1789
1790
1791
1792
1793
1794
1795
1796
1797
1798
1799
1800
1801
1802
1803
1804
1805
1806
1807
1808
1809
1810
1811
1812
1813
1814
1815
1816
1817
1818
1819
1820
1821
1822
1823
1824
1825
1826
1827
1828
1829
1830
1831
1832
1833
1834
1835
1836
1837
1838
1839
1840
1841
1842
1843
1844
1845
1846
1847
1848
1849
1850
1851
1852
1853
1854
1855
1856
1857
1858
1859
1860
1861
1862
1863
1864
1865
1866
1867
1868
1869
1870
1871
1872
1873
1874
1875
1876
1877
1878
1879
1880
1881
1882
1883
1884
1885
1886
1887
1888
1889
1890
1891
1892
1893
1894
1895
1896
1897
1898
1899
1900
1901
1902
1903
1904
1905
1906
1907
1908
1909
1910
1911
1912
1913
1914
1915
1916
1917
1918
1919
1920
1921
1922
1923
1924
1925
1926
1927
1928
1929
1930
1931
1932
1933
1934
1935
1936
1937
1938
1939
1940
1941
1942
1943
1944
1945
1946
1947
1948
1949
1950
1951
1952
1953
1954
1955
1956
1957
1958
1959
1960
1961
1962
1963
1964
1965
1966
1967
1968
1969
1970
1971
1972
1973
1974
1975
1976
1977
1978
1979
1980
1981
1982
1983
1984
1985
1986
1987
1988
1989
1990
1991
1992
1993
1994
1995
1996
1997
1998
1999
2000
2001
2002
2003
2004
2005
2006
2007
2008
2009
2010
2011
2012
2013
2014
2015
2016
2017
2018
2019
2020
2021
2022
2023
2024
2025
2026
2027
2028
2029
2030
2031
2032
2033
2034
2035
2036
2037
2038
2039
2040
2041
2042
2043
2044
2045
2046
2047
2048
2049
2050
2051
2052
2053
2054
2055
2056
2057
2058
2059
2060
2061
2062
2063
2064
2065
2066
2067
2068
2069
2070
2071
2072
2073
2074
2075
2076
2077
2078
2079
2080
2081
2082
2083
2084
2085
2086
2087
2088
2089
2090
2091
2092
2093
2094
2095
2096
2097
2098
2099
2100
2101
2102
2103
2104
2105
2106
2107
2108
2109
2110
2111
2112
2113
2114
2115
2116
2117
2118
2119
2120
2121
2122
2123
2124
2125
2126
2127
2128
2129
2130
2131
2132
2133
2134
2135
2136
2137
2138
2139
2140
2141
2142
2143
2144
2145
2146
2147
2148
2149
2150
2151
2152
2153
2154
2155
2156
2157
2158
2159
2160
2161
2162
2163
2164
2165
2166
2167
2168
2169
2170
2171
2172
2173
2174
2175
2176
2177
2178
2179
2180
2181
2182
2183
2184
2185
2186
2187
2188
2189
2190
2191
2192
2193
2194
2195
2196
2197
2198
2199
2200
2201
2202
2203
2204
2205
2206
2207
2208
2209
2210
2211
2212
2213
2214
2215
2216
2217
2218
2219
2220
2221
2222
2223
2224
2225
2226
2227
2228
2229
2230
2231
2232
2233
2234
2235
2236
2237
2238
2239
2240
2241
2242
2243
2244
2245
2246
2247
2248
2249
2250
2251
2252
2253
2254
2255
2256
2257
2258
2259
2260
2261
2262
2263
2264
2265
2266
2267
2268
2269
2270
2271
2272
2273
2274
2275
2276
2277
2278
2279
2280
2281
2282
2283
2284
2285
2286
2287
2288
2289
2290
2291
2292
2293
2294
2295
2296
2297
2298
2299
2300
2301
2302
2303
2304
2305
2306
2307
2308
2309
2310
2311
2312
2313
2314
2315
2316
2317
2318
2319
2320
2321
2322
2323
2324
2325
2326
2327
2328
2329
2330
2331
2332
2333
2334
2335
2336
2337
2338
2339
2340
2341
2342
2343
2344
2345
2346
2347
2348
2349
2350
2351
2352
2353
2354
2355
2356
2357
2358
2359
2360
2361
2362
2363
2364
2376
2377
2378
2379
2380
2381
2382
2383
2384
2385
2386
2387
2388
2389
2390
2391
2392
2393
2394
2395
2396
2397
2398
2399
2400
2401
2402
2403
2404
2405
2406
2407
2408
2409
2410
2411
2412
2413
2414
2415
2416
2417
2418
2419
2420
2421
2422
2423
2424
2425
2426
2427
2428
2429
2430
2431
2432
2433
2434
2435
2436
2437
2438
2439
2440
2441
2442
2443
2444
2445
2446
2447
2448
2449
2450
2451
2452
2453
2454
2455
2456
2457
2458
2459
2460
2461
2462
2463
2464
2465
2466
2467
2468
2469
2470
2471
2472
2473
2474
2475
2476
2477
2478
2479
2480
2481
2482
2483
2484
2485
2486
2487
2488
2489
2490
2491
2492
2493
2494
2495
2496
2497
2498
2499
2500
2501
2502
2503
2504
2505
2506
2507
2508
2509
2510
2511
2512
2513
2514
2515
2516
2517
2518
2519
2520
2521
2522
2523
2524
2525
2526
2527
2528
2529
2530
2531
2532
2533
2534
2535
2536
2537
2538
2539
2540
2541
2542
2543
2544
2545
2546
2547
2548
2549
2550
2551
2552
2553
2554
2555
2556
2557
2558
2559
2560
2561
2562
2563
2564
2565
2566
2567
2568
2569
2570
2571
2572
2573
2574
2575
2576
2577
2578
2579
2580
2581
2582
2583
2584
2585
2586
2587
2588
2589
2590
2591
2592
2593
2594
2595
2596
2597
2598
2599
2600
2601
2602
2603
2604
2605
2606
2607
2608
2609
2610
2611
2612
2613
2614
2615
2616
2617
2618
2619
2620
2621
2622
2623
2624
2625
2626
2627
2628
2629
2630
2631
2632
2633
2634
2635
2636
2637
2638
2639
2640
2641
2642
2643
2644
2645
2646
2647
2648
2649
2650
2651
2652
2653
2654
2655
2656
2657
2658
2659
2660
2661
2662
2663
2664
2665
2666
2667
2668
2669
2670
2671
2672
2673
2674
2675
2676
2677
2678
2679
2680
2681
2682
2683
2684
2685
2686
2687
2688
2689
2690
2691
2692
2693
2694
2695
2696
2697
2698
2699
2700
2701
2702
2703
2704
2705
2706
2707
2708
2709
2710
2711
2712
2713
2714
2715
2727
2728
2729
2730
2731
2732
2733
2734
2735
2736
2737
2738
2739
2740
2741
2742
2743
2744
2745
2746
2747
2748
2749
2750
2751
2752
2753
2754
2755
2756
2757
2758
2759
2760
2761
2762
2763
2764
2765
2766
2767
2768
2769
2770
2771
2772
2773
2774
2775
2776
2777
2778
2779
2780
2781
2782
2783
2784
2785
2786
2787
2788
2789
2790
2791
2792
2793
2794
2795
2796
2797
2798
2799
2800
2801
2802
2803
2804
2805
2806
2807
2808
2809
2810
2811
2812
2813
2814
2815
2816
2817
2818
2819
2820
2821
2822
2823
2824
2825
2826
2827
2828
2829
2830
2831
2832
2833
2834
2835
2836
2837
2838
2839
2840
2841
2842
2843
2844
2845
2846
2847
2848
2849
2850
2851
2852
2853
2854
2855
2856
2857
2858
2859
2860
2861
2862
2863
2864
2865
2866
2867
2868
2869
2870
2871
2872
2873
2874
2875
2876
2877
2878
2879
2880
2881
2882
2883
2884
2885
2886
2887
2888
2889
2890
2891
2892
2893
2894
2895
2896
2897
2898
2899
2900
2901
2902
2903
2904
2905
2906
2907
2908
2909
2910
2911
2912
2913
2914
2915
2916
2917
2918
2919
2920
2921
2922
2923
2924
2925
2926
2927
2928
2929
2930
2931
2932
2933
2934
2935
2936
2937
2938
2939
2940
2941
2942
2943
2944
2945
2946
2947
2948
2949
2950
2951
2952
2953
2954
2955
2956
2957
2958
2959
2960
2961
2962
2963
2964
2965
2966
2967
2968
2969
2970
2971
2972
2973
2974
2975
2976
2977
2978
2979
2980
2981
2982
2983
2984
2985
2986
2987
2988
2989
2990
2991
2992
2993
2994
2995
2996
2997
2998
2999
3000
3001
3002
3003
3004
3005
3006
3007
3008
3009
3010
3011
3012
3013
3014
-140 30 43.30127018922193
-145 30 43.30127018922193
-80 60 43.30127018922193
-85 60 43.30127018922193
-116.0337638406299 30 84.81200888344542
-117.1248562885779 30 82.92218132784477
-118.1208597788475 30 81.19705267818189
-119.066767377154 30 79.55869265864945
-120.0489956394846 30 77.85742340366281
-120.957649264147 30 76.28358915926599
-121.8769964387521 30 74.69123314305509
-122.8121570207408 30 73.07148750181497
-123.7217824364869 30 71.49597006588672
-124.6260089048438 30 69.92980388114393
-125.5138438239671 30 68.39202869248858
-126.4704783100331 30 66.73508915834965
-127.369768820437 30 65.17747230356568
-128.2890188179576 30 63.58528460300234
-129.2522205119359 30 61.91697033109548
-130.1747826801212 30 60.31904578265772
-131.1222374071961 30 58.67800605749276
-132.0921041292924 30 56.99814761825171
-133.0934131639107 30 55.26382949621506
-134.1075051560852 30 53.50737064222002
-135.1515057262845 30 51.69910861150401
-136.2611063622282 30 49.7772239339388
-137.4189473978005 30 47.77178443323943
-138.6830432131333 30 45.58230625544765
-116.1197050396658 30 1.939386018192052
-117.2434131131461 30 3.885705494335231
-118.2851648609805 30 5.690072450458177
-119.2666780883332 30 7.390103228533843
-120.2912120218521 30 9.164648055467161
-121.2534591266938 30 10.83130893048891
-122.2044625732669 30 12.4784952181267
-123.2013993196752 30 14.20524031483832
-124.132096326476 30 15.81725481706958
-125.0764612592274 30 17.45294286148132
-126.0604200101977 30 19.15720941071384
-128.0231752436539 30 22.55680119788167
-129.0676928178885 30 24.36595870585476
-130.1239133446781 30 26.19538632225144
-131.2058617639346 30 28.06937595557255
-132.3522122422251 30 30.05491322725248
-133.4879748499659 30 32.02211176919648
-134.6680882697624 30 34.06612817097785
-135.9188102480991 30 36.2324421836001
-137.2005024471606 30 38.45239819203936
-138.6179461517561 30 40.90748270526738
-142.4614518349092 30 43.30127018922193
-143.5687459886197 30 40.82226552297457
-142.0808095213775 30 38.24508396327644
-140.7512798370955 30 35.94227099992904
-139.4560171249274 30 33.69881017330446
-138.2553299409449 30 31.61915896664996
-137.0527514155758 30 29.5362318606194
-135.935258764637 30 27.60067781210844
-134.8540392909878 30 25.72795074961528
-133.7461082793384 30 23.80895794615733
-132.750021522623 30 22.08368507477979
-131.7558407324649 30 20.36171343431688
-130.7262818780723 30 18.57846518912648
-129.7929846143884 30 16.96194690986101
-128.8497085181584 30 15.32814478562543
-127.8570779089966 30 13.60885813740915
-126.8837907635915 30 11.92307535121383
-125.9330021535508 30 10.27626117136556
-123.9243142595961 30 6.797111682487397
-122.9504252574441 30 5.110286449827713
-121.6382077019527 30 2.837458973132719
-143.5870923731751 30 45.7484979852843
-142.2879610066138 30 47.99865951787473
-141.0931787389886 30 50.06808310938405
-139.8822438716319 30 52.1654838243024
-138.8398275143417 30 53.97100191777004
-137.8095418896291 30 55.75550896607997
-136.7079904451423 30 57.66345203508202
-135.7647610007885 30 59.29717335589778
-134.833069802648 30 60.91090984804183
-133.8393391787444 30 62.63210177767996
-132.0082185921494 30 65.80369566844783
-131.1094532991594 30 67.36040281998612
-130.1521904278609 30 69.01843074927439
-129.2737898568455 30 70.53986516767054
-128.4182978187761 30 72.02162084307743
-127.4463395000508 30 73.70510203394879
-126.5691680466743 30 75.22440755814593
-125.6708320583509 30 76.78037113218971
-124.7619947898856 30 78.3545234569838
-123.774482391621 30 80.06494510388224
-122.8293531436441 30 81.70195698109757
-121.5358141212893 30 83.94243228938902
-58.57001953467929 60 80.41908516036594
-61.24072010316996 60 75.79329608393699
-63.37576785118038 60 72.09528490779743
-65.2974240793846 60 68.76687868586656
-67.17230835140029 60 65.51948386842361
-68.95145407013493 60 62.43791308950656
-70.6680941665759 60 59.46460522416087
-72.28923898428555 60 56.65670003346077
-73.92225367339222 60 53.8282356224217
-75.54058721056164 60 51.02519971245162
-77.10043052161905 60 48.32347184585373
-78.56573888280155 60 45.78548331553014
-58.65111062362264 60 6.323909104168899
-61.44208636208771 60 11.15802088588247
-63.71683071430812 60 15.09799367815856
-65.64093445367487 60 18.43063911377505
-67.42846396363736 60 21.52673104505877
-69.17866536713755 60 24.55816879939948
-70.81331588492768 60 27.38946654883073
-72.4626747303392 60 30.24623986899663
-74.11397067830191 60 33.10636834920065
-75.70605626421542 59.99999999999999 35.86394147400093
-77.16559856146164 60 38.39194288862718
-78.66359718943936 60 40.98655262195306
-137.5046539183125 31.24767304084374 43.30127018922193
-134.8822592665393 32.55887036673036 43.30127018922193
-132.1093612089452 33.94531939552737 43.30127018922193
-129.3018296455649 35.34908517721757 43.30127018922193
-126.4757805798511 36.76210971007443 43.30127018922193
-123.7457998296148 38.12710008519259 43.30127018922193
-121.096856013179 39.45157199341052 43.30127018922193
-118.6073249882834 40.69633750585827 43.30127018922193
-116.1900808851289 41.90495955743556 43.30127018922193
-113.8436439341573 43.07817803292134 43.30127018922193
-111.5445880655232 44.2277059672384 43.30127018922193
-109.3527995202807 45.32360023985967 43.30127018922193
-107.16263784312 46.41868107843999 43.30127018922193
-104.9723982365971 47.51380088170143 43.30127018922193
-102.8085538711374 48.59572306443129 43.30127018922193
-100.5694370784676 49.71528146076619 43.30127018922193
-98.3496156769977 50.82519216150116 43.30127018922193
-96.0589244676103 51.97053776619485 43.30127018922193
-93.75407402132006 53.12296298933997 43.30127018922193
-91.45028147799604 54.27485926100198 43.30127018922193
-89.14195221942518 55.42902389028741 43.30127018922193
-86.86227333822922 56.56886333088539 43.30127018922193
-84.68127646524832 57.65936176737584 43.30127018922193
-82.35978815040954 58.82010592479523 43.30127018922193
-142.449947531609 31.27502623419551 43.30127018922193
-139.8014326381077 32.59928368094613 43.30127018922193
-137.0504033262538 33.97479833687313 43.30127018922193
-134.0420498964669 35.47897505176657 43.30127018922193
-131.0615728383198 36.96921358084009 43.30127018922193
-128.0672221953388 38.4663889023306 43.30127018922193
-125.2123343673862 39.89383281630689 43.30127018922193
-122.4587727600593 41.27061361997036 43.30127018922193
-119.784704512765 42.60764774361751 43.30127018922193
-117.1974295731039 43.90128521344805 43.30127018922193
-114.6388444092676 45.18057779536619 43.30127018922193
-112.1783505627623 46.41082471861885 43.30127018922193
-109.7832582923094 47.60837085384531 43.30127018922193
-107.4069292457845 48.79653537710774 43.30127018922193
-104.9729680238545 50.01351598807273 43.30127018922193
-102.5652676006235 51.21736619968826 43.30127018922193
-100.1454211522745 52.42728942386277 43.30127018922193
-97.65869227227108 53.67065386386446 43.30127018922193
-95.16038437334612 54.91980781332694 43.30127018922193
-92.58136915843903 56.20931542078048 43.30127018922193
-90.02047659259624 57.48976170370188 43.30127018922193
-87.48986522795964 58.75506738602018 43.30127018922193
-82.51748064123527 60 43.30127018922193
-83.65874873434711 60 45.62438552704878
-82.24421632486946 60 48.07442752921691
-80.84284670799158 60 50.50167090583271
-79.43750846278925 60 52.93578814834284
-78.01716056550725 60 55.39590287085889
-76.58866207243507 60 57.87013483939548
-75.1569424455584 60 60.34994597533945
-73.63109278135045 60 62.99279511845953
-72.15836239955647 60 65.543638965577
-70.473998825156 60 68.46104225485693
-68.72679008184978 60 71.48729656969188
-66.83794197767772 60 74.75887745389805
-64.81917753703021 60 78.25548003361288
-62.66381019016811 60 81.98868578735298
-83.65440312464446 60 40.97062803460021
-82.21274216427061 60 38.47359800394417
-80.77066210713841 60 35.97584207640936
-79.28291791599212 60 33.39899354867851
-77.73500016782509 60 30.71792136291562
-76.12696809670761 60 27.93272811553994
-74.4778096943258 60 25.07630197288552
-72.78073052798814 60 22.13687463232206
-71.08384316302724 60 19.19777950148812
-69.2794229404185 60 16.07243199772503
-67.29312896254228 60 12.63206990927532
-65.23261667539771 60 9.063157938320973
-62.91918992380953 60 5.056185264981207
23.49629303421567 20 5.359587969763531
22.94218386990966 20 15.19876167532449
14.33026269094307 20 8.908330391596991
14.31676082686714 20 77.71329095013792
22.9579854956516 20 71.39473078721339
23.48823369474536 20 81.24438941290431
-100.4623227980191 20 59.2118013289597
-87.4606408265857 20 55.39765536953612
-94.86333371160178 20 69.33832522958973
-96.3809144272458 20 44.09768181696131
-91.64439229739166 20 27.13626236473367
-104.6196450230387 20 33.32724415054478
-99.81094930736805 20 19.58908402498122
-78.13556688939858 20 26.38794640460934
-84.25867786585476 20 15.40422911405413
16.21107920514834 20 58.20688550180719
22.8809024775127 20 63.09532700593452
-85.64282101182189 20 39.35407016268353
-84.88076931501139 20 72.34023990708242
-110.5086768823481 20 63.13869170682362
-105.104679530532 20 73.13938916392652
22.90491194059847 20 23.53326900905912
16.33511270630887 20 28.477769042656
-108.4556936150974 20 50.15906495101786
-116.6548360401792 20 28.11784609150708
-117.4577284613623 20 42.81439548499757
-92.66220594143992 20 11.7935906112835
-108.7303928170819 20 17.0563386011544
-119.7123093719321 20 12.6718759928837
-128.2981464265823 20 22.02303886927895
-128.0008956899685 20 34.62252751123581
-65.43366809148512 20 66.63950553966644
-74.99124748122797 20 61.34953351484695
-65.07467144009911 20 54.82331037133014
-74.10489154274612 20 44.14564518529498
7.682621108945519 20 14.63083098644704
0.4146770330366678 20 18.48317021485514
-0.9094880763251894 20 10.83862236610801
6.571169205588529 20 23.45014608597016
-144.3919866695447 20 66.88392565420203
-137.2550977367914 20 71.04366395897925
-142.5337154723967 20 77.15034485393461
-12.79611878084906 20 35.82421235922573
-11.73674375339708 20 27.3386547913624
-4.56152018993739 20 34.20708645135124
-66.87864655680384 20 30.24750871695121
-68.08029793517106 20 16.72457628198137
-162.7943817518634 20 43.75408030028444
-152.730777222692 20 49.8682369826792
-162.1966981055062 20 54.52481281412108
-153.7582441082535 20 61.33637727676197
-72.99284518576604 20 74.75084483573096
-59.73220837635752 20 21.17129644515772
-58.68607335614081 20 10.83736804105392
5.585924247631851 20 53.17482835888816
17.37912853002067 20 48.43786470587727
6.185072341884652 20 63.63947055042257
17.37252768972481 20 38.27854870917993
5.914804333669455 20 33.24918185203845
-1.971916034121211 20 25.70192446055356
-55.1303402403727 20 52.64241205958659
-55.36592515839313 20 65.33050035196146
-76.33928780865521 20 11.70334618964411
-14.2255055750275 20 43.37681730882902
-18.92286125889279 20 37.8989156275447
-151.365433435525 20 38.06700159907503
-161.3540844148739 20 29.83405964905012
-147.2104124638242 20 27.46059769192414
-153.6018531921384 20 17.60598274499826
-20.64567877196873 20 45.20258793321725
-131.9560381218215 20 48.35430541962376
-139.1222388726564 20 37.11591026522833
-50.05747973042719 20 44.53356821214348
-60.55067793753342 20 41.45950039507583
-53.38545245003669 20 31.38576902361333
-142.9171213285206 20 55.81680931078199
-134.3819664808015 20 61.50984033451414
-41.80576950542215 20 26.11436290795314
-50.8044363789798 20 18.87411497837153
-44.09709074310823 20 37.32432482375974
-47.52821802820587 20 76.20384267383865
-41.73557956072925 20 67.19946442474215
-46.54597954750172 20 56.61631268968182
-36.43797655539466 20 57.67536265703282
-40.63533746401048 20 47.77309028114355
-36.97968135956084 20 75.91626878754113
-31.30393772004934 20 67.29621759211365
-40.05475641125965 20 16.37015213252774
-31.52077203731471 20 24.31284709328729
-35.87906480393475 20 36.7541361953768
-30.8240690720718 20 48.21773655125608
-21.14570816595434 20 53.06629579284795
-26.31159388936015 20 59.07300586484845
-49.45571703032869 20 8.254226605907155
-39.36349028376276 20 7.402559012612289
-25.25470813721538 20 76.95903963143915
-60.90882287712087 20 76.02162902634754
-128.4666603422462 20 68.59575806622003
-121.3048946858846 20 58.36457959727776
-23.81291008739689 20 17.05965714876376
-20.55565316493749 20 28.30850502159048
-131.2357816835049 20 77.32288082455278
-26.39135000168117 20 36.78245551486104
7.662977910032122 20 43.31554035422835
0.4388321119923049 20 46.66941282832234
-0.004719783518545739 20 39.31325573653954
-6.774427121407925 20 43.81528950838775
-16.08318940527374 20 59.90869096851016
-11.98927907211583 20 67.16896728160818
-22.07468241741703 20 68.27373162732999
-14.38439425633771 20 74.14410082363581
-16.59660143044619 20 19.77046278010344
-8.433880577615177 20 17.48330358908374
-118.1372782818421 20 73.9424371498275
-7.953511014428166 20 79.88201641936338
-16.47271644789715 20 80.95806224988272
-101.3981104578881 20 8.63198439718974
2.772221587060915 20 79.22737506500634
-2.561468448952738 20 71.6227877321914
-25.41159909146709 20 7.834094742028438
-32.12122975649923 20 12.16321835486992
-137.3947951650786 20 26.29844792149023
-16.67160476445697 20 9.968814639144398
-165.1822353190487 20 18.93142559583657
-161.3800523270002 20 8.195475790710503
-163.322661726735 20 65.46719704634459
-167.7255725039064 20 74.88101220625704
-155.5057746956664 20 74.44651792898584
-148.4648800164139 20 8.328728605749962
-140.4240695113358 20 15.84218449304105
5.138559506097394 20 6.87555674883041
7.677575499490384 20 71.9429832334466
15.24726312677383 20 19.88375402409845
15.23544768676358 20 66.73676223466968
-143.3527846064831 20 45.71034059505065
-130.9694735726212 20 9.178495791622623
-7.498413890430932 20 7.558872610166207
-5.000392197387875 20 59.91783336829443
-3.775228164442261 20 52.03679117787522
-12.36457688044704 20 51.87329750856533
-114.5434982962767 30 35.20219378661128
-111.6838379569869 30 36.98485614498702
-114.7177693052657 30 38.3971468745947
-110.9862768585692 30 33.66753419221392
-112.3773112913257 30 76.33118572360037
-111.8613232979168 30 73.86032191846478
-109.9046829161649 30 75.81005543131042
-115.3322940065241 30 9.193488222005204
-113.239903904612 30 10.40238610765818
-115.0101931574171 30 11.61954060959966
-112.8194612181384 30 7.936838568007589
-134.6695687925057 30 49.86952402298793
-135.1870985255403 30 47.97099326015864
21.19145063207207 30 27.81119664995884
15.78069393112866 30 22.6758902809132
22.54176796365241 30 20.37398028893387
15.05576376853943 30 14.30112411985866
-123.4116669238114 30 64.481163304993
-121.8139824331317 30 65.90247255379951
-123.5059144788701 30 66.33301783861783
-117.932875007385 30 36.88486504485121
-117.0423905154144 30 33.63417606911365
-109.8823381192022 30 13.34314408283707
-112.4185410754702 30 14.006859948859
-111.4985086553933 30 12.11470993945709
15.07664505062401 30 6.522682824436369
23.22269885166704 30 9.901109248370906
-110.9646610298152 30 16.08022291484756
-116.7416478779789 30 7.30951826004576
-117.9791330645554 30 9.250919918932873
-129.638776883126 30 38.89111564164584
-131.3803371368822 30 36.93481937413024
-129.2405118691723 30 36.4462860307253
-108.9751340788256 30 73.44094166696132
-106.6978551264225 30 75.85535114265942
-106.2014912547062 30 72.05296279670362
-103.2701945043192 30 74.55154290189645
-132.9213541449969 30 33.94591406976475
-131.3295942124228 30 32.35153736936524
-131.2148566085179 30 34.90553929739009
-129.3896053293276 30 30.25701204601163
-128.8652971879853 30 33.64557609574188
-123.2555964919057 30 53.48616279952892
-124.8099516837412 30 55.2787450528138
-125.6699978253007 30 52.94667069899022
-135.1461702721301 30 38.43956193682995
-133.5110240570752 30 36.12721368760946
-132.6987507125301 30 38.73666483099327
-122.3991549526931 30 56.09421212346441
-118.2964427753356 30 12.78372139854514
-119.2610733140988 30 11.16071574665813
-117.0590480341901 30 11.18024526087838
-106.8035957292099 30 48.89287317020892
-101.2202089443155 30 46.0540048586256
-102.9727805674581 30 53.44085801610136
-110.9901656206319 30 77.67910720111055
-109.6074327969338 30 79.60221890258738
-112.5141933299655 30 78.98687349804798
-0.8825898545142543 30 14.76074814975819
6.861949120991159 30 18.00193088008539
1.366467428322906 30 23.94413383639486
8.375205882656736 30 25.79295441670795
-129.8583743702328 30 52.24196725051366
-128.2302003039162 30 49.75859467971676
-127.5552324239009 30 51.80988793659229
-106.0432773447554 30 43.1679519394547
-10.0197602714631 30 12.15814273050498
-3.026516736991688 30 7.124404775443193
-120.3527694805565 30 64.56244408321623
-120.1719729064668 30 66.41934354082167
-107.299199266196 30 31.49529670675277
-106.7730736332264 30 37.00575875996284
-121.8151002599484 30 63.59242107342828
-124.2116215313721 30 60.21204977024738
-125.0283986785176 30 61.92243143508172
-126.2250948319526 30 60.88913884759956
-113.4054614298606 30 12.31033335432109
-114.3723715856865 30 13.67456239549145
-127.8973687117995 30 28.30469186240257
-129.3763071797816 30 27.84564349764235
-128.2647867392562 30 26.40175121882267
-123.3885232579543 30 62.32425931575652
-111.5393072339352 30 62.87347790880993
-107.9001453597593 30 61.76214556896681
-108.8263387522148 30 65.3872309763442
-117.4289569963256 30 79.57513792976069
-116.7752123687963 30 77.48164956580389
-115.2255379066472 30 79.26990171403291
-118.5345396175107 30 77.81530488702948
-123.8510153998954 30 68.00551545253417
-124.9270794712225 30 66.74797142327137
-125.2143025493127 30 65.2179793618416
13.39484784938887 30 54.60654258806452
19.54684237007049 30 44.63917916685885
22.7131823742053 30 52.82430328813958
-74.37686696979817 30 15.55753405230859
-64.64146431351028 30 23.89065731849638
-74.98344855744016 30 27.60673915251909
-68.76113074152585 30 36.04216162248267
-51.9561525183648 30 22.74019763219936
-59.59663700532404 30 17.68906707402858
-58.42412289808055 30 34.14526198831575
-64.92523305725712 30 11.23438404802207
-54.49163847290103 30 10.26904631791964
-107.5749485387473 30 15.57965542967164
-107.2423369545362 30 11.79480913229713
-119.5945507686163 30 76.41003509076558
-104.7467974774318 30 13.24744552440421
-103.7566122627942 30 15.93771051691813
-128.3129806672183 30 57.11605190985478
-127.4166095398523 30 58.39398397291446
-129.0499144808029 30 58.84474456246583
-28.39297299620299 30 16.93685160805496
-37.0557091443915 30 14.91775410890692
-31.76388919106512 30 7.097526598086903
-127.5212745890201 30 59.77990756223147
-23.13272740947459 30 66.35795677925408
-15.22551062324148 30 75.01284648593766
-26.69608499541075 30 76.12622154116218
-109.5525773396486 30 18.74592573364181
-106.2437380291908 30 18.74970035551426
-99.61007160124615 30 74.46287046633098
-97.15455620439629 30 70.17489333277054
-95.23513083283888 30 75.14494513180613
-42.29666957697614 30 28.59100417750048
-49.28434905119448 30 33.09629741307795
-14.15240454965438 30 63.68311166319037
-102.6546787967489 30 69.95216883473496
-119.1072230879438 30 70.55682147578466
-118.1810648832816 30 69.24614094605221
-117.7139026954717 30 71.32180015780949
-116.2415242394403 30 81.28699087430604
-113.786038966432 30 81.18647590342287
-116.2161303781481 30 70.01118535880647
-130.3873751500419 30 57.2929609292434
1.401806117358461 30 69.90940010690888
5.577620239876239 30 78.44114494153635
-4.206264172422244 30 77.64087728706461
-114.6667057589491 30 66.44073053945134
-112.1891955945689 30 66.43374078988057
-114.3248842605238 30 68.44564260437033
-119.9972878089038 30 13.14132639150293
-121.3985557649812 30 14.65577479547781
-131.2390200750196 30 50.22023954803729
-133.3975402330865 30 51.0574253343072
-133.1061263313732 30 48.77136280672115
-132.111515258908 30 52.27694637267678
-129.3994842742486 30 55.98559924746566
-120.7761041854586 30 17.02715193732084
-119.7780109727332 30 15.3399277079034
-118.410396440492 30 16.84823673428184
-114.8421174817188 30 6.875836497346654
-21.3786917929266 30 23.09547547729795
-22.87602821622096 30 32.76673991166211
-28.25742959963934 30 25.72512327165172
-33.18457041191415 30 32.70125891529521
-111.9935631788883 30 69.59184534204829
-131.6313334383006 30 53.88801820426494
-118.2620445734824 30 63.65428353988193
-119.9965913860034 30 62.56383622182335
-117.7890101046017 30 14.73934099094911
-114.4881441338062 30 77.0273937073765
-124.5041485145989 30 24.57142166602376
-122.0148937851036 30 24.99629556535565
-123.4573333477912 30 26.99417855195005
-121.1033889183107 30 27.44385141815813
21.83813968739091 30 61.18552921943495
14.84359676481927 30 64.11526290892184
-116.4856209520063 30 75.00189697763258
-118.3628494979882 30 76.03240810874568
-126.7378973584568 30 24.3544061567286
-125.4757578247118 30 22.67013716519211
-131.0523231639184 30 55.65966955173968
-119.7520735108208 30 33.5495842729129
-120.8748710847124 30 30.70634016501849
-117.9168375570244 30 30.88709737267179
-118.5802087014179 30 65.1262451728135
-104.9453676205856 30 65.03476925265811
-103.6009532836028 30 60.1014516824913
-100.077692540803 30 64.72688466684477
-97.69269386364761 30 58.40257165318277
-51.02605446662676 30 61.26413966316346
-57.15100837119415 30 54.99531702802168
-49.40846473604901 30 53.25886624401814
-67.40728641810567 30 58.83625762543249
-59.16260366172561 30 67.51038053987095
10.15492275544401 30 72.05159704712311
-95.75161390229533 30 50.15529929251543
-97.60763891035516 30 39.80629875860165
-108.0170397493635 30 57.24148093719396
-114.1748423123985 30 74.34412336400327
-110.4053782975012 30 50.85896259074853
-112.4565710694967 30 46.59713669870384
-114.389877437375 30 22.04750271914287
-111.0510821163807 30 21.43132103644708
-111.8580149647043 30 24.55618806955966
-113.0242785396789 30 18.69871654694552
-106.2533432643918 30 24.21002836320628
-105.5109368961068 30 21.14641601898086
-102.8136918052529 30 23.3212614836855
-113.343129487017 30 51.10117982158773
-93.83318671514546 30 64.79882269759187
-102.3927127236943 30 33.26672773413961
-116.3232011668821 30 28.16718711913536
-118.9326620065802 30 28.56318826368636
-118.3878759178215 30 25.91683589617496
-111.3985716915963 30 40.65164711155237
-116.7168980925089 30 41.75703740185814
-117.915342804382 30 46.14278466967279
-115.8260069857084 30 72.42878759200345
-117.0263741224244 30 50.20465877517677
-122.662192860563 30 17.0071144504259
-122.0450736050942 30 18.49218243754327
-121.8597277460228 30 20.08228648743458
-123.5654786352251 30 19.81215122544515
-122.7221995711385 30 22.15513792751522
-114.592501397639 30 31.21384087233133
-123.9236204559367 30 17.95647585702114
-113.1858985409261 30 72.0881273280376
-111.0255487236365 30 30.10326234322716
-3.719909031658453 30 60.2627788831327
6.171279756697185 30 62.42390420788394
6.032586081466796 30 8.465544843266391
-120.3495082451372 30 20.85973420833987
-119.8743630711012 30 23.42331002206672
-116.324337413482 30 19.81707226027146
-120.6190428464255 30 19.09105732669239
-118.8614912839698 30 19.04041481122105
-122.4340696914308 30 15.74250726302649
-114.2019502491351 30 64.35673967001162
-128.8209164192595 30 60.34794999822445
-36.54914885519486 30 64.81396721702119
-41.93833562326316 30 57.48505185212845
-30.85088267471623 30 58.48093673999976
-111.1247225939819 30 81.81183133420537
-107.9779935929294 30 81.89075250766031
21.9044381416545 30 35.33848068694139
11.99488120512256 30 38.4081085174254
14.05264062465374 30 30.61969896589164
-42.38748020652309 30 20.47741629136589
-35.45488458093205 30 23.12529044594836
-114.3728578535286 30 83.07243858121539
-114.0778743594819 30 85.21518601654698
-96.92567988153809 30 30.21532155495054
-112.221224686156 30 84.27239572873644
-109.3285824737587 30 83.94994285253689
-35.63217963578052 30 79.89221617460456
-103.9186403701136 30 82.4169456898059
-106.6764863972822 30 79.27103190222813
-14.09010857950293 30 28.66092017411108
-18.61619578270569 30 39.41785703031974
-111.1524723415119 30 6.141382642793256
-108.734375688537 30 5.538780269377975
-110.2192181943413 30 8.026351021321785
15.26249162430008 30 78.77469282012368
20.07721113593207 30 70.27859979435004
-120.1608101516315 30 60.22665248890315
-122.1503896493381 30 58.67453119775625
-119.560814869742 30 57.07627548232806
5.069173955287905 30 33.6915632434031
-110.9214110969259 30 4.113252465408533
-113.571491694938 30 2.694583259539788
-110.8723456740935 30 1.832319981659479
-113.2851730203897 30 5.485875970483647
-133.4217261504772 30 46.24649226666224
-115.7269590126882 30 4.840139707200188
-36.03745910161838 30 72.91217103780585
-43.64403678581338 30 66.97942213838117
-44.81593299606956 30 77.21760753716696
-86.11123334209408 30 32.19327849104796
-85.3654418466768 30 65.52287230317637
-89.59621812864611 30 57.0551939229297
-79.51422947316739 30 57.27872900517369
-85.42014273167489 30 46.17286892904585
-81.47095036008288 30 75.4464890383944
-90.59653142322198 30 71.72618178158115
-44.41179346683623 30 48.75572605314689
-136.2451161188572 30 45.38957209740232
-137.0491264820567 30 42.85852405875001
-51.41668511603149 30 69.57906165957596
-105.973654623979 30 6.131727681632145
-107.912608095876 30 2.986572715666004
-103.7366148896251 30 3.289928676113655
-36.27444053141502 30 49.64684229003058
-84.04699540505574 30 20.81372377225167
-77.47051381116906 30 38.3110396524207
-73.6607254774151 30 46.99111004525878
-46.32780484164931 30 6.381365902203174
-45.35466869216863 30 13.83830956898429
-93.06881487227432 30 23.15079867258044
-76.8675008379488 30 66.27363238882302
-63.3865093915399 30 45.30816157788536
-19.18997868032859 30 14.98812008462153
-14.3111571357198 30 20.09276351077133
-131.6576889501553 30 44.04791222843097
-130.7218042018863 30 47.26350240789095
-70.12445549780271 30 72.12858747375653
-52.51513139260851 30 43.79409643014655
6.82054705521271 30 44.95445050714014
3.837013414148664 30 54.32860389304174
-103.3306884575667 30 78.16749825865683
-98.2945724830509 30 80.09171196195859
-132.0510162251453 30 41.29190103560418
-63.29473565023929 30 78.10222486068812
-134.1799280359637 30 43.44614406616483
-122.6392689317966 30 69.64562838328992
-122.1752262312389 30 71.3749066643054
-134.6317918577423 30 40.8472657011774
-136.6657594186279 30 40.31079827872213
-121.0922473798674 30 69.92672818144995
-107.5980404900154 30 8.519518640635843
-104.0568646293644 30 9.596483995890893
-109.5950324612512 30 10.48260713188998
-21.59509204582321 30 56.99967111610069
-26.74491782515463 30 47.71884722107444
-30.27638956800151 30 67.84495312913383
-11.06855782040681 30 53.63193057923309
-116.4751518872098 30 13.07308566952931
-41.67977785187388 30 39.67407792517945
-118.7514020227038 30 74.26456000610374
-117.6222939641125 30 73.19219980049243
-119.330696873636 30 72.49566577371775
-113.3352824797061 30 16.10703580768147
-125.8735834450204 30 27.14635063205461
-127.5076404473311 30 31.91165650307878
-126.616831752009 30 33.74240258759116
-125.199010236278 30 32.07625189866945
-129.7050927517975 30 41.85805106585811
-128.7336573429697 30 44.35037200530604
-124.0911754445478 30 34.86026761483108
-126.7580400971162 30 35.90459883603096
-127.1898737646095 30 38.54229141511165
-124.544550560775 30 38.19076927950611
-11.05599802132728 30 43.53030919143207
-17.92267106358432 30 48.154169091696
-127.0316619353312 30 41.02727644413174
-90.68432930166419 30 15.25871750724332
-83.4603969643495 30 9.799700801511335
-125.4260740500327 30 44.0113036118025
-124.2816967645041 30 57.77572109983286
-125.9212000188332 30 59.03790325821253
-126.3652151206297 30 57.12756581481062
-98.83853616717224 30 4.265268518342836
24.22639876349082 30 77.8491567121591
-102.585081969501 30 6.356003236413034
-125.1114214095603 30 48.8935811729006
-127.1274253119336 30 47.08674559698407
-124.1495094770673 30 46.31312360280269
-91.40879192087029 30 7.168230908759187
-96.33551794940536 30 12.93026855927991
-111.415926966594 30 9.538978875226073
-125.9981243348798 30 50.79423884509843
-123.7072040482553 30 51.05956743056328
-120.6711795413036 30 73.6441872389081
-120.0357712582958 30 75.22100212513878
-4.61249906191167 30 30.08541347964067
-6.612435472572436 30 21.33219284877385
-10.39367293760933 30 36.10288062504576
-53.71800011207924 30 77.66707546845839
-2.823734733892614 30 39.62169115147071
-108.5263080102137 30 77.69342489589852
-3.275194673636918 30 49.38546498971669
-120.8647883557884 30 71.84496613933014
-99.0156967426957 30 25.06388116055124
-128.0194652376721 30 53.30796827699959
-129.5648695167486 30 54.37832591222443
-127.4488520465084 30 55.16298955902273
-114.3234384689394 30 70.50350431458169
-39.90922681944679 30 8.244077352531743
-7.421953806829222 30 69.27679143111702
-115.1049010721341 30 25.2056445696927
-121.5305816027163 30 43.94327282642679
-117.0642688936243 30 23.28979189571588
-27.22997383554041 30 38.99113299721674
-90.51992245227906 30 79.26906811638942
-112.9717494808229 30 27.403379580612
-23.93976759725219 30 9.584003117114699
-15.86197852822774 30 6.808769744166762
-121.8174400958469 30 67.6430049352674
-99.06813334492841 30 8.777448449864474
-117.7408118128464 30 59.2624320520611
-115.7158013867188 30 60.48540414975222
-117.8589708506611 30 61.4733270747797
-115.4076618054785 30 57.05050106454237
-116.6820190770747 30 65.3137093472735
-116.1017079218075 30 62.8861393321854
-115.9761813418529 30 17.05857008467757
-127.7518972181741 30 61.51547854287444
-126.4022830508393 30 62.58212138579
-126.390571412988 30 64.02200727870643
-103.3579707301333 30 27.81096508305694
-33.79149053217269 30 41.13332019705849
-95.78545869802988 30 17.68958232907739
-117.3908248811915 30 18.27345257306472
-115.5895994798114 30 14.93051898966579
-108.8054662901411 30 27.1042474664408
-108.1595572410589 30 21.72666632875456
-123.9836081940081 30 41.34703208969192
-121.0665725061882 30 39.68241371713965
-120.7520192009827 30 51.88753427182622
-121.456064666484 30 48.34921753562416
-107.2120969255065 30 84.29254436459826
-109.0817369994909 30 70.51753060493107
-118.362997500743 30 67.04472420398245
-119.9495375798256 30 68.49504148576615
-121.6909214379856 30 35.97150595026464
-122.7582815981968 30 32.66113577234691
-118.134404443113 30 53.97491637628165
-116.5602719751303 30 67.69284927867763
-101.1263817615457 30 76.81840589721071
-98.9123073443491 30 20.82109167063923
-110.9362170017053 30 71.80018143712415
-109.7716196770559 30 67.94051849167859
-106.6123968057643 30 68.27873389507042
-123.628156996055 30 29.54024766849502
-107.7233577401522 30 53.23832571762206
-111.7002374616302 30 54.46529754562009
-110.4718642081531 30 59.93446305379704
-113.1528899988067 30 60.04738528779961
-126.5825608584692 30 29.87270181165912
-102.9077958967893 30 19.36182810511858
-99.88238605105258 30 16.33919827282224
-120.9324712508559 30 54.25068308861132
-115.1270852025683 30 53.37984598735011
-111.7499386989011 30 57.7478255662149
-101.1840074332572 30 12.34843548050097
-108.872436623658 30 24.15061379831902
-124.7818303817446 30 21.02961529857196
-124.7287173454459 30 63.55838760747554
-121.5298529294842 30 61.87388908838341
-126.0852958674501 30 21.35344076399346
-114.0327659084751 30 62.19264010246896
-118.1602249459607 30 21.36619868484048
-116.4873807684503 30 21.76686891142791
-122.2882395120419 30 60.66227636689881
-120.4279292901186 30 25.3898738164537
-121.1257667456767 30 5.070270132919248
-119.9529684104897 30 5.92567517544051
-121.6907609400236 30 7.330145039304052
-130.0343637140351 30 20.07533537731327
-128.7735630830051 30 18.74784184337091
-122.4070583942716 30 8.994846640705381
-123.3732082380545 30 10.66304902264639
-123.9093957613682 30 9.182817129301185
-119.3964714174349 30 4.14778502598723
-118.5569716007601 30 1.830047930235319
-124.5318713748347 30 12.21456508389624
-125.5321319127744 30 13.87987684563709
-126.4853145587865 30 15.55023691145654
-134.7046523769051 30 29.81099782806513
-135.8747622667231 30 31.81239433296228
-128.6351515530101 30 20.53729744081014
-130.284235714159 30 22.14929937477101
-131.4073336557539 30 24.13029426805695
-141.0668754154383 30 40.81902559518508
-137.0815092147633 30 33.90773488173291
-138.3393774127574 30 36.08725961849741
-132.4931492564453 30 25.95169541552627
-133.5894924832149 30 27.8650145124798
-139.6626344893474 30 38.38680896512805
-127.393425954433 30 17.17599080958546
-119.8634199065311 30 84.8039680085251
-117.9498636053696 30 84.81818175849355
-130.772080104724 30 61.63980355749527
-130.3634011926968 30 62.88424882405766
-132.2825809628223 30 60.77617171040379
-131.787415176044 30 62.30258113926173
-121.4087947646546 30 79.80361700239116
-120.3490476041061 30 81.56160053066124
-119.132696439047 30 83.16585157425833
-126.0227502323832 30 71.84235343732779
-127.5892327528062 30 70.5810251261159
-126.3147492200801 30 69.88195291201242
-130.3999981191206 30 64.28027417940774
-131.6796744517511 30 63.58058031777098
-127.8219103864003 30 68.66455342298595
-133.4491424046776 30 58.95075448249812
-134.3317291267361 30 57.06713199179379
-138.6701168705216 30 49.80411763886308
-137.549356595623 30 51.87662303487622
-135.465165750237 30 55.54719497193218
-129.6596775463158 30 65.54756172970419
-128.7816076347561 30 67.0782410692579
-123.3119195051066 30 76.52773962931076
-122.4098488355686 30 78.15855633053414
-125.1249394475844 30 73.40416995261636
-124.2353257650224 30 74.94753913147939
-141.1404802024521 30 45.64618537936215
-139.8575665084202 30 47.83746505341121
-136.4913392287299 30 53.84280228287903
-124.9430520673384 30 3.540458094862334
-129.1567231327721 30 6.521905785651546
-161.1824223063953 30 8.115460091656646
-167.2531399035419 30 14.27946267907246
-168.3889282274081 30 7.059711246876807
-125.6017454498025 30 82.7237807040654
-130.4400002403593 30 77.91876666583886
-165.621791251791 30 65.53449704864089
-161.7712777054611 30 56.11673504031209
-154.4860614293261 30 65.14536782849002
-151.9258686786263 30 55.32547580039802
-137.7079168086483 30 25.04062638428716
-135.3311043119312 30 19.32553545319632
-138.7979238605615 30 60.16334498917892
-142.9345636027372 30 54.69571935159893
-148.7861810320714 30 48.71648075083102
-131.7254430519681 30 13.34725410369346
-159.8234910326908 30 16.42905910839302
-164.123997854757 30 25.20055089540767
-135.5318494956225 30 64.46222734484174
-152.9536887763944 30 22.22708202969444
-167.3574802099055 30 35.71989139567549
-167.488619417866 30 46.354795582069
-161.7651231292474 30 41.50021615925922
-143.6572281121668 30 19.77329800172381
-143.3789274174198 30 29.51173277603502
-140.5799941101683 30 11.61028349148562
-136.255911434269 30 6.291085881589782
-153.7881332071541 30 31.06360182250254
-166.7062604064129 30 80.63028307586447
-151.9917369031201 30 10.92452741815575
-154.7170430468753 30 38.78341054716936
-146.7880014593405 30 36.70451464655559
-160.7671406218167 30 33.95431995172093
-146.9546417738887 30 69.52963424889317
-151.3695060301771 30 76.56858542686632
-160.3535965190169 30 74.50056778779191
-133.2526741461057 30 70.14191833089885
-141.8803961420546 30 77.03086199337588
-140.4598714421236 30 67.12139372557682
-167.1198118569417 30 72.52213297748604
-156.5264548804477 30 47.05147867369614
-146.3417432360473 30 61.40037545484705
-149.2310710793261 30 42.56323673706019
-101.5472940919163 48.32336170630394 40.17321674947777
-102.9832442369791 47.08114801860702 38.35720091596534
-99.88439542719237 48.36455136033588 37.43567692139644
-103.8481589097452 47.37917721919162 40.8876805085113
-93.1703346691867 50.49184649344886 33.17574906991756
-90.92116827863465 51.4144273807179 32.47599254848901
-90.93161471988576 52.19188114776765 35.18726516562617
-94.37885110384298 52.00105993699005 40.49702966388282
-92.05933283929595 52.40336701178031 37.87313876816573
-92.16501878636137 53.2157733994827 40.87045047791715
-87.15639324257864 52.17227164239842 28.58046043788345
-85.05504138990514 52.46184909065155 25.94393797067508
-84.37863855972284 53.75739200414413 29.26026620152582
-84.13327515679832 48.55355052249672 10.80864863984694
-86.69286624631633 47.68427470602283 12.23073069364537
-86.22033820171913 47.02027504885563 9.112125827558023
-82.51193272823882 53.96695666281742 26.75299013119639
-133.7274011727863 32.37656478986301 40.66947225203482
-131.5726298566691 33.29837873976469 40.13055604653866
-96.04312723907921 45.22200587862554 19.89630837524978
-98.50667545144609 44.52561973524308 21.75094668191395
-97.91742167765561 43.79179441975411 18.18828374654287
-84.04532056053424 49.35622983805224 13.43686952381189
-115.5080590832339 33.3022241963083 12.31922431738642
-114.7339606377737 33.11839914939893 10.34165783788782
-113.1384204622434 34.45044488957143 12.19244298832089
-112.9856999547823 33.67094665789195 9.227662226682602
-113.7169143089523 35.79700789191508 17.85905479398998
-111.4579954205115 36.37951528108341 15.96435729668132
-111.3952748880478 37.19252314994662 18.67206401942516
-128.4871369851122 32.23586658043484 31.10567553937251
-126.3947460142526 33.17784259925934 30.74464871677624
-127.4231293859283 33.16003047946313 32.46415797322243
-88.93123538300921 47.37479109698383 15.03561709456078
-86.4690402063521 48.74033216105117 15.5013429560123
-125.9356869308249 34.08848830866312 33.10410433336738
-109.2864621613659 37.83854530827352 17.25737963523918
-95.28848860851062 43.40729703664307 12.30290009523455
-94.39130849579647 45.03506163302124 16.3876805238509
-97.39331804368302 43.1130985663947 14.92943822226121
-110.6441400372056 35.12332691648211 10.20315428004944
-111.3093583506092 34.14908858897135 7.98048563313058
-109.6178846564011 35.00528939269829 8.016733842168577
-75.28310976583097 58.98304790999944 31.60855127242703
-76.60661929401712 58.92364930349936 33.6951742108331
-77.74294526190418 57.74008855427913 31.56337381818589
-78.75389964420305 57.88110279045821 33.80288581576726
-75.4893388645925 58.25150169221868 29.43160011491888
-121.4119214138099 38.33280267796246 39.97144887821148
-122.5022306277573 37.29305206972922 38.25811807140762
-120.7653567337645 37.98346055084754 37.64140937521886
-122.2044967720103 36.79086426676108 36.00279832675616
-85.76219951732455 55.67900423279704 38.31332410040563
-88.01914239956263 55.21538463404423 40.61643844137386
-88.70469440304161 53.8732092526424 37.1544174361178
-78.41341890264817 56.68970343501101 29.08602744091681
-75.7935549446815 57.35354272526376 26.84789671435649
-73.24032959582127 58.74262751252689 27.23751154207929
-101.2146718504063 42.62999223852316 19.87468775853948
-107.9613661375247 35.3765361322901 6.433596034030712
-110.2426099790406 34.08250493110196 5.902170697915246
-108.1475100161994 34.57627168051234 3.983809309472495
-119.575793261096 31.87756438000005 14.42958021443285
-121.4695532871266 30.87382798329806 14.2326239238729
-120.3002385677899 30.88726212520789 12.25384865263138
-124.5396281598218 31.68583962070651 22.36304041107872
-126.209512017477 30.55112059031657 21.32458206937524
-124.3249949137047 31.25897269020611 20.51257430041514
-126.1493794866579 31.05499106822091 22.96588800713759
-128.2940893500588 31.80886576421069 29.29213301003169
-84.21779695171338 50.23420626861659 16.77700696761117
-86.36551508764919 49.70008667643927 18.64671935745086
-88.52467979674456 48.51350695387597 18.27606960209253
-81.62065353737074 51.00209984395165 14.93868399399887
-82.37512813758909 51.43282169171712 17.73753658311677
-79.82251918375485 52.53722904952014 17.14206749515611
-113.4629690436694 37.79978828617645 24.35704349070559
-115.4880980599982 37.00597793797795 25.11483012956156
-115.2074037213314 36.50701499373795 22.90019493255794
-124.0819188349344 33.90400145291011 29.25420259084916
-124.293249028313 34.47544521096542 31.59977646819402
-120.8845304915066 34.91214646599387 27.2084802966202
-122.9324142128929 33.88764365628889 27.20653711224235
-121.9837556585569 33.7483677137544 25.08094627961406
-117.1783592671038 35.7104577088559 23.55463470018574
-107.7175263579141 36.27231421095024 9.114319435930216
-105.5388130486214 36.74995487586152 6.995273087883435
-105.6983350340076 37.60670345237715 10.2394373991713
-96.82962514573454 50.80891578079743 40.61218632536615
-103.2034189394566 38.46172855939422 8.880009816988878
-103.1071404608829 37.62168272758279 5.803246477656085
-116.74684930175 33.81065441498102 16.22612585746482
-117.9574828097114 32.7564786060457 14.67123248022723
-116.4279301495324 33.3502774052961 14.07894893949528
-118.9529879019678 32.7350989223464 16.32143648237503
-108.2165991205862 36.8046696539719 11.82287216755076
-111.0925371354197 35.76318617009081 13.19633831000953
-122.0659122405321 34.78728750306259 28.82216937391226
-122.2595238580461 35.25934175648784 30.79275843410513
-111.4520913136941 37.78852828496976 20.83509530621297
-113.0747785877441 36.65541042235767 19.7204366916471
-109.0550607487808 37.13203550806044 14.40915889166977
-63.96937664785611 58.02136033921588 8.681207221610666
-83.12072491496198 52.71664221998539 23.47623284900733
-81.06826459899088 52.8673881281952 20.44346644533151
-80.58299402203355 54.18311890336658 24.1607782539808
-78.09766214746368 54.8038889165374 22.00646757880954
-85.6459236516819 51.43729609304044 23.41822037554481
-88.19004850024838 50.81541341682028 25.67050909093989
-90.01339264631896 54.51072165579048 41.62955703066594
-90.18282320623507 53.84757305263759 39.62580522153726
-81.68762696913339 55.41784704417438 30.35128238890065
-84.01781694296272 54.75022006685968 32.07456212443519
-91.33281240360253 46.11635528872777 14.83592099659136
-91.30725172425686 47.00670592822738 17.87591368961819
-86.70507087333533 53.3108009857123 31.74272850081698
-98.11801679600512 41.54975728773089 10.76908023303403
-95.14476331690408 42.33402461309171 8.336035851932262
-107.9675391352172 42.15551946296892 29.9273750844655
-110.6464643755154 41.44473088728815 32.10516585730338
-110.8781954124154 40.55083454912039 29.40998803809212
-107.5189934374672 43.26613521796261 32.99775697711711
-115.1154953501784 39.29691572476475 32.405504592504
-114.9930383826961 38.63111192486095 29.88699088447239
-113.0081133374417 40.02450899093495 31.27586888399095
-113.1254314201418 37.24807957061117 21.8612361246144
-113.0893005265129 39.24961875029793 28.73219068624068
-111.3301882559654 39.44508613986279 26.362437757333
-134.2424896792294 30.86642794599332 36.33036423566104
-132.9992422275587 31.12288797524035 35.06540008451969
-114.7307065613936 37.95173846762572 27.07920015104408
-107.7240738625486 44.64626327366886 38.13387051986474
-104.7950712550218 45.69023782123303 36.67712310450637
-105.4565853108386 46.15240675524286 39.42389920987192
-106.5043680063044 44.44960614119838 35.34003771634124
-76.01648541703537 56.38989967857174 23.8958661845666
-78.19178099125638 55.78084072888885 25.55374654928648
-73.77193990244754 57.63176363932829 24.31014226563774
-80.24657051367596 55.26489071458256 27.32544312308866
-67.62227716188633 56.72008453649569 10.50046489696278
-66.37355065985173 56.32753951726089 6.977791315535556
-100.8624406188152 38.39196996953655 4.58366558242487
-102.598141583833 37.08027895159469 3.046156866768012
-100.8929229702861 37.63037579435716 1.998222951588239
-120.6126389010944 31.87411635438263 16.21350523140599
-99.371424240213 41.71190216918857 13.50173195473099
-101.7139708210876 40.82190714158801 14.47610843932685
-100.9243055833182 40.43839780699071 11.77985282114033
-92.39448576012413 44.25466302140268 10.22570200099863
-99.95542910756416 42.22498848224912 16.29064118262884
-69.46710233630201 55.14283740793214 8.232051504604437
-115.2693009550408 30.87854516135623 3.509812649083077
-114.9956193652111 31.67224074851262 5.785224395797838
-116.6580134637508 30.68495440553837 5.244515221370796
-104.6332032205374 36.36071270803387 4.078336431556643
-106.4661496034877 35.60093053640871 4.621130046496588
-116.2733960638357 31.34055947933128 6.8494209382613
-103.9834336036178 36.03178682448706 1.813469757382215
-113.6846854677774 31.94496504192193 4.459364945365008
-95.08408306198069 50.89682810973505 37.8933559902181
-124.9969197178789 31.99422116926991 24.22335764396304
-123.0611440254703 32.77741933595729 23.58357382684932
-123.8479073551948 32.96329237422169 25.59017097952645
-110.8959862281072 38.64083260885336 22.82436182858303
-102.1442692199496 46.66698367332512 35.4693461827657
-99.96348447029681 39.42735973091925 6.613323204117576
-101.8068253577261 38.68545128228197 7.236037021605473
-109.8192332175621 32.98224207467489 1.357438298265365
-100.6051120873266 39.81918239751629 9.081968368558845
-92.27969486179043 50.01932254174121 29.99624468796211
-90.38803731952632 50.33911044647984 27.8275755115464
-89.35925678432469 51.68881990180362 30.7212060588931
-99.03205410563228 38.64908483527142 2.304015165771458
-120.6972464306576 33.67284370445768 22.59102408989971
-119.3699255714258 35.00846599449537 24.91876825589775
-115.8854581498442 39.52418694643469 34.52640988752439
-113.3309466333438 41.27838001821407 36.17856920564031
-115.9488999901407 40.28569393535177 37.27423196848997
-97.53088004261022 49.75938851237989 38.19112633015492
-99.12844565986944 49.63465840471699 40.52611338026171
-116.2737466220005 34.77247668496842 18.73853805788033
-118.4072043052063 33.55504089123696 18.21647386159936
-129.989659304002 31.37188797133306 30.71521083996188
-130.2152276246432 30.80886423448736 29.15553519572227
-108.5016160724919 40.31068123783223 24.46171639961207
-108.4514740733894 41.16891253759898 27.34786834125728
-106.2132640146852 42.49802472420638 28.07535447389583
-118.4120068217414 38.94447678920577 36.89434566307752
-118.4505758386493 37.96679461374607 33.57435875685871
-128.0169331797433 34.65738496995618 38.67964442278794
-125.8498366714591 35.43797417246797 37.63016348271488
-126.5045786319481 35.83951132276488 40.15517531501028
-127.7534798045682 34.1155780455719 36.34645554970681
-67.24848119581233 58.58809873520789 16.32402229491753
-70.32826909093768 57.49220886715435 17.86209754387285
-69.47252736017965 56.87153748692027 14.22984065730441
-72.65731146852204 55.90788927563636 16.40787321895816
-72.63542674957411 55.05835238130189 13.42708564604782
-96.3626300038288 49.3577551005337 34.77635895637155
-98.1494975536225 47.62761386457413 31.87791928910641
-95.11563742208867 48.84576535633435 30.84291994832124
-107.2431033416494 39.43889872024362 19.261965180593
-106.8708776356856 38.65613311813311 15.90567175943523
-105.0413193369658 40.01609693473276 17.44783668425506
-114.6268742097807 42.13209980464738 41.38055370201731
-112.0317671173978 43.31243723271501 40.97450515790434
-113.6914763310534 41.87493345258708 38.86954667523825
-87.82764195567393 49.84426428868647 21.67864327943354
-91.38880804390629 48.85501790613949 24.4199138868931
-117.5308533019423 37.08886662664442 28.94012083632249
-118.6500357071295 37.1935933284679 31.24138556197858
-120.1711738052804 35.97330418363227 29.64886843574446
-130.074758207759 33.40681379685777 37.91179630382315
-129.5892117724891 32.88095578185663 35.24917960940311
-131.5171120645932 32.20842967961219 36.25870211024709
-71.5242884957776 53.64336786301797 6.600887581056588
-72.74716695199356 53.95106937868991 9.784884516123599
-74.40136707152614 52.49027953478746 7.589718711401231
-65.54106579879536 58.41414587209921 12.76410168360613
-76.1106379544547 50.15968961922907 2.476862433822021
-72.77140989943091 52.02956383044633 3.170584059643502
-70.33800950910685 55.59215595363904 11.29699207647328
-79.27852975376297 59.08580435822637 38.88478046737011
-78.13125954732214 58.88336995860735 36.19639684912491
-109.8103607769616 38.39899897331394 20.1062671017423
-102.6143373971002 41.18836207634077 17.30502622576982
-104.4073087257095 39.60795211202891 14.9358429534828
-132.7159833012862 32.06413619699021 37.83536071772747
-134.8782498956504 31.16945045525925 38.4812339957044
-93.4112627288919 51.12192743359834 35.77571311273533
-85.46666146636386 56.59929702326933 40.98942492244657
-83.35225715390513 57.10983633966561 39.09572929604496
-80.69481777237392 57.35007353500158 35.32511532557805
-79.9693603488553 56.83529460110866 32.28533967297835
-131.2971568547667 31.0579922197196 31.89249624850902
-129.2921327554826 32.31973903815567 32.79051182978824
-131.3638050953396 31.59833410971999 33.8797336012933
-82.52345353484969 55.93295224224794 33.58335321564953
-111.9289411871663 32.70393687121914 4.047482185960559
-113.1836974781604 31.6004729756574 2.398272770217471
-129.150838764458 34.7512290128217 40.96871180696142
-117.6371533814879 30.73139168145629 7.101298749120173
-64.18616928334848 56.66639210812115 4.362955443194592
-68.73205673641509 54.34491330842272 4.194825017852472
-74.89520637988541 56.18625614399426 21.24831202571875
-76.75150994538907 54.75523715958532 19.50632894025859
-74.92204464073967 55.25047672837326 18.05316227203978
-125.0257697162747 36.87352264186092 41.17572341892946
-124.508312879902 36.55484742940813 39.17553856944606
-123.9618917811286 36.19589682542924 36.98566809704491
-125.7232950941872 34.81309667144998 35.24634788107034
-123.0484817393603 37.77214948784321 40.863894890292
-112.9918638453383 32.88745230686275 6.524234351446276
-136.2059235076277 31.22323358490617 40.96714237379449
-127.6215529864949 33.55804160416525 34.18658871074786
-77.52948334472185 51.46765713396574 9.46530711819662
-76.53815647450202 50.82962284395467 5.538062997526986
-75.29769726273085 53.02039615865022 10.97858599586007
-78.90007341467947 49.00870391945533 3.321174953778923
-81.03521323330163 57.8380803373325 37.60520271072341
-83.16754308896178 56.45205549901959 36.49717547820195
-104.0968434978309 44.00447886163699 29.62811681912727
-108.1582925042106 33.92679967901816 1.752648117177054
-109.9667681740799 33.42571160311682 3.149199848586765
-106.1055410238531 35.07964232681375 2.190742336114026
-124.0104865209484 35.39721848518621 34.30313372698197
-80.5933816685767 59.10886727611317 41.24206307935816
-81.58687208348395 58.14734233347451 39.63201884802051
-97.34120627937912 47.00828294634705 28.33249250066707
-82.99443335693756 57.88734762089085 41.16933838462009
-115.0964563955234 32.29696809606513 8.123998269260564
-116.8660201213995 31.42590910041286 8.171535675989603
-81.07954195959603 50.1743470727676 11.13403153713586
-79.51596716837973 49.82184302484334 7.204730715558328
-78.05336926806778 52.3604842186496 13.46554790089403
-81.82450996986978 47.94665251426619 4.707393662805276
-71.29878139662141 59.03126195541549 24.87451045551606
-119.6466819776383 39.16377927292712 39.79255185199681
-88.7051761300828 52.87698641377204 33.70423466666065
-120.4148028566555 37.37578818394952 34.92919342162978
-122.2627057157524 35.9811129694481 33.2985583978906
-71.38728168064017 58.08699382019756 21.75675667158925
-75.20615628122542 54.18167775423066 14.84282981579785
-72.79732675026165 56.66527359897684 19.27404305853095
-82.70496725014729 48.51181249887004 8.190162021617148
-84.24577993404142 46.33400569380697 3.314783804191443
-122.5565606308169 30.79231184690614 15.8329956916098
-103.9578868935104 45.14501906535594 33.3383840822293
-100.9296837627512 45.35623302890308 28.8250490363786
-101.379956550866 44.45091537000911 26.46883201827186
-109.7276086498084 44.41144019622463 40.7906435642844
-107.5270836508584 45.59659920911172 41.08473371351472
-106.008294598412 38.23414722644004 12.94983210415107
-122.2612375140068 31.4420585402034 17.57226961832668
-120.3936753263946 36.58801986823853 32.16368997097081
-77.22475698644203 53.80652647128206 17.03958663224412
-127.0615548323457 31.00965894263553 24.38878696182275
-113.1693728670152 40.61346942195114 33.59539736275229
-94.97321471906736 47.13959878781467 24.68590222483395
-93.65233548668319 48.66305598687912 27.67548282755437
-116.820783704821 32.01219391948552 10.12413409280366
-103.5298015147208 39.20444989743728 12.01818320676373
-126.0452306329659 32.05804271205051 26.26016972044981
-124.4828240562281 33.13859513842611 27.29714555290874
-126.2480115728729 32.57220040717787 28.39249111330145
-123.662438436522 30.56386820355269 16.95708024414535
-127.489528525075 31.63183109026872 27.28532668344247
-118.7192057361096 40.11041951571074 41.46537387283731
-116.770420576872 41.08046468087742 41.45031398741195
-115.3712126708973 41.19819169981573 39.43463316036126
-114.5187843408825 30.65294387603394 1.428373964574233
-111.5040221403004 32.2825143821744 1.851650482729856
-98.0567079500567 45.5536822845238 24.5328932451787
-110.7092569793598 42.18701400051103 34.78526996890632
-91.54909773478865 42.50812630971742 2.711266345160966
-93.56131319731756 41.34747673876201 2.175917708681189
-90.24739442870205 48.4148615740018 20.91818125183724
-93.46891690226029 46.80385066406465 20.91731635864727
-93.44780029776295 42.24201507896075 5.078079308423288
-92.57356027704142 44.99643246571899 13.10543289275618
-89.46070611717337 46.16878534880014 11.77496084710542
-84.26142517934757 47.16297338493317 6.213510481685815
-87.03878549057114 45.72540018860806 6.044140020381861
-123.9702924026035 30.86415110128912 18.5305094257571
-122.4362022819628 31.92000717377246 19.53098011946035
-118.3549487663145 30.85000811818782 8.755456215141889
-90.37397543303133 43.88804169155978 5.456061916403542
-89.25034197167983 45.3351286922585 8.522728088623596
-92.14336977599312 43.60031801992441 7.524038781412878
-110.83915736476 43.04279802477853 37.97478685701633
-98.08182839868428 40.62690679639116 7.50955221264924
-96.28491654097076 40.97085762892758 5.588690212883789
-116.7709094550733 38.28357819415313 31.76246175327676
-108.7506071980574 43.47657043287168 35.85994355360855
-129.2343154244535 30.8635674665136 27.64604298164499
-128.1703725962345 30.92718336857807 26.02361189591103
-105.9480560346489 41.83747633299727 25.32779402903621
-98.37467718060233 39.66025912016131 4.668215405368933
-97.43583613235828 42.50754765751209 12.90539183057911
-68.40668609021026 58.83346028598717 19.18004936193681
-99.49401282742264 47.72855892683735 34.55637200810678
-100.9292719325199 46.6258906354179 33.22255869089383
-100.9007287229288 45.96125493761921 30.87075480744821
-96.88640901474005 39.80981245598214 2.60852727897431
-120.7720610350289 32.98777768408253 20.34746847816146
-122.5297104441516 32.42509664182107 21.44262224935012
-105.7387967185542 46.6272037112343 41.55744860862332
-101.1744619026159 43.66645409925668 23.39545129179263
-117.4747451472254 40.1599441104257 39.48146313341375
-119.199822424897 30.97945368170765 10.66723290344471
-117.9919215897367 32.11168149330238 12.49723947729154
-103.9067647315543 43.20268487593031 26.52139489760208
-106.0004047841865 40.92590274557347 22.26068118643612
-104.2575471086398 41.042695333738 19.64654453532482
-103.621139703184 42.70305780527977 24.29591889414425
-86.46124302193728 45.11336605888393 2.923658703882437
-108.5892467138261 39.49466576920705 21.7867366198609
-118.6806679998031 34.06509689991318 20.45701271813255
-116.5470466464809 35.39029055145816 21.35207759875184
-118.7605321836346 34.66994290722601 22.69058957307575
-119.025046758301 35.88481097816478 27.35716870245858
-113.93533796323 34.77034831584311 14.68092256510637
-88.79687697731498 43.92597569283141 2.855854497638129
-114.6575535489916 36.06171335335812 20.40525636585174
-95.93131366823761 45.95370294104463 22.23731456529391
-120.3032857055815 32.65417092370537 18.3798780727802
-103.3171942152322 42.1349134079118 21.8013599417266
-117.2204982533608 36.4417196189607 26.16078712924503
-85.60355608681105 54.79222270732377 34.96664430380298
-84.43112418078505 51.17366740048808 20.40088939127632
-78.59294257406864 53.75405394332523 19.22758341535133
-102.137905072911 39.54467528270256 10.78592315728328
-95.05716141923037 40.8634955725348 3.090242889821717
-115.2237131321402 34.74706803584824 16.83180856133778
-115.8557110558874 36.89363972592786 61.24013684428399
-116.8897323336245 35.81594097913832 63.18241742452173
-114.1440378684194 37.05577708847469 63.6431814714594
-117.3981590891066 30.71055453115096 79.98737389247461
-116.6354159508841 30.63098269535178 81.58412868591201
-116.7366520477925 31.44186306704709 78.59981061723337
-118.3307145449699 30.74494391123952 78.25301215493549
-135.991861193043 31.29468172203303 45.75866120227601
-125.6654642233692 32.44756848785646 59.65078850531645
-124.2825740098885 32.87263952202251 60.57353536035196
-123.7928846277005 33.74627243172637 58.39534907668601
-127.6546183929541 30.74339862691395 62.10888998726797
-126.9700345672766 30.70135530261108 63.44026630300466
-125.5990985938442 31.73598739755051 62.23072635176047
-125.93766821119 31.02739048859092 64.09895826942683
-116.0363423452758 35.59282453708965 65.43343027027686
-132.0861770007201 33.15042777446178 46.0950117641941
-130.0827062607212 34.38480484858582 45.28911726118758
-114.2687357187633 33.21156578138959 76.74393705687338
-115.2989321465053 33.25476803436826 74.80992750792726
-116.0932881810545 32.2768419562006 76.82169780365513
-89.44337832730896 50.00886478401358 61.55516676998631
-91.74701823429646 48.53734607998978 62.66263572805499
-89.14979123399166 49.2643818733252 64.64263898541641
-91.00612825956814 45.9149916236175 73.02999711488576
-91.67010248917606 44.73429177444986 75.97002426878296
-89.10344983924452 45.99815260346708 76.0374547247378
-92.36782625040082 47.55653601675169 64.98499042662263
-115.3862208168809 30.88143221314577 82.88021554747267
-114.5834795021739 30.67484157202121 84.98625526347188
-113.3454481869353 31.59534017176742 83.94188771671348
-85.5115852199618 55.29860728130656 50.04102666822529
-86.41461809354077 55.51840389950733 47.71553003017051
-87.39800552785999 54.52976035576779 49.43701472706843
-84.17979882667392 56.3745446496935 48.62059199061254
-131.0899225229702 31.03436451274019 55.15083329958831
-132.1471104725265 31.0084453094496 53.40951681178924
-97.20969400112619 48.01366212635056 55.01509818425397
-99.39605374846136 46.47346197635447 56.56362184548286
-96.94610942898071 47.38814880266448 57.6384817701724
-98.91543601956872 45.80040951846501 59.72759827739058
-120.5576297761085 38.95248583443524 45.96412259800131
-122.477043712794 38.16896927823314 45.35378110673312
-122.5656573324668 37.30912220594747 48.17889544709355
-130.2271701805638 30.91917450281763 57.0441940904056
-128.6085039488238 32.27213588010024 55.16101055201167
-127.2525968775935 31.40157780441264 60.52521212578517
-128.5647410262152 30.62147124023745 60.95488020245691
-73.6095280277393 56.71565114180949 65.747210513856
-70.41538464060707 58.00037440016413 66.82921723275783
-71.38933056956574 58.33290227148826 63.99038306384428
-86.71629833652688 51.7081929372864 60.39196246992395
-89.34294830129664 50.84339742155394 58.83821082005638
-86.66785662929999 50.95444560047501 63.08692333490036
-84.51389011543471 52.38912417738219 61.8478303992494
-84.47839358240554 53.19082983438313 59.1321223366664
-72.80413499105364 56.06119581664369 69.40929192240007
-73.23494636995369 54.7716251112259 73.1303086891385
-70.72124766044219 56.27571384362494 72.27384636171871
-68.43057875496099 57.55803955576368 71.79929471877787
-66.51084980309219 57.77764423526273 74.36362987523113
-66.20061666882965 58.76046043001572 71.49639425833779
-69.02888989983141 56.57344674637609 74.17371895838014
-88.58030347103075 47.16532155094124 72.90037897819532
-86.84803697539313 47.37298087036945 75.18139957705927
-85.99738480742458 48.68718215059313 72.10224557411048
-84.52547166776955 48.63240493163563 74.84142776898463
-117.574410898084 31.97963419610152 75.2858758873062
-128.659786027482 31.52102696528892 57.67410499120018
-117.6527262612775 31.39692481403402 77.16879421081777
-110.4026123492154 38.45687822498961 65.26996385348282
-108.5331318083342 39.79689517873157 63.86604424028088
-111.1673093263527 38.7717750380215 62.85463527806112
-127.1797877474813 33.63347198330685 52.91981300847035
-126.262684115363 33.41841649806694 55.25325714886912
-127.3009158502804 32.38629073622694 57.03037555257701
-86.02252203877775 50.5309381536251 65.67174846422219
-84.57083129097056 51.7573124366436 63.93786546173413
-127.3442247792775 31.86600977071981 58.75766842007123
-82.40081682269982 52.94120411851753 63.59531968661095
-82.24914403070544 53.78276013698743 60.94278910566059
-125.527218128441 30.82102543765169 65.52474817298555
-125.1970102020069 30.57959266562739 66.93303273414801
-123.9661622245885 31.44058518760273 66.08235838143369
-102.0982115139763 37.08546750708506 84.4043141094446
-102.5427356760245 37.50222441732362 82.19068738970796
-104.3761702750449 36.37052662564314 82.93540165985817
-86.85738619688232 53.28530713759932 54.68430727889648
-89.49467171743655 52.50172311851098 52.83080942935084
-89.34550836233086 51.75201009040534 55.68625005057187
-86.90316114461584 54.10154042397066 51.77750769806002
-91.86145631089128 51.82910950290196 51.06142017511083
-93.95424873521965 51.41173012019705 48.88244196023217
-94.93991903581437 50.28584499912868 51.07539138644291
-92.16459997116529 52.55411311649801 48.02487376468508
-83.37925494426841 56.15027832371402 50.78405601067384
-84.64420047617344 55.19909835756938 51.88809013761545
-122.1967530516743 35.00511720582039 56.79916384678149
-123.9622651371916 34.51298606968338 55.44599947684038
-121.4260732322123 36.12889816023264 54.24112903121713
-86.88631337678949 52.44027572143872 57.56147862714161
-108.9263851018784 40.29142135069775 61.47182064458261
-85.46930401320003 49.9132390866647 68.76972252771233
-87.59759382127119 49.25849902491706 67.35150255229749
-118.3337779334697 33.04064075569497 70.29517906366574
-116.2871586654029 34.13007164033856 70.06612833263215
-118.1413804285587 33.73152026615809 68.23514448936028
-118.2729310658508 34.69290035470438 64.67697378430775
-119.2721887397012 33.75070953144231 66.21005347597594
-117.5568936972958 34.49733138680915 66.59465766431967
-130.467618770207 33.61544676082711 47.28756383271368
-128.6754870822481 34.58643564263275 47.02802281636895
-109.3006784481102 37.89651072109269 69.11973933209957
-107.0028997547504 39.2447612457744 68.42913195338781
-108.785662275662 38.89107603415618 66.56649820215635
-121.9451915212614 34.63092402917856 58.53112438626485
-122.7765381746865 33.69174762590998 60.3445922392923
-107.3529163654745 38.2537921058606 71.25570319824759
-111.1169860346973 39.5159650301694 60.36384802224349
-113.2349829772158 38.30834774694764 60.87867868880266
-84.68942276577769 53.83662947804537 56.52949348052032
-82.75221466161854 55.02478828029002 55.76893351586232
-84.83318086540142 54.51815370915296 53.91962795823714
-82.60082851706515 54.37754354773079 58.27326353323859
-109.3531442009049 35.50879409663698 77.30015899787008
-106.855937806594 36.30507811628881 78.86703859121819
-107.6784502495919 36.75679317031985 75.87761840183725
-85.31367558726151 56.90683933734256 44.81273694453887
-109.1646512897491 34.78940251787014 80.11868382678122
-105.8074741679351 38.15556955681294 74.27274049534563
-108.5064794315522 37.09037370728887 73.2878729116394
-115.8748140959915 34.98329097347734 67.824691607085
-84.8200947990739 56.65906454235855 46.52596101481423
-83.18431783200533 57.81182656772368 45.36592503769111
-87.53065757440567 44.29230818828444 84.6708292309979
-89.73113998672335 43.6198322521587 83.18900686817642
-115.2409735650696 39.20192311653763 54.30876519009092
-113.7196480239849 39.41922094859531 56.1910365511048
-112.1715896555663 41.03395673465185 53.27874345378893
-80.18087474515994 53.40907982127572 65.81960317716167
-79.98186152956922 54.45014223039453 62.55795820505483
-104.273213051926 37.16389395604327 80.36542375066959
-111.9889940027965 42.96464156230638 46.90691997182742
-110.5680057028516 44.20041730394509 45.08729116173427
-112.7659857290247 43.13974906411888 44.9545406450881
-111.2791016922115 34.819696494929 76.35140688477331
-110.7748474044655 34.58251365120613 78.04642640310719
-110.3658767203254 35.79928068541899 74.53977975838082
-83.99407190775722 50.06307173422034 70.80586397089827
-88.22455419422666 48.20179583828988 69.92610254752272
-83.19186372657227 50.9719139240089 69.04700760140612
-121.4271310452693 33.89363151542484 61.98248763979977
-121.1024309817837 34.70497755817414 59.73429950985418
-106.6098022853289 34.90121020191411 84.15649892922221
-104.1928654581946 35.8812543974009 84.94778363201092
-93.88637370917996 44.39607129501287 73.30296002147388
-70.22852575801522 53.87090300020053 81.4577748575315
-71.25014106579232 54.24921201417976 78.37778437232484
-72.86256536347281 52.98572041112831 79.96184686822718
-83.2571375963706 51.67927278099852 66.48358698352907
-102.7269244401097 43.3475859932752 61.62273661581107
-102.0782873034991 42.84365070264885 64.49189214628035
-100.1172356220654 44.24392426558433 63.03784338379241
-83.13434093422546 49.80528531291972 73.18796005628397
-68.69347666186596 55.94853309139695 76.91943612960236
-68.24715042000609 55.25195819358348 80.10550208583501
-65.920527365238 56.99443582236013 78.09921185856786
-63.9260914197389 58.60859400092649 75.96206829515441
-103.2249145812596 38.89396458421837 76.1879895059968
-103.0334691344721 38.28352067138782 78.6342224910979
-101.2724537367189 39.41511564736109 77.76443064896682
-101.5407860055636 38.56014283644455 80.26137822121235
-75.37480442628794 58.5808762688073 56.2283327271389
-76.56870494207988 58.8502042932609 53.22745673009302
-78.14063531129995 57.5517699065588 55.00270212076851
-78.46609549275053 58.08896358376187 52.57809506581453
-128.3550856464246 34.19956647818981 48.92312847942695
-126.5597506235416 35.51005998497008 47.49305728220315
-94.78790935262941 44.73467255933777 70.56850529554958
-96.91040988862957 43.23306547304369 72.09394606103874
-125.7836574271075 36.57382469661623 45.15230107409558
-127.8393859589816 35.51303957565197 45.26634226116705
-80.50880912227444 56.27793026445111 55.31361472065836
-80.75780565284427 55.60370009048194 57.21794191342432
-80.1608865196778 57.09183012302304 53.09680253081797
-133.1868089930959 30.88717379729578 52.02880299073107
-119.0646482836645 34.85571600456562 62.74166938217335
-119.5059433689824 35.30207930906055 60.43107602923318
-120.5310432119573 33.66425729331061 64.32913290843727
-117.6193758360752 36.54685724891786 59.38666957619086
-119.8573507987189 36.00650531129677 57.38221725468082
-117.4555283471467 37.20666502499775 57.38482056890868
-76.04342377077373 56.65406534284828 61.74491889224581
-76.21260376535531 57.36907743606143 58.97501599906361
-78.20545922545558 55.87944031607765 60.68354344333385
-74.40555811101666 57.79042703839615 60.64531304598934
-80.21239016160507 55.19715573136951 59.57094022651225
-99.85101992854209 38.17681116825155 84.51603877044077
-100.6313057442574 38.34866367784392 82.56922953715218
-104.4125416116329 43.03951435240452 59.77035350134062
-106.7509333428855 41.86221373177674 59.79842919623154
-104.8438672850961 42.33028804779395 61.4801075075931
-112.5830213136857 35.33384078325632 72.31190379178545
-110.24301877141 36.71720690152994 71.57278628020885
-107.3026471651747 45.27120257103774 47.03374908071802
-106.2167083107229 46.29251796541909 45.37671004330016
-108.3560540438161 45.30228069228372 45.10153707586494
-73.49270683426853 58.75624628520892 58.88072182425597
-108.6832866078738 33.71484644055836 84.67480335573023
-118.7072014890365 32.43046944178445 71.76208592670916
-117.2641230199261 33.11947935390542 71.87477080509295
-106.2824336309695 40.45634574152043 65.47996407631878
-112.2316566966418 37.56145944018341 65.20378777311534
-116.7037796311847 32.93486365306887 73.48484157152599
-115.221945036234 34.02981831587998 72.25842016244742
-87.32619589057005 46.23106119983782 78.30892981692703
-87.89594237817104 45.01973804670742 81.51824644418099
-85.0351378706856 46.66536778437507 80.77267656949459
-129.7351476379861 32.73135280505696 51.61883234891459
-130.0250529284032 33.12272755225756 49.76093976262742
-131.5896114446462 31.90602591692301 51.26582302118319
-109.3996128556681 44.24452629786347 46.95820889918127
-71.04266030951882 55.27259538091717 75.1920476101632
-67.9641076897265 58.61164829418311 68.95743857154281
-85.08365346598299 47.66591528727375 77.22264687266672
-87.27943458164087 55.76124266095518 45.37640578780828
-112.9181417217642 34.36977065916472 75.07109509231205
-89.88118208550458 54.47046566738533 45.3414295908588
-88.39220104369805 54.7024542178669 47.11678849435788
-93.90884738137269 41.2268154808302 84.24265866409833
-91.75185639985509 42.38673396235262 83.96060115028472
-93.56092555940126 42.02538271678637 82.07895888494292
-106.540193664819 35.68910927409185 81.54770214809373
-75.63879069309539 52.0466830645991 78.40620433284771
-74.66777260661939 51.72577754612595 81.19970631854193
-73.55469091033135 53.56883074717287 76.74309679895633
-105.1316170068185 37.57634069380604 77.44986707693558
-120.2189383029107 31.48209195191962 72.42895695180783
-119.5915752371595 31.17049312633584 74.59499165146086
-118.3308753636199 32.15101231717184 73.38196977287858
-91.72420174639298 43.22519105326044 81.10399985230934
-124.2975701421798 36.95681412895755 46.39956544491805
-97.03758631413871 44.2598758851161 68.31669442363162
-99.76720679833019 42.4402655496084 69.89216816178481
-103.4066177991933 45.72738088533476 52.20162185503101
-103.2276221675685 46.73349226531549 49.02637932693835
-105.4810398625463 45.48971017321175 49.43193294269805
-72.00594155208982 58.79709696798863 61.31436391572231
-104.7553793574855 46.51195084114674 47.14766825765636
-129.7904670476184 30.68751965877647 58.603062023889
-75.9349772429408 55.61951280998929 65.51654888837858
-75.46808717063045 55.19235269407104 67.80495226264445
-75.43925233534021 56.35811866560169 63.81656387754309
-121.9496593234537 30.66183449029022 72.27271540815914
-121.705553592265 31.16419658590414 70.95528559019657
-77.96785344163024 58.87961610139952 50.70217494946092
-80.02316478317496 57.78797579081311 50.92382424358476
-128.0600076067286 33.78339554476972 50.87587703901229
-128.779103772187 32.8766780386932 52.77132752218365
-126.2654535724324 34.81216071840278 50.42038870376106
-125.1029734693531 34.63804521980825 53.03701708498432
-123.2330812465373 35.59122886374686 52.97384041908857
-119.1695959215182 37.2601892608884 54.23055505049314
-115.0769980630665 38.06746595815652 58.52265396540949
-112.3619965816809 39.42757186266642 58.51362941322306
-94.31309015184806 47.43793449640736 62.02654223336897
-94.31692109838578 48.37766687087294 58.76457840314107
-96.60564952363015 46.86427323104091 60.04293383797207
-104.6530187067704 44.36382536049454 54.76628705243647
-102.3127195521616 45.23258794417706 55.81032222382366
-73.8155292436802 57.4451012781329 62.86351654602499
-82.54872387332105 57.58153013892904 47.26457629806407
-82.03030683029351 57.19983610232075 49.48472788480063
-124.6535119275543 36.0518085227858 48.918087570161
-130.3120719331624 31.96303397941985 53.28110464237861
-95.58920811460425 45.87776256034652 65.22083520902491
-93.34943628550788 46.1749939473173 68.07059408670615
-123.9470579991911 35.86877729417655 50.77574044193864
-115.419915638572 31.53961028818329 80.5418586715661
-114.8502251419311 32.39472690594418 78.56638069962051
-113.1245600203363 32.74863418618343 80.32934958598644
-75.53149021113768 50.60003993157453 83.60337303291345
-77.4705456314729 50.54352821048826 80.44059287049019
-79.0555733169069 48.95780700658471 83.18834377151569
-121.8616704881863 36.81029823182941 51.12621336365933
-78.6111578154471 51.10078448135906 76.53460226814559
-75.79855327723202 52.98827843924853 74.86770536184525
-106.2889994752774 44.36604690597865 51.92498958187727
-97.56741387482228 48.63753607749683 52.23434642632706
-100.1197284791984 47.01087744285368 53.44851865819262
-75.92417550535514 54.08877826534314 70.83787805514287
-110.1446437607812 33.37649633915979 83.31573765162723
-110.6885753961695 33.68473187383781 81.30586120976969
-112.0344816026717 32.68092369932612 82.45197679650002
-113.807926966004 31.96919984990972 81.84576305905641
-119.7017960586371 37.71596214247329 51.72991379797389
-120.2000115783344 38.3052828264013 48.82551247170973
-118.3988850315936 39.78363119676072 46.82400618402755
-107.0781556458436 43.1697297861653 54.70229506631249
-108.6385255007869 34.35929944123868 82.51988118687072
-117.3820702403205 38.67161012370478 52.43733505964037
-114.9132273879156 39.98784976741381 52.15390844022818
-116.0470702008456 40.0050233493197 50.13054404761872
-114.7599051865395 42.19115290441005 44.78700432743313
-114.3811929644284 41.819969803468 46.72876911706204
-131.942846464427 32.50057780777874 48.59441385451377
-82.15108710174167 49.41260820352061 76.25127905977982
-80.16017645745656 49.5085364077897 79.36733240166548
-82.87163162554478 48.39150883743348 78.54045129871584
-82.05259129404094 47.91103705615139 81.62347383989592
-133.8002975198886 31.17514179545997 49.96865928491692
-117.4806892777021 37.77797056673455 55.36218010895355
-115.778616818918 38.32093055074117 56.42938752817868
-118.1713549031576 39.11949424620063 49.51873780983928
-116.4006493104221 40.48186706576053 47.86629197704632
-125.7214064519112 33.06292400070696 57.42223969724385
-78.55075965612716 52.21929037307723 72.76459688272936
-124.5073485155899 30.63635270994767 67.93093925385072
-134.0184744198833 31.87759293475106 47.15740368291472
-135.5395952554956 30.79981081260549 48.25629190127347
-95.27664995129639 49.35798379452578 53.70636182983743
-111.0986339004629 32.44661686291089 84.88457525533605
-120.8022224174837 33.06208522891417 65.94542196737591
-122.0149888996129 32.14420320271676 67.02448541206802
-120.260719574081 32.84817021569211 67.62435574739722
-133.8176266178262 32.56537843870073 45.12272340556574
-93.92746006651568 43.60999535772819 75.9548432870393
-92.04832491521692 50.85200527706527 54.12254258495815
-78.86095892921252 53.09437303531942 69.19594071762236
-89.58309800859531 53.37813300788766 49.64167768702654
-122.4733791951946 32.92025198838395 63.54221827856862
-122.4048017365372 32.47450642973901 65.20510583085957
-103.5875873576475 40.15941691685912 71.17616636139036
-105.4523691088667 38.94952411944222 72.13746121692678
-103.3055724319825 39.56819851675463 73.71267115583603
-105.1574948017403 39.72259852117983 69.97019021503549
-104.9215480083085 40.47502129670731 67.77239309717123
-80.67117774576521 50.7838221662329 74.06453275199648
-80.10813768350258 58.55055295738822 48.13500206855085
-81.45566875953894 51.26854295023617 71.0266324073026
-117.964723382649 35.80478816406769 61.35911279462903
-113.7244333617145 41.02673546854925 50.61415445809601
-111.7128056222136 42.03476076176264 50.60649386250626
-80.95089167173661 58.91265278051388 45.42095876051751
-70.26833364317643 57.35101537915505 69.33336266509318
-68.42855685752377 54.19645471253229 83.44766823272727
-99.56966353669057 39.85461503187773 79.19127926229007
-99.54661036392869 39.30099226953874 81.14901403398483
-97.97884932746749 40.30232573973447 80.39573491186594
-64.96167481160128 56.25221052083121 82.33113706425625
-98.20847097750894 39.46634386842005 82.89394469812254
-90.66703729333898 46.84806290289519 70.38506617119778
-92.75574056569091 45.60935619619887 71.05833188489754
-61.27510225964016 57.71336924851036 83.6548657215158
-62.61512830192049 58.27990042505085 79.37135096914102
-123.5193961355153 32.80507368483446 62.12945313971001
-124.2222209796466 31.87858430362363 64.12157816271339
-121.3463998347859 31.92361815859123 68.94664464936382
-114.7092786807549 41.07252535958911 48.74973149241352
-112.7926287260644 42.02629678082292 48.76550547349377
-71.83547113130517 52.45291611650911 83.58651448004518
-90.62757322880559 53.57389546852363 47.15445248230324
-92.18198512855182 53.25130798080663 45.57960793327679
-94.7792384149281 51.88050261867112 45.82964235016094
-99.28980791236847 41.88502657985005 72.64245149967458
-97.92494849779952 41.81218240457459 75.2587969761218
-100.8533110166108 40.4473332946538 74.91470031665627
-123.2337174023373 31.16158571356394 68.31747255595384
-109.3962656308211 42.75807861035246 52.11321229780535
-109.6744959542659 41.67052042879956 55.39871529466636
-96.26600242184787 50.51268656503782 47.99274535191367
-97.2640045248053 50.72024060477631 45.54516671924436
-99.05326662297836 49.37793743779352 47.09594842590097
-91.92831753119718 49.18044669378619 60.12085025949818
-111.6125961655913 33.82140051143192 79.23197624165387
-116.4563397277327 41.1463196722822 45.46810199733548
-111.6877134596085 40.46347746881828 56.09303975593771
-109.7978544281307 40.67839653178344 58.62187014445854
-111.4989512940343 36.69682493698713 69.46805253643782
-91.90968825987686 50.01575606044044 57.25952057776632
-94.61789794248047 49.00087048865325 56.08443055835489
-99.52266480411419 40.49009772473505 77.07130683228456
-100.4245058750216 43.01926051212015 66.74799538039352
-102.6276482153943 41.25307544243536 69.05028546308912
-97.82042019037164 41.03774592411126 78.12257197821073
-96.00873608383451 40.10271004442353 84.49956019903604
-95.83355624077849 40.95636530475169 81.8458320215974
-92.87395997443382 43.46137372288623 78.29439941760398
-94.31193965236484 42.24476291615206 80.01820901577783
-95.50278607275573 42.39459227690443 77.43657838107194
-113.4581992201856 33.1498461894912 78.36163039177983
-112.4647436626417 33.97327465000281 77.22990603249887
-100.1870790821672 48.01206826989215 49.86363723092516
-113.7208040579362 35.50124812145285 69.76129024013596
-76.99249707448548 54.21574708910216 68.54765791113162
-77.54321018220836 54.45323104153849 66.77112628495749
-97.60533719734146 49.39986360966026 49.52788126950072
-81.22970539835683 52.16016794204251 68.32933285530555
-106.4982042941686 41.20418563940611 62.51564492674481
-83.64265592850505 46.4718858091697 83.85476726478247
-81.55037256514676 47.47111649155572 84.0172717332015
-119.0304339338725 30.87986904807164 76.57366823789229
-104.1688699964096 47.33092019782544 45.32653919893555
-113.5063053814796 36.44674988901571 66.85749864578501
-110.5820070446926 43.03153010335579 49.11218416576666
-108.2017354305918 44.16087660702691 49.32276448978588
-97.63768673925391 39.11455875062929 85.10119139366014
-81.40570873119516 56.91705587698524 51.54614296206365
-82.50392958131269 55.91252767440869 53.12375642072548
-98.20512710957129 44.45859069975189 65.60608613570139
-97.3865693531953 45.73337081578804 62.60790189976784
-99.16810429492213 49.93190033486986 44.97805997698288
-119.5476583634813 32.73942396747564 69.23612204714934
-95.7040780870328 43.06364771938754 74.77025434626373
-102.7111950855891 44.20027889771331 58.69616578953047
-105.029787904484 43.45720509146342 57.25432839753692
-111.1922176625922 37.49506509282834 67.23414575736825
-89.99637314379082 44.72274739429293 78.90899943905657
-77.8218659305942 55.18832076354278 63.74205487766584
-104.2173898887743 42.00859446138044 63.67957746009046
-78.73738302146241 56.48296551196085 57.67155179705981
-101.4551627644879 41.08115904271651 71.67662571312907
-120.0551456306307 32.09287986765107 70.59682277671229
-69.53814588314316 59.0391898408344 64.750077085198
-122.9413959912877 30.82475505761291 69.99060371133989
-128.6874343382306 30.99503126280503 59.44831927477016
-100.8726351414343 45.39508595502526 57.7417119685553
-101.083799319214 44.50460158279758 60.4606932359912
-107.915396905625 41.91948344102602 57.58313104969511
-96.42360890340231 41.37266236684125 79.38173550563009
-103.3244386105484 41.68545548495357 66.34560069281547
-102.1353887315264 47.95386184775537 46.69069889029375
-121.2898652648651 30.66288391362729 73.41187693108965
-100.7469501134964 49.11494083099939 45.07344953875442
-90.08606098400952 48.02191826100638 67.32499241497916
-89.84321750818162 44.11550440819418 81.27782419032299
-85.82328748668198 45.48106662826932 83.51010093829838
-77.12397791140224 57.5016848387255 56.93710415565781
-114.1665807983559 34.19596818476869 73.51080461377117
-101.7631964168102 46.89512607096491 51.00292320395297
-114.3394375274255 33.76856474274316 83.35223096827283
-112.9261640394538 34.07136134050793 84.75117427105484
-114.776427720648 33.08908620527224 84.94912445030661
-92.48942918385546 49.09849019315895 68.09313605241333
-89.43399650133203 49.47132604996268 72.09375940391531
-93.58440670287123 47.28063927801585 72.49379964755917
-89.25320179244947 50.91771433914688 67.39646901676022
-89.56753806361448 57.12461556067028 45.35068607796096
-86.28078680548549 58.74045576002348 45.44607160449739
-87.22186942052453 57.58407771771787 47.82187974519067
-87.12652397368498 54.9638391300897 57.06379562683614
-83.97937026650872 56.54378104570137 57.04174640519994
-85.23661318190761 54.95816774852072 60.35686338202041
-84.9080526306665 57.04847079757926 53.68492478176181
-120.6365592892942 35.09491583205616 67.85068118453972
-121.0774748667423 35.55098730780342 65.50711506679684
-119.00894627411 36.35397459067261 66.30828214262266
-99.44812372299424 43.78124479277963 74.45980193581067
-99.68304194074591 42.49322294169337 78.5147502217219
-102.6054431578781 41.76728812309353 75.96771481114435
-120.9443552722569 30.90159985923689 81.8436355379089
-121.2055062724603 31.22556043622692 80.26907637911708
-119.3900044393116 32.05031443867736 80.55658612338513
-121.0305378801416 31.67807064945949 79.00458916380644
-139.4129577870271 30.9137161032327 49.81310573713738
-138.1970026723405 31.26531028874469 50.7012437895927
-97.23971764166065 45.72929165300874 71.53664119754086
-100.3334131464821 44.50463108354811 70.42055205670682
-81.70142400808328 57.11435231016716 59.01074822291709
-119.884835246202 36.64898541597025 63.76925046477326
-115.7580665716562 34.19756948767018 79.40897735676903
-118.1249714087304 33.1220867768618 79.03495931783992
-117.3221752251239 33.99066712117261 77.41659252236492
-124.5187600718793 34.59003272438068 62.87547857267307
-122.69487190128 35.10453550027183 64.2522556545175
-125.1923099615454 33.60322051021452 65.12727372726962
-122.3805476180734 36.13464564076075 61.22827508164654
-117.0609271830649 33.09307136247435 80.97845032203639
-125.7681116384891 38.95493235030963 45.59108233869453
-128.2116044506166 37.48694654532895 46.44408063819327
-80.40234748779764 51.40640938366339 81.03370906978742
-80.58428144817833 50.43969286726482 84.06739445262245
-82.82471871672332 49.56062892398886 83.23201009804333
-125.6841322310781 30.87412604182072 73.72927312397159
-126.4138514341854 30.95395295630984 72.18883384551796
-124.4039768666635 31.93685205180113 72.26517636909756
-112.3520826622792 37.12545219554584 75.16583132028596
-113.1177672488716 36.14833897333385 77.22444620497261
-114.5603803226353 36.00929985060077 75.20741271517778
-114.9980106004797 35.12849772933716 77.5006028899069
-123.5966075163205 40.17508632882519 45.12550043944327
-123.4914917249866 39.46332513790065 47.77317942178537
-134.5276180747282 31.98129023775271 54.57657704740284
-133.5715939458799 32.88663198858089 53.0962635905344
-132.3821421643635 33.0313584777227 54.6551072444847
-132.1568503259651 33.85709968803608 52.18487269478896
-135.4059846266464 31.07272444892911 56.20256576833415
-136.5968266898284 30.95266837205799 54.55585326090916
-126.2157959977442 38.11689440984402 47.71871886582433
-125.8854858271362 37.58262880097452 50.14158322217159
-128.410943279768 36.64859370487402 49.00295508685688
-128.1092489823548 35.97131145600923 51.87167947052702
-140.2267363043874 31.11392375077762 47.71006036373799
-112.5822355820532 34.94383748275984 82.32452981989738
-114.7766197068659 34.11136186593567 81.4075251532027
-83.69489992364529 49.92024924021627 80.47905071758315
-85.43456478907513 48.46680594841109 82.50073803716967
-84.60309210308003 50.4209828629582 77.17142356847137
-81.75590236740592 51.54660542498727 78.20362991428715
-81.68027354023357 52.63553748053677 74.56245159306219
-83.03219137123534 54.22966822857634 66.69863032308419
-86.49097211433448 53.21594300714136 64.21949352067443
-82.56861413742057 55.57451120175914 62.84289692977442
-86.0597588386906 52.02358072864044 69.0968409177722
-134.5540879260276 30.88796979631142 58.31810302714334
-133.631469308604 30.8727664231513 59.96879137804959
-128.7493692440359 32.40756357143613 63.10814345723456
-129.3977179495938 32.63459878444728 61.1986975101016
-127.6115415409036 33.42828707901031 61.54302889812229
-123.5949702855276 37.47615087414439 54.4777228740727
-125.7034796098257 36.81963754518955 53.0999064793475
-123.3819553681377 38.47601055202967 51.38306000868847
-125.9617371151603 35.83823628842049 56.0522650373439
-130.7265073179053 31.58142335739671 62.54547350949797
-118.3672775311764 41.02601321088791 51.23526847673863
-120.9684182907546 40.14410742449388 49.78497178255779
-118.5782314475447 41.8216037141006 48.11387922836589
-121.1461101971152 39.17145628752569 52.84656274718454
-121.6560101313122 41.04916845361626 45.45880440706108
-119.7213782957269 41.90224745443467 45.85453269565993
-120.883105978065 40.87609043690921 47.39707350708602
-124.1601514513174 33.08278083555204 68.71788062602926
-122.4135507102479 33.78610028379717 69.30671181347523
-124.1024329303323 32.65406738442883 70.30295899538038
-122.411043226268 33.18616384073442 71.38929570452132
-125.3220415451004 32.87955022399728 67.40943944051836
-123.1153036432378 34.09934140250135 67.00614101394564
-80.34410821707603 55.11733442833099 68.27956100478484
-82.71110613366466 53.27178629054958 70.57296663674671
-97.76148717591211 51.6348225204276 50.17555083830422
-95.19291578631716 52.02879698660892 53.25967940332874
-100.2865344629214 49.67374837393962 52.59540076394416
-105.2908299327423 49.24636783941878 45.40819635403959
-103.1806585628001 50.23556697423776 45.63643405883739
-104.2102295072124 48.89834953389567 48.48542196799808
-131.0469715937522 30.91867626118618 64.28623638813112
-130.0077164039193 31.48381776998209 64.12857156555022
-130.4616659882009 30.84092470193545 65.56935473688084
-129.0540678757019 31.67050095795596 65.13364973600656
-98.21405249925715 41.73921169379744 83.67108615183102
-96.66465405031667 42.21943830024982 84.69116922352049
-116.4214218845824 41.03682306107176 54.56814290135293
-115.238488930846 42.28639407029177 52.28840192790356
-132.7331704420569 31.82558050450477 58.22404585714818
-131.3203172932466 32.00211206039159 60.05965604665087
-115.7248050880125 36.74734761769062 70.63389739792827
-116.3526144868063 35.64158652733926 73.37696840079072
-117.7817342525457 35.50699075313577 71.36791379523812
-121.6011223528007 38.13486633373564 55.64931150863546
-123.7754170290693 36.41669825763123 57.83523146622315
-113.8087362669766 37.21386732455274 72.33655427672636
-120.2523499502146 38.08109031016075 58.17173944788281
-120.1304736049237 34.54597424600917 70.62883673769429
-96.67278310830736 49.80099172815942 58.41381780718813
-101.1263605942928 51.36764628346096 45.27294475063356
-98.94426358305478 52.21087417844919 46.13142052818402
-127.812996968862 33.85691240530352 59.7092961763365
-126.2621399861638 35.02515243382332 58.34855709597868
-125.551911103806 34.71514097159541 60.65262081224026
-121.2796023692466 32.35839430072429 76.21648655515261
-121.5666064127131 32.67740839564961 74.61428372840832
-120.033732157522 33.32704442719202 75.01889459389594
-117.8125605428645 42.91759792942509 45.64342480566182
-115.3957392205371 44.10770728527896 45.70682238694485
-130.1950341979427 34.41048142987633 53.66586731793532
-130.2603627976471 33.61086355300389 56.32267244282682
-116.1978802075097 43.16509616567075 47.58277414455642
-123.0230125399745 31.6775537586057 75.55531238262387
-100.9182957180751 50.67015600089018 48.04950090190933
-116.7068036592759 34.83581446170822 75.55477107256806
-106.4504376388292 45.18598781801433 57.46526588046891
-103.6683288712005 45.29461309521659 61.90773061998347
-107.3550456558178 43.45347865213627 61.90002663386971
-105.1039643740318 43.42969461180794 65.88140411840625
-119.2367643020769 39.52893593921617 54.91530100781413
-118.5968768314343 33.83170692441561 75.75939885007421
-119.4313170102556 33.0184823821895 77.13119851467397
-113.3551237973434 35.39863214777823 79.41039322879736
-110.9260387602867 36.37794106917737 80.2252663125473
-110.5599402562714 35.90519072591547 82.49702274972717
-95.43611036042445 47.36079708639462 69.00888003864507
-96.42109121150298 45.28469351830027 74.49467688352354
-97.5754688336413 43.98913699093927 76.98317564979291
-95.27490476578615 44.93055413635427 77.70670484743488
-93.66471272740574 46.24125689660309 75.95523171910921
-135.8202884741679 33.75234491509488 46.20249286985468
-134.9677256473721 33.41785729602014 48.83787410398998
-137.665627347787 32.18934647664115 48.42065759866977
-106.3944275295681 41.93251551250032 68.83263690378374
-103.4661252977731 43.18904278710486 69.55186698774773
-101.7048375202511 47.675895175364 57.05959430011278
-99.67815649048799 47.13218181250163 62.45338715286193
-77.13034819634071 53.27056387890383 80.2433574870915
-74.67142927427247 55.12871796536891 78.06549541970767
-73.98458698023826 54.56108708302295 81.22147222609875
-101.845377934563 44.90180570194578 66.4258989874124
-136.3927687731379 32.19817944220006 50.59471503055273
-105.5450821025234 47.00725964447606 52.72431699261337
-122.7512586685734 32.43992045778577 73.38508818108711
-120.7068958470886 33.60866793535307 72.87736843227459
-129.6857918486439 33.18440653260723 58.79514897219631
-128.1086024783972 34.36349212825152 57.4424487783641
-128.1116331499243 35.08480315628148 54.93850480408276
-133.159862421092 34.72271174895413 47.44903664711418
-132.3199355984691 34.52660103012945 49.58318003636325
-134.1404406216456 33.18553205978309 51.07557202697527
-108.9240172317745 41.49369194236345 65.97138845533085
-109.0976655013398 40.15037519899402 70.32400653014489
-108.9845675053334 37.03177768456174 81.32303669217168
-107.3787938500544 38.0582927995299 80.548365580846
-107.5680419226046 37.41017389647521 82.46572804282758
-108.6262255106304 38.12433032806404 78.15898985650347
-126.5019745116904 33.55425826025806 63.02847839470158
-107.0133281235707 37.10729390191253 84.47572760477136
-108.8483647303098 36.31473731965508 84.04284750483654
-98.37157970796861 46.35009456558532 67.42567421939684
-111.4481399089243 36.86387807346837 77.6376254349972
-119.6808947166731 37.56957491796507 60.93347024290068
-82.24813107042787 58.75173365134753 52.39176846550017
-84.26370343146675 58.40929732232258 50.08692897030647
-87.63410847932019 56.50182519388086 50.85689346630292
-102.0252440281882 41.13433912646652 79.16524882378985
-120.8266299898593 32.14993139899226 77.723194405263
-119.7873380229705 32.38241586898681 78.71795106781011
-100.5259210269665 41.03031084867784 82.12251696397028
-103.3998241158781 39.92684738047973 80.96728038037682
-87.24940291303213 46.95184914657538 84.60531050306616
-90.0536192619369 45.55708299391247 84.57987699352688
-89.1662588800298 46.4418494957651 83.05190919152619
-122.2360551365337 30.60416292479664 80.63669750984779
-123.5892830253446 30.55057532219086 78.47847095294614
-122.4265786026862 30.89365432851937 79.30387354723318
-115.7275118590217 42.74354879809866 49.8577589392735
-77.50962708285161 57.72653984080793 64.15047365876946
-75.60260504892348 58.968659292129 63.15070471517099
-74.83834654816067 58.54814245578662 65.93115232057481
-90.42033645749304 55.83520407702319 48.34024833422924
-91.17101709019576 54.36377678344149 52.13720500238427
-93.5398263699487 53.99045574613154 49.32752898472187
-86.82769992915377 48.56441461130512 79.74963086596125
-127.387954970646 32.58130482972015 64.86432477545753
-72.98029941461033 58.82064857243492 68.20539547992544
-74.89409833144991 57.58637012829364 69.16626447236851
-72.53669096872855 57.96873027809434 71.92487938624994
-126.6558760047739 32.51544384556635 66.36047188108232
-117.4593997970728 39.05954462076218 59.61980585843872
-135.472804522507 32.02451464055375 52.78973237366791
-71.89120678251103 57.06276327696085 76.18125254414898
-69.63840454237211 58.65434638720706 74.5698148606447
-75.51454756368776 55.63259806064691 74.85967985376152
-130.7025800987724 35.85701910931151 47.77581851883581
-130.1049734935867 36.87785079530391 45.27463882972612
-76.45547935449578 56.04394275231877 71.80499837482645
-77.65967539097721 56.55038657400425 67.96489679669031
-79.63638630285189 54.63298590835264 71.18320380819755
-137.6314155765819 31.02530942005298 52.51225677242123
-80.05013791687267 56.14351335550086 65.23394442162386
-78.96767518066414 54.17892792437544 73.91434844307473
-78.56480382145455 53.41250616676319 77.26710495456135
-116.2832392081775 32.2887362653875 85.11174391590731
-117.3630998871479 32.08923900074354 83.93244915150329
-116.0966487459665 32.96541760573562 83.09083515263092
-118.0048230193296 32.19233454785082 82.46381863092458
-81.54839032818546 58.24280909441219 55.36672136285296
-71.46273605270511 56.21231363299799 79.86942960297402
-130.2800464081486 35.19617889697085 50.79688598582307
-79.66654334489195 57.35882413222107 61.68838968527129
-78.26147779744329 51.69461927855751 83.743415783464
-119.4101705950854 31.5044821537543 82.41247581678797
-120.0035830166738 30.92667917388848 83.38622358853887
-95.69670265772392 48.47185997507378 64.70868619246819
-118.7080872278548 31.45148274911796 83.8121152031824
-68.24590669788623 58.21847611857382 78.49159077828733
-64.86012530341716 58.75447262464566 82.4991898144375
-68.20580274390335 56.92138695505767 83.05430153048404
-84.7466993864671 58.97897389573252 47.27693789834008
-78.87495443495115 58.62646608884128 58.66822134665238
-113.0134808694637 42.74020960042246 54.5701658265677
-138.7908521268673 32.43130515881078 45.63354164966685
-132.481887870401 35.60968586687853 45.55075454066244
-111.7811925060187 40.31632579211526 65.10113169689367
-111.7780570839731 41.232923686002 61.93137416253487
-114.5175875890974 40.98310070322272 58.05178033691904
-141.2851864571143 31.16458930489755 45.70126029407727
-117.8436610441035 31.48971565166798 85.17690261335764
-119.4194878293362 30.77583113073146 84.92045907940464
-110.9577678952537 39.94053017908965 67.82913914898496
-92.9580627187314 55.2584268842931 45.94279231897349
-96.05532458550307 53.49467697818913 46.68798629981316
-126.8998243819671 31.93900670662017 67.93477772140851
-128.1741322261286 31.73684183288985 66.42793145645052
-128.5823667217025 31.12451210465344 67.84202096929495
-129.144395210177 30.53869513112362 68.8978885961356
-129.8797211886741 30.46254092527668 67.88807254872734
-127.8339078412174 31.10642263311792 69.20105354523449
-125.908783827761 32.03750804352925 69.31009167337474
-71.50008618365935 54.99601313531987 84.01812579699155
-110.099822177328 43.33563651243485 57.55415138966286
-87.82451816684679 49.11031168798255 76.13204808734835
-85.52971211772378 50.97863719533364 73.63469935032788
-117.6323037946797 39.72336648072012 57.02078097250776
-107.5667041698109 47.16751760831097 48.66761498700981
-109.152739317091 45.73650245105261 50.87770344687599
-110.8668442647358 45.74448763675547 47.88112509335956
-84.51635178405101 48.28854955365262 84.70862787903339
-122.5471699004859 31.36654745844546 77.45685343732877
-75.15833519421373 53.19782680252417 83.91095282372902
-129.5435679588825 30.97255336722661 66.7035720979556
-101.9856579434355 43.02728742101606 72.67644868933294
-91.72578233811102 52.70900594891693 56.90861772728089
-114.5501069101648 39.29503123901189 63.84309937804004
-116.8964760582693 37.58224564307251 65.71233214948916
-117.4546352283293 38.24693434508011 62.44302290204649
-109.2408300776016 44.7675297162462 54.08174578966153
-91.53215708833169 51.08860443035991 62.85722201513196
-88.39622840010252 53.40622570560001 60.26033422922087
-113.7925946867236 38.83159209152817 66.76054933571103
-133.6507495874904 31.89514317885559 56.39377998471965
-131.2147536041166 32.63846026424554 58.03812287889797
-132.0606058278676 32.59792390958818 56.71348590330656
-105.3786949124672 41.37472026986014 72.52419680445344
-105.8053496584045 40.10617602570285 76.17957527225853
-115.4908478654777 37.54129072681561 68.28882358750879
-112.8215314593907 38.42243928187133 69.85982709158381
-115.2186274426072 39.75320099656322 61.09804125280603
-110.9934338107794 35.11886295675738 84.47010918373395
-124.0229801853804 30.75550400296417 77.01739166261103
-88.51309702481348 55.11738353421993 54.1302872355329
-112.4028860481126 44.02260723796947 51.18539135251079
-113.5803069889407 44.13957838967146 48.74083850556569
-110.8605398807665 38.50974290330372 72.95393552296429
-87.57374708041463 47.48584595341546 82.19371072496794
-125.3170914997359 31.89499925115898 70.82859778578418
-77.24045424728369 58.78971323520575 60.93375401328549
-96.21206185485821 43.09584377274651 82.43912428837235
-98.50345886633374 42.24460480013352 81.41908654408211
-97.09763394948553 43.50563593550614 79.48570673382618
-118.0933661968779 36.15791109242899 68.57329723572178
-89.38408014363124 46.97892871289191 80.81413471249375
-90.9970005227779 45.71389939317366 82.40266477688108
-92.13900108884233 46.06940333850832 79.19315998296344
-132.0307491286868 30.68721585521193 63.38408608045541
-132.5327089608826 30.93597965747677 61.65292305852015
-103.9119898996179 40.45402635246087 78.25398169273453
-105.8086334385229 39.16901686871005 79.42030214763257
-105.2176392580245 37.90358023163557 84.8275351935774
-105.7296175967918 38.34442834952402 82.41362002124995
-99.47991857569573 40.79422275927793 84.75207948621782
-100.8101015277616 40.12635017178601 84.76171353891478
-111.0243963567755 46.46947322361536 45.09681312271508
-108.9418284916667 47.33067600737068 45.72063252112588
-108.3466794901074 39.37898640066778 74.29692163955399
-91.83279409705028 44.77302952552301 84.21429666976479
-110.3116014736868 38.00857374383593 75.64082562902193
-93.40624944469735 44.46310243856963 82.56261098668924
-133.6821697345776 30.45772294337453 61.31872845294501
-127.194287048851 30.99881381278101 70.68167714352261
-124.780794405369 30.8081295836969 75.52251857167877
-118.6210944743939 34.46760662482005 73.51463148279191
-94.75152078383906 44.49319813826852 80.12827811539401
-103.7210624690131 38.83579338010753 84.19040115629909
-94.82446482527357 43.15518101998798 84.6369625900376
-93.0869024611801 43.94116219928885 84.92379021328293
-112.9474136338365 45.34210817488439 45.67135658117151
-89.60077336056898 47.59815948518381 78.29373273266265
-91.04123475797786 47.62851612270938 75.69362192892636
-102.091726662101 39.78368793799665 83.72889048749803
-124.1480280722685 31.55473440118636 74.03218705579297
-80.03548236268304 58.49590685970101 57.11039844875408
-106.6833169027463 48.28788549744008 46.31661840204451
-76.77686891931195 56.68249475682612 17.5662140890648
-73.89695705156404 58.32217066422064 18.25806437191271
-75.11733851045733 56.70370459442181 14.7652961368951
-75.71117505717717 58.21987192834024 21.04600891745105
-89.26108634364763 46.59853123974254 4.257638654231502
-88.23246316176028 46.47296450105976 2.041035099080839
-91.25382457823878 45.05430293205681 2.35979874793287
-128.9390210020588 32.46616409269644 24.02588156219555
-129.7119418697859 31.61801285283437 22.42653769544182
-130.8428343909304 31.51511014160813 24.02883555180285
-80.11270306808922 53.21578203557208 11.33500318345563
-75.99907949060163 55.28218982473358 11.36824470400148
-77.13727295570507 53.7152859329502 7.911739312111024
-78.09131653193583 55.1424500867232 14.50803290892919
-104.3206848714704 41.65320687061863 13.21052231154773
-105.4970803212961 42.15807345217043 16.9970081410214
-101.9319465941737 43.33522553338714 14.89978981567357
-101.6558558201393 44.79163620359419 19.46674112251308
-77.97451534639819 51.64822342253383 2.20137109011797
-74.40591819312068 53.89466988354852 3.802298322817094
-124.2863563754153 33.65728563731506 20.09339610480922
-126.2334871728773 32.81063272415346 20.53303385105144
-125.5390835878781 33.59542387151967 22.04888784201181
-85.06188376939666 55.90947020819505 29.23844516342016
-82.45126693479477 57.57680052087459 30.49252579591642
-81.30957644972003 57.0562240931664 26.71173022522243
-97.56697413668255 50.2869444670474 31.42089653173628
-101.5599788058501 46.73884644056088 26.04601138937519
-102.1469616171524 48.24921794630765 32.29477581423595
-123.2051068129853 34.73768149892453 21.96321797620836
-119.9658963001937 31.12578039584381 3.840748346742267
-119.3449653310698 30.88522451617294 1.931954348927959
-121.4286808096392 30.6078778322261 4.580298330514665
-124.5752277582324 34.5481923161039 23.6799272816306
-122.4432244928755 35.93462501794117 24.78993306584395
-82.51032750972857 58.52806563178451 33.89010071955321
-83.13082657935861 59.03763530977314 36.73003777874734
-111.0938071524768 36.04591078277495 5.517670793672686
-109.8341573443537 37.28846305431399 7.640220656990672
-108.6509160703745 37.09597750453452 4.92399714896449
-109.8809483844888 35.92165395638068 2.986499512107758
-118.4452204114839 32.22682024408571 5.020974362277749
-120.3805484546236 31.39357027546135 5.48659830018345
-118.521120042067 31.66026055772521 3.189816054130169
-92.30682365889264 54.56603913624382 37.13326740363714
-96.18897836921448 52.64679109443662 37.2088863632831
-93.80906464571039 54.73482621966023 40.31992072629505
-123.868977312378 30.74955000554773 9.297782663214226
-122.4782038803234 31.71270793401749 10.22536935272367
-122.7343329807226 31.01424406397574 8.249448147585014
-124.9721461972941 38.52216583302116 38.13365826301411
-126.5227439116495 36.78239376816838 34.79262506654985
-127.7121686834992 37.25567799192956 38.49227384712479
-121.3583799497191 31.7622612452782 8.457435114959244
-123.6014171357329 39.96247042524965 40.74884734920804
-105.324188097863 47.84977428968696 36.41418008992368
-100.623853344322 50.3641153646009 36.98289446282546
-103.4002361344228 49.92163870166822 40.258946393814
-106.87335191372 38.60086603141342 7.058252492488835
-106.0280170583762 38.21171096165956 4.246016867951238
-112.4412113419364 36.14621385493646 8.198903342425817
-121.4448967774986 40.2636055208942 38.05680709238642
-123.2570675623886 38.60245162718772 35.44117307762697
-111.0907294548919 37.50383012177679 10.56272080206216
-108.4350989228395 38.70102107894964 10.110224922787
-91.88122870143363 45.66789199070939 5.572029415293759
-88.35216419574786 47.92566741715912 7.280673889640969
-129.4758354690319 35.6856629681779 36.10834274772045
-130.8350535122851 35.72187177265094 38.58800843525663
-129.825133827571 36.8923304729787 40.89336410402527
-119.9324547254967 38.62771772394004 29.77029905520236
-122.4203432009398 36.93390426371641 28.21190635493221
-123.1446275815637 37.67407904540984 32.03044435804973
-123.0381274068058 31.94162706860666 11.98818449281053
-121.4340531083789 32.77616637041992 12.10077525212711
-132.0247854496333 32.7310215366449 30.28807546494741
-129.4874973131656 34.07982108971824 30.56574220944205
-130.6261710341564 33.10007632444179 29.14404752362458
-126.565070401137 38.49881107363611 40.81178065696935
-120.5839614988284 33.7141427286401 13.87761881076908
-119.2480631616156 33.89214805339637 12.18040354996103
-89.35855354952321 48.61447841310115 11.40990266614367
-93.6826489301407 46.70233424443208 12.27559385908434
-90.87169623798808 49.24567016521006 16.21725504960834
-69.1797589135261 58.01708510450143 9.03079014728316
-73.32346944796872 55.66010856556102 8.043101089410873
-72.64444550201992 57.13214519081593 11.96628156655916
-109.4473046701169 46.01777240480325 37.20938679023548
-110.6584471693174 46.33539882848602 40.40743734134666
-108.0760330590846 47.57312838673678 40.22218585808088
-117.8241846125887 40.81446788342 33.69379286292399
-114.7323207774967 41.66703121471502 31.29189362340626
-117.7461257982061 40.14015914359529 31.22271703570643
-116.8738661767416 39.71511724684989 28.23953073292223
-119.5481672241694 37.90737952950626 26.60936887540632
-119.8615984458269 39.39566714676571 32.3078272147335
-120.6605995313235 39.72191194659757 34.82188282814422
-118.4312222164092 41.58120048289775 37.40125247107559
-104.3876716828789 38.49384851358961 2.382208484961125
-103.8394966227983 39.32300638101583 4.305028537214763
-102.3295775235347 39.53553016752801 2.425975934083564
-101.8431214232543 40.6673639114825 5.504196353246264
-116.3363638638943 36.94761606231548 17.72164409464374
-118.3470350980706 35.09904249308934 14.80058214269688
-119.2199757960543 35.45473653661134 17.5447200942587
-115.3303911631503 38.17025461524885 20.21459245187392
-113.4135885329395 38.30364516331555 17.35667132126921
-112.2010484573838 40.02862246833867 21.23198697259988
-113.5305112184896 34.90729180646308 5.793874204148039
-105.6598137917009 46.00640912072139 30.60989658487414
-111.9228589816663 35.04774699976298 3.495889911032965
-118.2387117095591 33.66038504009351 9.629304923594319
-116.6357670949069 35.07987126326465 11.77016792765054
-107.1222514346991 40.26345942693473 13.24875157554711
-105.0245701825594 40.35482808203545 9.931971374463716
-120.5328478457143 41.44746467418056 40.57810040854199
-126.7356181817007 33.63585704866593 24.26141118578382
-124.9531057357461 34.83737415190188 25.33618640220194
-121.4284394515525 33.96296084428228 16.20222876703077
-121.4056098291691 34.85190457500756 19.24207811451691
-106.3747888940091 44.32852995809564 26.03592587096072
-105.4540001307478 43.65206742384461 22.09773799247452
-94.50285135583539 47.79807327654697 17.49197748379741
-72.06793541231809 58.46811437262559 15.59566980060056
-70.17909123724768 58.6616686830522 12.99458752116379
-128.9019766877796 33.6695051426447 28.1302146024197
-127.3624889629572 34.76556637166065 29.26061111912277
-126.8268358257299 35.68709319890694 31.5250952408681
-117.679859665726 31.6576602817082 1.723702719562617
-107.7701755586426 36.78605883549341 2.324920072373903
-110.1181768501076 43.43691868865611 29.43103196482433
-102.2008223366606 42.17866709123617 11.35906029512724
-125.4997867149926 30.60325003041473 11.61562942585099
-126.2621507393135 30.69347972875396 13.24864749358789
-124.5070003036973 31.42409668508605 12.73956914265095
-87.08433051216019 50.62140083605557 14.42301602449991
-88.11485530165712 51.52892355495023 19.35168823466501
-112.019654915539 44.98525153090709 38.08807088324174
-113.2770109889854 45.11384227993238 40.71132690704636
-112.8799346778398 41.25380424631169 26.65200657490172
-112.1707164173098 43.92791396339855 34.68699230402435
-109.2737385760312 42.2993673144709 24.02782841765106
-127.4016394644078 31.42489830711292 17.75600813873796
-128.4979917781935 30.63554098628943 16.92053207922514
-128.9226866941299 30.81345740490983 18.27244580444576
-125.9352599992159 31.79250150834218 16.48957924495814
-123.9660507956735 32.65521519196699 16.06733671853664
-125.1534527157934 31.63750135297283 14.59851301978141
-116.974465650482 32.52903235489477 3.520445851916554
-125.7314199089092 32.56977395434596 18.82906858753134
-124.2750332876969 31.02079802974534 10.9407229619095
-88.26661722667005 52.79544918240887 24.00192107113471
-84.57707562391948 53.78665457123376 21.04508374689317
-92.48693777861195 50.20881066617436 22.3513520294597
-117.7938050693238 42.84817690357096 40.68614865190363
-132.349397237915 34.38999276446071 36.59716448473093
-133.1941311277952 34.55851844714932 38.64407659047256
-119.6902682052404 32.5326036850888 8.236725310776761
-119.4403343299096 32.19573984733415 6.636896575723872
-120.7041017680922 31.7458038362108 7.267181924766309
-132.4151912594757 35.57756929022497 40.82500883390795
-117.8724004468352 33.13216602280558 7.165030854238157
-116.4041939126692 38.69461167435097 23.89089950669229
-120.5276810273269 32.69926611881056 10.26450247137866
-129.3160315491152 34.96589237585514 33.33819576778225
-90.34944905614478 56.38819994145069 40.05514533059075
-88.71505763060183 56.22934096186799 36.67399269434387
-138.1719424498408 32.84999012293098 41.34738298331375
-135.5332063544161 33.84450641596419 40.22206349524939
-115.8572370039582 32.56217911643434 1.700172822651696
-115.3420228317101 33.2249634938735 3.103748131913555
-114.0602827202102 33.4092851629697 1.522218128317732
-122.0156918141093 30.86894184860905 6.501383495665364
-84.29907453111633 49.7759203115503 6.669980702740698
-82.99625972788712 51.33658274207173 9.819732516948873
-80.68688645506761 51.89211453106913 7.744199242310152
-81.27331253214693 50.58396003130721 4.228338887219841
-83.94469774258317 48.82879886363106 2.775257162509517
-65.49649754604749 58.55777345806516 4.524193720120912
-69.91161082422401 56.1974601135534 3.99502897014015
-136.5037515612078 32.10246895035596 35.86850230621123
-134.1258756396235 32.97511425871941 34.77283241807655
-136.1814913708744 31.57437896132747 33.4809738993652
-134.7208085965937 33.37913356073668 37.20285044331112
-78.29558109648771 52.34685076028177 5.17758937091522
-138.9918072388191 31.29232812246445 37.37153100150604
-138.3566128571434 30.82819599124306 34.66354119436019
-100.0630597504422 40.65102002999731 2.364422229079256
-98.00699481608982 41.52293813822355 1.823626226094443
-136.7472092576124 32.60444169296721 38.02906799431226
-137.986472538818 32.40377142397668 39.48039275839469
-98.62779698350906 41.96572186426633 4.432734942054974
-92.13246341204791 52.21040098823789 28.67109668409438
-96.22840015445132 49.24273007495368 25.48515362262006
-86.21640382342929 56.32390332511494 32.67377098505062
-85.46512916198074 57.79445206435479 36.4666553637222
-86.66928697921307 47.85213334830269 4.111115561009409
-85.92623590042308 47.51091775667335 1.642107857852954
-133.8467424188192 32.46167869667801 32.51076653782649
-131.3541917123033 33.6395927268597 32.27395596814516
-87.54877866333631 57.76079298848582 39.95904370615382
-134.1085913282098 31.65512835810896 30.17032982227049
-136.0006358075076 31.07881587096841 31.45104197306683
-94.08818330433461 52.55650933293229 33.25745737877664
-86.12747462093024 58.80641760516139 41.11942281515714
-84.6693807135314 58.88697418275744 38.87298625589616
-91.41101662474534 46.87943794871285 8.954516518070612
-93.78048775103397 45.48681767800979 8.234382766854003
-113.8593885060466 34.06997241127686 3.462946906401457
-112.3388776279273 34.27935475005683 1.554666509986721
-140.4881973934015 31.42759076555657 40.43191831759199
-115.961777656276 33.55119225453505 5.30728455300975
-78.22764599889007 57.7206598427946 23.67534305243353
-77.89926483976666 58.69127112284572 26.46886630347946
-97.41728814796753 47.37650339630935 21.07956918019374
-131.3510290134247 30.75880818968331 22.28914764490169
-132.4038417149445 30.66339755511557 23.78216060148036
-79.26028502586183 55.28935514156827 17.04163977061706
-81.61468283184342 54.63887549886157 18.8662488108913
-78.72307409606576 56.47109452416989 20.20482844977104
-81.28162417729294 53.68117416721736 14.97179956954106
-131.744679004468 34.01965563179182 34.26687632071364
-84.61781072242198 54.94747443572416 25.13683697461602
-81.24497583564565 55.88549739399318 22.54432242995455
-84.54490034030313 52.58299684163045 16.81976183572984
-85.86956864630402 50.02564782944352 10.25523780131192
-83.86483811638375 51.78493572410937 12.87729470540977
-102.3288518878182 41.31868528111607 8.601749605176433
-104.3526794072305 39.78229552771784 6.784911468326533
-87.67056052136186 54.09043087813281 27.45546875707998
-105.8360709058408 48.83091855208654 40.69957054492365
-108.4347885211355 45.43516738164109 33.43745437499243
-95.58638735511879 43.74128310867296 5.315583513578874
-93.52363406150297 43.98920361061156 2.6016118167475
-96.10601029156099 42.62892040920028 2.362259416412629
-112.1511214253592 37.88585450997487 13.72274487102854
-109.7131404133623 38.83090394397034 12.77378516105045
-113.9696614262852 36.15220273108314 10.86700262088352
-115.4580902989301 34.62625511223835 8.158999440701072
-99.84239520513532 43.74066859500261 12.68507660942152
-99.51346465794981 43.02108364441135 9.622636799962805
-80.25508604540602 58.96366820237407 31.49287948834797
-126.9300982468935 30.84380530158224 14.92630957313626
-114.9766748280087 36.64182196583955 14.30729177849356
-132.995180090438 31.87361879777841 28.99871807368281
-130.5590221170362 32.55291542190746 27.13232122128985
-125.1276256359284 35.85480654262937 29.16295292426204
-124.3259595555836 35.60481772704932 26.908439882583
-126.685498712428 34.46337865905774 27.04122066567485
-131.4093030327592 31.74932000846426 25.82131479840253
-132.5728936122664 31.58317877226267 27.26118267665043
-128.6396239827577 33.1863760029469 26.00219795467136
-132.8530952838642 30.88403116562317 25.32458785484395
-134.1426466658224 30.67721168191152 26.84171265979887
-98.074841063614 45.48910099470974 15.68033053096244
-135.4883204657206 30.74771563091595 29.41672089525657
-130.2860982851172 30.84197531198479 20.73273287962268
-118.4592028888511 36.71811058666487 20.60347885327456
-119.536746803618 37.06899307338519 23.68533225000887
-88.27402761708056 54.58935952333531 30.22904395324527
-127.6875004568305 32.51119282980797 22.01416851209953
-128.8538125694789 31.65349244282902 21.06311905285141
-127.799538814034 31.79876677595693 19.74030839536084
-108.3625584474917 41.59595118586471 20.01291319295486
-129.3176836474767 31.021538386562 19.67741426109782
-90.2888265743978 54.4125922112887 33.10643818319132
-115.5132409154721 42.3808374040524 35.11718415241218
-114.9295282713012 43.57241911901491 38.23392433905806
-109.7429338966673 39.88272313386389 16.46899754241233
-134.2958837371398 31.03791961566815 28.35665598884288
-97.49090140489508 44.67926571527391 11.86356567401762
-120.9811388545565 35.83865758413131 21.92508551279728
-101.079068885567 51.25414178806606 40.85449287969774
-106.0160376367351 37.5095776917457 1.793006906672838
-98.66056619619249 52.34029925051009 40.42808316340538
-96.2673832983666 53.67880389006161 40.91968487630579
-131.755124251572 32.30723478153651 28.35296818623043
-115.8870979966491 43.97904418826698 41.30107431430222
-100.0612575744391 42.00018337978732 7.034939707769787
-122.873012180977 32.58738717677792 13.93917516627956
-124.8027094588835 32.57264305973884 17.23043377519208
-123.6034309676187 33.37829720968787 17.94409033797789
-127.5229395998829 30.93934921942441 16.28411475745555
-79.35432395918968 58.67947167826762 28.94822815131589
-130.016607119482 32.33043568491632 25.42213847049217
-97.99305291966377 43.02806219766038 7.013380838408457
-96.34115716763549 44.44314109781375 9.054190570656981
-110.7929850479041 35.0817033636523 1.656519146602465
2 7 0 105
1420
1421
1422
1423
1424
1425
1426
1427
1428
1429
1430
1431
1432
1433
1434
1435
1436
1437
1438
1439
1440
1441
1442
1443
1444
1445
1446
1447
1448
1449
1450
1451
1452
1453
1454
1455
1456
1457
1458
1459
1460
1461
1462
1463
1464
1465
1466
1467
1468
1469
1470
1471
1472
1473
1474
1475
1476
1477
1478
1479
1480
1481
1482
1483
1484
1485
1486
1487
1488
1489
1490
1491
1492
1493
1494
1495
1496
1497
1498
1499
1500
1501
1502
1503
2365
2366
2367
2368
2369
2370
2371
2372
2373
2374
2375
2717
2718
2719
2720
2721
2722
2723
2724
2725
2726
-52.67794366066397 60 8.139862126256817
-55.62876741236164 60 17.29668201959432
-43.30896119826032 60 73.86195964928149
-45.94568193094719 60 64.28538326297628
-35.06335942265801 60 65.41287848660902
-42.41914435957899 60 53.09142328305877
-69.22085408244213 60 31.41622883403498
-63.49582242687364 60 29.99418908305715
-65.13926820158385 60 35.72693170740083
-61.23278403421195 60 70.32159195520008
-54.64137668945409 60 69.43440356533712
-52.81346286884924 60 78.78563754518042
-67.51983669187953 60 27.62747130333719
-20.95271437932784 60 20.79888680105573
-26.3488733655179 60 11.31392920577962
-15.90292544241014 60 12.58816798025728
-71.00110575188724 60 35.82297127456558
-68.68094975086075 60 39.91534576066868
-73.14553553391936 60 38.90901152208738
-71.50046170501039 60 41.99923201207893
-6.294910667053934 60 10.27632859157042
3.97447649833255 60 17.57332697884013
-7.86538886472993 60 23.00252539304946
5.442761470017153 60 31.19301649757548
-27.10085258028102 60 54.17829478881623
-35.10651370751825 60 42.65893572164087
-24.20138642420708 60 41.92862234477582
-28.28715305084281 60 30.67859743368796
-22.8651831682084 60 69.17116467988579
-56.74489254173619 60 57.86558051864441
-61.21052635071668 60 49.9913131434277
-54.09980270190123 60 46.11689682410406
-32.30754523111319 60 78.04227065931904
-62.73040243706039 60 42.62955647024732
-55.70647934467183 60 34.58331003041007
-41.12722144745325 60 14.06062365417601
-31.44582686829263 60 20.43589679918869
-65.70687081556632 60 47.6687537174265
-68.56894066440147 60 44.40440787477591
-61.60863144787066 60 65.51809653306226
-49.2212880538298 60 26.48821502644306
14.34290961008394 60 22.10769455823123
21.74390796948415 60 24.63816093530391
19.71494670082927 60 31.46804730151459
-72.95573449828666 60 45.23525747287945
-8.488843600886995 60 72.06503108706515
4.75442934195242 60 77.06924705497856
-58.58211364236679 60 25.63821712623553
-64.80647155526488 60 24.9731114775676
-62.63392723969446 60 20.49389150831743
21.05528686240062 60 17.40717030976736
14.12607815943988 60 10.36644532638591
2.955159990514865 60 66.08691624202312
12.26785982405798 60 68.80347494320758
20.66408540572121 60 62.49230076720902
20.45286425052242 60 71.15159004877377
14.73919653792012 60 79.55814486421481
24.20872328578774 60 9.419308664074602
4.095409240511607 60 8.493951656136014
-75.02567051792471 60 41.60254015580584
-76.81889320411885 60 44.00974836553991
24.21144794551823 60 78.05123299434537
-75.70261829400111 60 47.1473871429653
21.2194402998154 60 53.38287630953754
9.838855326390046 60 57.19046112666999
16.76010111366381 60 43.67604511453884
-69.84970469931326 60 53.76984403221491
-72.4910860607617 60 51.15402582254568
-69.83923360139909 60 48.97832907534016
-73.23432544661891 60 48.50516214553695
-7.243488990154283 60 35.8836275074534
-17.06186380728019 60 33.3754009577294
-13.82105113441919 60 47.96014626635402
-16.62440336223582 60 58.72597267906146
-4.172596484112965 60 58.00448626920934
-65.19660857775602 60 56.50998829561103
-67.70414348218935 60 59.3527863611547
-69.14155695658776 60 57.15078450538331
-38.49589285855181 60 28.81040753923719
-45.78737117764329 60 38.54019749883614
1.104703875959306 60 45.99839021408236
-64.56300363989219 60 61.20064069111174
-66.06797302484529 60 52.11085246200177
-62.30500012376355 60 54.11943360492123
-76.04802428922804 60 55.44579498214277
-74.49872407030415 60 57.32622908995339
-69.31968348027289 60 66.13040250018368
-67.84229375511673 60 68.68993432255428
-66.05127896651508 60 71.79129073874466
-71.67924528503799 60 62.04910308790771
-78.23034322574038 60 50.69653265312023
-76.83184494048386 60 53.12830687226082
-79.68767844306362 60 48.17460171782909
-81.11717598550453 60 45.69639164025445
-72.98722295692559 60 59.80656308696014
-70.10459724581276 60 21.83180283869042
-68.36238880835106 60 18.81420930763159
-71.82823753073168 60 24.81723538614251
-76.69844429714701 60 33.25268094893958
-75.09883744908214 60 30.48208061595613
-73.47014199081764 60 27.66109733218533
-78.10470001227573 60 35.68838729597664
-66.49812682736331 60 15.5852128379418
-79.70315000557748 60 38.45698389773344
-81.13268561958861 60 40.93301221242984
3 1 0 30
3015
3016
3017
3018
3019
3020
3021
3022
3023
3024
3025
3026
3027
3028
3029
3030
3031
3032
3033
3034
3035
3036
3037
3038
3039
3040
3041
3042
3043
3044
-14.59722432740898 9.783939272352379 69.06003323580194
-13.87785905349826 9.696322654157965 25.99172409540047
-10.73818409332933 10.04457224946894 58.43696204496023
-6.713943090762747 10.28016738211249 48.45102880918345
2.911402735887599 9.82144464336017 42.82887411279238
-13.47575785322452 10.67448815777084 15.19886166987141
-3.943677529370731 10.0388553396222 20.94463055218611
-17.96689574814506 9.615090362851308 42.42141701941291
-23.19855077670654 9.791757414553821 32.39634267662234
-28.20185742821156 9.035426547308857 41.37320640480261
-3.980403003255063 10.33348760361426 66.9146169219768
-26.77159760622735 10.27290531108921 53.06117848956657
-23.62768313990301 9.891844094283151 11.40221436049503
7.976116091141026 9.77847591094536 19.14751138465812
6.716186087161098 9.798722486705904 68.46301330001228
-0.09752221620191648 9.58865868749543 56.90768436139445
-25.5416233090942 9.480106741607193 21.94106211606575
-39.62047964997211 10.08430035302996 42.06263139822287
-4.825966567035913 9.758058355326311 31.50084873127215
-25.30564475482062 9.646869824949801 66.799045756689
-31.50401750442227 10.38460214599489 75.93551483588666
-37.77106038017911 10.17637719800048 52.90664130929325
-34.22522228310292 10.09250779437511 32.19050753862322
-33.66066356887036 9.964069892418703 9.092730134820808
-21.65011443967917 9.68046200516182 75.97689413603571
-4.208175627330391 10.17724652356727 10.58395640391716
17.75026537609594 10.02543821803961 13.26646757982805
17.07508973246422 10.62097614700809 72.4174414990031
-7.557006390040151 9.701218900113091 76.46578577004097
-35.95291340621174 10.4324295052554 66.212856266144
3 2 0 50
3045
3046
3047
3048
3049
3050
3051
3052
3053
3054
3055
3056
3057
3058
3059
3060
3061
3062
3063
3064
3065
3066
3067
3068
3069
3070
3071
3072
3073
3074
3075
3076
3077
3078
3079
3080
3081
3082
3083
3084
3085
3086
3087
3088
3089
3090
3091
3092
3093
3094
-120.8232059049713 23.56037044574087 66.67782452577629
-114.9228489510554 24.40733534039681 5.535967524942073
-128.4450582191973 22.85393977685287 58.83212661199973
-135.2728341337382 24.18566313923347 55.43720221858588
-126.100687946332 24.35940123067237 16.40305544728124
-118.7059014604669 23.53631294327931 20.29189328128317
-120.0735397244831 24.05100393147526 81.49306523381844
-124.5945204413616 22.54544247316034 28.19664625580701
-109.3933167796081 24.19784811076122 80.16166277580371
-137.4728769092228 23.6191985970423 49.13988031830928
-122.0170924890764 23.06227126116342 6.047993563336305
-124.0457913484447 24.38430624102298 72.54795814515643
-128.6573907801037 23.81309931008853 52.28931504844637
-134.74647220648 23.14849320538952 32.65819558282621
-132.3412875188025 24.20053120011414 27.30947823932803
-125.076888295618 24.19428235134149 41.65150276301437
-107.900316613113 22.9090062015313 10.20930679980129
-133.1954250495912 22.88385341431901 40.22228447899858
-110.3540953452592 23.12495622292496 69.47730003164787
-120.2414905404294 24.85846052263664 75.97371886656053
-113.5533255196696 24.3776669657815 56.38489123645354
-122.4096014269574 23.59679575302106 34.37597024241841
-127.89921911882 25.13289271053545 25.08134596585264
-113.3197915900295 23.75114740389292 13.39582050977421
-138.6104169250656 24.19460842574854 42.50768802896028
-124.3352776209314 24.56869974177656 62.64088913401577
-115.2989488515505 23.85279542654792 65.20591405706169
-130.7584223853261 25.19837325297598 21.04013484039394
-126.6422060106814 25.09375866233439 68.74570470211971
-129.1841417155564 25.13399492792833 64.41988151134342
-121.8939632736144 23.19736859253694 50.27555248765161
-136.4981548047534 26.11617221822611 37.27411975980542
-117.4063186001567 24.6842275951225 70.16217217947622
-123.2269944889223 25.75043957599735 23.25488922211033
-112.5407532396906 23.29542318722514 22.71326445775829
-130.4709140394096 24.78152750796261 35.9875923624836
-115.4958199764011 25.04314503310992 77.93853514840356
-123.3188921789997 24.98902601877074 11.91201140220804
-118.1639303142242 24.97363814459231 11.60679679836294
-120.926626739814 25.56839283612497 15.79928113357446
-131.2069774997731 25.80498887845217 60.64768692898936
-130.3229410518895 25.68617380759287 56.31472542265091
-119.2746002176987 24.95673823922442 61.33874541688203
-128.0291312078687 25.54166104989167 29.75042874165791
-115.8970921208683 23.37910969697851 36.73059045268052
-123.8383137898099 24.77998337830305 56.37755368000575
-104.1000668753938 22.67452422664539 25.44315927228417
-133.4921767343274 25.6331897793721 49.88375649070968
-130.3201597996566 24.7802725324162 45.40261754120677
-113.155244534998 25.1195802854273 73.44632077700572
3 3 0 751
3095
3096
3097
3098
3099
3100
3101
3102
3103
3104
3105
3106
3107
3108
3109
3110
3111
3112
3113
3114
3115
3116
3117
3118
3119
3120
3121
3122
3123
3124
3125
3126
3127
3128
3129
3130
3131
3132
3133
3134
3135
3136
3137
3138
3139
3140
3141
3142
3143
3144
3145
3146
3147
3148
3149
3150
3151
3152
3153
3154
3155
3156
3157
3158
3159
3160
3161
3162
3163
3164
3165
3166
3167
3168
3169
3170
3171
3172
3173
3174
3175
3176
3177
3178
3179
3180
3181
3182
3183
3184
3185
3186
3187
3188
3189
3190
3191
3192
3193
3194
3195
3196
3197
3198
3199
3200
3201
3202
3203
3204
3205
3206
3207
3208
3209
3210
3211
3212
3213
3214
3215
3216
3217
3218
3219
3220
3221
3222
3223
3224
3225
3226
3227
3228
3229
3230
3231
3232
3233
3234
3235
3236
3237
3238
3239
3240
3241
3242
3243
3244
3245
3246
3247
3248
3249
3250
3251
3252
3253
3254
3255
3256
3257
3258
3259
3260
3261
3262
3263
3264
3265
3266
3267
3268
3269
3270
3271
3272
3273
3274
3275
3276
3277
3278
3279
3280
3281
3282
3283
3284
3285
3286
3287
3288
3289
3290
3291
3292
3293
3294
3295
3296
3297
3298
3299
3300
3301
3302
3303
3304
3305
3306
3307
3308
3309
3310
3311
3312
3313
3314
3315
3316
3317
3318
3319
3320
3321
3322
3323
3324
3325
3326
3327
3328
3329
3330
3331
3332
3333
3334
3335
3336
3337
3338
3339
3340
3341
3342
3343
3344
3345
3346
3347
3348
3349
3350
3351
3352
3353
3354
3355
3356
3357
3358
3359
3360
3361
3362
3363
3364
3365
3366
3367
3368
3369
3370
3371
3372
3373
3374
3375
3376
3377
3378
3379
3380
3381
3382
3383
3384
3385
3386
3387
3388
3389
3390
3391
3392
3393
3394
3395
3396
3397
3398
3399
3400
3401
3402
3403
3404
3405
3406
3407
3408
3409
3410
3411
3412
3413
3414
3415
3416
3417
3418
3419
3420
3421
3422
3423
3424
3425
3426
3427
3428
3429
3430
3431
3432
3433
3434
3435
3436
3437
3438
3439
3440
3441
3442
3443
3444
3445
3446
3447
3448
3449
3450
3451
3452
3453
3454
3455
3456
3457
3458
3459
3460
3461
3462
3463
3464
3465
3466
3467
3468
3469
3470
3471
3472
3473
3474
3475
3476
3477
3478
3479
3480
3481
3482
3483
3484
3485
3486
3487
3488
3489
3490
3491
3492
3493
3494
3495
3496
3497
3498
3499
3500
3501
3502
3503
3504
3505
3506
3507
3508
3509
3510
3511
3512
3513
3514
3515
3516
3517
3518
3519
3520
3521
3522
3523
3524
3525
3526
3527
3528
3529
3530
3531
3532
3533
3534
3535
3536
3537
3538
3539
3540
3541
3542
3543
3544
3545
3546
3547
3548
3549
3550
3551
3552
3553
3554
3555
3556
3557
3558
3559
3560
3561
3562
3563
3564
3565
3566
3567
3568
3569
3570
3571
3572
3573
3574
3575
3576
3577
3578
3579
3580
3581
3582
3583
3584
3585
3586
3587
3588
3589
3590
3591
3592
3593
3594
3595
3596
3597
3598
3599
3600
3601
3602
3603
3604
3605
3606
3607
3608
3609
3610
3611
3612
3613
3614
3615
3616
3617
3618
3619
3620
3621
3622
3623
3624
3625
3626
3627
3628
3629
3630
3631
3632
3633
3634
3635
3636
3637
3638
3639
3640
3641
3642
3643
3644
3645
3646
3647
3648
3649
3650
3651
3652
3653
3654
3655
3656
3657
3658
3659
3660
3661
3662
3663
3664
3665
3666
3667
3668
3669
3670
3671
3672
3673
3674
3675
3676
3677
3678
3679
3680
3681
3682
3683
3684
3685
3686
3687
3688
3689
3690
3691
3692
3693
3694
3695
3696
3697
3698
3699
3700
3701
3702
3703
3704
3705
3706
3707
3708
3709
3710
3711
3712
3713
3714
3715
3716
3717
3718
3719
3720
3721
3722
3723
3724
3725
3726
3727
3728
3729
3730
3731
3732
3733
3734
3735
3736
3737
3738
3739
3740
3741
3742
3743
3744
3745
3746
3747
3748
3749
3750
3751
3752
3753
3754
3755
3756
3757
3758
3759
3760
3761
3762
3763
3764
3765
3766
3767
3768
3769
3770
3771
3772
3773
3774
3775
3776
3777
3778
3779
3780
3781
3782
3783
3784
3785
3786
3787
3788
3789
3790
3791
3792
3793
3794
3795
3796
3797
3798
3799
3800
3801
3802
3803
3804
3805
3806
3807
3808
3809
3810
3811
3812
3813
3814
3815
3816
3817
3818
3819
3820
3821
3822
3823
3824
3825
3826
3827
3828
3829
3830
3831
3832
3833
3834
3835
3836
3837
3838
3839
3840
3841
3842
3843
3844
3845
-79.66840023302412 43.74374123272109 43.25741492228533
-67.0608275857245 45.61896066082474 58.01128124651373
-93.68627006801259 40.72012819472496 43.40586006621087
-66.50617859407035 46.81240810975374 26.73604167126655
-72.99306717685775 49.78301159751214 49.86617183624844
-73.32028397434721 49.78580110954262 37.26684549888598
-87.5622011149951 41.19992194075238 34.37801216025844
-78.67562138506985 43.02867349596247 57.68441561874118
-88.31814632793271 40.65299016224335 52.92187238868146
-78.33672554210472 41.9760549774029 67.91022878525126
-66.17116191887563 42.98014696714832 73.32450321828051
-78.61176900813437 43.55096209117281 28.06933817553209
-101.7205711991002 39.87092882507956 43.42239389993411
-80.14380483848194 40.20439072143233 17.83386607574938
-68.94342016748868 42.26682337364688 12.48698134297759
-108.5279202608187 37.30746354343703 43.8834696625669
-86.93491841069051 40.65551522054483 62.07149961940713
-72.58775860568502 47.62152750271197 64.57240483884155
-65.18142057485755 50.46167290735576 68.04714416050514
-98.32443123807124 39.51151802348346 50.81925571694294
-87.25115062039542 45.98011608849845 46.60950932274957
-81.25905132981363 49.76741393073712 48.09639919961128
-79.75274379475157 51.81122473209382 41.6747819000004
-78.61013480032075 49.81560835214509 54.36167469333547
-99.07574619219776 39.19579267101249 35.81307274928304
-80.48287837315553 39.42397706637466 76.75319161952869
-98.58339496148591 39.2128634909348 57.4082925917789
-113.9279017957749 35.72116225864898 41.61355126356412
-87.70774002172969 39.30790884485331 24.46137252009613
-74.52779380256973 47.61129632240556 22.45561284009041
-86.58764870737807 40.01411034915292 70.00598298917225
-72.80952266815247 51.31406689960313 58.68654888318763
-102.6348933680276 36.59589310640656 61.2246932791395
-104.3891942606746 36.82571078356222 54.56392386111644
-67.03482163308254 49.28843262621805 18.06989701756011
-105.3271069093205 38.11657955097511 38.03024804891263
-82.17030168182822 47.34273063148766 35.07622215299259
-82.14430815369371 39.28903309908495 9.371393065568325
-94.27951679009229 39.61665882899904 62.73729491129467
-84.81754067039014 46.61732184570485 54.3092391917355
-89.99516516348888 38.55234343979958 75.27453788340679
-94.00706989943713 35.49433825886235 79.14781779511723
-93.30790120747567 42.41356672673303 57.32287893013329
-88.23916245106133 38.26942499223788 16.02366737810996
-93.0926069044324 38.31841527347383 69.26732460065269
-98.75443318274066 36.68111381760588 66.46897927494642
-93.40310918663542 36.53763062228735 54.18425597282029
-104.9003497880856 38.90290982384183 48.70271327484388
-110.1950271996994 36.4858132267877 49.44935545031144
-94.8711768287454 39.08758843453891 28.65404145466438
-98.76908547283847 37.26546126991517 23.33916859537877
-101.7872087792711 37.31720838805298 29.64704322353793
-83.37523779359101 46.49747674392682 60.32785679875585
-87.51829370909714 47.31152756807853 39.68283347632881
-75.59989514268887 50.11848356026449 29.0633335118024
-97.72081688118253 36.20917293150719 72.25970071511367
-115.1166960842416 35.03850102216354 47.09085162801543
-86.08061313090676 38.79085098658051 80.5356536746493
-107.5069106390854 35.66776689529213 58.91048104503912
-93.84511450352322 44.05921836719236 49.43175828773752
-96.09686583316977 45.54131972503936 44.79761818013174
-70.112050451686 53.03236205756076 27.1135923257982
-56.45039208850305 47.91269952098266 76.37302322414176
-95.35340694583067 36.58735958472154 15.73589320958044
-86.43894664365531 50.84977566523649 43.50833191756488
-78.25775610434725 48.6826013293355 62.62529303250729
-103.9385716115943 35.45702379184124 66.26633507846003
-91.24797059439588 48.29230624894232 43.52931040743669
-93.27238924584849 44.84505862937577 38.58885672645113
-98.61518120204533 43.38563298438493 40.1078607540594
-67.41928155063056 53.66155364098679 61.62291999598945
-88.46232199721891 45.10931547920931 58.33596628541804
-101.3349194523123 35.5593917358057 18.34766271488003
-95.04414591226973 42.77062981017544 33.31181396905527
-92.65709503947588 36.19322688025517 34.81316567271965
-64.31567123117641 49.37353593257625 10.48671914575111
-76.39090072306522 44.05838256897085 11.25688504720702
-104.7859095382137 35.3854601694245 22.88937797848396
-109.9656587469565 35.3571058166699 31.20944708717003
-110.6553645363974 36.20847886549244 36.87989353589178
-93.51184576431828 40.36013433169104 22.82170154166868
-77.43295681007578 53.37390423127358 50.87624047249972
-83.76660911229463 45.30186259058508 65.88624865194636
-102.3055478796076 35.49017965516364 70.83716212415099
-86.30809667462817 46.03989818396315 30.32683212933191
-98.67302730962166 35.63599144231229 11.70956480010668
-91.32895192785843 43.58885426963354 29.01454113843455
-90.52582777492864 45.77466750316454 33.95758394831833
-95.45540857341675 35.81991290819467 7.274044803262621
-89.35191198602475 37.82013980532443 7.297276447883634
-110.5250361950326 35.55839751649737 54.61073578699258
-74.68598236003484 45.91131520818756 73.00643739532224
-69.14306775044689 48.92395863029083 75.04033385014439
-76.43918629662494 52.8468275188977 33.81240137185916
-83.35334200604346 44.54722578793684 22.21629731084738
-98.97268697035526 34.42767652894586 53.8697235163272
-91.05980239577427 45.62571761323863 53.70426698504393
-82.28995629865774 45.01174192974769 71.00431997404095
-78.01980210811323 47.63496434122499 68.60786166475229
-99.97886978848354 43.00308958150776 47.26171456044451
-79.52457265712324 44.02046576202957 51.10007571502209
-107.5696106280708 35.33645356789945 63.47785486487378
-114.091692188054 34.71110416208544 33.74566463415584
-98.81637226798071 35.09931976984419 77.95987797508704
-73.40776303395573 53.62004878456952 43.08673770476754
-106.4367074035445 36.45054266460539 27.63772299533565
-106.2398917934656 41.46174796225574 43.15213462443835
-99.79887812808019 33.98238953387277 82.16768855535241
-114.1639689206858 35.35509977988758 51.66697898845128
-97.16233887995672 42.73726032192323 54.31751420282343
-62.33079771928745 47.23711624283932 43.28478608307962
-79.03486613774365 39.03888255867646 35.7291909287441
-86.23213831244836 40.09483470470119 41.84252092282718
-81.28877738005812 48.80143021660582 29.18919177533483
-101.5194926805985 40.8655713252996 54.06143228886242
-78.62162824137896 46.5439932846456 17.96744544539564
-102.8967118058799 39.40884777233344 57.91964678837625
-102.9568644280325 43.93932770734079 42.96708939011054
14.58711774633486 45.05650053140628 26.57610619531502
-74.6184130612659 51.71679396621951 63.12209674728672
-91.32388652507248 37.89289885711511 82.17066590665507
15.27043906248914 45.47586127903781 64.35639354204982
-112.6136166020961 38.4452109620805 44.69562822656101
-54.46317490088163 43.05113517477692 18.22821844832538
-30.75199678253193 44.60245388464462 21.36841642650063
-31.49054408703073 45.00291241045794 37.06106397105552
-51.01377630813482 45.28361836812356 64.20932433248372
-73.58246184379963 46.63078052035029 78.65321664757907
-109.0478984174585 34.15227547734538 20.73581135400795
-110.1812339444178 34.45032988595737 25.39288550776649
-71.45346602885104 46.20242653156838 6.798382757645957
-81.25958526757312 50.07512140299266 58.56215541714081
-102.8440100055783 41.99453391632193 38.73546223994006
-91.5380219880913 43.47780538997235 61.70701479200743
-90.2554748379205 42.04246176512694 66.69166412724623
-88.68329587653518 36.3977438944485 65.80459896237917
-118.671054813189 34.93489534690875 43.39630023567221
-79.18086147346287 54.38254559449094 45.77896329186424
-93.15175548478662 41.95743312395204 53.08168198147095
-93.20784232539377 38.48534962462234 48.59699069125383
-105.9585271555123 38.20715684991386 32.34451960970284
-74.89969938879022 54.45576107864755 54.45422291450687
-87.97537480124602 48.24056291035485 50.91216335322632
-91.46818345248677 47.68807667548296 48.03961857297644
-85.65680855399265 50.67213344298161 47.92913136742789
-84.35178100286657 50.47251118376135 52.16434558970774
-99.09915740517735 39.55477599907123 62.61886666792213
-84.96893551930896 43.08415644307775 15.41155977727499
-97.49781231126273 38.29810781545334 40.73542469180586
-83.11456620240641 53.27082259942777 44.59894359292556
-99.86807783950678 34.50598166842965 6.878238629562696
1.918030067839712 43.95271846723617 18.94195781936282
-96.65659644556598 42.05677549449963 60.05443093580541
-87.37862359071549 45.28912942277322 62.8951891003716
-67.31671422532746 53.25705851430993 54.40409473103328
-98.58803083088569 40.40026850980157 31.26628207806496
-84.017584242045 50.95022414307599 39.03095039315819
-73.72747114985521 48.26862562916444 14.7691660419043
-73.86871376271515 42.06883158140684 17.01863551108489
-87.75356465229441 44.99326360087354 25.2620081489959
-66.10497822307643 49.56392913474507 80.26809261986151
-79.77817617341729 48.36842545865148 23.91625769353266
-108.6814265209466 34.06916885923258 67.37909869232314
-34.58484317255865 44.86680625372216 68.75511903031968
-111.912492925904 34.44237571949576 58.82354434867684
-114.8952152592012 34.16863044306049 55.73635886011377
-84.05803027285874 42.01639459642738 57.21893335837949
-99.82978248841175 43.33346705590332 51.30970720932839
-88.27288092674658 42.81729451445617 20.0963258621528
-2.747409821600975 44.99146229282081 65.92940228906163
-7.644815245021498 44.90669734231225 40.0912491363341
-83.90543155459697 46.60794117127453 49.90280459717882
-15.94489767426534 45.06309695631136 16.77041322446122
-108.9404485871375 39.64429462498926 40.12319895453855
-104.1936484902693 42.43103944722924 46.63189894383564
-107.968750076916 38.59747259948617 52.64569109810056
-106.0272428982198 34.86236319319472 50.69000081017474
-71.5707835958592 50.33168422355753 69.67535090141115
-103.0803602515104 38.47069621224948 25.57086879901103
-99.12173584868603 39.55353720623287 27.02785486583791
-97.54676302586694 38.86264001505938 45.94387227748589
-89.94690915352702 43.71696953972986 42.10099840936023
-117.5816577006828 34.78074716455225 38.85220592345193
-90.65182537095295 41.61065596103973 71.17337675090097
-77.50703097126167 54.58999112853077 38.38268972750354
-94.61963479919029 38.66235737425938 58.66651925741818
-96.60904831257837 34.84046968723957 61.89014601413633
-97.54047858540868 35.07679612655205 32.42751440730209
-98.14069372017238 34.73980089988726 27.53674308623123
-102.1905560323193 35.50774645892378 34.34105284462191
-107.9709283406041 35.5212386224707 40.08342987054915
-89.35564864466402 38.31302828542734 29.81525067175129
-89.49717599088603 44.33788778126384 49.90027355239009
-84.02598307653525 47.70817796120861 25.62418148191204
-108.1384259604804 40.34683187814706 46.62307919800416
-111.4607541354883 34.26086714668009 44.87721798702083
-81.0516436603848 38.60508251647497 24.27214478168897
-118.857555408018 34.09559564063704 49.29577946819367
-102.942162440451 34.51690249807825 13.83792169482367
-105.74928623931 34.46798104069732 17.51144064248124
14.72621228014931 44.57958721916787 48.54604937229019
-103.1500784043254 40.08243947592108 34.94115232271053
-78.02711396567472 43.44315771870011 22.40061779124033
-96.78455116527282 40.45680907614654 66.09780533169783
-89.09200730389907 50.14645445405483 46.23261349907636
-89.41976356635938 38.8678998719152 57.76827718870999
-94.26507134819572 38.86419874109177 73.65733116706211
-83.59948848446042 42.95243707512621 27.34501189638882
-88.99805483995158 35.30717446453121 71.08006482282737
-92.93609110895252 38.3983391636653 11.27616677757337
-87.06047490019557 42.12385642658307 74.22452017842996
-50.78675693823214 46.4051157712008 49.94136519201947
-33.06414343314343 45.25436018951083 52.9068812557863
-45.74087844483263 44.94958548364453 30.92062793933523
-93.63037681681259 34.49423634737578 43.81911343180663
-95.79571764380174 41.53762488962932 37.39253921502988
-97.98719209729965 38.84551192119787 18.95040506299088
-94.33279966489881 35.37756608958775 20.90138657036776
-77.2292182275379 51.69778170976158 59.51971653861865
-81.33965019143946 52.76907925766206 51.02308613999892
-102.0047137389803 37.80662616295393 51.38263625492493
-121.2308692822382 33.58827616275022 38.04766808668914
-72.3288803855523 51.84750970346535 20.76274517748856
-71.47142077657057 55.03956840517559 32.57589441492268
-16.81736102908031 44.85406958144308 53.79816245602057
-94.73267548115089 36.93593499483148 65.78863872001122
-111.2094405600569 33.7777685092814 64.24909754637712
-114.0183966077632 33.70389235217176 61.80500357372335
-40.98028451925005 42.78309648378035 12.64892724798534
-86.81884870257157 48.65404988791415 35.09618365738861
-81.60884233325525 44.6323617062037 75.77541873862623
-78.30207379139753 44.57384599064745 79.91908967666947
-99.85343172502348 45.50379668246187 44.43802315602385
-102.787142489353 34.30700652769463 77.9104267334162
-88.4326148343326 41.05378241724075 11.41284118773486
-95.70547358554285 36.67426179869798 83.0071437874447
-79.72867314849924 43.57044257519129 62.87657053859331
-71.9818662685163 38.86944669167822 62.20713570311963
-91.81039901420615 36.11638703047104 25.50572508463748
-98.86904447583476 43.39359323788009 35.09144155116771
-82.55954641572595 37.87741366237967 65.65619292176666
-94.67153475253167 47.42628273570161 41.44877067697875
-80.69988760342359 52.14549418186891 35.82671523363064
-113.8518826954614 33.57879917682465 24.91304989980482
-113.8371126099174 34.20758333616745 29.32498462688149
-117.7939718588706 33.76858264768624 32.9191322346612
-104.9250518365922 37.77379883087972 42.06043765659107
-102.8876235726782 33.27860460556369 39.42512445673034
-104.8660356559369 34.88259579499348 45.96884140395139
-106.6298142889211 34.69519599543924 35.24176705379048
-105.9374030534927 34.19079285505914 31.13583317494581
-82.40422977490203 48.89933214231225 43.83877507734815
-82.7868466244333 46.33529871970334 39.76138358845623
-103.450083501444 41.89442290098599 50.79735222698037
-100.9974745742293 35.88937446782329 74.64498372294966
-85.07566830949548 41.46992104978975 48.66518834563817
-97.33307567540935 45.6147144864249 48.52291494325041
-86.03825055329038 48.40955721293822 57.82077698230347
-88.32894042404229 48.12975984371863 54.74196234037329
-106.3446236791002 34.11910009387592 70.94887915078455
-93.52391317481556 40.51135598528219 17.95772145023556
-82.22207952344307 51.34609096612768 55.14778526774332
-104.6252968446712 34.42627496266375 74.45425919709513
-91.35580841306246 35.41116648070288 61.31744477133147
-90.83460525415676 40.25103362447323 38.31665796969882
-102.2281005304302 38.45498187907043 64.56784278374288
-117.5541699202637 33.99508733091358 52.93460615619136
-67.27201415877218 54.11791242917176 22.24686692084827
0.66201967454327 43.91243420183235 51.90336667183742
-113.5622932583953 37.67209296247156 48.98322006670319
-84.67868127482777 34.49932701835717 60.08569079343804
-90.46086032673557 48.52118243216054 37.04503718070033
-86.97123769800427 44.18228734661241 68.67404466325441
-88.30007269994526 34.46605390418298 20.79510358525685
-94.87730005561026 45.56133832177132 52.88523192154253
-80.97136896471949 45.29408668048369 13.13645434876942
-84.59989615375838 49.65873467805293 31.65467819756904
-94.8479559155971 42.91812978629012 26.28182600620587
-90.98472442596707 42.55074779486115 25.11162766120952
-78.94996204004313 46.87501029690296 73.12491848596079
-93.8388288465864 41.91996629182033 68.11006006529998
-112.5093957923929 33.15143258952736 20.41826674493888
-65.61796772285645 52.66579635529764 74.3321396489106
-92.16057012204639 44.3473988109298 45.60425339508906
-102.2653477673286 38.23276710951884 21.66820284449634
-101.0138706617491 35.03423842790602 64.1091004178424
-100.8242388414596 33.62935340669232 67.74418174605266
-104.9095801686752 40.12965465680429 53.46946004328955
-96.64756978867035 39.88387232514344 70.00805902692072
-76.3859020511222 49.61580501149684 45.47851579941813
-100.9325016855904 35.66532260287059 57.43785766810809
-101.804079192977 37.72603783985556 68.06453371382744
-109.8354889767861 41.02216688829321 43.47798336917867
-107.2989652261888 38.41706776306388 56.3464003299343
-100.4112806524397 41.11863280667424 59.74433796738558
-75.13347699098513 50.54277410765835 67.24515289805331
-70.41151707491834 52.88616372546875 65.54448142673886
-89.96118237194229 50.1377391285198 40.45670033579069
-96.89366520372718 37.8794612482499 76.22077620638611
-17.50637966951003 43.78191664811222 68.8350802792056
-122.4050606669884 33.77399497147731 42.01925719542616
-81.19644348083654 43.22319910189886 82.69191028161347
-85.87170952498342 40.91211240847829 5.530488481282685
-121.5866250020128 33.79493245045305 46.15434109011796
-98.6396087914969 42.83973999936153 57.39100804513311
-116.2061416486624 33.25279614579714 58.97109134204089
-70.21143491090963 50.8950681067351 12.6272894189042
6.066240710830609 43.42776713063498 37.58528538288959
-99.37843990769343 37.52850144785688 15.30173448112202
-97.41222031333623 41.12062370187936 23.6869414617447
-103.141266433423 34.26354992126601 9.59161517412255
-114.5533216029485 36.61553591433186 37.15052021357457
-83.15985817283045 53.09218715573221 48.07436470655313
-82.19206423688077 48.42425692741769 63.74717999655997
-70.14130096819642 55.45365626663782 58.15168082940855
-78.14145420063497 48.50047120124142 32.77613457052182
-117.935211735161 33.26158369875164 29.43767256582554
14.23496291682 46.14858205270502 12.59339276537137
-75.06653748974972 51.79397780826759 24.64764365548015
-87.76336929419543 44.53009169570585 54.80643332562944
-91.95882886513226 45.88645471111197 57.31049328331653
-109.4023231784575 33.24465041067859 61.15058978003845
-86.11975903402349 36.01589789581171 11.42372762846205
-82.88982364140615 53.92431384329738 40.94933050008533
-80.50667335189637 55.8806341270471 42.67121879721537
-106.8814180409532 40.25461610220806 35.35827366628003
-109.3587875598646 37.92470144341203 33.83883923912234
-71.67473755814787 43.81209537755485 32.08083827048792
-104.2753510413891 33.90645125739374 63.01098130605637
-106.0174376528549 37.82012292223857 61.38319213289127
-89.55138751344744 44.80637739543301 37.56446695008012
-106.3154796361893 41.44007533966621 38.62109539050435
-101.1597367657063 34.60785856278562 22.02962695924247
-102.239133152442 34.26896616749841 26.21214948862059
-74.42651532248688 46.07277845542988 59.56468627598455
-112.500690670522 39.10372457612525 41.03985126087455
-73.97580117292603 55.98801776888116 50.14191521180924
-78.86626542886826 42.04387272747268 72.72881581128591
-72.41993540915468 39.01406568114216 76.41943682676393
-78.7695062436617 42.84641960281618 5.827864816112445
-73.88840488104779 35.85391241390084 8.621165268515091
-96.76859353111045 42.017325679927 48.67817012624306
-102.7379387841402 39.83565578252551 61.64886867475033
-18.59007470384569 43.60166391423511 30.840030173944
-76.20269300894766 51.11655134407855 20.93024862777526
-82.84388702809194 42.74143133175852 32.56940916605321
-98.75848277864222 34.87160595456419 48.82466423430647
-107.2148058785483 35.05298794380431 55.51055933300294
-82.43995192658494 35.96521892302726 53.0581596021203
-106.5676908520661 40.86904574231713 50.73472685115567
-101.7077644315524 39.76334673337238 47.09669700172254
-93.7334453482911 39.09308090825354 77.99863166577032
-92.10037575746505 42.80929772983539 35.65193527596436
-109.5808584950962 33.27059720806458 72.16192971062159
-93.1436788660116 42.3655470948407 64.66385098310737
-83.47227220768818 42.10224506077942 68.40023378691173
-106.855236679915 33.52412384020611 13.74413897230228
-109.2773564506826 33.35094666633325 16.66279992539235
-90.03104188207836 46.93846938569473 30.3425114508659
-93.3483995117588 45.58307288672587 31.48085757831169
-79.33566798612938 52.42633190677024 56.81563021499375
-93.37526157198117 37.07846532997094 3.838357080343206
-91.55863710606576 41.0589057199572 14.25670810387221
-95.1445012857919 40.13442430962364 14.62860561576876
-118.1412247400196 33.34399448393838 56.20003799572861
-110.1246988027796 36.4145098449707 60.73572338479013
-110.1249436839307 37.12895016288147 57.50047130916916
-81.20434365106775 51.75613336894526 31.88036084294737
-104.7650483444072 39.32666403028428 29.09998123338536
-102.2206037545433 40.44978511203318 31.44390730418749
-84.35824386857323 43.15578439141432 10.83126914805398
-101.3274090491705 38.15171914184892 39.1404165365146
-94.67053805155906 42.77452183052952 29.8030431588815
-90.17169709004898 40.63024606333902 78.60055617020784
-108.1271958642718 36.36419216178342 23.29428600160977
-116.9243243868097 33.07871288529926 26.22117677174591
7.098996632687072 42.40881634262981 73.86584500459745
-84.80437652288136 37.14726864883714 74.30292517194229
-70.79057181229945 39.99107124551202 47.15454571448662
-91.45075950457283 48.35396048716237 51.50326632066029
-107.8245039618329 33.46408062193652 75.06144777791167
-111.3122535927643 36.30379458573819 28.12881365349876
-73.34658955681944 54.371063434446 61.04576728904608
-96.33944077465402 42.57049745010906 63.4319875167339
-97.85400111807098 47.65390789729514 43.12983039926733
-79.02888137357616 51.32077424316529 26.75910112829917
-106.7639268258143 33.90611106038668 25.31411321568114
-108.4893156495851 33.62614834169221 28.44162212903946
-104.6078351037406 39.27655155736306 45.27762508765052
-113.9305675205243 33.14604854972392 65.94627361117576
-116.053934685345 32.84776240344689 63.84198816514478
-81.5903453756646 47.96004218823263 67.44039862826938
-88.81214482243402 43.80602435704795 31.5296373476224
-91.63617248217258 40.9392140364439 32.07694183073359
-98.07934847362375 42.9719935237794 28.21484434091415
-98.00420535457144 43.9020196126753 31.66302058360885
18.08398225319393 41.2349044255662 37.46159787257578
-97.86181191718494 42.15562467938474 43.785162317202
-95.20557096894768 43.716250946667 41.64145362579114
-110.9066493243785 39.4104930482707 48.12827610810222
-111.7167421749249 33.14601410233494 68.46483675282906
-94.09359837798841 48.36830535508592 45.70155898443635
-100.1323656938274 34.88342159952334 43.71582265284081
-84.78180650377665 38.79540232558626 20.04067523182919
-94.23932610509092 44.43479027313858 59.88673814872589
-115.9477168482553 32.80014312818142 22.84202037119167
-95.56035986943007 38.16131426968764 25.07790802495409
-95.10005524708053 39.99481740734079 55.36902960398003
-94.1159732531957 45.89800389096708 35.1144841115152
-96.73229506755084 45.07882367422916 37.50062187400189
-85.56197233746806 45.62036109613912 18.65283305012004
-88.32863422098104 34.53892654148706 50.52832199032347
-112.2504293163635 33.15747255544247 49.02243986673535
-92.4804694617327 34.26034171705701 74.53324591151934
-63.12317655084092 54.6069621045789 17.98407970831527
-95.29985603783362 44.85891704881397 56.14916706080069
-116.2357055641905 37.53147682302806 44.53901802833195
-78.54916208708572 48.41923570053569 38.27568353113038
-95.96042684601879 41.40233119455627 20.42582265538565
-99.88766958010589 39.68459136327685 66.39040144090049
-87.95712482764733 41.74955760611198 27.69645293242154
-112.8042418736816 33.42372052453717 38.63073968387116
-81.45003872264635 47.68298379738603 55.64599095183158
-87.37554356500894 50.44870871298779 38.0797262552886
-97.3188985475615 37.07236622241882 80.14929897995761
-94.71099525863383 47.68223293597573 48.93725729610678
-82.18366140313853 47.77986307981559 19.6677500198209
-90.45499789863466 39.77352672466552 63.51786937724816
-85.7583165862498 47.02164012616138 43.1556832906344
-99.99947017329163 37.94735851166843 59.99319629053929
-88.87341641485345 43.28516693230137 16.18440567077668
-92.41169211614329 39.56067372177603 66.27086585242515
-72.92321915667861 37.87907921463633 25.89836781804841
-84.23042138567564 51.3295276764545 34.96340988780297
-45.20241079250442 42.31726801725323 74.91437589411467
-98.42489675745057 39.67723843469415 54.12919440451721
-101.9824582357496 40.95129914455327 28.12298200417644
-93.78683344065787 40.8443287389834 71.15247199498484
-92.30197503131944 41.48751233564494 74.02515868377543
-85.80667476977314 44.86886499565631 72.10503624855055
-83.36562676297285 42.26816071951673 73.38897155821569
-100.5796996358553 40.02927643512558 23.9543864695108
-91.7967442395128 40.22497725293169 60.22579620477012
-106.1818062177956 33.28093541160401 65.52053173435282
-104.0298626269376 33.67154819721765 6.249520513605521
-104.9586110287508 36.53301569388346 69.20021025079734
-103.9204159593171 33.44618911085335 68.85168453092093
-85.44244529234302 44.62309066741679 36.0819505755193
-104.290250988513 37.11994826809133 19.12995478172372
-112.7716628594951 36.13684146919812 56.50676478039463
-111.9675567829365 33.19065030698091 55.99111087988993
-111.6826863477981 33.00181579134467 52.49029077624817
-104.5755144381533 36.85152024020977 58.73603247400187
-90.17688897801173 45.010210688726 22.4312481564244
-92.6658938739094 43.09330322050106 20.47022150162041
-90.65616102119424 39.8717552257554 20.36507713906164
-86.9409698791052 42.53349866228381 78.86554428980702
-83.13587417311086 43.54260376921592 79.25853348800703
-74.09075757833374 44.57978914447565 68.23310811438644
-108.0584986986473 38.64605216057806 29.68858439584855
-90.92155714134772 46.75331476138734 40.38173560054433
-68.45409634291052 53.79911393835289 47.37331843142858
-117.5631433768041 32.82723914297016 61.43277513026406
-119.1068079397211 32.68303150555116 58.91525283833511
-91.79634391536401 36.72626600049352 17.89085953412477
-120.6370885071721 33.95080451112491 51.98341847959031
-93.8195191269468 34.52876125339017 29.51479897568134
-90.312625172632 44.81120592224423 64.63965689605065
-112.4335242820886 32.90585813750067 17.19670094815029
18.04667007702485 48.97250545884128 75.66115290424071
-105.2750694326961 37.65455743312472 64.44289603515671
-106.8002458112617 36.39528476790018 66.76886142152823
-88.48269315420812 41.08080042511746 81.43413226195302
-85.14395034106009 42.30289783726504 81.97151419237426
-89.76172707392267 39.25356445380082 68.74580836533781
-104.0026065889696 33.95340102799234 56.68925147542699
-96.73257743986734 43.58896296132099 51.3594175001973
-66.9157645396776 55.58909631371893 65.61687708471355
-65.91092047976845 55.04503947477853 69.62666973693206
-60.54698170422489 53.27672415725169 63.43610348663871
-85.90902229187247 53.0316033452527 45.92839564109789
-84.00839795221002 43.26899618963189 62.51038996713952
-86.3449440853595 42.69097620989108 65.33447231728449
-86.28260818088955 48.08838764342622 61.23239327994675
-89.93243840673605 46.29242381808569 61.05069375545356
-118.1424766791837 36.41494428032497 47.0233841660427
-116.3830654244645 36.39616174488462 49.65876606001905
-115.7175765937631 33.15716470815799 49.74430414084949
-87.87353264787788 47.76395017576379 27.57050797871456
-79.95977850319989 55.06423492585688 49.70913972061474
-111.2606275654009 32.86844232221602 14.31776058619004
-68.47182036422262 45.75641490154232 68.11517483205621
-111.2639404009414 37.92488934451227 52.3141505771971
-96.82041333324668 35.49222320196919 57.21955187202524
-78.04425747848521 47.56209963211636 27.34983448204016
-85.81360300550004 50.20376458907394 55.08630398844135
-101.9557528557888 43.55749294546364 35.90898000537953
-100.9892675529925 43.17641398638674 32.66340578521507
-99.65223842312167 38.43022781979865 70.58369420553211
-98.14906096590954 33.58726282535206 15.25569291573837
-103.6394768213151 32.86853174797412 71.91943776505512
-101.5494174753576 41.98064747875758 56.92167820685227
-86.53291740823613 35.287705713596 37.25188664866062
-112.5883869907617 37.48719065039652 33.18945205910992
-109.8887587887876 38.41900381248033 54.86727756771484
-102.4809676181964 44.83765901053452 45.84888247424816
-81.9410683770963 44.41573673573575 17.59077008651354
-76.16867214626537 54.3665452797669 57.53293583185111
-110.8651995695537 35.51372369139944 22.61381095109723
-105.2216443689173 43.36212940006134 40.85985624819619
-75.54750616804776 49.66171310217916 71.32865355324319
-120.8890738219567 32.99844304872074 54.88615507554497
-109.8998407451604 39.55449658770853 36.83069623309141
-74.4893858095709 55.98102751428439 35.81487552965505
-75.26772401819753 54.14529510169305 30.04104523337525
-124.9208155184644 33.25179828553355 45.4694289678947
-7.559272713752037 41.19362443812197 26.15360939738026
-100.2213377122309 45.03907071638547 37.67712692845136
-87.86226384554651 48.94337022497584 31.9251400655771
-88.93364505815318 34.93657912384785 78.74090956798109
-98.94763232531736 35.75070428141315 3.934055528975219
-112.1553596177517 32.50692746074439 71.2073870601904
-107.9263048297027 33.00603910570459 10.25590203466534
-108.1332873515479 38.72915578605711 49.21558800492937
-71.88264252672492 48.59724392659501 26.37717627578948
-117.0002999814986 37.16655965906252 41.22853931733493
-80.9797726618841 49.21404263510408 51.6753739469201
-89.60995816114939 51.5858247554 43.35502320260016
-98.91132384067205 41.74151463472976 64.55329820057651
-78.69733738866006 53.18972600437224 29.7822506007581
-79.36341569352291 53.5769028935875 53.64024952983819
-118.3731144623765 33.27913580677989 46.18254928427233
-115.4193873680625 33.13009977529138 43.87710273599294
-85.10051402618146 44.22077105549682 76.32909587340822
-77.23089468673223 56.46753134783297 47.90517807316066
-91.04821282352296 46.44617245641373 27.05569331062247
-93.81433760555022 45.47254366090842 28.32253831270774
-120.7541600120174 33.14757308283021 34.6325826856197
-105.7527140913161 33.95193370685922 77.25645501009278
-96.23475169960122 36.46698766764379 69.00861690723661
-96.72759166809294 33.56722141296096 80.40776682425485
-92.18251549692272 33.1875349324629 83.22475924305544
-90.5697938745259 42.59949031577347 55.25568945316407
-89.39285123998859 40.70241435012958 46.85391703624396
-92.47590827964919 33.78604697876386 68.37713663434646
-60.88434767859729 55.14012633712715 72.92400215788332
-105.8610295252621 33.24989352014208 20.59278131732412
-99.90419454325811 41.92272608052184 37.65613229220676
-110.5171781995878 32.57911774100797 74.76340003799076
-124.1245105254431 33.39879950922595 39.36474019136013
-96.26754429273767 34.21828763952779 75.2147962725421
-97.98976360891703 35.36263263854266 20.24449278463826
-93.43648408105022 44.16252051996938 23.53120689959512
-84.39609387646613 49.95234916885756 28.2210943514775
-82.83248105719636 46.40503323538626 31.55448830672077
-84.40734624751165 42.52738069347584 52.9265458488109
-99.91241813533827 43.03746881164074 54.87916225494997
-83.59753899175901 49.6283695044029 60.63045356485387
-106.8498284744864 37.42478910529255 46.59818508655985
-89.90078842782388 50.12499857274722 49.27798280420799
-87.27648709864006 51.26101093121843 50.53384611499478
-73.90481768719768 48.68855972496024 10.17018374592088
-116.2874710506339 32.25898108715625 66.48620427680602
-120.3127424573113 32.94990641748043 31.36002751662266
-86.73835655738627 45.35017460074052 21.94236078994127
-69.14484477692007 54.16144948149474 38.1612824923406
-79.67236063815214 50.02345856457835 65.46246761134982
-79.57593808306132 46.64001001625233 65.02147937916976
-91.46363450068199 43.67610152183371 69.02140061381898
-80.87489591531826 50.97983308411148 61.59619749830522
-97.16911076566939 39.05515111763194 60.30372863370744
-115.4924125511933 33.40521406136398 36.55249928377773
-91.26675233170121 38.41064328718067 72.12899870298067
-97.38315757645842 46.27353557604889 40.33975559320478
19.70003078155596 39.56226084366902 56.59921059685484
-83.3553854526334 37.38507063347891 29.75595049022495
-93.27724599133325 48.08901485923418 38.59569036079311
-119.6820658544773 32.56216231339607 26.25721051080219
-86.95805902997134 46.25181760508327 66.05971339939391
-84.78680941376419 46.66045988982449 69.41851964339494
-121.9375565569281 34.14672040582901 49.19606050020445
-70.1351890368632 52.42127556747815 72.66265919324309
-101.7825518734248 36.43715603513292 11.53359940292061
-67.61015149653318 48.8943474275695 63.71369485533542
-60.13888701790731 43.38269258317125 64.65056493024255
-107.7296631605386 37.54651876106643 36.32822719345374
-112.0618429872686 32.74396286049692 31.84027381752226
-109.9232326709673 33.86493375623639 34.37972711455306
-84.61599606932035 48.14592525264283 22.18339722683136
-108.3525971370743 32.86576186255492 77.82233848456779
-98.17673197610372 37.37105525831151 8.752896155873085
-118.4382419203644 35.01894569447458 35.7855509397782
-82.13696557125378 50.48408506740181 25.78905278542954
-90.52380719302249 42.74872593566565 58.79606828681889
-88.85955385203043 44.28058783619741 71.27714680409622
-108.5378890980283 32.58192757577292 63.89086454709772
-85.73696878362082 53.73933593941962 42.36597048580285
-87.43693507555821 51.77816269024682 40.80201148454091
-23.11804571125202 39.93201492882956 43.13994230439229
-72.28763017112786 51.74795200808158 16.58408744214032
-78.77514065770893 46.91040212569517 76.9379099789096
-76.35485119490394 43.28611675547339 76.15702939020939
-109.514367371403 34.28736273327241 57.15209103949231
-93.3814801497237 39.07198846350293 7.274373352314706
-77.78162272149056 47.89904846635272 57.94649309011069
-84.03954132290272 50.6696128933072 57.50280679421299
-80.99705407941698 54.51588250742378 38.21481850376315
-95.65395310088458 38.72080455662298 33.59519683488368
-85.10158845036007 48.2054800058471 37.76989705229173
-87.4358886173939 46.1090095551974 33.29662700976473
-101.6301208040634 44.81869856865006 40.38838782368524
-63.85132512119299 52.18327786945295 32.25275993278824
-110.3076590668841 32.52327725129703 23.00947310261322
-105.2188906195215 40.57980311978798 56.42096610870103
-95.85778949552424 37.68506414641006 37.30194435139459
-25.78335077563521 41.71077842350575 10.9154438989726
-103.9368173293628 34.06766292977708 80.83258535691868
-104.1890605094969 33.07315052771359 83.72037295976446
-109.5954390161608 35.77783856746525 65.35877716654561
-88.67420891198165 44.87070631642835 28.18132996546523
-97.40593054064571 39.30811343737098 73.08711612203314
-96.7349174478349 33.71502348278005 23.80402743981096
-89.60314521349247 47.92716718015527 57.59309840712396
-123.4385601153453 32.97511434430355 36.04937428218005
-81.58991726634372 40.89184308401259 13.49638409628581
-97.66431367462971 38.92451421346357 12.79154722395042
-99.39856124110784 42.19127417414145 25.64810397680125
-77.93389438451347 48.13958708733907 14.07148484719571
-122.9820994846049 32.78894213731311 53.01718884481787
-118.3354278432635 32.29330256628516 64.40878812864415
-110.4448332941164 36.8666855206712 46.33750048447517
-108.3907786714636 33.58279654194541 47.35994414025871
-75.17751598116297 49.00233191569469 75.67713985379973
-106.1911530876791 38.20528380555074 25.00571617317229
-109.2883280386606 32.98764311970086 37.84362874145982
-107.0207010414474 42.79379357570885 45.58668490613759
-109.1122305599501 35.97773204719155 52.10185452583261
-83.20950717307485 45.49183129387472 46.00259471367031
-115.8000162933119 37.83269302821719 47.37469453535446
-109.2776377823635 32.69064836047002 54.46987318719037
-106.7652800022104 36.1465974273347 20.5912502061543
-109.8286475475879 39.997725949635 51.06713859634571
-84.78451432784469 52.58164084912593 50.33152251177272
-124.6932511282887 33.02626624414967 48.50627366625705
-114.814378572711 39.38451056069879 42.7925656716793
-115.7958479869633 35.42760759472645 31.31956830912899
-95.49647877947396 42.95780930463575 66.08785577582505
-104.7519878446199 36.16679953259769 72.17607900512378
-100.8909844909132 41.29170828152757 49.47520596696944
-71.38350788102102 47.71752903812452 18.77975704079479
-66.27969143940419 41.30687639848515 20.44631578472752
-76.89358193359006 56.63576717510357 41.58362614395678
-76.95496365347378 49.96347218301846 17.32668377824042
-57.26520761507525 50.11444076001816 24.74812043863702
-88.33695350516312 42.52307914131971 23.29394405573818
21.20988030176395 50.64829814826869 40.05472187162043
8.812840873589991 39.56015092410804 57.78128804711041
-74.60553019434607 45.70339019834477 53.6380962980404
-126.0606594589439 33.09780231277867 42.21098782934219
-85.2280737575099 47.95905122863901 64.14101998905399
4.008986634900715 39.28219596289036 28.13575212147124
-106.4558116833822 41.9308720147972 48.16811242029754
-91.92761947738624 50.33300580542764 45.51890753394357
-93.77184803276261 49.9580109301143 43.11610299471784
-102.4618115149517 43.60103930596022 48.6571362951748
-100.1098188225209 45.18469250968647 49.12870924643883
-38.47249000056297 39.83161458359434 44.38695149490922
-103.9638489621123 36.63242372201162 15.99499052700575
-96.71450894511636 45.07705910404206 34.02359948053905
-92.54191826285812 45.74882936610551 51.29401883227602
-105.7895543744208 32.76750623984179 4.031402961089922
-102.4559845201524 33.23498697158795 3.187556175765956
-84.2399992234843 50.71805364540964 45.39715370897742
-105.4922233872392 38.37563560394879 51.3785002938788
-88.7391541640272 43.63907709164765 60.91832776110476
-114.5743300804463 32.69462327055938 68.5372972196344
-94.10385309750269 44.07024431710713 62.6601170111933
-90.15262317132355 48.83789808927111 33.99078657493958
-87.69699494439726 48.82823429086622 48.2239669981013
-85.98189324428532 44.83321075307835 60.16922496027478
-84.45549046748756 45.58886476527493 57.38531725223956
-69.97379868975028 53.64893578244372 69.156939155
-104.9819617319979 33.78236617546553 59.81265088256542
-83.2470523838747 43.99738526698552 6.135893564799413
-79.74426205676373 45.53632662322644 9.040393603624924
-101.4307917828846 35.5522884951288 80.24309847868113
-100.4093496821673 32.65107462032721 79.30490803604283
-92.53748205440687 41.00308312005115 27.49102564499027
-101.1651186491781 38.72254406430316 18.71537508529407
-99.78251007666879 39.74234500700373 21.12169555733222
-70.88655560988617 50.01449869209721 31.29889540119027
-111.3926922023988 33.34375542603242 27.87128884056004
-96.25228677530869 38.6801009932267 22.02661887071581
-104.806611927492 42.08990329544179 36.22743918125651
-101.5789780440909 38.00515885570334 55.41012427611551
-108.9938560564387 37.38951032276373 26.11276100538862
-113.3758798251099 34.60297593890707 22.48964806258917
-114.4940250677772 35.37006653514118 58.52204296412669
-81.47692448027884 48.08869609228476 70.63923281626445
-120.4078502129929 32.77119069148948 28.75673874822347
-93.98150594650313 35.87425481351369 71.71928788288498
-100.4032533866269 36.8407867636575 26.01720271244623
-25.71510224243485 40.44030200523511 60.91385918941937
-70.97359253736693 51.55111126864433 62.01865392297942
-107.5937992881509 32.65357993742634 58.80899879633834
-81.39165448457084 39.09573734231491 60.67952586551017
-105.036561836991 32.51645140547529 11.38834634882732
-41.11462434499659 41.18205163327029 60.03663797248614
-83.81798015756938 51.51109105979678 42.35030137424177
-87.52170636691389 40.10100865609647 76.75507369083498
-84.33539079879928 41.07711158051786 77.29021689709776
-100.8861518240574 42.86757894641466 44.57943418550971
-124.9885999034402 32.51389287606389 51.17760458845056
-99.97052699907792 33.08867430242568 72.43630447879136
-85.59935465138004 45.69779937137109 27.34843775711125
-106.5224729511459 33.37842527017354 79.91686295509624
-108.4191468395877 38.31967358056675 59.45980043151582
-105.9887390707144 39.16213057679191 58.60085916482607
-73.65752765962834 53.27744870103362 65.84641471770996
-112.9508381711895 36.69424606308137 30.45389394832752
-110.5775162024726 38.20474129915647 31.20831137351931
-94.32808555470729 33.93657737897982 11.4023718964328
-118.3814197443754 32.28164329840215 23.90230438980722
-88.51611635023781 48.9488590246356 42.70777837366688
-96.61367299832276 44.32738465212051 58.50495570875551
-96.03867275415736 42.30648494638702 56.76544502783278
-121.3197099400477 32.24715746056534 57.43891923493862
-79.06974505859777 49.32613308885441 20.03688380405085
-113.8588879283198 32.90735378885998 57.81189858698792
-112.4706435322302 38.36416449610505 36.0046477676636
-100.0373527072283 33.94922241167941 60.65240381386867
1.247512059688102 39.31259510819062 9.520973215534516
-100.5153075180338 40.86883054311838 40.60743631082184
-110.4418779697186 32.61358341737225 11.57941798529987
-100.2799496138528 42.36017223894303 29.98419281310251
-104.9096515660082 33.52719429053945 28.04587848641883
-101.9404382229507 33.41830948553838 30.84400926108382
-110.764211042845 34.52892286982566 18.63660360253952
-102.5990158901796 34.07276727382312 52.42138706380911
20.92236011012125 49.81015319691871 19.74938580183412
-65.84216191121543 53.27570740519192 13.85025428650276
-105.5910481465155 44.20051223829365 43.70726172159925
-80.43272427796342 51.29399869812346 45.19156931732082
-95.93463987407672 45.31546582654164 30.25630072724377
-75.60112416082542 46.26307248835442 82.93724302180551
-72.19213720635092 48.53909203902151 82.2174562409146
-98.38519045285096 37.44124371009674 29.59448550430526
19.67393502282838 39.13471426238593 77.77576229556162
-110.3357386073524 32.14346623949913 66.29505322244984
-89.78312912139111 42.10992163225059 75.83294795377257
-95.89899655609689 40.75406445431226 52.29717067420597
3 4 0 0
$EndNodes
$Elements
14 25420 1 25420
0 1 15 113
24745 1
24746 2
24747 3
24748 4
24749 5
24750 6
24751 7
24752 8
24753 9
24754 10
24755 11
24756 12
24757 19
24758 20
24759 27
24760 28
24761 29
24762 30
24763 31
24764 32
24765 33
24766 34
24767 35
24768 36
24769 37
24770 38
24771 39
24772 40
24773 41
24774 42
24775 43
24776 44
24777 45
24778 46
24779 47
24780 48
24781 49
24782 50
24783 51
24784 52
24785 53
24786 54
24787 55
24788 56
24789 123
24790 124
24791 125
24792 126
24793 127
24794 128
24795 129
24796 130
24797 131
24798 132
24799 133
24800 134
24801 135
24802 136
24803 137
24804 138
24805 276
24806 277
24807 278
24808 279
24809 280
24810 281
24811 282
24812 283
24813 284
24814 285
24815 286
24816 287
24817 485
24818 486
24819 487
24820 488
24821 489
24822 490
24823 491
24824 492
24825 493
24826 494
24827 495
24828 496
24829 497
24830 498
24831 499
24832 1357
24833 1358
24834 1359
24835 1360
24836 1361
24837 1362
24838 1363
24839 1364
24840 1365
24841 1366
24842 1367
24843 1368
24844 1369
24845 1370
24846 1371
24847 1372
24848 1373
24849 1374
24850 1375
24851 1376
24852 1377
24853 1378
24854 1379
24855 1380
24856 1381
24857 1382
0 2 15 369
24858 1
24859 2
24860 3
24861 4
24862 5
24863 6
24864 7
24865 8
24866 9
24867 10
24868 11
24869 12
24870 13
24871 14
24872 15
24873 16
24874 19
24875 20
24876 21
24877 22
24878 25
24879 26
24880 27
24881 35
24882 43
24883 50
24884 57
24885 58
24886 59
24887 60
24888 61
24889 62
24890 63
24891 64
24892 65
24893 66
24894 67
24895 68
24896 69
24897 70
24898 71
24899 72
24900 73
24901 74
24902 75
24903 76
24904 77
24905 78
24906 79
24907 80
24908 81
24909 82
24910 83
24911 84
24912 85
24913 86
24914 87
24915 88
24916 89
24917 90
24918 91
24919 92
24920 93
24921 94
24922 95
24923 96
24924 97
24925 98
24926 99
24927 100
24928 101
24929 102
24930 103
24931 104
24932 105
24933 106
24934 107
24935 108
24936 109
24937 110
24938 111
24939 112
24940 113
24941 114
24942 115
24943 116
24944 117
24945 118
24946 119
24947 120
24948 121
24949 122
24950 139
24951 140
24952 141
24953 142
24954 143
24955 144
24956 145
24957 146
24958 147
24959 148
24960 149
24961 150
24962 151
24963 152
24964 153
24965 154
24966 155
24967 156
24968 157
24969 158
24970 159
24971 160
24972 161
24973 162
24974 163
24975 164
24976 165
24977 166
24978 167
24979 168
24980 169
24981 170
24982 171
24983 172
24984 173
24985 174
24986 175
24987 176
24988 177
24989 178
24990 179
24991 180
24992 181
24993 182
24994 183
24995 184
24996 185
24997 186
24998 187
24999 276
25000 277
25001 286
25002 287
25003 288
25004 289
25005 290
25006 291
25007 292
25008 293
25009 294
25010 295
25011 296
25012 297
25013 298
25014 299
25015 300
25016 301
25017 302
25018 303
25019 304
25020 305
25021 306
25022 307
25023 308
25024 309
25025 310
25026 311
25027 312
25028 313
25029 314
25030 315
25031 316
25032 317
25033 318
25034 343
25035 344
25036 345
25037 346
25038 347
25039 348
25040 349
25041 350
25042 351
25043 352
25044 353
25045 354
25046 355
25047 356
25048 357
25049 358
25050 359
25051 360
25052 361
25053 362
25054 363
25055 425
25056 426
25057 427
25058 428
25059 429
25060 430
25061 431
25062 432
25063 433
25064 434
25065 435
25066 436
25067 437
25068 438
25069 439
25070 440
25071 441
25072 442
25073 443
25074 444
25075 445
25076 446
25077 447
25078 448
25079 462
25080 463
25081 464
25082 465
25083 466
25084 467
25085 468
25086 469
25087 470
25088 471
25089 472
25090 473
25091 474
25092 475
25093 476
25094 477
25095 478
25096 479
25097 480
25098 481
25099 482
25100 483
25101 484
25102 500
25103 501
25104 502
25105 503
25106 504
25107 505
25108 506
25109 507
25110 508
25111 509
25112 510
25113 511
25114 512
25115 513
25116 514
25117 515
25118 516
25119 517
25120 518
25121 519
25122 520
25123 521
25124 522
25125 523
25126 524
25127 525
25128 526
25129 527
25130 528
25131 529
25132 530
25133 531
25134 532
25135 533
25136 534
25137 535
25138 536
25139 537
25140 821
25141 822
25142 1383
25143 1384
25144 1385
25145 1386
25146 1387
25147 1388
25148 1389
25149 1390
25150 1391
25151 1392
25152 1393
25153 1394
25154 1395
25155 1396
25156 1397
25157 1398
25158 1399
25159 1400
25160 1401
25161 1402
25162 1403
25163 1404
25164 1405
25165 1406
25166 1407
25167 1408
25168 1409
25169 1410
25170 1411
25171 1412
25172 1413
25173 1414
25174 1415
25175 1416
25176 1417
25177 1418
25178 1419
25179 1504
25180 1505
25181 1506
25182 1507
25183 1508
25184 1509
25185 1510
25186 1511
25187 1512
25188 1513
25189 1514
25190 1515
25191 1516
25192 1517
25193 1518
25194 1519
25195 1520
25196 1521
25197 1522
25198 1523
25199 1524
25200 1525
25201 1526
25202 1527
25203 1528
25204 1529
25205 1530
25206 1531
25207 1532
25208 1533
25209 1534
25210 1535
25211 1536
25212 1537
25213 1538
25214 1539
25215 1540
25216 1541
25217 1542
25218 1543
25219 1544
25220 1545
25221 1546
25222 1547
25223 1548
25224 1549
25225 1550
25226 2716
0 3 15 194
25227 1
25228 4
25229 5
25230 8
25231 36
25232 37
25233 38
25234 39
25235 40
25236 41
25237 42
25238 51
25239 52
25240 53
25241 54
25242 55
25243 56
25244 57
25245 58
25246 59
25247 60
25248 61
25249 62
25250 63
25251 64
25252 65
25253 66
25254 67
25255 68
25256 69
25257 70
25258 71
25259 72
25260 73
25261 90
25262 91
25263 92
25264 93
25265 94
25266 95
25267 96
25268 97
25269 98
25270 99
25271 100
25272 101
25273 102
25274 103
25275 104
25276 105
25277 106
25278 538
25279 539
25280 540
25281 541
25282 542
25283 543
25284 544
25285 545
25286 546
25287 547
25288 548
25289 549
25290 550
25291 551
25292 552
25293 553
25294 554
25295 555
25296 556
25297 557
25298 558
25299 559
25300 560
25301 561
25302 562
25303 563
25304 564
25305 565
25306 566
25307 567
25308 568
25309 569
25310 570
25311 571
25312 572
25313 573
25314 574
25315 575
25316 576
25317 577
25318 578
25319 579
25320 580
25321 581
25322 582
25323 583
25324 584
25325 585
25326 586
25327 587
25328 588
25329 589
25330 590
25331 591
25332 592
25333 593
25334 594
25335 595
25336 596
25337 597
25338 598
25339 599
25340 600
25341 601
25342 602
25343 603
25344 604
25345 605
25346 606
25347 607
25348 608
25349 609
25350 610
25351 611
25352 612
25353 613
25354 614
25355 615
25356 616
25357 617
25358 618
25359 619
25360 620
25361 621
25362 622
25363 623
25364 624
25365 625
25366 626
25367 627
25368 628
25369 629
25370 630
25371 631
25372 632
25373 633
25374 634
25375 635
25376 636
25377 637
25378 638
25379 639
25380 640
25381 641
25382 642
25383 643
25384 644
25385 645
25386 646
25387 647
25388 648
25389 649
25390 650
25391 651
25392 652
25393 653
25394 654
25395 655
25396 656
25397 657
25398 658
25399 659
25400 660
25401 661
25402 662
25403 663
25404 664
25405 665
25406 666
25407 667
25408 668
25409 669
25410 670
25411 671
25412 672
25413 673
25414 674
25415 675
25416 676
25417 677
25418 678
25419 679
25420 680
2 1 2 125
18420 1 27 485
18421 1 485 36
18422 27 2 485
18423 485 2 28
18424 34 3 486
18425 486 3 35
18426 486 35 4
18427 42 486 4
18428 487 28 29
18429 28 487 485
18430 488 29 30
18431 488 487 29
18432 30 31 491
18433 491 488 30
18434 31 32 492
18435 31 492 491
18436 32 33 489
18437 32 489 492
18438 33 34 490
18439 33 490 489
18440 486 490 34
18441 487 37 36
18442 485 487 36
18443 488 38 37
18444 37 487 488
18445 39 38 491
18446 38 488 491
18447 40 39 492
18448 491 492 39
18449 41 40 489
18450 492 489 40
18451 42 41 490
18452 489 490 41
18453 42 490 486
19296 2 9 123
19297 28 2 123
19298 3 130 10
19299 130 3 34
19300 29 28 124
19301 28 123 124
19302 29 125 30
19303 125 29 124
19304 31 30 126
19305 30 125 126
19306 31 127 32
19307 127 31 126
19308 32 128 33
19309 127 128 32
19310 33 129 34
19311 128 129 33
19312 129 130 34
20741 1369 123 9
20742 276 1369 9
20743 10 130 1366
20744 10 1366 286
20745 277 19 1377
20746 1377 19 278
20747 285 20 1379
20748 1379 20 287
20749 124 123 1369
20750 1359 125 124
20751 1359 124 1369
20752 126 125 1358
20753 1359 1358 125
20754 1378 127 126
20755 126 1358 1373
20756 1373 1378 126
20757 1362 128 127
20758 1378 1362 127
20759 129 128 1361
20760 128 1362 1361
20761 1366 130 129
20762 1366 129 1361
20763 276 277 1376
20764 276 1376 1369
20765 1376 277 1377
20766 1380 278 279
20767 278 1380 1377
20768 279 280 1370
20769 279 1370 1380
20770 280 281 1374
20771 280 1374 1370
20772 1382 281 282
20773 281 1382 1374
20774 1375 282 283
20775 1375 1382 282
20776 1371 283 284
20777 1371 1375 283
20778 284 285 1381
20779 1381 1371 284
20780 1379 1381 285
20781 1367 287 286
20782 1366 1367 286
20783 1379 287 1367
20784 1357 1358 1359
20785 1357 1360 1358
20786 1359 1368 1357
20787 1370 1360 1357
20788 1357 1368 1370
20789 1360 1373 1358
20790 1359 1369 1368
20791 1360 1370 1374
20792 1360 1372 1373
20793 1374 1372 1360
20794 1361 1362 1363
20795 1363 1365 1361
20796 1365 1366 1361
20797 1362 1364 1363
20798 1362 1378 1364
20799 1363 1364 1371
20800 1371 1365 1363
20801 1375 1371 1364
20802 1375 1364 1372
20803 1372 1364 1378
20804 1367 1366 1365
20805 1365 1381 1367
20806 1365 1371 1381
20807 1379 1367 1381
20808 1368 1369 1376
20809 1380 1370 1368
20810 1376 1380 1368
20811 1378 1373 1372
20812 1374 1382 1372
20813 1382 1375 1372
20814 1380 1376 1377
2 2 2 46
18454 499 43 5
18455 51 499 5
18456 43 499 6
18457 499 44 6
18458 49 498 7
18459 498 50 7
18460 50 498 8
18461 498 56 8
18462 44 493 45
18463 44 499 493
18464 45 494 46
18465 494 45 493
18466 46 497 47
18467 46 494 497
18468 47 495 48
18469 495 47 497
18470 48 496 49
18471 48 495 496
18472 498 49 496
18473 52 493 51
18474 499 51 493
18475 53 494 52
18476 52 494 493
18477 54 497 53
18478 494 53 497
18479 55 495 54
18480 54 495 497
18481 56 496 55
18482 495 55 496
18483 56 498 496
19313 6 131 11
19314 44 131 6
19315 7 12 138
19316 138 49 7
19317 45 132 44
19318 44 132 131
19319 46 133 45
19320 45 133 132
19321 135 46 47
19322 134 133 46
19323 134 46 135
19324 48 136 47
19325 47 136 135
19326 48 49 137
19327 137 136 48
19328 137 49 138
2 3 2 286
18484 505 27 1
18485 57 505 1
18486 505 2 27
18487 74 2 505
18488 504 5 43
18489 73 5 504
18490 504 43 6
18491 89 504 6
18492 508 57 58
18493 57 508 505
18494 509 58 59
18495 509 508 58
18496 506 59 60
18497 59 506 509
18498 507 60 61
18499 60 507 506
18500 61 62 503
18501 503 507 61
18502 62 63 500
18503 503 62 500
18504 63 64 501
18505 500 63 501
18506 64 65 514
18507 64 514 501
18508 65 66 510
18509 65 510 514
18510 511 66 67
18511 511 510 66
18512 515 67 68
18513 515 511 67
18514 512 68 69
18515 68 512 515
18516 513 69 70
18517 69 513 512
18518 516 70 71
18519 516 513 70
18520 517 71 72
18521 517 516 71
18522 518 72 73
18523 72 518 517
18524 504 518 73
18525 508 75 74
18526 505 508 74
18527 509 76 75
18528 75 508 509
18529 506 77 76
18530 509 506 76
18531 507 78 77
18532 506 507 77
18533 502 79 78
18534 78 503 502
18535 78 507 503
18536 501 80 79
18537 501 79 502
18538 81 80 514
18539 501 514 80
18540 82 81 510
18541 514 510 81
18542 511 83 82
18543 82 510 511
18544 515 84 83
18545 83 511 515
18546 512 85 84
18547 515 512 84
18548 513 86 85
18549 512 513 85
18550 516 87 86
18551 86 513 516
18552 517 88 87
18553 87 516 517
18554 518 89 88
18555 517 518 88
18556 89 518 504
18557 500 501 502
18558 503 500 502
19329 2 139 9
19330 74 139 2
19331 11 162 6
19332 6 162 89
19333 821 13 154
19334 155 13 821
19335 86 157 14
19336 86 14 821
19337 14 156 821
19338 75 140 74
19339 74 140 139
19340 76 141 75
19341 141 140 75
19342 76 77 142
19343 141 76 142
19344 77 78 143
19345 142 77 143
19346 78 79 144
19347 143 78 144
19348 79 80 145
19349 144 79 145
19350 80 81 146
19351 145 80 146
19352 81 82 147
19353 81 147 146
19354 82 83 148
19355 82 148 147
19356 149 83 84
19357 83 149 148
19358 151 84 85
19359 150 149 84
19360 151 150 84
19361 821 85 86
19362 152 151 85
19363 153 152 85
19364 154 153 85
19365 85 821 154
19366 158 86 87
19367 157 86 158
19368 88 160 87
19369 159 158 87
19370 160 159 87
19371 89 161 88
19372 161 160 88
19373 162 161 89
19374 821 156 155
20815 9 139 1417
20816 276 9 1417
20817 13 288 154
20818 19 277 1419
20819 19 1419 307
20820 306 21 1389
20821 1389 21 312
20822 1404 139 140
20823 139 1404 1417
20824 140 141 1409
20825 140 1409 1404
20826 1410 141 142
20827 1409 141 1410
20828 1396 142 143
20829 1396 1410 142
20830 1397 143 144
20831 143 1397 1396
20832 1392 144 145
20833 1392 1397 144
20834 145 146 1388
20835 1388 1392 145
20836 146 147 1408
20837 146 1408 1388
20838 147 148 1414
20839 1408 147 1414
20840 148 149 1412
20841 148 1412 1383
20842 1383 1414 148
20843 1395 149 150
20844 149 1395 1412
20845 1406 150 151
20846 1393 1395 150
20847 150 1405 1393
20848 1406 1405 150
20849 1415 151 152
20850 151 1415 1406
20851 290 152 153
20852 290 291 152
20853 152 291 1415
20854 154 289 153
20855 289 290 153
20856 288 289 154
20857 276 1403 277
20858 1403 276 1417
20859 1419 277 1403
20860 1415 291 292
20861 292 293 1406
20862 1406 1415 292
20863 1406 293 294
20864 294 295 1405
20865 1406 294 1405
20866 295 296 1407
20867 1407 1405 295
20868 1394 296 297
20869 1407 296 1394
20870 297 298 1413
20871 1394 297 1413
20872 1413 298 299
20873 1416 299 300
20874 299 1416 1413
20875 1418 300 301
20876 300 1418 1416
20877 1384 301 302
20878 1418 301 1384
20879 1385 302 303
20880 1384 302 1385
20881 303 304 1387
20882 1387 1385 303
20883 1387 304 305
20884 1386 305 306
20885 1386 1387 305
20886 306 1389 1386
20887 1401 308 307
20888 1419 1401 307
20889 309 308 1400
20890 308 1401 1400
20891 310 309 1399
20892 1411 1399 309
20893 1400 1411 309
20894 311 310 1398
20895 1399 1398 310
20896 1390 312 311
20897 1391 1390 311
20898 311 1398 1391
20899 1389 312 1390
20900 1383 1384 1385
20901 1418 1384 1383
20902 1385 1414 1383
20903 1418 1383 1412
20904 1414 1385 1387
20905 1408 1387 1386
20906 1389 1408 1386
20907 1408 1414 1387
20908 1388 1389 1390
20909 1388 1408 1389
20910 1390 1392 1388
20911 1390 1391 1392
20912 1391 1397 1392
20913 1391 1396 1397
20914 1391 1398 1396
20915 1393 1394 1395
20916 1393 1407 1394
20917 1393 1405 1407
20918 1394 1413 1395
20919 1412 1395 1413
20920 1398 1399 1396
20921 1396 1399 1411
20922 1411 1410 1396
20923 1400 1401 1402
20924 1402 1411 1400
20925 1401 1403 1402
20926 1403 1401 1419
20927 1402 1403 1404
20928 1404 1409 1402
20929 1409 1410 1402
20930 1411 1402 1410
20931 1417 1404 1403
20932 1412 1413 1416
20933 1416 1418 1412
24699 155 464 13
24700 465 288 13
24701 464 465 13
24702 463 156 14
24703 462 21 306
24704 462 306 26
24705 306 484 26
24706 463 155 156
24707 463 464 155
24708 466 289 288
24709 465 466 288
24710 289 467 290
24711 289 466 467
24712 468 291 290
24713 467 468 290
24714 469 292 291
24715 468 469 291
24716 470 293 292
24717 469 470 292
24718 294 293 472
24719 293 470 471
24720 293 471 472
24721 294 473 295
24722 473 294 472
24723 296 295 474
24724 295 473 474
24725 297 296 475
24726 296 474 475
24727 297 476 298
24728 476 297 475
24729 477 299 298
24730 476 477 298
24731 300 299 478
24732 299 477 478
24733 301 300 479
24734 300 478 479
24735 302 301 480
24736 301 479 480
24737 303 302 481
24738 302 480 481
24739 304 303 482
24740 303 481 482
24741 305 304 483
24742 304 482 483
24743 305 484 306
24744 484 305 483
2 4 2 314
18559 523 35 3
18560 107 523 3
18561 523 4 35
18562 90 4 523
18563 524 7 50
18564 122 7 524
18565 524 50 8
18566 106 524 8
18567 527 91 90
18568 90 523 527
18569 528 92 91
18570 528 91 527
18571 525 93 92
18572 92 528 525
18573 526 94 93
18574 93 525 526
18575 94 522 95
18576 522 94 526
18577 95 519 96
18578 522 519 95
18579 96 520 97
18580 519 520 96
18581 97 533 98
18582 97 520 533
18583 98 529 99
18584 98 533 529
18585 530 100 99
18586 530 99 529
18587 536 101 100
18588 536 100 530
18589 531 102 101
18590 101 536 531
18591 532 103 102
18592 102 531 532
18593 537 104 103
18594 537 103 532
18595 534 105 104
18596 534 104 537
18597 535 106 105
18598 105 534 535
18599 524 106 535
18600 527 107 108
18601 523 107 527
18602 528 108 109
18603 108 528 527
18604 525 109 110
18605 528 109 525
18606 526 110 111
18607 525 110 526
18608 521 111 112
18609 111 521 522
18610 111 522 526
18611 520 112 113
18612 520 521 112
18613 114 533 113
18614 520 113 533
18615 115 529 114
18616 533 114 529
18617 530 115 116
18618 115 530 529
18619 536 116 117
18620 116 536 530
18621 531 117 118
18622 536 117 531
18623 532 118 119
18624 531 118 532
18625 537 119 120
18626 119 537 532
18627 534 120 121
18628 120 534 537
18629 535 121 122
18630 534 121 535
18631 122 524 535
18632 519 521 520
18633 522 521 519
19375 10 163 3
19376 3 163 107
19377 12 7 187
19378 7 122 187
19379 822 178 15
19380 179 822 15
19381 119 16 181
19382 119 822 16
19383 16 822 180
19384 107 164 108
19385 163 164 107
19386 108 165 109
19387 108 164 165
19388 109 166 110
19389 109 165 166
19390 111 110 167
19391 110 166 167
19392 112 111 168
19393 168 111 167
19394 112 169 113
19395 168 169 112
19396 113 170 114
19397 113 169 170
19398 114 171 115
19399 114 170 171
19400 115 172 116
19401 115 171 172
19402 116 174 117
19403 116 172 173
19404 116 173 174
19405 176 118 117
19406 117 174 175
19407 117 175 176
19408 822 119 118
19409 177 118 176
19410 178 118 177
19411 118 178 822
19412 183 120 119
19413 181 182 119
19414 183 119 182
19415 185 121 120
19416 184 120 183
19417 185 120 184
19418 121 186 122
19419 185 186 121
19420 122 186 187
19421 822 179 180
21149 10 1528 163
21150 10 286 1528
21151 15 178 343
21152 20 1519 287
21153 20 313 1519
21154 22 1532 318
21155 363 1537 22
21156 22 1537 1532
21157 1529 164 163
21158 163 1528 1529
21159 1533 165 164
21160 164 1529 1533
21161 1546 166 165
21162 165 1533 1546
21163 1543 167 166
21164 1543 166 1546
21165 1524 168 167
21166 167 1526 1524
21167 1543 1526 167
21168 1539 169 168
21169 1524 1539 168
21170 169 1523 170
21171 169 1538 1523
21172 169 1539 1538
21173 170 1522 171
21174 1522 170 1523
21175 1535 172 171
21176 1522 1535 171
21177 172 1504 173
21178 172 1505 1504
21179 172 1535 1505
21180 1516 174 173
21181 1516 173 1504
21182 1510 175 174
21183 174 1511 1510
21184 174 1517 1511
21185 1517 174 1516
21186 1540 176 175
21187 1510 1541 175
21188 175 1541 1540
21189 1512 177 176
21190 1506 1507 176
21191 1506 176 1540
21192 1507 1512 176
21193 344 178 177
21194 1512 344 177
21195 343 178 344
21196 1520 286 287
21197 1528 286 1520
21198 1520 287 1519
21199 313 314 1519
21200 315 1542 314
21201 314 1521 1519
21202 1542 1521 314
21203 316 1549 315
21204 1542 315 1544
21205 1544 315 1549
21206 317 1525 316
21207 1525 1549 316
21208 318 1527 317
21209 1527 1525 317
21210 1532 1527 318
21211 345 344 1512
21212 1507 346 345
21213 1512 1507 345
21214 1506 347 346
21215 1506 346 1507
21216 1540 348 347
21217 347 1506 1540
21218 1541 349 348
21219 1540 1541 348
21220 1508 350 349
21221 1541 1508 349
21222 350 1509 351
21223 350 1508 1509
21224 1548 352 351
21225 1548 351 1509
21226 1550 353 352
21227 1550 352 1548
21228 1518 354 353
21229 353 1550 1518
21230 354 1530 355
21231 1530 354 1518
21232 1531 356 355
21233 1530 1531 355
21234 1545 357 356
21235 1545 356 1531
21236 357 1513 358
21237 1513 357 1545
21238 1514 359 358
21239 1513 1514 358
21240 1547 360 359
21241 1514 1547 359
21242 360 1536 361
21243 1536 360 1547
21244 1536 362 361
21245 1537 363 362
21246 362 1536 1537
21247 1515 1504 1505
21248 1531 1504 1515
21249 1531 1516 1504
21250 1514 1515 1505
21251 1514 1505 1547
21252 1547 1505 1535
21253 1508 1510 1509
21254 1508 1541 1510
21255 1511 1509 1510
21256 1511 1548 1509
21257 1517 1548 1511
21258 1513 1515 1514
21259 1545 1515 1513
21260 1515 1545 1531
21261 1516 1518 1517
21262 1516 1530 1518
21263 1516 1531 1530
21264 1550 1517 1518
21265 1517 1550 1548
21266 1519 1521 1520
21267 1520 1521 1529
21268 1520 1529 1528
21269 1529 1521 1534
21270 1521 1542 1534
21271 1523 1532 1522
21272 1532 1537 1522
21273 1537 1535 1522
21274 1532 1523 1538
21275 1524 1526 1525
21276 1524 1525 1527
21277 1538 1524 1527
21278 1539 1524 1538
21279 1526 1549 1525
21280 1543 1544 1526
21281 1549 1526 1544
21282 1532 1538 1527
21283 1529 1534 1533
21284 1533 1534 1544
21285 1544 1546 1533
21286 1534 1542 1544
21287 1535 1537 1536
21288 1535 1536 1547
21289 1544 1543 1546
23944 15 426 179
23945 427 15 343
23946 427 426 15
23947 180 425 16
23948 22 25 363
23949 363 25 448
23950 179 425 180
23951 179 426 425
23952 428 343 344
23953 427 343 428
23954 344 345 429
23955 428 344 429
23956 430 345 346
23957 429 345 430
23958 431 346 347
23959 430 346 431
23960 348 2716 347
23961 432 431 347
23962 2716 432 347
23963 349 434 348
23964 348 434 433
23965 2716 348 433
23966 435 349 350
23967 435 434 349
23968 436 350 351
23969 435 350 436
23970 351 352 437
23971 436 351 437
23972 352 353 438
23973 437 352 438
23974 353 354 439
23975 438 353 439
23976 354 355 440
23977 439 354 440
23978 355 356 441
23979 440 355 441
23980 356 357 442
23981 441 356 442
23982 357 358 443
23983 442 357 443
23984 444 358 359
23985 443 358 444
23986 445 359 360
23987 444 359 445
23988 360 361 446
23989 445 360 446
23990 361 362 447
23991 446 361 447
23992 362 363 448
23993 447 362 448
23994 432 2716 433
2 5 2 335
18634 557 1 36
18635 57 1 557
18636 42 4 569
18637 569 4 90
18638 51 5 566
18639 566 5 73
18640 539 8 56
18641 106 8 539
18642 558 36 37
18643 557 36 558
18644 622 37 38
18645 37 622 558
18646 620 38 39
18647 38 620 622
18648 39 40 636
18649 620 39 636
18650 40 41 634
18651 634 636 40
18652 41 42 662
18653 662 634 41
18654 662 42 569
18655 565 52 51
18656 565 51 566
18657 53 52 585
18658 585 52 565
18659 584 54 53
18660 584 53 585
18661 601 55 54
18662 54 584 601
18663 56 55 652
18664 652 55 601
18665 539 56 652
18666 557 58 57
18667 59 58 559
18668 559 58 557
18669 60 59 607
18670 559 607 59
18671 657 61 60
18672 607 650 60
18673 650 657 60
18674 62 61 671
18675 671 61 657
18676 639 63 62
18677 671 639 62
18678 64 63 673
18679 673 63 639
18680 65 64 628
18681 673 628 64
18682 66 65 604
18683 628 604 65
18684 595 67 66
18685 595 66 604
18686 588 68 67
18687 588 67 595
18688 587 69 68
18689 587 68 588
18690 625 70 69
18691 69 587 624
18692 624 625 69
18693 625 71 70
18694 653 72 71
18695 577 71 625
18696 71 577 653
18697 73 72 564
18698 72 653 564
18699 566 73 564
18700 90 91 569
18701 567 91 92
18702 567 568 91
18703 568 569 91
18704 655 92 93
18705 92 655 567
18706 659 93 94
18707 659 655 93
18708 94 95 633
18709 94 633 659
18710 95 96 675
18711 675 633 95
18712 96 97 543
18713 96 543 675
18714 97 98 660
18715 660 543 97
18716 549 98 99
18717 660 98 549
18718 597 99 100
18719 99 597 549
18720 100 101 598
18721 597 100 598
18722 599 101 102
18723 101 599 598
18724 102 103 617
18725 102 581 599
18726 102 617 581
18727 617 103 104
18728 105 538 104
18729 571 104 538
18730 571 617 104
18731 105 106 539
18732 538 105 539
18733 538 539 540
18734 540 570 538
18735 570 571 538
18736 652 540 539
18737 600 570 540
18738 600 540 601
18739 540 652 601
18740 541 542 543
18741 542 541 548
18742 543 627 541
18743 541 658 548
18744 627 632 541
18745 541 632 658
18746 675 543 542
18747 547 542 548
18748 547 630 542
18749 630 633 542
18750 542 633 675
18751 627 543 660
18752 544 545 546
18753 545 544 629
18754 602 544 546
18755 604 544 602
18756 544 604 628
18757 628 629 544
18758 545 555 546
18759 545 608 555
18760 545 610 608
18761 629 610 545
18762 555 563 546
18763 546 563 602
18764 547 548 641
18765 547 676 630
18766 641 640 547
18767 676 547 640
18768 658 641 548
18769 549 550 551
18770 549 603 550
18771 551 660 549
18772 549 597 603
18773 551 550 611
18774 550 603 562
18775 562 611 550
18776 611 627 551
18777 551 627 660
18778 552 553 554
18779 619 553 552
18780 677 552 554
18781 618 619 552
18782 552 645 618
18783 552 670 645
18784 670 552 677
18785 554 553 678
18786 639 553 619
18787 553 639 671
18788 671 657 553
18789 678 553 657
18790 678 606 554
18791 680 554 606
18792 680 677 554
18793 562 563 555
18794 679 562 555
18795 679 555 608
18796 556 557 558
18797 556 559 557
18798 558 623 556
18799 559 556 605
18800 605 556 623
18801 623 558 622
18802 607 559 605
18803 560 561 562
18804 560 594 561
18805 560 562 603
18806 589 594 560
18807 596 589 560
18808 560 603 596
18809 561 563 562
18810 592 563 561
18811 561 594 592
18812 611 562 679
18813 563 592 602
18814 564 565 566
18815 564 616 565
18816 564 653 616
18817 565 583 585
18818 583 565 616
18819 567 656 568
18820 654 567 655
18821 654 656 567
18822 569 568 662
18823 656 662 568
18824 571 570 572
18825 570 600 572
18826 571 572 573
18827 617 571 573
18828 572 574 573
18829 572 578 574
18830 600 578 572
18831 574 579 573
18832 581 573 579
18833 573 581 617
18834 575 574 578
18835 614 574 575
18836 574 582 579
18837 574 614 582
18838 575 576 577
18839 575 578 576
18840 577 613 575
18841 613 614 575
18842 577 576 653
18843 578 615 576
18844 615 583 576
18845 583 616 576
18846 616 653 576
18847 613 577 625
18848 600 615 578
18849 579 580 581
18850 579 582 580
18851 599 581 580
18852 582 591 580
18853 589 590 580
18854 580 591 589
18855 590 599 580
18856 582 631 591
18857 582 614 631
18858 583 584 585
18859 584 583 615
18860 584 600 601
18861 615 600 584
18862 586 587 588
18863 631 587 586
18864 593 586 588
18865 592 586 593
18866 592 594 586
18867 594 651 586
18868 651 631 586
18869 631 624 587
18870 588 595 593
18871 589 596 590
18872 589 591 651
18873 589 651 594
18874 590 596 598
18875 598 599 590
18876 651 591 631
18877 593 602 592
18878 593 595 602
18879 602 595 604
18880 596 597 598
18881 603 597 596
18882 605 606 607
18883 669 606 605
18884 623 669 605
18885 650 607 606
18886 606 678 650
18887 606 669 680
18888 609 608 610
18889 609 612 608
18890 612 626 608
18891 608 626 679
18892 618 609 610
18893 609 644 612
18894 618 645 609
18895 609 645 644
18896 637 618 610
18897 610 629 637
18898 611 626 627
18899 679 626 611
18900 632 626 612
18901 612 658 632
18902 658 612 644
18903 614 613 624
18904 625 624 613
18905 631 614 624
18906 618 637 619
18907 619 637 639
18908 620 621 622
18909 621 620 661
18910 661 620 636
18911 621 623 622
18912 621 664 623
18913 661 664 621
18914 664 669 623
18915 626 632 627
18916 629 628 673
18917 673 637 629
18918 630 659 633
18919 649 659 630
18920 630 676 649
18921 634 635 636
18922 634 638 635
18923 634 662 638
18924 661 636 635
18925 638 667 635
18926 635 667 661
18927 673 639 637
18928 654 646 638
18929 638 646 667
18930 638 656 654
18931 656 638 662
18932 640 641 642
18933 640 642 666
18934 648 640 666
18935 640 648 676
18936 641 643 642
18937 658 643 641
18938 672 642 643
18939 642 670 665
18940 642 665 674
18941 674 666 642
18942 670 642 672
18943 644 643 658
18944 643 644 672
18945 672 644 645
18946 672 645 670
18947 646 647 648
18948 647 646 654
18949 666 646 648
18950 666 667 646
18951 647 649 648
18952 647 655 649
18953 654 655 647
18954 676 648 649
18955 649 655 659
18956 650 678 657
18957 664 661 668
18958 668 661 667
18959 663 664 665
18960 669 664 663
18961 665 670 663
18962 680 669 663
18963 677 663 670
18964 663 677 680
18965 665 664 668
18966 674 665 668
18967 666 668 667
18968 668 666 674
2 6 2 4904
18969 681 28 2
18970 74 681 2
18971 34 686 3
18972 686 107 3
18973 44 805 6
18974 6 805 89
18975 807 49 7
18976 122 807 7
18977 28 682 29
18978 681 682 28
18979 702 30 29
18980 682 702 29
18981 738 31 30
18982 702 703 30
18983 30 703 738
18984 31 736 32
18985 738 736 31
18986 32 697 33
18987 696 697 32
18988 696 32 736
18989 685 34 33
18990 697 685 33
18991 685 686 34
18992 804 44 45
18993 804 805 44
18994 45 46 747
18995 804 45 747
18996 728 46 47
18997 728 747 46
18998 48 730 47
18999 47 730 728
19000 49 807 48
19001 806 730 48
19002 806 48 807
19003 75 683 74
19004 683 681 74
19005 811 75 76
19006 811 683 75
19007 77 817 76
19008 76 718 811
19009 817 718 76
19010 803 77 78
19011 817 77 803
19012 79 800 78
19013 78 800 803
19014 775 79 80
19015 79 775 801
19016 79 801 800
19017 774 80 81
19018 774 775 80
19019 82 734 81
19020 774 81 734
19021 83 743 82
19022 727 734 82
19023 727 82 743
19024 707 83 84
19025 695 83 707
19026 695 743 83
19027 797 84 85
19028 797 707 84
19029 86 709 85
19030 709 708 85
19031 708 797 85
19032 816 86 87
19033 86 816 709
19034 809 87 88
19035 87 809 810
19036 810 816 87
19037 805 88 89
19038 809 88 805
19039 684 108 107
19040 686 684 107
19041 108 798 109
19042 684 798 108
19043 795 110 109
19044 798 795 109
19045 796 111 110
19046 795 796 110
19047 111 776 112
19048 111 796 776
19049 112 766 113
19050 776 766 112
19051 113 761 114
19052 766 761 113
19053 777 115 114
19054 777 114 761
19055 115 732 116
19056 777 732 115
19057 699 117 116
19058 732 699 116
19059 701 118 117
19060 689 117 699
19061 689 701 117
19062 794 119 118
19063 118 701 794
19064 119 782 120
19065 782 119 794
19066 120 722 121
19067 782 722 120
19068 121 808 122
19069 808 121 722
19070 808 807 122
19071 681 683 682
19072 813 682 683
19073 813 702 682
19074 811 716 683
19075 716 813 683
19076 684 686 685
19077 685 814 684
19078 812 798 684
19079 814 812 684
19080 697 814 685
19081 687 689 688
19082 687 688 690
19083 687 701 689
19084 704 687 690
19085 700 701 687
19086 700 687 704
19087 689 699 688
19088 690 688 698
19089 688 715 698
19090 688 699 713
19091 688 713 715
19092 691 692 690
19093 698 691 690
19094 690 692 704
19095 691 693 692
19096 691 707 693
19097 694 695 691
19098 694 691 698
19099 695 707 691
19100 693 708 692
19101 692 706 704
19102 705 706 692
19103 692 708 705
19104 693 707 797
19105 797 708 693
19106 694 743 695
19107 715 694 698
19108 726 694 715
19109 726 727 694
19110 727 743 694
19111 696 814 697
19112 696 736 735
19113 696 735 737
19114 696 737 814
19115 732 713 699
19116 701 700 794
19117 700 704 779
19118 779 794 700
19119 813 703 702
19120 739 703 719
19121 719 703 813
19122 738 703 739
19123 706 779 704
19124 705 711 706
19125 709 705 708
19126 709 710 705
19127 705 710 711
19128 706 711 751
19129 779 706 751
19130 816 710 709
19131 711 710 802
19132 810 802 710
19133 816 810 710
19134 711 752 751
19135 711 802 752
19136 712 714 713
19137 732 712 713
19138 714 712 742
19139 712 732 777
19140 742 712 777
19141 713 714 715
19142 714 754 715
19143 714 742 741
19144 714 741 754
19145 754 726 715
19146 716 718 717
19147 716 717 719
19148 811 718 716
19149 813 716 719
19150 717 718 793
19151 717 740 719
19152 740 717 793
19153 718 817 793
19154 739 719 740
19155 720 722 721
19156 757 720 721
19157 722 720 808
19158 731 720 756
19159 720 731 808
19160 756 720 757
19161 721 722 782
19162 757 721 778
19163 721 782 778
19164 723 725 724
19165 724 781 723
19166 787 725 723
19167 723 745 744
19168 744 787 723
19169 781 745 723
19170 724 725 740
19171 724 740 793
19172 792 781 724
19173 792 724 793
19174 740 725 739
19175 786 739 725
19176 787 786 725
19177 727 726 733
19178 733 726 755
19179 726 754 755
19180 727 733 734
19181 728 730 729
19182 746 728 729
19183 728 746 747
19184 729 730 731
19185 729 731 756
19186 729 815 746
19187 756 815 729
19188 731 730 806
19189 806 808 731
19190 734 733 759
19191 755 759 733
19192 759 774 734
19193 784 735 736
19194 737 735 818
19195 785 735 784
19196 735 785 819
19197 819 818 735
19198 738 784 736
19199 737 799 812
19200 799 737 818
19201 812 814 737
19202 739 784 738
19203 739 786 784
19204 741 742 763
19205 753 754 741
19206 763 753 741
19207 761 762 742
19208 742 777 761
19209 742 762 763
19210 744 745 750
19211 744 750 820
19212 787 744 820
19213 750 745 783
19214 745 781 783
19215 746 748 747
19216 752 748 746
19217 815 752 746
19218 747 748 749
19219 747 749 804
19220 749 748 810
19221 752 802 748
19222 802 810 748
19223 805 804 749
19224 749 809 805
19225 809 749 810
19226 771 772 750
19227 771 750 783
19228 750 772 820
19229 752 815 751
19230 757 751 756
19231 815 756 751
19232 757 779 751
19233 753 755 754
19234 760 755 753
19235 753 765 760
19236 753 763 765
19237 758 759 755
19238 758 755 760
19239 778 779 757
19240 758 768 759
19241 758 760 770
19242 768 758 769
19243 769 758 770
19244 768 774 759
19245 770 760 765
19246 766 762 761
19247 762 764 763
19248 762 767 764
19249 766 767 762
19250 763 764 765
19251 765 764 771
19252 767 773 764
19253 764 773 771
19254 765 771 770
19255 776 767 766
19256 773 767 790
19257 776 790 767
19258 801 768 769
19259 768 775 774
19260 775 768 801
19261 769 770 783
19262 780 769 781
19263 769 780 801
19264 781 769 783
19265 783 770 771
19266 771 773 772
19267 788 772 773
19268 772 788 820
19269 773 790 788
19270 790 776 791
19271 796 791 776
19272 779 778 794
19273 778 782 794
19274 781 792 780
19275 792 803 780
19276 780 800 801
19277 800 780 803
19278 784 786 785
19279 785 786 787
19280 785 787 819
19281 819 787 820
19282 788 790 789
19283 789 818 788
19284 820 788 818
19285 789 790 791
19286 789 791 799
19287 818 789 799
19288 795 791 796
19289 795 799 791
19290 803 792 793
19291 793 817 803
19292 798 799 795
19293 799 798 812
19294 807 808 806
19295 818 819 820
19422 9 849 123
19423 139 849 9
19424 1166 10 130
19425 163 10 1166
19426 13 1084 154
19427 13 212 1084
19428 178 1065 15
19429 1065 188 15
19430 211 1101 17
19431 1101 232 17
19432 123 849 124
19433 838 125 124
19434 849 838 124
19435 125 1059 126
19436 838 836 125
19437 125 836 1059
19438 916 127 126
19439 126 1059 916
19440 127 917 128
19441 916 917 127
19442 989 129 128
19443 989 128 917
19444 129 1166 130
19445 1078 129 989
19446 1078 1166 129
19447 848 139 140
19448 848 849 139
19449 141 1045 140
19450 848 140 1045
19451 142 890 141
19452 890 1045 141
19453 143 1200 142
19454 889 890 142
19455 1200 889 142
19456 937 143 144
19457 1199 143 937
19458 1200 143 1199
19459 145 937 144
19460 1110 145 146
19461 145 1191 937
19462 145 1110 1191
19463 926 146 147
19464 926 1110 146
19465 148 925 147
19466 925 926 147
19467 149 1160 148
19468 148 918 925
19469 148 1160 918
19470 150 1171 149
19471 1171 1160 149
19472 1165 150 151
19473 1165 1171 150
19474 152 1105 151
19475 1165 151 1105
19476 1104 152 153
19477 152 1104 1105
19478 1085 153 154
19479 1085 1104 153
19480 1084 1085 154
19481 163 1077 164
19482 163 1166 1077
19483 959 165 164
19484 164 1077 959
19485 960 166 165
19486 959 960 165
19487 166 940 167
19488 960 940 166
19489 941 168 167
19490 940 941 167
19491 168 1069 169
19492 1069 168 941
19493 1091 170 169
19494 169 1069 1091
19495 170 1181 171
19496 170 1091 1181
19497 1126 172 171
19498 1126 171 1181
19499 1097 173 172
19500 1097 172 1119
19501 1119 172 1126
19502 173 1197 174
19503 1197 173 1097
19504 174 1124 175
19505 1197 1124 174
19506 175 1070 176
19507 1070 175 1124
19508 176 1224 177
19509 1224 176 1070
19510 177 1067 178
19511 1068 1067 177
19512 1224 1068 177
19513 1067 1065 178
19514 188 1064 189
19515 188 1065 1064
19516 189 954 190
19517 189 1064 954
19518 190 908 191
19519 190 954 908
19520 191 911 192
19521 191 908 911
19522 192 929 193
19523 192 911 929
19524 1177 194 193
19525 929 1177 193
19526 194 1176 195
19527 1176 194 1177
19528 195 1129 196
19529 195 1185 1129
19530 195 1176 1185
19531 1128 197 196
19532 196 1129 1128
19533 912 198 197
19534 1128 912 197
19535 198 913 199
19536 913 198 912
19537 199 914 200
19538 913 914 199
19539 201 200 1212
19540 914 1212 200
19541 202 201 1210
19542 201 1211 1210
19543 1211 201 1212
19544 202 1053 203
19545 1053 202 1210
19546 203 934 204
19547 1053 934 203
19548 957 205 204
19549 957 204 934
19550 995 206 205
19551 995 205 957
19552 980 207 206
19553 980 206 995
19554 967 208 207
19555 967 207 969
19556 980 969 207
19557 834 209 208
19558 834 208 967
19559 835 210 209
19560 834 835 209
19561 1100 211 210
19562 835 1100 210
19563 1100 1101 211
19564 1088 212 213
19565 1088 1084 212
19566 1088 213 214
19567 851 214 215
19568 1088 214 851
19569 852 215 216
19570 852 851 215
19571 216 217 873
19572 216 873 852
19573 217 218 964
19574 873 217 964
19575 965 218 219
19576 964 218 965
19577 220 1051 219
19578 1051 965 219
19579 1040 220 221
19580 1034 220 1040
19581 1051 220 1034
19582 222 1040 221
19583 1253 222 223
19584 222 1037 1040
19585 222 1250 1037
19586 222 1253 1250
19587 993 223 224
19588 993 994 223
19589 994 1253 223
19590 225 903 224
19591 224 903 993
19592 902 225 226
19593 902 903 225
19594 227 863 226
19595 863 902 226
19596 228 861 227
19597 227 861 863
19598 229 860 228
19599 228 860 861
19600 230 869 229
19601 229 869 860
19602 231 868 230
19603 230 868 869
19604 1131 231 232
19605 1131 868 231
19606 1101 1131 232
19607 823 825 824
19608 823 824 826
19609 823 843 825
19610 823 826 1039
19611 823 844 843
19612 1039 844 823
19613 1029 824 825
19614 826 824 894
19615 824 1029 894
19616 825 843 1030
19617 1029 825 1030
19618 826 894 893
19619 1042 826 893
19620 1042 1039 826
19621 827 829 828
19622 828 1013 827
19623 878 829 827
19624 878 827 880
19625 827 984 880
19626 827 1013 984
19627 828 829 856
19628 828 856 1234
19629 828 1041 1013
19630 1041 828 1234
19631 856 829 857
19632 1183 857 829
19633 1183 829 878
19634 830 832 831
19635 830 831 833
19636 874 832 830
19637 974 830 833
19638 851 852 830
19639 974 851 830
19640 852 874 830
19641 899 831 832
19642 831 1173 833
19643 831 899 847
19644 1173 831 847
19645 874 1140 832
19646 900 899 832
19647 832 1140 900
19648 1086 974 833
19649 1074 833 1076
19650 833 1074 1086
19651 833 1173 1076
19652 834 968 835
19653 967 968 834
19654 835 968 1087
19655 1100 835 1087
19656 836 838 837
19657 837 1061 836
19658 1061 1059 836
19659 837 838 839
19660 882 837 839
19661 837 882 884
19662 884 1061 837
19663 839 838 849
19664 848 839 849
19665 839 848 1045
19666 839 1045 882
19667 840 842 841
19668 840 841 895
19669 840 914 842
19670 840 895 904
19671 904 1251 840
19672 1251 914 840
19673 1201 841 842
19674 841 892 891
19675 841 891 895
19676 841 1201 892
19677 912 842 913
19678 1201 842 912
19679 913 842 914
19680 843 844 996
19681 843 996 1228
19682 843 1221 1030
19683 843 1228 1221
19684 844 998 996
19685 998 844 1039
19686 845 847 846
19687 845 846 850
19688 845 1135 847
19689 927 845 850
19690 927 928 845
19691 1135 845 928
19692 847 899 846
19693 850 846 1145
19694 846 899 900
19695 1145 846 900
19696 1135 1173 847
19697 942 927 850
19698 850 1019 942
19699 1019 850 1145
19700 851 974 1088
19701 873 874 852
19702 853 855 854
19703 854 870 853
19704 855 853 1154
19705 853 870 1125
19706 1150 853 1125
19707 853 1150 1158
19708 1154 853 1158
19709 862 854 855
19710 862 869 854
19711 854 869 870
19712 864 862 855
19713 864 855 1153
19714 855 1154 1153
19715 857 858 856
19716 856 858 1225
19717 1234 856 1225
19718 857 859 858
19719 857 1123 859
19720 1123 857 1071
19721 1183 1071 857
19722 950 858 859
19723 1236 858 950
19724 1225 858 1236
19725 944 950 859
19726 859 1232 944
19727 1232 859 1123
19728 860 862 861
19729 862 860 869
19730 864 861 862
19731 861 864 863
19732 1147 863 864
19733 902 863 901
19734 901 863 1242
19735 863 1147 1242
19736 864 1148 1147
19737 1153 1148 864
19738 865 867 866
19739 865 866 871
19740 865 1175 867
19741 871 1245 865
19742 1175 865 1222
19743 1245 1222 865
19744 1189 866 867
19745 871 866 1162
19746 866 1164 1162
19747 866 1189 1164
19748 867 1174 887
19749 887 1187 867
19750 867 1175 1174
19751 1187 1189 867
19752 868 870 869
19753 1130 870 868
19754 1130 868 1131
19755 870 1130 1125
19756 1080 1081 871
19757 871 1162 1080
19758 1245 871 1081
19759 872 874 873
19760 964 872 873
19761 874 872 1140
19762 964 983 872
19763 983 1140 872
19764 875 877 876
19765 875 876 888
19766 1238 877 875
19767 1015 875 888
19768 875 1015 1014
19769 875 1014 1238
19770 877 1010 876
19771 888 876 1011
19772 876 1010 1011
19773 877 1001 1003
19774 1012 1001 877
19775 1003 1010 877
19776 877 1238 1012
19777 878 880 879
19778 1183 878 879
19779 879 880 1057
19780 879 1057 1058
19781 1058 1071 879
19782 1071 1183 879
19783 880 910 955
19784 984 910 880
19785 880 955 1057
19786 881 883 882
19787 1045 881 882
19788 1179 883 881
19789 881 890 889
19790 889 1179 881
19791 890 881 1045
19792 882 883 884
19793 1082 884 883
19794 883 1178 1082
19795 1178 883 1179
19796 1082 1061 884
19797 885 887 886
19798 886 966 885
19799 1187 887 885
19800 966 969 885
19801 885 969 980
19802 1188 885 980
19803 885 1188 1187
19804 887 1174 886
19805 966 886 1118
19806 1169 1118 886
19807 1169 886 1168
19808 1174 1168 886
19809 1011 894 888
19810 888 894 1029
19811 1029 1015 888
19812 1116 889 1115
19813 889 1200 1115
19814 889 1116 1179
19815 999 891 892
19816 895 891 982
19817 981 982 891
19818 981 891 999
19819 1226 999 892
19820 892 1201 1227
19821 1227 1226 892
19822 893 894 1025
19823 893 1025 1213
19824 1042 893 1218
19825 1218 893 1213
19826 1025 894 1011
19827 895 1252 904
19828 1252 895 982
19829 896 898 897
19830 896 897 904
19831 896 1163 898
19832 904 1257 896
19833 1162 896 1080
19834 1080 896 1257
19835 1162 1163 896
19836 1211 897 898
19837 904 897 1251
19838 897 1211 1251
19839 1163 938 898
19840 938 1210 898
19841 1210 1211 898
19842 1217 900 1140
19843 1145 900 1217
19844 901 903 902
19845 1146 903 901
19846 1146 901 1242
19847 903 1146 993
19848 1257 904 1252
19849 905 907 906
19850 906 1240 905
19851 962 907 905
19852 962 905 1052
19853 1052 905 1254
19854 1240 1241 905
19855 1241 1254 905
19856 1000 906 907
19857 1001 906 1000
19858 906 1001 1012
19859 1012 1240 906
19860 1235 907 962
19861 907 1236 1000
19862 1235 1236 907
19863 908 910 909
19864 908 909 911
19865 908 954 910
19866 909 910 984
19867 992 911 909
19868 909 984 991
19869 909 991 992
19870 910 954 955
19871 992 929 911
19872 1201 912 1128
19873 1212 914 1251
19874 915 917 916
19875 916 1121 915
19876 917 915 989
19877 989 915 990
19878 915 1044 990
19879 915 1122 1044
19880 1121 1122 915
19881 1059 1060 916
19882 916 1060 1121
19883 918 920 919
19884 919 925 918
19885 920 918 1107
19886 1160 1107 918
19887 919 920 921
19888 919 921 924
19889 922 923 919
19890 922 919 924
19891 919 923 925
19892 920 1108 921
19893 920 1107 1092
19894 920 1092 1108
19895 924 921 1114
19896 921 1108 1109
19897 1109 1114 921
19898 922 926 923
19899 922 924 948
19900 922 1111 926
19901 947 922 948
19902 947 1062 922
19903 1062 1111 922
19904 923 926 925
19905 948 924 1120
19906 1114 1120 924
19907 926 1111 1110
19908 928 927 930
19909 930 927 931
19910 931 927 943
19911 942 943 927
19912 930 1134 928
19913 928 1134 1133
19914 928 1133 1135
19915 992 1177 929
19916 930 931 1248
19917 1134 930 1248
19918 931 943 1243
19919 1244 931 1243
19920 1248 931 1244
19921 932 934 933
19922 933 1164 932
19923 934 932 957
19924 957 932 970
19925 932 1189 970
19926 1189 932 1164
19927 933 934 938
19928 933 938 1163
19929 1164 933 1163
19930 938 934 1053
19931 935 937 936
19932 936 1063 935
19933 935 1199 937
19934 935 977 975
19935 935 975 1115
19936 977 935 1063
19937 1199 935 1115
19938 1191 936 937
19939 1062 1063 936
19940 1111 1062 936
19941 936 1191 1111
19942 938 1053 1210
19943 939 941 940
19944 940 949 939
19945 1138 941 939
19946 949 1136 939
19947 939 1136 1056
19948 1138 939 1056
19949 940 1192 949
19950 1192 940 960
19951 1089 1069 941
19952 1138 1089 941
19953 942 1219 943
19954 1019 1017 942
19955 1017 1219 942
19956 1219 1021 943
19957 1021 1243 943
19958 944 946 945
19959 944 945 950
19960 944 1124 946
19961 1232 1124 944
19962 1098 945 946
19963 945 1002 950
19964 1024 1002 945
19965 945 1098 1024
19966 1197 1098 946
19967 1124 1197 946
19968 948 1141 947
19969 978 1063 947
19970 947 1141 978
19971 947 1063 1062
19972 1141 948 1120
19973 949 1043 1139
19974 1192 1043 949
19975 949 1139 1136
19976 950 1002 1000
19977 1236 950 1000
19978 951 953 952
19979 952 1227 951
19980 1144 953 951
19981 1132 1185 951
19982 1132 951 1227
19983 1185 1144 951
19984 952 953 956
19985 952 956 1231
19986 1226 1227 952
19987 1226 952 1231
19988 953 1032 956
19989 953 1143 1032
19990 953 1144 1143
19991 954 1064 955
19992 1064 1057 955
19993 956 1190 963
19994 963 1231 956
19995 956 1032 1190
19996 957 970 995
19997 958 960 959
19998 1009 958 959
19999 1192 960 958
20000 1044 958 1009
20001 1043 958 1044
20002 1043 1192 958
20003 1009 959 1077
20004 961 963 962
20005 962 1052 961
20006 1231 963 961
20007 961 1052 1207
20008 1207 1231 961
20009 963 979 962
20010 979 1235 962
20011 1190 979 963
20012 964 965 972
20013 972 983 964
20014 972 965 971
20015 1051 971 965
20016 966 968 967
20017 966 967 969
20018 968 966 1118
20019 1087 968 1118
20020 995 970 1188
20021 1188 970 1189
20022 971 973 972
20023 1050 973 971
20024 1034 1035 971
20025 1051 1034 971
20026 1035 1049 971
20027 1049 1050 971
20028 972 973 983
20029 983 973 1209
20030 1050 1216 973
20031 1216 1209 973
20032 1088 974 1086
20033 975 977 976
20034 1072 975 976
20035 1116 975 1072
20036 1115 975 1116
20037 976 977 978
20038 976 978 1196
20039 1072 976 1073
20040 1073 976 1196
20041 978 977 1063
20042 1214 978 1141
20043 1196 978 1214
20044 979 1190 1041
20045 1234 979 1041
20046 979 1234 1225
20047 1235 979 1225
20048 980 995 1188
20049 981 1205 982
20050 981 999 1207
20051 981 1208 1205
20052 1208 981 1207
20053 982 1205 1079
20054 1079 1252 982
20055 983 1217 1140
20056 1217 983 1209
20057 991 984 1013
20058 985 987 986
20059 986 1038 985
20060 1146 987 985
20061 993 985 994
20062 993 1146 985
20063 1038 994 985
20064 986 987 988
20065 988 1258 986
20066 1038 986 1047
20067 1258 1047 986
20068 988 987 1237
20069 987 1146 1237
20070 1027 988 997
20071 997 988 1237
20072 1027 1028 988
20073 1258 988 1028
20074 989 990 1078
20075 1009 990 1044
20076 1009 1078 990
20077 1142 992 991
20078 991 1013 1032
20079 1032 1143 991
20080 991 1143 1142
20081 1177 992 1142
20082 1038 1250 994
20083 1253 994 1250
20084 996 998 997
20085 997 1229 996
20086 996 1229 1228
20087 998 1027 997
20088 1229 997 1237
20089 1027 998 1026
20090 998 1039 1026
20091 999 1226 1207
20092 1000 1002 1001
20093 1001 1002 1003
20094 1003 1002 1024
20095 1010 1003 1094
20096 1003 1024 1094
20097 1004 1006 1005
20098 1004 1005 1008
20099 1004 1055 1006
20100 1102 1004 1008
20101 1090 1055 1004
20102 1090 1004 1102
20103 1120 1005 1006
20104 1007 1008 1005
20105 1007 1005 1114
20106 1005 1120 1114
20107 1006 1055 1099
20108 1120 1006 1099
20109 1119 1008 1007
20110 1095 1007 1109
20111 1113 1007 1095
20112 1109 1007 1114
20113 1119 1007 1113
20114 1181 1102 1008
20115 1126 1008 1119
20116 1008 1126 1181
20117 1077 1078 1009
20118 1010 1096 1011
20119 1094 1096 1010
20120 1011 1066 1025
20121 1092 1066 1011
20122 1096 1092 1011
20123 1238 1239 1012
20124 1239 1247 1012
20125 1240 1012 1247
20126 1041 1032 1013
20127 1014 1015 1023
20128 1239 1014 1023
20129 1014 1239 1238
20130 1015 1033 1023
20131 1029 1030 1015
20132 1015 1030 1031
20133 1015 1031 1033
20134 1016 1018 1017
20135 1016 1017 1019
20136 1016 1193 1018
20137 1048 1016 1019
20138 1048 1256 1016
20139 1195 1193 1016
20140 1256 1195 1016
20141 1018 1249 1017
20142 1249 1219 1017
20143 1193 1198 1018
20144 1018 1198 1218
20145 1218 1249 1018
20146 1048 1019 1209
20147 1019 1145 1209
20148 1020 1022 1021
20149 1020 1021 1219
20150 1020 1213 1022
20151 1213 1020 1218
20152 1249 1218 1020
20153 1219 1249 1020
20154 1243 1021 1022
20155 1022 1213 1186
20156 1186 1233 1022
20157 1233 1243 1022
20158 1246 1023 1033
20159 1246 1239 1023
20160 1093 1094 1024
20161 1098 1093 1024
20162 1025 1066 1213
20163 1026 1028 1027
20164 1026 1193 1028
20165 1198 1026 1039
20166 1198 1193 1026
20167 1028 1195 1047
20168 1047 1258 1028
20169 1193 1195 1028
20170 1194 1031 1030
20171 1221 1194 1030
20172 1033 1031 1223
20173 1031 1194 1223
20174 1032 1041 1190
20175 1222 1033 1223
20176 1033 1222 1230
20177 1230 1246 1033
20178 1040 1035 1034
20179 1036 1035 1037
20180 1049 1035 1036
20181 1035 1040 1037
20182 1036 1037 1038
20183 1036 1038 1046
20184 1036 1046 1049
20185 1250 1038 1037
20186 1046 1038 1047
20187 1042 1198 1039
20188 1198 1042 1218
20189 1044 1122 1043
20190 1122 1184 1043
20191 1184 1139 1043
20192 1046 1047 1255
20193 1049 1046 1050
20194 1050 1046 1255
20195 1195 1255 1047
20196 1216 1050 1048
20197 1050 1255 1048
20198 1209 1216 1048
20199 1256 1048 1255
20200 1052 1208 1207
20201 1208 1052 1254
20202 1054 1056 1055
20203 1055 1090 1054
20204 1138 1056 1054
20205 1089 1054 1090
20206 1054 1089 1138
20207 1056 1106 1055
20208 1106 1099 1055
20209 1056 1137 1106
20210 1056 1136 1137
20211 1057 1068 1058
20212 1057 1064 1067
20213 1067 1068 1057
20214 1224 1058 1068
20215 1070 1071 1058
20216 1224 1070 1058
20217 1059 1061 1060
20218 1082 1060 1061
20219 1060 1082 1121
20220 1067 1064 1065
20221 1112 1066 1092
20222 1066 1112 1186
20223 1186 1213 1066
20224 1091 1069 1089
20225 1070 1123 1071
20226 1070 1124 1123
20227 1180 1072 1073
20228 1116 1072 1179
20229 1178 1179 1072
20230 1072 1180 1178
20231 1137 1157 1073
20232 1196 1137 1073
20233 1156 1073 1157
20234 1073 1156 1180
20235 1074 1076 1075
20236 1074 1075 1083
20237 1074 1083 1086
20238 1076 1133 1075
20239 1083 1075 1104
20240 1075 1103 1104
20241 1075 1133 1103
20242 1135 1133 1076
20243 1076 1173 1135
20244 1078 1077 1166
20245 1079 1081 1080
20246 1079 1080 1257
20247 1079 1203 1081
20248 1203 1079 1205
20249 1079 1257 1252
20250 1203 1206 1081
20251 1230 1081 1206
20252 1230 1245 1081
20253 1182 1121 1082
20254 1178 1182 1082
20255 1083 1085 1084
20256 1083 1084 1086
20257 1085 1083 1104
20258 1088 1086 1084
20259 1100 1087 1127
20260 1087 1118 1117
20261 1127 1087 1117
20262 1089 1090 1091
20263 1090 1102 1091
20264 1102 1181 1091
20265 1092 1096 1108
20266 1107 1112 1092
20267 1093 1095 1094
20268 1093 1113 1095
20269 1093 1098 1097
20270 1093 1097 1113
20271 1094 1095 1096
20272 1096 1095 1109
20273 1096 1109 1108
20274 1098 1197 1097
20275 1113 1097 1119
20276 1141 1099 1106
20277 1141 1120 1099
20278 1101 1100 1127
20279 1130 1101 1127
20280 1131 1101 1130
20281 1103 1105 1104
20282 1105 1103 1167
20283 1103 1133 1134
20284 1167 1103 1134
20285 1167 1165 1105
20286 1214 1106 1137
20287 1106 1214 1141
20288 1112 1107 1159
20289 1159 1107 1160
20290 1110 1111 1191
20291 1112 1159 1215
20292 1233 1186 1112
20293 1215 1233 1112
20294 1115 1200 1199
20295 1118 1151 1117
20296 1127 1117 1125
20297 1117 1150 1125
20298 1117 1151 1150
20299 1118 1169 1151
20300 1184 1122 1121
20301 1121 1182 1184
20302 1124 1232 1123
20303 1125 1130 1127
20304 1129 1132 1128
20305 1132 1201 1128
20306 1132 1129 1185
20307 1201 1132 1227
20308 1167 1134 1202
20309 1248 1202 1134
20310 1157 1137 1136
20311 1139 1157 1136
20312 1137 1196 1214
20313 1156 1157 1139
20314 1156 1139 1184
20315 1142 1143 1144
20316 1142 1144 1176
20317 1176 1177 1142
20318 1144 1185 1176
20319 1209 1145 1217
20320 1146 1242 1237
20321 1147 1148 1149
20322 1147 1149 1242
20323 1149 1148 1152
20324 1148 1153 1152
20325 1152 1229 1149
20326 1229 1237 1149
20327 1242 1149 1237
20328 1150 1151 1158
20329 1151 1161 1158
20330 1169 1161 1151
20331 1155 1152 1153
20332 1152 1155 1228
20333 1229 1152 1228
20334 1154 1155 1153
20335 1155 1154 1158
20336 1155 1158 1220
20337 1155 1220 1221
20338 1228 1155 1221
20339 1180 1156 1182
20340 1182 1156 1184
20341 1158 1161 1220
20342 1171 1159 1160
20343 1159 1171 1172
20344 1159 1172 1215
20345 1161 1169 1170
20346 1170 1194 1161
20347 1194 1220 1161
20348 1162 1164 1163
20349 1165 1167 1202
20350 1165 1202 1171
20351 1168 1170 1169
20352 1170 1168 1223
20353 1168 1174 1175
20354 1223 1168 1175
20355 1194 1170 1223
20356 1171 1202 1172
20357 1202 1248 1172
20358 1215 1172 1244
20359 1172 1248 1244
20360 1175 1222 1223
20361 1180 1182 1178
20362 1188 1189 1187
20363 1220 1194 1221
20364 1195 1256 1255
20365 1203 1205 1204
20366 1206 1203 1204
20367 1204 1205 1208
20368 1204 1241 1206
20369 1208 1254 1204
20370 1254 1241 1204
20371 1246 1230 1206
20372 1206 1239 1246
20373 1239 1206 1247
20374 1241 1247 1206
20375 1226 1231 1207
20376 1211 1212 1251
20377 1244 1233 1215
20378 1222 1245 1230
20379 1225 1236 1235
20380 1233 1244 1243
20381 1241 1240 1247
20382 13 155 212
20383 14 1268 156
20384 253 1268 14
20385 232 1277 17
20386 17 1277 233
20387 233 234 18
20388 156 1268 155
20389 1268 212 155
20390 1268 213 212
20391 1267 214 213
20392 213 1268 1267
20393 214 1260 215
20394 1267 1260 214
20395 215 1261 216
20396 1260 1261 215
20397 1264 217 216
20398 216 1261 1264
20399 217 1265 218
20400 1264 1265 217
20401 218 1269 219
20402 218 1265 1269
20403 219 1270 220
20404 1270 219 1269
20405 220 1271 221
20406 220 1270 1271
20407 1283 222 221
20408 221 1271 1283
20409 222 1274 223
20410 1274 222 1263
20411 1263 222 1283
20412 223 1275 224
20413 223 1274 1275
20414 224 1276 225
20415 1276 224 1275
20416 225 1280 226
20417 225 1276 1280
20418 226 1281 227
20419 1281 226 1280
20420 227 1272 228
20421 1272 227 1281
20422 228 1273 229
20423 228 1272 1273
20424 229 1278 230
20425 229 1273 1278
20426 230 1279 231
20427 230 1278 1279
20428 231 1282 232
20429 1282 231 1279
20430 1277 232 1282
20431 1277 234 233
20432 234 1277 235
20433 235 1282 236
20434 235 1277 1282
20435 236 1279 237
20436 236 1282 1279
20437 237 1278 238
20438 1278 237 1279
20439 238 1273 239
20440 1273 238 1278
20441 239 1272 240
20442 1272 239 1273
20443 240 1281 241
20444 240 1272 1281
20445 241 1280 242
20446 241 1281 1280
20447 242 1276 243
20448 1276 242 1280
20449 243 1275 244
20450 243 1276 1275
20451 1262 245 244
20452 244 1275 1262
20453 245 1263 246
20454 1262 1263 245
20455 1283 247 246
20456 246 1263 1283
20457 247 1271 248
20458 1271 247 1283
20459 248 1270 249
20460 1270 248 1271
20461 249 1269 250
20462 249 1270 1269
20463 250 1266 251
20464 1266 250 1265
20465 1265 250 1269
20466 251 1261 252
20467 1261 251 1264
20468 1266 1264 251
20469 252 1259 253
20470 1259 252 1261
20471 1259 1267 253
20472 1268 253 1267
20473 1259 1261 1260
20474 1267 1259 1260
20475 1262 1274 1263
20476 1274 1262 1275
20477 1264 1266 1265
20478 188 179 15
20479 180 1284 16
20480 1284 275 16
20481 1310 211 17
20482 1310 17 233
20483 18 254 233
20484 180 179 1285
20485 179 188 1285
20486 180 1285 1284
20487 189 1285 188
20488 1292 189 190
20489 1285 189 1292
20490 1291 190 191
20491 190 1291 1292
20492 1290 191 192
20493 1290 1291 191
20494 193 1307 192
20495 192 1307 1290
20496 194 1306 193
20497 193 1306 1307
20498 195 1309 194
20499 194 1309 1306
20500 1308 195 196
20501 195 1308 1309
20502 197 1293 196
20503 1308 196 1293
20504 198 1295 197
20505 197 1295 1293
20506 1298 198 199
20507 1295 198 1298
20508 1305 199 200
20509 199 1305 1298
20510 1304 200 201
20511 200 1304 1305
20512 202 1287 201
20513 1296 201 1287
20514 201 1296 1304
20515 1286 202 203
20516 1286 1287 202
20517 1288 203 204
20518 1288 1286 203
20519 1299 204 205
20520 204 1299 1288
20521 1300 205 206
20522 205 1300 1299
20523 1303 206 207
20524 1300 206 1303
20525 1312 207 208
20526 207 1312 1303
20527 1302 208 209
20528 208 1302 1312
20529 1301 209 210
20530 1302 209 1301
20531 1311 210 211
20532 210 1311 1301
20533 211 1310 1311
20534 254 1310 233
20535 1310 254 255
20536 1311 255 256
20537 1310 255 1311
20538 1301 256 257
20539 1311 256 1301
20540 258 1302 257
20541 257 1302 1301
20542 1312 258 259
20543 1302 258 1312
20544 1303 259 260
20545 1312 259 1303
20546 1300 260 261
20547 260 1300 1303
20548 1299 261 262
20549 1299 1300 261
20550 1288 262 263
20551 1299 262 1288
20552 1297 263 264
20553 263 1289 1288
20554 263 1297 1289
20555 1304 264 265
20556 1296 1297 264
20557 1296 264 1304
20558 1305 265 266
20559 1304 265 1305
20560 1298 266 267
20561 1305 266 1298
20562 268 1294 267
20563 1294 1298 267
20564 269 1293 268
20565 1293 1294 268
20566 1308 269 270
20567 269 1308 1293
20568 271 1309 270
20569 1308 270 1309
20570 272 1306 271
20571 1309 271 1306
20572 273 1307 272
20573 1306 272 1307
20574 1290 273 274
20575 1307 273 1290
20576 275 1291 274
20577 274 1291 1290
20578 275 1284 1292
20579 1291 275 1292
20580 1285 1292 1284
20581 1289 1287 1286
20582 1288 1289 1286
20583 1297 1287 1289
20584 1296 1287 1297
20585 1293 1295 1294
20586 1295 1298 1294
20587 131 1317 11
20588 1317 162 11
20589 138 12 1342
20590 12 187 1342
20591 253 14 157
20592 181 16 275
20593 234 1356 18
20594 18 1328 254
20595 1356 1328 18
20596 131 132 1316
20597 1316 1317 131
20598 1331 132 133
20599 1331 1316 132
20600 1334 133 134
20601 1334 1331 133
20602 135 1335 134
20603 1334 134 1335
20604 136 1335 135
20605 137 1320 136
20606 1321 136 1320
20607 1335 136 1321
20608 1353 137 138
20609 1320 137 1353
20610 138 1342 1353
20611 158 1313 157
20612 1313 253 157
20613 1314 158 159
20614 1313 158 1314
20615 160 1340 159
20616 1314 159 1340
20617 160 161 1343
20618 1339 1340 160
20619 160 1343 1339
20620 1315 161 162
20621 1343 161 1315
20622 1317 1315 162
20623 1318 182 181
20624 1318 181 275
20625 182 1318 183
20626 1319 184 183
20627 183 1318 1319
20628 1351 185 184
20629 1319 1351 184
20630 1348 186 185
20631 1351 1348 185
20632 186 1342 187
20633 1349 1342 186
20634 186 1348 1349
20635 1345 234 235
20636 1356 234 1345
20637 236 1345 235
20638 237 1338 236
20639 1338 1345 236
20640 238 1338 237
20641 239 1338 238
20642 1324 239 240
20643 1324 1338 239
20644 241 1324 240
20645 242 1324 241
20646 243 1325 242
20647 242 1325 1324
20648 244 1325 243
20649 245 1325 244
20650 246 1329 245
20651 245 1329 1325
20652 247 1329 246
20653 248 1329 247
20654 249 1329 248
20655 250 1314 249
20656 249 1314 1329
20657 1314 250 251
20658 252 1313 251
20659 251 1313 1314
20660 252 253 1313
20661 1328 255 254
20662 1328 256 255
20663 1327 257 256
20664 1327 256 1328
20665 257 1327 258
20666 1327 259 258
20667 1326 260 259
20668 1326 259 1327
20669 1326 261 260
20670 1326 262 261
20671 1332 263 262
20672 1332 262 1326
20673 1332 264 263
20674 264 1350 265
20675 264 1332 1350
20676 265 1350 266
20677 1350 267 266
20678 1350 268 267
20679 268 1319 269
20680 268 1350 1319
20681 269 1319 270
20682 1319 271 270
20683 1319 272 271
20684 1318 273 272
20685 1318 272 1319
20686 273 1318 274
20687 274 1318 275
20688 1340 1329 1314
20689 1315 1317 1316
20690 1330 1315 1316
20691 1315 1330 1343
20692 1330 1316 1331
20693 1350 1351 1319
20694 1320 1322 1321
20695 1322 1320 1349
20696 1320 1353 1349
20697 1321 1322 1323
20698 1354 1321 1323
20699 1335 1321 1354
20700 1355 1323 1322
20701 1322 1348 1347
20702 1355 1322 1347
20703 1348 1322 1349
20704 1328 1323 1327
20705 1327 1323 1355
20706 1323 1328 1354
20707 1337 1324 1325
20708 1324 1337 1338
20709 1325 1329 1339
20710 1337 1325 1339
20711 1327 1355 1326
20712 1352 1332 1326
20713 1326 1355 1352
20714 1356 1354 1328
20715 1329 1340 1339
20716 1330 1331 1333
20717 1330 1333 1343
20718 1333 1331 1341
20719 1334 1346 1331
20720 1341 1331 1346
20721 1350 1332 1352
20722 1333 1338 1337
20723 1333 1337 1343
20724 1338 1333 1341
20725 1336 1334 1335
20726 1346 1334 1336
20727 1335 1354 1336
20728 1336 1344 1346
20729 1354 1344 1336
20730 1343 1337 1339
20731 1338 1341 1345
20732 1344 1345 1341
20733 1344 1341 1346
20734 1353 1342 1349
20735 1344 1356 1345
20736 1356 1344 1354
20737 1348 1351 1347
20738 1347 1351 1352
20739 1352 1355 1347
20740 1350 1352 1351
21290 212 1861 13
21291 1861 288 13
21292 17 364 232
21293 331 21 306
21294 342 1817 23
21295 1817 387 23
21296 1702 212 213
21297 1861 212 1702
21298 1704 213 214
21299 1702 213 1704
21300 1792 214 215
21301 1792 1704 214
21302 216 1876 215
21303 1876 1792 215
21304 217 1900 216
21305 1876 216 1900
21306 218 1615 217
21307 217 1615 1900
21308 1614 218 219
21309 1614 1615 218
21310 1837 219 220
21311 219 1837 1614
21312 221 1856 220
21313 1856 1837 220
21314 222 1874 221
21315 1856 221 1874
21316 1617 222 223
21317 222 1617 1618
21318 1874 222 1618
21319 224 1847 223
21320 1619 1617 223
21321 1847 1619 223
21322 1886 224 225
21323 224 1886 1847
21324 226 1885 225
21325 225 1885 1886
21326 227 1734 226
21327 226 1734 1885
21328 228 1785 227
21329 227 1733 1734
21330 227 1785 1733
21331 1680 228 229
21332 1680 1787 228
21333 228 1787 1785
21334 1679 229 230
21335 1679 1680 229
21336 1779 230 231
21337 230 1779 1679
21338 1804 231 232
21339 1804 1779 231
21340 364 1804 232
21341 1862 289 288
21342 1861 1790 288
21343 1790 1862 288
21344 289 1718 290
21345 1862 1718 289
21346 290 1813 291
21347 1718 1813 290
21348 291 1815 292
21349 1813 1815 291
21350 1708 293 292
21351 1815 1708 292
21352 1694 294 293
21353 293 1693 1694
21354 1708 1693 293
21355 294 1723 295
21356 1694 1723 294
21357 295 1894 296
21358 1894 295 1723
21359 296 1866 297
21360 1866 296 1923
21361 1923 296 1894
21362 1865 298 297
21363 1865 297 1866
21364 298 1913 299
21365 298 1865 1913
21366 299 1906 300
21367 1906 299 1913
21368 1836 301 300
21369 1906 1836 300
21370 301 1809 302
21371 1826 1809 301
21372 1826 301 1836
21373 302 1770 303
21374 1809 1770 302
21375 303 1771 304
21376 1770 1771 303
21377 304 1794 305
21378 1794 304 1771
21379 305 1793 306
21380 1794 1793 305
21381 1793 331 306
21382 331 1653 332
21383 1793 1653 331
21384 1769 333 332
21385 332 1653 1769
21386 333 1744 334
21387 333 1769 1744
21388 1890 335 334
21389 1744 1890 334
21390 335 1832 336
21391 335 1890 1832
21392 336 1827 337
21393 1827 336 1832
21394 1608 338 337
21395 1827 1608 337
21396 1594 339 338
21397 338 1598 1594
21398 1608 1598 338
21399 339 1595 340
21400 1595 339 1594
21401 340 1774 341
21402 1595 1774 340
21403 341 1773 342
21404 1773 341 1774
21405 1773 1817 342
21406 365 1804 364
21407 366 1568 365
21408 1568 1804 365
21409 367 1791 366
21410 366 1569 1568
21411 1569 366 1791
21412 368 1791 367
21413 369 1798 368
21414 1742 1791 368
21415 1742 368 1798
21416 370 1802 369
21417 1802 1798 369
21418 1858 370 371
21419 1599 1802 370
21420 1599 370 1828
21421 1828 370 1858
21422 1859 371 372
21423 1858 371 1859
21424 1755 372 373
21425 1755 1859 372
21426 374 1756 373
21427 373 1756 1755
21428 1841 374 375
21429 1756 374 1841
21430 1842 375 376
21431 1841 375 1842
21432 1897 376 377
21433 376 1897 1842
21434 378 1554 377
21435 1554 1897 377
21436 1551 378 379
21437 1554 378 1551
21438 380 1730 379
21439 1551 379 1730
21440 381 1639 380
21441 1639 1730 380
21442 1558 381 382
21443 1558 1639 381
21444 383 1560 382
21445 1558 382 1560
21446 1660 383 384
21447 1660 1560 383
21448 385 1604 384
21449 1604 1660 384
21450 386 1781 385
21451 1781 1604 385
21452 387 1820 386
21453 386 1820 1781
21454 387 1817 1820
21455 1551 1553 1552
21456 1554 1551 1552
21457 1551 1730 1553
21458 1552 1553 1715
21459 1552 1684 1554
21460 1684 1552 1683
21461 1552 1715 1683
21462 1891 1715 1553
21463 1730 1729 1553
21464 1729 1749 1553
21465 1749 1891 1553
21466 1554 1684 1897
21467 1555 1557 1556
21468 1555 1556 1720
21469 1780 1557 1555
21470 1555 1720 1751
21471 1555 1751 1749
21472 1555 1749 1780
21473 1556 1557 1829
21474 1556 1722 1720
21475 1722 1556 1829
21476 1605 1557 1559
21477 1559 1557 1780
21478 1557 1605 1829
21479 1558 1560 1559
21480 1710 1558 1559
21481 1639 1558 1710
21482 1661 1559 1560
21483 1661 1605 1559
21484 1780 1710 1559
21485 1660 1661 1560
21486 1561 1563 1562
21487 1562 1659 1561
21488 1666 1563 1561
21489 1721 1561 1659
21490 1666 1561 1722
21491 1561 1721 1722
21492 1562 1563 1567
21493 1562 1567 1654
21494 1654 1658 1562
21495 1562 1658 1659
21496 1567 1563 1662
21497 1662 1563 1663
21498 1663 1563 1666
21499 1564 1566 1565
21500 1564 1565 1573
21501 1564 1835 1566
21502 1564 1573 1823
21503 1835 1564 1823
21504 1871 1565 1566
21505 1565 1585 1573
21506 1584 1585 1565
21507 1565 1871 1584
21508 1566 1835 1872
21509 1878 1871 1566
21510 1566 1872 1873
21511 1873 1878 1566
21512 1567 1656 1654
21513 1689 1656 1567
21514 1689 1567 1662
21515 1778 1568 1569
21516 1778 1779 1568
21517 1568 1779 1804
21518 1569 1763 1778
21519 1569 1791 1763
21520 1570 1572 1571
21521 1570 1571 1915
21522 1589 1572 1570
21523 1589 1570 1868
21524 1915 1868 1570
21525 1572 1609 1571
21526 1898 1571 1609
21527 1863 1571 1898
21528 1915 1571 1863
21529 1572 1589 1590
21530 1590 1700 1572
21531 1700 1609 1572
21532 1573 1585 1621
21533 1624 1573 1621
21534 1573 1624 1823
21535 1574 1576 1575
21536 1575 1851 1574
21537 1912 1576 1574
21538 1901 1644 1574
21539 1644 1912 1574
21540 1901 1574 1851
21541 1575 1576 1577
21542 1575 1577 1821
21543 1851 1575 1821
21544 1576 1591 1577
21545 1647 1591 1576
21546 1576 1912 1647
21547 1591 1592 1577
21548 1577 1592 1803
21549 1803 1821 1577
21550 1578 1580 1579
21551 1579 1912 1578
21552 1578 1651 1580
21553 1651 1578 1914
21554 1731 1914 1578
21555 1578 1924 1731
21556 1924 1578 1912
21557 1579 1580 1587
21558 1652 1579 1587
21559 1652 1647 1579
21560 1912 1579 1647
21561 1587 1580 1775
21562 1650 1580 1651
21563 1650 1775 1580
21564 1581 1583 1582
21565 1620 1581 1582
21566 1581 1786 1583
21567 1581 1620 1733
21568 1786 1581 1733
21569 1582 1583 1586
21570 1631 1582 1586
21571 1582 1855 1620
21572 1630 1582 1631
21573 1855 1582 1630
21574 1583 1805 1586
21575 1583 1786 1805
21576 1623 1585 1584
21577 1665 1623 1584
21578 1664 1665 1584
21579 1584 1871 1664
21580 1621 1585 1622
21581 1622 1585 1623
21582 1631 1586 1816
21583 1586 1805 1801
21584 1801 1816 1586
21585 1652 1587 1753
21586 1587 1752 1753
21587 1752 1587 1775
21588 1588 1590 1589
21589 1589 1870 1588
21590 1889 1590 1588
21591 1588 1668 1667
21592 1667 1889 1588
21593 1668 1588 1699
21594 1870 1699 1588
21595 1664 1589 1665
21596 1870 1589 1664
21597 1665 1589 1868
21598 1696 1700 1590
21599 1590 1889 1696
21600 1591 1593 1592
21601 1593 1591 1636
21602 1636 1591 1646
21603 1646 1591 1647
21604 1611 1592 1593
21605 1592 1611 1803
21606 1593 1610 1611
21607 1636 1610 1593
21608 1594 1596 1595
21609 1594 1598 1596
21610 1595 1596 1597
21611 1597 1774 1595
21612 1597 1596 1784
21613 1596 1598 1606
21614 1596 1606 1784
21615 1783 1774 1597
21616 1783 1597 1784
21617 1606 1598 1607
21618 1607 1598 1608
21619 1599 1601 1600
21620 1599 1600 1802
21621 1828 1601 1599
21622 1600 1601 1602
21623 1800 1600 1602
21624 1799 1600 1800
21625 1802 1600 1799
21626 1602 1601 1830
21627 1828 1738 1601
21628 1601 1738 1830
21629 1800 1602 1816
21630 1602 1831 1816
21631 1602 1830 1831
21632 1603 1605 1604
21633 1603 1604 1781
21634 1919 1605 1603
21635 1781 1782 1603
21636 1603 1782 1811
21637 1603 1811 1919
21638 1605 1661 1604
21639 1660 1604 1661
21640 1829 1605 1919
21641 1606 1607 1687
21642 1606 1689 1662
21643 1784 1606 1662
21644 1689 1606 1687
21645 1608 1688 1607
21646 1686 1687 1607
21647 1686 1607 1688
21648 1688 1608 1827
21649 1700 1776 1609
21650 1776 1904 1609
21651 1917 1898 1609
21652 1904 1917 1609
21653 1610 1612 1611
21654 1610 1706 1612
21655 1636 1637 1610
21656 1637 1706 1610
21657 1612 1814 1611
21658 1611 1789 1803
21659 1814 1789 1611
21660 1706 1815 1612
21661 1813 1814 1612
21662 1612 1815 1813
21663 1613 1615 1614
21664 1613 1614 1695
21665 1901 1615 1613
21666 1645 1643 1613
21667 1643 1901 1613
21668 1613 1695 1645
21669 1614 1837 1695
21670 1615 1901 1900
21671 1616 1618 1617
21672 1616 1617 1619
21673 1616 1896 1618
21674 1616 1619 1711
21675 1712 1616 1711
21676 1616 1712 1896
21677 1875 1874 1618
21678 1896 1875 1618
21679 1847 1711 1619
21680 1733 1620 1734
21681 1620 1885 1734
21682 1855 1857 1620
21683 1857 1885 1620
21684 1622 1920 1621
21685 1621 1625 1624
21686 1920 1625 1621
21687 1622 1623 1758
21688 1920 1622 1758
21689 1867 1623 1665
21690 1623 1867 1758
21691 1624 1625 1626
21692 1624 1626 1825
21693 1823 1624 1825
21694 1626 1625 1655
21695 1625 1920 1655
21696 1921 1626 1655
21697 1825 1626 1846
21698 1626 1921 1846
21699 1627 1629 1628
21700 1628 1681 1627
21701 1676 1629 1627
21702 1676 1627 1714
21703 1678 1627 1681
21704 1714 1627 1678
21705 1628 1629 1635
21706 1628 1635 1918
21707 1681 1628 1918
21708 1635 1629 1909
21709 1676 1914 1629
21710 1914 1909 1629
21711 1630 1631 1649
21712 1633 1630 1648
21713 1633 1854 1630
21714 1648 1630 1649
21715 1854 1855 1630
21716 1649 1631 1831
21717 1816 1831 1631
21718 1632 1634 1633
21719 1633 1648 1632
21720 1725 1634 1632
21721 1648 1762 1632
21722 1911 1725 1632
21723 1911 1632 1762
21724 1713 1633 1634
21725 1854 1633 1713
21726 1712 1713 1634
21727 1724 1712 1634
21728 1634 1725 1724
21729 1635 1910 1725
21730 1918 1635 1725
21731 1910 1635 1909
21732 1636 1638 1637
21733 1636 1646 1638
21734 1638 1640 1637
21735 1637 1640 1641
21736 1637 1641 1705
21737 1705 1706 1637
21738 1852 1640 1638
21739 1646 1843 1638
21740 1843 1852 1638
21741 1639 1710 1729
21742 1729 1730 1639
21743 1717 1641 1640
21744 1719 1717 1640
21745 1922 1719 1640
21746 1852 1922 1640
21747 1692 1693 1641
21748 1641 1717 1692
21749 1641 1693 1705
21750 1642 1644 1643
21751 1642 1643 1645
21752 1642 1912 1644
21753 1732 1642 1645
21754 1731 1642 1732
21755 1924 1642 1731
21756 1642 1924 1912
21757 1901 1643 1644
21758 1645 1695 1916
21759 1732 1645 1916
21760 1652 1646 1647
21761 1843 1646 1652
21762 1762 1648 1649
21763 1762 1649 1845
21764 1831 1845 1649
21765 1650 1651 1676
21766 1650 1676 1714
21767 1775 1650 1714
21768 1676 1651 1914
21769 1753 1843 1652
21770 1690 1653 1691
21771 1690 1769 1653
21772 1691 1653 1793
21773 1654 1656 1655
21774 1655 1920 1654
21775 1920 1658 1654
21776 1655 1656 1657
21777 1657 1921 1655
21778 1657 1656 1687
21779 1689 1687 1656
21780 1686 1657 1687
21781 1795 1657 1686
21782 1657 1795 1796
21783 1657 1796 1921
21784 1659 1658 1758
21785 1658 1920 1758
21786 1659 1759 1721
21787 1758 1759 1659
21788 1663 1788 1662
21789 1788 1784 1662
21790 1663 1666 1919
21791 1788 1663 1919
21792 1870 1664 1871
21793 1665 1868 1867
21794 1829 1666 1722
21795 1666 1829 1919
21796 1881 1667 1668
21797 1696 1667 1698
21798 1889 1667 1696
21799 1719 1698 1667
21800 1667 1881 1719
21801 1699 1879 1668
21802 1879 1869 1668
21803 1668 1869 1882
21804 1882 1881 1668
21805 1669 1671 1670
21806 1669 1670 1672
21807 1669 1736 1671
21808 1669 1672 1812
21809 1736 1669 1737
21810 1737 1669 1812
21811 1675 1670 1671
21812 1670 1864 1672
21813 1848 1670 1675
21814 1848 1864 1670
21815 1677 1675 1671
21816 1671 1678 1677
21817 1736 1678 1671
21818 1838 1672 1685
21819 1672 1884 1685
21820 1672 1838 1812
21821 1672 1864 1884
21822 1673 1675 1674
21823 1883 1673 1674
21824 1848 1675 1673
21825 1673 1726 1848
21826 1883 1726 1673
21827 1675 1677 1674
21828 1677 1681 1674
21829 1681 1760 1674
21830 1760 1883 1674
21831 1677 1678 1681
21832 1735 1714 1678
21833 1736 1735 1678
21834 1778 1680 1679
21835 1778 1679 1779
21836 1765 1680 1778
21837 1765 1787 1680
21838 1918 1760 1681
21839 1682 1684 1683
21840 1682 1683 1685
21841 1842 1684 1682
21842 1884 1682 1685
21843 1841 1842 1682
21844 1841 1682 1880
21845 1884 1880 1682
21846 1683 1838 1685
21847 1715 1838 1683
21848 1897 1684 1842
21849 1686 1688 1795
21850 1795 1688 1832
21851 1688 1827 1832
21852 1691 1701 1690
21853 1772 1690 1701
21854 1746 1769 1690
21855 1746 1690 1772
21856 1691 1794 1701
21857 1793 1794 1691
21858 1692 1694 1693
21859 1694 1692 1723
21860 1692 1717 1716
21861 1716 1888 1692
21862 1888 1723 1692
21863 1705 1693 1708
21864 1695 1837 1844
21865 1695 1844 1916
21866 1696 1698 1697
21867 1696 1697 1700
21868 1852 1697 1698
21869 1776 1700 1697
21870 1697 1777 1776
21871 1852 1777 1697
21872 1719 1922 1698
21873 1922 1852 1698
21874 1699 1870 1871
21875 1871 1878 1699
21876 1878 1879 1699
21877 1701 1766 1767
21878 1794 1766 1701
21879 1701 1767 1772
21880 1702 1704 1703
21881 1702 1703 1709
21882 1702 1709 1790
21883 1702 1790 1861
21884 1703 1704 1707
21885 1703 1707 1821
21886 1709 1703 1803
21887 1703 1821 1803
21888 1707 1704 1792
21889 1815 1706 1705
21890 1708 1815 1705
21891 1822 1707 1792
21892 1822 1821 1707
21893 1789 1790 1709
21894 1709 1803 1789
21895 1710 1749 1729
21896 1710 1780 1749
21897 1711 1713 1712
21898 1713 1711 1853
21899 1711 1847 1853
21900 1712 1724 1896
21901 1853 1854 1713
21902 1907 1714 1735
21903 1714 1907 1775
21904 1715 1892 1838
21905 1891 1892 1715
21906 1716 1717 1719
21907 1716 1719 1881
21908 1888 1716 1881
21909 1814 1813 1718
21910 1718 1862 1814
21911 1720 1722 1721
21912 1850 1720 1721
21913 1720 1850 1751
21914 1759 1850 1721
21915 1888 1894 1723
21916 1910 1724 1725
21917 1724 1895 1896
21918 1908 1895 1724
21919 1724 1910 1908
21920 1725 1911 1918
21921 1726 1728 1727
21922 1848 1726 1727
21923 1738 1728 1726
21924 1738 1726 1739
21925 1739 1726 1883
21926 1757 1727 1728
21927 1727 1757 1880
21928 1848 1727 1864
21929 1727 1880 1864
21930 1738 1899 1728
21931 1728 1860 1757
21932 1899 1860 1728
21933 1732 1908 1731
21934 1908 1909 1731
21935 1914 1731 1909
21936 1908 1732 1916
21937 1786 1733 1785
21938 1735 1736 1887
21939 1903 1735 1887
21940 1903 1907 1735
21941 1887 1736 1737
21942 1737 1812 1902
21943 1887 1737 1902
21944 1830 1738 1739
21945 1899 1738 1828
21946 1845 1739 1761
21947 1739 1883 1761
21948 1830 1739 1845
21949 1740 1742 1741
21950 1740 1741 1743
21951 1742 1740 1791
21952 1763 1740 1743
21953 1791 1740 1763
21954 1742 1799 1741
21955 1743 1741 1801
21956 1741 1799 1800
21957 1741 1800 1801
21958 1798 1799 1742
21959 1763 1743 1764
21960 1805 1764 1743
21961 1743 1801 1805
21962 1744 1746 1745
21963 1745 1890 1744
21964 1746 1744 1769
21965 1747 1745 1746
21966 1747 1834 1745
21967 1834 1832 1745
21968 1890 1745 1832
21969 1747 1746 1748
21970 1746 1772 1748
21971 1747 1748 1833
21972 1797 1747 1833
21973 1834 1747 1797
21974 1748 1772 1767
21975 1767 1808 1748
21976 1833 1748 1808
21977 1749 1751 1750
21978 1749 1750 1891
21979 1750 1751 1819
21980 1819 1893 1750
21981 1750 1892 1891
21982 1893 1892 1750
21983 1850 1819 1751
21984 1752 1754 1753
21985 1904 1754 1752
21986 1907 1752 1775
21987 1903 1904 1752
21988 1903 1752 1907
21989 1753 1754 1777
21990 1777 1843 1753
21991 1776 1777 1754
21992 1904 1776 1754
21993 1756 1757 1755
21994 1755 1757 1860
21995 1755 1860 1859
21996 1756 1880 1757
21997 1880 1756 1841
21998 1867 1759 1758
21999 1849 1850 1759
22000 1849 1759 1868
22001 1867 1868 1759
22002 1760 1762 1761
22003 1883 1760 1761
22004 1760 1911 1762
22005 1911 1760 1918
22006 1845 1761 1762
22007 1764 1765 1763
22008 1765 1778 1763
22009 1787 1765 1764
22010 1786 1787 1764
22011 1786 1764 1805
22012 1766 1768 1767
22013 1766 1771 1768
22014 1771 1766 1794
22015 1767 1768 1808
22016 1771 1807 1768
22017 1768 1807 1806
22018 1768 1806 1808
22019 1770 1807 1771
22020 1809 1807 1770
22021 1774 1810 1773
22022 1818 1773 1810
22023 1817 1773 1818
22024 1810 1774 1783
22025 1852 1843 1777
22026 1782 1781 1820
22027 1811 1782 1810
22028 1818 1810 1782
22029 1782 1820 1818
22030 1788 1783 1784
22031 1811 1783 1788
22032 1810 1783 1811
22033 1785 1787 1786
22034 1811 1788 1919
22035 1862 1790 1789
22036 1814 1862 1789
22037 1822 1792 1876
22038 1795 1797 1796
22039 1795 1834 1797
22040 1795 1832 1834
22041 1846 1796 1797
22042 1796 1846 1921
22043 1797 1833 1846
22044 1802 1799 1798
22045 1801 1800 1816
22046 1807 1824 1806
22047 1808 1806 1825
22048 1806 1824 1823
22049 1806 1823 1825
22050 1809 1824 1807
22051 1808 1825 1833
22052 1826 1824 1809
22053 1893 1812 1838
22054 1839 1840 1812
22055 1893 1839 1812
22056 1812 1840 1902
22057 1817 1818 1820
22058 1840 1839 1819
22059 1839 1893 1819
22060 1863 1840 1819
22061 1819 1850 1849
22062 1863 1819 1849
22063 1851 1821 1822
22064 1876 1851 1822
22065 1824 1835 1823
22066 1826 1835 1824
22067 1846 1833 1825
22068 1872 1835 1826
22069 1836 1872 1826
22070 1858 1899 1828
22071 1831 1830 1845
22072 1872 1836 1873
22073 1906 1873 1836
22074 1856 1844 1837
22075 1838 1892 1893
22076 1840 1863 1898
22077 1840 1898 1905
22078 1902 1840 1905
22079 1844 1856 1874
22080 1874 1875 1844
22081 1875 1916 1844
22082 1886 1853 1847
22083 1915 1863 1849
22084 1868 1915 1849
22085 1851 1876 1900
22086 1851 1900 1901
22087 1853 1855 1854
22088 1857 1855 1853
22089 1853 1886 1857
22090 1885 1857 1886
22091 1899 1858 1859
22092 1859 1860 1899
22093 1864 1880 1884
22094 1869 1865 1866
22095 1877 1865 1869
22096 1865 1877 1913
22097 1869 1866 1923
22098 1869 1879 1877
22099 1923 1882 1869
22100 1877 1878 1873
22101 1873 1913 1877
22102 1873 1906 1913
22103 1895 1875 1896
22104 1875 1895 1916
22105 1877 1879 1878
22106 1888 1881 1882
22107 1882 1894 1888
22108 1882 1923 1894
22109 1902 1905 1887
22110 1887 1905 1903
22111 1895 1908 1916
22112 1917 1905 1898
22113 1917 1904 1903
22114 1905 1917 1903
22115 1908 1910 1909
22116 188 15 1954
22117 1954 15 343
22118 17 211 364
22119 22 319 2278
22120 22 2278 363
22121 330 23 2268
22122 2268 23 387
22123 189 188 1953
22124 1953 188 1954
22125 1929 190 189
22126 1953 1929 189
22127 1928 191 190
22128 1928 190 1929
22129 1931 192 191
22130 1931 191 1928
22131 193 192 2326
22132 2326 192 1931
22133 194 193 2163
22134 2163 193 2326
22135 2357 195 194
22136 194 2163 2357
22137 196 195 2178
22138 195 2357 2178
22139 2349 197 196
22140 196 2178 2179
22141 196 2179 2349
22142 2242 198 197
22143 197 2292 2242
22144 197 2349 2292
22145 199 198 2007
22146 2007 198 2242
22147 2006 200 199
22148 2007 2006 199
22149 1937 201 200
22150 200 1939 1937
22151 200 2006 1939
22152 201 1936 202
22153 1936 201 1937
22154 203 202 1972
22155 1972 202 1936
22156 2174 204 203
22157 1972 2350 203
22158 203 2350 2174
22159 205 204 1969
22160 1969 204 2174
22161 206 205 1960
22162 205 1969 1960
22163 207 206 1961
22164 206 1960 1961
22165 208 207 2110
22166 207 1961 2110
22167 2235 209 208
22168 208 2110 2235
22169 2244 210 209
22170 209 2235 2244
22171 1932 211 210
22172 1932 210 2244
22173 1932 364 211
22174 2279 319 320
22175 319 2279 2278
22176 2092 320 321
22177 2092 2279 320
22178 1986 321 322
22179 321 1986 1985
22180 2092 321 1985
22181 2148 322 323
22182 1986 322 2148
22183 2348 323 324
22184 323 1974 2148
22185 1974 323 2348
22186 324 325 2172
22187 324 2172 1975
22188 324 1975 2348
22189 2132 325 326
22190 325 2132 2172
22191 2097 326 327
22192 326 2097 2132
22193 327 328 2098
22194 2098 2097 327
22195 2180 328 329
22196 2098 328 2180
22197 2263 329 330
22198 2263 2180 329
22199 2268 2263 330
22200 344 2246 343
22201 1955 1954 343
22202 343 2246 1955
22203 2246 344 345
22204 345 346 2133
22205 2246 345 2133
22206 2078 346 347
22207 2133 346 2078
22208 2079 347 348
22209 2078 347 2079
22210 348 349 2009
22211 348 2009 2079
22212 349 350 2122
22213 2009 349 2122
22214 2331 350 351
22215 2331 2122 350
22216 351 352 2310
22217 351 2310 2331
22218 352 353 2154
22219 352 2154 2310
22220 2155 353 354
22221 2155 2154 353
22222 354 355 2059
22223 354 2059 2060
22224 354 2060 2155
22225 355 356 2059
22226 356 357 2324
22227 2361 2059 356
22228 2324 2361 356
22229 357 358 2325
22230 2325 2324 357
22231 2208 358 359
22232 2325 358 2208
22233 359 360 2206
22234 2206 2208 359
22235 360 361 2285
22236 2206 360 2285
22237 361 362 2270
22238 2270 2285 361
22239 362 363 2278
22240 2270 362 2274
22241 2274 362 2278
22242 365 364 1932
22243 366 365 2250
22244 2250 365 1932
22245 1942 367 366
22246 1941 1942 366
22247 366 2250 1941
22248 368 367 2106
22249 1942 2106 367
22250 369 368 2105
22251 2105 368 2106
22252 370 369 1967
22253 2166 1967 369
22254 2166 369 2105
22255 371 370 1966
22256 1966 370 1967
22257 372 371 2300
22258 2222 371 1966
22259 2300 371 2222
22260 2228 373 372
22261 372 2300 2228
22262 2069 374 373
22263 2069 373 2228
22264 375 374 2068
22265 374 2069 2068
22266 376 375 2131
22267 2068 2131 375
22268 2130 377 376
22269 2130 376 2131
22270 378 377 2327
22271 377 2130 2327
22272 2358 379 378
22273 2327 2356 378
22274 378 2356 2358
22275 2336 380 379
22276 379 2358 2336
22277 381 380 2296
22278 2336 2296 380
22279 382 381 2288
22280 2296 2288 381
22281 383 382 2287
22282 2287 382 2288
22283 2152 384 383
22284 2152 383 2287
22285 385 384 2150
22286 384 2152 2150
22287 386 385 2052
22288 385 2150 2052
22289 2058 387 386
22290 2058 386 2052
22291 387 2058 2268
22292 1925 1926 1927
22293 1926 1925 2265
22294 1927 2044 1925
22295 1925 2044 2188
22296 2188 2114 1925
22297 2265 1925 2114
22298 1926 1940 1927
22299 2032 1940 1926
22300 1926 2111 2032
22301 2265 2111 1926
22302 1940 2328 1927
22303 1997 2044 1927
22304 1997 1927 2137
22305 1927 2328 2137
22306 1928 1929 2203
22307 1930 1931 1928
22308 2203 1930 1928
22309 1953 2203 1929
22310 1931 1930 1994
22311 1994 1930 1945
22312 1945 1930 2204
22313 2203 2204 1930
22314 1994 2326 1931
22315 2243 1932 2244
22316 1932 2243 2250
22317 1933 1934 1935
22318 1934 1933 1938
22319 2240 1933 1935
22320 1933 1971 1938
22321 1933 2003 1971
22322 1933 2240 2003
22323 1935 1934 2041
22324 1934 1938 2280
22325 2041 1934 2280
22326 2022 2023 1935
22327 2040 2022 1935
22328 1935 2023 2240
22329 2040 1935 2041
22330 1936 1937 1938
22331 1971 1936 1938
22332 1971 1972 1936
22333 1937 1939 1938
22334 2281 1938 1939
22335 2280 1938 2281
22336 1939 2006 2281
22337 2032 2034 1940
22338 2056 1940 2034
22339 2056 2328 1940
22340 1942 1941 2035
22341 1941 2230 2035
22342 2230 1941 2243
22343 1941 2250 2243
22344 2035 2036 1942
22345 2106 1942 2036
22346 1943 1944 1945
22347 2151 1944 1943
22348 2204 1943 1945
22349 2316 2151 1943
22350 2315 1943 2204
22351 2316 1943 2315
22352 1944 1992 1945
22353 2138 1992 1944
22354 2138 1944 2139
22355 2139 1944 2363
22356 2363 1944 2151
22357 1992 1994 1945
22358 1946 1947 1948
22359 1947 1946 2298
22360 1948 1978 1946
22361 1946 1976 1977
22362 1946 1978 1976
22363 2298 1946 1977
22364 1947 1952 1948
22365 1947 2190 1952
22366 2298 2190 1947
22367 2359 1948 1952
22368 1978 1948 2001
22369 2001 1948 2028
22370 1948 2359 2028
22371 1949 1950 1951
22372 1950 1949 2080
22373 1988 1949 1951
22374 1988 2276 1949
22375 2080 1949 2277
22376 2276 2277 1949
22377 1951 1950 2342
22378 1950 2080 2251
22379 1950 2251 2312
22380 2312 2342 1950
22381 1989 1988 1951
22382 1951 2140 1989
22383 1951 2342 2140
22384 2190 2200 1952
22385 1952 2200 2201
22386 1952 2201 2359
22387 1953 1954 1955
22388 1955 2219 1953
22389 1953 2219 2203
22390 2218 2219 1955
22391 2246 2218 1955
22392 1956 1957 1958
22393 1956 1959 1957
22394 1956 1958 2015
22395 2020 1959 1956
22396 2015 2021 1956
22397 2020 1956 2021
22398 2153 1958 1957
22399 1957 1959 2057
22400 2150 1957 2057
22401 1957 2150 2153
22402 1958 2254 2015
22403 2153 2254 1958
22404 2020 2197 1959
22405 2057 1959 2196
22406 1959 2197 2196
22407 2199 1961 1960
22408 1969 1970 1960
22409 1960 1970 2199
22410 2145 2110 1961
22411 2199 2145 1961
22412 1962 1963 1964
22413 2214 1963 1962
22414 1964 2305 1962
22415 1962 2213 2214
22416 1962 2245 2213
22417 1962 2305 2245
22418 1963 1965 1964
22419 1965 1963 2351
22420 1963 2214 2194
22421 2351 1963 2194
22422 1965 2192 1964
22423 2191 1964 2192
22424 2305 1964 2191
22425 1965 2087 2335
22426 2352 2087 1965
22427 2335 2192 1965
22428 2351 2352 1965
22429 1966 1967 1968
22430 1966 1968 2221
22431 2222 1966 2221
22432 1967 2166 1968
22433 2166 2198 1968
22434 1968 2198 2202
22435 2202 2209 1968
22436 1968 2209 2221
22437 1993 1970 1969
22438 1969 2174 1993
22439 1993 2000 1970
22440 1998 1970 1999
22441 1998 2183 1970
22442 1970 2000 1999
22443 1970 2183 2199
22444 1971 2350 1972
22445 2350 1971 2003
22446 1973 1974 1975
22447 1974 1973 1981
22448 1975 2195 1973
22449 1973 2176 1981
22450 1973 2175 2176
22451 1973 2177 2175
22452 2195 2177 1973
22453 2348 1975 1974
22454 1974 1981 2269
22455 2269 2148 1974
22456 1975 2172 2195
22457 1977 1976 2025
22458 1976 1978 1979
22459 1976 1979 1980
22460 1980 2025 1976
22461 2025 2014 1977
22462 2304 1977 2014
22463 2298 1977 2304
22464 1978 2002 1979
22465 1978 2001 2002
22466 2005 1980 1979
22467 2004 1979 2002
22468 2004 2005 1979
22469 1980 2005 2048
22470 1980 2045 2025
22471 2048 2045 1980
22472 1981 1982 1983
22473 2215 1982 1981
22474 2269 1981 1983
22475 2176 2215 1981
22476 1983 1982 2147
22477 1982 2160 2147
22478 2160 1982 2211
22479 2215 2211 1982
22480 1984 1983 1987
22481 2269 1983 1984
22482 1983 2147 1987
22483 1984 1985 1986
22484 1984 1987 1985
22485 1984 1986 2148
22486 2148 2269 1984
22487 1987 2089 1985
22488 1985 2089 2091
22489 1985 2091 2092
22490 1987 2147 2089
22491 1988 1989 1990
22492 2074 1988 1990
22493 2074 2276 1988
22494 1989 1991 1990
22495 2149 1991 1989
22496 2149 1989 2140
22497 1990 1991 2088
22498 2027 1990 2073
22499 2027 2074 1990
22500 1990 2088 2073
22501 2231 2088 1991
22502 1991 2149 2231
22503 2326 1994 1992
22504 2164 1992 2138
22505 1992 2164 2163
22506 1992 2163 2326
22507 2000 1993 2003
22508 2003 1993 2350
22509 2174 2350 1993
22510 1995 1996 1997
22511 2039 1996 1995
22512 1995 1997 2137
22513 2039 1995 2341
22514 2341 1995 2137
22515 1996 2026 1997
22516 1996 2323 2026
22517 2039 2136 1996
22518 2136 2323 1996
22519 1997 2026 2043
22520 1997 2043 2044
22521 1999 2185 1998
22522 1998 2182 2183
22523 1998 2184 2182
22524 2185 2184 1998
22525 2240 1999 2000
22526 2023 2185 1999
22527 2240 2023 1999
22528 2003 2240 2000
22529 2084 2002 2001
22530 2027 2001 2028
22531 2001 2027 2084
22532 2004 2002 2084
22533 2065 2005 2004
22534 2064 2065 2004
22535 2084 2064 2004
22536 2121 2048 2005
22537 2121 2005 2065
22538 2006 2007 2008
22539 2281 2006 2008
22540 2008 2007 2242
22541 2242 2292 2008
22542 2256 2008 2248
22543 2008 2292 2248
22544 2008 2256 2281
22545 2009 2010 2011
22546 2009 2123 2010
22547 2079 2009 2011
22548 2009 2122 2123
22549 2010 2066 2011
22550 2096 2066 2010
22551 2010 2123 2096
22552 2157 2011 2066
22553 2078 2079 2011
22554 2011 2157 2078
22555 2012 2013 2014
22556 2012 2015 2013
22557 2014 2025 2012
22558 2012 2047 2015
22559 2025 2045 2012
22560 2045 2047 2012
22561 2252 2014 2013
22562 2015 2254 2013
22563 2252 2013 2016
22564 2013 2254 2016
22565 2014 2252 2304
22566 2015 2047 2021
22567 2016 2017 2018
22568 2016 2019 2017
22569 2016 2018 2252
22570 2016 2254 2019
22571 2018 2017 2295
22572 2017 2019 2288
22573 2295 2017 2288
22574 2245 2018 2213
22575 2213 2018 2321
22576 2252 2018 2245
22577 2321 2018 2295
22578 2286 2019 2254
22579 2019 2286 2287
22580 2288 2019 2287
22581 2020 2021 2333
22582 2197 2020 2332
22583 2332 2020 2333
22584 2021 2047 2333
22585 2022 2024 2023
22586 2115 2024 2022
22587 2115 2022 2040
22588 2186 2023 2024
22589 2023 2186 2185
22590 2115 2187 2024
22591 2186 2024 2209
22592 2024 2187 2220
22593 2209 2024 2220
22594 2026 2302 2043
22595 2026 2125 2302
22596 2125 2026 2323
22597 2074 2027 2028
22598 2073 2075 2027
22599 2075 2084 2027
22600 2028 2359 2074
22601 2029 2030 2031
22602 2029 2135 2030
22603 2029 2031 2337
22604 2134 2135 2029
22605 2029 2347 2134
22606 2337 2347 2029
22607 2030 2056 2031
22608 2030 2318 2056
22609 2135 2139 2030
22610 2139 2318 2030
22611 2033 2031 2034
22612 2249 2031 2033
22613 2034 2031 2056
22614 2031 2249 2337
22615 2032 2033 2034
22616 2113 2033 2032
22617 2113 2032 2111
22618 2247 2033 2113
22619 2033 2247 2249
22620 2035 2101 2036
22621 2035 2144 2101
22622 2144 2035 2230
22623 2036 2101 2102
22624 2036 2102 2106
22625 2037 2038 2039
22626 2037 2042 2038
22627 2037 2039 2341
22628 2037 2128 2042
22629 2128 2037 2303
22630 2303 2037 2341
22631 2136 2039 2038
22632 2042 2260 2038
22633 2261 2136 2038
22634 2260 2261 2038
22635 2041 2077 2040
22636 2077 2115 2040
22637 2076 2077 2041
22638 2280 2076 2041
22639 2054 2042 2055
22640 2042 2054 2258
22641 2042 2128 2055
22642 2258 2260 2042
22643 2189 2044 2043
22644 2043 2302 2189
22645 2189 2188 2044
22646 2045 2046 2047
22647 2045 2048 2046
22648 2333 2047 2046
22649 2046 2048 2108
22650 2107 2046 2108
22651 2046 2107 2333
22652 2048 2121 2108
22653 2049 2050 2051
22654 2049 2053 2050
22655 2049 2051 2072
22656 2049 2071 2053
22657 2049 2070 2071
22658 2049 2072 2070
22659 2161 2051 2050
22660 2053 2157 2050
22661 2066 2050 2157
22662 2066 2161 2050
22663 2054 2055 2051
22664 2054 2051 2161
22665 2072 2051 2055
22666 2057 2058 2052
22667 2057 2052 2150
22668 2299 2053 2071
22669 2224 2157 2053
22670 2217 2224 2053
22671 2299 2217 2053
22672 2093 2054 2161
22673 2259 2054 2093
22674 2258 2054 2259
22675 2055 2128 2072
22676 2056 2318 2328
22677 2057 2196 2058
22678 2058 2196 2268
22679 2141 2060 2059
22680 2141 2059 2361
22681 2360 2060 2141
22682 2155 2060 2165
22683 2165 2060 2360
22684 2061 2062 2063
22685 2237 2062 2061
22686 2061 2063 2226
22687 2225 2061 2226
22688 2225 2236 2061
22689 2236 2237 2061
22690 2301 2063 2062
22691 2188 2189 2062
22692 2188 2062 2237
22693 2062 2189 2301
22694 2226 2063 2266
22695 2266 2063 2267
22696 2267 2063 2293
22697 2293 2063 2294
22698 2294 2063 2301
22699 2065 2064 2343
22700 2322 2064 2084
22701 2320 2064 2253
22702 2253 2064 2322
22703 2343 2064 2320
22704 2121 2065 2119
22705 2343 2119 2065
22706 2094 2066 2096
22707 2161 2066 2094
22708 2067 2068 2069
22709 2067 2146 2068
22710 2067 2069 2229
22711 2329 2146 2067
22712 2229 2284 2067
22713 2284 2329 2067
22714 2146 2131 2068
22715 2069 2228 2229
22716 2316 2071 2070
22717 2072 2151 2070
22718 2070 2151 2316
22719 2299 2071 2316
22720 2127 2072 2128
22721 2127 2151 2072
22722 2075 2073 2264
22723 2264 2073 2088
22724 2074 2359 2276
22725 2075 2322 2084
22726 2264 2322 2075
22727 2112 2077 2076
22728 2076 2111 2112
22729 2076 2113 2111
22730 2076 2255 2113
22731 2076 2280 2255
22732 2112 2115 2077
22733 2078 2224 2133
22734 2078 2157 2224
22735 2080 2103 2104
22736 2277 2103 2080
22737 2338 2080 2104
22738 2080 2338 2251
22739 2081 2082 2083
22740 2090 2082 2081
22741 2081 2083 2285
22742 2090 2081 2270
22743 2285 2270 2081
22744 2082 2160 2083
22745 2090 2089 2082
22746 2147 2082 2089
22747 2082 2147 2160
22748 2083 2158 2159
22749 2083 2160 2158
22750 2285 2083 2159
22751 2085 2086 2087
22752 2085 2344 2086
22753 2085 2087 2352
22754 2085 2124 2126
22755 2085 2339 2124
22756 2126 2344 2085
22757 2352 2339 2085
22758 2086 2307 2087
22759 2355 2307 2086
22760 2086 2344 2355
22761 2087 2307 2334
22762 2087 2334 2335
22763 2262 2088 2231
22764 2264 2088 2262
22765 2089 2090 2091
22766 2090 2274 2091
22767 2274 2090 2270
22768 2091 2279 2092
22769 2279 2091 2274
22770 2093 2094 2095
22771 2094 2093 2161
22772 2291 2093 2095
22773 2093 2291 2259
22774 2094 2096 2095
22775 2096 2271 2095
22776 2306 2095 2271
22777 2291 2095 2306
22778 2096 2123 2272
22779 2272 2271 2096
22780 2097 2098 2099
22781 2097 2099 2362
22782 2097 2118 2132
22783 2362 2118 2097
22784 2098 2100 2099
22785 2100 2098 2180
22786 2099 2100 2109
22787 2107 2099 2109
22788 2099 2107 2345
22789 2362 2099 2345
22790 2100 2181 2109
22791 2100 2180 2181
22792 2102 2101 2184
22793 2182 2101 2144
22794 2101 2182 2184
22795 2105 2106 2102
22796 2105 2102 2166
22797 2102 2198 2166
22798 2102 2184 2198
22799 2104 2103 2167
22800 2103 2201 2167
22801 2201 2103 2277
22802 2104 2167 2168
22803 2289 2104 2168
22804 2104 2289 2290
22805 2104 2290 2338
22806 2345 2107 2108
22807 2333 2107 2109
22808 2108 2121 2345
22809 2332 2109 2181
22810 2333 2109 2332
22811 2110 2145 2235
22812 2111 2265 2112
22813 2114 2115 2112
22814 2265 2114 2112
22815 2113 2256 2247
22816 2255 2256 2113
22817 2114 2116 2115
22818 2116 2114 2188
22819 2115 2116 2236
22820 2187 2115 2236
22821 2237 2116 2188
22822 2236 2116 2237
22823 2117 2118 2119
22824 2117 2120 2118
22825 2117 2119 2343
22826 2195 2120 2117
22827 2177 2195 2117
22828 2343 2177 2117
22829 2345 2119 2118
22830 2120 2132 2118
22831 2345 2118 2362
22832 2121 2119 2345
22833 2172 2132 2120
22834 2195 2172 2120
22835 2275 2123 2122
22836 2275 2122 2331
22837 2272 2123 2275
22838 2124 2125 2126
22839 2124 2340 2125
22840 2339 2340 2124
22841 2323 2126 2125
22842 2302 2125 2353
22843 2353 2125 2340
22844 2323 2344 2126
22845 2303 2127 2128
22846 2127 2318 2139
22847 2363 2127 2139
22848 2151 2127 2363
22849 2318 2127 2303
22850 2129 2130 2131
22851 2130 2129 2173
22852 2146 2129 2131
22853 2330 2129 2146
22854 2129 2171 2173
22855 2330 2171 2129
22856 2327 2130 2173
22857 2133 2224 2216
22858 2216 2246 2133
22859 2134 2164 2135
22860 2162 2164 2134
22861 2134 2347 2162
22862 2135 2138 2139
22863 2138 2135 2164
22864 2261 2355 2136
22865 2344 2323 2136
22866 2136 2355 2344
22867 2137 2328 2341
22868 2140 2141 2142
22869 2140 2342 2141
22870 2149 2140 2142
22871 2361 2142 2141
22872 2141 2342 2360
22873 2142 2233 2149
22874 2142 2234 2233
22875 2324 2234 2142
22876 2142 2361 2324
22877 2143 2144 2145
22878 2143 2182 2144
22879 2199 2143 2145
22880 2183 2182 2143
22881 2199 2183 2143
22882 2145 2144 2230
22883 2145 2230 2235
22884 2329 2330 2146
22885 2231 2149 2233
22886 2150 2152 2153
22887 2152 2286 2153
22888 2286 2152 2287
22889 2254 2153 2286
22890 2154 2155 2156
22891 2311 2154 2156
22892 2310 2154 2311
22893 2155 2165 2156
22894 2165 2313 2156
22895 2156 2313 2311
22896 2159 2158 2207
22897 2160 2211 2158
22898 2158 2210 2207
22899 2158 2211 2210
22900 2206 2159 2207
22901 2206 2285 2159
22902 2162 2163 2164
22903 2357 2163 2162
22904 2162 2179 2178
22905 2178 2357 2162
22906 2347 2179 2162
22907 2312 2313 2165
22908 2165 2342 2312
22909 2360 2342 2165
22910 2168 2167 2307
22911 2167 2201 2200
22912 2334 2167 2200
22913 2307 2167 2334
22914 2168 2346 2289
22915 2168 2307 2308
22916 2346 2168 2308
22917 2169 2170 2171
22918 2364 2170 2169
22919 2212 2169 2171
22920 2193 2194 2169
22921 2212 2193 2169
22922 2194 2214 2169
22923 2169 2214 2364
22924 2170 2173 2171
22925 2170 2356 2173
22926 2317 2356 2170
22927 2317 2170 2364
22928 2171 2330 2212
22929 2173 2356 2327
22930 2175 2320 2176
22931 2175 2177 2343
22932 2343 2320 2175
22933 2319 2215 2176
22934 2176 2320 2319
22935 2282 2179 2347
22936 2349 2179 2282
22937 2263 2181 2180
22938 2263 2197 2181
22939 2181 2197 2332
22940 2184 2185 2202
22941 2198 2184 2202
22942 2185 2186 2202
22943 2202 2186 2209
22944 2220 2187 2225
22945 2225 2187 2236
22946 2301 2189 2302
22947 2190 2191 2192
22948 2190 2298 2191
22949 2335 2190 2192
22950 2190 2335 2200
22951 2191 2298 2304
22952 2191 2304 2305
22953 2194 2193 2340
22954 2212 2223 2193
22955 2223 2340 2193
22956 2340 2339 2194
22957 2194 2339 2351
22958 2263 2196 2197
22959 2268 2196 2263
22960 2200 2335 2334
22961 2276 2201 2277
22962 2276 2359 2201
22963 2203 2205 2204
22964 2219 2205 2203
22965 2315 2204 2205
22966 2217 2205 2218
22967 2299 2205 2217
22968 2219 2218 2205
22969 2205 2299 2315
22970 2208 2206 2207
22971 2208 2207 2232
22972 2207 2210 2232
22973 2234 2208 2232
22974 2325 2208 2234
22975 2209 2220 2221
22976 2211 2241 2210
22977 2210 2231 2232
22978 2210 2262 2231
22979 2210 2241 2262
22980 2211 2215 2241
22981 2212 2293 2223
22982 2330 2293 2212
22983 2213 2317 2214
22984 2213 2321 2317
22985 2364 2214 2317
22986 2253 2241 2215
22987 2253 2215 2319
22988 2216 2217 2218
22989 2224 2217 2216
22990 2216 2218 2246
22991 2221 2220 2238
22992 2220 2225 2238
22993 2222 2221 2238
22994 2239 2222 2238
22995 2300 2222 2239
22996 2293 2294 2223
22997 2294 2353 2223
22998 2223 2353 2340
22999 2225 2226 2227
23000 2238 2225 2227
23001 2266 2227 2226
23002 2239 2238 2227
23003 2283 2239 2227
23004 2227 2266 2283
23005 2228 2300 2229
23006 2229 2239 2283
23007 2239 2229 2300
23008 2229 2283 2284
23009 2235 2230 2243
23010 2232 2231 2233
23011 2234 2232 2233
23012 2234 2324 2325
23013 2235 2243 2244
23014 2241 2253 2264
23015 2262 2241 2264
23016 2245 2305 2252
23017 2247 2248 2249
23018 2248 2247 2256
23019 2248 2282 2249
23020 2248 2292 2282
23021 2337 2249 2282
23022 2312 2251 2314
23023 2251 2338 2314
23024 2304 2252 2305
23025 2322 2264 2253
23026 2319 2320 2253
23027 2281 2256 2255
23028 2255 2280 2281
23029 2257 2258 2259
23030 2257 2260 2258
23031 2259 2346 2257
23032 2308 2260 2257
23033 2257 2346 2308
23034 2346 2259 2291
23035 2261 2260 2308
23036 2308 2355 2261
23037 2266 2267 2284
23038 2283 2266 2284
23039 2329 2284 2267
23040 2329 2267 2293
23041 2271 2272 2273
23042 2309 2271 2273
23043 2271 2309 2306
23044 2272 2275 2273
23045 2275 2311 2273
23046 2309 2273 2354
23047 2354 2273 2311
23048 2274 2278 2279
23049 2311 2275 2310
23050 2331 2310 2275
23051 2292 2349 2282
23052 2282 2347 2337
23053 2288 2296 2295
23054 2289 2291 2290
23055 2289 2346 2291
23056 2291 2306 2290
23057 2290 2306 2309
23058 2309 2314 2290
23059 2338 2290 2314
23060 2293 2330 2329
23061 2294 2301 2302
23062 2353 2294 2302
23063 2295 2296 2297
23064 2295 2297 2321
23065 2297 2296 2336
23066 2321 2297 2317
23067 2317 2297 2356
23068 2336 2358 2297
23069 2358 2356 2297
23070 2315 2299 2316
23071 2303 2328 2318
23072 2341 2328 2303
23073 2308 2307 2355
23074 2354 2314 2309
23075 2313 2354 2311
23076 2314 2313 2312
23077 2314 2354 2313
23078 2351 2339 2352
23079 17 233 388
23080 364 17 389
23081 389 17 388
23082 388 233 18
23083 387 410 23
23084 386 24 387
23085 386 409 24
23086 24 410 387
23087 364 390 365
23088 389 390 364
23089 365 391 366
23090 365 390 391
23091 392 367 366
23092 366 391 392
23093 368 367 393
23094 393 367 392
23095 369 368 394
23096 394 368 393
23097 369 395 370
23098 369 394 395
23099 370 396 371
23100 370 395 396
23101 371 397 372
23102 396 397 371
23103 372 397 373
23104 373 398 374
23105 397 398 373
23106 374 399 375
23107 398 399 374
23108 375 400 376
23109 399 400 375
23110 376 401 377
23111 400 401 376
23112 377 402 378
23113 401 402 377
23114 378 403 379
23115 402 403 378
23116 379 404 380
23117 403 404 379
23118 380 405 381
23119 380 404 405
23120 381 406 382
23121 405 406 381
23122 382 407 383
23123 406 407 382
23124 383 408 384
23125 407 408 383
23126 384 408 385
23127 385 409 386
23128 408 409 385
23180 2631 275 16
23181 425 2631 16
23182 18 254 388
23183 409 2384 24
23184 2384 411 24
23185 2619 25 424
23186 448 25 2619
23187 255 2629 254
23188 2629 388 254
23189 256 2438 255
23190 2438 2629 255
23191 257 2400 256
23192 2400 2438 256
23193 2601 257 258
23194 257 2401 2400
23195 2401 257 2601
23196 2433 258 259
23197 2601 258 2433
23198 2432 259 260
23199 259 2432 2433
23200 2450 260 261
23201 2450 2432 260
23202 2451 261 262
23203 2450 261 2451
23204 263 2701 262
23205 2701 2451 262
23206 264 2687 263
23207 263 2687 2688
23208 2701 263 2688
23209 264 265 2483
23210 264 2483 2481
23211 2687 264 2481
23212 266 2639 265
23213 265 2653 2483
23214 2653 265 2639
23215 267 2638 266
23216 2638 2639 266
23217 268 2702 267
23218 2638 267 2640
23219 2640 267 2702
23220 269 2420 268
23221 2702 268 2420
23222 270 2419 269
23223 2419 2420 269
23224 2703 270 271
23225 270 2703 2419
23226 2672 271 272
23227 271 2672 2703
23228 273 2576 272
23229 272 2576 2672
23230 274 2575 273
23231 273 2575 2577
23232 273 2577 2576
23233 275 2396 274
23234 274 2396 2575
23235 275 2615 2396
23236 2615 275 2631
23237 2629 389 388
23238 2624 390 389
23239 2629 2624 389
23240 2531 391 390
23241 2624 2531 390
23242 2625 392 391
23243 391 2531 2625
23244 2597 393 392
23245 392 2625 2597
23246 393 2414 394
23247 393 2415 2414
23248 2597 2415 393
23249 394 2426 395
23250 394 2414 2426
23251 395 2464 396
23252 395 2426 2464
23253 396 2508 397
23254 2464 2465 396
23255 396 2465 2508
23256 2509 398 397
23257 2508 2509 397
23258 2709 399 398
23259 398 2509 2709
23260 399 2695 400
23261 2695 399 2709
23262 2696 401 400
23263 400 2695 2696
23264 401 2478 402
23265 2478 401 2715
23266 2715 401 2696
23267 402 2479 403
23268 2478 2479 402
23269 2500 404 403
23270 2479 2500 403
23271 404 2501 405
23272 2500 2501 404
23273 405 2634 406
23274 2634 405 2501
23275 2633 407 406
23276 2633 406 2634
23277 2383 408 407
23278 2383 407 2633
23279 409 408 2383
23280 2383 2384 409
23281 411 2621 412
23282 411 2384 2621
23283 2565 413 412
23284 2621 2565 412
23285 413 2564 414
23286 413 2565 2564
23287 2609 415 414
23288 414 2564 2609
23289 2622 416 415
23290 2714 415 2609
23291 415 2714 2622
23292 416 2679 417
23293 2679 416 2622
23294 417 2580 418
23295 2580 417 2679
23296 418 2581 419
23297 2580 2581 418
23298 419 2587 420
23299 2581 2587 419
23300 420 2589 421
23301 2587 2589 420
23302 421 2594 422
23303 2589 2594 421
23304 422 2618 423
23305 2618 422 2594
23306 423 2619 424
23307 2618 2619 423
23308 426 2630 425
23309 2630 2631 425
23310 427 2605 426
23311 2630 426 2605
23312 2378 427 428
23313 2605 427 2378
23314 2377 428 429
23315 2377 2378 428
23316 430 2671 429
23317 429 2671 2377
23318 431 2560 430
23319 2671 430 2560
23320 2559 431 432
23321 2559 2560 431
23322 433 2691 432
23323 432 2691 2559
23324 2706 433 434
23325 2691 433 2706
23326 2694 434 435
23327 434 2694 2712
23328 434 2712 2706
23329 436 2693 435
23330 2694 435 2693
23331 2486 436 437
23332 2485 436 2486
23333 2693 436 2485
23334 438 2707 437
23335 2486 437 2707
23336 2708 438 439
23337 438 2708 2707
23338 2573 439 440
23339 2698 439 2573
23340 439 2698 2708
23341 2572 440 441
23342 2572 2573 440
23343 442 2572 441
23344 2650 442 443
23345 2650 2572 442
23346 2417 443 444
23347 2417 2418 443
23348 2418 2650 443
23349 2613 444 445
23350 2613 2417 444
23351 2652 445 446
23352 2652 2613 445
23353 2642 446 447
23354 446 2642 2652
23355 2620 447 448
23356 2620 2642 447
23357 448 2619 2620
23358 2376 2378 2377
23359 2377 2439 2376
23360 2607 2378 2376
23361 2376 2439 2440
23362 2607 2376 2440
23363 2671 2439 2377
23364 2605 2378 2607
23365 2379 2381 2380
23366 2379 2380 2382
23367 2526 2381 2379
23368 2379 2382 2660
23369 2526 2379 2616
23370 2660 2616 2379
23371 2711 2380 2381
23372 2449 2382 2380
23373 2380 2645 2449
23374 2380 2644 2645
23375 2380 2711 2644
23376 2381 2526 2402
23377 2402 2527 2381
23378 2530 2381 2527
23379 2381 2530 2711
23380 2449 2447 2382
23381 2382 2447 2660
23382 2383 2385 2384
23383 2383 2582 2385
23384 2582 2383 2633
23385 2621 2384 2385
23386 2565 2385 2566
23387 2565 2621 2385
23388 2566 2385 2582
23389 2386 2388 2387
23390 2386 2387 2389
23391 2386 2661 2388
23392 2386 2389 2673
23393 2386 2655 2661
23394 2386 2673 2655
23395 2387 2388 2404
23396 2389 2387 2609
23397 2387 2404 2609
23398 2404 2388 2448
23399 2388 2447 2448
23400 2447 2388 2661
23401 2564 2565 2389
23402 2389 2609 2564
23403 2389 2565 2566
23404 2673 2389 2566
23405 2390 2392 2391
23406 2391 2472 2390
23407 2683 2392 2390
23408 2468 2390 2472
23409 2468 2498 2390
23410 2683 2390 2498
23411 2391 2392 2405
23412 2391 2405 2410
23413 2472 2391 2410
23414 2405 2392 2657
23415 2392 2683 2657
23416 2393 2395 2394
23417 2528 2393 2394
23418 2395 2393 2654
23419 2402 2403 2393
23420 2527 2402 2393
23421 2654 2393 2403
23422 2393 2528 2527
23423 2394 2395 2567
23424 2394 2682 2528
23425 2567 2570 2394
23426 2570 2681 2394
23427 2682 2394 2681
23428 2395 2689 2567
23429 2395 2654 2666
23430 2395 2666 2667
23431 2689 2395 2667
23432 2396 2398 2397
23433 2397 2575 2396
23434 2396 2614 2398
23435 2396 2615 2614
23436 2397 2398 2399
23437 2399 2577 2397
23438 2397 2577 2575
23439 2398 2569 2399
23440 2413 2407 2398
23441 2569 2398 2407
23442 2608 2413 2398
23443 2398 2614 2608
23444 2568 2399 2569
23445 2568 2651 2399
23446 2399 2651 2577
23447 2400 2401 2533
23448 2400 2533 2438
23449 2401 2542 2533
23450 2601 2542 2401
23451 2561 2403 2402
23452 2402 2526 2561
23453 2535 2403 2541
23454 2535 2654 2403
23455 2541 2403 2561
23456 2612 2404 2448
23457 2404 2714 2609
23458 2404 2612 2622
23459 2714 2404 2622
23460 2410 2405 2412
23461 2412 2405 2563
23462 2563 2405 2658
23463 2657 2658 2405
23464 2406 2408 2407
23465 2406 2407 2413
23466 2406 2425 2408
23467 2406 2413 2440
23468 2425 2406 2523
23469 2406 2440 2523
23470 2522 2407 2408
23471 2522 2569 2407
23472 2408 2425 2515
23473 2408 2515 2521
23474 2408 2521 2522
23475 2409 2411 2410
23476 2409 2410 2412
23477 2558 2411 2409
23478 2409 2412 2504
23479 2504 2558 2409
23480 2472 2410 2411
23481 2471 2472 2411
23482 2471 2411 2590
23483 2558 2586 2411
23484 2586 2590 2411
23485 2495 2412 2497
23486 2504 2412 2495
23487 2497 2412 2563
23488 2607 2440 2413
23489 2608 2607 2413
23490 2434 2414 2415
23491 2414 2427 2426
23492 2414 2434 2427
23493 2436 2434 2415
23494 2436 2415 2596
23495 2596 2415 2597
23496 2416 2418 2417
23497 2416 2417 2613
23498 2441 2418 2416
23499 2441 2416 2444
23500 2444 2416 2604
23501 2604 2416 2538
23502 2416 2613 2538
23503 2441 2442 2418
23504 2650 2418 2442
23505 2419 2421 2420
23506 2419 2713 2421
23507 2713 2419 2703
23508 2421 2678 2420
23509 2702 2420 2678
23510 2470 2469 2421
23511 2678 2421 2469
23512 2421 2544 2470
23513 2713 2544 2421
23514 2422 2424 2423
23515 2423 2562 2422
23516 2496 2424 2422
23517 2496 2422 2676
23518 2562 2699 2422
23519 2699 2676 2422
23520 2423 2424 2425
23521 2423 2425 2523
23522 2562 2423 2523
23523 2425 2424 2515
23524 2492 2424 2496
23525 2515 2424 2492
23526 2427 2464 2426
23527 2427 2434 2435
23528 2457 2427 2435
23529 2427 2457 2461
23530 2461 2466 2427
23531 2464 2427 2466
23532 2428 2430 2429
23533 2592 2428 2429
23534 2663 2430 2428
23535 2432 2428 2433
23536 2432 2663 2428
23537 2433 2428 2592
23538 2429 2430 2431
23539 2551 2429 2431
23540 2592 2429 2551
23541 2431 2430 2510
23542 2430 2511 2510
23543 2430 2665 2511
23544 2665 2430 2663
23545 2431 2510 2611
23546 2551 2431 2550
23547 2611 2550 2431
23548 2663 2432 2450
23549 2433 2592 2601
23550 2434 2436 2435
23551 2435 2436 2437
23552 2435 2437 2456
23553 2457 2435 2456
23554 2436 2611 2437
23555 2596 2611 2436
23556 2456 2437 2548
23557 2510 2548 2437
23558 2437 2611 2510
23559 2624 2438 2533
23560 2438 2624 2629
23561 2439 2523 2440
23562 2523 2439 2524
23563 2524 2439 2525
23564 2439 2671 2525
23565 2585 2442 2441
23566 2441 2444 2443
23567 2585 2441 2443
23568 2442 2572 2650
23569 2677 2572 2442
23570 2585 2677 2442
23571 2443 2444 2445
23572 2443 2445 2645
23573 2585 2443 2644
23574 2644 2443 2645
23575 2444 2604 2445
23576 2600 2474 2445
23577 2645 2445 2474
23578 2603 2600 2445
23579 2445 2604 2603
23580 2446 2448 2447
23581 2446 2447 2449
23582 2446 2602 2448
23583 2446 2449 2474
23584 2473 2446 2474
23585 2602 2446 2473
23586 2660 2447 2661
23587 2602 2612 2448
23588 2474 2449 2645
23589 2451 2489 2450
23590 2489 2663 2450
23591 2451 2490 2489
23592 2688 2490 2451
23593 2451 2701 2688
23594 2452 2454 2453
23595 2452 2453 2459
23596 2452 2558 2454
23597 2459 2482 2452
23598 2482 2484 2452
23599 2484 2586 2452
23600 2586 2558 2452
23601 2502 2453 2454
23602 2459 2453 2490
23603 2546 2490 2453
23604 2502 2546 2453
23605 2454 2504 2502
23606 2504 2454 2558
23607 2455 2457 2456
23608 2455 2456 2458
23609 2463 2457 2455
23610 2458 2495 2455
23611 2494 2463 2455
23612 2455 2495 2494
23613 2548 2458 2456
23614 2461 2457 2463
23615 2503 2495 2458
23616 2547 2503 2458
23617 2547 2458 2548
23618 2482 2459 2481
23619 2459 2687 2481
23620 2490 2688 2459
23621 2687 2459 2688
23622 2460 2462 2461
23623 2460 2461 2463
23624 2462 2460 2578
23625 2520 2460 2463
23626 2487 2488 2460
23627 2487 2460 2520
23628 2488 2578 2460
23629 2466 2461 2462
23630 2462 2465 2466
23631 2465 2462 2508
23632 2512 2508 2462
23633 2462 2578 2512
23634 2463 2494 2520
23635 2464 2466 2465
23636 2467 2469 2468
23637 2468 2472 2467
23638 2641 2469 2467
23639 2467 2472 2471
23640 2471 2641 2467
23641 2468 2469 2470
23642 2468 2470 2498
23643 2641 2678 2469
23644 2470 2545 2498
23645 2544 2545 2470
23646 2590 2635 2471
23647 2635 2641 2471
23648 2473 2474 2600
23649 2599 2473 2600
23650 2473 2599 2602
23651 2475 2477 2476
23652 2475 2476 2584
23653 2514 2477 2475
23654 2475 2501 2514
23655 2475 2634 2501
23656 2634 2475 2584
23657 2476 2477 2499
23658 2476 2499 2655
23659 2476 2583 2584
23660 2655 2583 2476
23661 2477 2514 2480
23662 2477 2480 2543
23663 2499 2477 2536
23664 2477 2543 2536
23665 2478 2480 2479
23666 2480 2478 2715
23667 2514 2479 2480
23668 2514 2500 2479
23669 2543 2480 2647
23670 2715 2647 2480
23671 2481 2483 2482
23672 2482 2483 2484
23673 2484 2483 2653
23674 2586 2484 2636
23675 2653 2636 2484
23676 2486 2680 2485
23677 2681 2570 2485
23678 2570 2693 2485
23679 2680 2681 2485
23680 2680 2486 2707
23681 2488 2487 2623
23682 2646 2487 2520
23683 2487 2628 2623
23684 2487 2646 2628
23685 2488 2674 2578
23686 2623 2674 2488
23687 2490 2664 2489
23688 2489 2665 2663
23689 2664 2665 2489
23690 2664 2490 2546
23691 2491 2493 2492
23692 2491 2492 2496
23693 2491 2683 2493
23694 2496 2669 2491
23695 2668 2491 2669
23696 2668 2683 2491
23697 2704 2492 2493
23698 2492 2704 2515
23699 2493 2683 2498
23700 2704 2493 2498
23701 2494 2495 2497
23702 2494 2497 2520
23703 2503 2504 2495
23704 2676 2669 2496
23705 2520 2497 2646
23706 2591 2497 2563
23707 2646 2497 2591
23708 2545 2704 2498
23709 2499 2536 2537
23710 2499 2537 2616
23711 2660 2499 2616
23712 2655 2499 2660
23713 2514 2501 2500
23714 2502 2504 2503
23715 2547 2502 2503
23716 2547 2546 2502
23717 2505 2507 2506
23718 2505 2506 2513
23719 2505 2522 2507
23720 2505 2513 2651
23721 2568 2522 2505
23722 2651 2568 2505
23723 2506 2507 2545
23724 2506 2544 2513
23725 2544 2506 2545
23726 2522 2521 2507
23727 2521 2704 2507
23728 2704 2545 2507
23729 2512 2509 2508
23730 2675 2509 2512
23731 2509 2675 2709
23732 2511 2548 2510
23733 2546 2547 2511
23734 2511 2664 2546
23735 2511 2547 2548
23736 2664 2511 2665
23737 2512 2578 2675
23738 2713 2513 2544
23739 2513 2672 2651
23740 2672 2513 2703
23741 2513 2713 2703
23742 2704 2521 2515
23743 2516 2518 2517
23744 2536 2516 2517
23745 2518 2516 2643
23746 2536 2543 2516
23747 2543 2659 2516
23748 2659 2643 2516
23749 2517 2518 2519
23750 2519 2541 2517
23751 2536 2517 2537
23752 2537 2517 2541
23753 2552 2519 2518
23754 2518 2627 2552
23755 2518 2643 2627
23756 2534 2535 2519
23757 2534 2519 2552
23758 2519 2535 2541
23759 2568 2569 2522
23760 2524 2562 2523
23761 2524 2525 2554
23762 2554 2557 2524
23763 2524 2557 2562
23764 2525 2560 2554
23765 2525 2671 2560
23766 2561 2526 2616
23767 2527 2528 2529
23768 2530 2527 2529
23769 2682 2529 2528
23770 2686 2530 2529
23771 2529 2682 2705
23772 2705 2686 2529
23773 2530 2686 2711
23774 2531 2533 2532
23775 2549 2531 2532
23776 2624 2533 2531
23777 2549 2625 2531
23778 2532 2533 2542
23779 2542 2551 2532
23780 2549 2532 2550
23781 2550 2532 2551
23782 2534 2666 2535
23783 2552 2553 2534
23784 2666 2534 2553
23785 2654 2535 2666
23786 2537 2541 2561
23787 2616 2537 2561
23788 2538 2540 2539
23789 2538 2539 2604
23790 2652 2540 2538
23791 2613 2652 2538
23792 2540 2610 2539
23793 2593 2595 2539
23794 2539 2610 2593
23795 2604 2539 2595
23796 2642 2610 2540
23797 2540 2652 2642
23798 2542 2592 2551
23799 2601 2592 2542
23800 2647 2648 2543
23801 2648 2659 2543
23802 2596 2549 2550
23803 2625 2549 2596
23804 2611 2596 2550
23805 2632 2553 2552
23806 2552 2627 2626
23807 2552 2626 2632
23808 2632 2669 2553
23809 2666 2553 2697
23810 2669 2676 2553
23811 2697 2553 2676
23812 2554 2556 2555
23813 2554 2555 2557
23814 2556 2554 2560
23815 2692 2555 2556
23816 2557 2555 2690
23817 2555 2692 2690
23818 2559 2556 2560
23819 2559 2692 2556
23820 2699 2562 2557
23821 2690 2667 2557
23822 2697 2557 2667
23823 2699 2557 2697
23824 2691 2692 2559
23825 2591 2563 2658
23826 2582 2583 2566
23827 2583 2673 2566
23828 2570 2567 2571
23829 2689 2571 2567
23830 2571 2712 2570
23831 2570 2694 2693
23832 2694 2570 2712
23833 2571 2689 2690
23834 2690 2692 2571
23835 2706 2571 2692
23836 2712 2571 2706
23837 2572 2574 2573
23838 2572 2677 2574
23839 2573 2574 2685
23840 2573 2685 2698
23841 2574 2677 2684
23842 2574 2684 2685
23843 2651 2576 2577
23844 2576 2651 2672
23845 2674 2675 2578
23846 2579 2581 2580
23847 2579 2580 2679
23848 2579 2599 2581
23849 2602 2599 2579
23850 2612 2602 2579
23851 2679 2612 2579
23852 2581 2588 2587
23853 2581 2599 2588
23854 2582 2584 2583
23855 2633 2584 2582
23856 2583 2655 2673
23857 2584 2633 2634
23858 2644 2710 2585
23859 2677 2585 2684
23860 2684 2585 2710
23861 2586 2636 2590
23862 2587 2588 2589
23863 2589 2588 2598
23864 2588 2599 2598
23865 2593 2594 2589
23866 2593 2589 2595
23867 2589 2598 2595
23868 2635 2590 2636
23869 2646 2591 2628
23870 2670 2628 2591
23871 2658 2670 2591
23872 2594 2593 2618
23873 2618 2593 2610
23874 2595 2598 2603
23875 2595 2603 2604
23876 2596 2597 2625
23877 2598 2599 2600
23878 2598 2600 2603
23879 2605 2607 2606
23880 2605 2606 2630
23881 2606 2607 2608
23882 2617 2606 2608
23883 2630 2606 2617
23884 2617 2608 2614
23885 2620 2618 2610
23886 2642 2620 2610
23887 2612 2679 2622
23888 2614 2615 2617
23889 2631 2617 2615
23890 2631 2630 2617
23891 2618 2620 2619
23892 2623 2628 2643
23893 2643 2659 2623
23894 2659 2674 2623
23895 2626 2627 2656
23896 2626 2662 2632
23897 2662 2626 2656
23898 2643 2628 2627
23899 2628 2670 2627
23900 2656 2627 2670
23901 2662 2669 2632
23902 2635 2636 2637
23903 2637 2640 2635
23904 2635 2640 2641
23905 2636 2653 2637
23906 2638 2637 2639
23907 2637 2638 2640
23908 2653 2639 2637
23909 2641 2640 2702
23910 2702 2678 2641
23911 2710 2644 2711
23912 2647 2649 2648
23913 2696 2649 2647
23914 2647 2715 2696
23915 2648 2649 2674
23916 2659 2648 2674
23917 2675 2674 2649
23918 2709 2675 2649
23919 2695 2649 2696
23920 2649 2695 2709
23921 2655 2660 2661
23922 2656 2658 2657
23923 2662 2656 2657
23924 2658 2656 2670
23925 2668 2662 2657
23926 2683 2668 2657
23927 2668 2669 2662
23928 2667 2666 2697
23929 2689 2667 2690
23930 2676 2699 2697
23931 2680 2682 2681
23932 2682 2680 2705
23933 2705 2680 2700
23934 2680 2707 2700
23935 2684 2686 2685
23936 2686 2684 2710
23937 2685 2686 2700
23938 2698 2685 2700
23939 2686 2705 2700
23940 2686 2710 2711
23941 2692 2691 2706
23942 2698 2700 2708
23943 2708 2700 2707
24044 2758 14 253
24045 2758 463 14
24046 18 388 234
24047 409 24 2931
24048 2931 24 449
24049 2905 461 26
24050 484 2905 26
24051 235 234 2937
24052 234 388 2937
24053 236 235 2912
24054 2912 235 2937
24055 237 236 2913
24056 2912 2913 236
24057 238 237 2913
24058 2929 239 238
24059 2909 238 2913
24060 2909 2929 238
24061 240 239 2982
24062 2982 239 2929
24063 2980 241 240
24064 240 2996 2980
24065 2982 2996 240
24066 2979 242 241
24067 2979 241 2980
24068 2943 243 242
24069 242 2979 2943
24070 244 243 2942
24071 2942 243 2943
24072 2983 245 244
24073 244 2942 2983
24074 246 245 2871
24075 2991 2871 245
24076 245 2983 2991
24077 247 246 2870
24078 2870 246 2871
24079 248 247 2969
24080 2870 3009 247
24081 3009 2969 247
24082 2860 249 248
24083 248 2969 2860
24084 2859 250 249
24085 2859 249 2860
24086 251 250 2774
24087 250 2877 2774
24088 2859 2877 250
24089 252 251 2899
24090 2774 2776 251
24091 251 2776 2899
24092 2759 253 252
24093 252 2899 2759
24094 253 2757 2758
24095 253 2759 2757
24096 2937 388 389
24097 2894 389 390
24098 389 2894 2937
24099 2895 390 391
24100 2894 390 2895
24101 2887 391 392
24102 391 2887 2895
24103 2796 392 393
24104 2887 392 2796
24105 2805 393 394
24106 2796 393 2805
24107 394 395 2781
24108 394 2781 2805
24109 2842 395 396
24110 2781 395 2842
24111 396 397 2881
24112 396 2881 2842
24113 397 398 3004
24114 3004 2881 397
24115 2865 398 399
24116 398 2865 3004
24117 399 400 2815
24118 2865 399 2815
24119 2816 400 401
24120 2816 2815 400
24121 401 402 2957
24122 2957 2816 401
24123 402 403 2784
24124 2957 402 2784
24125 2999 403 404
24126 2999 2784 403
24127 404 405 3001
24128 404 3001 2999
24129 3002 405 406
24130 3002 3001 405
24131 2773 406 407
24132 406 2773 3002
24133 2892 407 408
24134 2773 407 2892
24135 2927 408 409
24136 2927 2892 408
24137 2931 2927 409
24138 2932 449 450
24139 449 2932 2931
24140 450 451 2763
24141 450 2763 2932
24142 451 452 2762
24143 451 2762 2763
24144 2968 452 453
24145 2762 452 2968
24146 453 454 3010
24147 453 3010 2968
24148 2940 454 455
24149 2940 3010 454
24150 455 456 2730
24151 2939 455 2730
24152 2939 2940 455
24153 456 457 2728
24154 2730 456 2728
24155 457 458 2850
24156 2728 457 2850
24157 458 459 2851
24158 2850 458 2851
24159 459 460 2811
24160 2811 2851 459
24161 460 461 2905
24162 2811 460 2905
24163 464 463 2855
24164 2855 463 2758
24165 2896 465 464
24166 2896 464 2855
24167 2898 466 465
24168 2896 2898 465
24169 467 466 2936
24170 2936 466 2898
24171 468 467 3014
24172 2936 3014 467
24173 469 468 2856
24174 2767 2856 468
24175 3014 2767 468
24176 3000 470 469
24177 469 2856 3000
24178 471 470 2825
24179 3000 2825 470
24180 2827 472 471
24181 471 2825 2827
24182 2914 473 472
24183 472 2827 2914
24184 474 473 2915
24185 2914 2915 473
24186 2961 475 474
24187 2915 2961 474
24188 476 475 2960
24189 2961 2960 475
24190 476 2733 477
24191 476 2960 2733
24192 2732 478 477
24193 2732 477 2733
24194 2924 479 478
24195 2924 478 2732
24196 480 479 2904
24197 2904 479 2924
24198 2745 481 480
24199 2745 480 2903
24200 480 2904 2903
24201 482 481 2745
24202 2746 483 482
24203 482 2745 2746
24204 2906 484 483
24205 2906 483 2746
24206 484 2906 2905
24207 2727 2728 2729
24208 2727 2730 2728
24209 2727 2729 2740
24210 2730 2727 2946
24211 2727 2740 2944
24212 2727 2944 2946
24213 2728 2850 2729
24214 2738 2740 2729
24215 2813 2738 2729
24216 2813 2729 2850
24217 2939 2730 2946
24218 2731 2732 2733
24219 2732 2731 2923
24220 2792 2731 2733
24221 2792 2793 2731
24222 2793 2923 2731
24223 2923 2924 2732
24224 2733 2960 2792
24225 2734 2735 2736
24226 2735 2734 2987
24227 3011 2734 2736
24228 2734 2978 2843
24229 2987 2734 2843
24230 2978 2734 3011
24231 2736 2735 2942
24232 2983 2942 2735
24233 2983 2735 2988
24234 2987 2988 2735
24235 2942 2943 2736
24236 2943 2979 2736
24237 2736 2979 2976
24238 2976 3011 2736
24239 2737 2738 2739
24240 2737 2740 2738
24241 2902 2737 2739
24242 2740 2737 2947
24243 2901 2737 2902
24244 2901 2953 2737
24245 2953 2947 2737
24246 2812 2739 2738
24247 2812 2738 2813
24248 2746 2739 2812
24249 2911 2739 2746
24250 2902 2739 2911
24251 2740 2947 2944
24252 2741 2742 2743
24253 2840 2742 2741
24254 2741 2743 2858
24255 2840 2741 2841
24256 2741 2858 2841
24257 2742 2744 2743
24258 2848 2744 2742
24259 2995 2742 2840
24260 2742 2990 2848
24261 2990 2742 2995
24262 2743 2744 2981
24263 2743 2966 2858
24264 2966 2743 2981
24265 2848 2754 2744
24266 2941 2744 2754
24267 2744 2941 2981
24268 2911 2746 2745
24269 2911 2745 2903
24270 2746 2812 2906
24271 2747 2748 2749
24272 2747 2876 2748
24273 2749 2756 2747
24274 2747 2756 2846
24275 2747 2846 3008
24276 3008 2876 2747
24277 2748 2987 2749
24278 2748 2876 2989
24279 2989 2987 2748
24280 2749 2760 2756
24281 2749 2843 2760
24282 2843 2749 2987
24283 2750 2751 2752
24284 2750 2921 2751
24285 2949 2750 2752
24286 2750 2986 2921
24287 2750 2949 2956
24288 2750 2956 2986
24289 2752 2751 3010
24290 2921 2762 2751
24291 2762 2968 2751
24292 2968 3010 2751
24293 2940 2939 2752
24294 2752 2939 2950
24295 2752 3010 2940
24296 2752 2950 2949
24297 2753 2754 2755
24298 2920 2754 2753
24299 2783 2753 2755
24300 2783 2772 2753
24301 2930 2753 2772
24302 2919 2920 2753
24303 2930 2919 2753
24304 2755 2754 2836
24305 2836 2754 2847
24306 2754 2848 2847
24307 2941 2754 2920
24308 2782 2783 2755
24309 2755 2836 2782
24310 2760 2761 2756
24311 2998 2756 2761
24312 2756 2998 2846
24313 2757 2770 2758
24314 2769 2757 2759
24315 2768 2757 2769
24316 2768 2770 2757
24317 2758 2770 2855
24318 2759 2899 2769
24319 2844 2761 2760
24320 2760 2843 2844
24321 2798 2821 2761
24322 2974 2798 2761
24323 2985 2761 2821
24324 2761 2844 2974
24325 2761 2985 2998
24326 2763 2762 2922
24327 2921 2922 2762
24328 2922 2932 2763
24329 2764 2765 2766
24330 2764 2787 2765
24331 2767 2764 2766
24332 2764 2767 2837
24333 2787 2764 2835
24334 2764 2837 2835
24335 2785 2766 2765
24336 2785 2765 2791
24337 2765 2787 2790
24338 2765 2790 2791
24339 2767 2766 2856
24340 2785 2786 2766
24341 2786 2856 2766
24342 2837 2767 3014
24343 2768 2769 2885
24344 2768 2875 2770
24345 2875 2768 2938
24346 2885 2888 2768
24347 2888 2938 2768
24348 2885 2769 2886
24349 2899 2886 2769
24350 2855 2770 2875
24351 2771 2772 2773
24352 2930 2772 2771
24353 2773 2892 2771
24354 2892 2893 2771
24355 2771 2893 2992
24356 2992 2930 2771
24357 3002 2773 2772
24358 2772 2783 3001
24359 2772 3001 3002
24360 2774 2775 2776
24361 2775 2774 2877
24362 2775 2780 2776
24363 2780 2775 2890
24364 2775 2800 2801
24365 2775 2877 2800
24366 2775 2801 2890
24367 2776 2780 2899
24368 2777 2778 2779
24369 2789 2778 2777
24370 2805 2777 2779
24371 2788 2777 2781
24372 2805 2781 2777
24373 2788 2789 2777
24374 2778 2794 2779
24375 2778 2789 2799
24376 2794 2778 2891
24377 2778 2799 2854
24378 2891 2778 2854
24379 2779 2794 2795
24380 2796 2779 2795
24381 2779 2796 2805
24382 2780 2884 2886
24383 2890 2884 2780
24384 2780 2886 2899
24385 2781 2842 2788
24386 2782 2784 2783
24387 2957 2784 2782
24388 2816 2782 2814
24389 2958 2814 2782
24390 2782 2816 2957
24391 2836 2958 2782
24392 2783 2784 2999
24393 2999 3001 2783
24394 2786 2785 2955
24395 2791 2841 2785
24396 2955 2785 2841
24397 2826 2825 2786
24398 2786 2825 3000
24399 2786 2955 2826
24400 3000 2856 2786
24401 2787 2964 2790
24402 2965 2787 2835
24403 2787 2965 2964
24404 2788 2823 2789
24405 2824 2823 2788
24406 2824 2788 2842
24407 2823 2799 2789
24408 2791 2790 2963
24409 2790 2962 2963
24410 2790 2964 2962
24411 2840 2841 2791
24412 2963 2840 2791
24413 2933 2793 2792
24414 2933 2792 2934
24415 2934 2792 2959
24416 2959 2792 2960
24417 2808 2793 2933
24418 2793 2808 2952
24419 2793 2900 2923
24420 2793 2952 2900
24421 2795 2794 2882
24422 2794 2948 2882
24423 2948 2794 2891
24424 2795 2887 2796
24425 2795 2882 2883
24426 2887 2795 2883
24427 2797 2798 2799
24428 2798 2797 2821
24429 2822 2797 2799
24430 2820 2797 2819
24431 2822 2819 2797
24432 2820 2821 2797
24433 2799 2798 2973
24434 2973 2798 2974
24435 2822 2799 2823
24436 2973 2854 2799
24437 3006 2801 2800
24438 2877 2861 2800
24439 2800 2861 3006
24440 2801 2806 2807
24441 2806 2801 3006
24442 2890 2801 2807
24443 2802 2803 2804
24444 2926 2803 2802
24445 3003 2802 2804
24446 2925 2926 2802
24447 2928 2925 2802
24448 2971 2928 2802
24449 2971 2802 3003
24450 2803 2852 2804
24451 2852 2803 2853
24452 2853 2803 2854
24453 2803 2891 2854
24454 2926 2891 2803
24455 2972 2804 2852
24456 2804 2972 3003
24457 2806 2830 2807
24458 2806 2845 2830
24459 3006 2845 2806
24460 2807 2830 2839
24461 2838 2807 2839
24462 2807 2838 2890
24463 2808 2809 2810
24464 2933 2809 2808
24465 2862 2808 2810
24466 2808 2862 2952
24467 2809 2849 2810
24468 2981 2849 2809
24469 2809 2933 2934
24470 2934 3013 2809
24471 2809 2997 2981
24472 2997 2809 3013
24473 2849 2880 2810
24474 2862 2810 2863
24475 2810 2880 2863
24476 2811 2812 2813
24477 2812 2811 2906
24478 2811 2813 2851
24479 2811 2905 2906
24480 2850 2851 2813
24481 2814 2815 2816
24482 2814 2864 2815
24483 2864 2814 2867
24484 2958 2867 2814
24485 2864 2865 2815
24486 2817 2818 2819
24487 2818 2817 2993
24488 2819 2822 2817
24489 2822 2823 2817
24490 2823 2824 2817
24491 2817 2824 2993
24492 2818 2820 2819
24493 2820 2818 2866
24494 2818 2857 2866
24495 2818 2867 2857
24496 2993 2867 2818
24497 2821 2820 2889
24498 2889 2820 2866
24499 2821 2889 2985
24500 2824 2842 2881
24501 2881 2994 2824
24502 2993 2824 2994
24503 2825 2826 2827
24504 2826 2828 2827
24505 2826 2955 2828
24506 2914 2827 2828
24507 2828 2918 2914
24508 2918 2828 3005
24509 2954 2828 2955
24510 2828 2954 3005
24511 2829 2830 2831
24512 2830 2829 2970
24513 2984 2829 2831
24514 2832 2833 2829
24515 2832 2829 2984
24516 2970 2829 2833
24517 2831 2830 2845
24518 2970 2839 2830
24519 2831 2845 2846
24520 2846 2984 2831
24521 2832 2834 2833
24522 2832 2889 2834
24523 2889 2832 2984
24524 2995 2833 2834
24525 2833 2962 2970
24526 2833 2995 2962
24527 2868 2834 2866
24528 2866 2834 2889
24529 2834 2868 2990
24530 2834 2990 2995
24531 2837 2935 2835
24532 2935 2938 2835
24533 2835 2938 2965
24534 2836 2847 2857
24535 2958 2836 2857
24536 2936 2935 2837
24537 2837 3014 2936
24538 2965 2838 2839
24539 2884 2838 2888
24540 2890 2838 2884
24541 2965 2888 2838
24542 2965 2839 2964
24543 2964 2839 2970
24544 2995 2840 2963
24545 2954 2841 2858
24546 2841 2954 2955
24547 2843 2975 2844
24548 2843 2978 2975
24549 2974 2844 2975
24550 3008 2846 2845
24551 2873 2845 3006
24552 3008 2845 2873
24553 2846 2998 2984
24554 2848 2868 2847
24555 2857 2847 2868
24556 2990 2868 2848
24557 2880 2849 2941
24558 2981 2941 2849
24559 2853 2975 2852
24560 2978 2972 2852
24561 2852 2975 2978
24562 2973 2853 2854
24563 2973 2975 2853
24564 2855 2875 2896
24565 2857 2868 2866
24566 2857 2867 2958
24567 2858 2967 2954
24568 2966 2967 2858
24569 2859 2860 2861
24570 2861 2877 2859
24571 2874 2861 2860
24572 2860 2969 2874
24573 2861 2874 3006
24574 2951 2862 2863
24575 2862 2951 2953
24576 2952 2862 2953
24577 2863 2878 2879
24578 2863 2880 2878
24579 2951 2863 2879
24580 2865 2864 2994
24581 2867 2994 2864
24582 3004 2865 2994
24583 2994 2867 2993
24584 2869 2870 2871
24585 2869 3009 2870
24586 2989 2869 2871
24587 2869 2876 2872
24588 3009 2869 2872
24589 2876 2869 2989
24590 2989 2871 2991
24591 2872 2873 2874
24592 3007 2873 2872
24593 2872 2874 2969
24594 2872 2876 3007
24595 2872 2969 3009
24596 3006 2874 2873
24597 3008 2873 3007
24598 2896 2875 2897
24599 2875 2938 2897
24600 3007 2876 3008
24601 2879 2878 2949
24602 2880 2919 2878
24603 2878 2919 2956
24604 2949 2878 2956
24605 2945 2879 2950
24606 2945 2951 2879
24607 2949 2950 2879
24608 2919 2880 2920
24609 2920 2880 2941
24610 2994 2881 3004
24611 2883 2882 2910
24612 2882 2908 2910
24613 2908 2882 2948
24614 2883 2895 2887
24615 2883 2910 2895
24616 2884 2885 2886
24617 2884 2888 2885
24618 2938 2888 2965
24619 2984 2985 2889
24620 2948 2891 2926
24621 2927 2893 2892
24622 2921 2893 2922
24623 2992 2893 2921
24624 2927 2922 2893
24625 2894 2895 2917
24626 2894 2917 2937
24627 2910 2916 2895
24628 2917 2895 2916
24629 2896 2897 2898
24630 2935 2898 2897
24631 2897 2938 2935
24632 2935 2936 2898
24633 2900 2901 2902
24634 2900 2952 2901
24635 2902 2903 2900
24636 2900 2903 2904
24637 2900 2904 2923
24638 2952 2953 2901
24639 2903 2902 2911
24640 2924 2923 2904
24641 2907 2908 2909
24642 2907 2910 2908
24643 2909 2913 2907
24644 2916 2910 2907
24645 2912 2907 2913
24646 2912 2916 2907
24647 2909 2908 2925
24648 2908 2948 2925
24649 2909 2925 2929
24650 2917 2916 2912
24651 2912 2937 2917
24652 2918 2915 2914
24653 2918 2961 2915
24654 2961 2918 2959
24655 2959 2918 3012
24656 3005 3012 2918
24657 2919 2930 2992
24658 2956 2919 2986
24659 2986 2919 2992
24660 2992 2921 2986
24661 2922 2927 2932
24662 2925 2948 2926
24663 2928 2929 2925
24664 2931 2932 2927
24665 2928 2982 2929
24666 2996 2928 2971
24667 2928 2996 2982
24668 2959 3013 2934
24669 2939 2946 2950
24670 2944 2945 2946
24671 2944 2947 2945
24672 2946 2945 2950
24673 2947 2951 2945
24674 2947 2953 2951
24675 3005 2954 2967
24676 2959 2960 2961
24677 3012 3013 2959
24678 2962 2995 2963
24679 2962 2964 2970
24680 2966 2997 2967
24681 2981 2997 2966
24682 3013 2967 2997
24683 2967 3012 3005
24684 2967 3013 3012
24685 2971 2977 2996
24686 2977 2971 3003
24687 2972 2976 2977
24688 2972 3011 2976
24689 3003 2972 2977
24690 3011 2972 2978
24691 2973 2974 2975
24692 2976 2979 2977
24693 2979 2980 2977
24694 2980 2996 2977
24695 2988 2991 2983
24696 2998 2985 2984
24697 2987 2989 2988
24698 2989 2991 2988
2 7 2 315
20934 19 1477 278
20935 19 307 1477
20936 1481 20 285
20937 313 20 1481
20938 1420 312 21
20939 1420 21 331
20940 318 1431 22
20941 22 1431 319
20942 330 1480 23
20943 1480 342 23
20944 1477 279 278
20945 1462 280 279
20946 1470 1462 279
20947 1477 1470 279
20948 1463 281 280
20949 280 1462 1463
20950 1485 282 281
20951 281 1463 1485
20952 282 1483 283
20953 1485 1483 282
20954 283 1474 284
20955 1474 283 1483
20956 284 1481 285
20957 1474 1475 284
20958 1475 1481 284
20959 1471 307 308
20960 1477 307 1471
20961 309 1478 308
20962 1478 1471 308
20963 309 310 1440
20964 309 1440 1478
20965 311 1434 310
20966 1434 1435 310
20967 310 1435 1440
20968 311 312 1455
20969 1455 1434 311
20970 312 1420 1455
20971 313 1476 314
20972 313 1481 1476
20973 1466 315 314
20974 1476 1466 314
20975 316 315 1465
20976 1465 315 1466
20977 1452 317 316
20978 1448 1452 316
20979 316 1465 1448
20980 1452 318 317
20981 1431 318 1422
20982 1422 318 1452
20983 1431 320 319
20984 1429 321 320
20985 320 1430 1429
20986 1430 320 1431
20987 321 1429 322
20988 1459 323 322
20989 1429 1459 322
20990 323 1501 324
20991 323 1459 1501
20992 324 1496 325
20993 1496 324 1501
20994 1497 326 325
20995 1497 325 1496
20996 1486 327 326
20997 326 1497 1486
20998 1487 328 327
20999 1486 1487 327
21000 328 1482 329
21001 1489 1482 328
21002 1489 328 1487
21003 330 329 1482
21004 1482 1480 330
21005 332 1420 331
21006 1421 332 333
21007 332 1421 1420
21008 334 1469 333
21009 1469 1421 333
21010 335 1469 334
21011 336 1468 335
21012 1469 335 1468
21013 1432 336 337
21014 1468 336 1432
21015 338 1426 337
21016 1432 337 1426
21017 339 1426 338
21018 340 1436 339
21019 339 1436 1426
21020 341 1438 340
21021 340 1438 1436
21022 341 342 1479
21023 1438 341 1479
21024 342 1480 1479
21025 1455 1420 1421
21026 1455 1421 1460
21027 1460 1421 1467
21028 1421 1469 1467
21029 1422 1424 1423
21030 1422 1423 1430
21031 1452 1424 1422
21032 1430 1431 1422
21033 1423 1424 1425
21034 1425 1449 1423
21035 1449 1430 1423
21036 1444 1425 1424
21037 1448 1444 1424
21038 1452 1448 1424
21039 1445 1425 1444
21040 1445 1499 1425
21041 1425 1451 1449
21042 1499 1451 1425
21043 1426 1428 1427
21044 1427 1432 1426
21045 1428 1426 1436
21046 1427 1428 1454
21047 1432 1427 1468
21048 1427 1454 1467
21049 1468 1427 1467
21050 1428 1436 1437
21051 1428 1437 1453
21052 1454 1428 1453
21053 1429 1430 1459
21054 1459 1430 1449
21055 1433 1435 1434
21056 1433 1434 1456
21057 1442 1435 1433
21058 1433 1491 1442
21059 1456 1447 1433
21060 1433 1447 1491
21061 1455 1456 1434
21062 1435 1442 1440
21063 1436 1438 1437
21064 1438 1439 1437
21065 1437 1439 1458
21066 1453 1437 1458
21067 1438 1479 1439
21068 1458 1439 1464
21069 1439 1479 1464
21070 1440 1442 1441
21071 1478 1440 1441
21072 1441 1442 1443
21073 1461 1441 1443
21074 1441 1461 1471
21075 1471 1478 1441
21076 1490 1443 1442
21077 1442 1491 1490
21078 1443 1463 1461
21079 1463 1443 1485
21080 1485 1443 1500
21081 1443 1490 1500
21082 1444 1446 1445
21083 1444 1492 1446
21084 1448 1493 1444
21085 1493 1492 1444
21086 1445 1446 1447
21087 1445 1447 1498
21088 1498 1499 1445
21089 1491 1447 1446
21090 1491 1446 1492
21091 1447 1456 1498
21092 1465 1493 1448
21093 1449 1451 1450
21094 1450 1503 1449
21095 1449 1501 1459
21096 1495 1501 1449
21097 1503 1495 1449
21098 1450 1451 1453
21099 1450 1453 1457
21100 1450 1457 1502
21101 1503 1450 1502
21102 1453 1451 1454
21103 1499 1454 1451
21104 1457 1453 1458
21105 1460 1467 1454
21106 1499 1460 1454
21107 1498 1456 1455
21108 1455 1460 1498
21109 1488 1457 1458
21110 1457 1488 1502
21111 1464 1488 1458
21112 1460 1499 1498
21113 1461 1463 1462
21114 1462 1470 1461
21115 1461 1470 1471
21116 1479 1480 1464
21117 1480 1482 1464
21118 1482 1489 1464
21119 1489 1488 1464
21120 1465 1466 1472
21121 1472 1494 1465
21122 1465 1494 1493
21123 1472 1466 1473
21124 1473 1466 1476
21125 1467 1469 1468
21126 1471 1470 1477
21127 1484 1472 1473
21128 1484 1494 1472
21129 1474 1473 1475
21130 1474 1484 1473
21131 1476 1475 1473
21132 1483 1484 1474
21133 1475 1476 1481
21134 1484 1483 1485
21135 1485 1500 1484
21136 1484 1500 1494
21137 1486 1488 1487
21138 1486 1502 1488
21139 1497 1495 1486
21140 1502 1486 1495
21141 1489 1487 1488
21142 1490 1491 1492
21143 1490 1492 1500
21144 1492 1493 1494
21145 1492 1494 1500
21146 1495 1497 1496
21147 1495 1496 1501
21148 1495 1503 1502
23129 22 319 25
23130 2374 330 23
23131 2374 23 410
23132 410 24 411
23133 25 319 424
23134 319 320 424
23135 320 321 422
23136 423 320 422
23137 424 320 423
23138 2369 321 322
23139 321 2369 422
23140 2368 322 323
23141 2368 2369 322
23142 2367 323 324
23143 2367 2368 323
23144 325 2370 324
23145 419 2367 324
23146 419 324 2370
23147 2375 325 326
23148 2370 325 2375
23149 327 2366 326
23150 326 2366 2375
23151 328 2372 327
23152 327 2365 2366
23153 2365 327 2372
23154 329 2371 328
23155 328 2371 2372
23156 2373 329 330
23157 2371 329 2373
23158 2373 330 2374
23159 411 2374 410
23160 2374 411 412
23161 2373 412 413
23162 412 2373 2374
23163 414 2371 413
23164 413 2371 2373
23165 415 2372 414
23166 2371 414 2372
23167 416 2365 415
23168 415 2365 2372
23169 417 2366 416
23170 416 2366 2365
23171 2375 417 418
23172 2366 417 2375
23173 418 419 2370
23174 418 2370 2375
23175 2367 419 420
23176 2368 420 421
23177 2367 420 2368
23178 2369 421 422
23179 2368 421 2369
23995 21 462 331
23996 2726 23 342
23997 2726 410 23
23998 24 410 449
23999 26 461 331
24000 462 26 331
24001 331 461 332
24002 459 333 332
24003 460 459 332
24004 461 460 332
24005 2724 334 333
24006 333 459 2724
24007 2718 335 334
24008 2718 334 2724
24009 2717 336 335
24010 2717 335 2718
24011 2719 337 336
24012 2719 336 2717
24013 2722 338 337
24014 2722 337 2719
24015 2721 339 338
24016 2721 338 2722
24017 2720 340 339
24018 2720 339 2721
24019 2723 341 340
24020 2723 340 2720
24021 2725 342 341
24022 341 2723 2725
24023 2725 2726 342
24024 449 410 2726
24025 2726 450 449
24026 2725 451 450
24027 450 2726 2725
24028 2723 452 451
24029 2725 2723 451
24030 2720 453 452
24031 2723 2720 452
24032 2721 454 453
24033 453 2720 2721
24034 2722 455 454
24035 2721 2722 454
24036 2719 456 455
24037 2722 2719 455
24038 2717 457 456
24039 456 2719 2717
24040 2718 458 457
24041 2717 2718 457
24042 2724 459 458
24043 2718 2724 458
3 1 4 1357
1 3018 3022 787 3033
2 735 3019 635 3030
3 637 3031 769 3037
4 772 3022 3017 3026
5 760 3032 610 3037
6 733 546 544 755
7 545 544 546 755
8 642 3017 3022 3026
9 664 621 623 3033
10 736 661 635 3019
11 758 760 610 3037
12 663 3016 3022 3033
13 602 733 546 544
14 629 545 610 758
15 638 696 635 3030
16 723 787 3022 3033
17 635 735 736 3019
18 775 768 774 3038
19 788 3026 3017 3034
20 621 620 738 3019
21 638 3029 696 3030
22 640 3017 642 3026
23 493 499 804 566
24 753 608 760 3032
25 660 627 551 742
26 493 804 585 565
27 755 608 545 760
28 509 3028 811 3040
29 703 621 739 3028
30 627 3036 763 3044
31 629 544 545 755
32 621 661 620 3019
33 660 627 761 3044
34 723 3022 3016 3033
35 549 551 550 712
36 811 3028 509 3041
37 820 3017 772 3022
38 735 635 696 3030
39 768 758 637 3037
40 634 3029 638 3042
41 567 528 3029 3043
42 774 501 775 3038
43 565 493 804 566
44 665 3022 3018 3033
45 738 739 621 3019
46 637 758 610 3037
47 766 3035 761 3044
48 820 3018 3017 3022
49 3021 3028 719 3033
50 768 759 673 629
51 768 673 774 3038
52 545 629 755 758
53 768 759 774 673
54 637 768 673 629
55 768 637 673 3038
56 637 3031 619 3038
57 769 768 637 3037
58 620 738 622 621
59 488 622 702 3041
60 555 608 545 755
61 544 629 759 755
62 712 549 551 777
63 759 774 673 628
64 760 755 608 753
65 660 543 627 3044
66 629 637 768 758
67 555 545 546 755
68 667 635 3019 3030
69 759 733 544 755
70 489 697 634 3042
71 628 673 759 629
72 627 626 763 3036
73 634 696 3029 3042
74 642 3017 3018 3022
75 620 491 738 492
76 753 626 3032 3036
77 669 3028 3021 3033
78 716 3028 811 3041
79 739 719 3028 3033
80 761 3035 543 3044
81 777 660 551 742
82 634 489 492 696
83 636 661 635 736
84 626 611 627 763
85 660 761 543 3044
86 636 635 634 696
87 559 3028 509 3040
88 551 627 611 742
89 740 3021 719 3033
90 637 618 3031 3037
91 723 3016 3022 3023
92 568 567 527 3042
93 703 3028 813 3041
94 703 622 3028 3041
95 488 491 703 622
96 509 3028 559 3041
97 637 629 610 758
98 622 491 738 620
99 670 663 3016 3022
100 761 627 762 3044
101 742 627 611 763
102 787 3019 3018 3033
103 786 3019 787 3033
104 712 551 550 742
105 712 550 603 714
106 777 551 712 742
107 567 3029 527 3042
108 788 3017 3015 3034
109 528 798 3029 3043
110 567 3029 654 3043
111 755 629 759 758
112 627 660 761 742
113 804 585 747 493
114 804 749 565 564
115 753 763 626 3036
116 661 636 620 736
117 528 527 567 3029
118 627 763 762 3044
119 546 733 726 755
120 619 637 618 3031
121 555 608 755 753
122 508 811 509 3041
123 696 3029 737 3030
124 738 736 784 3019
125 811 3028 716 3040
126 549 660 551 777
127 638 634 635 696
128 673 501 774 3038
129 754 555 546 755
130 634 696 638 3029
131 679 753 626 3032
132 744 787 3018 3022
133 744 723 787 3022
134 679 754 562 741
135 602 546 733 726
136 620 636 492 736
137 629 768 759 758
138 626 611 763 741
139 738 703 622 621
140 652 496 806 495
141 702 622 703 3041
142 611 550 551 742
143 629 759 628 544
144 729 815 615 746
145 585 494 747 493
146 721 782 722 534
147 670 3022 3016 3023
148 611 550 742 714
149 520 761 766 3035
150 748 746 615 752
151 702 703 813 3041
152 608 753 679 3032
153 804 747 585 565
154 611 679 562 741
155 534 722 721 538
156 549 550 603 712
157 611 626 679 741
158 731 756 720 570
159 616 583 747 565
160 499 805 804 566
161 716 811 683 3041
162 729 731 730 601
163 721 782 534 571
164 742 550 712 714
165 769 758 768 3037
166 635 636 736 696
167 697 696 634 3042
168 753 679 626 741
169 663 3022 665 3033
170 491 738 703 622
171 749 616 565 564
172 746 815 615 752
173 520 543 761 3035
174 492 738 620 736
175 669 623 3028 3033
176 640 642 641 3026
177 488 558 622 3041
178 742 761 627 762
179 611 742 763 741
180 508 509 559 3041
181 597 732 603 596
182 814 3029 696 3042
183 627 632 3036 3044
184 786 787 725 3033
185 495 497 730 601
186 777 761 660 742
187 604 734 733 544
188 626 763 753 741
189 627 632 626 3036
190 3018 3019 665 3033
191 655 567 654 3043
192 635 736 735 696
193 726 754 546 755
194 654 3029 3025 3043
195 622 558 3028 3041
196 608 679 626 3032
197 679 608 555 753
198 529 533 660 777
199 784 736 735 3019
200 703 738 739 621
201 721 720 757 570
202 603 549 712 732
203 584 728 729 746
204 548 3034 3026 3044
205 742 611 714 741
206 540 652 806 601
207 761 660 533 777
208 627 742 762 763
209 772 3017 788 3026
210 677 670 663 3016
211 749 810 748 616
212 774 514 673 628
213 602 727 595 593
214 604 628 734 544
215 540 806 731 601
216 714 562 754 741
217 746 615 583 748
218 703 702 488 622
219 697 489 634 696
220 496 806 807 652
221 815 756 600 578
222 660 549 529 777
223 718 811 716 3040
224 749 804 805 564
225 679 754 555 562
226 673 514 774 501
227 615 584 729 746
228 731 729 600 601
229 720 721 722 538
230 602 727 733 544
231 721 757 778 571
232 550 562 603 714
233 755 754 555 753
234 683 811 508 3041
235 754 679 753 741
236 543 660 533 761
237 584 497 728 494
238 714 611 562 741
239 801 3031 769 3038
240 550 611 562 714
241 773 3026 788 3034
242 3025 3029 799 3043
243 495 806 652 601
244 808 806 731 540
245 543 533 520 761
246 720 721 538 570
247 730 728 729 584
248 583 585 747 565
249 600 756 731 570
250 571 721 757 570
251 563 555 546 754
252 619 3031 3027 3038
253 571 534 721 538
254 677 670 3016 3023
255 584 585 494 747
256 740 719 739 3033
257 540 731 720 570
258 601 730 729 584
259 727 595 593 743
260 604 733 727 544
261 615 576 748 752
262 729 815 600 615
263 603 549 732 597
264 735 696 737 3030
265 567 655 528 3043
266 785 3018 3019 3030
267 576 748 810 616
268 555 754 679 753
269 654 3025 647 3043
270 817 3020 507 3040
271 575 710 705 613
272 662 489 634 3042
273 725 787 723 3033
274 717 3028 3021 3040
275 642 3022 643 3026
276 722 808 720 538
277 738 784 739 3019
278 546 602 563 726
279 586 593 588 695
280 754 563 555 562
281 774 759 734 628
282 777 712 549 732
283 3016 3020 554 3031
284 730 731 806 601
285 739 719 703 3028
286 798 799 3029 3043
287 546 563 754 726
288 816 517 516 577
289 709 613 710 577
290 731 729 756 600
291 578 615 815 752
292 746 583 584 747
293 561 560 715 594
294 782 721 778 571
295 487 488 702 3041
296 507 3020 650 3040
297 549 529 732 530
298 720 756 757 570
299 602 604 727 544
300 652 806 807 539
301 729 815 756 600
302 616 749 810 653
303 792 3020 3016 3031
304 489 662 490 3042
305 602 563 726 592
306 723 3022 745 3023
307 584 615 583 746
308 747 746 583 748
309 538 808 720 540
310 744 3018 820 3022
311 576 575 802 752
312 494 728 584 747
313 710 705 613 709
314 3026 3034 773 3044
315 535 808 722 538
316 561 715 563 592
317 530 732 549 597
318 785 819 3018 3030
319 731 720 808 540
320 731 540 600 570
321 603 712 714 713
322 711 578 751 752
323 730 806 495 601
324 753 3032 765 3036
325 746 584 728 747
326 786 739 3019 3033
327 653 616 749 564
328 537 534 782 571
329 641 3026 548 3034
330 670 665 663 3022
331 553 554 678 3020
332 722 534 535 538
333 711 802 575 752
334 802 748 576 752
335 713 603 732 596
336 729 600 601 584
337 549 529 777 732
338 659 3015 3039 3043
339 816 709 710 577
340 511 515 588 743
341 697 814 696 3042
342 734 510 514 628
343 558 488 487 3041
344 3022 3024 643 3026
345 669 664 623 3033
346 700 687 701 580
347 615 576 583 748
348 570 756 757 572
349 500 671 3027 3038
350 715 563 562 561
351 559 605 3028 3040
352 571 757 778 573
353 584 583 585 747
354 548 658 541 3044
355 560 715 562 561
356 514 774 734 628
357 586 588 587 707
358 576 583 748 616
359 808 807 806 539
360 489 490 697 3042
361 816 810 517 577
362 616 810 576 653
363 538 721 571 570
364 655 654 647 3043
365 637 610 618 3037
366 809 749 518 564
367 3026 764 3036 3044
368 511 588 595 743
369 573 779 700 579
370 572 600 756 578
371 512 624 587 797
372 715 726 563 592
373 642 643 641 3026
374 805 499 504 566
375 598 536 689 599
376 734 510 628 604
377 575 710 711 705
378 596 590 688 589
379 788 3015 790 3034
380 794 779 700 573
381 3027 3031 801 3038
382 715 562 714 560
383 689 590 599 580
384 504 805 566 564
385 779 579 574 706
386 698 592 594 586
387 694 602 592 593
388 615 578 576 752
389 801 769 768 3038
390 644 3026 3024 3036
391 559 3028 556 3041
392 600 540 731 601
393 586 694 592 593
394 553 554 3020 3031
395 590 688 699 596
396 727 602 694 593
397 757 779 778 573
398 584 729 600 615
399 597 699 732 596
400 751 574 578 711
401 754 563 562 715
402 672 643 3022 3024
403 750 3024 3022 3026
404 796 526 3039 3043
405 753 765 763 3036
406 536 531 689 599
407 653 749 809 564
408 756 751 757 572
409 807 498 496 539
410 641 548 547 3034
411 764 3026 773 3044
412 603 712 713 732
413 779 757 751 572
414 700 704 580 579
415 763 3036 764 3044
416 575 802 710 577
417 592 698 694 586
418 578 815 751 752
419 652 807 496 539
420 507 657 3020 3027
421 590 687 688 589
422 750 3022 772 3026
423 699 530 536 597
424 618 3023 3031 3037
425 674 3018 665 3022
426 710 802 575 711
427 706 574 711 614
428 727 604 602 595
429 3020 3027 553 3031
430 614 575 705 613
431 560 589 688 594
432 779 794 778 573
433 602 733 727 726
434 597 536 699 598
435 796 3039 791 3043
436 575 578 711 752
437 3021 3028 605 3040
438 3022 3023 672 3024
439 803 507 817 3020
440 590 689 687 580
441 772 750 820 3022
442 785 3019 735 3030
443 658 3036 541 3044
444 639 619 3027 3038
445 714 754 562 715
446 667 635 661 3019
447 594 589 690 651
448 560 688 715 594
449 699 598 590 596
450 750 744 820 3022
451 532 701 531 581
452 571 778 782 617
453 657 650 507 3020
454 573 700 581 579
455 579 582 574 706
456 694 602 726 592
457 687 590 580 589
458 666 642 3017 3018
459 590 598 689 599
460 666 674 642 3018
461 581 700 701 580
462 688 596 589 560
463 589 580 687 591
464 662 634 638 3042
465 749 805 518 564
466 581 794 700 573
467 579 779 704 706
468 780 3027 3020 3031
469 3015 3025 789 3043
470 576 748 802 810
471 593 694 727 743
472 657 678 3020 3027
473 631 586 587 693
474 570 600 756 572
475 676 3015 648 3017
476 680 3021 3016 3033
477 803 507 3020 3027
478 624 613 705 709
479 733 727 734 604
480 743 515 588 695
481 709 625 613 577
482 701 689 599 580
483 540 720 538 570
484 642 3018 674 3022
485 706 692 582 614
486 757 779 573 572
487 575 578 574 711
488 31 738 491 492
489 781 3016 723 3023
490 589 687 690 591
491 782 778 794 617
492 659 3039 526 3043
493 810 710 802 577
494 646 3017 648 3025
495 699 597 598 596
496 538 535 808 539
497 791 3039 3015 3043
498 713 715 714 560
499 662 41 489 490
500 575 576 578 752
501 642 640 666 3017
502 574 779 751 572
503 772 788 773 3026
504 689 701 687 580
505 667 3019 3018 3030
506 649 648 3015 3025
507 617 778 794 573
508 805 504 518 564
509 3016 3021 724 3033
510 46 728 497 494
511 574 575 711 614
512 762 766 761 3044
513 810 802 576 577
514 711 751 574 706
515 620 39 491 492
516 582 579 704 706
517 809 518 653 564
518 606 3016 680 3021
519 575 710 613 577
520 631 691 651 586
521 596 713 603 560
522 615 815 600 578
523 648 3017 3015 3025
524 704 700 779 579
525 495 54 497 601
526 510 734 727 604
527 492 489 32 696
528 792 780 3020 3031
529 665 3018 668 3019
530 586 631 691 693
531 690 688 589 594
532 688 713 596 560
533 703 30 491 488
534 573 571 757 572
535 651 698 594 586
536 489 634 41 662
537 606 3020 3016 3021
538 644 3024 3032 3036
539 726 715 694 592
540 622 558 623 3028
541 515 512 587 707
542 743 593 694 695
543 570 757 571 572
544 618 3023 552 3031
545 3017 3025 646 3030
546 649 3015 659 3043
547 506 817 507 3040
548 625 709 816 577
549 40 634 489 492
550 577 810 517 653
551 649 3025 3015 3043
552 819 3017 3018 3030
553 579 573 779 574
554 667 638 635 3030
555 524 807 535 539
556 582 704 591 692
557 792 3016 781 3031
558 787 786 785 3019
559 810 816 710 577
560 604 510 66 511
561 612 3032 626 3036
562 723 3016 724 3033
563 707 512 587 797
564 553 3020 678 3027
565 651 691 698 586
566 689 687 688 590
567 705 711 575 614
568 659 3015 630 3039
569 554 3016 606 3020
570 503 500 671 3027
571 692 691 651 631
572 701 599 581 580
573 708 587 624 797
574 802 575 576 577
575 540 538 808 539
576 3016 3020 793 3021
577 554 680 606 3016
578 789 3015 3017 3025
579 631 705 692 708
580 497 730 47 495
581 705 706 711 614
582 664 665 3019 3033
583 693 631 692 708
584 519 675 543 3035
585 574 573 779 572
586 643 3024 644 3026
587 787 785 3018 3019
588 506 507 650 3040
589 692 706 705 614
590 719 3021 717 3028
591 678 554 606 3020
592 617 571 778 573
593 574 751 779 706
594 782 537 571 617
595 580 581 700 579
596 525 528 655 3043
597 645 672 3023 3024
598 614 692 582 631
599 625 816 516 577
600 530 699 732 597
601 529 549 99 530
602 807 524 498 539
603 609 610 3032 3037
604 686 685 486 3042
605 651 591 692 631
606 527 684 686 3042
607 698 694 715 592
608 500 639 671 3038
609 599 531 701 581
610 809 749 805 518
611 699 689 688 590
612 591 582 692 631
613 780 801 3027 3031
614 687 700 704 580
615 523 527 686 3042
616 672 3022 670 3023
617 647 3025 649 3043
618 591 690 589 651
619 809 810 749 653
620 97 543 660 533
621 644 658 3026 3036
622 646 3025 3029 3030
623 699 713 732 596
624 97 543 533 520
625 3024 3026 771 3036
626 537 782 794 617
627 698 715 688 594
628 677 3016 552 3023
629 689 699 536 598
630 816 709 625 516
631 638 3029 656 3042
632 619 553 3027 3031
633 38 491 488 622
634 809 518 517 653
635 580 704 687 591
636 39 620 636 492
637 579 704 580 582
638 532 794 701 581
639 645 3023 618 3037
640 639 637 619 3038
641 737 3029 3025 3030
642 682 487 702 3041
643 595 604 66 511
644 649 647 648 3025
645 786 725 739 3033
646 737 696 814 3029
647 3016 3023 781 3031
648 511 510 82 743
649 494 585 52 493
650 708 693 587 797
651 688 690 698 594
652 689 699 598 590
653 606 3021 605 3040
654 668 3018 667 3019
655 563 754 726 715
656 690 692 691 651
657 552 3023 3016 3031
658 807 808 535 539
659 793 3016 792 3020
660 692 690 591 651
661 705 631 624 708
662 788 772 820 3017
663 790 3034 3015 3039
664 499 804 44 493
665 690 691 698 651
666 534 121 722 535
667 515 587 588 707
668 769 3031 3023 3037
669 121 808 722 535
670 530 549 99 597
671 649 648 676 3015
672 793 724 3016 3021
673 582 704 692 706
674 525 795 798 3043
675 525 798 528 3043
676 536 530 100 597
677 634 40 636 492
678 705 614 613 624
679 486 523 686 3042
680 704 690 591 692
681 31 738 492 736
682 719 740 717 3021
683 690 688 687 589
684 493 585 52 565
685 740 724 3021 3033
686 693 624 631 708
687 516 517 71 577
688 605 3021 669 3028
689 713 688 715 560
690 773 788 790 3034
691 660 98 533 529
692 781 723 745 3023
693 626 612 608 3032
694 693 707 587 797
695 597 100 536 598
696 508 681 683 3041
697 706 582 574 614
698 3024 771 3032 3036
699 649 630 659 3015
700 728 730 47 497
701 685 697 490 3042
702 485 682 681 3041
703 631 587 624 693
704 104 534 537 571
705 606 3020 3021 3040
706 78 803 800 3027
707 630 3015 3034 3039
708 46 728 494 747
709 639 3027 671 3038
710 671 657 503 3027
711 785 735 819 3030
712 709 624 513 708
713 622 38 491 620
714 704 690 687 591
715 736 492 32 696
716 698 691 694 586
717 701 689 531 599
718 631 692 691 693
719 751 574 572 578
720 98 660 549 529
721 771 3024 750 3026
722 594 690 698 651
723 513 624 69 512
724 648 646 666 3017
725 535 122 807 524
726 738 703 30 491
727 762 763 764 3044
728 646 3029 638 3030
729 717 3021 793 3040
730 767 773 3034 3044
731 508 505 681 3041
732 820 819 3017 3018
733 614 705 631 624
734 607 559 509 3040
735 789 3025 799 3043
736 552 3016 554 3031
737 532 531 102 581
738 567 655 92 528
739 614 705 692 631
740 48 806 496 495
741 559 607 605 3040
742 608 609 610 3032
743 776 3035 3034 3039
744 547 630 3015 3034
745 517 810 809 653
746 662 42 490 3042
747 707 588 515 695
748 591 580 704 582
749 526 796 795 3043
750 577 576 810 653
751 789 3015 788 3017
752 515 588 67 511
753 644 3032 612 3036
754 812 798 799 3029
755 487 558 37 488
756 643 642 672 3022
757 688 713 699 596
758 552 618 645 3023
759 676 547 630 3015
760 658 632 541 3036
761 606 650 3020 3040
762 514 510 65 628
763 666 3017 646 3030
764 672 670 645 3023
765 658 643 644 3026
766 554 552 677 3016
767 486 685 490 3042
768 662 638 656 3042
769 680 669 3021 3033
770 680 3016 663 3033
771 723 781 724 3016
772 701 794 700 581
773 55 496 652 495
774 85 513 512 797
775 506 650 607 3040
776 500 3027 503 3038
777 727 602 726 694
778 531 689 117 536
779 639 619 553 3027
780 51 499 493 566
781 541 3036 632 3044
782 588 595 67 511
783 512 587 68 515
784 791 3015 789 3043
785 676 648 640 3017
786 724 792 793 3016
787 519 96 543 675
788 617 794 537 532
789 624 513 625 709
790 659 633 526 3039
791 705 624 709 708
792 519 543 520 3035
793 783 3023 3022 3024
794 601 54 497 584
795 522 675 519 3035
796 675 3035 522 3039
797 613 624 625 709
798 101 531 536 599
799 745 3022 783 3023
800 737 3025 818 3030
801 796 526 522 3039
802 78 507 803 3027
803 556 3028 558 3041
804 646 3025 654 3029
805 606 605 607 3040
806 769 781 3023 3031
807 513 85 708 797
808 790 788 789 3015
809 122 807 808 535
810 793 3020 817 3040
811 784 735 785 3019
812 662 569 42 3042
813 776 3034 790 3039
814 506 607 509 3040
815 83 515 511 743
816 557 508 559 3041
817 657 553 678 3027
818 598 101 536 599
819 659 526 93 3043
820 776 767 3034 3035
821 565 51 493 566
822 796 522 111 3039
823 667 3018 666 3030
824 568 567 91 527
825 790 3015 791 3039
826 793 3021 3020 3040
827 513 625 709 516
828 521 3035 776 3039
829 505 485 681 3041
830 502 3027 800 3038
831 581 617 794 573
832 665 668 664 3019
833 528 655 92 525
834 523 486 569 3042
835 488 558 37 622
836 659 93 655 3043
837 666 3018 3017 3030
838 485 487 682 3041
839 510 727 82 743
840 650 657 678 3020
841 697 32 489 696
842 78 800 503 3027
843 627 541 632 3044
844 628 510 65 604
845 805 804 44 499
846 780 803 3020 3027
847 663 680 677 3016
848 542 3035 3034 3044
849 532 617 794 581
850 537 794 119 532
851 556 623 558 3028
852 30 703 702 488
853 527 569 568 3042
854 531 118 701 532
855 819 818 3017 3030
856 813 703 719 3028
857 725 740 739 3033
858 813 3028 716 3041
859 645 3024 3023 3037
860 732 529 115 530
861 767 764 773 3044
862 693 587 624 708
863 556 557 559 3041
864 533 114 761 777
865 114 533 529 777
866 789 3017 818 3025
867 723 744 745 3022
868 767 790 776 3034
869 682 702 813 3041
870 517 518 72 653
871 522 521 111 3039
872 548 541 3034 3044
873 820 744 787 3018
874 78 503 507 3027
875 783 769 3023 3037
876 599 102 531 581
877 633 675 522 3039
878 521 776 111 3039
879 556 559 605 3028
880 502 503 800 3027
881 783 3022 750 3024
882 681 485 28 682
883 527 523 569 3042
884 717 793 718 3040
885 36 487 485 3041
886 520 533 113 761
887 630 3034 542 3039
888 577 517 71 653
889 782 794 119 537
890 527 567 91 528
891 567 656 654 3029
892 650 678 606 3020
893 644 612 658 3036
894 34 486 686 685
895 644 3024 609 3032
896 609 3032 3024 3037
897 745 750 783 3022
898 507 503 657 3027
899 796 791 795 3043
900 770 3024 771 3032
901 64 514 673 501
902 799 3025 737 3029
903 571 104 534 538
904 780 769 801 3031
905 109 525 795 798
906 542 3035 675 3039
907 609 3024 645 3037
908 725 723 724 3033
909 116 699 530 536
910 507 650 60 506
911 642 674 665 3022
912 793 740 724 3021
913 718 817 76 3040
914 709 86 513 516
915 659 633 94 526
916 761 113 520 766
917 653 518 72 564
918 806 48 730 495
919 587 588 68 515
920 623 605 669 3028
921 3034 3035 767 3044
922 739 784 786 3019
923 666 667 668 3018
924 3034 3035 542 3039
925 624 587 69 512
926 795 799 798 3043
927 792 781 780 3031
928 607 60 650 506
929 74 508 681 683
930 777 529 115 732
931 664 661 621 3019
932 771 3026 764 3036
933 818 3025 3017 3030
934 796 111 776 3039
935 542 548 541 3034
936 674 668 665 3018
937 792 780 803 3020
938 633 659 630 3039
939 83 515 743 695
940 526 795 525 3043
941 791 789 799 3043
942 673 514 64 628
943 520 96 543 519
944 686 527 107 684
945 506 509 76 3040
946 647 654 646 3025
947 36 558 487 3041
948 647 646 648 3025
949 542 543 3035 3044
950 633 542 675 3039
951 542 3034 541 3044
952 495 652 55 601
953 618 552 619 3031
954 783 3023 3024 3037
955 59 607 509 506
956 667 646 638 3030
957 639 673 637 3038
958 803 507 77 817
959 93 525 655 3043
960 525 93 526 3043
961 548 641 658 3026
962 657 650 60 507
963 36 485 557 3041
964 76 817 506 3040
965 787 785 819 3018
966 676 630 649 3015
967 3024 3032 770 3037
968 521 522 3035 3039
969 813 716 683 3041
970 672 644 643 3024
971 500 503 502 3038
972 727 82 734 510
973 526 633 522 3039
974 503 3027 502 3038
975 770 760 758 3037
976 724 740 725 3033
977 559 58 509 508
978 485 505 557 3041
979 770 3032 760 3037
980 684 685 686 3042
981 525 109 528 798
982 86 709 816 516
983 783 769 781 3023
984 502 800 801 3038
985 487 28 485 682
986 84 512 515 707
987 776 521 112 3035
988 803 817 793 3020
989 657 61 671 503
990 607 559 59 509
991 812 3029 814 3042
992 84 512 707 797
993 554 677 680 3016
994 820 819 818 3017
995 508 75 509 811
996 486 34 490 685
997 75 508 683 811
998 118 794 701 532
999 664 663 665 3033
1000 527 107 523 686
1001 681 682 683 3041
1002 649 659 655 3043
1003 764 771 773 3026
1004 505 74 508 681
1005 818 737 799 3025
1006 63 639 500 3038
1007 677 552 670 3023
1008 521 522 519 3035
1009 534 782 120 537
1010 655 647 649 3043
1011 87 816 810 517
1012 799 737 812 3029
1013 666 668 674 3018
1014 638 646 654 3029
1015 526 522 111 796
1016 535 534 105 538
1017 702 487 29 488
1018 765 3032 771 3036
1019 814 697 685 3042
1020 716 719 717 3028
1021 724 781 792 3016
1022 609 645 618 3037
1023 510 81 734 514
1024 513 85 709 708
1025 609 644 645 3024
1026 671 553 657 3027
1027 771 750 772 3026
1028 722 782 120 534
1029 490 33 489 697
1030 498 524 56 539
1031 606 607 650 3040
1032 524 56 8 498
1033 680 663 669 3033
1034 648 666 640 3017
1035 673 63 501 3038
1036 87 816 517 516
1037 800 3027 801 3038
1038 689 117 701 531
1039 552 554 553 3031
1040 799 795 791 3043
1041 671 639 553 3027
1042 771 783 750 3024
1043 673 639 63 3038
1044 633 522 94 526
1045 630 542 633 3039
1046 542 541 543 3044
1047 785 786 784 3019
1048 699 732 116 530
1049 506 77 507 817
1050 644 609 612 3032
1051 767 3035 766 3044
1052 547 542 630 3034
1053 606 680 669 3021
1054 796 110 526 795
1055 541 627 543 3044
1056 501 63 500 3038
1057 735 737 818 3030
1058 776 790 791 3039
1059 776 112 766 3035
1060 36 557 558 3041
1061 505 508 557 3041
1062 58 559 557 508
1063 790 767 773 3034
1064 789 788 818 3017
1065 62 671 500 639
1066 606 669 605 3021
1067 642 665 670 3022
1068 819 735 818 3030
1069 820 787 819 3018
1070 682 487 29 702
1071 791 790 789 3015
1072 645 670 552 3023
1073 520 521 519 3035
1074 793 817 718 3040
1075 38 39 491 620
1076 642 670 672 3022
1077 33 490 685 697
1078 634 41 40 489
1079 796 776 791 3039
1080 717 740 793 3021
1081 769 780 781 3031
1082 609 618 610 3037
1083 783 771 770 3024
1084 675 522 95 633
1085 716 813 719 3028
1086 774 734 81 514
1087 42 41 662 490
1088 744 750 745 3022
1089 810 809 87 517
1090 783 3024 770 3037
1091 801 79 502 3038
1092 515 83 707 695
1093 632 612 626 3036
1094 505 557 1 485
1095 40 39 636 492
1096 812 737 814 3029
1097 789 818 799 3025
1098 765 770 771 3032
1099 668 667 661 3019
1100 503 800 78 502
1101 6 805 499 504
1102 655 93 92 525
1103 699 117 689 536
1104 619 552 553 3031
1105 801 768 775 3038
1106 488 37 38 622
1107 801 775 79 3038
1108 69 624 513 625
1109 775 501 79 3038
1110 61 657 507 503
1111 800 780 801 3027
1112 1 57 557 505
1113 738 30 31 491
1114 788 820 818 3017
1115 79 800 801 502
1116 519 522 95 675
1117 792 803 793 3020
1118 608 612 609 3032
1119 492 32 31 736
1120 643 658 641 3026
1121 645 644 672 3024
1122 662 656 568 3042
1123 99 98 549 529
1124 36 1 557 485
1125 543 97 96 520
1126 510 66 65 604
1127 607 59 60 506
1128 776 766 767 3035
1129 542 543 675 3035
1130 780 800 803 3027
1131 516 71 625 577
1132 493 52 51 565
1133 571 537 104 617
1134 542 547 548 3034
1135 632 658 612 3036
1136 532 102 617 581
1137 500 671 62 503
1138 502 79 501 3038
1139 110 525 526 795
1140 812 814 684 3042
1141 558 37 36 487
1142 538 105 535 539
1143 813 683 682 3041
1144 91 569 568 527
1145 763 765 764 3036
1146 753 760 765 3032
1147 486 569 4 523
1148 48 47 730 495
1149 783 770 769 3037
1150 659 94 93 526
1151 113 112 520 766
1152 657 60 61 507
1153 667 666 646 3030
1154 494 45 46 747
1155 758 769 770 3037
1156 569 4 42 486
1157 662 568 569 3042
1158 805 44 6 499
1159 514 65 64 628
1160 91 569 527 90
1161 524 7 807 498
1162 88 809 518 517
1163 523 35 486 686
1164 27 505 485 681
1165 807 48 806 496
1166 673 63 64 501
1167 805 6 89 504
1168 772 773 771 3026
1169 121 122 808 535
1170 524 8 56 539
1171 100 101 536 598
1172 663 664 669 3033
1173 595 66 67 511
1174 524 106 8 539
1175 765 771 764 3036
1176 530 99 100 597
1177 114 113 533 761
1178 781 745 783 3023
1179 807 49 48 496
1180 654 656 638 3029
1181 49 807 498 496
1182 661 664 668 3019
1183 507 77 78 803
1184 504 499 5 566
1185 728 47 46 497
1186 50 7 524 498
1187 794 118 119 532
1188 732 115 116 530
1189 625 513 70 516
1190 762 764 767 3044
1191 499 5 43 504
1192 617 537 103 532
1193 699 116 117 536
1194 115 114 529 777
1195 103 102 617 532
1196 486 4 35 523
1197 685 684 814 3042
1198 54 53 497 584
1199 807 122 7 524
1200 567 92 91 528
1201 522 94 95 633
1202 55 54 495 601
1203 605 623 556 3028
1204 508 557 57 505
1205 559 58 59 509
1206 98 97 660 533
1207 513 85 86 709
1208 83 84 515 707
1209 762 767 766 3044
1210 72 71 517 653
1211 500 63 62 639
1212 73 72 518 564
1213 504 5 73 566
1214 108 107 527 684
1215 508 74 75 683
1216 760 770 765 3032
1217 523 569 90 527
1218 513 70 69 625
1219 68 69 587 512
1220 588 67 68 515
1221 51 5 499 566
1222 35 3 486 686
1223 569 90 4 523
1224 3 35 523 686
1225 485 2 27 681
1226 505 27 2 681
1227 504 89 805 518
1228 701 117 118 531
1229 43 6 499 504
1230 804 45 44 493
1231 524 535 106 539
1232 557 57 58 508
1233 52 53 585 494
1234 101 102 531 599
1235 7 49 807 498
1236 82 81 734 510
1237 496 56 55 652
1238 75 76 509 811
1239 505 1 27 485
1240 88 809 805 518
1241 29 28 487 682
1242 500 502 501 3038
1243 112 111 521 776
1244 556 558 557 3041
1245 702 29 30 488
1246 81 80 774 514
1247 490 34 33 685
1248 76 77 506 817
1249 33 32 489 697
1250 80 79 775 501
1251 511 82 83 743
1252 103 104 537 617
1253 523 107 3 686
1254 524 8 50 498
1255 528 109 108 798
1256 104 105 534 538
1257 105 106 535 539
1258 120 121 722 534
1259 89 88 805 518
1260 111 110 526 796
1261 505 2 74 681
1262 70 71 625 516
1263 525 110 109 795
1264 782 119 120 537
1265 28 2 485 681
1266 486 3 34 686
1267 809 88 87 517
1268 512 84 85 797
1269 87 86 816 516
1270 671 61 62 503
1271 95 96 519 675
1272 79 78 800 502
1273 608 760 610 545
1274 610 760 608 3032
1275 3033 621 3019 664
1276 3033 3019 621 739
1277 3019 620 736 661
1278 3019 736 620 738
1279 3028 621 3033 623
1280 3028 3033 621 739
1281 3042 567 656 568
1282 3042 656 567 3029
1283 758 545 760 755
1284 758 760 545 610
1285 621 3028 622 623
1286 622 3028 621 703
1287 544 734 759 628
1288 544 759 734 733
1289 749 565 747 804
1290 747 565 749 616
1291 3017 640 3034 3026
1292 641 640 3034 547
1293 641 3034 640 3026
1294 747 493 45 804
1295 45 493 747 494
1296 578 756 751 815
1297 578 751 756 572
1298 564 804 566 565
1299 564 566 804 805
1300 636 696 492 736
1301 492 696 636 634
1302 3038 769 637 3031
1303 3038 637 769 768
1304 616 747 748 749
1305 616 748 747 583
1306 539 806 540 652
1307 539 540 806 808
1308 3042 812 527 684
1309 3042 527 812 3029
1310 527 528 812 3029
1311 528 798 812 3029
1312 716 3040 717 718
1313 717 3040 716 3028
1314 3044 658 3026 548
1315 3044 3026 658 3036
1316 564 504 73 566
1317 564 73 504 518
1318 496 539 56 652
1319 56 539 496 498
1320 797 624 513 512
1321 797 513 624 708
1322 584 494 53 497
1323 53 494 584 585
1324 586 707 695 588
1325 695 707 586 691
1326 586 695 694 593
1327 694 695 586 691
1328 714 560 603 713
1329 603 560 714 562
1330 730 584 497 728
1331 497 584 730 601
1332 743 595 604 727
1333 604 595 743 511
1334 604 510 743 727
1335 743 510 604 511
1336 586 693 707 587
1337 707 693 586 691
1338 588 743 593 595
1339 588 593 743 695
1340 594 715 592 698
1341 594 592 715 561
1342 501 774 80 514
1343 501 80 774 775
1344 3040 811 76 718
1345 3040 76 811 509
1346 3042 42 486 569
1347 3042 486 42 490
1348 3035 112 520 521
1349 3035 520 112 766
1350 676 640 3015 3017
1351 676 3015 640 547
1352 3034 3015 640 3017
1353 3034 640 3015 547
1354 527 108 798 528
1355 798 108 527 684
1356 798 812 527 528
1357 527 812 798 684
3 2 4 2603
1358 1105 1103 1104 3061
1359 912 842 1201 3073
1360 912 1201 1128 3073
1361 1083 1104 1075 3046
1362 988 1027 997 3052
1363 701 1124 944 1232
1364 930 1248 931 3061
1365 222 1263 1283 3072
1366 1132 1129 1128 3056
1367 1021 943 1243 3091
1368 1027 998 997 3066
1369 705 709 710 3050
1370 988 1258 1028 3078
1371 1047 1195 1028 3078
1372 1124 701 1123 1232
1373 700 704 779 3065
1374 938 1210 1053 3085
1375 1283 1263 246 3072
1376 273 1307 1290 3064
1377 1036 1037 1035 3084
1378 1172 1244 1248 797
1379 1250 1253 222 3078
1380 853 1158 1150 3080
1381 1312 258 1302 3054
1382 222 1037 1250 3078
1383 1155 1154 1153 3080
1384 1075 1104 1103 3061
1385 1075 1074 1083 3046
1386 898 938 1163 3070
1387 1311 1310 211 3054
1388 1123 1070 1071 3053
1389 1000 950 1236 3063
1390 689 944 1124 946
1391 821 253 1267 1268
1392 898 1210 938 3070
1393 1070 1224 1058 3053
1394 779 706 751 3075
1395 710 711 705 3052
1396 938 1053 934 3085
1397 1000 1001 700 906
1398 905 1240 700 1241
1399 950 1000 1002 701
1400 86 709 85 3046
1401 1326 260 261 3048
1402 1128 1129 196 3056
1403 1028 1195 1193 3079
1404 692 693 708 3091
1405 1058 1224 1068 3053
1406 973 1209 1216 3084
1407 906 1012 700 1240
1408 700 1001 1012 906
1409 853 1154 1158 3080
1410 1128 196 197 3073
1411 1057 1068 1067 3053
1412 927 930 931 3061
1413 1185 195 1129 3056
1414 851 215 214 3046
1415 826 1039 1042 3089
1416 1042 1218 893 3091
1417 708 797 85 3061
1418 831 832 830 3083
1419 895 891 841 3070
1420 1037 1040 1035 3084
1421 983 1217 1209 3084
1422 1028 1258 1047 3078
1423 892 999 1226 3045
1424 1300 261 260 3048
1425 905 1254 1241 3071
1426 906 700 1000 907
1427 1076 1173 833 3061
1428 1241 1254 1204 3071
1429 223 1274 222 3072
1430 1185 1176 195 3064
1431 999 892 891 3045
1432 913 842 912 3073
1433 1035 1049 1036 3084
1434 263 1297 264 3074
1435 1124 117 1070 1123
1436 1272 240 1281 3059
1437 829 856 857 3094
1438 852 215 851 3083
1439 1033 1015 1023 706
1440 988 997 1237 3052
1441 914 199 200 3074
1442 1185 1144 1176 3064
1443 1326 259 260 3048
1444 1212 914 200 3074
1445 1312 1302 208 3092
1446 228 227 861 3058
1447 1132 1128 1201 3045
1448 1058 1071 1070 3053
1449 857 1071 1183 3053
1450 1076 1074 1075 3061
1451 829 857 1183 3053
1452 1280 1276 225 3059
1453 1165 1167 1105 797
1454 220 1270 219 3082
1455 861 860 228 3058
1456 831 833 1173 3068
1457 1216 1209 1048 3050
1458 274 1318 273 3051
1459 700 906 1240 905
1460 1142 1144 1143 3064
1461 938 933 1163 3047
1462 942 1019 850 3068
1463 1209 1019 1048 3079
1464 751 711 752 3062
1465 1039 1198 1042 705
1466 840 841 842 3070
1467 1198 1026 1193 3079
1468 1324 242 241 3059
1469 1132 1201 1227 3045
1470 227 228 1272 3058
1471 1274 1263 222 3072
1472 1329 247 246 3049
1473 943 931 1243 708
1474 1100 1127 1087 3093
1475 700 906 905 907
1476 1037 222 1040 3049
1477 216 217 1264 3082
1478 860 869 229 3080
1479 1345 235 234 752
1480 705 708 709 3050
1481 1303 1300 260 3048
1482 1057 1064 955 3053
1483 987 988 1237 3052
1484 255 1310 1311 3054
1485 1278 1273 229 3058
1486 207 1312 208 3092
1487 1039 844 998 3089
1488 1026 705 998 1027
1489 868 869 870 3076
1490 1057 1067 1064 3053
1491 1198 1218 1042 3079
1492 1083 1084 1085 3046
1493 1028 705 1026 1027
1494 891 892 841 3045
1495 1260 214 215 3055
1496 1272 1281 227 3059
1497 233 1310 254 3069
1498 905 907 962 3071
1499 257 1302 258 3054
1500 1290 192 191 3064
1501 1053 1210 202 3085
1502 1128 197 912 3073
1503 1209 973 983 3084
1504 1272 239 240 3059
1505 1201 842 841 3045
1506 247 1271 1283 3049
1507 1033 1246 1230 3075
1508 214 1260 1267 3055
1509 199 914 913 3073
1510 273 1290 274 3051
1511 1129 195 196 3056
1512 1243 931 1244 693
1513 1227 1201 892 3045
1514 272 1307 273 3064
1515 841 840 895 3070
1516 1042 893 826 692
1517 1283 246 247 3049
1518 206 207 980 3086
1519 210 211 1100 3054
1520 824 894 1029 3089
1521 933 932 1164 3086
1522 868 1130 1131 3076
1523 902 226 225 3059
1524 1272 228 1273 3058
1525 221 1040 222 3049
1526 240 241 1281 3059
1527 264 1350 1332 3074
1528 1087 835 1100 3092
1529 1236 950 858 3063
1530 705 998 1039 1026
1531 991 1142 1143 3064
1532 1324 241 240 3059
1533 1271 248 1270 3049
1534 987 1237 1146 3088
1535 1271 1270 220 3049
1536 1303 1312 207 3048
1537 1283 1271 221 3049
1538 1039 1198 705 1026
1539 235 1282 1277 3069
1540 1303 206 1300 3048
1541 892 1201 841 3045
1542 840 842 914 3070
1543 1219 942 943 708
1544 821 1267 213 1268
1545 955 1064 954 3081
1546 229 228 860 3058
1547 1230 1081 1245 3090
1548 1216 1050 973 3084
1549 1293 197 196 3073
1550 757 779 751 3047
1551 746 18 234 1356
1552 1208 1204 1254 3071
1553 1275 224 1276 3072
1554 1164 1163 933 3090
1555 211 210 1311 3054
1556 224 225 1276 3067
1557 1195 1255 1256 3050
1558 1303 207 206 3048
1559 1329 248 247 3049
1560 950 944 701 945
1561 1264 1261 216 3055
1562 1280 242 1276 3059
1563 1209 1145 1019 3068
1564 858 857 856 701
1565 1309 1308 195 3056
1566 221 1271 220 3049
1567 898 1163 896 3070
1568 1261 215 216 3055
1569 1012 1238 877 704
1570 1326 261 262 757
1571 954 1064 189 3051
1572 852 216 215 3083
1573 234 233 18 3069
1574 1293 196 1308 3056
1575 898 1211 1210 3070
1576 1161 1170 1169 3093
1577 1344 1346 728 1336
1578 851 830 852 3083
1579 886 1168 1174 3057
1580 241 1280 1281 3059
1581 1124 1197 117 946
1582 1049 1046 1036 3050
1583 944 859 701 1232
1584 1350 265 266 3074
1585 1123 701 859 1232
1586 931 943 927 708
1587 17 1310 233 3069
1588 1033 1031 1015 706
1589 1058 1068 1057 3053
1590 1176 194 195 3064
1591 1267 1260 1259 3055
1592 1183 878 829 3053
1593 1074 1086 1083 3046
1594 1034 1035 1040 3084
1595 230 229 869 3076
1596 1172 1215 1244 693
1597 1248 930 1134 3061
1598 815 254 255 1310
1599 1329 246 245 3072
1600 261 1299 262 3085
1601 248 1271 247 3049
1602 228 229 1273 3058
1603 191 192 911 3064
1604 1029 888 704 3089
1605 221 222 1283 3049
1606 1217 983 1140 3083
1607 1210 1211 201 3074
1608 850 845 927 3068
1609 1086 1074 833 3046
1610 997 998 996 3066
1611 1040 220 1034 3084
1612 194 1306 1309 3064
1613 213 1088 214 3046
1614 1307 272 1306 3064
1615 1185 1132 951 3077
1616 1301 1302 257 3054
1617 1308 196 195 3056
1618 1206 1081 1230 3065
1619 907 1000 1236 3063
1620 756 757 751 3048
1621 1305 200 199 3074
1622 223 1253 994 3067
1623 1350 264 265 3074
1624 218 217 964 3082
1625 1215 1159 1112 707
1626 1249 1219 1020 3091
1627 1267 1259 253 3055
1628 212 821 1084 1088
1629 1345 236 235 752
1630 1130 1125 1127 3062
1631 1221 1220 1155 3060
1632 1211 1212 201 3074
1633 1290 1307 192 3064
1634 1324 242 3059 3072
1635 1277 234 235 3069
1636 1278 238 1273 3058
1637 850 1019 1145 3068
1638 1127 1100 1101 3069
1639 701 859 857 1123
1640 1280 225 226 3059
1641 847 1173 1135 3068
1642 1185 951 1144 3077
1643 999 1207 1226 3071
1644 1238 1239 1014 3065
1645 205 1299 1300 3086
1646 274 275 1318 3051
1647 1127 1101 1130 3069
1648 258 1312 259 3048
1649 270 1308 1309 3056
1650 1243 1022 1021 3091
1651 1142 1176 1144 3064
1652 1243 1233 1022 3091
1653 1084 1083 1086 3046
1654 879 1183 1071 3053
1655 868 870 1130 3062
1656 864 1147 1148 3088
1657 1306 272 271 3064
1658 1261 1260 215 3055
1659 821 212 213 1088
1660 268 782 267 3073
1661 214 1088 851 3046
1662 896 1080 1257 3090
1663 263 264 1332 3074
1664 1248 797 931 3061
1665 1324 1325 242 3072
1666 201 202 1210 3074
1667 1277 1282 232 3069
1668 903 902 225 3067
1669 1240 1241 1247 3065
1670 209 1302 1301 3054
1671 259 1312 1303 3048
1672 1131 232 231 3076
1673 991 992 1142 3064
1674 236 752 237 3076
1675 1020 1219 1021 3091
1676 1190 963 979 3094
1677 229 230 1278 3076
1678 1281 226 227 3059
1679 1303 260 259 3048
1680 981 1207 999 3071
1681 1183 879 878 3053
1682 1158 1154 1155 3060
1683 1280 241 242 3059
1684 1134 1103 1167 3061
1685 994 1253 1250 3078
1686 1272 1273 239 3058
1687 222 1253 223 3072
1688 1048 1256 1255 3050
1689 1248 1202 1172 797
1690 1301 1311 210 3054
1691 1328 18 254 815
1692 710 709 816 3049
1693 1149 1148 1147 3088
1694 859 950 944 701
1695 1187 867 1189 3057
1696 1149 1237 1229 3066
1697 1292 1285 1284 822
1698 1328 254 255 815
1699 930 927 928 3061
1700 942 927 943 708
1701 933 934 932 3086
1702 1203 1081 1206 3087
1703 1216 1048 1050 3050
1704 1277 233 234 3069
1705 1148 1152 1153 3066
1706 208 1302 209 3092
1707 704 1029 1015 888
1708 1194 1220 1221 3060
1709 1293 1308 269 3056
1710 974 1086 833 3046
1711 815 18 234 746
1712 997 1229 1237 3066
1713 886 966 1118 3092
1714 1282 231 232 3076
1715 222 1253 3072 3078
1716 1016 1256 1048 3079
1717 908 954 190 3051
1718 1130 1101 1131 3069
1719 913 912 198 3073
1720 1295 197 1293 3073
1721 1195 1256 1016 3079
1722 1332 1326 262 757
1723 867 887 1174 3057
1724 189 1285 1292 822
1725 1281 1280 226 3059
1726 859 857 858 701
1727 1294 1295 1293 3073
1728 1350 267 268 782
1729 1076 1075 1133 3061
1730 219 1270 1269 3082
1731 879 1071 1058 3053
1732 980 969 885 3057
1733 756 258 257 1327
1734 1289 1297 263 3085
1735 1251 914 1212 3070
1736 1017 942 1219 3079
1737 1132 1227 951 3077
1738 1266 1264 1265 3082
1739 928 927 845 3061
1740 191 911 908 3081
1741 1046 1049 1050 3050
1742 237 236 1338 752
1743 1189 1164 932 3086
1744 974 851 1088 3046
1745 1231 1226 1207 3071
1746 687 1001 1000 1002
1747 1277 17 233 3069
1748 757 261 262 3085
1749 862 860 861 3080
1750 689 1002 950 945
1751 1332 1326 757 1352
1752 1247 1012 1240 3065
1753 274 1290 1291 3051
1754 868 230 869 3076
1755 1075 1103 1133 3061
1756 240 239 1324 802
1757 1259 1260 1261 3055
1758 1135 1173 1076 3061
1759 271 270 1309 3056
1760 234 752 235 3069
1761 1202 1134 1167 797
1762 1038 1037 1036 3078
1763 253 1259 252 3055
1764 955 880 1057 3053
1765 1003 1094 1024 687
1766 234 1345 746 1356
1767 953 1143 1144 3077
1768 256 1328 756 1327
1769 1231 961 963 3071
1770 847 831 1173 3068
1771 870 1125 1130 3062
1772 211 1310 17 3069
1773 249 1270 248 3082
1774 1251 840 914 3070
1775 1058 1057 879 3053
1776 689 1197 1098 946
1777 1153 1152 1155 3066
1778 997 3052 1027 3066
1779 1014 1239 1023 3065
1780 822 189 188 1064
1781 701 944 1124 689
1782 1300 206 205 3086
1783 1248 1134 1202 797
1784 1001 1012 877 687
1785 1220 1158 1155 3060
1786 706 692 705 3089
1787 1070 118 176 1224
1788 905 1052 1254 3071
1789 728 1346 1344 746
1790 1328 18 815 1356
1791 876 877 690 1010
1792 249 248 816 3082
1793 904 1257 1252 3070
1794 962 963 961 3071
1795 1153 1154 855 3080
1796 1208 1207 981 3071
1797 1278 237 238 3076
1798 1161 1194 1170 3060
1799 210 835 209 3092
1800 751 706 3060 3075
1801 952 1227 1226 3077
1802 898 897 1211 3070
1803 856 1225 858 3063
1804 1244 1233 1243 693
1805 249 248 1329 816
1806 898 896 897 3070
1807 1002 1000 687 701
1808 1263 1274 1262 3072
1809 875 876 877 704
1810 775 1111 1191 1110
1811 1305 265 1304 3074
1812 1044 1122 737 1043
1813 1275 223 224 3072
1814 762 1090 1004 1102
1815 826 823 1039 3089
1816 1258 988 986 3078
1817 203 934 1053 3085
1818 756 259 258 1327
1819 1350 266 267 3073
1820 1230 1245 1222 3075
1821 1347 1352 1351 721
1822 895 904 1252 3070
1823 1230 1246 1206 3065
1824 1204 1203 1206 3087
1825 1171 1165 707 1202
1826 1265 1264 217 3082
1827 889 1115 792 1116
1828 878 880 827 3081
1829 746 1344 1354 1356
1830 794 119 118 3051
1831 1148 1153 864 3080
1832 190 191 908 3051
1833 1163 1162 896 3090
1834 874 830 832 3083
1835 859 858 950 701
1836 1038 1036 1046 3078
1837 1084 1086 1088 3046
1838 1301 210 209 3054
1839 912 197 198 3073
1840 1338 236 1345 752
1841 1145 1209 1217 3068
1842 868 1131 231 3076
1843 1289 1287 1297 3085
1844 911 929 992 3064
1845 980 885 1188 3086
1846 1050 1255 1046 3050
1847 1019 942 1017 3079
1848 1050 1048 1255 3050
1849 1152 1148 1149 3066
1850 689 1124 117 946
1851 1187 887 867 3057
1852 1042 3079 1218 3091
1853 884 813 882 837
1854 880 878 879 3053
1855 217 216 873 3083
1856 854 870 869 3080
1857 1158 1161 1151 3093
1858 200 201 1212 3074
1859 878 827 829 3094
1860 1334 728 1346 1336
1861 962 907 1235 3063
1862 856 1234 1225 3063
1863 1259 1261 252 3055
1864 886 1174 887 3057
1865 936 1063 769 935
1866 1015 1014 1023 704
1867 1117 1127 1125 3093
1868 1052 905 962 3071
1869 1212 1211 1251 3070
1870 257 258 756 3054
1871 867 866 1189 3090
1872 1329 3049 246 3072
1873 1287 1296 1297 3074
1874 252 1313 253 3055
1875 1298 266 1305 3073
1876 711 802 752 3058
1877 716 882 881 717
1878 1223 1170 1194 3075
1879 191 1291 1290 3051
1880 1242 1237 1149 3088
1881 1244 1172 693 797
1882 725 724 1180 1178
1883 689 117 1197 946
1884 979 963 962 3063
1885 1184 1122 819 785
1886 1018 1218 1198 3079
1887 974 1088 1086 3046
1888 235 752 236 3076
1889 1250 1037 1038 3078
1890 1307 1306 193 3064
1891 1328 1323 756 1327
1892 1158 1151 1150 3093
1893 1016 1048 1019 3079
1894 227 863 861 3088
1895 692 826 1042 3089
1896 1176 1142 1177 3064
1897 242 1325 243 3072
1898 1012 1239 1238 3065
1899 1030 1029 1015 706
1900 117 1124 701 1123
1901 756 257 256 1327
1902 844 1039 823 3089
1903 985 987 1146 3078
1904 1297 3074 263 3085
1905 238 802 239 3058
1906 1175 1174 1168 3075
1907 1034 220 1051 3084
1908 1286 202 1287 3085
1909 783 976 977 978
1910 1354 1344 728 1336
1911 202 203 1053 3085
1912 1202 1167 1165 797
1913 783 977 976 781
1914 981 999 891 3087
1915 879 1057 880 3053
1916 1122 818 737 1043
1917 1193 1195 1016 3079
1918 983 964 872 3084
1919 1155 1228 1221 3066
1920 1233 1244 1215 693
1921 1144 951 953 3077
1922 684 685 1078 1077
1923 1156 1184 820 787
1924 907 1236 1235 3063
1925 746 1345 234 752
1926 1228 843 1221 3066
1927 1350 721 1332 3074
1928 986 988 987 3078
1929 884 882 813 719
1930 1225 1236 858 3063
1931 945 944 689 946
1932 860 862 869 3080
1933 250 249 1314 816
1934 1166 1078 685 1077
1935 118 1224 1070 3053
1936 1052 1208 1254 3071
1937 746 1346 1344 1341
1938 1116 975 792 1072
1939 885 969 966 3092
1940 1221 1030 1194 706
1941 1257 904 896 3070
1942 1196 771 750 1137
1943 1227 952 951 3077
1944 192 929 911 3064
1945 1105 152 85 1104
1946 785 786 1182 1121
1947 1067 177 118 1068
1948 718 716 881 717
1949 201 1287 202 3074
1950 820 1156 744 1157
1951 1140 983 872 3083
1952 854 853 870 3080
1953 1187 1189 1188 3086
1954 217 873 964 3083
1955 819 820 1184 787
1956 977 975 780 935
1957 954 189 190 3051
1958 831 899 832 3068
1959 818 737 1043 958
1960 1276 242 243 3072
1961 882 716 881 1045
1962 749 1331 1330 804
1963 993 223 994 3067
1964 855 1154 853 3080
1965 737 1044 1043 958
1966 1305 1304 200 3074
1967 1105 84 1165 797
1968 953 1032 1143 3077
1969 724 723 725 1180
1970 874 852 830 3083
1971 1194 1161 1220 3060
1972 840 904 895 3070
1973 271 782 270 3056
1974 1023 1239 1246 3065
1975 1231 952 1226 3077
1976 239 802 240 3059
1977 1190 956 963 3077
1978 1051 220 219 3084
1979 909 911 992 3081
1980 1352 757 1332 721
1981 1251 1211 897 3070
1982 1264 1266 251 3055
1983 127 31 917 916
1984 787 1182 725 1180
1985 250 249 816 3082
1986 198 199 913 3073
1987 219 1269 218 3082
1988 718 881 716 1045
1989 1082 740 1178 883
1990 800 803 1200 1199
1991 1143 1032 991 3094
1992 683 848 811 1045
1993 192 1307 193 3064
1994 1146 1237 1242 3088
1995 899 831 847 3068
1996 790 767 776 1138
1997 1223 1194 1031 3075
1998 1207 961 1231 3071
1999 1333 1331 1330 749
2000 707 1112 1215 693
2001 216 852 873 3083
2002 884 719 739 883
2003 225 224 903 3067
2004 800 1200 143 1199
2005 787 725 723 1180
2006 819 818 1122 1043
2007 787 786 1182 785
2008 875 876 704 888
2009 746 815 18 1356
2010 706 705 711 3066
2011 193 1306 194 3064
2012 1091 1069 113 766
2013 1029 1030 825 3089
2014 1018 1249 1218 3079
2015 1233 1112 1186 693
2016 960 795 791 1192
2017 1182 786 725 1082
2018 239 238 1338 802
2019 211 1101 1100 3069
2020 1186 1022 1233 3091
2021 1267 821 213 3055
2022 815 729 1328 1356
2023 1077 1078 684 1009
2024 790 940 789 949
2025 772 1136 1139 1157
2026 1078 814 684 1009
2027 889 792 793 1116
2028 975 977 769 781
2029 1289 1286 1287 3085
2030 832 1140 874 3083
2031 787 723 1156 1180
2032 1140 900 1217 3068
2033 1020 1218 1249 3091
2034 1352 1347 720 721
2035 737 990 1044 1009
2036 740 725 739 1178
2037 820 772 1139 1157
2038 779 757 778 3047
2039 992 929 1177 3064
2040 781 976 745 1072
2041 1308 270 269 3056
2042 1231 963 956 3077
2043 965 219 218 3084
2044 1224 118 177 1068
2045 271 272 1319 782
2046 820 744 1156 787
2047 724 1179 793 1116
2048 1122 1184 819 1043
2049 1039 705 1042 3089
2050 861 864 862 3080
2051 751 3060 711 3062
2052 792 803 1115 889
2053 1073 745 976 1072
2054 990 737 814 1009
2055 780 975 977 769
2056 1222 1245 865 3075
2057 1156 1184 1139 820
2058 793 792 724 1116
2059 234 815 752 3069
2060 1082 884 739 883
2061 921 726 1108 920
2062 1105 1104 85 3061
2063 1017 1219 1249 3079
2064 1015 1031 1030 706
2065 822 188 1065 1064
2066 238 239 1273 3058
2067 1294 1293 268 3073
2068 1190 1032 956 3077
2069 773 1136 772 1137
2070 723 1156 744 787
2071 251 250 1314 3055
2072 1050 1049 971 3084
2073 784 1082 786 1121
2074 1010 1003 877 687
2075 955 954 910 3081
2076 685 684 1166 1077
2077 737 818 799 958
2078 1279 1278 230 3076
2079 896 904 897 3070
2080 769 801 936 935
2081 1142 992 1177 3064
2082 1188 885 1187 3057
2083 818 949 789 1192
2084 928 845 1135 3061
2085 1024 1003 687 1002
2086 245 1325 1329 3072
2087 1352 1355 1326 720
2088 1251 904 840 3070
2089 1276 243 1275 3072
2090 709 3046 86 3055
2091 965 218 964 3084
2092 756 1326 259 1327
2093 751 757 3047 3048
2094 203 204 934 3085
2095 1162 1080 896 3090
2096 1072 1180 724 1178
2097 1140 832 900 3068
2098 1035 971 1049 3084
2099 1045 716 683 839
2100 799 795 960 1192
2101 717 1179 881 793
2102 792 724 1116 1072
2103 1162 1163 1164 3090
2104 947 758 1063 978
2105 739 725 1082 1178
2106 246 1263 245 3072
2107 1063 768 936 769
2108 756 258 259 3048
2109 1122 819 785 735
2110 787 1156 1182 1180
2111 1347 1322 1355 720
2112 977 769 783 978
2113 270 782 269 3056
2114 1000 701 950 3063
2115 776 941 790 1138
2116 1069 113 169 1091
2117 1161 1158 1220 3060
2118 1004 1090 763 1055
2119 1182 1184 787 785
2120 1181 761 777 1102
2121 1354 729 746 1356
2122 1122 818 735 737
2123 936 801 775 1191
2124 1090 1091 762 1089
2125 1215 1112 1233 693
2126 1122 818 819 735
2127 1073 723 745 1072
2128 745 723 781 1072
2129 863 227 226 3088
2130 264 1297 1296 3074
2131 1134 1133 1103 3061
2132 1319 1351 1350 721
2133 1305 199 1298 3073
2134 1206 1247 1241 3065
2135 772 1139 788 820
2136 217 218 1265 3082
2137 795 799 791 1192
2138 1012 1247 1239 3065
2139 86 1313 1314 3055
2140 771 1196 783 1214
2141 164 684 959 1077
2142 1196 771 1137 1214
2143 255 815 1310 3054
2144 882 716 1045 839
2145 1093 1024 1094 688
2146 972 964 983 3084
2147 717 881 1179 883
2148 1136 772 1139 788
2149 773 1136 1137 1056
2150 739 1082 740 1178
2151 194 1176 1177 3064
2152 786 785 784 1121
2153 1076 1133 1135 3061
2154 257 756 256 3054
2155 813 716 882 839
2156 168 1069 941 776
2157 966 886 885 3057
2158 190 1291 191 3051
2159 724 740 1179 1178
2160 1328 1323 729 756
2161 720 1347 1322 808
2162 1082 1182 786 1121
2163 783 1196 771 750
2164 1069 168 112 776
2165 1355 756 1323 1327
2166 949 818 1043 1192
2167 903 901 902 3088
2168 1314 86 158 1313
2169 729 1354 1328 1356
2170 272 1318 1319 782
2171 1283 246 3049 3072
2172 728 1344 1354 746
2173 937 145 775 1191
2174 1264 251 1261 3055
2175 1194 1030 1031 706
2176 969 207 967 3092
2177 30 1059 836 703
2178 1270 249 1269 3082
2179 700 794 701 3063
2180 86 816 709 3055
2181 776 112 1069 766
2182 267 782 1350 3073
2183 721 1351 1347 722
2184 948 947 758 922
2185 940 789 791 790
2186 1238 875 877 704
2187 274 1291 275 3051
2188 685 684 686 1166
2189 866 867 865 3090
2190 1189 866 1164 3090
2191 695 1159 1112 1107
2192 151 84 1165 1105
2193 1202 1165 707 797
2194 1193 1018 1198 3079
2195 1153 855 864 3080
2196 202 1286 203 3085
2197 1184 1122 785 1121
2198 871 1245 1081 3090
2199 700 1001 1000 687
2200 1082 786 739 784
2201 1056 764 767 1054
2202 747 1331 133 1334
2203 1166 684 686 1077
2204 1033 1230 1222 3075
2205 757 1332 721 3074
2206 850 846 845 3068
2207 701 1002 950 689
2208 733 924 922 919
2209 234 18 815 3069
2210 700 1240 1012 3065
2211 1293 269 268 3073
2212 803 1200 78 800
2213 1275 1262 1274 3072
2214 1320 1353 137 807
2215 962 961 1052 3071
2216 1352 1332 1350 721
2217 941 796 167 776
2218 783 769 977 781
2219 812 798 959 958
2220 993 1146 903 3067
2221 775 1111 1110 774
2222 1047 1038 1046 3078
2223 1073 1180 723 1072
2224 700 1012 1001 687
2225 917 31 736 916
2226 1004 742 762 1102
2227 1036 3078 1037 3084
2228 700 905 1241 3071
2229 1137 750 1196 1073
2230 232 1131 1101 3069
2231 818 949 1139 788
2232 725 1182 1082 1178
2233 784 736 1060 1121
2234 1191 145 775 1110
2235 814 684 685 1078
2236 127 31 32 917
2237 781 792 975 1072
2238 737 812 814 1009
2239 940 790 939 949
2240 1087 1127 1117 3093
2241 744 750 820 1157
2242 819 1184 1139 1043
2243 234 815 746 752
2244 683 848 1045 839
2245 882 881 717 883
2246 881 718 717 793
2247 897 904 1251 3070
2248 941 940 796 776
2249 771 773 772 1137
2250 1292 1284 275 3051
2251 940 796 167 941
2252 820 1184 1139 819
2253 1054 767 1056 1138
2254 1277 232 17 3069
2255 1319 270 271 782
2256 917 697 32 989
2257 971 973 1050 3084
2258 959 684 812 1009
2259 795 796 166 940
2260 882 716 813 719
2261 1355 756 1326 720
2262 802 1325 1324 3072
2263 704 1015 875 888
2264 1195 3050 1028 3078
2265 1137 771 773 1056
2266 739 740 1082 883
2267 861 863 864 3088
2268 930 928 1134 3061
2269 985 993 994 3078
2270 705 1198 1042 3079
2271 1347 1348 808 722
2272 789 799 818 1192
2273 909 992 991 3081
2274 1199 800 780 935
2275 684 959 1077 1009
2276 1295 1294 1298 3073
2277 1287 201 1296 3074
2278 1161 1169 1151 3093
2279 1066 1092 1011 698
2280 1340 1339 160 809
2281 681 683 849 848
2282 262 1299 1288 3085
2283 785 1182 1184 1121
2284 973 972 983 3084
2285 907 700 1000 3063
2286 885 887 1187 3057
2287 1312 3054 1302 3092
2288 977 975 976 781
2289 1295 198 197 3073
2290 1272 227 3058 3059
2291 190 189 1292 3051
2292 1082 786 725 739
2293 762 1090 763 1004
2294 937 143 1199 800
2295 817 142 1200 889
2296 218 1269 1265 3082
2297 1165 84 150 1171
2298 794 3051 118 3053
2299 815 254 1310 3069
2300 1042 893 692 3091
2301 803 792 793 889
2302 895 982 891 3087
2303 181 1318 275 3051
2304 1015 875 1014 704
2305 924 755 733 922
2306 960 791 940 1192
2307 739 719 740 883
2308 1208 1052 1207 3071
2309 1021 1022 1020 3091
2310 222 1283 3049 3072
2311 1089 767 1054 1138
2312 742 712 1008 1007
2313 818 1139 949 1043
2314 962 1235 979 3063
2315 758 769 1063 978
2316 939 790 941 1138
2317 820 1139 1156 1157
2318 768 775 1111 1191
2319 1155 1152 1228 3066
2320 1115 975 792 1116
2321 960 959 798 958
2322 996 1229 997 3066
2323 760 1120 1141 948
2324 739 1060 738 1061
2325 939 790 773 788
2326 1116 724 1179 1072
2327 824 823 826 3089
2328 1326 261 757 3048
2329 704 706 1029 3089
2330 775 768 936 1191
2331 802 238 1338 3058
2332 1155 3060 1154 3080
2333 744 1156 723 1073
2334 739 884 1082 1061
2335 182 119 183 1318
2336 908 911 909 3081
2337 887 885 886 3057
2338 1230 3065 1081 3090
2339 1149 1229 1152 3066
2340 235 236 1282 3076
2341 1228 996 843 3066
2342 237 1278 1279 3076
2343 1265 250 1266 3082
2344 1059 31 126 916
2345 251 1313 252 3055
2346 862 854 869 3080
2347 839 882 813 837
2348 1298 1294 267 3073
2349 1238 1014 875 704
2350 204 957 934 3086
2351 740 717 1179 883
2352 739 703 884 1061
2353 1117 1125 1150 3093
2354 1355 1326 756 1327
2355 1329 1325 810 3072
2356 704 1015 1029 706
2357 881 718 793 889
2358 1326 756 259 3048
2359 227 861 3058 3088
2360 814 1078 990 1009
2361 1354 1323 1321 729
2362 1180 723 1156 1073
2363 1199 801 800 935
2364 684 798 108 959
2365 1145 1217 900 3068
2366 761 1091 1090 1102
2367 1323 731 756 1355
2368 843 996 844 3089
2369 813 884 703 837
2370 824 1029 825 3089
2371 1314 1313 251 3055
2372 789 790 949 788
2373 990 1078 697 989
2374 798 684 812 959
2375 1180 724 723 1072
2376 1282 1279 231 3076
2377 847 845 846 3068
2378 766 762 1091 1089
2379 850 1145 846 3068
2380 776 941 940 790
2381 1055 762 764 1054
2382 747 133 45 1334
2383 208 967 207 3092
2384 789 791 799 1192
2385 256 1311 1301 3054
2386 1120 755 924 948
2387 1106 1099 765 1055
2388 1044 990 696 915
2389 876 877 704 690
2390 740 1179 793 724
2391 790 941 940 939
2392 832 899 900 3068
2393 755 1120 753 948
2394 753 763 1099 1006
2395 877 690 1010 687
2396 17 1101 211 3069
2397 704 1023 1015 706
2398 1258 986 1047 3078
2399 777 1008 1181 1102
2400 811 718 716 1045
2401 1274 223 1275 3072
2402 1007 1008 742 1005
2403 1235 1236 1225 3063
2404 792 781 724 1072
2405 1253 3067 223 3072
2406 718 881 890 889
2407 1319 268 269 782
2408 1312 3048 258 3054
2409 184 120 1351 1319
2410 768 801 936 769
2411 1184 819 787 785
2412 764 771 1106 1056
2413 811 716 683 1045
2414 697 814 1078 990
2415 1033 1031 706 3075
2416 716 882 717 719
2417 193 929 192 3064
2418 773 1136 939 788
2419 780 975 769 781
2420 990 696 737 1044
2421 803 77 1200 817
2422 1304 201 200 3074
2423 696 697 917 989
2424 814 812 684 1009
2425 953 956 1032 3077
2426 1095 715 1096 1109
2427 681 683 682 849
2428 1072 724 1179 1178
2429 995 206 980 3086
2430 1319 269 270 782
2431 74 75 683 848
2432 769 977 780 935
2433 84 149 150 1171
2434 719 882 717 883
2435 893 894 826 692
2436 703 836 30 702
2437 725 786 1182 787
2438 736 32 31 917
2439 758 760 947 948
2440 684 108 164 959
2441 956 952 1231 3077
2442 1106 765 764 1055
2443 190 1292 1291 3051
2444 863 1147 864 3088
2445 133 46 45 1334
2446 736 784 735 1121
2447 908 910 954 3081
2448 31 1059 738 916
2449 815 756 751 3054
2450 793 717 1179 740
2451 1199 780 803 1115
2452 1199 803 1200 1115
2453 1200 143 78 800
2454 118 1068 1224 3053
2455 215 3046 851 3083
2456 767 773 1056 1138
2457 849 683 682 839
2458 1141 1106 765 1214
2459 1027 705 998 3066
2460 687 1000 700 3063
2461 893 1218 1213 3091
2462 1324 240 802 3059
2463 1087 1118 968 3092
2464 983 3083 1217 3084
2465 1234 979 1225 3063
2466 943 708 1243 3091
2467 85 151 152 1105
2468 1056 773 939 1138
2469 1028 3050 1195 3079
2470 917 32 128 989
2471 949 790 939 788
2472 1139 818 819 1043
2473 735 785 1122 1121
2474 936 768 1111 1191
2475 1090 762 1055 1054
2476 1009 812 959 958
2477 1017 1016 1019 3079
2478 1342 186 122 1349
2479 688 1093 1024 689
2480 112 113 1069 766
2481 742 777 761 1102
2482 721 1319 1351 782
2483 224 993 903 3067
2484 788 1139 818 820
2485 245 1263 1262 3072
2486 1223 1168 1170 3075
2487 1209 3050 1216 3084
2488 948 758 755 922
2489 1267 253 821 3055
2490 1350 1351 1352 721
2491 729 815 746 1356
2492 263 1288 1289 3085
2493 982 981 891 3087
2494 1054 762 767 1089
2495 808 720 1347 722
2496 725 740 724 1178
2497 753 760 755 948
2498 1044 696 737 915
2499 1171 707 1172 1202
2500 267 266 1298 3073
2501 87 159 1340 1314
2502 817 1200 803 889
2503 1240 700 1241 3065
2504 193 194 1177 3064
2505 1304 264 1296 3074
2506 1141 765 770 1214
2507 771 764 773 1056
2508 1156 744 1157 1073
2509 940 791 776 790
2510 1121 736 1060 916
2511 1066 1025 692 1011
2512 1037 3049 1040 3084
2513 873 872 964 3083
2514 940 795 791 960
2515 716 813 683 839
2516 1328 729 815 756
2517 763 765 1099 1055
2518 273 1290 3051 3064
2519 1200 77 142 817
2520 753 1120 760 948
2521 975 792 780 1115
2522 1034 971 1035 3084
2523 683 849 848 839
2524 1070 175 117 1124
2525 1215 1172 1159 707
2526 1052 961 1207 3071
2527 1246 3065 1230 3075
2528 905 700 907 3071
2529 789 949 818 788
2530 1347 720 721 722
2531 222 3049 1037 3078
2532 836 838 125 702
2533 1106 771 765 1214
2534 744 750 1157 1073
2535 703 884 813 719
2536 712 742 714 1007
2537 817 718 890 889
2538 718 76 890 811
2539 683 813 682 839
2540 1348 121 186 808
2541 880 955 910 3081
2542 747 728 1346 1334
2543 932 970 1189 3086
2544 874 1140 872 3083
2545 1121 735 736 915
2546 1296 201 1304 3074
2547 978 947 770 1141
2548 895 1252 982 3087
2549 778 782 794 3056
2550 838 682 813 839
2551 746 728 1346 747
2552 1080 871 1081 3090
2553 817 793 718 889
2554 784 1060 1082 1121
2555 1066 1025 1213 3091
2556 947 770 758 978
2557 83 707 1160 1171
2558 1177 929 193 3064
2559 1288 1299 204 3085
2560 1246 1239 1206 3065
2561 1272 3058 239 3059
2562 739 1060 1082 784
2563 806 1320 137 807
2564 1155 1153 3066 3080
2565 1349 186 122 808
2566 1074 3046 1075 3061
2567 1352 1326 757 720
2568 1149 1147 1242 3088
2569 890 142 817 889
2570 847 846 899 3068
2571 975 780 792 781
2572 1208 1205 1204 3087
2573 1335 136 47 730
2574 770 765 771 1214
2575 84 1165 707 1171
2576 1062 758 947 922
2577 1335 1321 136 730
2578 706 705 3066 3089
2579 225 3059 1276 3067
2580 141 890 811 1045
2581 949 1136 1139 788
2582 1284 16 275 3051
2583 253 1313 157 3055
2584 1067 1068 118 3053
2585 1347 1348 1322 808
2586 760 770 947 1141
2587 211 3054 1310 3069
2588 1137 1157 750 1073
2589 111 167 796 776
2590 1291 1292 275 3051
2591 884 703 837 1061
2592 1132 1128 3045 3056
2593 1188 1189 970 3086
2594 1350 266 3073 3074
2595 816 3049 1329 3072
2596 1099 765 753 1141
2597 1301 257 256 3054
2598 1070 117 118 3053
2599 1304 265 264 3074
2600 1182 725 1180 1178
2601 1059 125 30 836
2602 739 1082 1060 1061
2603 696 697 32 917
2604 936 1062 768 1063
2605 888 692 894 1011
2606 1017 1249 1018 3079
2607 751 3047 779 3057
2608 1055 764 1056 1054
2609 890 881 718 1045
2610 934 957 932 3086
2611 1169 886 1118 3093
2612 1157 750 772 1137
2613 1197 173 116 1097
2614 834 208 209 3092
2615 1329 816 248 3049
2616 199 198 1298 3073
2617 129 685 1078 697
2618 1100 3069 1127 3093
2619 1139 818 820 819
2620 1184 1156 1182 787
2621 1349 1348 186 808
2622 239 1338 1324 802
2623 827 880 984 3081
2624 763 742 762 1004
2625 772 1136 1157 1137
2626 704 888 692 3089
2627 865 1175 1222 3075
2628 719 703 884 739
2629 820 750 772 1157
2630 46 134 1335 1334
2631 1060 738 736 784
2632 1105 85 84 797
2633 1059 836 703 1061
2634 83 84 707 1171
2635 30 31 126 1059
2636 249 1329 1314 816
2637 252 1261 251 3055
2638 1137 1106 771 1056
2639 1007 742 714 1005
2640 1100 1087 3092 3093
2641 949 940 789 1192
2642 1319 120 1351 782
2643 1011 692 1066 691
2644 166 795 940 960
2645 769 977 1063 978
2646 256 255 1311 3054
2647 939 1136 949 788
2648 704 1012 1238 3065
2649 1316 1331 132 804
2650 733 726 924 919
2651 798 812 799 958
2652 801 936 937 1191
2653 1265 1269 250 3082
2654 1091 113 170 761
2655 749 747 1331 804
2656 1090 762 763 1055
2657 890 142 76 817
2658 1109 1007 1095 713
2659 119 183 1318 782
2660 775 768 1111 774
2661 1104 153 85 1085
2662 691 1066 1011 698
2663 801 780 800 935
2664 747 45 46 1334
2665 1324 1338 1337 748
2666 1200 78 77 803
2667 729 728 1354 746
2668 1335 728 1334 1336
2669 1298 198 1295 3073
2670 803 800 780 1199
2671 868 231 230 3076
2672 836 125 30 702
2673 744 723 745 1073
2674 1115 780 975 935
2675 697 1078 129 989
2676 1196 976 783 978
2677 863 226 902 3088
2678 843 1030 1221 3089
2679 684 107 686 1077
2680 1024 1002 689 945
2681 760 758 755 948
2682 981 1205 1208 3087
2683 1350 1319 721 782
2684 1006 741 763 1004
2685 1090 762 761 1102
2686 112 113 169 1069
2687 1091 1069 766 1089
2688 1145 900 846 3068
2689 811 890 718 1045
2690 137 48 1320 806
2691 1247 1206 1239 3065
2692 687 1003 1001 1002
2693 683 681 74 848
2694 754 755 924 1120
2695 1078 685 129 1166
2696 765 1099 1106 1141
2697 919 922 733 923
2698 1331 1333 747 749
2699 1179 881 793 889
2700 1331 133 45 747
2701 1115 803 1200 889
2702 1347 1351 1348 722
2703 1122 735 1121 915
2704 877 1003 1001 687
2705 940 791 796 776
2706 1257 1080 1079 3087
2707 84 83 149 1171
2708 30 31 1059 738
2709 167 166 796 940
2710 1337 1339 809 1343
2711 765 763 764 1055
2712 1276 3059 242 3072
2713 816 1329 810 3072
2714 960 798 799 958
2715 995 205 206 3086
2716 953 951 952 3077
2717 748 1338 1345 752
2718 1093 1098 1024 689
2719 684 164 107 1077
2720 777 171 1181 1126
2721 693 1243 931 708
2722 1324 3059 802 3072
2723 76 141 890 811
2724 170 1091 761 1181
2725 1349 122 1342 807
2726 726 921 1108 715
2727 1063 977 769 935
2728 758 1062 759 922
2729 1056 1106 764 1055
2730 769 758 770 978
2731 761 1091 113 766
2732 1199 780 1115 935
2733 121 122 186 808
2734 938 3047 1210 3085
2735 748 1337 1324 802
2736 764 762 767 1054
2737 160 87 1340 809
2738 871 865 1245 3090
2739 1248 1134 797 3061
2740 1133 928 1135 3061
2741 1038 994 1250 3078
2742 1235 1225 979 3063
2743 799 812 737 958
2744 920 726 1108 694
2745 733 726 755 924
2746 17 232 1101 3069
2747 754 755 1120 753
2748 767 773 764 1056
2749 854 855 853 3080
2750 1319 1318 183 782
2751 1190 979 1041 3094
2752 748 1324 1338 802
2753 235 1282 3069 3076
2754 45 132 1331 804
2755 248 3049 816 3082
2756 1008 777 742 1102
2757 1099 753 1120 1141
2758 1201 3045 1128 3073
2759 1345 746 748 752
2760 761 114 170 1181
2761 937 775 801 1191
2762 1062 768 1063 758
2763 1064 955 3053 3081
2764 735 737 696 915
2765 1051 219 965 3084
2766 75 74 140 848
2767 810 1337 1324 1325
2768 6 89 1317 805
2769 902 3059 225 3067
2770 993 224 223 3067
2771 710 802 711 3059
2772 876 690 888 1011
2773 813 838 839 837
2774 765 753 763 1099
2775 1323 731 729 756
2776 811 75 141 1045
2777 1322 731 1355 720
2778 1121 736 916 915
2779 1080 1081 1079 3087
2780 1278 238 3058 3076
2781 760 770 758 947
2782 796 166 110 795
2783 874 873 852 3083
2784 724 781 723 1072
2785 1141 947 760 948
2786 922 926 759 923
2787 763 1099 1006 1055
2788 1317 44 6 805
2789 1317 1316 44 805
2790 116 174 173 1197
2791 980 1188 995 3086
2792 1270 3049 248 3082
2793 829 857 3053 3094
2794 806 1322 1349 808
2795 1018 1193 1016 3079
2796 229 869 3076 3080
2797 209 835 834 3092
2798 1322 731 720 808
2799 1033 1223 1031 3075
2800 1054 1090 762 1089
2801 1351 721 782 722
2802 747 46 728 1334
2803 1353 49 137 807
2804 719 884 882 883
2805 1343 1315 161 805
2806 1213 1186 1066 3091
2807 1241 3071 1204 3087
2808 1181 114 171 777
2809 1349 1320 1322 806
2810 762 742 761 1102
2811 1006 1005 741 1004
2812 968 835 1087 3092
2813 1341 747 1333 748
2814 1133 1134 928 3061
2815 687 701 1000 3063
2816 1324 802 810 1325
2817 1344 1345 746 1341
2818 988 3052 987 3078
2819 697 128 32 989
2820 817 803 793 889
2821 1288 263 262 3085
2822 738 1060 1059 1061
2823 1345 1344 746 1356
2824 1279 230 231 3076
2825 798 795 109 960
2826 1096 715 1095 688
2827 959 798 165 960
2828 688 1024 1094 687
2829 1092 1066 691 698
2830 828 856 829 3094
2831 718 890 76 817
2832 792 803 780 1115
2833 986 987 985 3078
2834 768 1062 1111 759
2835 846 900 899 3068
2836 952 956 953 3077
2837 759 755 758 922
2838 783 770 771 1214
2839 682 838 849 839
2840 714 1007 1109 713
2841 1321 1322 1320 806
2842 704 877 1012 687
2843 138 12 7 1342
2844 84 151 85 1105
2845 1322 1321 731 806
2846 690 704 876 888
2847 762 761 1091 1090
2848 137 48 806 807
2849 173 172 116 1097
2850 760 1120 753 1141
2851 1130 3069 1131 3076
2852 1197 116 117 699
2853 856 701 857 3094
2854 159 87 158 1314
2855 1346 746 747 1341
2856 1294 268 267 3073
2857 994 3067 1253 3078
2858 32 736 696 917
2859 808 1348 121 722
2860 798 165 108 959
2861 1134 1167 797 3061
2862 860 3058 861 3080
2863 1343 809 1337 749
2864 696 737 814 990
2865 1341 1345 746 748
2866 113 114 170 761
2867 1181 761 114 777
2868 975 976 781 1072
2869 795 166 109 960
2870 47 136 48 730
2871 739 738 1060 784
2872 80 775 1110 774
2873 1005 1120 741 1114
2874 741 1005 742 1004
2875 732 116 172 1097
2876 874 872 873 3083
2877 931 797 693 3061
2878 1005 1008 742 1004
2879 862 864 855 3080
2880 1215 1172 707 693
2881 1154 3060 1158 3080
2882 816 1340 87 810
2883 685 814 1078 697
2884 860 229 3058 3080
2885 1328 1323 1354 729
2886 1178 740 1179 883
2887 691 693 692 3091
2888 702 836 838 837
2889 775 79 145 937
2890 168 111 112 776
2891 703 30 1059 738
2892 1128 3056 196 3073
2893 705 1039 998 3089
2894 1160 149 83 1171
2895 113 170 169 1091
2896 763 762 764 1055
2897 1124 117 701 689
2898 1095 715 1109 713
2899 728 46 1335 1334
2900 1146 1242 901 3088
2901 793 1179 889 1116
2902 742 763 741 1004
2903 782 120 1351 722
2904 1209 3068 1019 3079
2905 750 744 745 1073
2906 1209 1048 3050 3079
2907 796 795 791 940
2908 216 1264 3055 3082
2909 1007 712 1119 1113
2910 782 794 3056 3064
2911 770 783 769 978
2912 244 1262 1275 3072
2913 741 1120 1005 1006
2914 1318 119 782 3051
2915 937 143 800 144
2916 185 1348 1351 722
2917 791 789 940 1192
2918 842 3045 1201 3073
2919 856 828 1234 3094
2920 735 784 785 1121
2921 756 757 1326 720
2922 736 738 1060 916
2923 29 125 838 702
2924 114 115 171 777
2925 765 760 753 1141
2926 717 740 719 883
2927 1099 1120 753 1006
2928 777 115 171 1126
2929 1330 1315 1343 805
2930 1234 1041 979 3094
2931 48 137 49 807
2932 1166 686 163 1077
2933 1288 1286 1289 3085
2934 741 1120 754 1114
2935 1148 3066 1153 3080
2936 1005 742 714 741
2937 798 109 165 960
2938 957 204 205 3086
2939 768 1062 759 758
2940 229 1278 3058 3076
2941 739 738 703 1061
2942 769 780 801 935
2943 849 139 681 848
2944 731 1323 1322 1355
2945 1316 132 44 804
2946 775 768 801 936
2947 731 1322 806 808
2948 127 126 31 916
2949 1162 1164 866 3090
2950 750 771 772 1137
2951 807 1349 122 808
2952 771 765 764 1106
2953 1314 1340 87 816
2954 709 3061 3046 3068
2955 730 1321 1323 729
2956 816 710 3049 3072
2957 1110 146 80 774
2958 1345 1341 1338 748
2959 143 78 77 1200
2960 965 964 972 3084
2961 1223 1175 1168 3075
2962 759 926 734 923
2963 759 1111 768 774
2964 779 751 3057 3075
2965 715 1108 726 694
2966 214 3046 215 3055
2967 939 1136 773 1056
2968 708 3050 705 3079
2969 145 80 775 1110
2970 1322 1321 1323 731
2971 1126 115 172 732
2972 1013 991 1032 3094
2973 759 926 1111 774
2974 1285 189 188 822
2975 976 1196 783 1073
2976 697 33 128 989
2977 143 144 78 800
2978 120 184 183 1319
2979 731 730 1323 729
2980 176 117 118 1070
2981 762 1091 761 766
2982 135 136 47 1335
2983 1316 1330 1331 804
2984 869 870 3076 3080
2985 162 11 6 1317
2986 1199 937 801 935
2987 220 3049 1270 3082
2988 942 1019 3068 3079
2989 770 760 765 1141
2990 1338 748 802 3058
2991 1355 731 756 720
2992 968 1118 966 3092
2993 1111 926 759 922
2994 1333 1331 747 1341
2995 748 747 1333 749
2996 919 727 726 920
2997 107 163 686 1077
2998 689 701 944 945
2999 829 827 828 3094
3000 689 1197 117 699
3001 782 3051 794 3064
3002 1230 1245 3075 3090
3003 1329 1340 1314 816
3004 89 162 6 1317
3005 762 766 767 1089
3006 927 931 708 3061
3007 926 147 81 734
3008 45 1331 747 804
3009 732 1119 712 1113
3010 689 950 701 945
3011 236 1279 1282 3076
3012 1042 692 3079 3091
3013 795 798 799 960
3014 116 172 115 732
3015 14 253 821 1268
3016 1137 771 1106 1214
3017 1217 3068 1209 3084
3018 1266 3055 1264 3082
3019 1185 195 3056 3064
3020 802 3058 711 3059
3021 688 715 1095 713
3022 1348 185 121 722
3023 915 696 917 989
3024 124 682 838 849
3025 692 1025 894 1011
3026 1314 158 86 816
3027 728 1335 1354 1336
3028 1355 1352 1347 720
3029 1013 827 984 3094
3030 763 753 741 1006
3031 733 759 734 923
3032 757 3048 261 3085
3033 945 689 1098 946
3034 164 107 108 684
3035 1047 986 1038 3078
3036 1342 122 7 807
3037 1033 1222 1223 3075
3038 224 3067 1276 3072
3039 757 1352 720 721
3040 997 1237 3052 3066
3041 855 854 862 3080
3042 973 971 972 3084
3043 1316 1330 804 805
3044 804 44 1316 805
3045 1160 707 1159 1171
3046 991 984 909 3081
3047 235 3069 752 3076
3048 1288 204 203 3085
3049 914 3073 199 3074
3050 187 7 12 1342
3051 1008 1119 712 777
3052 759 1062 1111 922
3053 117 176 175 1070
3054 825 823 824 3089
3055 730 1354 1321 729
3056 741 753 1120 1006
3057 1185 1144 3064 3077
3058 1319 1350 268 782
3059 7 138 1342 807
3060 1192 960 799 958
3061 1165 84 707 797
3062 838 813 702 837
3063 1149 1237 3066 3088
3064 736 31 738 916
3065 809 1339 1337 810
3066 1202 707 1172 797
3067 763 1006 1004 1055
3068 1343 161 809 805
3069 813 682 838 702
3070 681 9 139 849
3071 1079 1252 1257 3087
3072 1127 1130 3062 3069
3073 46 134 135 1335
3074 1020 1213 1218 3091
3075 937 936 801 935
3076 165 109 166 960
3077 203 1286 1288 3085
3078 996 1228 1229 3066
3079 131 6 11 1317
3080 1126 777 115 732
3081 809 1339 160 1343
3082 211 1100 3054 3069
3083 147 81 146 926
3084 1338 752 748 3058
3085 132 133 45 1331
3086 694 715 1108 698
3087 681 123 9 849
3088 769 1063 768 758
3089 1092 1096 1011 698
3090 1330 1316 1315 805
3091 244 1325 245 3072
3092 868 870 3062 3076
3093 685 130 129 1166
3094 1109 715 714 713
3095 1016 1017 1018 3079
3096 704 690 692 888
3097 164 108 165 959
3098 865 871 866 3090
3099 942 708 1219 3079
3100 759 733 922 923
3101 47 46 1335 728
3102 970 932 957 3086
3103 167 166 110 796
3104 681 139 74 848
3105 1329 1339 810 1325
3106 3067 3072 1253 3078
3107 1343 1337 1333 749
3108 770 978 1141 1214
3109 685 129 33 697
3110 702 703 836 837
3111 714 1007 1114 1109
3112 682 124 123 849
3113 802 810 1325 3072
3114 925 148 82 743
3115 172 1119 1126 732
3116 216 3055 215 3083
3117 713 1095 1093 1113
3118 1091 761 1181 1102
3119 751 3048 3047 3057
3120 745 976 783 1073
3121 148 925 918 743
3122 920 1108 1092 694
3123 1059 703 738 1061
3124 714 1005 741 1114
3125 1152 1229 1228 3066
3126 1346 1331 747 1334
3127 758 1063 1062 947
3128 937 801 800 1199
3129 704 3065 1023 3075
3130 146 1110 926 774
3131 756 3048 751 3054
3132 1249 3079 1219 3091
3133 1105 85 797 3061
3134 1136 773 772 788
3135 877 704 690 687
3136 802 1337 1324 810
3137 909 910 908 3081
3138 755 924 948 922
3139 1314 87 158 816
3140 843 825 1030 3089
3141 753 1120 754 741
3142 751 752 815 3069
3143 759 733 755 922
3144 1172 1159 707 1171
3145 838 682 29 702
3146 75 140 141 1045
3147 688 1095 1093 713
3148 79 775 801 937
3149 124 29 125 838
3150 777 1181 1008 1126
3151 864 1148 3080 3088
3152 907 3063 962 3071
3153 122 7 187 1342
3154 114 171 170 1181
3155 1002 687 1024 689
3156 1080 1162 871 3090
3157 745 783 976 781
3158 822 189 1064 3051
3159 1008 1119 777 1126
3160 1203 1204 1205 3087
3161 697 129 33 989
3162 1155 1221 3060 3066
3163 816 810 710 3072
3164 160 161 809 1343
3165 699 1197 116 1097
3166 207 3048 1312 3092
3167 868 3062 1130 3076
3168 129 128 33 989
3169 1333 1337 748 749
3170 712 1119 1008 1007
3171 746 747 1341 748
3172 123 28 682 849
3173 143 77 142 1200
3174 1170 3060 1194 3075
3175 741 754 714 1114
3176 815 1310 3054 3069
3177 1149 3066 1148 3088
3178 727 919 918 920
3179 1132 3045 1227 3077
3180 1081 3065 1206 3087
3181 748 752 802 3058
3182 891 3045 841 3070
3183 916 736 917 915
3184 856 858 701 3063
3185 686 10 130 1166
3186 1335 1354 1321 730
3187 217 3082 216 3083
3188 1198 705 1026 3079
3189 258 3048 756 3054
3190 987 3052 1237 3088
3191 1064 3051 954 3081
3192 999 1226 3045 3071
3193 751 3062 752 3069
3194 926 1110 1111 774
3195 730 1323 1321 731
3196 810 1337 809 749
3197 700 1012 687 3065
3198 732 172 1119 1097
3199 1194 1221 706 3060
3200 971 1034 1051 3084
3201 1322 1348 1349 808
3202 910 984 880 3081
3203 697 696 990 989
3204 966 969 967 3092
3205 709 708 3061 3068
3206 138 7 49 807
3207 712 1007 713 1113
3208 144 79 78 800
3209 837 703 836 1061
3210 778 721 1350 3074
3211 86 1314 816 3055
3212 841 3045 842 3070
3213 1049 3050 1036 3084
3214 730 1335 1354 728
3215 1190 1041 1032 3094
3216 76 141 142 890
3217 1108 1092 694 698
3218 809 161 88 805
3219 1111 1062 768 936
3220 1210 3074 202 3085
3221 705 1042 692 3079
3222 131 44 6 1317
3223 132 45 44 804
3224 123 28 124 682
3225 1093 1094 1095 688
3226 147 82 81 734
3227 950 701 858 3063
3228 1275 243 244 3072
3229 145 80 79 775
3230 82 147 925 734
3231 1161 3060 1170 3093
3232 685 686 34 1166
3233 141 76 75 811
3234 1186 691 1066 3091
3235 1203 1079 1081 3087
3236 250 1269 249 3082
3237 687 688 1024 689
3238 713 1093 688 699
3239 938 3047 1163 3070
3240 736 696 917 915
3241 995 1188 970 3086
3242 1330 749 804 805
3243 682 29 124 838
3244 682 28 681 849
3245 686 163 10 1166
3246 177 176 118 1224
3247 120 121 185 722
3248 1210 3047 938 3070
3249 749 1330 1343 805
3250 747 1331 1346 1341
3251 814 697 696 990
3252 695 1112 691 1107
3253 691 1011 690 698
3254 213 212 821 1268
3255 692 1042 705 3089
3256 1293 3056 269 3073
3257 801 800 79 937
3258 129 34 130 685
3259 49 137 138 1353
3260 1212 3070 914 3074
3261 1243 693 1233 3091
3262 148 83 743 1160
3263 220 3082 219 3084
3264 1186 1213 1022 3091
3265 710 711 3052 3059
3266 927 845 3061 3068
3267 77 76 142 817
3268 689 1098 1197 699
3269 1317 1315 1316 805
3270 121 186 185 1348
3271 834 967 208 3092
3272 990 696 915 989
3273 1151 1117 1150 3093
3274 1029 706 1030 3089
3275 147 926 925 734
3276 730 47 1335 728
3277 1354 730 728 729
3278 985 994 1038 3078
3279 743 918 148 1160
3280 687 1002 701 689
3281 124 28 29 682
3282 174 116 117 1197
3283 738 1059 1060 916
3284 926 81 146 774
3285 89 88 161 805
3286 1319 183 120 782
3287 3 107 163 686
3288 704 1014 1023 3065
3289 712 713 732 1113
3290 844 823 843 3089
3291 1194 706 1031 3075
3292 83 707 695 1160
3293 160 161 88 809
3294 685 34 130 1166
3295 1210 3070 1211 3074
3296 163 107 164 1077
3297 139 74 2 681
3298 129 33 34 685
3299 1338 1333 1337 748
3300 1216 3050 1050 3084
3301 1186 1233 693 3091
3302 1010 1096 1094 688
3303 699 713 1093 1113
3304 133 134 46 1334
3305 688 1096 715 698
3306 213 821 1088 3046
3307 690 692 1011 691
3308 800 144 79 937
3309 714 1007 1005 1114
3310 239 3058 802 3059
3311 139 2 9 681
3312 933 3086 1164 3090
3313 1300 3048 206 3086
3314 144 145 79 937
3315 727 925 82 743
3316 1279 236 237 3076
3317 1175 1223 1222 3075
3318 1293 196 3056 3073
3319 688 1010 690 687
3320 736 735 696 915
3321 921 754 726 924
3322 47 46 135 1335
3323 1321 730 731 806
3324 206 3048 207 3086
3325 1338 1341 1333 748
3326 119 794 782 3051
3327 1218 3079 1249 3091
3328 734 925 82 727
3329 168 112 169 1069
3330 689 688 1093 699
3331 755 726 754 924
3332 1282 232 3069 3076
3333 921 726 754 715
3334 1143 3064 1144 3077
3335 130 3 10 686
3336 1195 3050 1256 3079
3337 227 3059 226 3088
3338 123 9 2 681
3339 757 756 1326 3048
3340 163 10 3 686
3341 709 3049 710 3050
3342 690 1096 1010 688
3343 1036 3050 1046 3078
3344 690 692 888 1011
3345 125 29 30 702
3346 866 871 1162 3090
3347 48 136 137 1320
3348 125 30 126 1059
3349 165 108 109 798
3350 1285 180 1284 822
3351 721 778 1350 782
3352 995 957 205 3086
3353 834 835 968 3092
3354 754 714 1114 715
3355 982 1205 981 3087
3356 692 706 704 3089
3357 243 1325 244 3072
3358 146 81 80 774
3359 1010 1096 690 1011
3360 44 131 1316 1317
3361 810 748 1337 749
3362 707 691 1112 693
3363 693 1172 707 797
3364 1143 991 3064 3094
3365 32 33 128 697
3366 689 1098 1024 945
3367 130 34 3 686
3368 1125 3062 1150 3093
3369 999 3045 891 3087
3370 2 28 123 681
3371 807 806 1349 808
3372 172 171 115 1126
3373 178 177 118 1067
3374 821 13 212 1084
3375 1350 782 778 3073
3376 715 714 1114 1109
3377 1114 921 754 715
3378 924 726 921 919
3379 893 1025 894 692
3380 821 1084 1088 3046
3381 691 1186 1112 693
3382 1117 1118 1087 3093
3383 183 119 120 782
3384 80 145 146 1110
3385 813 703 702 837
3386 122 187 186 1342
3387 726 921 919 920
3388 245 1262 244 3072
3389 1120 924 754 1114
3390 777 712 1008 742
3391 128 127 32 917
3392 901 863 902 3088
3393 1174 3057 1168 3075
3394 82 147 148 925
3395 1112 1066 1186 691
3396 734 81 926 774
3397 139 140 74 848
3398 1333 1330 1343 749
3399 1092 1108 1096 698
3400 1238 1014 704 3065
3401 222 3072 3049 3078
3402 1317 162 1315 805
3403 1197 117 174 1124
3404 924 921 754 1114
3405 160 87 159 1340
3406 1127 3062 1125 3093
3407 861 864 3080 3088
3408 226 3059 902 3088
3409 1169 1118 1151 3093
3410 695 743 83 1160
3411 1350 3073 778 3074
3412 117 701 118 3053
3413 1095 1094 1096 688
3414 691 1112 1092 1107
3415 119 822 118 3051
3416 1038 986 985 3078
3417 1096 715 1108 1109
3418 919 733 727 923
3419 1290 191 3051 3064
3420 831 3068 832 3083
3421 1190 3077 963 3094
3422 1020 1022 1213 3091
3423 694 920 918 1107
3424 970 957 995 3086
3425 705 3052 711 3066
3426 1004 1008 742 1102
3427 1256 3050 1048 3079
3428 1092 920 694 1107
3429 166 109 110 795
3430 802 710 810 3072
3431 895 891 3070 3087
3432 802 748 1337 810
3433 759 734 926 774
3434 1163 3047 933 3090
3435 727 925 919 923
3436 704 687 1012 3065
3437 920 727 726 694
3438 160 88 87 809
3439 971 1051 965 3084
3440 167 110 111 796
3441 116 732 699 1097
3442 896 1257 3070 3090
3443 1030 706 1221 3089
3444 87 86 158 816
3445 1302 3054 209 3092
3446 1119 712 777 732
3447 710 705 3050 3052
3448 1131 3069 232 3076
3449 1349 1342 1353 807
3450 733 734 727 923
3451 843 823 825 3089
3452 695 694 918 1107
3453 1050 3050 1049 3084
3454 910 909 984 3081
3455 982 1252 1079 3087
3456 965 972 971 3084
3457 1107 695 1159 1160
3458 148 83 82 743
3459 1011 1096 690 698
3460 931 693 708 3061
3461 1163 896 3070 3090
3462 191 3064 911 3081
3463 223 3067 224 3072
3464 920 918 727 694
3465 1096 1108 715 698
3466 880 3053 955 3081
3467 83 148 149 1160
3468 1211 3070 1212 3074
3469 1100 3054 3069 3092
3470 1114 921 715 1109
3471 1119 777 1126 732
3472 828 827 1013 3094
3473 1066 692 1025 3091
3474 86 157 158 1313
3475 28 123 681 849
3476 878 3081 827 3094
3477 690 1096 688 698
3478 152 153 85 1104
3479 1032 1041 1013 3094
3480 89 162 1317 805
3481 1242 1147 863 3088
3482 1092 694 691 1107
3483 1342 138 1353 807
3484 1305 199 3073 3074
3485 691 1186 693 3091
3486 749 1343 809 805
3487 1208 1204 3071 3087
3488 686 130 34 1166
3489 705 1027 3052 3066
3490 217 964 3082 3083
3491 227 3058 3059 3088
3492 687 700 701 3063
3493 878 829 3053 3094
3494 699 1098 1197 1097
3495 1093 1098 689 699
3496 699 732 713 1113
3497 778 757 721 3074
3498 182 181 119 1318
3499 886 3057 966 3092
3500 1107 918 695 1160
3501 1234 828 1041 3094
3502 726 733 727 919
3503 1113 699 732 1097
3504 695 707 1159 1160
3505 980 3057 885 3086
3506 968 967 834 3092
3507 1113 1093 699 1097
3508 132 44 131 1316
3509 732 1119 1113 1097
3510 843 1221 3066 3089
3511 966 967 968 3092
3512 1231 1226 3071 3077
3513 715 921 1108 1109
3514 218 3082 964 3084
3515 886 3092 1118 3093
3516 734 925 727 923
3517 1007 1095 713 1113
3518 867 1189 3057 3090
3519 901 1242 863 3088
3520 1287 3074 1297 3085
3521 138 49 1353 807
3522 1203 1205 1079 3087
3523 1276 3067 3059 3072
3524 690 876 1010 1011
3525 1230 3075 3065 3090
3526 993 3067 994 3078
3527 962 3063 963 3071
3528 695 691 694 1107
3529 885 3057 969 3092
3530 1189 1164 3086 3090
3531 1079 1205 982 3087
3532 926 925 734 923
3533 1118 1117 1151 3093
3534 3065 3087 1081 3090
3535 1292 822 1284 3051
3536 743 694 918 695
3537 1092 1066 1112 691
3538 1037 3078 3049 3084
3539 751 815 3054 3069
3540 1158 3060 1161 3093
3541 1007 714 712 713
3542 1028 3050 705 3078
3543 1173 3061 1135 3068
3544 210 209 3054 3092
3545 903 902 3067 3088
3546 1066 691 692 3091
3547 86 157 1313 3055
3548 865 3075 1245 3090
3549 1187 3057 1189 3086
3550 700 794 3063 3071
3551 711 3060 706 3066
3552 202 3074 1287 3085
3553 810 1339 1337 1325
3554 1100 3092 3069 3093
3555 85 153 154 1085
3556 86 85 821 3046
3557 1257 1080 3087 3090
3558 3060 3066 1221 3089
3559 691 694 1092 698
3560 1284 822 16 3051
3561 779 3047 778 3070
3562 119 1318 181 3051
3563 1231 3071 963 3077
3564 878 3053 880 3081
3565 1241 3065 700 3071
3566 16 181 275 3051
3567 992 3064 991 3081
3568 981 3071 999 3087
3569 84 150 151 1165
3570 694 918 727 743
3571 925 727 919 918
3572 963 3063 979 3094
3573 693 1243 708 3091
3574 1217 1140 3068 3083
3575 1093 1098 699 1097
3576 219 3082 218 3084
3577 191 908 3051 3081
3578 3058 861 3080 3088
3579 779 778 3045 3070
3580 1143 3077 1032 3094
3581 1155 3066 3060 3080
3582 925 727 918 743
3583 856 1234 3063 3094
3584 983 872 3083 3084
3585 908 954 3051 3081
3586 885 966 3057 3092
3587 964 3083 872 3084
3588 1148 3066 3080 3088
3589 189 822 1292 3051
3590 15 188 1065 822
3591 821 3046 213 3055
3592 794 3045 778 3056
3593 1312 3048 3054 3092
3594 705 998 3066 3089
3595 1128 3045 3056 3073
3596 911 3064 992 3081
3597 1187 1188 3057 3086
3598 832 3068 1140 3083
3599 918 743 695 1160
3600 1041 828 1013 3094
3601 843 3066 996 3089
3602 1219 3079 708 3091
3603 3070 3074 1210 3085
3604 700 3063 907 3071
3605 710 802 3059 3072
3606 154 13 821 1084
3607 711 3058 752 3062
3608 1080 1081 3087 3090
3609 3052 3059 711 3088
3610 816 3049 709 3082
3611 706 3060 1221 3089
3612 885 3057 1188 3086
3613 1168 3075 3057 3093
3614 1209 3068 3050 3084
3615 981 1208 3071 3087
3616 1127 3069 3062 3093
3617 3060 3075 1170 3093
3618 229 3076 3058 3080
3619 175 174 117 1124
3620 778 782 3056 3073
3621 710 3052 3050 3078
3622 204 934 3085 3086
3623 701 3053 857 3094
3624 705 3050 1028 3079
3625 215 3055 3046 3083
3626 1241 3065 3071 3087
3627 816 709 3055 3082
3628 1132 3056 3045 3077
3629 895 3070 1252 3087
3630 1194 3060 706 3075
3631 1252 3070 1257 3087
3632 1209 3050 3068 3079
3633 216 3082 3055 3083
3634 700 687 704 3065
3635 856 3063 701 3094
3636 710 3059 3052 3067
3637 1185 3064 3056 3077
3638 1217 3083 3068 3084
3639 119 181 16 3051
3640 821 86 3046 3055
3641 3052 3066 1237 3088
3642 16 822 119 3051
3643 3062 3076 870 3080
3644 1130 3062 3069 3076
3645 842 3070 3045 3073
3646 778 3070 3047 3074
3647 1036 3050 3078 3084
3648 3059 3067 902 3088
3649 1118 3092 1087 3093
3650 3047 3070 1210 3085
3651 794 3051 3053 3081
3652 1190 1032 3077 3094
3653 914 3070 3073 3074
3654 1234 979 3063 3094
3655 778 3047 757 3074
3656 693 797 708 3061
3657 1065 178 15 822
3658 3049 3082 220 3084
3659 3052 3067 3059 3088
3660 711 3059 3058 3088
3661 207 3086 3048 3092
3662 710 3072 3067 3078
3663 942 3068 708 3079
3664 794 3071 3045 3077
3665 794 3063 3071 3077
3666 3045 3071 1226 3077
3667 779 3057 3047 3090
3668 709 3050 708 3068
3669 927 3061 708 3068
3670 779 3075 3057 3090
3671 1143 3064 3077 3094
3672 827 3081 984 3094
3673 700 3065 779 3071
3674 3057 3075 867 3090
3675 999 3071 3045 3087
3676 710 3049 3072 3078
3677 1285 188 179 822
3678 3058 3062 711 3080
3679 779 3071 3065 3087
3680 3069 3092 3054 3093
3681 963 3071 3063 3077
3682 3045 3070 891 3087
3683 886 3057 3092 3093
3684 1163 3070 3047 3090
3685 3050 3052 705 3078
3686 821 212 155 1268
3687 751 3057 3075 3093
3688 933 3047 3086 3090
3689 3064 991 3081 3094
3690 1189 3086 3057 3090
3691 3059 3067 710 3072
3692 963 3077 3063 3094
3693 779 3045 3071 3087
3694 1257 3087 3070 3090
3695 751 3075 3060 3093
3696 3082 3083 964 3084
3697 191 3051 3064 3081
3698 710 3050 3049 3078
3699 706 3066 3060 3089
3700 878 3053 3081 3094
3701 1284 180 16 822
3702 778 3073 3070 3074
3703 3065 3075 779 3090
3704 751 3069 3054 3093
3705 821 156 14 1268
3706 1285 179 180 822
3707 752 3062 3058 3076
3708 751 3062 3069 3093
3709 3060 3062 751 3093
3710 155 156 821 1268
3711 779 3087 3065 3090
3712 711 3058 3080 3088
3713 708 3068 3050 3079
3714 179 188 15 822
3715 3047 3048 3085 3086
3716 3049 3078 3050 3084
3717 757 3074 3047 3085
3718 212 155 13 821
3719 3045 3070 778 3073
3720 710 3067 3052 3078
3721 3047 3057 3048 3086
3722 3060 3066 711 3080
3723 711 3062 3060 3080
3724 3058 3076 3062 3080
3725 757 3047 3048 3085
3726 711 3080 3066 3088
3727 3068 3083 709 3084
3728 709 3068 3046 3083
3729 794 3064 3051 3081
3730 778 3056 3045 3073
3731 3046 3055 709 3083
3732 3050 3068 709 3084
3733 3047 3074 3070 3085
3734 3063 3077 794 3094
3735 3049 3050 709 3084
3736 751 3054 3092 3093
3737 711 3066 3052 3088
3738 752 3069 3062 3076
3739 3053 794 3081 3094
3740 3045 3056 794 3077
3741 751 3054 3048 3092
3742 3055 3082 709 3083
3743 779 3070 3045 3087
3744 3048 3086 3057 3092
3745 3056 3064 794 3077
3746 3049 709 3082 3084
3747 751 3048 3057 3092
3748 794 3077 3064 3094
3749 3057 3086 3047 3090
3750 794 3064 3081 3094
3751 779 3047 3070 3090
3752 751 3092 3057 3093
3753 709 3083 3082 3084
3754 779 3070 3087 3090
3755 794 779 778 3045
3756 794 118 701 3053
3757 751 706 711 3060
3758 934 938 3047 933
3759 3047 938 934 3085
3760 3047 3086 934 933
3761 934 3086 3047 3085
3762 118 1065 178 1067
3763 118 178 1065 822
3764 3053 1064 118 1067
3765 1064 1065 118 1067
3766 1064 118 1065 822
3767 1185 1132 3056 1129
3768 3056 1132 1185 3077
3769 250 1266 3055 251
3770 250 3055 1266 3082
3771 3074 263 757 1332
3772 3074 757 263 3085
3773 262 757 263 1332
3774 262 263 757 3085
3775 709 85 3061 708
3776 709 3061 85 3046
3777 1040 220 3049 221
3778 3049 220 1040 3084
3779 708 692 3079 705
3780 708 3079 692 3091
3781 3089 888 894 1029
3782 3089 894 888 692
3783 1023 3075 1246 1033
3784 1246 3075 1023 3065
3785 797 1244 931 693
3786 797 931 1244 1248
3787 1084 154 3046 821
3788 1084 3046 154 1085
3789 85 3046 154 821
3790 85 154 3046 1085
3791 3061 1105 1167 797
3792 3061 1167 1105 1103
3793 3075 1023 706 1033
3794 3075 706 1023 704
3795 3074 266 1305 265
3796 3074 1305 266 3073
3797 3054 255 756 256
3798 3054 756 255 815
3799 1328 756 255 256
3800 1328 255 756 815
3801 958 818 1192 1043
3802 958 1192 818 799
3803 704 779 3075 706
3804 3075 779 704 3065
3805 3069 18 254 233
3806 3069 254 18 815
3807 1009 737 958 1044
3808 1009 958 737 812
3809 776 1138 1089 941
3810 1089 1138 776 767
3811 776 766 1089 767
3812 870 3080 1125 3062
3813 870 1125 3080 853
3814 1150 1125 3080 3062
3815 1150 3080 1125 853
3816 3064 271 782 272
3817 3064 782 271 3056
3818 809 1340 810 87
3819 809 810 1340 1339
3820 3064 1309 271 1306
3821 3064 271 1309 3056
3822 1104 3061 3046 85
3823 3046 3061 1104 1075
3824 1320 807 1349 1353
3825 1349 807 1320 806
3826 816 250 3055 1314
3827 816 3055 250 3082
3828 3073 269 782 3056
3829 3073 782 269 268
3830 75 848 811 683
3831 3091 943 1219 1021
3832 3091 1219 943 708
3833 3053 1123 857 1071
3834 3053 857 1123 701
3835 1321 806 48 730
3836 48 806 1321 1320
3837 48 136 1321 730
3838 1321 136 48 1320
3839 737 1122 915 735
3840 915 1122 737 1044
3841 1046 3078 1255 1047
3842 1046 1255 3078 3050
3843 1195 1255 3078 1047
3844 1195 3078 1255 3050
3845 3076 238 752 237
3846 3076 752 238 3058
3847 1338 752 238 237
3848 1338 238 752 3058
3849 1168 3093 886 1169
3850 886 3093 1168 3057
3851 1104 3046 1085 85
3852 1085 3046 1104 1083
3853 695 1112 707 691
3854 695 707 1112 1159
3855 790 1138 773 767
3856 773 1138 790 939
3857 3086 1299 3048 3085
3858 3086 3048 1299 1300
3859 261 3048 1299 3085
3860 261 1299 3048 1300
3861 776 167 168 111
3862 776 168 167 941
3863 213 3055 214 1267
3864 214 3055 213 3046
3865 3093 1168 1170 1169
3866 3093 1170 1168 3075
3867 783 1073 750 745
3868 750 1073 783 1196
3869 783 1214 978 770
3870 978 1214 783 1196
3871 3073 914 842 3070
3872 3073 842 914 913
3873 687 1094 1010 1003
3874 687 1010 1094 688
3875 3061 1074 833 1076
3876 3061 833 1074 3046
3877 1340 810 1329 1339
3878 1329 810 1340 816
3879 3061 833 3068 1173
3880 3061 3068 833 3046
3881 75 1045 848 140
3882 848 1045 75 811
3883 3089 894 826 824
3884 3089 826 894 692
3885 3087 1241 1206 1204
3886 3087 1206 1241 3065
3887 1026 3079 1028 1193
3888 1028 3079 1026 705
3889 3071 794 779 700
3890 3071 779 794 3045
3891 120 1351 185 184
3892 120 185 1351 722
3893 1226 3045 1227 892
3894 1226 1227 3045 3077
3895 3067 3088 3078 1146
3896 3067 3078 3088 3052
3897 987 3078 3088 1146
3898 987 3088 3078 3052
3899 3046 833 3083 3068
3900 831 833 3083 830
3901 831 3083 833 3068
3902 3062 3093 3080 1150
3903 3062 3080 3093 3060
3904 1158 3080 3093 1150
3905 1158 3093 3080 3060
3906 3064 195 1309 194
3907 3064 1309 195 3056
3908 3068 942 927 850
3909 3068 927 942 708
3910 821 3055 14 86
3911 821 14 3055 253
3912 157 14 3055 86
3913 157 3055 14 253
3914 1064 3053 3051 3081
3915 3075 1174 867 1175
3916 3075 867 1174 3057
3917 3089 996 998 3066
3918 3089 998 996 844
3919 3086 1299 204 205
3920 3086 204 1299 3085
3921 865 3075 867 1175
3922 865 867 3075 3090
3923 3092 210 1100 3054
3924 3092 1100 210 835
3925 805 162 161 89
3926 805 161 162 1315
3927 3088 903 1146 3067
3928 3088 1146 903 901
3929 3078 993 1146 985
3930 3078 1146 993 3067
3931 1135 3068 845 847
3932 845 3068 1135 3061
3933 3091 1025 893 692
3934 3091 893 1025 1213
3935 984 3094 991 1013
3936 991 3094 984 3081
3937 3094 701 794 3063
3938 3094 794 701 3053
3939 1028 988 3052 1027
3940 3052 988 1028 3078
3941 3052 705 1028 1027
3942 1028 705 3052 3078
3943 3064 272 3051 273
3944 3064 3051 272 782
3945 1318 3051 272 273
3946 1318 272 3051 782
3947 3053 1123 117 701
3948 3053 117 1123 1070
3949 1064 118 3051 3053
3950 1064 3051 118 822
3951 1089 776 1069 766
3952 1069 776 1089 941
3953 3057 969 207 980
3954 207 969 3057 3092
3955 207 3086 3057 980
3956 3057 3086 207 3092
3957 833 3083 974 3046
3958 833 974 3083 830
3959 851 974 3083 3046
3960 851 3083 974 830
3 3 4 9335
3961 3126 3118 3313 3602
3962 1860 3406 3430 3620
3963 3176 3431 3384 3629
3964 3189 3256 3288 3302
3965 3116 3384 3176 3621
3966 3191 3353 2304 3717
3967 3112 3160 3331 3662
3968 1133 3539 1610 3617
3969 3154 3155 3351 3520
3970 1225 3354 3257 3448
3971 3180 3405 3293 3677
3972 3118 3455 3313 3602
3973 3162 3378 3336 3555
3974 3450 3472 3432 3535
3975 1659 3254 3288 3583
3976 3154 3378 3234 3436
3977 1669 3235 3463 3464
3978 3195 3350 3095 3443
3979 1659 3288 3254 3683
3980 960 3264 1192 3394
3981 3296 3420 3235 3680
3982 3380 3381 3161 3423
3983 1795 3317 1688 3413
3984 2036 1942 2106 1151
3985 3130 3420 3296 3680
3986 3233 3234 3154 3287
3987 3192 3325 1991 3534
3988 1460 3308 3218 3323
3989 1745 3362 3317 3694
3990 3160 3661 2065 3664
3991 3333 3368 3123 3670
3992 1450 3249 3205 3306
3993 3257 3354 2128 3448
3994 3110 3285 3122 3430
3995 3191 2304 3415 3717
3996 3166 3688 3261 3769
3997 2037 3354 3257 3566
3998 3126 3236 3118 3602
3999 1784 1597 1783 3188
4000 3159 3251 3148 3692
4001 3155 3378 3154 3436
4002 2229 2283 3364 3494
4003 3210 3171 3370 3722
4004 3205 3306 1120 3308
4005 3454 3503 3182 3772
4006 878 2316 2071 3643
4007 3138 3559 3304 3816
4008 2085 3389 3241 3437
4009 3237 3266 3134 3414
4010 947 1063 1062 3308
4011 882 3213 837 3412
4012 1653 1793 331 3170
4013 3372 3274 3489 3721
4014 1225 3448 3257 3495
4015 2065 3313 3160 3664
4016 3150 3381 3178 3593
4017 1593 1133 1610 3617
4018 3261 3166 3414 3688
4019 3132 3434 3397 3778
4020 3257 3448 2303 3495
4021 2126 2124 3437 3812
4022 3247 3537 3499 3771
4023 3351 3571 2213 3760
4024 3353 3590 3237 3655
4025 3360 3386 2261 3565
4026 3321 3416 3322 3460
4027 1811 3251 3528 3701
4028 3211 3437 2124 3812
4029 2268 330 3232 3419
4030 3146 3284 3250 3464
4031 3160 3226 3147 3664
4032 1841 3201 3268 3426
4033 1404 848 1417 3412
4034 1246 3260 3203 3361
4035 3154 3351 3155 3436
4036 2311 3446 3330 3519
4037 3122 3217 3110 3430
4038 1368 3412 838 3834
4039 1688 1607 1686 3413
4040 1927 3321 3322 3460
4041 2313 2156 3446 3468
4042 1878 1879 1877 3329
4043 884 837 882 3213
4044 1696 3458 3403 3720
4045 3194 3155 3351 3436
4046 3328 3349 859 3357
4047 3457 3525 3355 3550
4048 3198 3328 2094 3349
4049 3119 3250 3284 3464
4050 3161 2261 3386 3565
4051 1879 3184 1877 3329
4052 1019 1731 3376 3563
4053 1991 3192 2088 3325
4054 3216 3295 1483 3669
4055 3311 3403 1700 3458
4056 1996 3424 3196 3460
4057 2261 3565 3540 3566
4058 1879 3184 3329 3698
4059 3200 3273 3172 3728
4060 3174 3122 3285 3430
4061 3096 3306 3249 3574
4062 1062 3218 3308 3323
4063 882 884 3213 3755
4064 2037 3540 3354 3566
4065 3119 3466 3284 3709
4066 1878 3329 1877 3397
4067 2245 3191 3369 3474
4068 3237 3240 3239 3655
4069 3241 3478 3247 3623
4070 3161 3540 2261 3565
4071 3222 3839 1547 3840
4072 1120 3308 3306 3761
4073 2229 3364 2283 3733
4074 332 3170 3509 3835
4075 838 837 3213 3412
4076 839 882 837 3412
4077 838 3412 3213 3834
4078 1371 3216 1483 3669
4079 3176 3116 3314 3584
4080 3203 3544 3185 3587
4081 3294 3223 3735 3832
4082 1869 3456 1865 3698
4083 952 2029 956 1231
4084 3229 3367 3562 3663
4085 3183 3304 3184 3698
4086 2126 3437 3424 3812
4087 3327 3479 3155 3668
4088 3161 3386 2261 3540
4089 1783 3188 1597 3279
4090 3177 3674 3486 3754
4091 2297 3327 3351 3760
4092 948 924 1120 3308
4093 3237 3287 3266 3414
4094 1841 3201 3426 3604
4095 3140 3593 3381 3634
4096 2296 3155 3479 3496
4097 3381 3386 3178 3593
4098 1610 3539 1636 3617
4099 982 3557 2076 3724
4100 3097 3378 3155 3436
4101 1551 3479 3327 3668
4102 331 1793 1386 3170
4103 3180 3304 3685 3720
4104 1483 3295 1375 3669
4105 2343 3214 2320 3661
4106 3372 3404 3274 3721
4107 1860 1899 3406 3620
4108 828 3616 2363 3643
4109 2036 1151 2106 3610
4110 1728 1860 1899 3406
4111 1745 3694 1746 3835
4112 3241 3298 3140 3320
4113 3108 3210 3370 3601
4114 3147 3226 3652 3664
4115 1593 1592 1076 3617
4116 2094 3328 3198 3780
4117 1611 1610 1593 1133
4118 1411 3246 3267 3826
4119 1358 1357 836 3213
4120 1371 1483 1375 3669
4121 1575 899 831 3828
4122 3160 3147 3408 3664
4123 3155 3378 3496 3520
4124 3140 3386 3381 3593
4125 3125 3305 3278 3667
4126 3125 3472 3450 3535
4127 2027 3486 3674 3754
4128 836 1357 1359 3213
4129 1636 3539 3405 3617
4130 1991 3534 3325 3628
4131 3191 3369 3474 3764
4132 2214 3369 3204 3571
4133 3174 3430 3268 3607
4134 3155 3378 3336 3496
4135 1542 3264 1466 3471
4136 3322 3416 3259 3460
4137 3265 1446 3438 3693
4138 2265 3400 3322 3557
4139 2259 3349 3178 3593
4140 2013 3590 3353 3655
4141 1113 3432 3335 3472
4142 2065 3214 3160 3313
4143 2095 3198 2094 3349
4144 3160 3112 3390 3662
4145 3155 2297 3327 3351
4146 1603 1811 3251 3528
4147 3203 3260 3185 3544
4148 3540 3565 3161 3566
4149 1572 3355 3311 3458
4150 2294 3270 3382 3388
4151 2037 2128 3257 3354
4152 3158 3457 3304 3458
4153 1688 3317 3156 3413
4154 3285 3290 3122 3516
4155 900 846 899 3585
4156 1834 1745 3317 3694
4157 2214 3571 3262 3760
4158 3237 3353 2013 3474
4159 3140 3383 3298 3514
4160 3296 3119 3464 3592
4161 1784 3188 1783 3337
4162 3129 3362 3317 3619
4163 3392 3671 3555 3758
4164 3150 3381 3593 3634
4165 3259 2044 3322 3460
4166 3124 3589 3106 3619
4167 1865 3456 3184 3698
4168 3239 3299 2153 3575
4169 3168 3334 3250 3702
4170 1841 3268 3201 3387
4171 3381 3634 3150 3808
4172 3155 3154 3378 3520
4173 3315 3343 3142 3445
4174 3140 3383 3514 3593
4175 3250 3464 3119 3592
4176 3147 3652 3408 3664
4177 2236 3203 3260 3361
4178 2071 878 3643 3684
4179 1048 3376 1731 3500
4180 3122 3174 3406 3430
4181 3176 3384 3232 3629
4182 1656 3256 3439 3480
4183 882 3246 3213 3412
4184 1256 1908 1255 3500
4185 2259 3178 2257 3593
4186 1877 3329 3184 3397
4187 3208 3462 1567 3648
4188 1657 3439 3413 3480
4189 3119 3591 3334 3592
4190 3241 3360 2086 3437
4191 978 3220 3219 3308
4192 924 3205 1120 3308
4193 3183 3456 1165 3615
4194 1551 3668 3327 3705
4195 2085 3241 2086 3437
4196 3430 3607 3174 3824
4197 3196 3460 3321 3713
4198 3618 3736 3444 3756
4199 2297 3155 2296 3496
4200 1113 3104 3335 3432
4201 1572 3311 3355 3513
4202 1624 3521 1621 3601
4203 3284 3466 3342 3709
4204 1246 3260 3361 3459
4205 1419 1376 1377 3412
4206 3139 3375 3298 3383
4207 1587 3294 3735 3832
4208 2088 3325 3192 3374
4209 1997 3321 3460 3713
4210 849 1417 848 3412
4211 3321 3322 1052 3484
4212 3304 3559 3158 3816
4213 1120 1141 3308 3761
4214 384 3575 3622 3691
4215 2058 3232 2196 3244
4216 1975 2172 3165 3477
4217 2083 2160 3187 3727
4218 2122 1508 3202 3330
4219 1624 3210 3521 3601
4220 1543 1544 960 3394
4221 3193 3390 3112 3662
4222 2088 3374 3192 3793
4223 3212 3227 3107 3604
4224 3251 3692 3159 3803
4225 3195 3102 3473 3752
4226 3133 3298 3241 3320
4227 3188 3337 1784 3462
4228 3413 3439 3256 3480
4229 1720 3454 3453 3772
4230 1102 1181 3529 3679
4231 3110 3268 3285 3430
4232 940 960 1192 3394
4233 1371 1375 1364 3669
4234 3144 3372 3274 3489
4235 1903 3379 3172 3735
4236 3329 3397 1878 3465
4237 1139 3319 1043 3363
4238 2031 2029 952 1231
4239 3405 3617 3539 3801
4240 2213 3369 3351 3520
4241 1670 3235 3420 3421
4242 2122 3202 2123 3330
4243 3547 3708 3388 3812
4244 931 3167 3293 3294
4245 1359 1368 838 3834
4246 3221 3574 3306 3679
4247 3294 3452 3223 3832
4248 1903 3543 3379 3735
4249 332 1653 331 3170
4250 3172 3728 1903 3735
4251 3390 3661 3160 3662
4252 2193 3348 3209 3382
4253 3354 3541 3257 3566
4254 3237 3590 3240 3655
4255 3155 3327 3194 3351
4256 838 839 837 3412
4257 3336 3378 3162 3496
4258 924 3205 3308 3748
4259 3342 3466 3243 3709
4260 940 1543 960 3394
4261 3174 3285 3268 3430
4262 2169 3262 3209 3348
4263 1907 3728 3469 3735
4264 1920 3521 3256 3683
4265 1667 3685 3304 3720
4266 1743 1740 1154 3644
4267 3351 3369 3154 3520
4268 2061 3544 3203 3587
4269 2061 3260 3203 3544
4270 2061 2237 3260 3544
4271 3209 3262 2169 3651
4272 3366 3503 1780 3772
4273 3129 3619 3317 3744
4274 1612 1610 1075 3765
4275 3161 3386 3360 3565
4276 1687 3480 3413 3609
4277 3105 3529 1181 3679
4278 3372 3631 3630 3647
4279 3263 1623 3548 3659
4280 3146 3200 3345 3463
4281 2275 2122 2123 3330
4282 3417 3498 3108 3719
4283 378 3327 3212 3705
4284 1375 3295 1364 3669
4285 1975 1973 2195 3477
4286 1975 3165 3391 3477
4287 2320 3214 3390 3661
4288 2352 3247 3389 3399
4289 1807 1824 1809 3779
4290 2055 3357 3354 3742
4291 2013 3353 3237 3655
4292 1480 1464 3629 3746
4293 1587 3452 3294 3832
4294 338 1608 337 3318
4295 3276 3493 3336 3555
4296 1599 3316 3277 3395
4297 3286 3333 3123 3670
4298 3102 3443 3195 3473
4299 3166 3579 3578 3717
4300 3155 3097 3436 3492
4301 3349 3645 3198 3808
4302 881 1179 3246 3826
4303 3310 3334 3168 3702
4304 1644 1642 1217 3563
4305 330 2268 23 3419
4306 3201 3212 3107 3604
4307 3274 3404 3372 3501
4308 3260 3400 2116 3459
4309 1757 3607 3430 3824
4310 1621 3505 1585 3601
4311 1593 1592 1611 1076
4312 1139 1184 1156 3265
4313 3127 3241 3360 3380
4314 1420 3218 1389 3323
4315 2291 3349 3593 3715
4316 1544 3264 1542 3471
4317 1877 3184 1865 3397
4318 3119 3296 3591 3592
4319 3200 3554 3463 3728
4320 3397 3434 1418 3778
4321 1903 3172 3379 3728
4322 3232 3419 330 3746
4323 3188 3279 1783 3337
4324 2067 3387 3289 3494
4325 3219 3308 1455 3323
4326 1179 3611 3246 3826
4327 2132 2120 2118 3477
4328 3208 3106 3288 3589
4329 1139 949 1043 3319
4330 3140 3360 3241 3380
4331 1807 3656 1824 3779
4332 3277 3516 3122 3627
4333 3140 3380 1002 3381
4334 3406 3430 3174 3824
4335 3424 3460 2026 3811
4336 3306 3308 1499 3761
4337 3140 3381 1024 3634
4338 2359 3562 3367 3663
4339 3339 3411 1760 3470
4340 2067 3217 3387 3494
4341 3336 3555 3671 3758
4342 982 2076 2113 3724
4343 3189 3659 3263 3749
4344 3499 3537 3228 3771
4345 2033 892 2247 3724
4346 2343 2320 2064 3661
4347 3211 3389 2124 3437
4348 2311 2313 2156 3446
4349 3138 3329 3242 3719
4350 1133 1593 1076 3617
4351 3258 3307 1424 3797
4352 1807 3225 3656 3779
4353 3366 3518 3324 3772
4354 2193 3209 3596 3708
4355 2041 1079 1257 3821
4356 3146 3345 3235 3463
4357 1446 3319 3307 3693
4358 3155 3336 3378 3493
4359 1700 3403 1696 3458
4360 900 899 1576 3585
4361 3116 3407 3314 3584
4362 1443 3611 3246 3755
4363 1688 1795 1832 3317
4364 1585 3505 3242 3601
4365 1544 3264 960 3394
4366 924 3308 3218 3748
4367 3416 3196 3690 3777
4368 2196 3244 3232 3407
4369 3105 3157 3529 3679
4370 2031 1231 3657 3770
4371 1597 1596 1595 3608
4372 3525 3549 3355 3550
4373 1611 1612 1610 1075
4374 3133 3537 3247 3771
4375 2296 3155 2297 3479
4376 3250 3334 3119 3702
4377 1555 3503 3454 3772
4378 948 1120 1141 3308
4379 1069 3258 1089 3529
4380 3166 3769 3261 3774
4381 2298 3499 3415 3579
4382 1915 3404 3513 3647
4383 2124 3389 3211 3596
4384 3140 3298 3241 3514
4385 3304 3685 1668 3698
4386 2254 3299 3239 3655
4387 1246 3361 3203 3582
4388 3480 3609 1687 3624
4389 2306 2095 3349 3393
4390 3324 3528 3371 3613
4391 1419 1377 1477 3412
4392 3312 3355 3311 3787
4393 3131 3440 3347 3542
4394 859 3357 3349 3808
4395 2055 3354 3357 3475
4396 3200 3554 3728 3790
4397 3220 1499 3308 3761
4398 1043 3319 3264 3363
4399 3228 3562 3522 3769
4400 3124 3297 3106 3589
4401 3155 3327 2297 3479
4402 326 2097 327 3236
4403 3134 3240 3237 3590
4404 3170 3218 1421 3509
4405 2297 3496 2295 3520
4406 3219 3323 1434 3710
4407 1573 1585 3242 3601
4408 2257 3178 2259 3742
4409 3178 3386 2257 3593
4410 3256 3288 3106 3589
4411 3195 3384 3116 3621
4412 3177 3673 3674 3754
4413 1688 1832 3156 3317
4414 2310 2154 1548 3330
4415 3367 3663 3278 3689
4416 1208 3485 3322 3557
4417 3166 3578 3352 3717
4418 2094 3198 2095 3780
4419 978 976 977 3220
4420 3187 3605 3186 3727
4421 1420 3170 1389 3218
4422 2341 3257 3495 3713
4423 3162 3238 3115 3299
4424 2044 3460 3259 3461
4425 881 889 1179 3826
4426 3392 3555 3162 3758
4427 3223 3641 3481 3707
4428 2083 2158 2160 3727
4429 3103 3234 3233 3287
4430 956 2030 2135 1190
4431 3354 3540 3541 3566
4432 3176 3236 2100 3625
4433 2329 3736 3618 3756
4434 3250 3119 3334 3592
4435 1745 3129 3694 3835
4436 924 3098 3706 3748
4437 1138 3258 941 3797
4438 2027 3674 3673 3754
4439 2257 3540 3178 3742
4440 3129 3218 3170 3509
4441 3415 3499 3228 3579
4442 3237 3353 3191 3414
4443 1962 3204 3369 3510
4444 1445 3307 3306 3761
4445 2087 3247 3241 3389
4446 1139 1184 3265 3363
4447 1041 2363 828 3616
4448 1089 1069 941 3258
4449 2116 3400 3260 3792
4450 949 3264 1043 3319
4451 1524 3258 1525 3394
4452 1573 1621 1585 3601
4453 384 3575 2152 3622
4454 3134 3237 3353 3590
4455 2086 3360 3241 3623
4456 3250 3334 3168 3490
4457 2054 3349 3357 3742
4458 882 3213 3246 3755
4459 1638 3293 3451 3801
4460 1557 3324 3518 3772
4461 3191 3369 3233 3510
4462 1045 848 1404 3412
4463 1359 838 3213 3834
4464 2328 3495 3321 3713
4465 1697 3762 3403 3783
4466 2123 3330 3202 3519
4467 2189 3461 3259 3544
4468 2099 2100 3236 3625
4469 3108 1160 3417 3719
4470 1369 838 1368 3412
4471 3178 3381 3150 3808
4472 3379 3543 3172 3735
4473 1807 1809 3434 3779
4474 1573 1624 1621 3601
4475 3159 3622 3575 3691
4476 3122 3285 3110 3290
4477 3140 3241 3360 3514
4478 3177 3192 3104 3486
4479 1209 1731 1019 3563
4480 3220 1446 3307 3693
4481 1717 3677 3245 3685
4482 2303 3257 2128 3448
4483 1377 1376 1380 3412
4484 3193 3661 3390 3662
4485 3294 3451 1753 3762
4486 1478 3246 1411 3826
4487 3235 3345 3200 3463
4488 3229 3562 3449 3663
4489 3178 3349 2259 3742
4490 3414 3637 3300 3688
4491 1524 1538 1069 1539
4492 3127 3241 3380 3524
4493 1656 3439 1657 3480
4494 1374 3213 1360 3750
4495 1543 1546 960 1544
4496 3322 3484 1940 3485
4497 1860 3620 3430 3739
4498 2135 1032 956 1190
4499 1672 3296 3235 3464
4500 1686 1795 1688 3413
4501 2311 2354 3446 3519
4502 3288 3302 3208 3809
4503 2193 3382 3209 3708
4504 2254 3239 1958 3655
4505 2311 3215 3330 3446
4506 3211 3708 3547 3812
4507 2343 3214 2065 3313
4508 2152 3575 3299 3622
4509 889 3611 1179 3826
4510 2275 3330 2123 3519
4511 3298 3139 3383 3634
4512 2214 1962 3204 3369
4513 2296 3496 3479 3758
4514 849 839 838 3412
4515 3187 3676 3605 3727
4516 1610 1611 1075 1133
4517 3259 3322 2044 3792
4518 1586 1801 1805 3718
4519 1717 3405 3245 3677
4520 378 3212 1554 3705
4521 2229 3364 3217 3494
4522 2257 3386 3178 3540
4523 1563 1567 3462 3648
4524 3293 3294 3167 3762
4525 3187 3272 3186 3605
4526 1624 3370 3210 3601
4527 3107 3227 3212 3827
4528 2078 3712 2224 3810
4529 1079 2041 3558 3821
4530 3179 3583 3613 3648
4531 3174 3285 3122 3516
4532 3324 3366 3182 3425
4533 1370 1360 1374 3213
4534 1596 1594 3608 3609
4535 1603 3251 1811 3701
4536 1076 1611 1593 1133
4537 3232 3244 2058 3419
4538 3146 3273 3200 3463
4539 2291 3349 2259 3593
4540 1573 3370 1624 3601
4541 3259 3322 1241 3416
4542 3119 3334 3310 3702
4543 3242 3329 3465 3719
4544 3605 3676 2211 3727
4545 1640 3405 1717 3677
4546 2153 1958 3239 3575
4547 1567 3208 3648 3687
4548 3437 3547 3424 3812
4549 924 922 3218 3308
4550 1141 978 3308 3761
4551 1052 3484 3322 3485
4552 1076 3617 1592 3828
4553 3301 3446 3393 3508
4554 1359 3213 1357 3834
4555 3311 3312 3158 3355
4556 3453 3454 3182 3772
4557 3182 3425 3366 3503
4558 2305 3191 2245 3474
4559 3304 3329 3184 3698
4560 976 977 3220 3438
4561 3432 3450 3335 3472
4562 1655 3439 3256 3822
4563 1996 2026 3424 3460
4564 3278 3305 3135 3667
4565 3239 3240 3116 3737
4566 3114 3530 3141 3845
4567 2225 3203 3361 3581
4568 3228 3562 1947 3771
4569 1731 1048 1732 1216
4570 3184 3304 3183 3816
4571 878 827 2316 3643
4572 3110 3201 3268 3387
4573 2166 369 1967 3398
4574 1430 3157 3221 3529
4575 1914 3500 3376 3791
4576 3112 3331 3553 3662
4577 2316 827 1943 3643
4578 1834 3317 1745 3362
4579 1439 1479 1438 3746
4580 3220 3308 978 3761
4581 3213 3246 1461 3412
4582 3327 3668 3164 3705
4583 3185 3544 3260 3545
4584 1154 3644 1740 3753
4585 3110 3387 3268 3430
4586 1881 1668 3685 3698
4587 3208 3288 3256 3589
4588 3235 3421 1670 3554
4589 3134 3650 3517 3775
4590 3107 3212 3201 3269
4591 3185 3587 3544 3599
4592 1627 3338 3224 3476
4593 1069 1538 3258 3529
4594 2196 2058 2268 3232
4595 1920 3256 1654 3683
4596 3211 3547 3437 3812
4597 1145 1217 1912 900
4598 1596 1594 1595 3608
4599 3159 3692 3148 3818
4600 3355 3513 3311 3787
4601 1152 1805 1586 1148
4602 3256 1654 3683 3687
4603 3330 3446 3136 3519
4604 2254 3654 3299 3655
4605 960 1546 1533 3471
4606 2311 2156 3215 3446
4607 2052 386 2058 3244
4608 1687 3413 1607 3609
4609 3137 3499 3247 3537
4610 3250 3467 3168 3702
4611 1558 3671 3392 3758
4612 2254 2153 3239 3299
4613 3263 3549 3525 3550
4614 2305 3191 2304 3415
4615 3277 3316 1221 3395
4616 3133 3241 3298 3478
4617 2106 1151 1942 3753
4618 2214 3262 3204 3651
4619 1766 1771 1794 3225
4620 3251 3159 3523 3803
4621 2132 3477 2118 3602
4622 1145 846 900 3585
4623 1807 3434 3225 3779
4624 3215 3446 2156 3468
4625 3201 3107 3341 3604
4626 3337 3528 3251 3701
4627 3227 3426 3341 3604
4628 1607 3413 3156 3609
4629 1361 3216 1078 3842
4630 3186 3374 3193 3432
4631 3351 3369 2213 3571
4632 3403 3677 3293 3762
4633 960 1544 1546 3471
4634 3256 3288 3208 3687
4635 3147 3700 3226 3775
4636 3304 3457 3158 3559
4637 2196 3407 3232 3584
4638 1997 2137 3321 3713
4639 3538 3257 3541 3566
4640 878 2316 2299 2071
4641 3373 3630 3372 3631
4642 1243 3167 3294 3641
4643 3146 3250 3284 3841
4644 3235 3296 1672 3420
4645 1006 3221 1004 3802
4646 3237 3474 2013 3654
4647 3125 3135 3305 3667
4648 1492 1446 3265 3693
4649 3367 3562 2359 3673
4650 3197 3340 1739 3740
4651 1586 1229 1631 3718
4652 1745 3129 3362 3694
4653 1076 1592 1173 3828
4654 2336 3327 2358 3479
4655 3221 3258 1422 3529
4656 2223 3382 3270 3444
4657 3194 3351 3327 3760
4658 375 3387 3201 3730
4659 1430 1431 3157 3529
4660 1486 1487 1488 3431
4661 978 977 3219 3220
4662 3229 3522 3562 3577
4663 1499 3306 3205 3308
4664 1775 3735 3223 3832
4665 3127 3360 3241 3437
4666 1834 1747 1745 3694
4667 3238 3496 3378 3520
4668 2247 2033 2249 892
4669 1361 1365 3216 3842
4670 3155 3492 3327 3668
4671 2036 2101 1169 3738
4672 1599 3277 3231 3395
4673 2082 2083 2160 3187
4674 3118 3236 3455 3602
4675 2303 3495 3448 3616
4676 2057 2058 2196 3244
4677 3336 3378 3276 3555
4678 3208 3648 3288 3809
4679 3476 3554 3200 3790
4680 2124 3708 3211 3812
4681 1586 1805 1152 3718
4682 1472 3264 3216 3471
4683 990 3471 3216 3751
4684 3191 3287 3237 3414
4685 3119 3284 3296 3464
4686 2067 3217 2069 3387
4687 2098 3236 2100 3431
4688 1909 3500 1914 3791
4689 2036 2035 1942 1151
4690 977 1063 978 3219
4691 3158 3403 3311 3458
4692 1788 1784 3337 3462
4693 1623 3505 3263 3525
4694 2161 3349 3328 3357
4695 3423 3690 3196 3777
4696 3196 3566 2039 3713
4697 3234 3378 3097 3436
4698 882 3412 839 3826
4699 3154 3369 3351 3571
4700 3200 3476 3482 3554
4701 3177 3486 3104 3662
4702 3095 3207 1096 3350
4703 3146 3200 3273 3428
4704 3272 3605 3187 3676
4705 3112 3331 3429 3553
4706 1811 3528 3337 3701
4707 3172 3273 3200 3428
4708 1358 3213 836 3491
4709 2329 3444 3736 3756
4710 3144 3274 3372 3501
4711 3148 3251 3159 3523
4712 1991 1990 3192 3534
4713 3173 3344 3235 3421
4714 3341 3426 3201 3604
4715 3278 3689 3533 3844
4716 2087 3241 3247 3623
4717 3240 3314 2047 3356
4718 3147 3226 3160 3699
4719 2291 2306 3349 3393
4720 1681 3339 3338 3476
4721 1394 1865 1866 3456
4722 1598 1608 3318 3609
4723 2057 3244 2196 3407
4724 2100 3236 3176 3431
4725 2312 3468 3446 3533
4726 1610 3539 1103 3765
4727 2229 3217 3364 3733
4728 1102 3529 3221 3679
4729 1004 1006 1005 3221
4730 1927 3322 2044 3460
4731 2055 3448 3354 3475
4732 899 847 831 3828
4733 3191 3353 3237 3474
4734 999 892 1226 3724
4735 3254 3659 3189 3749
4736 1486 326 327 3236
4737 1871 3329 3242 3525
4738 1486 3236 327 3431
4739 990 1009 3471 3751
4740 3289 3387 3217 3494
4741 1780 3503 3366 3671
4742 1557 3518 3366 3772
4743 3172 3379 3273 3427
4744 3374 3605 3193 3793
4745 1784 3188 3462 3624
4746 375 3730 3201 3836
4747 2214 3204 3262 3571
4748 2126 3424 2323 3812
4749 2030 1190 956 3770
4750 2076 3557 2111 3724
4751 1688 3156 1607 3413
4752 3372 3630 3373 3647
4753 3198 3349 2095 3393
4754 2329 3494 3618 3736
4755 3338 3476 3339 3786
4756 3402 3491 3213 3750
4757 3197 1739 3340 3686
4758 3191 3415 3510 3637
4759 1946 3578 3579 3717
4760 2082 2160 2147 3676
4761 1628 3338 1681 3339
4762 899 3585 847 3828
4763 960 3264 1544 3471
4764 2316 2315 878 2299
4765 1743 1741 3644 3718
4766 3147 3352 3700 3775
4767 2214 2213 3571 3760
4768 1388 1389 3218 3323
4769 3193 3374 3192 3432
4770 3288 3659 3254 3683
4771 1377 1380 1477 3412
4772 1843 1638 3293 3451
4773 2225 3203 2236 3361
4774 1139 3265 1156 3319
4775 941 3258 1524 3394
4776 3210 3370 1624 3722
4777 1758 3254 3659 3683
4778 1631 1229 3632 3718
4779 1603 1919 1811 3528
4780 942 3452 3223 3641
4781 1045 839 848 3412
4782 2363 1041 828 1013
4783 3138 3329 3304 3457
4784 3225 3171 3656 3779
4785 3139 3298 3375 3526
4786 2067 2068 3289 3387
4787 2266 3587 3494 3736
4788 1818 3279 3419 3701
4789 2316 878 2315 827
4790 1631 1229 1630 3658
4791 2241 3605 3374 3793
4792 1838 3296 3464 3592
4793 3164 3327 3705 3806
4794 3122 3430 3406 3620
4795 3219 3220 977 3438
4796 3106 3288 3256 3302
4797 1918 3339 1760 3470
4798 3123 3302 3189 3749
4799 1006 3306 3221 3802
4800 3138 3498 3417 3719
4801 3273 3379 1917 3536
4802 3273 3427 3379 3796
4803 3182 3503 3366 3772
4804 1359 838 836 3213
4805 1133 1103 1610 3539
4806 1408 3170 3109 3218
4807 1198 3339 3338 3470
4808 1045 3412 1404 3826
4809 2229 2284 2283 3494
4810 3227 3341 3107 3604
4811 3134 3590 3352 3700
4812 2005 3226 2121 3664
4813 3387 3430 3217 3739
4814 2097 3236 326 3409
4815 3114 3141 3234 3845
4816 1743 1741 1740 3644
4817 3147 3576 3408 3754
4818 838 837 836 3213
4819 3191 3415 3414 3717
4820 1573 3242 3370 3601
4821 2291 3393 3349 3715
4822 3252 3210 3744 3747
4823 1590 1572 3311 3458
4824 2168 3298 3383 3514
4825 3321 3713 3495 3843
4826 1975 3391 1973 3477
4827 3297 3521 3256 3822
4828 3276 3378 3336 3493
4829 3306 3574 3096 3679
4830 1997 3460 3196 3713
4831 3273 3172 3427 3796
4832 2058 3244 386 3419
4833 3224 3603 1627 3790
4834 2154 1550 1548 3215
4835 384 2150 3575 3691
4836 1650 3603 1651 3832
4837 1235 1225 3257 3495
4838 1391 1434 3323 3710
4839 3228 3499 3415 3688
4840 1744 1745 1746 3835
4841 3182 3366 3324 3772
4842 2180 3176 2100 3584
4843 1246 3203 3260 3546
4844 3144 3274 3250 3489
4845 3292 3580 3398 3675
4846 1958 3575 1957 3737
4847 3246 3611 3267 3826
4848 3336 3162 3555 3758
4849 1907 1903 3728 3735
4850 1475 3216 1381 3564
4851 1656 3256 1655 3439
4852 1610 1103 1075 3765
4853 2017 3238 3474 3520
4854 2005 2048 2121 3226
4855 2010 2009 2011 3202
4856 3175 3355 3312 3787
4857 2021 3314 2047 3737
4858 3144 3561 3488 3702
4859 1026 3411 3339 3470
4860 3115 3238 3162 3378
4861 1499 3205 1454 3308
4862 3179 3613 3371 3648
4863 1058 2224 3712 3810
4864 1631 3632 1816 3718
4865 3481 3641 1219 3707
4866 1829 3518 3324 3528
4867 1048 1019 1731 3376
4868 3415 3579 3228 3688
4869 1621 3521 3505 3601
4870 2009 2122 1508 3202
4871 1006 1005 3221 3306
4872 2272 3519 2123 3780
4873 3196 3416 3321 3460
4874 1625 3521 3210 3822
4875 1473 1472 3216 3471
4876 2010 3202 2011 3780
4877 2169 2193 3209 3651
4878 3194 3155 3436 3492
4879 2329 3618 3289 3756
4880 3360 3380 3161 3565
4881 1360 3213 1357 3491
4882 1766 1794 1701 3170
4883 3189 3302 3254 3749
4884 2291 2306 2095 3349
4885 3352 3578 1977 3717
4886 858 3357 3354 3475
4887 1486 326 3236 3409
4888 1226 892 2033 3724
4889 1217 1644 1912 900
4890 1039 3411 3340 3740
4891 2153 1958 2254 3239
4892 3448 3495 1225 3616
4893 1389 3170 1408 3218
4894 3128 3442 3270 3731
4895 1423 3258 3221 3802
4896 1013 827 828 3643
4897 3366 3425 3163 3503
4898 3122 3110 3217 3290
4899 1758 3254 3548 3659
4900 3209 3708 3382 3789
4901 2268 3232 2058 3419
4902 3148 3366 3324 3425
4903 3124 3744 3210 3747
4904 3220 3438 1446 3693
4905 1829 3528 3324 3613
4906 3289 3387 2068 3730
4907 1842 375 3201 3836
4908 3216 1484 3295 3751
4909 1139 3265 3319 3363
4910 3150 3593 3349 3715
4911 1492 3265 3319 3693
4912 3125 3335 3450 3472
4913 3228 1947 3562 3579
4914 3127 3380 3360 3565
4915 3463 3554 1736 3728
4916 3226 3147 3652 3700
4917 3117 3384 3346 3512
4918 924 948 922 3308
4919 1157 3319 1156 3693
4920 2322 3486 3193 3793
4921 3147 3578 3248 3754
4922 2336 2296 2297 3479
4923 1699 3304 3329 3457
4924 2169 3209 2193 3348
4925 1358 1359 836 1357
4926 1016 3338 3707 3791
4927 3273 3379 3172 3728
4928 3248 3577 3562 3769
4929 2328 3484 3321 3495
4930 982 1079 2076 3557
4931 3294 3543 1753 3735
4932 3180 1248 3293 3405
4933 3231 3277 1221 3395
4934 3324 3425 3182 3704
4935 3144 3467 3250 3702
4936 924 3706 3205 3748
4937 3192 3193 3486 3793
4938 1631 3632 1229 3658
4939 1600 1601 1599 3316
4940 1633 1854 987 1237
4941 2047 3314 2333 3356
4942 1039 3339 3411 3740
4943 3241 3133 3281 3665
4944 1869 1877 1879 3698
4945 3304 3417 3138 3816
4946 3116 3346 3384 3732
4947 3294 3167 3543 3641
4948 3117 3337 3251 3701
4949 1925 3322 2265 3400
4950 2062 3544 3587 3599
4951 3263 3505 1623 3659
4952 2251 2312 3446 3533
4953 3468 3533 2312 3844
4954 3241 3281 3140 3380
4955 1601 3277 1599 3316
4956 3240 3517 3356 3590
4957 2047 3314 3240 3737
4958 3281 3380 3241 3524
4959 3196 3424 3153 3460
4960 1867 3548 1623 3659
4961 1607 3156 1608 3609
4962 1544 1466 1542 3264
4963 3197 3340 844 3666
4964 1655 3256 3521 3822
4965 2311 2273 2354 3519
4966 3211 3128 3547 3708
4967 2341 3495 2328 3713
4968 2106 3610 1151 3753
4969 990 1044 1009 3751
4970 1991 2088 2231 3325
4971 1005 3306 3096 3679
4972 1903 3379 3273 3728
4973 3246 3412 882 3826
4974 2197 3407 2196 3584
4975 1603 3518 3251 3692
4976 3138 3263 3242 3525
4977 1360 1357 1358 3491
4978 2343 2064 2065 3661
4979 1565 3242 1584 3525
4980 1443 3402 3213 3750
4981 1673 3598 3197 3740
4982 3656 3722 1806 3779
4983 1237 1630 3658 3794
4984 1668 3304 1667 3685
4985 2076 3557 1079 3558
4986 2114 3459 3400 3558
4987 1575 1576 899 3828
4988 2268 3232 330 3629
4989 2305 2245 3191 3369
4990 2348 1975 324 3165
4991 3457 3458 3158 3559
4992 1912 1145 900 3585
4993 1357 3213 1358 3491
4994 3238 3378 3154 3520
4995 3311 3355 3158 3458
4996 386 3244 2052 3691
4997 3173 3482 3476 3554
4998 2084 3408 3486 3754
4999 2009 2011 3202 3712
5000 1958 3239 3575 3737
5001 1063 936 1062 3323
5002 2336 2297 3327 3479
5003 3205 3249 3096 3306
5004 2247 892 891 3724
5005 3352 3652 3147 3700
5006 3388 3547 3128 3708
5007 2113 2076 2111 3724
5008 1665 3263 1623 3548
5009 3263 1665 3525 3549
5010 2014 3353 3352 3717
5011 2095 2306 2271 3393
5012 1141 978 947 3308
5013 3140 3298 3383 3634
5014 3158 3594 3312 3646
5015 3230 3569 3125 3577
5016 1567 3480 3208 3687
5017 3134 3353 3237 3414
5018 2197 1959 2196 3407
5019 3126 3313 3118 3699
5020 1745 1747 1746 3694
5021 2083 3187 3222 3727
5022 1877 3184 1879 3698
5023 3325 2233 3552 3695
5024 1773 3279 1818 3701
5025 3100 3095 3384 3512
5026 2257 2258 3540 3742
5027 3118 3236 3126 3752
5028 2182 886 3738 3807
5029 2054 2259 3349 3742
5030 1716 3615 1888 3685
5031 3399 3121 3596 3651
5032 3176 3314 3116 3621
5033 3231 3277 1599 3620
5034 2121 3226 3455 3664
5035 2109 2100 3176 3584
5036 1561 3613 3583 3648
5037 2294 3270 2223 3382
5038 2241 3193 3605 3793
5039 922 1062 3218 3308
5040 3427 3543 3167 3641
5041 3223 3452 3294 3641
5042 2109 3176 2100 3625
5043 3122 3406 3174 3516
5044 3251 3518 3148 3692
5045 1745 3362 3129 3835
5046 2067 2229 3217 3494
5047 3172 3543 3427 3641
5048 1573 1585 1565 3242
5049 1783 3337 3279 3701
5050 1396 3267 889 3826
5051 3371 3528 1666 3613
5052 2039 3196 3565 3566
5053 1024 3320 3140 3634
5054 2087 3247 3478 3623
5055 1652 3451 3294 3452
5056 1927 1997 3321 3460
5057 956 2029 2030 3770
5058 3172 3481 3200 3728
5059 2182 886 2101 3738
5060 1638 3405 3293 3801
5061 2132 2118 2097 3602
5062 1430 3221 1422 3529
5063 1574 899 1576 900
5064 1784 1783 1788 3337
5065 3210 3521 3297 3822
5066 3106 3208 3288 3302
5067 3209 3211 3596 3708
5068 2044 3259 2189 3461
5069 3168 3467 3488 3702
5070 3119 3250 3282 3284
5071 845 3452 3451 3585
5072 1924 1642 1912 3563
5073 3175 3333 3373 3782
5074 3172 3469 3728 3735
5075 2095 2271 3198 3393
5076 889 3267 3611 3826
5077 3225 3401 1766 3656
5078 3273 3428 3172 3796
5079 1484 3363 3295 3751
5080 1596 3608 3188 3609
5081 3137 3510 3415 3637
5082 1603 3251 3691 3692
5083 2017 3474 3238 3654
5084 1005 3221 3306 3679
5085 3414 3415 3166 3717
5086 1871 3457 3329 3525
5087 1589 3355 3525 3549
5088 1968 3398 3580 3675
5089 386 3418 3244 3691
5090 378 1551 3327 3705
5091 3495 3713 3257 3843
5092 2311 2154 2310 3330
5093 3191 3237 3287 3474
5094 1478 1411 1400 3826
5095 2093 2094 3328 3349
5096 1590 3311 1700 3458
5097 2236 3361 3260 3459
5098 3218 3308 1460 3748
5099 373 3430 3387 3739
5100 1627 3476 3224 3790
5101 1665 3263 3548 3549
5102 367 2106 1942 3753
5103 2323 3424 3437 3565
5104 1597 3188 1596 3608
5105 1912 3563 1145 3585
5106 1500 3295 3363 3402
5107 1767 1766 3401 3656
5108 3177 3408 3576 3754
5109 3226 3700 3517 3775
5110 1560 3392 3622 3758
5111 1908 1256 1048 3500
5112 1039 3340 3197 3740
5113 3122 3151 3290 3511
5114 1420 332 331 3170
5115 3440 3487 3179 3515
5116 2317 3351 2213 3760
5117 1736 3728 3554 3790
5118 1673 1726 3197 3598
5119 1107 3108 3417 3498
5120 1482 1480 1464 3629
5121 2255 895 982 2113
5122 2100 3176 2180 3431
5123 1598 1608 338 3318
5124 3189 3498 3263 3505
5125 2086 3514 3360 3623
5126 375 1841 3201 3387
5127 3278 3367 3125 3569
5128 1417 849 1369 3412
5129 1988 3534 3305 3689
5130 1111 1110 926 3323
5131 1630 1229 1237 3658
5132 1996 3196 2039 3713
5133 3335 3432 3104 3450
5134 3217 3290 3151 3511
5135 1079 2041 2076 3558
5136 1110 1388 926 3323
5137 1045 839 3412 3826
5138 1877 1865 1913 3397
5139 384 2150 2152 3575
5140 3355 3458 3457 3559
5141 1701 1766 3170 3401
5142 1758 1659 3254 3683
5143 1927 3322 3321 3484
5144 1920 1655 3256 3521
5145 1473 3471 3216 3564
5146 1638 3293 3405 3677
5147 3400 3459 1203 3558
5148 1637 3405 1636 3539
5149 2041 1257 1079 2076
5150 2071 2299 878 3684
5151 1573 3242 1565 3370
5152 3325 3534 3192 3535
5153 3244 3418 386 3419
5154 1474 1483 1371 3216
5155 3268 3174 3607 3680
5156 3192 3193 3104 3486
5157 1060 3402 3295 3491
5158 1492 3319 1446 3693
5159 2139 3616 1190 3770
5160 1005 3205 3096 3306
5161 1505 3326 3120 3396
5162 3242 3329 1871 3465
5163 1887 3463 3273 3531
5164 3305 3534 3125 3689
5165 2146 3289 2068 3730
5166 1610 1637 1636 3539
5167 2322 3193 3486 3661
5168 2011 3711 3202 3712
5169 1720 1555 3454 3772
5170 1499 1445 3306 3761
5171 3144 3250 3467 3489
5172 2255 982 895 1252
5173 3479 3496 3336 3758
5174 3361 3459 2187 3606
5175 987 1633 1237 3794
5176 1962 1963 3204 3510
5177 2221 3580 3292 3675
5178 3201 3269 3212 3836
5179 2220 3361 3292 3581
5180 1869 1866 1865 3456
5181 1608 1607 1688 3156
5182 1690 1772 1701 3835
5183 1996 3196 1997 3460
5184 1888 3183 1882 3685
5185 3168 3447 3310 3702
5186 1155 1743 3644 3718
5187 3119 3334 3591 3642
5188 3131 3251 3337 3528
5189 1000 3161 3538 3541
5190 2068 2146 2067 3289
5191 1016 3707 3376 3791
5192 1430 1422 1431 3529
5193 3183 3685 3304 3698
5194 2358 2336 2297 3327
5195 3426 3604 3227 3788
5196 2363 2151 1944 1013
5197 1243 3427 3167 3641
5198 1240 3259 3416 3697
5199 849 838 1369 3412
5200 1878 3397 1873 3465
5201 2180 2100 2181 3584
5202 1078 3216 1361 3669
5203 1370 1357 1360 3213
5204 1865 1413 3184 3456
5205 2036 1169 1151 3610
5206 1975 3165 2348 3572
5207 2035 1169 2036 2101
5208 3158 3311 3403 3646
5209 3251 3418 1603 3691
5210 975 3219 977 3438
5211 2037 2042 3354 3540
5212 1209 1048 1731 1216
5213 3189 3256 3106 3297
5214 3247 3478 3133 3771
5215 3154 3436 3234 3845
5216 3189 3106 3256 3302
5217 3360 3514 3241 3623
5218 2160 2211 3676 3727
5219 3327 3492 3164 3668
5220 1883 3197 1739 3740
5221 3310 3702 3447 3709
5222 331 1386 1389 3170
5223 3268 3607 3426 3680
5224 1827 1688 1832 3156
5225 1838 3591 3296 3592
5226 1555 1780 3503 3772
5227 2076 2280 1257 1252
5228 2153 3299 2152 3575
5229 3110 3217 3387 3430
5230 3184 3456 3183 3698
5231 2329 3494 3289 3618
5232 3112 3678 3429 3798
5233 2313 2165 2156 3468
5234 3364 3494 2266 3587
5235 1963 3399 3204 3510
5236 3366 3503 3163 3671
5237 1151 1942 367 1150
5238 2338 3532 3301 3715
5239 2027 2001 3486 3754
5240 3223 3481 3469 3707
5241 3209 3211 3708 3789
5242 2297 2321 3351 3520
5243 1881 1668 1667 3685
5244 1888 1882 1881 3685
5245 3191 3414 3353 3717
5246 3162 3299 3115 3818
5247 3110 3289 3201 3387
5248 1446 1491 3265 3438
5249 3130 3341 3227 3426
5250 3469 3481 3223 3641
5251 1222 3560 3292 3675
5252 2166 3395 3398 3610
5253 1984 3573 1987 3676
5254 1421 332 3170 3509
5255 3393 3446 3136 3508
5256 3326 3552 2233 3695
5257 3095 3350 1096 3443
5258 982 2255 2076 1252
5259 848 839 849 3412
5260 3237 3654 2013 3655
5261 2236 3203 2061 3260
5262 3140 3383 3593 3634
5263 3100 3205 3199 3384
5264 2033 3657 1226 3724
5265 3202 3711 2011 3780
5266 2323 3424 2126 3437
5267 2087 3241 2085 3389
5268 1672 3420 3296 3788
5269 3189 3505 3263 3659
5270 3235 3463 3200 3554
5271 2168 3514 3383 3593
5272 1208 1254 3322 3485
5273 2273 2309 2354 3519
5274 2151 2316 1943 3643
5275 3231 1966 3398 3580
5276 3185 3260 3203 3546
5277 3225 3434 3171 3779
5278 3119 3284 3282 3709
5279 2166 3395 369 3398
5280 1963 2214 3204 3651
5281 1673 3197 1883 3740
5282 891 982 895 2113
5283 1647 3451 3452 3585
5284 931 1243 3167 3294
5285 1443 3246 3213 3755
5286 2036 1169 3610 3738
5287 3209 3121 3596 3789
5288 2071 2316 2070 3643
5289 1157 1139 1156 3319
5290 1044 3471 1009 3751
5291 3299 3575 3159 3622
5292 3140 3281 1002 3380
5293 1178 3265 1182 3755
5294 1061 836 3213 3491
5295 3240 3314 3116 3737
5296 3192 3486 3177 3674
5297 3174 3516 3197 3682
5298 1586 1152 1229 3718
5299 3125 3534 3367 3689
5300 2121 3226 2048 3455
5301 3298 3478 3241 3623
5302 960 958 3264 3471
5303 3185 3545 3260 3546
5304 2297 2356 3327 3760
5305 1486 327 1487 3431
5306 1729 3668 3504 3671
5307 3155 3493 3492 3668
5308 3279 3337 3188 3512
5309 1586 1631 1816 3718
5310 1226 2249 2033 892
5311 3328 3357 859 3633
5312 3112 3331 3160 3429
5313 2352 3247 2087 3389
5314 1865 3184 1413 3397
5315 1045 882 839 3826
5316 858 3354 3448 3475
5317 3139 3278 3375 3532
5318 2041 2280 1257 2076
5319 2093 3349 2161 3357
5320 1783 1597 1774 3279
5321 384 3622 1660 3691
5322 3132 3417 1160 3719
5323 1069 1538 1524 3258
5324 1628 1681 1918 3339
5325 3261 3688 3300 3769
5326 1895 1255 1908 3817
5327 3159 3523 3767 3773
5328 2076 1257 1079 1252
5329 1743 1154 1155 3644
5330 2088 2231 3325 3374
5331 2044 2189 3460 3461
5332 2154 3215 1548 3330
5333 1425 3221 3306 3802
5334 3278 1949 3533 3689
5335 1777 3762 1697 3783
5336 1903 1917 3273 3379
5337 1871 1565 1584 3525
5338 1775 1587 3735 3832
5339 3373 3630 3548 3647
5340 1753 3294 1652 3451
5341 1422 3221 1423 3258
5342 3413 3480 3149 3609
5343 2344 3437 3360 3565
5344 3336 3493 3163 3555
5345 3451 3617 1646 3801
5346 1843 1753 3451 3762
5347 3139 3383 3301 3532
5348 3263 3498 3242 3505
5349 3160 3313 3226 3664
5350 1809 1385 1770 3434
5351 3449 3522 3228 3562
5352 3191 2252 3353 3474
5353 1155 1153 1743 3718
5354 1854 1633 1630 1237
5355 2264 3193 2241 3793
5356 899 1576 3585 3828
5357 1766 1794 3170 3225
5358 3148 3207 3276 3425
5359 1482 1464 3431 3629
5360 1660 3691 3622 3692
5361 2226 3364 3203 3581
5362 1625 1624 3210 3521
5363 3151 3364 3507 3725
5364 3118 3236 3176 3625
5365 3278 3569 3375 3663
5366 949 3264 3319 3394
5367 3154 3234 3233 3845
5368 1165 3456 1393 3615
5369 859 3328 1232 3349
5370 2234 2233 3326 3552
5371 1460 1455 3308 3323
5372 3189 3288 3254 3809
5373 2078 1224 2224 3712
5374 3172 3428 3200 3481
5375 905 3322 3321 3416
5376 2121 3455 3313 3664
5377 2132 2097 326 3409
5378 1887 3273 3463 3728
5379 3278 3125 3367 3689
5380 1597 3279 3188 3608
5381 2132 3409 3477 3602
5382 3138 3457 3304 3559
5383 2083 3222 2158 3727
5384 2314 3393 3301 3446
5385 2122 1509 1508 3330
5386 1687 1686 1607 3413
5387 2314 3446 3301 3533
5388 2067 2229 2069 3217
5389 1908 1048 1731 3500
5390 3256 3297 3189 3521
5391 2036 2102 2101 3738
5392 1894 3456 1888 3615
5393 3270 3442 3388 3599
5394 3115 3276 3162 3818
5395 3209 3596 3530 3651
5396 2228 2069 2229 3217
5397 2304 3191 2252 3353
5398 1959 2057 2196 3407
5399 3134 3517 3240 3590
5400 3144 3488 3467 3702
5401 1000 3161 3381 3423
5402 1475 1474 1381 3216
5403 2116 3260 2237 3792
5404 2236 2061 2237 3260
5405 859 3595 3357 3808
5406 2172 324 1975 3165
5407 2147 1987 2089 3676
5408 989 1078 1361 3669
5409 2088 1991 1990 3192
5410 2096 3198 2271 3519
5411 1256 1908 1048 1255
5412 3203 3364 2226 3587
5413 3312 3355 3175 3550
5414 1153 1805 1152 1148
5415 1799 1600 3395 3644
5416 3240 3590 2012 3655
5417 3160 3390 3214 3661
5418 1370 1357 3213 3834
5419 3140 3281 3241 3320
5420 3646 3783 3379 3784
5421 3127 3437 3241 3524
5422 1784 1596 1597 3188
5423 2305 2252 3191 3474
5424 952 2337 2031 1226
5425 3289 3494 3217 3725
5426 2277 3278 3532 3663
5427 3159 3523 3299 3818
5428 1499 3220 1445 3761
5429 1788 3337 1811 3528
5430 3161 3423 1000 3538
5431 981 3557 982 3724
5432 1788 3462 3337 3528
5433 1670 3554 3421 3815
5434 2083 3222 3187 3840
5435 1599 1600 3316 3395
5436 3112 3553 3193 3662
5437 3250 3274 3146 3531
5438 2031 2030 2029 3770
5439 3208 3149 3480 3624
5440 2331 1509 2122 3330
5441 3212 3269 3107 3806
5442 1852 1697 1777 3762
5443 3317 3362 3129 3694
5444 1443 3213 3402 3755
5445 1424 3307 3258 3802
5446 2191 3415 2298 3499
5447 3181 3630 3373 3631
5448 1565 3370 3242 3465
5449 1982 2211 3605 3676
5450 1942 366 367 1150
5451 1440 1411 3246 3267
5452 2333 3356 3314 3625
5453 1236 3257 3354 3541
5454 3151 3217 3364 3725
5455 1883 1673 1726 3197
5456 3191 3510 3233 3637
5457 1460 3218 1455 3323
5458 3254 3288 3189 3659
5459 1525 3258 1448 3394
5460 3133 3228 3537 3771
5461 1651 3603 3376 3832
5462 1638 3451 1646 3801
5463 1069 1524 941 3258
5464 2352 3399 3389 3596
5465 1773 1818 1810 3701
5466 3260 3544 2237 3792
5467 1404 1417 1403 3412
5468 3184 3417 3304 3816
5469 3263 3498 3189 3749
5470 1381 3216 1365 3564
5471 3413 3480 3256 3589
5472 1653 1690 1691 3835
5473 3162 3276 3378 3555
5474 3265 3363 1182 3402
5475 1102 1008 1181 3679
5476 3235 3284 3146 3464
5477 3371 3462 1663 3528
5478 3203 3143 3587 3731
5479 1103 1610 1075 1133
5480 332 1653 3170 3835
5481 3264 3471 1044 3751
5482 3198 3393 2271 3519
5483 3251 3523 3148 3703
5484 3191 3287 3233 3764
5485 1623 3263 1665 3525
5486 2228 373 2069 3217
5487 2093 2095 2094 3349
5488 3217 3387 3289 3725
5489 1698 3403 1697 3677
5490 2113 982 2255 2076
5491 3235 3296 3284 3464
5492 3243 3310 3164 3493
5493 3204 3399 1963 3651
5494 958 1192 960 3264
5495 891 982 2113 3724
5496 3175 3513 3355 3787
5497 3229 3449 3375 3663
5498 3168 3467 3250 3490
5499 3189 3498 3505 3601
5500 3239 3240 3237 3266
5501 3268 3387 1756 3430
5502 3121 3530 3190 3789
5503 2165 3215 2156 3468
5504 1365 1381 1371 3216
5505 3522 3562 3111 3769
5506 2314 3301 2338 3533
5507 3167 3403 3293 3762
5508 3530 3596 3121 3651
5509 1952 3562 3449 3771
5510 3270 3599 2294 3736
5511 3262 3530 3204 3651
5512 1063 3219 936 3323
5513 1912 1642 1644 3563
5514 2068 3387 375 3730
5515 1948 3578 3248 3579
5516 3135 3305 3278 3844
5517 1587 3294 1753 3735
5518 1983 1984 1987 3676
5519 1773 1818 3279 3746
5520 3534 3535 3325 3628
5521 1641 3245 1717 3405
5522 2172 3409 3165 3477
5523 3332 3443 3102 3473
5524 1668 1879 1699 3698
5525 3209 3530 3262 3651
5526 3114 3190 3141 3530
5527 3373 3549 3548 3749
5528 2075 3486 2073 3674
5529 1154 1158 1740 853
5530 2295 2297 2296 3496
5531 1805 1153 1152 3718
5532 1169 2035 2036 1151
5533 1603 3418 3251 3701
5534 1889 1588 3458 3720
5535 3170 3129 3509 3835
5536 3213 1061 3491 3755
5537 3160 3313 3214 3429
5538 3210 3297 3521 3601
5539 2294 3270 3388 3599
5540 3175 3513 3404 3647
5541 1589 3355 3457 3525
5542 373 3387 3217 3739
5543 3235 3146 3463 3464
5544 3296 3591 1838 3788
5545 3135 3446 3301 3508
5546 1999 3723 867 3807
5547 3235 3344 3173 3345
5548 1884 3420 3426 3607
5549 3352 3353 2014 3590
5550 3142 3315 3271 3343
5551 1957 3575 3407 3737
5552 1413 3184 1395 3397
5553 3278 3305 3125 3689
5554 1396 889 1410 3826
5555 1236 3257 1225 3354
5556 381 2296 3479 3758
5557 3153 3416 3196 3460
5558 2096 2095 2271 3198
5559 1926 2265 3322 3557
5560 1658 3288 1659 3683
5561 3196 3153 3424 3777
5562 3161 3380 3360 3386
5563 3239 3237 3655 3773
5564 1743 1155 1154 1153
5565 1894 1407 3456 3615
5566 1376 1380 3412 3834
5567 3107 3269 3201 3483
5568 3247 3280 3137 3537
5569 3426 3607 3420 3680
5570 1888 3615 3183 3685
5571 1422 3258 1527 3529
5572 1111 3218 1062 3323
5573 3327 3600 3194 3760
5574 3221 3529 3157 3679
5575 2098 2099 2100 3236
5576 1794 1793 1691 3170
5577 2214 2213 3369 3571
5578 3403 3677 1698 3720
5579 2039 3196 1996 3565
5580 370 1967 369 3231
5581 2018 3474 3369 3764
5582 3193 3104 3486 3662
5583 3151 3364 3217 3733
5584 1551 378 1554 3705
5585 3189 3521 3297 3601
5586 1975 2195 2172 3477
5587 3153 3460 3424 3811
5588 3338 3224 3476 3786
5589 943 3294 3452 3641
5590 2023 871 3606 3821
5591 2078 2133 2224 1224
5592 1657 1656 1655 3439
5593 3223 3603 1650 3832
5594 1455 3219 1498 3308
5595 3124 3747 3210 3822
5596 3195 3443 3095 3473
5597 2339 3389 2124 3596
5598 3121 3247 3665 3820
5599 935 975 1115 3710
5600 3114 3209 3262 3743
5601 3122 3290 3217 3511
5602 1192 1043 949 3264
5603 3467 3489 3250 3490
5604 1175 3723 3675 3807
5605 3233 3287 3191 3637
5606 3449 3562 2201 3663
5607 3278 3305 3689 3844
5608 1032 2135 2139 1190
5609 1608 3156 337 3318
5610 3136 3330 3215 3446
5611 2123 3519 3202 3780
5612 331 1389 1420 3170
5613 1089 1054 1090 3258
5614 3265 3438 1490 3611
5615 3402 3491 1061 3755
5616 3178 3357 3349 3742
5617 3325 3552 3326 3695
5618 2052 3244 3575 3691
5619 3354 3357 858 3595
5620 3192 3534 1990 3674
5621 3200 3482 3476 3790
5622 1492 3319 3265 3363
5623 935 3219 975 3710
5624 3258 3394 941 3797
5625 367 1151 1150 3753
5626 1888 3456 3183 3615
5627 3112 3391 3272 3678
5628 3247 3478 3241 3665
5629 866 2240 1162 871
5630 3146 3345 3200 3830
5631 2093 3328 2161 3349
5632 3196 3416 3153 3777
5633 3118 3455 3236 3625
5634 3238 3287 3237 3474
5635 3142 3269 3348 3445
5636 3336 3479 3155 3496
5637 1587 1652 3294 3452
5638 987 988 1633 3794
5639 3125 3534 3305 3535
5640 3148 3207 3425 3542
5641 1996 3196 3424 3565
5642 1438 3608 3199 3746
5643 2023 2240 871 3821
5644 1749 3504 3503 3671
5645 3192 3374 3193 3793
5646 867 1999 866 3723
5647 866 2023 871 3723
5648 1005 1120 1114 3306
5649 1363 3216 1371 3669
5650 1818 3419 3279 3746
5651 2037 3566 3257 3713
5652 1494 3264 3319 3363
5653 2363 2139 1041 1013
5654 1108 3095 3206 3207
5655 3560 3675 1222 3723
5656 2131 3730 375 3836
5657 2084 3486 2001 3754
5658 3235 3345 3173 3554
5659 1563 3462 3371 3648
5660 3138 3457 3355 3550
5661 1000 3381 3161 3541
5662 2114 2116 3400 3459
5663 3239 3116 3407 3737
5664 3265 3402 1182 3755
5665 3123 3368 3291 3670
5666 1564 3370 1565 3465
5667 3141 3233 3502 3637
5668 1944 2151 1943 1013
5669 846 847 899 3585
5670 1630 1237 1633 3794
5671 871 2023 3606 3723
5672 1381 1474 1371 3216
5673 1863 3372 3404 3647
5674 3373 3550 3549 3749
5675 1380 1477 3412 3834
5676 1156 1180 1073 3265
5677 1683 3604 3426 3788
5678 2030 2139 2135 1190
5679 3128 3382 3270 3388
5680 3156 3318 1608 3609
5681 3210 3747 1624 3822
5682 1648 3658 1630 3794
5683 978 1196 976 3220
5684 3144 3467 3372 3489
5685 3268 1880 3426 3607
5686 3209 3121 3530 3596
5687 2013 2012 3590 3655
5688 3181 3373 3372 3631
5689 931 3294 3293 3451
5690 3135 3136 3446 3508
5691 3155 3194 3327 3492
5692 3141 3114 3234 3441
5693 2031 952 1226 1231
5694 2047 3240 3356 3590
5695 824 3516 3197 3666
5696 3326 3433 3222 3839
5697 2009 2079 2011 3712
5698 1449 3306 3221 3574
5699 2069 3217 373 3387
5700 1156 3319 3265 3693
5701 1531 3396 3152 3568
5702 2315 1943 2316 827
5703 3313 3455 3226 3664
5704 3199 3431 1464 3629
5705 2054 3349 2093 3357
5706 3375 3569 3229 3663
5707 3200 3345 3235 3554
5708 3197 3174 3598 3824
5709 2018 3369 3520 3764
5710 1076 1075 1611 1133
5711 3382 3708 3128 3789
5712 1920 1655 1654 3256
5713 1444 1424 3307 3797
5714 1784 1596 3188 3624
5715 1841 3268 1880 3426
5716 3241 3281 3133 3320
5717 3168 3488 3447 3702
5718 1483 1375 3295 3750
5719 1636 3617 3405 3801
5720 3137 3300 3280 3502
5721 3454 3487 3182 3488
5722 3380 3423 3161 3565
5723 3261 3414 3300 3688
5724 3147 3248 3576 3754
5725 1596 3609 3188 3624
5726 3133 3241 3478 3665
5727 3384 3431 3199 3629
5728 1871 3242 1565 3525
5729 2028 2027 3673 3754
5730 3223 1219 3641 3707
5731 1039 3197 3681 3740
5732 2131 2068 375 3730
5733 2225 3361 2220 3581
5734 1681 3338 1627 3476
5735 3439 3317 3744 3747
5736 1832 3317 1834 3362
5737 2253 3193 2322 3661
5738 3211 3596 3121 3789
5739 977 975 935 3219
5740 1717 1719 3677 3685
5741 1079 982 2076 1252
5742 2109 2100 2099 3625
5743 3127 3360 3437 3565
5744 3227 3296 3130 3788
5745 1625 3210 1624 3822
5746 3124 3439 3747 3822
5747 2137 1927 1997 3321
5748 3114 3204 3262 3530
5749 2166 2105 3395 3610
5750 3271 3143 3618 3653
5751 3110 3289 3387 3725
5752 1556 3453 3613 3772
5753 3119 3591 3296 3642
5754 1149 1631 1586 1229
5755 2046 2047 2333 3356
5756 1388 3218 926 3323
5757 1022 3428 3172 3481
5758 1154 1740 1158 3753
5759 3162 3622 3392 3758
5760 1489 1482 1464 3431
5761 3130 3268 3426 3680
5762 3262 3759 2364 3760
5763 1484 1483 3216 3295
5764 1115 3267 1200 3710
5765 1396 1411 3267 3826
5766 2036 3610 2102 3738
5767 1973 3477 3391 3813
5768 3178 3349 3150 3593
5769 2139 2363 1944 1013
5770 1946 1977 3578 3717
5771 1076 1135 3617 3828
5772 3114 3262 3204 3845
5773 3160 3112 3214 3390
5774 3533 3689 1949 3844
5775 1121 1182 3363 3402
5776 1039 3681 3339 3740
5777 3189 3288 3256 3683
5778 3371 3462 3208 3648
5779 3265 1178 3611 3755
5780 1246 3203 3546 3582
5781 2190 3228 3499 3579
5782 3173 3421 3235 3554
5783 3174 3406 3197 3516
5784 1772 3401 1701 3835
5785 1700 3403 3311 3783
5786 1535 3255 3222 3840
5787 3229 3522 3449 3562
5788 2272 2096 2271 3519
5789 3123 3189 3498 3749
5790 2130 3600 3269 3836
5791 1455 3218 1420 3323
5792 1646 3617 3451 3828
5793 3209 3348 3262 3743
5794 3151 3511 3122 3627
5795 3211 3389 3121 3596
5796 1788 1663 3462 3528
5797 3447 3454 3182 3488
5798 2052 2058 2057 3244
5799 3233 3287 3154 3764
5800 1417 1369 1403 3412
5801 1565 3242 1871 3465
5802 3238 3299 3162 3757
5803 1882 3183 1888 3456
5804 1843 3451 3293 3762
5805 3349 3393 3150 3715
5806 3367 3577 3562 3673
5807 1951 3689 3305 3844
5808 3219 3220 1498 3308
5809 1048 1019 1209 1731
5810 3211 3121 3524 3789
5811 1820 386 3418 3419
5812 1841 1842 3201 3604
5813 2128 2303 2037 3257
5814 2031 1226 2033 3657
5815 3147 3517 3226 3699
5816 3138 3525 3457 3550
5817 2119 3477 3313 3602
5818 2160 3676 3187 3727
5819 3171 3722 3656 3779
5820 837 884 1061 3213
5821 3386 3540 3161 3541
5822 3119 3282 3250 3702
5823 3327 3212 3705 3806
5824 2087 2086 3241 3623
5825 3130 3296 3227 3466
5826 1838 3296 1672 3464
5827 3242 3505 3498 3601
5828 3279 3337 3117 3701
5829 3131 3462 3371 3528
5830 3262 3571 3204 3845
5831 3199 3205 3099 3384
5832 1880 3268 1756 3430
5833 1669 1672 3235 3464
5834 3127 3437 3424 3565
5835 1485 3295 3402 3750
5836 3338 1016 3500 3791
5837 3180 3685 3304 3816
5838 825 3277 3516 3666
5839 3178 3541 3381 3595
5840 1744 3509 1745 3835
5841 2355 2261 3360 3386
5842 3131 3337 3462 3528
5843 2077 3558 2041 3821
5844 1967 3231 1966 3398
5845 1832 3156 3317 3362
5846 2109 2181 2100 3584
5847 1180 1182 1178 3265
5848 2261 2136 3360 3565
5849 1925 2044 3322 3792
5850 3201 3341 3268 3426
5851 2014 3352 1977 3717
5852 1834 1832 1795 3317
5853 3143 3507 3726 3731
5854 3517 3650 3261 3775
5855 3287 3414 3191 3637
5856 824 3197 3516 3682
5857 1802 3231 369 3395
5858 1423 1424 3258 3802
5859 2299 879 878 3684
5860 2017 3238 3496 3757
5861 1842 3201 3604 3836
5862 1841 1842 375 3201
5863 3293 3403 3180 3677
5864 2156 2154 2311 3215
5865 1683 3227 3604 3788
5866 1255 3500 1908 3817
5867 2333 2046 3356 3625
5868 3369 3154 3520 3764
5869 1450 3205 1451 3306
5870 1079 1080 1257 3821
5871 2017 3496 3238 3520
5872 1956 1958 1957 3737
5873 1551 379 3327 3479
5874 3213 3491 1360 3750
5875 1441 1461 3246 3412
5876 1681 1628 1627 3338
5877 2262 2241 3374 3793
5878 2041 2077 2076 3558
5879 3124 3413 3256 3589
5880 3256 3683 3288 3687
5881 1050 1732 1048 1216
5882 1445 3220 3307 3761
5883 3127 3423 3380 3565
5884 836 837 1061 3213
5885 1246 3260 3545 3546
5886 2260 3386 2257 3540
5887 891 892 999 3724
5888 2251 3446 2314 3533
5889 3361 3560 1230 3606
5890 3233 3369 3204 3510
5891 1543 1526 1544 3394
5892 3118 3176 3099 3621
5893 1628 1635 3338 3470
5894 1989 3534 1991 3628
5895 3206 3410 3131 3512
5896 2226 3203 2225 3581
5897 1952 1947 3562 3771
5898 3117 3419 3232 3746
5899 3269 3730 2130 3836
5900 1990 2088 3192 3793
5901 2344 2323 3437 3565
5902 3292 3580 2221 3581
5903 3451 3585 1647 3828
5904 3245 3405 3180 3677
5905 1374 1463 3213 3750
5906 3461 3544 2301 3599
5907 924 3218 919 3745
5908 3300 3502 3137 3637
5909 2190 3499 2298 3579
5910 2345 2099 3602 3625
5911 1990 3192 3674 3793
5912 3128 3388 3270 3442
5913 1586 1805 1583 1148
5914 3301 3508 3393 3645
5915 2055 3357 2051 3475
5916 3250 3334 3490 3592
5917 3403 3762 3167 3783
5918 2191 3510 3499 3819
5919 1870 3457 1871 3525
5920 3201 3289 3110 3483
5921 1668 1699 3304 3698
5922 1639 3479 3336 3758
5923 3250 3146 3464 3531
5924 3372 3489 3467 3838
5925 1631 1831 3632 3658
5926 976 3220 1196 3693
5927 1564 1573 1565 3370
5928 3212 3327 378 3600
5929 1391 1434 1390 3323
5930 1745 3509 3362 3835
5931 1138 1089 941 3258
5932 3147 3226 3517 3775
5933 336 3156 1827 3362
5934 1908 1731 1909 3500
5935 2363 1041 2139 3616
5936 1760 3411 3339 3740
5937 3310 3359 3163 3493
5938 3274 3531 3250 3829
5939 2356 3600 3327 3760
5940 3421 3554 3173 3815
5941 1698 1922 1719 3677
5942 3227 3466 3296 3642
5943 3133 3320 3522 3526
5944 3304 3458 1588 3720
5945 1743 1801 1741 3718
5946 2139 1190 2030 3770
5947 1526 1524 1525 3394
5948 1867 1665 1623 3548
5949 2212 3348 2193 3382
5950 2096 2094 2095 3780
5951 2264 2322 3193 3793
5952 3171 3253 3210 3370
5953 2185 3723 1999 3807
5954 1640 1641 1717 3405
5955 975 3267 1115 3710
5956 3254 3548 3373 3630
5957 3173 3197 3598 3814
5958 2085 2087 2086 3241
5959 3203 3364 3151 3581
5960 3360 3380 3140 3386
5961 1829 1557 3324 3518
5962 369 2166 2105 3395
5963 3172 3428 3427 3796
5964 3229 3562 3367 3577
5965 1883 1726 1739 3197
5966 2254 2286 2153 3299
5967 2023 1935 2240 3821
5968 3139 3375 3278 3569
5969 1843 1646 1638 3451
5970 3375 3449 2201 3663
5971 2124 3389 2085 3437
5972 3114 3262 3209 3530
5973 1684 3604 3227 3705
5974 3292 3361 2220 3560
5975 3134 3414 3266 3650
5976 2038 2261 3540 3566
5977 1359 1357 1368 3834
5978 2229 2300 3217 3733
5979 2096 3519 2272 3780
5980 2198 3398 3675 3738
5981 3142 3348 3269 3756
5982 3167 3403 3311 3646
5983 2176 1981 2215 3813
5984 2020 1959 2197 3407
5985 1463 1370 1374 3213
5986 1099 3761 3306 3802
5987 2214 1962 1963 3204
5988 1551 3612 3668 3705
5989 3163 3503 3310 3504
5990 3213 3412 1461 3834
5991 3191 3474 3287 3764
5992 1958 3655 3239 3737
5993 931 3167 1244 3293
5994 3176 3584 2180 3629
5995 1968 3580 2221 3675
5996 1249 3481 1219 3707
5997 2234 3326 2233 3695
5998 2320 2343 2175 3214
5999 1113 3104 3432 3433
6000 1642 1732 1645 1216
6001 1076 1173 1135 3828
6002 2228 373 3217 3739
6003 924 922 919 3218
6004 1757 1727 3607 3824
6005 3219 3267 975 3710
6006 1669 3463 1812 3464
6007 1364 1363 1371 3669
6008 3314 3621 3176 3625
6009 2182 2183 2143 887
6010 3248 3578 3147 3774
6011 1988 1951 3305 3534
6012 3505 1622 3659 3683
6013 2096 3198 3519 3780
6014 2228 2229 2300 3217
6015 1902 3463 1887 3531
6016 1099 3306 1006 3802
6017 2031 2029 2337 952
6018 1863 3404 1915 3647
6019 1365 3564 3216 3842
6020 1870 3329 1871 3457
6021 1762 1761 3340 3411
6022 1052 3322 1254 3485
6023 2048 3356 3226 3700
6024 3175 3333 3312 3550
6025 3178 3540 3386 3541
6026 845 3585 3451 3828
6027 1659 1759 3254 3583
6028 1592 1611 1076 1074
6029 3546 3726 3507 3731
6030 1061 3213 884 3755
6031 1451 3205 1499 3306
6032 922 947 1062 3308
6033 1423 3221 1425 3802
6034 2096 2095 3198 3780
6035 1738 3406 1899 3620
6036 2177 2195 1973 3477
6037 2290 2338 2314 3301
6038 1016 3376 1048 3500
6039 1608 1688 1827 3156
6040 3115 3162 3276 3378
6041 3446 3468 3135 3533
6042 2070 3643 3475 3684
6043 3103 3141 3233 3234
6044 1444 3307 1446 3319
6045 2223 3270 2293 3444
6046 1226 2031 1231 3657
6047 1975 3391 3165 3572
6048 958 1044 3264 3471
6049 3294 3451 927 3452
6050 3134 3517 3590 3700
6051 1948 3248 3562 3579
6052 2021 2333 2047 3314
6053 3164 3806 3705 3827
6054 1915 3404 1571 3513
6055 1465 3264 1544 3394
6056 2117 3477 2119 3602
6057 3428 3716 3427 3796
6058 1111 926 3218 3323
6059 936 3323 3219 3710
6060 844 3197 1039 3340
6061 3137 3233 3510 3637
6062 859 3349 1232 3808
6063 367 1942 1151 3753
6064 3449 3478 3298 3741
6065 3108 3601 3370 3719
6066 2311 3215 2154 3330
6067 1829 1605 3518 3528
6068 1408 3109 926 3218
6069 1236 3538 3257 3541
6070 1650 3223 1775 3603
6071 1806 3722 1823 3779
6072 3228 3133 3449 3771
6073 3376 942 3563 3832
6074 3250 3531 3464 3829
6075 3097 3310 3243 3493
6076 1903 1752 3543 3735
6077 1420 1389 1390 3323
6078 2053 2224 2217 3810
6079 2259 2257 2346 3593
6080 2257 2259 2258 3742
6081 1469 1467 1468 3362
6082 1968 3398 1966 3580
6083 3348 3382 2212 3444
6084 3340 3411 1761 3740
6085 1060 1061 3402 3491
6086 3298 3375 3526 3741
6087 1590 1700 1696 3458
6088 1378 3295 1372 3491
6089 1859 1899 1860 3739
6090 3101 3487 3440 3515
6091 935 936 3219 3710
6092 1774 3279 1597 3608
6093 3146 3200 3428 3830
6094 3454 3503 1751 3763
6095 1598 1607 1608 3609
6096 3143 3507 3364 3725
6097 3175 3404 3372 3647
6098 1494 1472 3264 3363
6099 3562 3577 3111 3769
6100 2116 2236 3260 3459
6101 3199 3608 3279 3746
6102 3107 3341 3227 3827
6103 3146 3284 3235 3345
6104 1963 3399 3510 3819
6105 3178 3595 3381 3808
6106 1756 3268 1841 3387
6107 1557 1829 3324 3772
6108 1561 3371 3613 3648
6109 1192 3264 949 3394
6110 942 3376 3223 3832
6111 2075 3486 2322 3793
6112 2276 2359 3367 3663
6113 2201 3449 3375 3741
6114 1656 3256 3480 3687
6115 1736 1887 3463 3728
6116 1442 3246 1443 3611
6117 3280 3665 3247 3820
6118 3357 3475 857 3633
6119 1008 3105 1181 3679
6120 3176 3232 3584 3629
6121 1120 3205 1114 3306
6122 2229 2283 2239 3733
6123 1089 3258 1090 3529
6124 3216 3471 3264 3751
6125 905 1052 3321 3322
6126 3324 3366 3148 3518
6127 2249 2033 2031 1226
6128 3145 3646 3379 3784
6129 1173 1592 1577 3828
6130 1005 1114 3205 3306
6131 3548 3549 3263 3749
6132 2153 2286 2152 3299
6133 3282 3284 3250 3841
6134 2018 3520 3474 3764
6135 1173 1592 1076 833
6136 1865 1394 1413 3456
6137 2052 3575 2150 3691
6138 2075 2073 3486 3793
6139 2351 3399 2352 3596
6140 3197 3598 3174 3682
6141 3322 3400 1925 3792
6142 3311 3513 1572 3784
6143 1546 1544 1533 3471
6144 2253 2241 3193 3605
6145 1752 1753 3543 3735
6146 3158 3458 3304 3720
6147 1713 988 1633 987
6148 3168 3454 3447 3488
6149 3131 3251 3528 3703
6150 3162 3378 3238 3496
6151 2345 2107 2099 3625
6152 3140 3514 3386 3593
6153 1400 1402 3412 3826
6154 1699 3329 1870 3457
6155 3314 3407 3116 3737
6156 2177 3214 2117 3477
6157 1149 1586 1152 1229
6158 2303 3448 2128 3616
6159 1882 1888 1894 3456
6160 3238 3474 3237 3654
6161 2217 879 2299 3684
6162 1116 3267 975 3438
6163 1526 941 1524 3394
6164 1375 1364 3295 3750
6165 3311 3403 3167 3783
6166 3211 3128 3708 3789
6167 1198 1026 3339 3470
6168 3245 3677 3180 3685
6169 1524 1527 1525 3258
6170 2251 2314 2338 3533
6171 1666 3528 1829 3613
6172 2314 2290 3301 3393
6173 3238 2019 3654 3757
6174 1369 1368 838 1359
6175 3175 3549 3373 3550
6176 2253 2320 3390 3661
6177 1905 3531 3536 3721
6178 3270 3442 3599 3731
6179 1912 900 1574 3585
6180 3149 3609 3480 3624
6181 1208 3322 1204 3557
6182 1054 1090 3258 3802
6183 3163 3504 3668 3671
6184 3130 3284 3296 3466
6185 1404 1409 1045 3826
6186 1940 3322 1927 3484
6187 1420 1421 3170 3218
6188 2037 3257 2341 3713
6189 866 2023 2240 871
6190 1388 1389 1408 3218
6191 3287 3266 3414 3650
6192 1241 3322 3259 3823
6193 1905 3273 1917 3536
6194 3121 3389 3247 3399
6195 3136 3393 3508 3645
6196 3543 3762 1754 3783
6197 1609 3783 3311 3784
6198 1215 3594 3158 3816
6199 1493 3319 3264 3394
6200 2320 3214 2175 3813
6201 1121 3363 3295 3402
6202 3189 3256 3521 3683
6203 3196 3423 3424 3565
6204 1180 1073 3265 3438
6205 1432 3156 336 3362
6206 2098 2100 2180 3431
6207 3184 3397 3329 3417
6208 386 1781 3418 3691
6209 3237 3287 3238 3773
6210 1575 831 1577 3828
6211 1656 1654 3256 3687
6212 1982 3605 3272 3676
6213 2249 2031 2337 1226
6214 3280 3141 3358 3588
6215 3334 3504 1891 3612
6216 3135 3278 3533 3844
6217 3317 3362 3156 3619
6218 1182 3265 1184 3363
6219 1672 3296 1838 3788
6220 2275 2123 2272 3519
6221 1471 1401 1419 3412
6222 3315 3441 3343 3445
6223 3165 3391 3477 3798
6224 3424 3811 2026 3812
6225 3424 3437 3127 3547
6226 3248 3578 1948 3754
6227 3492 3493 3164 3668
6228 3196 3424 3423 3777
6229 3102 3147 3517 3775
6230 2128 3448 2127 3616
6231 975 3267 3219 3438
6232 3317 3619 3124 3744
6233 3180 3685 1719 3720
6234 1372 3295 1364 3750
6235 3319 3394 1493 3797
6236 924 921 3205 3422
6237 2227 3364 2226 3581
6238 3374 3605 2241 3727
6239 2043 3460 2189 3461
6240 943 3452 942 3641
6241 1431 1532 3157 3529
6242 3259 3460 3416 3697
6243 3116 3732 3239 3767
6244 1375 1372 1364 3750
6245 1766 3225 3170 3401
6246 3298 3526 3449 3741
6247 2352 1965 3247 3399
6248 1583 1586 1148 1149
6249 976 975 977 3438
6250 3448 3616 1234 3643
6251 3245 3539 1641 3766
6252 2125 2124 2126 3812
6253 3204 3233 3510 3820
6254 3197 3666 3406 3686
6255 3211 3127 3437 3547
6256 3172 3481 3469 3641
6257 1624 3210 3722 3747
6258 2123 2122 2009 3202
6259 3274 3531 3273 3796
6260 1441 3246 1478 3412
6261 3182 3324 3704 3772
6262 2190 3228 1947 3771
6263 3145 3427 3716 3796
6264 1683 1684 3227 3705
6265 1691 1701 1794 3170
6266 2061 2062 3544 3587
6267 1180 3265 1178 3611
6268 1645 973 1209 1216
6269 3168 3334 3310 3763
6270 3231 3151 3511 3580
6271 2325 1514 1513 3396
6272 960 1533 959 3471
6273 1376 1369 1368 3412
6274 1184 1139 1043 3363
6275 1396 1410 1411 3826
6276 3273 3379 3536 3796
6277 3442 3461 3388 3599
6278 1639 381 3479 3758
6279 3228 3537 3499 3688
6280 1631 1630 1649 3658
6281 891 2113 2247 3724
6282 1215 3158 3312 3559
6283 1005 3096 3205 3473
6284 3372 3467 3631 3838
6285 337 1608 1827 3156
6286 1450 1451 1449 3306
6287 3133 3280 3247 3537
6288 1956 1957 3407 3737
6289 1361 1365 1363 3216
6290 1693 3245 1641 3766
6291 3134 3352 3353 3414
6292 1576 1574 900 3585
6293 3116 3240 3239 3266
6294 2037 2042 2128 3354
6295 2252 2013 3353 3474
6296 2047 3356 2045 3590
6297 1902 1887 3273 3531
6298 3270 3731 3618 3768
6299 3415 3499 2191 3510
6300 2067 2284 2229 3494
6301 1445 3220 1446 3307
6302 3138 3242 3498 3719
6303 3148 3523 3159 3818
6304 1989 3305 3534 3628
6305 370 369 1802 3231
6306 3223 3469 1775 3603
6307 3277 3316 1601 3686
6308 1633 988 1713 1634
6309 3161 3538 3541 3566
6310 3230 3522 3320 3526
6311 1043 3363 3264 3751
6312 1440 1411 1478 3246
6313 1041 1190 2139 3616
6314 3301 3715 3383 3795
6315 3303 3335 3125 3472
6316 1558 3336 3671 3758
6317 335 1890 334 3362
6318 3197 3516 3406 3666
6319 3166 3352 3578 3774
6320 2262 2264 2241 3793
6321 3208 3462 3410 3624
6322 1014 3726 3546 3731
6323 2038 3565 2261 3566
6324 1584 3242 1585 3505
6325 2002 3652 3408 3754
6326 2345 3602 3455 3625
6327 1097 3120 3432 3472
6328 1719 3180 3677 3685
6329 1884 3426 1880 3607
6330 2253 3390 2319 3605
6331 829 3643 878 3684
6332 1714 1627 3603 3790
6333 2013 2014 3353 3590
6334 2340 2124 3211 3596
6335 1669 3235 1670 3554
6336 3379 3646 3167 3783
6337 2025 3352 2014 3590
6338 1729 3336 3668 3671
6339 1767 1768 1766 3656
6340 3173 3598 3197 3682
6341 3227 3705 3212 3827
6342 1908 1048 1732 1731
6343 1361 3216 1363 3669
6344 2343 2117 2177 3214
6345 3117 3251 3337 3512
6346 3128 3211 3547 3789
6347 1649 1630 1648 3658
6348 2341 3257 2303 3495
6349 3136 946 3635 3645
6350 2355 3386 3360 3514
6351 1237 3658 997 3794
6352 3256 3413 3124 3439
6353 1425 3306 3307 3802
6354 1121 3295 1060 3402
6355 3232 3384 3176 3837
6356 1090 3221 1102 3529
6357 1043 3264 1044 3751
6358 2276 3663 3367 3689
6359 1740 1763 1154 853
6360 1565 1585 1584 3242
6361 367 1150 1791 3753
6362 2073 3674 3486 3793
6363 1451 1454 1499 3205
6364 3182 3447 3425 3503
6365 1988 3305 1951 3689
6366 3127 3424 3423 3565
6367 2335 3499 3247 3819
6368 1241 3322 905 3416
6369 366 1942 1151 1150
6370 3245 3405 1641 3539
6371 1989 3305 1951 3534
6372 3160 3147 3331 3408
6373 3316 3395 1600 3644
6374 1425 3307 1424 3802
6375 1738 3277 3406 3620
6376 1802 1799 1600 3395
6377 1244 3594 3167 3646
6378 2253 3390 3193 3661
6379 1052 962 3321 3484
6380 1227 2337 952 1226
6381 3399 3530 3121 3651
6382 3622 3757 382 3758
6383 1072 1116 975 3438
6384 905 1254 1052 3322
6385 3164 3492 3327 3806
6386 3104 3192 3177 3450
6387 1631 1649 1831 3658
6388 3200 3463 3273 3728
6389 1549 1465 1544 3394
6390 3161 3565 3196 3566
6391 1121 1182 1184 3363
6392 3143 3364 3203 3587
6393 3578 3579 3166 3774
6394 1701 1767 1766 3401
6395 3181 3487 3454 3488
6396 1578 1731 1924 3563
6397 2165 3215 3468 3567
6398 2029 956 2135 953
6399 3272 3390 2215 3813
6400 1376 1419 1403 3412
6401 1425 3306 1445 3307
6402 1477 1471 1419 3412
6403 3356 3590 3517 3700
6404 3349 3393 3198 3645
6405 2253 2241 2264 3193
6406 3295 3363 1121 3751
6407 3304 3720 3180 3816
6408 1999 2023 866 3723
6409 3194 3262 3436 3760
6410 1571 3513 3404 3784
6411 3128 3388 3442 3547
6412 3296 3466 3119 3642
6413 1467 3362 1469 3509
6414 1041 2139 1032 1013
6415 3124 3297 3256 3822
6416 1777 1697 1776 3783
6417 3348 3444 2212 3756
6418 1584 3242 3505 3525
6419 3154 3238 3287 3378
6420 1120 3306 1099 3761
6421 3237 3240 3134 3266
6422 1899 3620 1860 3739
6423 3334 3504 3310 3763
6424 1559 3392 3366 3518
6425 3166 3579 3415 3688
6426 3186 3272 3553 3605
6427 3123 3263 3550 3749
6428 3111 3562 3522 3577
6429 3124 3256 3297 3589
6430 1208 3557 981 3724
6431 3163 3668 3336 3671
6432 3232 3629 3199 3746
6433 2079 2009 1541 3712
6434 3321 3495 3484 3843
6435 3209 3348 3315 3382
6436 1726 3406 1738 3686
6437 3338 3470 1635 3500
6438 3293 3403 3167 3594
6439 2167 3298 3375 3383
6440 3161 3381 3380 3386
6441 1895 1908 1724 3817
6442 1424 1448 3258 3797
6443 2055 2054 3357 3742
6444 3251 3148 3518 3703
6445 2264 2322 2253 3193
6446 1995 1996 2039 3713
6447 1238 3271 3442 3833
6448 3199 3384 3117 3512
6449 1820 3418 1818 3419
6450 956 2135 2030 2029
6451 2263 2196 2268 3232
6452 1843 1753 1652 3451
6453 1247 3545 3259 3697
6454 3121 3665 3280 3820
6455 1238 3442 3271 3734
6456 2071 3643 2070 3684
6457 1980 3226 2005 3652
6458 3379 3427 3145 3796
6459 3322 3400 1204 3557
6460 3114 3445 3315 3743
6461 3197 3406 3174 3824
6462 3449 3526 3375 3741
6463 2082 3187 2160 3676
6464 3310 3447 3168 3503
6465 1527 3258 1538 3529
6466 3102 3332 3473 3752
6467 3339 1674 3740 3814
6468 2291 2259 2346 3593
6469 2268 2263 3232 3629
6470 1116 1115 975 3267
6471 1782 1818 1820 3418
6472 2165 2155 2156 3215
6473 3095 3100 3384 3473
6474 2188 3544 2189 3792
6475 3227 3130 3426 3788
6476 3164 3493 3310 3504
6477 3445 3483 3107 3497
6478 1824 3656 1806 3779
6479 944 3645 3198 3781
6480 3111 3261 3769 3774
6481 3260 1206 3545 3823
6482 3130 3227 3341 3466
6483 3386 3514 2308 3593
6484 2234 2233 2232 3695
6485 3103 3300 3414 3637
6486 2328 3484 3495 3770
6487 3168 3447 3454 3503
6488 1659 3583 3288 3648
6489 1014 3271 3726 3731
6490 3113 3272 3187 3676
6491 2065 3661 2064 3664
6492 3182 3454 3447 3503
6493 1466 3471 1473 3564
6494 1446 3220 1447 3438
6495 1762 3411 3340 3658
6496 1638 1843 3293 3677
6497 936 1063 935 3219
6498 1167 3405 3245 3539
6499 2297 2295 2321 3520
6500 3199 3629 1464 3746
6501 1200 889 1396 3267
6502 1651 3376 3603 3791
6503 1494 3319 1492 3363
6504 1951 1949 3689 3844
6505 2024 3560 3361 3606
6506 3694 3744 3317 3747
6507 3112 3390 3272 3391
6508 3243 3310 3097 3709
6509 1371 1363 1365 3216
6510 2093 2054 2259 3349
6511 2166 3398 2198 3738
6512 1756 3387 373 3430
6513 3228 2190 3499 3771
6514 3195 3134 3517 3621
6515 1200 1115 889 3267
6516 1673 3598 3740 3814
6517 3135 3533 3468 3844
6518 3166 3414 3352 3775
6519 945 3634 3381 3808
6520 1625 1621 1624 3521
6521 3122 3620 3277 3627
6522 1716 1717 1692 3245
6523 1521 3471 1466 3564
6524 1903 1904 3379 3543
6525 1447 3220 3219 3438
6526 2327 3212 378 3600
6527 1580 1650 1651 3832
6528 1442 1490 3438 3611
6529 3432 3433 3104 3553
6530 1246 3361 1230 3459
6531 1244 3293 3167 3594
6532 3109 3170 1408 3225
6533 1638 1636 3405 3801
6534 2335 3247 3499 3771
6535 3228 3449 3133 3522
6536 3186 3432 3193 3553
6537 3407 3575 3239 3737
6538 1631 1831 1816 3632
6539 1106 3761 1099 3802
6540 3295 3491 3402 3750
6541 3304 3685 3183 3816
6542 1554 3212 1897 3604
6543 1175 3675 3738 3807
6544 1022 3172 3427 3641
6545 3137 3280 3247 3820
6546 2268 330 2263 3629
6547 2171 3348 3756 3759
6548 1535 3222 1547 3840
6549 1029 3290 3285 3516
6550 1076 1803 1592 1074
6551 1716 3245 3615 3685
6552 3185 3461 3442 3599
6553 3114 3204 3530 3845
6554 3204 3399 3530 3820
6555 2167 3375 2103 3383
6556 2020 3407 2197 3584
6557 3416 3460 3153 3697
6558 2284 2266 2283 3494
6559 3110 3268 3201 3341
6560 1947 3228 2190 3579
6561 1626 1624 3747 3822
6562 1148 1586 1152 1149
6563 2009 3202 1541 3712
6564 3211 2340 3596 3708
6565 1661 3392 1559 3518
6566 1558 3392 1560 3758
6567 3318 3608 1594 3609
6568 3176 2180 3431 3629
6569 2167 3375 3298 3741
6570 3146 3273 3531 3796
6571 3131 3410 3206 3440
6572 1797 3317 1796 3439
6573 3273 1905 3531 3536
6574 1154 1763 1740 1743
6575 1240 3259 1241 3416
6576 1238 3442 3570 3833
6577 2196 3232 2263 3584
6578 1370 3213 1463 3834
6579 1578 3376 1731 3563
6580 2324 1545 2361 3568
6581 3453 3454 1850 3631
6582 3150 3393 3349 3645
6583 3161 3541 3540 3566
6584 3160 3331 3147 3699
6585 1647 1646 3451 3828
6586 1090 1004 1102 3221
6587 3298 3320 3139 3634
6588 941 1526 940 3394
6589 3338 3339 1198 3786
6590 2277 3532 2103 3663
6591 2213 3351 2321 3520
6592 1981 3272 2215 3813
6593 3411 3470 1027 3672
6594 3242 3329 3138 3525
6595 3158 3180 3720 3816
6596 3173 3344 3421 3682
6597 2333 3314 2332 3625
6598 3341 3466 3227 3827
6599 3124 3210 3297 3822
6600 3131 3337 3251 3512
6601 3141 3190 3114 3441
6602 1090 3529 3258 3802
6603 942 3223 3452 3832
6604 3292 3581 3361 3582
6605 2065 2121 3313 3664
6606 1136 3693 1137 3797
6607 3499 3537 3137 3688
6608 1878 1871 3329 3465
6609 2228 3217 2300 3739
6610 1043 1122 3363 3751
6611 1199 1115 1200 3710
6612 2126 2323 2125 3812
6613 3293 3451 3294 3762
6614 3239 3266 3237 3773
6615 988 1634 1633 3672
6616 3111 3358 3230 3522
6617 3145 3536 3379 3796
6618 2277 3278 2080 3532
6619 3336 3496 3162 3758
6620 1378 1364 1372 3295
6621 3116 3176 3384 3837
6622 3146 3531 3274 3796
6623 3254 3583 1759 3630
6624 3298 3241 3514 3623
6625 1818 3419 3418 3701
6626 2249 2337 1227 1226
6627 2287 3622 3299 3757
6628 1433 1447 3219 3438
6629 3176 2109 3584 3625
6630 3102 3147 3261 3576
6631 3226 3356 2048 3455
6632 2193 3596 2340 3708
6633 1404 3412 1402 3826
6634 3705 3806 3212 3827
6635 2099 3236 3602 3625
6636 1589 3525 1665 3549
6637 3288 3583 3254 3809
6638 1156 3265 1073 3693
6639 2286 3299 2287 3622
6640 3274 3250 3489 3829
6641 2252 2304 2305 3191
6642 3223 3469 3641 3735
6643 1466 3264 1472 3471
6644 1717 3245 1716 3685
6645 3179 3487 3440 3704
6646 382 1560 3622 3758
6647 1039 998 3340 3411
6648 3298 3449 3133 3478
6649 1724 3672 1047 3817
6650 2096 2272 2123 3780
6651 981 1205 982 3557
6652 3117 3251 3418 3701
6653 370 3511 3231 3620
6654 3522 3537 3228 3769
6655 380 381 2296 3479
6656 1678 3554 3476 3790
6657 3151 3203 3581 3582
6658 3389 3437 3211 3524
6659 1946 3578 1948 3579
6660 1878 1699 1879 3329
6661 1090 3221 3529 3802
6662 3298 3133 3449 3526
6663 1738 1728 1899 3406
6664 1434 3219 1455 3323
6665 906 3416 3690 3777
6666 3127 3211 3437 3524
6667 2214 2317 2213 3760
6668 1919 1788 1811 3528
6669 3241 3389 3247 3665
6670 3154 3287 3238 3764
6671 3132 3171 3434 3779
6672 1749 1729 3504 3671
6673 1592 1173 1577 833
6674 1378 1364 3295 3669
6675 2309 2271 3393 3519
6676 3177 3486 3408 3754
6677 3232 3384 3199 3629
6678 3334 1891 3504 3763
6679 3379 3427 3172 3543
6680 3287 3474 3238 3764
6681 1605 3518 1603 3692
6682 2061 2236 2225 3203
6683 3133 3478 3247 3665
6684 1808 3656 3252 3722
6685 1758 3254 1759 3548
6686 858 857 3357 3475
6687 2035 1941 1942 1151
6688 1951 3628 3551 3844
6689 891 2256 2247 2113
6690 3268 3341 3130 3426
6691 3153 3442 3388 3547
6692 2314 2251 2312 3446
6693 1054 3258 1138 3797
6694 3104 3433 3332 3553
6695 3143 3494 3364 3587
6696 2332 3314 3584 3625
6697 1698 1697 1852 3677
6698 3121 3389 3211 3524
6699 1602 1601 3316 3686
6700 1720 3453 1556 3772
6701 3141 3530 3502 3845
6702 3271 3343 3315 3833
6703 2041 1257 2280 1934
6704 1926 3322 1940 3485
6705 3124 3439 3744 3747
6706 824 3197 823 3666
6707 2287 3299 2286 3757
6708 3276 3163 3493 3555
6709 2344 2086 3360 3437
6710 2335 3478 3247 3771
6711 1549 1544 1526 3394
6712 1020 3428 3481 3830
6713 3455 3602 3236 3625
6714 1181 1126 1522 3105
6715 1020 3481 3172 3641
6716 3453 3583 1721 3613
6717 2061 3203 2226 3587
6718 3097 3359 3310 3493
6719 3263 3505 3242 3525
6720 2300 3511 3217 3733
6721 1208 3485 3557 3724
6722 3301 3393 3150 3645
6723 3123 3175 3333 3373
6724 1442 3267 3246 3611
6725 3454 3763 1751 3838
6726 1041 1032 2139 1190
6727 3311 3783 3646 3784
6728 3114 3234 3436 3845
6729 1549 1526 1525 3394
6730 3315 3348 3209 3743
6731 3238 3115 3287 3378
6732 3130 3426 3420 3680
6733 2257 2258 2260 3540
6734 2338 3301 3532 3533
6735 2309 2273 2271 3519
6736 886 2144 2035 1118
6737 3381 3386 3161 3541
6738 2161 3357 3328 3633
6739 2128 3354 2055 3448
6740 1670 3235 1672 3420
6741 3155 3479 3336 3668
6742 1834 3317 1797 3694
6743 3108 3210 3253 3370
6744 1004 3221 1005 3679
6745 1385 3225 1770 3434
6746 2057 2052 3244 3575
6747 3219 3267 1433 3438
6748 1966 3231 3511 3580
6749 3551 3628 3305 3844
6750 3154 3238 3520 3764
6751 3408 3652 2002 3664
6752 2348 3165 324 3572
6753 1759 3548 3630 3647
6754 3148 3276 3207 3523
6755 3128 3271 3442 3731
6756 3257 1235 3495 3843
6757 3103 3233 3141 3637
6758 1137 3693 3307 3797
6759 1247 3259 1240 3697
6760 1852 3293 3677 3762
6761 3269 3756 3348 3759
6762 1611 1592 1803 1074
6763 3115 3299 3238 3773
6764 1880 1756 1757 3430
6765 2217 2224 1058 3810
6766 2116 2114 3400 3792
6767 3115 3266 3237 3287
6768 2129 2130 3269 3730
6769 3281 3524 3241 3665
6770 1722 3583 1561 3613
6771 2157 2078 2224 3810
6772 2360 3468 3551 3567
6773 2017 2016 3474 3654
6774 1846 1797 1796 3439
6775 2352 3389 2339 3596
6776 2340 3211 2124 3708
6777 2130 2173 3269 3600
6778 3151 3580 3292 3581
6779 1652 1647 3451 3452
6780 2330 3444 2329 3756
6781 2152 3299 2286 3622
6782 1848 3598 3421 3824
6783 1795 3317 3413 3439
6784 945 3645 3150 3808
6785 2005 1980 2048 3226
6786 3122 3277 3406 3516
6787 1099 1006 1055 3802
6788 3158 3720 3304 3816
6789 916 1060 3295 3491
6790 1599 1802 1600 3395
6791 3280 3281 3133 3665
6792 3229 3526 3522 3569
6793 1854 1713 1633 987
6794 2234 2232 3326 3695
6795 1998 1999 867 3807
6796 1895 1908 1255 1050
6797 2338 2104 3532 3715
6798 3151 3217 3511 3733
6799 2305 2245 2252 3474
6800 3390 3553 3272 3605
6801 1387 1408 3170 3225
6802 3301 3446 3135 3533
6803 2067 3289 2329 3494
6804 3173 3681 3197 3814
6805 3371 3649 3324 3704
6806 3206 3410 3106 3440
6807 1463 1443 3213 3750
6808 3548 3549 3373 3647
6809 3213 3491 3402 3755
6810 3355 3158 3458 3559
6811 2254 2286 3299 3654
6812 1827 3156 1832 3362
6813 3372 3404 3175 3501
6814 3118 3099 3176 3236
6815 3125 3450 3367 3534
6816 3125 3450 3534 3535
6817 1683 3227 1684 3604
6818 959 1529 1077 3471
6819 1389 1386 1408 3170
6820 823 3197 824 3682
6821 3110 3387 3217 3725
6822 2157 3712 2078 3810
6823 3310 3493 3163 3504
6824 1490 1500 3265 3402
6825 2169 3262 3348 3759
6826 823 3197 844 3666
6827 1378 3295 916 3669
6828 1376 3412 1368 3834
6829 2016 2013 3474 3654
6830 1549 1525 1448 3394
6831 1226 3657 999 3724
6832 2076 2255 2280 1252
6833 1663 3371 1563 3462
6834 826 3681 3197 3682
6835 3180 3403 3158 3720
6836 1485 3295 1500 3402
6837 2010 2123 2009 3202
6838 1833 3252 1808 3694
6839 1500 3363 3265 3402
6840 843 3340 3632 3686
6841 3116 3384 3346 3837
6842 887 2182 1998 3807
6843 3137 3510 3233 3820
6844 2266 3364 2283 3494
6845 1492 1446 1491 3265
6846 2020 3407 3314 3737
6847 3452 3563 942 3832
6848 1024 3281 3140 3320
6849 1775 3469 3223 3735
6850 3372 3501 3175 3782
6851 2275 2331 2122 3330
6852 1006 1120 1005 3306
6853 1626 1625 1624 3822
6854 1813 1612 1814 3765
6855 3196 3161 3423 3565
6856 3243 3466 3342 3497
6857 3388 3461 2302 3599
6858 3268 3285 3174 3680
6859 1814 1612 1611 1075
6860 3370 3465 1564 3779
6861 3142 3271 3618 3653
6862 3171 3132 3719 3779
6863 3214 3313 3126 3429
6864 1897 3212 377 3836
6865 1873 3465 3397 3778
6866 1423 1425 1424 3802
6867 1054 3258 3797 3802
6868 1752 1587 1753 3735
6869 3121 3530 3399 3820
6870 2093 2094 2161 3328
6871 3180 3677 3403 3720
6872 1378 916 3295 3491
6873 1580 1587 1775 3832
6874 3131 3410 3440 3649
6875 1845 3632 3340 3686
6876 2298 3579 3415 3717
6877 3469 3481 3224 3707
6878 1967 1966 1968 3398
6879 3376 3500 1016 3791
6880 1835 1564 3465 3779
6881 1696 1889 3458 3720
6882 2343 2065 2119 3313
6883 3121 3399 3247 3820
6884 1004 3221 1090 3802
6885 3161 3196 3538 3566
6886 3164 3492 3243 3493
6887 3274 3145 3501 3796
6888 858 3541 3354 3595
6889 3156 3413 3149 3609
6890 3194 3436 3351 3760
6891 3138 3263 3525 3550
6892 3404 3536 1898 3784
6893 1543 940 1526 3394
6894 1082 3402 1061 3755
6895 3240 3239 3655 3737
6896 3130 3342 3285 3344
6897 3238 3162 3496 3757
6898 3382 3388 3128 3708
6899 1903 1917 1905 3273
6900 3379 3783 1904 3784
6901 1641 1693 1692 3615
6902 1376 1403 1369 3412
6903 3302 3515 3254 3749
6904 3186 3222 3187 3727
6905 2074 3534 3367 3674
6906 3126 3165 3409 3798
6907 3100 3095 3422 3473
6908 3222 3433 3326 3696
6909 1952 3449 2200 3771
6910 3139 3320 3298 3526
6911 1982 2215 3272 3605
6912 3494 3587 3143 3736
6913 3549 3550 3263 3749
6914 2310 352 1548 2154
6915 3392 3518 1661 3692
6916 1820 386 1781 3418
6917 2220 3292 2221 3581
6918 2332 3584 2109 3625
6919 2169 3262 2214 3651
6920 3163 3555 3366 3671
6921 1108 1096 3095 3207
6922 3185 3599 3442 3731
6923 3209 3382 3315 3789
6924 1887 1903 3273 3728
6925 1927 3321 2328 3484
6926 3106 3440 3410 3649
6927 1762 1761 1845 3340
6928 3178 3386 3381 3541
6929 3126 3409 3236 3602
6930 2005 3652 3226 3664
6931 3302 3440 3179 3515
6932 3474 3520 3238 3764
6933 3166 3415 3579 3717
6934 2191 3499 2192 3819
6935 1833 1808 1748 3694
6936 1611 1075 1076 1074
6937 1825 1808 3252 3722
6938 3630 3631 1849 3647
6939 1208 1254 1204 3322
6940 3288 3683 1658 3687
6941 3140 3380 3381 3386
6942 1206 3260 1246 3459
6943 3247 3819 3499 3820
6944 2241 2210 2262 3374
6945 3108 3189 3297 3601
6946 3123 3373 3333 3782
6947 3179 3583 3648 3809
6948 387 2058 386 3419
6949 2299 2217 2205 879
6950 2226 3364 2266 3587
6951 1058 879 2217 3810
6952 2020 3314 2021 3737
6953 1055 1106 1099 3802
6954 2291 3593 2289 3715
6955 3183 3456 1882 3698
6956 875 3343 3271 3833
6957 3425 3447 3163 3503
6958 1439 1438 3199 3746
6959 3367 3534 3450 3674
6960 1198 3338 1193 3470
6961 3324 3131 3371 3528
6962 3383 3715 3150 3795
6963 2245 3369 2018 3474
6964 1171 3183 3184 3456
6965 2057 3244 3407 3575
6966 3142 3445 3343 3483
6967 3164 3310 3243 3642
6968 2214 2213 1962 3369
6969 371 3511 370 3620
6970 1249 3224 3481 3707
6971 2311 2354 2313 3446
6972 1460 1421 3218 3748
6973 3227 3604 3212 3705
6974 1005 3205 1114 3473
6975 3168 3467 3454 3488
6976 3115 3767 3523 3773
6977 1863 3372 3489 3721
6978 1444 3307 3319 3797
6979 926 1388 1408 3218
6980 3178 3595 3357 3742
6981 1599 3231 1802 3395
6982 2260 2261 3386 3540
6983 3503 3504 3163 3671
6984 3181 3454 3467 3488
6985 1039 3339 1026 3411
6986 1934 896 1162 1080
6987 1841 3426 1682 3604
6988 906 3690 3423 3777
6989 3175 3373 3123 3550
6990 1550 1548 352 2154
6991 3119 3296 3284 3466
6992 1136 1157 1137 3693
6993 3121 3209 3530 3789
6994 3276 3148 3555 3818
6995 2020 3314 3407 3584
6996 2098 327 3236 3431
6997 1889 1667 1588 3720
6998 3151 3364 3203 3507
6999 1060 1061 1082 3402
7000 1431 1422 1532 3529
7001 893 3173 3482 3681
7002 3208 3410 3106 3589
7003 3285 3342 3341 3343
7004 2329 3444 2293 3736
7005 1832 1834 1745 3362
7006 2046 2107 2108 3625
7007 1372 3491 3295 3750
7008 3106 3189 3297 3302
7009 3210 3252 3722 3747
7010 2224 1224 1058 3712
7011 2127 3616 3448 3643
7012 1434 3267 3219 3710
7013 1046 1895 1255 1050
7014 1559 3392 1558 3671
7015 3158 3355 3312 3559
7016 1490 1442 1443 3611
7017 1948 3562 3248 3673
7018 3208 3649 3648 3809
7019 3301 3383 3139 3795
7020 1584 3505 1623 3525
7021 3204 3530 3399 3651
7022 858 3448 856 3475
7023 1586 1583 1582 1149
7024 1655 1656 1654 3256
7025 1136 3319 1157 3693
7026 3288 3189 3659 3683
7027 3125 3303 3230 3335
7028 2057 3407 1957 3575
7029 3312 3501 3175 3787
7030 2291 2306 3393 3715
7031 3460 3461 2043 3811
7032 3274 3404 3145 3536
7033 3174 3598 3421 3682
7034 3171 3719 3370 3779
7035 1864 3421 3607 3824
7036 1022 3427 3172 3428
7037 3147 3652 3578 3754
7038 3177 3576 3248 3754
7039 891 2247 841 892
7040 1633 988 3672 3794
7041 3163 3447 3310 3503
7042 1983 1984 3676 3776
7043 3259 3461 3460 3697
7044 3112 3390 3391 3813
7045 2172 324 3165 3409
7046 3334 3490 1892 3763
7047 1484 1500 3295 3363
7048 1926 3322 3485 3557
7049 3136 3393 3198 3519
7050 1465 1466 1544 3264
7051 1760 3339 1674 3740
7052 2169 2194 2193 3651
7053 3155 3378 3097 3493
7054 3329 3457 3138 3525
7055 3189 3254 3302 3809
7056 1671 3476 3554 3815
7057 1464 1489 3431 3556
7058 1554 377 1897 3212
7059 1666 3371 1663 3528
7060 3603 3707 3224 3791
7061 2320 3390 3214 3813
7062 3222 3326 2207 3695
7063 1046 1047 1255 3817
7064 1996 1997 2026 3460
7065 2328 3321 2137 3713
7066 3155 3336 3493 3668
7067 3162 3276 3555 3818
7068 3370 3719 3465 3779
7069 2125 3708 2124 3812
7070 3367 3534 2074 3689
7071 3177 3331 3450 3576
7072 1952 2201 3449 3562
7073 2103 3532 3375 3663
7074 1182 1156 1184 3265
7075 2081 2083 2082 3255
7076 945 3150 3634 3808
7077 3140 3360 3386 3514
7078 1018 3224 3338 3786
7079 2067 2069 2068 3387
7080 1990 3674 2073 3793
7081 1982 2160 2211 3676
7082 3111 3522 3230 3577
7083 3101 3182 3425 3704
7084 3142 3445 3348 3743
7085 3160 3214 3112 3429
7086 1716 3245 1692 3615
7087 1589 3513 3355 3549
7088 1173 1577 831 3828
7089 1385 1383 3225 3434
7090 3209 3596 3211 3789
7091 3417 3465 3329 3719
7092 1524 1538 1527 3258
7093 1473 1466 1472 3471
7094 2099 2362 2345 3602
7095 2177 3477 1973 3813
7096 1159 3559 3138 3816
7097 3144 3282 3702 3841
7098 341 3279 3608 3746
7099 1720 1556 3453 3613
7100 828 1234 3616 3643
7101 2351 2352 2339 3596
7102 1559 3366 1557 3518
7103 3147 3576 3248 3774
7104 1442 3438 3267 3611
7105 956 1032 2135 953
7106 3146 3428 3273 3796
7107 3361 3581 3203 3582
7108 1691 1793 1653 3170
7109 3158 3403 3594 3646
7110 3142 3271 3315 3768
7111 1054 1089 1138 3258
7112 3243 3310 3119 3642
7113 1256 3500 1255 3817
7114 3270 3618 3731 3736
7115 2312 3533 2251 3844
7116 3146 3273 3463 3531
7117 1640 1717 1719 3677
7118 943 3294 927 3452
7119 2344 3360 2136 3565
7120 3389 3399 3121 3596
7121 845 927 3451 3452
7122 3257 3566 3538 3713
7123 2101 886 1169 3738
7124 1425 3221 1449 3306
7125 1818 3418 1782 3701
7126 2083 2159 2158 3222
7127 944 3198 3645 3808
7128 1925 1926 2265 3322
7129 3324 3613 3371 3704
7130 3141 3300 3280 3358
7131 3150 3645 945 3795
7132 1500 1492 3265 3363
7133 3299 3523 3115 3818
7134 1175 1222 3675 3723
7135 926 3109 925 3218
7136 2261 2136 2355 3360
7137 1726 1738 1739 3686
7138 1845 3340 3632 3658
7139 3175 3123 3333 3550
7140 1598 338 1594 3318
7141 3302 3649 3208 3809
7142 1609 3513 1571 3784
7143 1759 3548 3254 3630
7144 3149 3208 3480 3589
7145 1911 3470 3411 3672
7146 1865 1413 1913 3397
7147 3285 3341 3110 3343
7148 899 832 1575 831
7149 2253 2319 2215 3605
7150 3154 3571 3436 3845
7151 1662 3462 1567 3624
7152 3162 3757 3622 3758
7153 3481 3728 3469 3790
7154 1863 3404 3372 3721
7155 2253 3193 3390 3605
7156 3193 3374 3186 3605
7157 3180 3293 1248 3594
7158 1623 3505 1622 3659
7159 3204 3369 3233 3571
7160 3208 3410 3149 3624
7161 1751 3454 1555 3503
7162 2048 3226 1980 3700
7163 3238 3654 3299 3757
7164 893 3173 3681 3682
7165 2290 3301 3393 3715
7166 377 3212 2327 3836
7167 960 959 958 3471
7168 2184 2182 3738 3807
7169 3180 3403 3293 3594
7170 3133 3320 3358 3522
7171 336 1827 1832 3362
7172 866 871 865 3723
7173 1699 1588 3304 3457
7174 2017 2019 3238 3757
7175 1998 2183 2182 887
7176 1758 3548 1867 3659
7177 1136 3319 3693 3797
7178 1829 3613 3324 3772
7179 3212 3604 1554 3705
7180 3469 3603 3223 3707
7181 1873 1878 1877 3397
7182 3513 3549 1570 3647
7183 3125 3278 3569 3667
7184 2234 3326 3396 3552
7185 1629 3338 1635 3500
7186 3190 3114 3315 3530
7187 1964 3510 2191 3819
7188 2355 3360 2086 3514
7189 1158 1791 1740 853
7190 2299 2315 878 880
7191 3400 3792 3322 3823
7192 2089 2091 2090 3377
7193 3247 3389 3121 3665
7194 2210 3374 2241 3727
7195 844 3340 996 3632
7196 1483 1382 1375 3750
7197 3278 3663 2277 3689
7198 1902 1737 1887 3463
7199 3122 3290 3151 3627
7200 3469 3172 3641 3735
7201 3275 3445 3194 3806
7202 3182 3454 3453 3487
7203 3248 1948 3673 3754
7204 1667 3304 1588 3720
7205 1762 3340 1845 3658
7206 2185 1999 1998 3807
7207 1033 3361 3292 3560
7208 2167 2168 3298 3383
7209 2112 3400 2265 3557
7210 3142 3348 3315 3743
7211 956 2029 952 953
7212 3212 3600 2327 3836
7213 3338 3224 3707 3791
7214 3453 3454 3181 3487
7215 3130 3344 3285 3680
7216 3167 3594 3403 3646
7217 2017 3238 2019 3654
7218 3203 3364 3143 3507
7219 2135 2134 2029 953
7220 1589 3457 3355 3458
7221 338 337 1426 3318
7222 3114 3315 3209 3743
7223 1590 1572 1700 3311
7224 1948 3562 1947 3579
7225 3147 3408 3652 3754
7226 1448 3394 3258 3797
7227 3233 3234 3141 3845
7228 3115 3523 3276 3818
7229 3177 3576 3450 3577
7230 3277 3620 3231 3627
7231 3197 3340 3666 3686
7232 3296 3420 3130 3788
7233 1230 3459 3361 3606
7234 3099 3205 3199 3556
7235 936 937 1191 3323
7236 3163 3359 3276 3493
7237 2028 2001 2027 3754
7238 1018 1016 3338 3707
7239 2293 3444 3270 3736
7240 3158 3312 3311 3646
7241 379 378 1551 3327
7242 2266 3494 2267 3736
7243 3128 3270 3382 3768
7244 1988 1989 1951 3534
7245 1746 3694 3401 3835
7246 3261 3517 3102 3650
7247 3403 3458 3158 3720
7248 1018 3338 3224 3707
7249 1542 1466 1521 3471
7250 1494 3264 1493 3319
7251 3243 3164 3642 3827
7252 1678 3476 1627 3790
7253 1440 1399 1411 3267
7254 1722 1721 3583 3613
7255 855 1743 1154 1153
7256 1683 1552 1684 3705
7257 370 3231 1599 3620
7258 927 3294 931 3451
7259 1141 1120 1099 3761
7260 1059 1358 836 3491
7261 2047 2012 3240 3590
7262 3134 3352 3414 3775
7263 1044 1043 958 3264
7264 1200 3267 1396 3710
7265 3139 3230 3526 3569
7266 2325 1514 3396 3839
7267 2112 3557 2076 3558
7268 1089 1091 1069 3529
7269 1644 1574 1912 900
7270 1682 3426 1683 3604
7271 3138 3417 3329 3719
7272 2342 2360 3468 3551
7273 1559 3366 3392 3671
7274 1586 1582 1631 1149
7275 1915 3513 1570 3647
7276 2123 3202 2010 3780
7277 1669 3463 3235 3554
7278 1740 1791 1763 853
7279 2025 1977 2014 3352
7280 3122 3406 3277 3620
7281 1864 3421 3420 3607
7282 3273 3531 3274 3536
7283 1933 896 1162 1934
7284 1442 1440 3246 3267
7285 3469 3603 3224 3790
7286 1180 3438 3265 3611
7287 3123 3550 3373 3749
7288 1017 3223 3376 3707
7289 2168 2307 3298 3514
7290 1738 3406 3277 3686
7291 1661 1660 3622 3692
7292 2075 2027 3486 3674
7293 1716 1692 1888 3615
7294 2319 3390 2215 3605
7295 3145 3404 3274 3501
7296 1498 3220 1499 3308
7297 3269 3445 3107 3806
7298 3315 3190 3530 3789
7299 1444 3319 1493 3797
7300 3160 3408 3331 3662
7301 1076 1592 1803 833
7302 1980 3226 3652 3700
7303 2155 3215 2165 3567
7304 3163 3425 3366 3555
7305 987 1237 988 3794
7306 2216 1058 2217 2224
7307 1693 3615 3245 3766
7308 979 1225 3495 3616
7309 2067 2146 2329 3289
7310 3134 3240 3517 3621
7311 3150 3645 3349 3808
7312 3173 3554 3476 3815
7313 3482 3681 3173 3786
7314 3267 3438 1116 3611
7315 1908 1732 1048 1050
7316 1042 3339 3681 3786
7317 1802 1599 370 3231
7318 1488 3431 1489 3556
7319 3373 3549 3175 3647
7320 3321 3484 962 3843
7321 1576 1575 899 1574
7322 1400 1401 1471 3412
7323 3173 3421 3598 3682
7324 3296 3591 3227 3642
7325 2214 3262 2364 3760
7326 3400 3557 2112 3558
7327 1073 3265 3438 3693
7328 1434 1456 1455 3219
7329 1240 3697 3416 3799
7330 2327 377 378 3212
7331 3114 3571 3262 3845
7332 1510 3202 3330 3635
7333 3233 3137 3502 3637
7334 3201 3387 3289 3730
7335 3181 3487 3488 3515
7336 3171 3434 3225 3435
7337 2114 2115 3459 3558
7338 2172 325 324 3409
7339 1072 1116 3438 3611
7340 1628 1918 1635 3470
7341 1587 1652 1753 3294
7342 1974 1975 2348 3572
7343 1154 1158 3644 3753
7344 1056 1054 3797 3802
7345 3191 3233 3369 3764
7346 3200 3728 3481 3790
7347 3415 3499 3137 3688
7348 3130 3285 3268 3680
7349 380 1639 381 3479
7350 3320 3526 3139 3639
7351 1606 1687 3609 3624
7352 1639 3336 1729 3671
7353 1696 3403 1698 3720
7354 923 919 922 3218
7355 3197 3681 3173 3682
7356 2257 3386 2308 3593
7357 3142 3618 3271 3768
7358 3275 3436 3194 3743
7359 3164 3668 3612 3705
7360 3224 3482 3481 3790
7361 1390 1434 1455 3323
7362 1496 1495 3165 3409
7363 917 1378 916 3669
7364 1700 1697 3403 3783
7365 3476 3482 3224 3790
7366 1107 3291 3108 3498
7367 3110 3483 3289 3653
7368 3257 3538 3690 3713
7369 2020 2332 2333 3314
7370 3161 3196 3423 3538
7371 3450 3534 3192 3674
7372 2253 2064 2320 3661
7373 978 1214 3220 3761
7374 2024 3361 2187 3606
7375 1410 889 890 3826
7376 3106 3297 3124 3527
7377 341 3608 1438 3746
7378 921 3422 924 3527
7379 1654 1658 3683 3687
7380 2044 2188 2189 3792
7381 3337 3410 3188 3512
7382 997 1237 1229 3658
7383 3324 3148 3425 3542
7384 2237 2116 2236 3260
7385 3224 3603 3469 3707
7386 1892 3490 3334 3592
7387 2177 2175 2343 3214
7388 3099 3176 3384 3621
7389 2002 3652 1979 3664
7390 3316 3632 1602 3686
7391 937 3323 936 3710
7392 3355 3550 3312 3559
7393 3272 3391 3390 3813
7394 2182 2101 2184 3738
7395 1981 3776 3272 3813
7396 1598 3318 1594 3609
7397 2333 2332 2109 3625
7398 1944 1943 1945 1013
7399 2046 2108 3455 3625
7400 3256 3208 3589 3687
7401 1077 3471 1529 3842
7402 1082 1182 3402 3755
7403 3150 3349 3178 3808
7404 3181 3454 3453 3631
7405 2155 1518 3215 3567
7406 3175 3501 3333 3782
7407 2319 2253 2320 3390
7408 3122 3430 3620 3739
7409 1724 1634 1047 3672
7410 921 3205 3422 3473
7411 3134 3195 3517 3650
7412 3538 3566 3196 3713
7413 1904 1917 3379 3784
7414 3274 3536 3531 3721
7415 3460 3461 3153 3697
7416 3150 945 3634 3795
7417 3280 3300 3137 3537
7418 3481 3482 3200 3790
7419 2028 3673 2027 3674
7420 1753 3543 3294 3762
7421 1102 3221 1004 3679
7422 3248 3579 3578 3774
7423 1002 3381 3380 3423
7424 1154 1763 1743 855
7425 1788 3337 1783 3701
7426 2015 3240 2012 3655
7427 935 1063 977 3219
7428 1635 1629 1628 3338
7429 1976 1977 3352 3578
7430 1432 1426 337 3156
7431 2198 3398 1968 3675
7432 1728 1727 1757 3824
7433 1249 1018 3224 3707
7434 982 1205 1079 3557
7435 3178 3540 3354 3742
7436 2070 3475 2049 3684
7437 2294 2353 3388 3708
7438 2044 2189 2043 3460
7439 2020 1956 3407 3737
7440 2039 3566 2037 3713
7441 942 3223 1219 3641
7442 1902 3531 1905 3721
7443 1951 3305 3628 3844
7444 1214 1196 978 3220
7445 2138 2164 2135 1143
7446 3310 3504 3334 3642
7447 3356 3621 3314 3625
7448 3117 3232 3199 3746
7449 1828 1599 3277 3620
7450 976 3438 3220 3693
7451 3181 3453 3630 3631
7452 2057 1959 1957 3407
7453 986 988 1713 987
7454 3145 3427 3379 3646
7455 1978 3652 2002 3754
7456 2293 3270 2294 3736
7457 3136 3198 3393 3645
7458 3188 3410 3337 3462
7459 1422 1430 1423 3221
7460 3310 3334 3119 3642
7461 1833 1825 3252 3747
7462 1841 1880 1682 3426
7463 2146 2329 3289 3756
7464 1452 1448 1525 3258
7465 3375 3532 3278 3663
7466 3622 3691 3159 3692
7467 1601 1828 1599 3277
7468 1755 3430 373 3739
7469 3175 3549 3513 3647
7470 1897 3604 3212 3836
7471 3505 3521 1622 3683
7472 1046 1724 1047 3817
7473 3375 3526 3229 3569
7474 843 3666 3340 3686
7475 1450 3205 3249 3556
7476 1402 1409 1404 3826
7477 3238 3654 3237 3773
7478 1593 1610 1636 3617
7479 1795 1796 3317 3439
7480 3133 3247 3280 3665
7481 2084 2027 2001 3486
7482 3336 3479 1639 3668
7483 3304 3457 1588 3458
7484 2190 2191 2298 3499
7485 3241 3437 3389 3524
7486 3148 3207 3347 3523
7487 3151 3290 3217 3725
7488 1494 1484 1472 3363
7489 2280 2255 904 1252
7490 3117 3337 3279 3512
7491 1843 3293 1852 3762
7492 3127 3423 3424 3777
7493 3147 3261 3576 3774
7494 1600 1799 1800 3644
7495 2338 3301 2290 3715
7496 946 3645 3508 3795
7497 3587 3599 3270 3736
7498 1508 2009 349 2122
7499 2227 2226 2225 3581
7500 3293 3405 1248 3801
7501 3447 3182 3487 3488
7502 1257 896 1934 1080
7503 1255 1908 1048 1050
7504 3114 3441 3315 3445
7505 3307 3693 1137 3761
7506 3315 3382 3348 3768
7507 3367 3673 2074 3674
7508 1639 1558 3336 3671
7509 3261 3300 3111 3769
7510 1522 3157 1532 3529
7511 3102 3517 3261 3775
7512 3211 3385 3127 3547
7513 1637 1641 3405 3539
7514 1999 2023 2240 866
7515 1433 3267 1442 3438
7516 1214 1196 3220 3693
7517 2312 2313 3446 3468
7518 978 1141 1214 3761
7519 2157 3711 3712 3810
7520 1206 3400 3260 3459
7521 2187 3361 2236 3459
7522 3151 3581 3292 3582
7523 3121 3588 3385 3789
7524 3097 3492 3155 3493
7525 3142 3444 3348 3756
7526 3209 3315 3530 3789
7527 2209 2221 3292 3675
7528 2213 2018 3369 3520
7529 1630 1633 1648 3794
7530 3414 3415 3191 3637
7531 1911 3672 3411 3794
7532 3121 3530 3502 3588
7533 1452 1525 1527 3258
7534 3125 3305 3135 3472
7535 2229 2239 2300 3733
7536 2154 2155 1550 3215
7537 2066 2050 3328 3711
7538 2087 3247 2335 3478
7539 3125 3335 3230 3577
7540 1736 1887 1737 3463
7541 3139 3375 3383 3532
7542 1062 1111 922 3218
7543 3356 3517 3240 3621
7544 3648 3649 3179 3809
7545 3252 3694 1833 3747
7546 1496 3165 324 3409
7547 3131 3347 3206 3512
7548 2004 3661 3408 3664
7549 2046 2048 3356 3455
7550 1562 1659 3288 3648
7551 3485 3657 2034 3724
7552 3184 3329 3304 3417
7553 1641 3245 1693 3615
7554 3194 3445 3269 3806
7555 3233 3369 3154 3571
7556 1460 1455 1498 3308
7557 1700 3311 1609 3783
7558 1029 3122 3290 3516
7559 3259 3322 3792 3823
7560 3186 3374 3695 3727
7561 3132 3435 3171 3719
7562 1122 1121 3363 3751
7563 3133 3228 3522 3537
7564 337 3156 1426 3318
7565 1965 3247 3399 3819
7566 1468 1432 336 3362
7567 1206 1246 3260 3545
7568 3137 3499 3415 3510
7569 1179 883 881 3246
7570 904 2255 895 1252
7571 988 1713 1634 986
7572 2075 2073 2027 3674
7573 3138 3242 3263 3498
7574 3136 3446 3393 3519
7575 1566 1835 1564 3465
7576 942 1017 3223 3376
7577 1171 3184 3183 3816
7578 1137 3307 1056 3797
7579 915 3295 1121 3751
7580 958 1009 1044 3471
7581 1805 1786 1583 1148
7582 948 1141 947 3308
7583 3324 3528 3518 3703
7584 3195 3266 3134 3621
7585 1858 371 370 3620
7586 1755 1756 373 3430
7587 3274 3501 3283 3796
7588 3304 3329 3138 3417
7589 2324 3396 1545 3568
7590 1165 3245 3183 3615
7591 1609 3311 1572 3784
7592 3201 3730 3269 3836
7593 3275 3194 3445 3743
7594 1902 1737 3463 3531
7595 3169 3447 3488 3702
7596 1974 3391 1975 3572
7597 1966 3231 370 3511
7598 3453 1850 3630 3631
7599 3193 3553 3390 3605
7600 3208 3462 3371 3649
7601 3344 3235 3421 3680
7602 3126 3477 3409 3602
7603 2080 3532 3278 3533
7604 2020 2332 3314 3584
7605 2020 1956 1959 3407
7606 2115 3606 3459 3821
7607 1681 1760 1918 3339
7608 1225 858 3354 3448
7609 2166 3610 3398 3738
7610 3173 3345 3344 3682
7611 3149 3480 3413 3589
7612 3151 3507 3290 3725
7613 887 2143 2182 886
7614 3108 3253 3435 3719
7615 1551 1730 3479 3668
7616 926 925 923 3218
7617 3486 3674 3192 3793
7618 3543 3641 3172 3735
7619 2287 382 3622 3757
7620 2129 2130 2173 3269
7621 1884 3426 3420 3788
7622 2168 2308 3514 3593
7623 3284 3342 3130 3344
7624 2232 2207 3326 3695
7625 1530 3567 2059 3568
7626 1430 3221 3157 3640
7627 3186 3433 3432 3553
7628 3280 3502 3121 3820
7629 3551 3567 3468 3804
7630 3141 3502 3300 3637
7631 3311 3784 3145 3787
7632 3388 3153 3547 3812
7633 3108 3297 3210 3601
7634 3167 3379 3427 3646
7635 3101 3425 3207 3542
7636 3217 3511 2300 3739
7637 3104 3193 3192 3432
7638 1978 3578 3652 3754
7639 1484 1483 1474 3216
7640 1795 1796 1797 3317
7641 3256 3439 3124 3822
7642 2099 3236 2362 3602
7643 1456 1498 1455 3219
7644 3177 3248 3673 3754
7645 1411 1399 1396 3267
7646 1475 1473 3216 3564
7647 1768 3225 1766 3656
7648 3442 3731 3271 3734
7649 1903 1907 1752 3735
7650 1774 1597 1595 3608
7651 3128 3315 3382 3789
7652 2037 2038 3540 3566
7653 2293 2223 2294 3270
7654 2055 2072 3448 3475
7655 2197 2196 2263 3584
7656 1850 3453 1720 3454
7657 2314 2309 3393 3446
7658 3283 3716 3428 3796
7659 3118 3176 3621 3625
7660 1398 3267 1434 3710
7661 1888 1881 1716 3685
7662 1485 3402 1443 3750
7663 3196 3690 3538 3713
7664 3424 3153 3811 3812
7665 3115 3207 3276 3523
7666 3261 3300 3103 3443
7667 3483 3730 3289 3756
7668 843 3632 3316 3686
7669 2047 2045 2012 3590
7670 1986 322 321 3573
7671 2362 2097 2118 3602
7672 3188 3410 3462 3624
7673 3139 3526 3375 3569
7674 1864 1848 3421 3824
7675 2046 2108 2048 3455
7676 3158 1215 3312 3594
7677 1660 1560 1661 3622
7678 949 3319 1136 3797
7679 1880 1841 1756 3268
7680 3146 3274 3250 3841
7681 1684 1554 3604 3705
7682 2164 2134 2135 953
7683 3150 3393 3301 3715
7684 3097 3275 3234 3436
7685 841 2256 2247 891
7686 962 3495 3484 3770
7687 2303 2128 2127 3616
7688 3194 3436 3262 3743
7689 1243 3294 943 3641
7690 1834 1797 1747 3694
7691 3167 3427 3379 3543
7692 2302 3811 3388 3812
7693 1610 1706 3539 3765
7694 1740 1791 1158 3753
7695 1645 1209 1642 1216
7696 2114 1925 2265 3400
7697 1047 1634 1712 986
7698 1661 3622 3392 3692
7699 2171 3348 2212 3756
7700 1447 1498 3219 3220
7701 2111 3557 3485 3724
7702 331 306 1386 1793
7703 3127 3547 3385 3777
7704 3324 3518 3148 3703
7705 1566 1878 1873 3465
7706 3278 3135 3533 3667
7707 3102 3443 3261 3650
7708 3254 3630 3373 3714
7709 2038 2136 2261 3565
7710 2155 2060 1530 3567
7711 1956 1957 1959 3407
7712 1455 1421 1420 3218
7713 3127 3424 3547 3777
7714 3321 3416 3196 3690
7715 1682 1683 1684 3604
7716 3118 3195 3517 3621
7717 3204 3510 3399 3820
7718 1982 2215 1981 3272
7719 3269 3730 3483 3756
7720 1405 1165 1393 3615
7721 1635 3500 3470 3817
7722 2202 3675 3723 3807
7723 2046 3455 3356 3625
7724 1412 3397 3132 3434
7725 1143 2164 2135 953
7726 3137 3247 3499 3820
7727 2045 3356 2048 3700
7728 1951 3305 1989 3628
7729 3257 3690 3538 3843
7730 3102 3331 3147 3576
7731 3127 3385 3211 3524
7732 845 850 3452 3585
7733 1738 3277 1601 3686
7734 1641 1692 3245 3615
7735 3144 3501 3372 3782
7736 3418 3691 3251 3803
7737 3334 3591 1892 3592
7738 2115 3459 3558 3821
7739 1462 1370 1463 3834
7740 2315 878 880 827
7741 3251 3691 3692 3803
7742 3130 3342 3284 3466
7743 3492 3806 3164 3827
7744 1927 2044 1997 3460
7745 2038 2136 3565 3566
7746 2223 2212 3382 3444
7747 3173 3476 3339 3814
7748 3285 3344 3342 3729
7749 1532 1422 1527 3529
7750 3475 3643 829 3684
7751 325 1496 324 3409
7752 1682 1683 3426 3788
7753 2215 3390 3272 3605
7754 2318 3495 2303 3616
7755 3480 3589 3208 3687
7756 1193 3470 3500 3817
7757 1235 1225 1236 3257
7758 3310 3359 3097 3709
7759 3112 3390 3193 3553
7760 1554 378 377 3212
7761 1013 1943 1945 984
7762 3504 3612 3334 3642
7763 3112 3429 3214 3798
7764 2139 2138 2135 1032
7765 2297 3351 2317 3760
7766 2017 3474 2018 3520
7767 867 866 865 3723
7768 3154 3369 3233 3764
7769 3388 3442 3153 3461
7770 2352 1965 2087 3247
7771 826 3197 823 3682
7772 2169 2364 3262 3759
7773 1017 3376 1016 3707
7774 1981 1982 3272 3776
7775 1825 3722 3252 3747
7776 3294 3223 3641 3735
7777 2171 3756 3269 3759
7778 1629 3338 3500 3791
7779 3163 3504 3493 3668
7780 1190 3616 979 3770
7781 2098 327 2097 3236
7782 3136 3508 946 3645
7783 3105 3187 3186 3222
7784 3216 3669 990 3751
7785 3200 3481 3428 3830
7786 2063 2294 3599 3736
7787 1043 1192 958 3264
7788 1476 1521 1466 3564
7789 1830 3632 1845 3686
7790 2051 2055 2054 3357
7791 2152 2286 2287 3622
7792 1662 1563 1567 3462
7793 1670 3420 1864 3421
7794 3216 3564 3471 3842
7795 899 1575 832 1574
7796 2291 2346 2289 3593
7797 3116 3314 3240 3621
7798 1022 3172 1020 3481
7799 350 2122 2331 1509
7800 1712 1724 1634 1047
7801 1591 3617 1646 3828
7802 1871 1870 1699 3329
7803 3168 3490 3334 3763
7804 3195 3102 3517 3650
7805 3114 3436 3275 3743
7806 2311 2275 2273 3519
7807 1894 1888 1723 3615
7808 1739 3340 1761 3740
7809 1694 3615 1693 3766
7810 3147 3102 3517 3699
7811 1990 2073 2088 3793
7812 1749 3503 1780 3671
7813 2054 2093 2161 3357
7814 1996 3424 2323 3565
7815 3116 3266 3239 3732
7816 3324 3148 3542 3703
7817 959 1533 1529 3471
7818 1987 3573 3377 3676
7819 3292 3398 1223 3675
7820 2053 2217 2299 3684
7821 1434 1433 3219 3267
7822 3107 3445 3275 3806
7823 3114 3275 3445 3743
7824 1917 3536 3379 3784
7825 3252 3401 1808 3694
7826 2117 2118 3477 3602
7827 1043 1122 1184 3363
7828 3289 3618 3494 3725
7829 1715 3591 3334 3612
7830 3518 3528 3251 3703
7831 3420 3426 3130 3788
7832 1061 1059 836 3491
7833 3102 3195 3443 3650
7834 2289 3593 3383 3715
7835 3128 3547 3385 3789
7836 3097 3309 3243 3709
7837 931 1243 1244 3167
7838 3269 3600 3212 3836
7839 1976 3578 3352 3652
7840 3151 3580 3231 3626
7841 1571 3404 1898 3784
7842 880 878 2299 879
7843 3346 3384 3117 3837
7844 3238 3287 3115 3773
7845 3111 3300 3358 3522
7846 949 1139 1136 3319
7847 1002 1024 3140 3381
7848 3143 3731 3618 3736
7849 3189 3302 3288 3809
7850 1194 3231 1221 3395
7851 3453 3704 3613 3772
7852 3202 3519 3330 3635
7853 2080 3278 1949 3533
7854 1401 1403 1419 3412
7855 3189 3108 3498 3601
7856 1060 1121 916 3295
7857 2335 2192 3499 3819
7858 3484 3485 1052 3657
7859 3281 3358 1003 3588
7860 1042 3681 3482 3786
7861 1400 1471 1478 3412
7862 1508 1510 3202 3330
7863 3406 3516 3277 3666
7864 1609 1572 3513 3784
7865 2130 2327 3600 3836
7866 1106 3307 1137 3761
7867 3107 3212 3806 3827
7868 3222 3695 2207 3727
7869 893 3345 3173 3682
7870 3388 3811 3153 3812
7871 2315 1943 827 984
7872 1420 1421 332 3170
7873 3355 3513 3175 3549
7874 2304 3353 2014 3717
7875 3171 3210 3253 3722
7876 2020 2333 2021 3314
7877 3310 3164 3504 3642
7878 1934 1162 1935 1080
7879 3313 3455 2121 3602
7880 2311 3330 2275 3519
7881 1859 3620 1899 3739
7882 3192 3534 3450 3535
7883 2175 3214 2177 3813
7884 2009 1508 1541 3202
7885 3131 3337 3410 3462
7886 3112 3272 3390 3553
7887 3218 3509 3129 3748
7888 3217 3494 3364 3725
7889 3275 3436 3097 3492
7890 1056 3307 1106 3802
7891 3165 3572 3391 3678
7892 3371 3613 3179 3704
7893 3202 3519 3198 3780
7894 3288 3648 3583 3809
7895 843 3316 3277 3686
7896 3133 3281 3280 3358
7897 949 3394 3319 3797
7898 1611 1789 1814 1075
7899 1394 1865 297 1866
7900 1029 3516 3285 3729
7901 1016 1048 1256 3500
7902 1835 3465 3778 3779
7903 357 2324 1513 1545
7904 3151 3507 3203 3582
7905 2262 3374 2088 3793
7906 1773 1810 3279 3701
7907 1441 1440 1478 3246
7908 1798 369 368 3395
7909 1257 2280 904 1252
7910 3194 3269 3600 3806
7911 2149 3325 3552 3628
7912 3307 3761 1106 3802
7913 1181 1008 1126 3105
7914 3099 3384 3195 3621
7915 3182 3704 3453 3772
7916 1975 1974 1973 3391
7917 3134 3353 3352 3590
7918 3208 3288 3648 3687
7919 3372 3373 3181 3782
7920 3376 3603 3223 3832
7921 3320 3634 1024 3639
7922 2121 2119 2065 3313
7923 843 3340 844 3632
7924 3515 3714 3179 3809
7925 3108 3498 3242 3719
7926 2200 3449 2201 3741
7927 1902 3273 1905 3531
7928 3279 3117 3419 3701
7929 880 2299 2205 879
7930 2231 3325 3374 3695
7931 1043 1044 1122 3751
7932 3194 3269 3445 3759
7933 1219 3481 1020 3641
7934 1976 3652 3352 3700
7935 1167 3539 3245 3766
7936 1603 1782 3418 3701
7937 2088 2262 2231 3374
7938 3163 3493 3336 3668
7939 1788 1811 3337 3701
7940 1828 1858 370 3620
7941 3293 930 3451 3801
7942 1795 3413 1657 3439
7943 3103 3300 3261 3414
7944 3211 3524 3385 3789
7945 1748 3401 1746 3694
7946 2358 2297 2356 3327
7947 1022 3427 1243 3641
7948 3339 3476 3173 3786
7949 1852 3293 1843 3677
7950 2202 3675 3560 3723
7951 1442 1490 1491 3438
7952 3423 3538 3196 3690
7953 2004 3408 2002 3664
7954 3192 3450 3432 3535
7955 945 1024 3381 3634
7956 1671 3476 1678 3554
7957 1970 1187 1998 1189
7958 1760 1761 3411 3740
7959 1758 1659 1759 3254
7960 1361 1078 1366 3842
7961 3136 3635 3198 3645
7962 907 3257 3538 3843
7963 1788 1783 1811 3701
7964 1951 3551 2342 3844
7965 1491 1446 1447 3438
7966 3110 3285 888 3290
7967 3179 3583 3453 3613
7968 3471 3564 1521 3842
7969 1576 1912 1574 3585
7970 2339 2085 2124 3389
7971 926 1408 925 3109
7972 823 3197 826 3681
7973 3179 3515 3487 3714
7974 3115 3207 3523 3732
7975 1991 3325 2149 3628
7976 1361 1366 1365 3842
7977 3372 3373 3175 3647
7978 1171 3184 1395 3456
7979 3114 3234 3275 3436
7980 1091 1538 1069 3529
7981 2302 3461 3388 3811
7982 1791 367 366 1150
7983 3101 3425 3182 3447
7984 1808 1833 1825 3252
7985 2359 2201 3562 3663
7986 2119 3313 2121 3602
7987 844 823 1039 3197
7988 1749 3503 3504 3763
7989 3106 3410 3208 3649
7990 1256 1195 3500 3817
7991 2161 3328 2050 3633
7992 922 948 947 3308
7993 3147 3261 3774 3775
7994 919 3218 923 3745
7995 928 3451 3617 3828
7996 3228 3449 3562 3771
7997 2065 2005 2121 3664
7998 3126 3214 3429 3798
7999 1697 1698 1696 3403
8000 3489 3490 3467 3838
8001 2015 2047 3240 3737
8002 3251 3131 3347 3703
8003 3149 3188 3609 3624
8004 1980 2005 1979 3652
8005 866 1164 2000 1189
8006 3144 3467 3488 3782
8007 1115 1116 889 3267
8008 1208 1205 981 3557
8009 3289 3730 2146 3756
8010 2045 3590 3356 3700
8011 1562 3648 3288 3687
8012 2042 2055 3354 3742
8013 1424 1444 1448 3797
8014 1689 3480 1687 3624
8015 1933 1162 1935 1934
8016 3618 3731 3271 3768
8017 3103 3287 3233 3637
8018 3209 3315 3114 3530
8019 2238 2221 3580 3581
8020 3102 3261 3147 3775
8021 1410 1200 142 889
8022 1829 1919 1605 3528
8023 3148 3347 3207 3542
8024 3280 3133 3358 3537
8025 1714 3603 3469 3790
8026 3207 3309 3097 3359
8027 1896 1046 1895 1724
8028 387 386 1820 3419
8029 3493 3504 3164 3668
8030 3324 3542 3425 3704
8031 2084 3486 3408 3661
8032 931 3293 930 3451
8033 1114 1120 924 3205
8034 988 986 1634 3672
8035 3106 3297 3256 3589
8036 3133 3478 3449 3771
8037 3104 3553 3331 3662
8038 1770 303 1771 3225
8039 1942 1941 1117 1151
8040 3372 3467 3181 3631
8041 3258 3529 3221 3802
8042 3331 3408 3147 3576
8043 3185 3544 3461 3599
8044 1602 3632 3316 3718
8045 3252 3401 3694 3744
8046 2037 2303 2341 3257
8047 1039 3197 823 3681
8048 3312 3594 1215 3646
8049 1784 3462 1662 3624
8050 1493 3264 1465 3394
8051 3194 3600 3269 3759
8052 1807 1770 1771 3225
8053 3135 3468 3446 3614
8054 3420 3421 3235 3680
8055 1056 1137 1106 3307
8056 3373 3630 3181 3714
8057 1952 2190 1947 3771
8058 3144 3702 3250 3841
8059 3123 3291 3189 3302
8060 2074 3367 2359 3673
8061 3171 3435 3253 3719
8062 3173 3345 893 3482
8063 2028 2074 3673 3674
8064 979 3616 3495 3770
8065 3154 3233 3571 3845
8066 1486 3249 3236 3431
8067 2149 3325 2233 3552
8068 1941 2035 1118 1151
8069 3358 3522 3300 3537
8070 3175 3373 3372 3782
8071 370 1599 1828 3620
8072 1193 3470 3338 3500
8073 1448 1493 3394 3797
8074 3114 3436 3262 3571
8075 3382 3444 3348 3768
8076 3128 3442 3271 3833
8077 3301 3532 3383 3715
8078 1602 1816 3632 3718
8079 3099 3249 3205 3556
8080 3573 3676 1984 3776
8081 1943 1013 827 984
8082 3250 3274 3144 3841
8083 1471 3412 1477 3834
8084 2051 3475 3357 3633
8085 1681 1674 3339 3814
8086 1824 1807 1806 3656
8087 1009 959 1077 3471
8088 3340 3411 998 3658
8089 1435 1398 1399 3267
8090 1949 2080 2277 3278
8091 1579 3452 3563 3585
8092 3299 3654 2019 3757
8093 1077 1009 3471 3842
8094 1022 1020 3172 3641
8095 1082 1178 1182 3755
8096 1470 1471 1477 3834
8097 2187 2225 2236 3361
8098 2314 2354 2309 3446
8099 2004 2064 3661 3664
8100 3313 3455 3118 3699
8101 1214 1137 3693 3761
8102 3142 3315 3445 3743
8103 1464 1488 1489 3556
8104 1836 1418 3434 3778
8105 2142 3552 2324 3568
8106 1027 3411 3672 3794
8107 856 3475 3448 3643
8108 3383 3532 2104 3715
8109 1006 1099 1120 3306
8110 1795 1686 1657 3413
8111 1720 3453 1722 3613
8112 3372 1849 3631 3647
8113 1182 1180 1156 3265
8114 2103 2277 2080 3532
8115 1621 1622 3505 3521
8116 3212 3600 3269 3806
8117 3227 1683 3591 3788
8118 1684 1554 1897 3604
8119 1758 3659 1622 3683
8120 3123 3291 3368 3498
8121 3405 3539 1134 3801
8122 1430 3574 3221 3640
8123 2042 2055 2128 3354
8124 962 3484 961 3770
8125 3252 3253 3210 3722
8126 3315 3348 3142 3768
8127 1449 1425 1423 3221
8128 1600 1602 1601 3316
8129 2207 3326 3222 3839
8130 2264 2075 2322 3793
8131 3132 3465 3719 3779
8132 3366 3555 3392 3671
8133 1607 1606 1687 3609
8134 3252 3656 3171 3722
8135 2271 2306 2309 3393
8136 1577 1803 1592 833
8137 2105 368 3395 3610
8138 1964 2191 2192 3819
8139 2117 2119 2118 3602
8140 1817 23 3419 3746
8141 3216 3295 3669 3751
8142 1093 3335 3303 3472
8143 3388 3461 3153 3811
8144 1717 1641 1692 3245
8145 1591 1592 3617 3828
8146 2051 3357 2161 3633
8147 2247 2248 841 892
8148 2032 3485 2034 3724
8149 1808 3401 1748 3694
8150 3343 3441 3315 3833
8151 3301 3645 3150 3795
8152 2135 1032 1143 953
8153 1513 2325 358 1514
8154 3112 3214 3390 3813
8155 1927 2137 2328 3321
8156 2111 3485 2032 3724
8157 1560 3392 1661 3622
8158 2173 3269 3600 3759
8159 3099 3384 3176 3431
8160 3132 3778 3465 3779
8161 2177 3214 3477 3813
8162 3289 3483 3201 3730
8163 2095 2093 2291 3349
8164 1072 3438 1180 3611
8165 3206 3422 3095 3473
8166 3204 3502 3233 3820
8167 3251 3523 3347 3803
8168 3150 3634 3383 3795
8169 1433 1447 1456 3219
8170 3125 3303 3135 3667
8171 3454 3168 3763 3838
8172 3107 3466 3341 3827
8173 3276 3523 3148 3818
8174 1651 1650 1676 3603
8175 3325 3374 3695 3696
8176 1396 1200 1410 889
8177 1949 3278 2277 3689
8178 2039 2037 2341 3713
8179 1386 1793 1794 3170
8180 3312 3333 3175 3501
8181 3257 3713 3690 3843
8182 2225 2226 2061 3203
8183 3106 3527 3124 3619
8184 1151 1117 366 1150
8185 1534 1544 1542 3471
8186 1464 1439 1458 3199
8187 1420 1390 1455 3323
8188 1845 3632 1831 3658
8189 3237 3115 3287 3773
8190 1408 1414 3109 3225
8191 3271 3618 3143 3731
8192 3307 3693 3319 3797
8193 3262 3436 3114 3743
8194 1014 3507 3546 3726
8195 3115 3237 3266 3773
8196 1486 1488 3249 3431
8197 3144 3274 3501 3841
8198 2328 2056 3484 3770
8199 1748 1746 1747 3694
8200 1696 1889 1590 3458
8201 1566 1835 3465 3778
8202 3126 3699 3118 3752
8203 2026 3460 2043 3811
8204 2063 2062 3587 3599
8205 1150 1569 1791 853
8206 1908 1895 1916 1050
8207 3421 3598 3174 3824
8208 1490 3265 1491 3438
8209 1641 1640 1637 3405
8210 1903 1752 1904 3543
8211 1903 1905 1887 3273
8212 1111 1191 1110 3323
8213 3140 3320 3298 3634
8214 3301 3150 3715 3795
8215 3446 3468 3215 3614
8216 1173 831 847 3828
8217 3250 3490 3489 3829
8218 2139 2318 3616 3770
8219 1743 1764 1805 1153
8220 3270 3731 3587 3736
8221 1421 1455 1460 3218
8222 1022 1020 3428 3481
8223 3260 3400 1206 3823
8224 2084 2075 2027 3486
8225 2015 3240 3655 3737
8226 1222 1230 3361 3560
8227 3183 3615 3245 3685
8228 3188 3410 3149 3785
8229 3190 3588 3121 3789
8230 3148 3518 3392 3692
8231 1823 3722 3370 3779
8232 3354 3540 2042 3742
8233 3226 3118 3356 3455
8234 3153 3547 3424 3777
8235 2063 3599 3587 3736
8236 2362 3236 2097 3602
8237 1758 1658 1659 3683
8238 3537 3688 3228 3769
8239 857 859 3357 3633
8240 1214 3693 3220 3761
8241 1500 1494 1492 3363
8242 3366 3392 3148 3518
8243 1097 3432 3120 3433
8244 1942 1117 366 1151
8245 2083 3187 2082 3255
8246 1234 3448 1225 3616
8247 3170 3218 3129 3745
8248 1603 3418 1781 3691
8249 3418 3419 3117 3701
8250 332 3509 1769 3835
8251 1150 1791 1158 853
8252 1014 1238 3271 3734
8253 3124 3413 3589 3619
8254 1910 1908 3500 3817
8255 2084 3408 2004 3661
8256 1032 2138 2135 1143
8257 3383 3634 3139 3795
8258 3339 3173 3681 3786
8259 1789 1083 1814 1075
8260 2210 3695 3374 3727
8261 1951 2140 3551 3628
8262 3195 3266 3116 3732
8263 1987 3377 2089 3676
8264 3145 3501 3716 3787
8265 1927 1925 2044 3322
8266 1604 1603 3691 3692
8267 3286 3488 3144 3561
8268 1729 3336 1639 3668
8269 1473 1472 1484 3216
8270 2268 2058 387 3419
8271 3117 3418 3244 3419
8272 1836 3434 1826 3778
8273 1870 1871 1664 3525
8274 1576 1575 1577 3828
8275 1758 1759 1867 3548
8276 1378 1372 1373 3491
8277 3292 3560 2209 3675
8278 3226 3313 3160 3699
8279 3309 3359 3169 3709
8280 1894 1923 1882 3456
8281 3310 3447 3359 3709
8282 3172 3469 3481 3728
8283 1651 3603 1676 3791
8284 3131 3371 3462 3649
8285 3398 3610 1170 3738
8286 1030 3516 3277 3627
8287 1722 3453 1721 3613
8288 1925 3400 2114 3792
8289 3261 3414 3166 3775
8290 1894 1405 1407 3615
8291 2099 2097 2362 3236
8292 2126 2124 2085 3437
8293 2328 3495 2318 3770
8294 3119 3466 3243 3642
8295 3129 3509 3362 3748
8296 3164 3612 3504 3642
8297 1673 3740 1674 3814
8298 1606 3609 1596 3624
8299 3138 3355 3457 3559
8300 1589 1570 3513 3549
8301 937 1392 1191 3323
8302 2186 2202 3560 3723
8303 1107 3108 1160 3417
8304 3424 3547 3153 3812
8305 1425 1499 1445 3306
8306 1826 1836 301 1418
8307 3261 3166 3774 3775
8308 3314 3356 3240 3621
8309 3280 3358 3281 3588
8310 1966 1967 370 3231
8311 3289 3653 3618 3725
8312 998 3658 3411 3794
8313 2223 3382 2193 3708
8314 1712 1896 1724 1047
8315 2129 3730 3269 3756
8316 1798 3395 368 3753
8317 2081 2083 3255 3840
8318 1464 1480 1479 3746
8319 3328 3633 1123 3810
8320 951 2029 2134 953
8321 1424 1422 1423 3258
8322 3188 3608 3318 3609
8323 1766 1768 1771 3225
8324 3122 3516 1029 3627
8325 1715 3334 1891 3612
8326 1164 2000 2240 866
8327 1256 1255 1195 3817
8328 867 1187 1998 887
8329 832 899 1574 900
8330 1804 232 231 1131
8331 2101 2182 2144 886
8332 1764 1743 855 1153
8333 3562 3577 3248 3673
8334 1866 1869 1923 3456
8335 2344 2355 2136 3360
8336 1950 3533 1949 3844
8337 2305 1962 3369 3510
8338 3178 3354 3595 3742
8339 2155 1530 1518 3567
8340 1624 3370 1823 3722
8341 3284 3344 3235 3345
8342 1836 1418 1826 3434
8343 2029 2347 2337 951
8344 896 2280 897 904
8345 1450 1457 1453 3556
8346 1529 3471 1521 3842
8347 2091 2279 3377 3640
8348 1841 1682 1842 3604
8349 900 1217 1644 1140
8350 2112 2114 3400 3558
8351 3110 3217 3290 3725
8352 2170 3759 3600 3760
8353 3177 3408 3331 3576
8354 1592 1593 1591 3617
8355 1809 1824 1826 3779
8356 228 1680 229 860
8357 871 3606 865 3723
8358 3169 3488 3561 3702
8359 1092 3368 3333 3670
8360 1006 1004 1055 3802
8361 1207 999 3657 3724
8362 1898 3536 1917 3784
8363 3283 3501 3145 3796
8364 1019 3376 942 3563
8365 1545 356 2361 3568
8366 1946 3579 2298 3717
8367 1226 1227 2249 892
8368 2217 2205 879 1057
8369 368 3395 3610 3753
8370 1089 1090 1091 3529
8371 1233 3167 3427 3646
8372 928 845 3451 3828
8373 3385 3547 3211 3789
8374 3294 3543 3167 3762
8375 3142 3348 3444 3768
8376 1598 1594 1596 3609
8377 3343 3483 3445 3497
8378 1537 3157 1522 3255
8379 2324 3552 3396 3568
8380 3111 3300 3522 3537
8381 2140 3552 3551 3628
8382 1102 1004 1008 3679
8383 3484 3657 961 3770
8384 3148 3392 3366 3555
8385 3251 3117 3418 3803
8386 2062 2301 3544 3599
8387 1579 3452 1587 3832
8388 3134 3266 3240 3621
8389 1579 1647 3452 3585
8390 2208 3326 2207 3839
8391 3117 3199 3279 3746
8392 3186 3605 3374 3727
8393 3179 3648 3371 3649
8394 3159 3575 3244 3691
8395 1749 3504 1891 3763
8396 1157 1136 1139 3319
8397 2263 3584 3232 3629
8398 1450 1502 1457 3556
8399 2208 2232 2207 3326
8400 3149 3589 3413 3619
8401 3192 3177 3450 3674
8402 1079 3557 1205 3558
8403 3156 3413 3317 3619
8404 2198 2166 1968 3398
8405 369 2105 368 3395
8406 3131 3324 3371 3649
8407 3230 3358 3320 3522
8408 1029 3290 3122 3627
8409 1074 1076 1803 833
8410 2183 1998 1187 887
8411 334 3362 1890 3509
8412 893 3344 3345 3682
8413 2301 2302 3461 3599
8414 2019 3299 2286 3654
8415 3385 3524 3121 3789
8416 1736 3463 1737 3554
8417 1378 917 1362 3669
8418 3110 3290 888 3726
8419 1895 1046 1049 1050
8420 1016 1193 3338 3500
8421 3280 3300 3141 3502
8422 843 844 3340 3666
8423 1233 3167 1243 3427
8424 1855 1630 1582 1237
8425 1644 1217 1643 1140
8426 1108 3206 3095 3473
8427 2125 2026 3811 3812
8428 1636 1637 1638 3405
8429 3131 3528 3324 3703
8430 2122 350 1508 1509
8431 3148 3425 3276 3555
8432 1982 3676 3272 3776
8433 1681 3339 3476 3814
8434 2059 2361 356 3568
8435 1629 1627 1628 3338
8436 1181 1522 1523 3529
8437 3421 3680 3174 3682
8438 1247 3259 3545 3823
8439 3147 3578 3352 3774
8440 3113 3187 3377 3676
8441 1584 1623 1665 3525
8442 3354 3540 3178 3541
8443 887 1998 867 3807
8444 1566 1872 1835 3778
8445 1601 1738 1828 3277
8446 2280 896 1257 904
8447 1193 3500 1195 3817
8448 1473 1474 1475 3216
8449 1605 1661 1559 3518
8450 2200 1952 2201 3449
8451 2046 2048 2045 3356
8452 2035 1169 1118 1151
8453 341 3279 1774 3608
8454 2338 3532 2080 3533
8455 866 1999 867 1189
8456 3510 3819 3399 3820
8457 2159 3222 2083 3840
8458 3276 3425 3163 3555
8459 3447 3702 3359 3709
8460 1997 1995 2137 3713
8461 3587 3731 3143 3736
8462 1720 1722 1556 3613
8463 1534 1542 1521 3471
8464 2079 2009 348 1541
8465 1027 3411 1026 3470
8466 3398 3580 3292 3626
8467 2035 1169 886 1118
8468 1830 1831 1845 3632
8469 1810 1783 1774 3279
8470 2238 2220 2221 3581
8471 3125 3450 3335 3577
8472 2294 3388 2302 3599
8473 1056 1054 1138 3797
8474 3173 3339 3681 3814
8475 3690 3713 3321 3843
8476 3331 3408 3177 3662
8477 3145 3311 3646 3784
8478 3271 3143 3653 3726
8479 2212 2193 2223 3382
8480 1126 1535 1522 3105
8481 3109 3401 3252 3744
8482 1772 1767 1701 3401
8483 3495 3616 2318 3770
8484 1056 3797 3307 3802
8485 1000 3538 3423 3690
8486 1491 1433 1442 3438
8487 1687 1657 1686 3413
8488 2129 3269 2171 3756
8489 3275 3194 3492 3806
8490 1114 924 921 3205
8491 2209 3292 2220 3560
8492 3205 3384 3100 3473
8493 2314 2309 2290 3393
8494 1600 1800 3316 3644
8495 1740 3644 1742 3753
8496 1751 3503 1749 3763
8497 3244 3419 3232 3837
8498 3127 3524 3380 3825
8499 3243 3642 3466 3827
8500 1824 1806 1823 3779
8501 3148 3692 3392 3818
8502 951 952 2029 953
8503 3502 3530 3141 3588
8504 1668 1588 1667 3304
8505 3501 3561 3283 3716
8506 3197 3740 3598 3814
8507 2017 2295 3496 3520
8508 921 3422 3206 3473
8509 1750 1751 3763 3838
8510 2210 2262 3374 3695
8511 3230 3139 3526 3639
8512 991 1032 2138 1013
8513 921 924 919 3527
8514 3362 3509 3129 3835
8515 3347 3523 3207 3732
8516 3121 3190 3530 3588
8517 1408 1387 1414 3225
8518 905 3416 3321 3690
8519 1666 1563 1663 3371
8520 1241 1254 905 3322
8521 1222 1230 3560 3606
8522 1398 1435 1434 3267
8523 1988 2074 3534 3689
8524 3131 3324 3649 3704
8525 3138 3368 1159 3417
8526 3117 3279 3419 3746
8527 961 3484 1052 3657
8528 1848 3598 1675 3815
8529 1247 1241 3259 3823
8530 2290 3393 2306 3715
8531 1435 1399 1440 3267
8532 1200 1199 1396 1397
8533 1095 3443 3332 3473
8534 1433 1456 1434 3219
8535 1861 212 13 1084
8536 1878 1566 1871 3465
8537 332 1769 1653 3835
8538 1715 1552 3591 3612
8539 371 1966 370 3511
8540 2345 2121 3455 3602
8541 881 883 882 3246
8542 983 1643 1217 1140
8543 3149 3422 3410 3589
8544 1235 3257 1236 3843
8545 3114 3275 3234 3441
8546 1666 1561 3371 3613
8547 1988 1951 1949 3689
8548 2153 1957 1958 3575
8549 3399 3596 2351 3651
8550 1180 1072 1073 3438
8551 2091 2092 2279 3640
8552 2059 1530 2060 3567
8553 1113 1097 3432 3472
8554 1830 1602 3632 3686
8555 1030 1221 3231 3277
8556 1199 1200 1396 3710
8557 1548 2331 2310 3330
8558 991 2138 1944 1013
8559 3502 3530 3121 3820
8560 1070 3202 3711 3712
8561 3192 3374 3325 3432
8562 3188 3149 3410 3624
8563 1561 1722 1721 3583
8564 3142 3483 3289 3756
8565 1561 1563 3371 3648
8566 3124 3439 3317 3744
8567 3256 3589 3480 3687
8568 1834 1795 1797 3317
8569 3186 3553 3193 3605
8570 1629 1627 3338 3791
8571 3184 1171 3417 3816
8572 1384 1385 1809 3434
8573 3379 3543 1904 3783
8574 1973 3391 1981 3813
8575 2210 2207 3695 3727
8576 3325 3695 3326 3696
8577 2288 3496 2296 3758
8578 1219 3223 1017 3707
8579 1392 3323 937 3710
8580 866 2000 1999 1189
8581 3103 3414 3287 3637
8582 3113 3272 3391 3678
8583 3404 3784 3513 3787
8584 2248 2247 2249 892
8585 2276 2359 2074 3367
8586 1452 1527 1422 3258
8587 3097 3359 3309 3709
8588 2234 2232 2208 3326
8589 3328 1123 3711 3810
8590 2188 2237 3544 3792
8591 3454 3168 3503 3763
8592 3116 3266 3195 3621
8593 3123 3515 3302 3749
8594 1388 1390 1389 3323
8595 2324 2325 357 1513
8596 3321 3690 3196 3713
8597 2120 2117 2118 3477
8598 3103 3141 3300 3637
8599 1604 3691 1660 3692
8600 3187 3222 3105 3255
8601 1028 1027 3470 3672
8602 2312 2165 2313 3468
8603 2013 2012 2014 3590
8604 1948 3578 1978 3754
8605 2034 3657 2033 3724
8606 3122 3511 3620 3627
8607 3618 3653 3143 3725
8608 3442 3461 3185 3697
8609 1674 1760 1681 3339
8610 2114 2115 2116 3459
8611 3120 3396 3326 3552
8612 3146 3283 3428 3796
8613 893 3482 1042 3681
8614 2165 3468 2360 3567
8615 3380 3524 3281 3825
8616 3352 3578 3147 3652
8617 3097 3276 3359 3493
8618 2115 2022 3606 3821
8619 3269 3201 3483 3730
8620 1855 1854 1630 1237
8621 1203 3400 1206 3459
8622 2220 2225 2187 3361
8623 2156 2155 2154 3215
8624 2330 2293 2329 3444
8625 1809 1826 3434 3779
8626 2144 2182 2143 886
8627 1490 1443 1500 3402
8628 1562 3288 1658 3687
8629 1240 1241 905 3416
8630 1774 1773 1810 3279
8631 1030 825 3277 3516
8632 3327 3492 3194 3806
8633 878 879 1183 3684
8634 1578 1914 1731 3376
8635 1762 1760 1761 3411
8636 3181 3488 3467 3782
8637 3123 3515 3373 3782
8638 1786 1147 1583 1148
8639 1080 1162 1935 3821
8640 2220 3361 2187 3560
8641 3101 3206 3440 3542
8642 3341 3107 3483 3497
8643 1892 3334 1715 3591
8644 1887 1905 1902 3273
8645 3101 3487 3182 3704
8646 1236 3354 858 3541
8647 3101 3359 3207 3425
8648 1198 1193 1026 3470
8649 1668 1699 1588 3304
8650 2167 2103 2104 3383
8651 3306 3761 3307 3802
8652 3113 3272 3676 3776
8653 1650 1775 1714 3603
8654 3217 3122 3511 3739
8655 3107 3445 3269 3483
8656 2344 2136 2323 3565
8657 1109 3095 1096 3443
8658 2280 896 897 1934
8659 1562 1659 1658 3288
8660 935 937 936 3710
8661 1863 1571 1915 3404
8662 3137 3233 3502 3820
8663 3251 3347 3523 3703
8664 858 3357 859 3595
8665 3208 3302 3106 3649
8666 3128 3789 3385 3833
8667 1602 1830 1601 3686
8668 1730 1639 3479 3668
8669 915 916 3295 3669
8670 1383 3434 3132 3435
8671 2142 3551 2140 3552
8672 3299 3622 3162 3757
8673 952 2029 2337 951
8674 3114 3275 3441 3445
8675 2066 2050 2161 3328
8676 3171 3253 3252 3722
8677 1669 1812 1672 3464
8678 1911 1632 3672 3794
8679 3101 3447 3182 3487
8680 1639 3336 1558 3758
8681 1743 1763 1764 855
8682 1845 3340 1739 3686
8683 2015 2047 2012 3240
8684 3317 3413 3124 3619
8685 3108 3297 3291 3527
8686 1179 883 3246 3611
8687 2341 2303 2328 3495
8688 3167 3762 3543 3783
8689 3120 3326 3433 3696
8690 1257 896 2280 1934
8691 3210 3253 3124 3297
8692 3301 3135 3508 3667
8693 2020 2021 1956 3737
8694 3148 3366 3425 3555
8695 3142 3289 3618 3756
8696 2078 1507 2133 1224
8697 1963 3510 1964 3819
8698 3224 3481 3469 3790
8699 3400 1203 3557 3558
8700 2004 2002 1979 3664
8701 3252 3744 3694 3747
8702 3108 3189 3291 3297
8703 1042 3339 1039 3681
8704 3153 3461 3442 3697
8705 3206 3347 3131 3440
8706 1019 1145 1209 3563
8707 3294 3641 3543 3735
8708 833 1173 1577 831
8709 1147 1583 1148 1149
8710 2341 2328 2137 3713
8711 2066 3328 2094 3780
8712 882 881 3246 3826
8713 3144 3333 3501 3782
8714 915 916 1121 3295
8715 1896 1712 1038 1047
8716 1981 1973 1974 3391
8717 1444 1445 1446 3307
8718 2168 3383 2289 3593
8719 2191 2305 3415 3510
8720 1583 1147 1582 1149
8721 2057 2150 2052 3575
8722 3180 3245 1202 3405
8723 3291 3297 3189 3302
8724 378 3327 2356 3600
8725 2070 2072 3475 3643
8726 1226 1207 999 3657
8727 3228 3579 3562 3769
8728 2265 2112 2114 3400
8729 3298 3320 3133 3526
8730 3143 3726 3271 3731
8731 3158 3403 3180 3594
8732 843 1221 3277 3316
8733 1898 3536 3404 3721
8734 3101 3207 3206 3542
8735 1441 1443 1442 3246
8736 1155 3644 3316 3718
8737 3383 3593 3150 3715
8738 1055 1056 1106 3802
8739 3432 3433 3186 3696
8740 1441 1478 1471 3412
8741 1572 3355 1589 3513
8742 1589 1664 1665 3525
8743 3166 3352 3774 3775
8744 1773 1774 341 3279
8745 3467 3490 3168 3838
8746 3097 3243 3492 3493
8747 843 3277 3666 3686
8748 1244 3167 1233 3646
8749 3600 3759 3194 3760
8750 1643 1217 1644 1642
8751 1655 1921 1657 3439
8752 2231 3374 2262 3695
8753 1639 1729 1710 3671
8754 1998 1999 1970 1189
8755 1609 1904 3783 3784
8756 3230 3320 3358 3639
8757 1653 1691 3170 3835
8758 3126 3236 3099 3752
8759 1396 3267 1398 3710
8760 2209 2221 2220 3292
8761 3111 3537 3522 3769
8762 3490 3763 3168 3838
8763 2319 2320 2176 3813
8764 3311 3167 3646 3783
8765 1579 3563 3452 3832
8766 2102 2036 2106 3610
8767 1724 1896 1046 1047
8768 3103 3287 3414 3650
8769 2308 3386 2355 3514
8770 2005 1979 3652 3664
8771 3128 3570 3442 3833
8772 1222 3606 3560 3723
8773 2004 2065 2064 3664
8774 1161 3610 3395 3753
8775 1234 856 3448 3643
8776 2142 2324 2361 3568
8777 1838 3464 1812 3592
8778 1916 1732 1908 1050
8779 301 1826 1418 3434
8780 1677 3476 1671 3815
8781 1222 3292 1223 3675
8782 1109 3095 3443 3473
8783 2307 3298 3514 3623
8784 3212 3604 3201 3836
8785 3347 3523 3346 3803
8786 1965 2335 3247 3819
8787 3226 3356 3118 3517
8788 1184 1122 1121 3363
8789 3130 3268 3285 3341
8790 2342 3551 3468 3844
8791 1736 3554 1678 3790
8792 998 3411 1027 3794
8793 1788 1662 1784 3462
8794 3370 3722 3171 3779
8795 1573 1823 1624 3370
8796 1376 1403 1417 1369
8797 3311 3646 3312 3787
8798 3273 3536 3274 3796
8799 2052 2150 385 3691
8800 3130 3341 3342 3466
8801 2084 2002 2004 3408
8802 1513 1545 2324 3396
8803 3204 3571 3233 3845
8804 1183 829 878 3684
8805 3107 3492 3243 3827
8806 1799 3395 1798 3644
8807 3410 3462 3208 3649
8808 1392 1391 3323 3710
8809 2173 2171 3269 3759
8810 1795 1657 1796 3439
8811 1015 3582 3151 3627
8812 222 223 1253 1617
8813 3138 3498 3263 3550
8814 2276 3367 2074 3689
8815 1042 1198 3339 3786
8816 1754 1904 3543 3783
8817 3489 3490 1839 3829
8818 1922 1698 1852 3677
8819 3107 3243 3466 3827
8820 2017 3496 2288 3757
8821 2334 3298 3623 3741
8822 3355 3549 3175 3550
8823 1246 3546 1023 3582
8824 3177 3673 3367 3674
8825 3113 3391 3272 3776
8826 1444 1493 1448 3797
8827 1007 3096 1005 3473
8828 3101 3440 3487 3704
8829 1399 1398 1396 3267
8830 1751 1720 1555 3454
8831 1831 1602 1816 3632
8832 3150 3593 3383 3634
8833 3117 3347 3251 3512
8834 1208 981 1207 3724
8835 1604 384 1660 3691
8836 1940 1926 1927 3322
8837 1941 1117 366 1942
8838 1227 2337 2347 951
8839 2322 3486 2084 3661
8840 1838 1672 1812 3464
8841 1907 3469 1775 3735
8842 1156 1073 1157 3693
8843 1783 3279 1810 3701
8844 3118 3099 3236 3752
8845 1410 142 1200 1396
8846 825 843 3277 3666
8847 3133 3522 3358 3537
8848 3136 3135 3446 3614
8849 1880 1757 1727 3607
8850 3206 3422 3410 3512
8851 1194 3231 3395 3398
8852 1906 1873 3397 3778
8853 891 981 982 3724
8854 3333 3561 3501 3716
8855 3408 3486 3177 3662
8856 3141 3502 3233 3845
8857 1152 3632 1229 3718
8858 2078 1507 1224 3712
8859 1549 1448 1465 3394
8860 1499 1498 1445 3220
8861 3132 3434 3171 3435
8862 3313 3429 3160 3699
8863 3100 3410 3422 3512
8864 3145 3716 3646 3787
8865 3302 3515 3179 3809
8866 1203 3459 1081 3558
8867 3124 3413 3317 3439
8868 962 905 1052 3321
8869 3116 3239 3407 3767
8870 3141 3190 1010 3588
8871 1646 1843 1652 3451
8872 1639 1710 1558 3671
8873 3154 3287 3234 3638
8874 3283 3501 3274 3841
8875 1700 1697 1696 3403
8876 3104 3193 3432 3553
8877 3562 3579 3248 3769
8878 3149 3410 3208 3589
8879 2024 2187 3361 3560
8880 3151 3231 3511 3627
8881 962 963 3495 3770
8882 3223 3603 3376 3707
8883 2127 3448 2072 3643
8884 3138 3550 3355 3559
8885 1990 3534 2074 3674
8886 3262 3743 3348 3759
8887 2019 2286 3299 3757
8888 3123 3498 3263 3749
8889 2317 2214 2364 3760
8890 1921 3439 1655 3822
8891 3305 3804 3551 3844
8892 1923 1882 3456 3698
8893 1828 3277 1738 3620
8894 3285 3516 3174 3729
8895 3189 3521 3505 3683
8896 1247 3697 1240 3799
8897 1921 3747 3439 3822
8898 1878 1871 1699 3329
8899 1991 2231 2149 3325
8900 1823 3370 1564 3779
8901 1159 3158 3559 3816
8902 2091 2274 2090 3255
8903 2083 3187 3255 3840
8904 3344 3680 3421 3682
8905 3145 3536 3404 3784
8906 1412 3132 1383 3434
8907 1647 1591 1646 3828
8908 3296 3227 3591 3788
8909 3198 3136 3519 3635
8910 2334 3298 2307 3623
8911 2081 2285 2083 3840
8912 1565 1871 1566 3465
8913 1209 1643 1645 1642
8914 1808 3401 3252 3656
8915 1884 1682 1880 3426
8916 3450 3576 3335 3577
8917 3117 3346 3347 3512
8918 1862 1718 1814 1085
8919 915 3669 3295 3751
8920 379 2358 3327 3479
8921 167 940 941 1526
8922 3123 3263 3498 3550
8923 1209 1643 1217 983
8924 3154 3351 3436 3571
8925 3448 3475 2072 3643
8926 1378 1373 916 3491
8927 1249 1020 1219 3481
8928 921 1114 3205 3473
8929 1791 1150 1158 3753
8930 1421 3509 3218 3748
8931 1365 1367 3564 3842
8932 2327 378 2356 3600
8933 3305 3472 3125 3535
8934 3153 3461 3460 3811
8935 998 844 1039 3340
8936 1999 2240 2000 866
8937 3105 3255 3222 3433
8938 1791 366 1569 1150
8939 1235 979 1225 3495
8940 3110 3285 3268 3341
8941 1669 1737 1812 3463
8942 833 1577 1821 831
8943 1534 1533 1544 3471
8944 2063 2301 2062 3599
8945 1566 3465 1873 3778
8946 1625 1655 3521 3822
8947 3513 3784 3311 3787
8948 1991 1989 1990 3534
8949 1003 3385 3190 3570
8950 3186 3272 3187 3586
8951 1721 3453 1720 3630
8952 1603 1811 1782 3701
8953 3346 3384 3095 3512
8954 2129 2173 2171 3269
8955 2111 2076 2112 3557
8956 1559 1557 1605 3518
8957 1161 1151 3610 3753
8958 3463 3464 3146 3531
8959 3142 3269 3483 3756
8960 3135 3472 3305 3804
8961 3231 3580 3398 3626
8962 3494 3143 3618 3736
8963 1136 1137 1056 3797
8964 3167 3543 3379 3783
8965 3130 3341 3285 3342
8966 3230 3335 3111 3577
8967 3225 3434 1383 3435
8968 1558 1559 1560 3392
8969 3475 3633 2049 3684
8970 2355 2344 2086 3360
8971 3591 3612 3227 3642
8972 1982 2211 2215 3605
8973 2146 2330 2329 3756
8974 1258 986 988 3672
8975 1387 3170 1794 3225
8976 1513 2324 2325 3396
8977 1476 1466 1473 3564
8978 3177 3104 3331 3662
8979 2165 2342 2360 3468
8980 1508 1509 1510 3330
8981 3250 3702 3282 3841
8982 2046 2045 2047 3356
8983 3100 3279 3199 3608
8984 1208 1207 3485 3724
8985 916 1373 1059 3491
8986 1482 3431 329 3629
8987 3124 3253 3210 3744
8988 1829 1605 1557 3518
8989 2194 2169 2214 3651
8990 386 2052 385 3691
8991 1207 1052 3485 3657
8992 3123 3189 3291 3498
8993 1505 3433 3326 3839
8994 3101 3515 3440 3670
8995 3333 3368 3312 3550
8996 2023 3606 2022 3821
8997 3242 3498 3108 3601
8998 2291 2290 2306 3715
8999 1739 1845 1761 3340
9000 3201 3110 3341 3483
9001 3207 3347 3206 3542
9002 3107 3275 3492 3806
9003 2283 3364 2227 3733
9004 1858 3620 1859 3739
9005 1621 1622 1585 3505
9006 1700 1776 1697 3783
9007 1159 3138 3417 3816
9008 1940 3485 3484 3657
9009 1721 3583 3453 3630
9010 3220 3693 3307 3761
9011 1375 1382 1372 3750
9012 3243 3492 3164 3827
9013 3181 3467 3372 3782
9014 1550 2155 1518 3215
9015 3111 3576 3261 3774
9016 1441 1471 1461 3412
9017 354 1530 2155 2060
9018 3100 3422 3205 3473
9019 2259 2291 2093 3349
9020 2071 2070 2049 3684
9021 1242 1855 1582 1237
9022 906 3416 3777 3799
9023 1923 3456 1869 3698
9024 1033 1222 3361 3560
9025 2294 2223 2353 3708
9026 1813 1814 1104 3765
9027 1968 1966 2221 3580
9028 2169 3348 2171 3759
9029 1663 1788 1919 3528
9030 3259 3544 3461 3697
9031 857 3633 3475 3684
9032 943 931 927 3294
9033 1181 1523 1091 3529
9034 3121 3502 3280 3588
9035 3133 3320 3281 3358
9036 1217 1643 1209 1642
9037 3100 3706 3422 3785
9038 1951 2140 2342 3551
9039 1755 1860 3430 3739
9040 3186 3695 3696 3727
9041 3343 3445 3441 3497
9042 2099 2098 2097 3236
9043 2346 2257 2308 3593
9044 3305 3628 3551 3804
9045 3144 3282 3561 3702
9046 1746 1748 1772 3401
9047 3151 3292 3580 3626
9048 3313 3477 3126 3602
9049 2150 2153 2152 3575
9050 1940 1927 2328 3484
9051 1227 952 2337 951
9052 3128 3382 3315 3768
9053 3276 3097 3378 3493
9054 3132 3434 3778 3779
9055 1486 3236 3249 3409
9056 1891 3334 1892 3763
9057 1201 2249 1227 892
9058 3401 3694 3129 3835
9059 1492 1444 1446 3319
9060 1609 1700 1572 3311
9061 1812 3464 3463 3531
9062 3118 3621 3356 3625
9063 1894 1723 1405 3615
9064 1611 1803 1789 1074
9065 1223 3675 3398 3738
9066 2087 1965 2335 3247
9067 1412 1418 3397 3434
9068 2142 3551 3552 3568
9069 3104 3193 3553 3662
9070 865 3606 1245 3723
9071 1758 1623 1622 3659
9072 3274 3404 3536 3721
9073 3228 3688 3579 3769
9074 1814 1718 1813 1104
9075 1667 1719 3685 3720
9076 1498 1456 1447 3219
9077 2161 2094 2066 3328
9078 1653 1769 1690 3835
9079 1433 1491 1447 3438
9080 328 329 3431 3629
9081 2084 2322 2075 3486
9082 931 943 1243 3294
9083 3274 3536 3145 3796
9084 3305 3535 3534 3628
9085 1049 1916 1895 1050
9086 963 979 3495 3770
9087 3444 3618 3270 3736
9088 1784 1606 1596 3624
9089 1567 3480 1689 3624
9090 3110 3653 3725 3726
9091 1441 1442 1440 3246
9092 2063 3587 2266 3736
9093 3198 3519 3202 3635
9094 1588 3457 1589 3458
9095 1940 2034 3485 3657
9096 1535 1537 1522 3255
9097 3188 3149 3609 3785
9098 2158 3222 2207 3727
9099 942 1219 943 3641
9100 3131 3542 3324 3704
9101 1976 3352 2025 3700
9102 1582 1581 1147 1583
9103 829 827 878 3643
9104 1048 1016 1019 3376
9105 3217 3430 3122 3739
9106 3633 3684 1071 3810
9107 3241 3524 3389 3665
9108 3153 3777 3416 3799
9109 3121 3524 3588 3665
9110 1635 3470 1725 3817
9111 3099 3384 3205 3473
9112 3284 3345 3146 3831
9113 375 2068 374 3387
9114 1981 3391 1974 3776
9115 1854 1853 1713 987
9116 3204 3530 3502 3820
9117 1423 3221 1430 3574
9118 1203 1205 3557 3558
9119 3125 3367 3450 3577
9120 1680 228 1787 860
9121 2317 2321 2213 3351
9122 991 1944 1945 1013
9123 1464 3431 3199 3556
9124 3248 3111 3577 3769
9125 3250 3592 3490 3829
9126 882 3246 883 3755
9127 905 3690 3321 3843
9128 3124 3297 3253 3527
9129 1646 1652 1647 3451
9130 1548 1509 2331 3330
9131 2217 1058 2216 1057
9132 3176 3236 3099 3431
9133 1208 1052 1254 3485
9134 1510 1124 3202 3635
9135 2116 2115 2236 3459
9136 1976 1946 1977 3578
9137 2037 2038 2042 3540
9138 3178 3354 3541 3595
9139 3280 3358 3300 3537
9140 1904 1609 1917 3784
9141 334 1890 1744 3509
9142 1480 1482 330 3629
9143 2318 2303 2127 3616
9144 1638 1852 1843 3677
9145 2297 2317 2356 3760
9146 1587 1579 1652 3452
9147 1677 3814 3476 3815
9148 2319 3390 2320 3813
9149 1701 3401 3170 3835
9150 1133 1134 1103 3539
9151 3477 3798 3391 3813
9152 1610 1612 1706 3765
9153 2108 2121 2048 3455
9154 3102 3147 3331 3699
9155 1773 3279 341 3746
9156 3248 3111 3769 3774
9157 2142 2141 3551 3568
9158 883 3246 3611 3755
9159 2275 2311 2310 3330
9160 3116 3346 3732 3767
9161 1670 1669 1672 3235
9162 1223 3398 3292 3626
9163 3376 3707 3603 3791
9164 3151 3582 3292 3626
9165 1661 3518 1605 3692
9166 3367 3450 3177 3674
9167 3177 3248 3577 3673
9168 3186 3695 3374 3696
9169 301 1418 1384 3434
9170 2087 2085 2352 3389
9171 3142 3618 3444 3756
9172 1535 3222 3255 3433
9173 1892 3490 1750 3763
9174 3139 3278 3532 3667
9175 2355 2308 2261 3386
9176 3126 3313 3214 3477
9177 2167 3298 2334 3741
9178 2260 2308 2257 3386
9179 2212 2169 2193 3348
9180 1846 1833 3694 3747
9181 379 2358 378 3327
9182 3095 3384 3195 3473
9183 374 2069 373 3387
9184 3145 3646 3311 3787
9185 3345 3830 3146 3831
9186 2234 2142 2233 3552
9187 2014 2252 2013 3353
9188 1110 1191 145 1392
9189 1948 2359 3562 3673
9190 1943 2315 2204 984
9191 3244 3159 3691 3803
9192 2166 1967 1968 3398
9193 3139 3230 3569 3639
9194 3192 3432 3325 3535
9195 1458 3199 1439 3660
9196 3301 3508 3645 3795
9197 3195 3621 3118 3752
9198 3137 3502 3280 3820
9199 1584 1585 1623 3505
9200 3102 3429 3332 3752
9201 907 3257 1236 3538
9202 2120 2172 2195 3477
9203 856 829 3475 3643
9204 3144 3501 3283 3841
9205 3163 3336 3555 3671
9206 1799 1802 1798 3395
9207 3145 3784 3404 3787
9208 3199 3205 3100 3660
9209 1768 1807 1771 3225
9210 3240 3266 3116 3621
9211 1192 949 940 3394
9212 1966 3511 2222 3580
9213 1745 1890 1832 3362
9214 2116 2237 2188 3792
9215 3137 3537 3300 3688
9216 3142 3343 3271 3653
9217 3110 3653 3289 3725
9218 2345 2119 2121 3602
9219 3347 3440 3206 3542
9220 2028 3673 1948 3754
9221 2253 2322 2064 3661
9222 1091 1090 1102 3529
9223 1735 3728 1736 3790
9224 963 962 961 3770
9225 3352 3590 2025 3700
9226 1002 3140 1024 3281
9227 1819 3490 3489 3838
9228 3579 3688 3166 3769
9229 3095 3350 3195 3732
9230 3173 3598 3421 3815
9231 2347 2029 2134 951
9232 3195 3384 3099 3473
9233 3231 3620 3511 3627
9234 1108 3207 3206 3597
9235 328 2180 329 3629
9236 3136 3446 3215 3614
9237 2207 2158 2159 3222
9238 1164 2240 1162 866
9239 2361 2324 356 1545
9240 827 880 2315 984
9241 3357 3595 3354 3742
9242 2340 2339 2124 3596
9243 3507 3546 3203 3582
9244 1376 1368 1380 3834
9245 1121 1082 1182 3402
9246 1140 1574 832 874
9247 915 1121 1122 3751
9248 1471 1461 3412 3834
9249 2227 3364 3581 3733
9250 1124 3198 3635 3645
9251 2304 2298 3415 3717
9252 3226 3356 3517 3700
9253 1494 1465 1493 3264
9254 351 1548 2331 2310
9255 1201 2248 2249 892
9256 1569 1763 1791 853
9257 1746 3401 1772 3835
9258 3165 3249 3126 3409
9259 3335 3450 3331 3576
9260 1488 1487 1489 3431
9261 3232 3407 3244 3837
9262 3454 3467 3168 3838
9263 1602 3316 1800 3718
9264 3478 3623 3298 3741
9265 3103 3261 3443 3650
9266 378 2358 2356 3327
9267 3101 3286 3487 3515
9268 2061 2062 2237 3544
9269 2031 2033 2034 3657
9270 3128 3547 3442 3570
9271 2077 2041 2040 3821
9272 1652 1579 1647 3452
9273 2039 3565 2136 3566
9274 1609 1572 1571 3513
9275 3143 3364 3494 3725
9276 3185 3461 3544 3697
9277 2109 2332 2181 3584
9278 1926 3485 2111 3557
9279 3134 3266 3195 3650
9280 897 1938 2280 1934
9281 3350 3443 3195 3650
9282 3127 3423 3777 3825
9283 3442 3547 3153 3570
9284 1759 3630 1849 3647
9285 1534 1521 1529 3471
9286 1914 3376 1651 3791
9287 3299 3654 3238 3773
9288 942 3452 850 3563
9289 3414 3650 3134 3775
9290 1378 1362 1364 3669
9291 1124 3198 3645 3781
9292 1551 3612 1553 3668
9293 1194 3231 3398 3626
9294 3188 3100 3318 3608
9295 3208 3371 3648 3649
9296 1214 1137 1196 3693
9297 2051 2054 2161 3357
9298 3101 3359 3447 3488
9299 1798 3644 3395 3753
9300 996 3632 3340 3658
9301 375 374 1841 3387
9302 1228 1155 3316 3718
9303 905 3321 962 3843
9304 1762 1911 3411 3794
9305 998 996 3340 3658
9306 1815 3765 1415 3766
9307 3141 3530 3190 3588
9308 1577 1575 1821 831
9309 2216 2218 2217 1057
9310 2081 2082 2090 3255
9311 3162 3622 3299 3818
9312 887 867 1174 3807
9313 3408 3661 3160 3664
9314 2284 2267 2266 3494
9315 3120 3326 3325 3552
9316 1906 1913 1416 3397
9317 3504 3612 3164 3668
9318 2247 2248 2256 841
9319 3189 3505 3521 3601
9320 1485 1500 1443 3402
9321 1472 1466 1465 3264
9322 3119 3282 3702 3709
9323 1431 1537 319 3157
9324 1395 3184 1412 3397
9325 1883 1739 1761 3740
9326 2302 2043 3461 3811
9327 2031 3657 2056 3770
9328 2345 2121 2108 3455
9329 2231 2233 3325 3695
9330 3277 3406 3666 3686
9331 939 941 940 3394
9332 3118 3699 3517 3752
9333 2079 1541 1540 3712
9334 3142 3618 3289 3653
9335 2205 880 879 1057
9336 900 1644 1574 1140
9337 1533 1534 1529 3471
9338 2168 2307 2167 3298
9339 1460 3308 1454 3748
9340 1640 1719 1922 3677
9341 2212 3444 2330 3756
9342 1842 376 375 3836
9343 936 1111 1062 3323
9344 3194 3436 3275 3492
9345 2211 2241 3605 3727
9346 1675 3598 1673 3814
9347 907 3538 3690 3843
9348 2333 2107 2046 3625
9349 3427 3428 1186 3716
9350 1850 1720 3453 3630
9351 3099 3236 3126 3249
9352 3244 3418 3117 3803
9353 1829 1556 3613 3772
9354 2013 2015 2012 3655
9355 1033 3292 1222 3560
9356 209 2235 208 834
9357 1754 3543 1753 3762
9358 300 1836 1906 1416
9359 3111 3335 3576 3577
9360 1236 3257 907 3843
9361 3331 3104 3335 3800
9362 1092 3333 3286 3670
9363 888 3285 3110 3343
9364 3117 3419 3244 3837
9365 3107 3341 3466 3497
9366 3113 3676 3573 3776
9367 1854 1146 987 1237
9368 1095 1109 3443 3473
9369 1553 3612 3504 3668
9370 1161 3395 1220 3753
9371 918 3435 3132 3719
9372 3375 3449 3229 3526
9373 3252 3401 3109 3656
9374 1214 1106 1137 3761
9375 2302 3388 2353 3812
9376 3250 3464 3592 3829
9377 1951 1950 1949 3844
9378 900 1574 832 1140
9379 976 1072 975 3438
9380 1805 1764 864 1153
9381 1813 291 1815 3765
9382 1815 1708 1705 3766
9383 3132 3465 3417 3719
9384 1624 3722 1825 3747
9385 1451 1425 1449 3306
9386 3139 3532 3301 3667
9387 1749 1555 1780 3503
9388 353 1550 2154 2155
9389 3115 3732 3523 3767
9390 1920 1625 1655 3521
9391 1831 1830 1602 3632
9392 3194 3445 3743 3759
9393 1819 1863 3372 3489
9394 1149 1242 1582 1237
9395 3107 3275 3445 3497
9396 3579 3769 3166 3774
9397 879 1071 3684 3810
9398 3137 3300 3637 3688
9399 1500 1485 1484 3295
9400 3346 3523 3159 3803
9401 942 1017 1219 3223
9402 1564 1565 1566 3465
9403 3248 3769 3579 3774
9404 2213 2018 2245 3369
9405 3511 3620 371 3739
9406 1780 3366 1559 3671
9407 1070 3711 3202 3781
9408 1629 3500 1909 3791
9409 3389 3524 3121 3665
9410 2170 3600 2356 3760
9411 3422 3589 3149 3619
9412 1606 1689 1687 3624
9413 1864 3420 1884 3607
9414 2308 2260 2261 3386
9415 1673 1883 1674 3740
9416 2146 2068 2131 3730
9417 1146 1854 1855 1237
9418 1578 1651 3376 3832
9419 1775 3469 1714 3603
9420 3391 3776 1981 3813
9421 3372 3467 3144 3782
9422 3222 3186 3433 3696
9423 3179 3649 3371 3704
9424 3142 3269 3445 3483
9425 376 2131 375 3836
9426 3189 3505 3659 3683
9427 3234 3287 3103 3638
9428 1491 1490 1492 3265
9429 1914 1578 1651 3376
9430 1227 2282 2249 1201
9431 2200 3449 3741 3771
9432 3117 3199 3232 3384
9433 1002 3423 3380 3825
9434 1400 1402 1401 3412
9435 945 3645 946 3795
9436 1553 1891 3504 3612
9437 1725 3470 1911 3672
9438 1022 1243 1021 3641
9439 3484 3495 962 3843
9440 3158 3594 3180 3816
9441 1483 3295 1485 3750
9442 3210 3253 3252 3744
9443 945 3639 3634 3795
9444 979 1234 1225 3616
9445 1807 3225 1768 3656
9446 3102 3261 3443 3800
9447 3115 3350 3207 3732
9448 2364 2214 2169 3262
9449 1123 3328 859 3633
9450 2142 3552 2140 3628
9451 3743 3759 3262 3760
9452 3099 3118 3621 3752
9453 1561 3583 1659 3648
9454 3108 3253 3297 3527
9455 1091 1523 1538 3529
9456 3281 3588 3524 3665
9457 3516 3682 3174 3729
9458 1976 1980 3652 3700
9459 1077 1078 1009 3842
9460 1168 1169 886 3738
9461 956 963 1231 3770
9462 1749 1710 1729 3671
9463 1998 2183 1187 1970
9464 3145 3501 3283 3716
9465 1715 1892 1891 3334
9466 3272 3776 3391 3813
9467 1835 1823 1564 3779
9468 3137 3637 3415 3688
9469 850 3563 3452 3585
9470 1102 1181 1091 3529
9471 1815 1415 1708 3766
9472 2329 2267 3494 3736
9473 1756 374 373 3387
9474 3110 3725 3290 3726
9475 1845 1831 1649 3658
9476 1373 1358 1059 3491
9477 3266 3287 3115 3350
9478 2312 2342 3468 3844
9479 3132 3397 3465 3778
9480 3410 3422 3106 3589
9481 1985 1984 1986 3573
9482 2205 2315 2299 880
9483 1150 366 1569 1125
9484 1720 1556 1555 3772
9485 22 319 1537 2278
9486 2130 2327 2173 3600
9487 1638 3405 1640 3677
9488 1843 1852 1777 3762
9489 3292 3361 1033 3582
9490 1752 1775 1587 3735
9491 1622 3521 1920 3683
9492 3312 3716 3501 3787
9493 3109 3171 3252 3656
9494 3101 3447 3487 3488
9495 1632 1633 3672 3794
9496 1684 1552 1554 3705
9497 1977 2025 1976 3352
9498 1908 1910 1724 3817
9499 3697 3734 3442 3799
9500 3333 3501 3312 3716
9501 1081 3459 3606 3821
9502 991 2138 1032 1143
9503 1903 1904 1917 3379
9504 1899 1828 1738 3620
9505 3144 3283 3501 3561
9506 1817 342 23 3746
9507 3711 3780 3202 3781
9508 1579 3563 1912 3585
9509 3307 3797 3258 3802
9510 1193 1028 3470 3817
9511 915 917 916 3669
9512 1118 1117 1941 1151
9513 2238 3581 3580 3733
9514 3194 3743 3262 3760
9515 2344 2323 2126 3437
9516 3117 3384 3232 3837
9517 3107 3806 3492 3827
9518 3344 3680 3174 3729
9519 1410 142 890 889
9520 2207 3222 2159 3840
9521 3299 3622 3159 3818
9522 1004 1005 1008 3679
9523 1950 2312 2251 3844
9524 1206 1246 1230 3459
9525 1397 1199 1396 3710
9526 2141 2140 2142 3551
9527 1380 1470 1477 3834
9528 3126 3249 3236 3409
9529 3114 3190 3315 3441
9530 3522 3526 3230 3569
9531 845 850 927 3452
9532 1978 1979 2002 3652
9533 1982 2147 2160 3676
9534 1199 1200 143 1397
9535 3227 3642 3612 3705
9536 3535 3325 3628 3805
9537 1486 1497 326 3409
9538 858 1236 1225 3354
9539 1923 1894 1407 3456
9540 1008 3332 3105 3679
9541 1039 1026 998 3411
9542 1586 1816 1801 3718
9543 2051 2049 3475 3633
9544 2077 2112 2076 3558
9545 3230 3526 3320 3639
9546 2099 2107 2109 3625
9547 3469 3728 1735 3790
9548 1111 936 1191 3323
9549 3359 3447 3169 3702
9550 963 1190 979 3770
9551 1551 1730 379 3479
9552 3583 3630 3254 3714
9553 3142 3289 3483 3653
9554 1233 1244 1243 3167
9555 882 883 884 3755
9556 3101 3286 3169 3488
9557 335 334 1469 3362
9558 2339 2352 2085 3389
9559 3388 3708 2353 3812
9560 1884 3420 1685 3788
9561 1915 1571 1570 3513
9562 1923 1869 1882 3698
9563 1796 1921 1846 3439
9564 1722 1720 1721 3453
9565 3420 3607 3421 3680
9566 1678 1627 1714 3790
9567 1000 950 3381 3541
9568 3108 3291 3189 3498
9569 1963 3399 2351 3651
9570 2202 3738 3675 3807
9571 2039 1996 2136 3565
9572 1794 1771 1387 3225
9573 1175 3675 1223 3738
9574 1557 3366 1780 3772
9575 3188 3609 3318 3785
9576 1398 1434 1391 3710
9577 1666 1722 1561 3613
9578 380 2296 2336 3479
9579 3131 3251 3347 3512
9580 1537 1532 1522 3157
9581 2059 2060 2141 3567
9582 1247 3545 1206 3823
9583 963 3657 1231 3770
9584 3421 3174 3607 3824
9585 1635 1910 3500 3817
9586 3106 3589 3422 3619
9587 1056 1055 1054 3802
9588 3160 3429 3331 3699
9589 1223 3398 1170 3738
9590 1207 3657 3485 3724
9591 1858 1859 371 3739
9592 3120 3432 3472 3535
9593 3177 3248 3576 3577
9594 3095 3384 3346 3732
9595 1153 864 1805 1148
9596 2085 2086 2344 3437
9597 976 1073 3438 3693
9598 1875 1036 1049 1895
9599 1858 371 3620 3739
9600 3376 3563 1578 3832
9601 3494 3618 3143 3725
9602 871 1245 865 3606
9603 387 23 2268 3419
9604 1571 1898 1609 3784
9605 1920 1654 1658 3683
9606 3106 3440 3302 3670
9607 2149 3552 2142 3628
9608 3362 3509 1467 3748
9609 3551 3804 3628 3805
9610 1247 1241 1240 3259
9611 1073 1072 976 3438
9612 1495 3165 3249 3574
9613 3123 3368 3333 3550
9614 3097 3276 3207 3359
9615 1794 1386 305 1793
9616 3214 3798 3477 3813
9617 840 2256 895 2255
9618 1198 1026 1039 3339
9619 3440 3515 3302 3670
9620 1127 1568 365 1125
9621 1812 3592 3464 3829
9622 2239 2283 2227 3733
9623 3379 3536 3145 3784
9624 1012 3442 1238 3734
9625 3344 3174 3680 3682
9626 2013 3654 2254 3655
9627 3177 3331 3104 3450
9628 3478 3741 3449 3771
9629 1524 167 941 1526
9630 3127 3777 3385 3825
9631 1846 3439 1921 3747
9632 3131 3410 3337 3512
9633 3270 3444 3382 3768
9634 1160 3108 918 3719
9635 3128 3768 3315 3833
9636 3286 3333 3144 3782
9637 2270 2285 2081 3255
9638 3385 3570 1003 3825
9639 383 382 1560 3622
9640 1848 1670 1864 3421
9641 1996 2323 2136 3565
9642 1246 3545 1239 3546
9643 1425 1451 1499 3306
9644 2328 2318 2056 3770
9645 327 2098 328 3431
9646 857 859 858 3357
9647 1098 3472 3303 3614
9648 3107 3275 3243 3492
9649 3128 3271 3768 3833
9650 1241 1204 1254 3322
9651 1819 3372 1849 3631
9652 1393 1171 1395 3456
9653 383 2287 382 3622
9654 384 385 2150 3691
9655 1215 3312 1159 3559
9656 1665 3548 1868 3549
9657 1800 1602 1600 3316
9658 1907 1735 3469 3728
9659 1473 1484 1474 3216
9660 1948 1952 1947 3562
9661 1823 1573 1564 3370
9662 3145 3716 3283 3796
9663 853 1763 1154 855
9664 1751 1555 1749 3503
9665 3110 888 3343 3726
9666 3163 3359 3310 3447
9667 1815 1705 3765 3766
9668 3143 3507 3725 3726
9669 2360 3551 2141 3567
9670 2210 2158 2207 3727
9671 2233 2149 2231 3325
9672 1945 991 1013 984
9673 1038 1046 1896 1047
9674 2282 2248 2249 1201
9675 1071 3711 1123 3810
9676 1798 1742 3644 3753
9677 3147 3774 3352 3775
9678 2144 2230 2035 1118
9679 3146 3428 3283 3831
9680 890 889 881 3826
9681 3276 3359 3163 3425
9682 1207 961 1052 3657
9683 3411 3658 1762 3794
9684 1947 1946 1948 3579
9685 1133 1076 1135 3617
9686 2255 2281 2280 904
9687 3312 3550 3368 3559
9688 3143 3725 3653 3726
9689 1022 1021 1020 3641
9690 1728 3406 1726 3824
9691 1781 1782 1820 3418
9692 1431 1430 3157 3640
9693 1055 1004 1090 3802
9694 3285 3174 3680 3729
9695 1248 3180 1202 3405
9696 3309 3506 3207 3638
9697 1107 3291 3368 3670
9698 1909 1629 1635 3500
9699 3476 3482 3173 3786
9700 1923 296 1866 3456
9701 2209 1968 2221 3675
9702 1151 1158 1150 3753
9703 1802 369 1798 3395
9704 2045 2025 3590 3700
9705 2338 2104 2080 3532
9706 3259 3545 3544 3697
9707 3129 3694 3401 3744
9708 3325 3432 3374 3696
9709 1423 1449 3221 3574
9710 1906 1836 1873 3778
9711 2313 2314 2312 3446
9712 2205 2217 2218 1057
9713 1005 3096 1007 3679
9714 328 3431 2180 3629
9715 3118 3517 3195 3752
9716 1737 3463 1669 3554
9717 3312 3368 1159 3559
9718 1530 3152 3567 3568
9719 1724 1725 3672 3817
9720 3181 3467 3454 3631
9721 1486 1488 1502 3249
9722 1683 1715 1552 3591
9723 1637 1640 1638 3405
9724 328 329 1482 3431
9725 2067 2329 2284 3494
9726 2049 2070 2072 3475
9727 1018 3338 1198 3786
9728 871 1245 3606 3821
9729 2348 324 323 3572
9730 1155 1154 1158 3644
9731 1505 3120 1504 3396
9732 3100 3384 3199 3512
9733 1926 2032 2111 3485
9734 1604 1605 1603 3692
9735 2240 1162 1163 1164
9736 1152 1228 3632 3718
9737 2045 2048 1980 3700
9738 3270 3618 3444 3768
9739 1390 1391 311 1434
9740 3097 3309 3207 3638
9741 3332 3433 3105 3553
9742 2059 3567 2141 3568
9743 1072 1180 1178 3611
9744 3139 3569 3278 3667
9745 1096 1109 1108 3095
9746 1373 1360 3491 3750
9747 1699 1870 1588 3457
9748 3128 3385 3547 3570
9749 1471 1470 1461 3834
9750 1150 1117 366 1125
9751 1571 1898 3404 3721
9752 1244 1248 3293 3594
9753 3207 3506 3350 3638
9754 3400 3260 3792 3823
9755 1563 1666 1561 3371
9756 1515 1505 1504 3396
9757 3101 3425 3542 3704
9758 2149 2142 2140 3628
9759 3133 3522 3449 3526
9760 2164 2138 1992 1143
9761 2082 3255 3187 3377
9762 2130 377 2327 3836
9763 3148 3392 3555 3818
9764 1504 1097 3120 3433
9765 1215 1159 3158 3559
9766 2129 2146 3730 3756
9767 3201 3341 3107 3483
9768 1726 3598 1848 3824
9769 3154 3234 3378 3638
9770 3109 3218 3170 3745
9771 880 2204 2315 984
9772 3131 3462 3410 3649
9773 3244 3575 3159 3767
9774 963 961 3657 3770
9775 3373 3548 3254 3749
9776 3449 3522 3229 3526
9777 1742 1740 1741 3644
9778 1676 3603 1627 3791
9779 2014 2304 2252 3353
9780 3287 3350 3266 3650
9781 3123 3302 3515 3670
9782 3226 3455 3313 3699
9783 3285 3680 3344 3729
9784 2091 3377 2092 3640
9785 1082 1061 884 3755
9786 3560 3606 2024 3723
9787 3100 3279 3188 3512
9788 1108 921 3206 3473
9789 1047 1712 1038 986
9790 2216 2246 2218 1057
9791 1140 1901 1574 874
9792 2256 840 2281 2255
9793 2125 3811 2302 3812
9794 1947 2190 2298 3579
9795 1753 1754 1752 3543
9796 857 3475 829 3684
9797 2190 2335 3499 3771
9798 2282 2337 2347 1227
9799 3144 3488 3286 3782
9800 1800 3644 1741 3718
9801 1671 3554 1670 3815
9802 949 939 3394 3797
9803 1559 1558 1710 3671
9804 1438 1479 341 3746
9805 925 1408 1414 3109
9806 2149 2233 2142 3552
9807 950 3381 3541 3595
9808 2066 3711 3328 3780
9809 3286 3488 3181 3782
9810 885 2143 2183 887
9811 3330 3519 3136 3635
9812 2151 2127 2072 3643
9813 1609 1898 1917 3784
9814 2139 2030 2318 3770
9815 1643 1901 1644 1140
9816 3224 3482 3476 3786
9817 2098 2180 328 3431
9818 1950 2251 3533 3844
9819 3332 3335 3104 3800
9820 3194 3759 3743 3760
9821 2223 2293 2212 3444
9822 1161 1151 1169 3610
9823 1812 3463 1737 3531
9824 1832 335 336 3362
9825 3486 3661 3193 3662
9826 2269 1974 3572 3776
9827 2273 2272 2271 3519
9828 930 3293 1248 3801
9829 2202 3723 2185 3807
9830 3109 3170 3129 3745
9831 1990 1988 2074 3534
9832 3112 3429 3332 3553
9833 276 1376 1417 1369
9834 943 927 942 3452
9835 1800 3316 3644 3718
9836 3114 3436 3571 3845
9837 867 3723 865 3807
9838 1738 1726 1728 3406
9839 2091 3255 2090 3377
9840 1484 1485 1483 3295
9841 2260 2038 2261 3540
9842 3185 3544 3545 3697
9843 2148 2269 3572 3573
9844 1525 316 1549 1448
9845 3248 3576 3111 3774
9846 1755 1757 1756 3430
9847 1499 1454 1460 3308
9848 1145 3563 850 3585
9849 1668 1881 1882 3698
9850 1444 1424 1425 3307
9851 918 3108 1107 3291
9852 3190 3385 3588 3789
9853 3547 3570 3385 3777
9854 2283 2266 2227 3364
9855 841 2256 891 895
9856 996 1229 3632 3658
9857 3162 3555 3392 3818
9858 1036 1046 1049 1895
9859 1238 3442 1012 3570
9860 935 1115 1199 3710
9861 3194 3600 3327 3806
9862 2023 2022 1935 3821
9863 1921 1626 3747 3822
9864 1007 1005 1114 3473
9865 843 844 996 3632
9866 2112 2115 2114 3558
9867 1662 1567 1689 3624
9868 3381 3595 950 3808
9869 3101 3440 3206 3670
9870 3199 3556 3205 3660
9871 1552 3612 1551 3705
9872 2131 2130 3730 3836
9873 1648 1762 3658 3794
9874 2187 2236 2115 3459
9875 1495 3249 1503 3574
9876 3122 3620 3511 3739
9877 1194 3398 3395 3610
9878 3105 3332 3553 3586
9879 3108 3435 918 3719
9880 2216 2133 2246 1068
9881 3628 3804 3305 3805
9882 1500 1484 1494 3363
9883 1863 1849 3372 3647
9884 1015 3507 3151 3582
9885 3117 3232 3419 3837
9886 1751 3631 3454 3838
9887 3391 3572 1974 3776
9888 3552 3568 3551 3805
9889 1228 3316 843 3632
9890 1454 1451 1453 3205
9891 1572 1589 1570 3513
9892 2043 2026 1997 3460
9893 2020 2197 2332 3584
9894 1222 1245 1230 3606
9895 3233 3502 3204 3845
9896 3129 3401 3109 3744
9897 1664 1871 1584 3525
9898 1845 1739 1830 3686
9899 1222 1245 3606 3723
9900 1373 3491 1372 3750
9901 3095 3206 3347 3512
9902 3466 3642 3227 3827
9903 1532 1537 1431 3157
9904 3165 3113 3572 3678
9905 2015 2021 2047 3737
9906 1983 2269 1984 3776
9907 963 961 1231 3657
9908 3144 3561 3282 3841
9909 3107 3466 3243 3497
9910 1108 3095 1109 3473
9911 1018 1017 1016 3707
9912 1842 3604 1897 3836
9913 2050 2049 3633 3684
9914 1160 918 3132 3719
9915 3146 3830 3428 3831
9916 2207 3839 3222 3840
9917 3110 3343 3653 3726
9918 857 1071 3633 3684
9919 1482 1489 328 3431
9920 315 1544 1549 1465
9921 1850 3454 1751 3631
9922 2062 2061 2063 3587
9923 1908 1909 1910 3500
9924 1583 1581 1147 1786
9925 1458 1439 1437 3660
9926 3142 3483 3343 3653
9927 1030 3277 3231 3627
9928 3472 3535 3305 3805
9929 3453 3179 3613 3704
9930 1389 1390 312 1420
9931 3151 3511 3580 3733
9932 1820 1818 1817 3419
9933 1501 3165 1495 3574
9934 857 829 1183 3684
9935 3112 3391 3678 3798
9936 3404 3501 3145 3787
9937 3105 3113 3187 3377
9938 1996 2026 2323 3424
9939 1905 3536 1898 3721
9940 2063 2266 2267 3736
9941 3207 3359 3276 3425
9942 1962 1964 1963 3510
9943 3101 3286 3515 3670
9944 3270 3599 3587 3731
9945 1193 1195 1028 3817
9946 3148 3523 3347 3703
9947 3334 3612 3591 3642
9948 3099 3249 3126 3752
9949 2269 3572 3573 3776
9950 325 2132 326 3409
9951 2050 3684 3633 3810
9952 1505 3120 3326 3433
9953 1002 1000 3381 3423
9954 3188 3279 3100 3608
9955 1121 1060 1082 3402
9956 1225 856 858 3448
9957 1940 2034 2032 3485
9958 1729 1553 3504 3668
9959 1637 1610 1706 3539
9960 2288 2296 381 3758
9961 1445 1447 1446 3220
9962 2305 1962 2245 3369
9963 2157 3711 2011 3712
9964 3169 3447 3359 3488
9965 3113 3377 3573 3676
9966 1736 1671 1678 3554
9967 3135 3468 3614 3804
9968 1840 3721 3489 3829
9969 3123 3333 3286 3782
9970 1234 828 856 3643
9971 3110 3341 3483 3653
9972 1218 3481 3224 3482
9973 3179 3453 3583 3714
9974 1163 896 1162 1933
9975 3453 3181 3630 3714
9976 2125 2340 2124 3708
9977 2151 2070 2316 3643
9978 1985 2092 2091 3377
9979 1024 3634 945 3639
9980 2078 1506 1507 3712
9981 2294 2302 2301 3599
9982 3159 3767 3346 3803
9983 1193 1018 1016 3338
9984 966 2144 2143 886
9985 2273 2275 2272 3519
9986 3281 3280 3588 3665
9987 2234 2325 2324 3396
9988 3613 3704 3324 3772
9989 296 1923 1894 1407
9990 959 1009 958 3471
9991 3165 3477 3409 3798
9992 1521 1542 1476 1466
9993 3120 3152 1504 3396
9994 3173 3814 3598 3815
9995 3236 3249 3099 3431
9996 1645 972 1613 973
9997 830 1821 1575 831
9998 3124 3253 3744 3745
9999 3126 3429 3313 3699
10000 1749 1553 1891 3504
10001 923 922 926 3218
10002 365 366 1127 1125
10003 2057 1957 2150 3575
10004 1039 1042 1198 3339
10005 3199 3608 1438 3660
10006 1667 1698 1719 3720
10007 2334 3623 3478 3741
10008 1249 3224 1218 3481
10009 374 2068 2069 3387
10010 2364 3759 2170 3760
10011 3136 3508 3135 3614
10012 1946 1978 1948 3578
10013 2240 1163 2003 1164
10014 1404 1403 1402 3412
10015 1946 2298 1977 3717
10016 3099 3621 3195 3752
10017 2201 3375 2167 3741
10018 1571 3404 1863 3721
10019 3380 3423 3127 3825
10020 3179 3440 3649 3704
10021 3222 3696 3695 3727
10022 342 1817 1773 3746
10023 2063 2293 2294 3736
10024 1978 3578 1976 3652
10025 2289 3383 2104 3715
10026 1755 1859 1860 3739
10027 906 1000 3423 3690
10028 1872 1566 1873 3778
10029 1367 1519 1379 3564
10030 876 3441 3343 3833
10031 2269 3573 1984 3776
10032 3249 3431 1488 3556
10033 1750 3763 3490 3838
10034 927 931 930 3451
10035 371 2222 1966 3511
10036 3151 3626 3231 3627
10037 3182 3487 3453 3704
10038 1373 1372 1360 3750
10039 2081 3255 2285 3840
10040 893 3482 3345 3830
10041 1816 1602 1800 3718
10042 2056 3657 3484 3770
10043 387 1817 23 3419
10044 2258 2042 3540 3742
10045 1447 1445 1498 3220
10046 1111 926 922 3218
10047 1782 1781 1603 3418
10048 3177 3577 3367 3673
10049 2016 2013 2252 3474
10050 3275 3309 3234 3441
10051 1933 1162 1163 2240
10052 3260 3544 3792 3823
10053 3286 3333 1092 3561
10054 1624 1825 1626 3747
10055 973 1916 1645 1695
10056 3222 3255 3187 3840
10057 2165 2312 2342 3468
10058 832 830 1575 831
10059 1028 1027 1026 3470
10060 1762 1632 1911 3794
10061 3106 3297 3291 3302
10062 2017 2016 2018 3474
10063 3108 3253 3210 3297
10064 2063 2061 2226 3587
10065 3230 3303 3125 3569
10066 3291 3527 3106 3670
10067 1450 1453 3205 3556
10068 3317 3694 3129 3744
10069 1367 1381 1365 3564
10070 296 1394 1866 3456
10071 1756 1841 374 3387
10072 918 3108 3291 3527
10073 2185 2023 1999 3723
10074 1757 1755 1860 3430
10075 3391 3572 3113 3678
10076 1853 985 1713 987
10077 1058 2217 879 1057
10078 1492 1490 1500 3265
10079 864 1786 1805 1148
10080 1758 1867 1623 3659
10081 1823 1806 1825 3722
10082 3162 3392 3622 3818
10083 2352 2351 1965 3399
10084 1877 1913 1873 3397
10085 3212 3327 3600 3806
10086 3385 3777 3570 3825
10087 1450 3249 1502 3556
10088 1750 1751 1749 3763
10089 1463 1485 1443 3750
10090 1671 1677 1678 3476
10091 349 2009 1508 1541
10092 3303 3135 3508 3614
10093 891 999 981 3724
10094 339 1594 338 3318
10095 1204 3400 1203 3557
10096 2275 2310 2331 3330
10097 1848 1675 1670 3815
10098 1463 1443 1461 3213
10099 3301 3667 3508 3795
10100 354 1530 1518 2155
10101 2143 2145 2144 966
10102 3552 3628 3325 3805
10103 1808 1767 3401 3656
10104 3453 3630 3583 3714
10105 1714 3469 1735 3790
10106 3099 3199 3384 3431
10107 3176 3584 3314 3625
10108 1749 1729 1553 3504
10109 1081 3558 3459 3821
10110 3128 3315 3789 3833
10111 1373 1360 1358 3491
10112 1386 306 331 1389
10113 2317 2297 2321 3351
10114 1821 830 833 831
10115 3138 1159 3368 3559
10116 1814 1718 1104 1085
10117 951 2134 1144 953
10118 3370 3601 3242 3719
10119 1434 1435 1433 3267
10120 3106 3410 3206 3422
10121 2210 2231 2262 3695
10122 876 3441 3309 3497
10123 1419 1471 307 1401
10124 826 823 824 3682
10125 2238 2225 2220 3581
10126 3481 3482 1218 3830
10127 3364 3151 3581 3733
10128 3153 3416 3697 3799
10129 2157 2050 3711 3810
10130 1248 931 1244 3293
10131 1749 1780 1710 3671
10132 3230 3303 1093 3335
10133 3175 3404 3513 3787
10134 2105 2106 368 3610
10135 3106 3206 3440 3670
10136 3535 3628 3305 3805
10137 1439 3199 1438 3660
10138 1237 997 988 3794
10139 276 1376 1403 1417
10140 3101 3169 3359 3488
10141 3523 3732 3346 3767
10142 3096 3165 3126 3798
10143 1738 1601 1830 3686
10144 1717 1716 1719 3685
10145 3135 3804 3305 3844
10146 3230 3358 1024 3639
10147 1846 1833 1797 3694
10148 1562 1567 3648 3687
10149 1391 1390 1392 3323
10150 1923 1407 296 3456
10151 1754 1776 1904 3783
10152 2331 1548 351 1509
10153 1061 1060 1059 3491
10154 1812 3464 3531 3829
10155 1940 3484 2056 3657
10156 1415 1815 291 3765
10157 1215 3158 1159 3816
10158 1494 1493 1492 3319
10159 1840 3531 3721 3829
10160 3408 3661 3486 3662
10161 858 856 857 3475
10162 3346 3523 3347 3732
10163 3539 3765 1705 3766
10164 1588 1870 1589 3457
10165 920 3291 1107 3670
10166 3103 3414 3261 3650
10167 2334 2167 2307 3298
10168 3385 3570 3128 3833
10169 2200 3741 3478 3771
10170 949 1136 939 3797
10171 2038 2039 2136 3566
10172 2103 3375 2201 3663
10173 3274 3796 3283 3841
10174 2249 2337 2282 1227
10175 1902 1840 3531 3721
10176 1673 1848 1726 3598
10177 3121 3588 3280 3665
10178 3096 3205 3099 3249
10179 1723 1694 294 3615
10180 1550 353 1518 2155
10181 1713 985 1853 1711
10182 386 385 1781 3691
10183 824 3682 3516 3729
10184 1386 1387 1408 3170
10185 3441 3445 3275 3497
10186 3185 3587 3599 3731
10187 3239 3575 3407 3767
10188 3111 3300 3261 3365
10189 1077 959 164 1529
10190 1751 1850 1720 3454
10191 1113 3432 1097 3433
10192 985 1713 1712 1711
10193 3226 3118 3455 3699
10194 335 1468 336 3362
10195 3179 3649 3302 3809
10196 1387 1386 1794 3170
10197 1134 3405 1167 3539
10198 1018 1218 3224 3786
10199 2227 2225 2238 3581
10200 2080 1949 1950 3533
10201 3544 3259 3792 3823
10202 2017 2295 2288 3496
10203 3144 3501 3333 3561
10204 3260 3545 3544 3823
10205 3104 3432 3192 3450
10206 1730 1729 1639 3668
10207 1868 3548 1759 3647
10208 2300 3511 371 3739
10209 2115 2040 2022 3821
10210 3301 3533 3135 3667
10211 2191 1964 2305 3510
10212 2078 2157 2011 3712
10213 1010 3141 3234 3441
10214 1057 1058 2216 1068
10215 3198 1124 3635 3781
10216 3225 3109 3401 3656
10217 1895 1036 1046 1896
10218 2063 2226 2266 3587
10219 2216 2246 1057 1068
10220 1919 1666 1663 3528
10221 1025 3342 3284 3344
10222 1666 1919 1829 3528
10223 963 956 1190 3770
10224 1649 1648 1762 3658
10225 3146 3796 3274 3841
10226 2353 2302 2294 3388
10227 1442 1435 1440 3267
10228 1246 1033 3361 3582
10229 1894 1723 295 1405
10230 2227 2266 2226 3364
10231 1635 1725 1910 3817
10232 1186 3427 1022 3428
10233 1545 3396 1531 3568
10234 3551 3804 3468 3844
10235 2172 2132 325 3409
10236 3341 3483 3343 3497
10237 2186 2185 2202 3723
10238 1158 1220 3644 3753
10239 1895 1875 1036 1896
10240 876 3343 875 3833
10241 1762 1911 1760 3411
10242 2028 2074 2359 3673
10243 1379 1381 1367 3564
10244 2230 2144 966 1118
10245 2253 2215 2241 3605
10246 2106 368 3610 3753
10247 1764 864 1786 1805
10248 1033 3292 3582 3626
10249 1813 1718 290 1104
10250 1989 1991 2149 3628
10251 1700 1609 1776 3783
10252 1547 3222 1535 3433
10253 845 927 928 3451
10254 1084 1702 212 1088
10255 3149 3413 3156 3619
10256 1070 3712 3711 3810
10257 3421 3607 3174 3680
10258 915 990 3669 3751
10259 2227 3581 2238 3733
10260 2001 2028 1948 3754
10261 3186 3696 3222 3727
10262 3112 3586 3332 3678
10263 3119 3243 3466 3709
10264 1160 1412 3184 3417
10265 1906 1873 1913 3397
10266 1819 1839 3489 3490
10267 3356 3455 3118 3625
10268 1594 3318 339 3608
10269 2269 1981 1974 3776
10270 3472 3305 3804 3805
10271 1721 1759 3583 3630
10272 3332 3429 3331 3553
10273 3095 3347 3346 3512
10274 1504 3120 1505 3433
10275 2171 2212 2330 3756
10276 1674 1675 1673 3814
10277 2212 2171 2169 3348
10278 2299 2071 2053 3684
10279 3102 3576 3261 3800
10280 3342 3466 3341 3497
10281 1965 3399 1963 3819
10282 3544 3545 3259 3823
10283 2302 2043 2189 3461
10284 1681 3476 1677 3814
10285 2307 3514 2086 3623
10286 2301 2302 2189 3461
10287 3254 3515 3373 3749
10288 327 328 1487 3431
10289 3173 3476 3814 3815
10290 855 1763 1765 854
10291 2055 2051 2072 3475
10292 1634 1724 1725 3672
10293 2190 2335 2192 3499
10294 3152 3468 3215 3567
10295 3099 3195 3473 3752
10296 3102 3517 3699 3752
10297 2211 2210 2241 3727
10298 366 1117 1127 1125
10299 1550 1517 1548 3215
10300 1230 1081 3459 3606
10301 3373 3515 3181 3782
10302 1634 1713 1712 986
10303 3427 3646 3145 3716
10304 3181 3515 3373 3714
10305 3580 3581 3151 3733
10306 916 126 1059 1373
10307 2290 2309 2306 3393
10308 1980 1979 1976 3652
10309 1933 1935 1162 2240
10310 1604 1603 1781 3691
10311 979 962 963 3495
10312 3098 3362 3129 3619
10313 930 931 1248 3293
10314 3113 3572 3391 3776
10315 2186 3560 2024 3723
10316 991 1992 2138 1143
10317 3341 3343 3342 3497
10318 1178 883 3611 3755
10319 3373 3515 3254 3714
10320 307 1477 1471 1419
10321 1901 1643 983 1140
10322 942 1019 1017 3376
10323 3146 3831 3283 3841
10324 3254 3515 3302 3809
10325 2034 1940 2056 3657
10326 322 3572 1459 3573
10327 296 1407 1394 3456
10328 1003 3281 1024 3358
10329 1769 3509 1744 3835
10330 1002 3380 3281 3825
10331 1725 1635 1918 3470
10332 1788 1663 1662 3462
10333 2041 1935 2040 3821
10334 2072 2128 2055 3448
10335 1208 1207 1052 3485
10336 1152 1153 1155 3718
10337 2288 3757 3496 3758
10338 1736 1735 1887 3728
10339 1175 1222 1223 3675
10340 3123 3286 3515 3782
10341 3100 3660 3706 3785
10342 3331 3332 3104 3800
10343 3326 3695 3222 3696
10344 3316 3632 1228 3718
10345 2191 2304 2298 3415
10346 3121 3524 3385 3588
10347 3175 3501 3404 3787
10348 1414 1385 1383 3225
10349 3181 3453 3487 3714
10350 1826 3778 3434 3779
10351 2314 2313 2354 3446
10352 1532 1527 1538 3529
10353 3496 3757 3162 3758
10354 1514 1505 1515 3396
10355 1799 1798 1742 3644
10356 3442 3570 3153 3799
10357 3328 3711 1123 3781
10358 1203 1079 1205 3558
10359 2269 1974 2148 3572
10360 3186 3374 3432 3696
10361 1235 1236 907 3843
10362 1574 1851 832 874
10363 3278 3533 3532 3667
10364 1682 1685 1683 3788
10365 3159 3523 3346 3767
10366 3646 3716 3312 3787
10367 1808 1767 1748 3401
10368 1502 1450 1503 3249
10369 2328 2303 2318 3495
10370 916 1378 126 1373
10371 1371 1381 284 1474
10372 3108 3242 3601 3719
10373 3453 3487 3179 3704
10374 1144 2162 2134 951
10375 1119 3105 1008 3332
10376 1012 3570 3442 3799
10377 3242 3465 3370 3719
10378 846 1145 850 3585
10379 372 2300 371 3739
10380 3153 3570 3547 3777
10381 976 1196 1073 3693
10382 2259 2054 2258 3742
10383 1548 3215 1517 3330
10384 1521 3564 1520 3842
10385 2342 2141 2360 3551
10386 2173 3600 2170 3759
10387 3159 3244 3767 3803
10388 1206 1239 1246 3545
10389 1538 169 1069 1539
10390 2032 2034 2033 3724
10391 3163 3425 3359 3447
10392 1228 1229 1152 3632
10393 1649 1762 1845 3658
10394 1169 1170 3610 3738
10395 1832 1890 335 3362
10396 996 844 998 3340
10397 1485 1382 1483 3750
10398 1623 1585 1622 3505
10399 1113 3104 3332 3335
10400 1925 1927 1926 3322
10401 1070 3711 1071 3810
10402 2066 2157 2050 3711
10403 1833 1846 1825 3747
10404 2207 2232 2210 3695
10405 1633 1634 1632 3672
10406 1520 3564 1367 3842
10407 1094 3358 3141 3588
10408 1452 1422 1424 3258
10409 3206 3106 3527 3670
10410 1770 1809 302 1385
10411 2167 2104 2168 3383
10412 1595 1594 339 3608
10413 1521 1542 314 1476
10414 1215 1172 3594 3816
10415 1591 1577 1592 3828
10416 1992 2138 1944 991
10417 1095 3332 1007 3473
10418 3164 3612 3642 3705
10419 1425 1445 1444 3307
10420 3186 3553 3272 3586
10421 1543 940 167 1526
10422 1863 1915 1849 3647
10423 1058 3712 1070 3810
10424 3159 3692 3691 3803
10425 1838 1892 3591 3592
10426 1506 1224 1507 3712
10427 3548 3659 3254 3749
10428 2050 2053 3684 3810
10429 2031 2056 2030 3770
10430 887 885 2143 886
10431 2359 2201 1952 3562
10432 1381 1475 284 1474
10433 2194 2351 3596 3651
10434 949 939 940 3394
10435 3119 3310 3243 3709
10436 2188 2044 1925 3792
10437 1371 283 1375 1483
10438 3154 3378 3287 3638
10439 3399 3819 3247 3820
10440 3442 3185 3731 3734
10441 3096 3574 3165 3678
10442 1853 1854 1146 987
10443 2107 2333 2109 3625
10444 3120 3325 3326 3696
10445 1581 1582 1147 1242
10446 1218 3482 3224 3786
10447 3444 3618 3142 3768
10448 1770 1385 303 3225
10449 973 971 1916 1695
10450 309 1478 1411 1400
10451 2256 841 840 895
10452 1208 1204 1205 3557
10453 3100 3410 3188 3785
10454 2141 3567 3551 3568
10455 828 1234 1041 3616
10456 3103 3300 3141 3506
10457 3110 3343 3341 3653
10458 1501 1496 1495 3165
10459 1800 1741 1801 3718
10460 1091 169 1069 1538
10461 3170 3401 3129 3835
10462 1080 871 1162 3821
10463 1579 1578 3563 3832
10464 3315 3768 3271 3833
10465 382 3757 2288 3758
10466 1379 1481 1381 3564
10467 3407 3767 3244 3837
10468 1678 1681 1627 3476
10469 1488 1457 1502 3556
10470 1606 1598 1596 3609
10471 1864 3607 1727 3824
10472 3347 3542 3148 3703
10473 1690 1746 1772 3835
10474 1221 3395 3316 3644
10475 3179 3487 3453 3714
10476 3328 3780 3711 3781
10477 2338 2290 2104 3715
10478 1530 354 2059 2060
10479 3098 3619 3129 3744
10480 1014 3271 875 3726
10481 3097 3234 3275 3309
10482 341 1774 340 3608
10483 3283 1186 3428 3716
10484 3290 3725 3507 3726
10485 1426 3156 1432 3706
10486 2277 3663 2276 3689
10487 3244 3691 3418 3803
10488 1442 1433 1435 3267
10489 366 365 1568 1125
10490 1005 1007 1008 3679
10491 2194 2340 2193 3596
10492 2168 2346 2308 3593
10493 928 3617 1135 3828
10494 2222 3580 3511 3733
10495 1455 1390 311 1434
10496 1672 1838 1685 3788
10497 1522 1532 1523 3529
10498 886 966 2144 1118
10499 1025 3344 3284 3345
10500 1092 1112 3333 3368
10501 1411 1402 1400 3826
10502 3131 3324 3542 3703
10503 1029 888 3285 3290
10504 2064 2084 2004 3661
10505 1907 1903 1735 3728
10506 1621 1920 1622 3521
10507 1675 3598 3814 3815
10508 1725 1918 1911 3470
10509 2267 2284 2329 3494
10510 3642 3705 3227 3827
10511 1163 2003 1933 2240
10512 1769 1744 1746 3835
10513 3198 3202 3780 3781
10514 1524 1069 168 1539
10515 1116 1072 1179 3611
10516 3095 3207 3350 3732
10517 3181 3488 3286 3515
10518 1985 2089 1987 3377
10519 3385 3789 3190 3833
10520 1978 1976 1979 3652
10521 1775 1907 1714 3469
10522 1763 1778 1765 854
10523 1379 1367 287 1519
10524 1836 1872 1873 3778
10525 1965 2192 2335 3819
10526 1670 1672 1864 3420
10527 373 2228 372 3739
10528 1407 1894 295 1405
10529 1709 1789 1803 1086
10530 1752 1907 1775 3735
10531 1000 3538 1236 3541
10532 1661 1560 1559 3392
10533 3200 3345 3482 3830
10534 3429 3699 3126 3752
10535 1426 3318 3156 3706
10536 3282 3284 1011 3709
10537 3395 3644 1220 3753
10538 319 3157 2279 3640
10539 1577 1821 1803 833
10540 855 864 1764 1153
10541 1665 1664 1584 3525
10542 1161 1194 3395 3610
10543 3102 3195 3517 3752
10544 1983 3676 1982 3776
10545 2025 2012 2045 3590
10546 1838 3591 1683 3788
10547 882 1045 881 3826
10548 2201 2359 2276 3663
10549 3101 3542 3440 3704
10550 1066 3282 3169 3561
10551 3286 3181 3515 3782
10552 3139 3667 3301 3795
10553 1662 1663 1563 3462
10554 1170 3398 1194 3610
10555 1533 164 959 1529
10556 1108 1096 3207 3597
10557 1003 3141 1010 3588
10558 1020 3481 1218 3830
10559 3281 3320 1024 3358
10560 1725 3470 3672 3817
10561 341 340 1438 3608
10562 1496 1497 1495 3409
10563 2051 2050 2049 3633
10564 1113 3365 3335 3800
10565 3101 3487 3286 3488
10566 1213 3830 3345 3831
10567 2304 2014 1977 3717
10568 1675 3814 1677 3815
10569 3169 3488 3286 3561
10570 3407 3575 3244 3767
10571 2155 2165 2060 3567
10572 3097 3243 3275 3492
10573 2305 2304 2191 3415
10574 1820 1817 387 3419
10575 928 3617 3451 3801
10576 2102 2184 2101 3738
10577 1926 2111 2265 3557
10578 2202 2209 3560 3675
10579 1204 1206 3400 3823
10580 1401 1402 1403 3412
10581 1074 1803 1789 1086
10582 318 1527 1532 1422
10583 3169 3309 1011 3597
10584 3177 3450 3367 3577
10585 3243 3275 3107 3497
10586 1454 3205 1453 3706
10587 1155 1158 1220 3644
10588 3160 3661 3408 3662
10589 2080 2104 2103 3532
10590 2148 1984 2269 3573
10591 3097 3234 3309 3638
10592 3098 3129 3362 3748
10593 944 3645 946 3808
10594 1052 961 962 3484
10595 1071 1123 3633 3810
10596 2104 2289 2168 3383
10597 1108 3206 920 3670
10598 3103 3443 3350 3650
10599 1560 382 1558 3758
10600 1582 1147 1242 1149
10601 2024 2115 2022 3606
10602 1736 1737 1669 3554
10603 280 1370 1463 1462
10604 3118 3226 3517 3699
10605 1497 325 326 3409
10606 1850 1849 3630 3631
10607 348 1540 2079 1541
10608 3248 3111 3576 3577
10609 1234 856 1225 3448
10610 3103 3443 3300 3506
10611 1023 3546 3507 3582
10612 986 1713 985 987
10613 1891 1892 1750 3763
10614 1981 1983 1982 3776
10615 2183 1187 885 887
10616 1367 1520 1519 3564
10617 3135 3303 3125 3472
10618 2169 2170 2364 3759
10619 1219 1020 1021 3641
10620 1096 1011 3309 3597
10621 1133 3617 928 3801
10622 1248 3405 1134 3801
10623 2330 2212 2293 3444
10624 3190 3789 3315 3833
10625 1388 1110 145 1392
10626 2347 2134 2162 951
10627 1464 3199 1458 3556
10628 3532 3533 3301 3667
10629 1850 1721 1720 3630
10630 2028 2027 2074 3674
10631 1370 1374 280 1463
10632 2123 2010 2096 3780
10633 1167 1103 3539 3765
10634 1165 150 1393 3456
10635 1249 1018 1218 3224
10636 3174 3682 3344 3729
10637 3254 3714 3515 3809
10638 3095 3206 3207 3347
10639 3263 3659 3548 3749
10640 193 194 2163 1177
10641 3286 3488 3487 3515
10642 2228 2300 372 3739
10643 2307 2355 2086 3514
10644 1420 1390 312 1455
10645 1054 1055 1090 3802
10646 1179 1178 883 3611
10647 1689 1656 1687 3480
10648 1475 1476 1473 3564
10649 1814 1083 1862 1085
10650 1094 3300 3141 3358
10651 362 2270 2274 3255
10652 1952 1948 2359 3562
10653 1562 1567 1563 3648
10654 1909 1635 1910 3500
10655 3104 3332 3331 3553
10656 3146 3283 3796 3841
10657 3116 3767 3407 3837
10658 1125 1569 1150 853
10659 3164 3705 3642 3827
10660 3261 3365 3300 3443
10661 973 972 1613 983
10662 2190 2192 2191 3499
10663 1431 318 1532 1422
10664 325 1497 1496 3409
10665 1003 1010 3190 3588
10666 2295 2296 2288 3496
10667 3106 3302 3291 3670
10668 1829 1722 1666 3613
10669 2247 2113 2033 3724
10670 1604 1661 1605 3692
10671 1469 3362 334 3509
10672 945 946 3645 3808
10673 1030 1221 1194 3231
10674 1429 3573 1459 3640
10675 1095 1007 1109 3473
10676 3502 3530 3204 3845
10677 1464 1458 1488 3556
10678 372 371 1859 3739
10679 2186 2202 2209 3560
10680 1160 3132 1412 3417
10681 1750 3490 1819 3838
10682 1667 1719 1881 3685
10683 1218 3482 893 3830
10684 3169 3359 3309 3597
10685 1024 3358 3320 3639
10686 2312 1950 2342 3844
10687 3181 3487 3515 3714
10688 329 2263 330 3629
10689 3118 3517 3356 3621
10690 1392 937 1397 3710
10691 2254 2013 2016 3654
10692 3205 3422 3100 3706
10693 1754 1904 1752 3543
10694 3195 3350 3266 3732
10695 3332 3586 3105 3679
10696 1203 1206 1081 3459
10697 1458 1453 3556 3660
10698 1025 893 3344 3345
10699 3111 3230 3358 3365
10700 1501 324 1496 3165
10701 1197 3136 946 3635
10702 2300 2222 3511 3733
10703 3100 3188 3410 3512
10704 3119 3702 3310 3709
10705 2347 2282 1227 1132
10706 1155 1221 3316 3644
10707 2103 2167 2201 3375
10708 1897 377 376 3836
10709 1712 1713 985 986
10710 1989 1988 1990 3534
10711 1233 3646 3427 3716
10712 955 2205 2219 1057
10713 1829 1556 1722 3613
10714 319 22 1537 1431
10715 3109 3225 3171 3656
10716 1396 143 1200 1397
10717 885 966 2143 886
10718 1636 1646 1591 3617
10719 1171 3183 1202 3816
10720 1535 1536 3255 3840
10721 2125 2353 3708 3812
10722 2148 3572 322 3573
10723 3125 3569 3303 3667
10724 1165 1202 3183 3245
10725 3179 3440 3302 3649
10726 2218 2219 2205 1057
10727 2050 2053 2049 3684
10728 893 3681 826 3682
10729 2264 2262 2088 3793
10730 1836 300 1418 1416
10731 3303 3508 1098 3614
10732 1365 1366 1367 3842
10733 1495 3249 3165 3409
10734 3101 3359 3425 3447
10735 2188 2237 2062 3544
10736 1906 1913 299 1416
10737 2129 2131 2130 3730
10738 1428 1436 1426 3318
10739 2190 1952 2200 3771
10740 1705 3539 1706 3765
10741 1462 1470 279 3834
10742 1606 1607 1598 3609
10743 322 1429 321 3573
10744 3131 3649 3542 3704
10745 1901 1851 1574 874
10746 379 2336 2358 3479
10747 3331 3335 3104 3450
10748 1247 1012 3545 3697
10749 2347 1227 951 1132
10750 2016 2017 2019 3654
10751 3115 3378 3276 3638
10752 1395 1171 149 3184
10753 1803 1703 974 1821
10754 3149 3156 3609 3785
10755 1019 942 850 3563
10756 3097 3275 3243 3309
10757 3261 3650 3414 3775
10758 304 1387 1794 1771
10759 3392 3692 3622 3818
10760 3103 3350 3287 3650
10761 2222 371 2300 3511
10762 1529 1521 1520 3842
10763 3467 3454 3631 3838
10764 3205 3100 3660 3706
10765 1656 3480 1567 3687
10766 1657 1921 1796 3439
10767 2168 2289 2346 3593
10768 3102 3331 3576 3800
10769 1730 1639 380 3479
10770 1416 1913 1413 3397
10771 3097 3378 3234 3638
10772 1520 1367 286 3842
10773 1014 1238 875 3271
10774 2205 2204 2315 880
10775 2042 2054 2055 3742
10776 2235 209 2244 834
10777 1963 2194 2214 3651
10778 2087 3478 2334 3623
10779 1159 3417 1171 3816
10780 1472 1465 1494 3264
10781 3126 3409 3477 3798
10782 2254 2019 2286 3654
10783 3198 3780 3328 3781
10784 856 829 857 3475
10785 1733 1147 1581 1786
10786 1945 1992 1944 991
10787 2202 2184 3738 3807
10788 1976 2025 1980 3700
10789 1012 3545 3697 3734
10790 1504 3152 1531 3396
10791 1819 1863 1849 3372
10792 2129 2330 2146 3756
10793 950 3541 858 3595
10794 3138 3368 3550 3559
10795 1853 1854 1855 1146
10796 1381 1481 1475 3564
10797 282 1375 1483 1382
10798 1875 1844 1049 1035
10799 1580 1579 1587 3832
10800 1902 1905 1840 3721
10801 1030 3231 1194 3626
10802 830 1575 1851 832
10803 1551 1553 1730 3668
10804 1693 1705 1708 3766
10805 1983 1987 2147 3676
10806 3139 3569 3303 3639
10807 3123 3498 3368 3550
10808 1081 3606 1245 3821
10809 3654 3655 3237 3773
10810 1545 1531 356 3568
10811 2000 933 932 1164
10812 1842 1897 376 3836
10813 3153 3697 3442 3799
10814 3139 3634 3320 3639
10815 870 1778 1569 853
10816 3622 3692 3159 3818
10817 905 907 3690 3843
10818 1970 1999 2000 1189
10819 3207 3115 3276 3638
10820 2168 2308 2307 3514
10821 1590 1588 1589 3458
10822 3244 3803 3117 3837
10823 1458 3556 3199 3660
10824 3524 3588 3281 3825
10825 845 847 3585 3828
10826 1001 3570 3777 3825
10827 3261 3576 3111 3800
10828 1727 1728 1726 3824
10829 3099 3205 3096 3473
10830 1578 1912 1579 3563
10831 2215 2211 2241 3605
10832 1413 1395 1412 3397
10833 921 3206 3422 3527
10834 1020 1213 3428 3830
10835 2128 2072 2127 3448
10836 1025 3284 3282 3831
10837 1383 3132 1412 3435
10838 1172 3180 1248 3594
10839 3302 3440 3106 3649
10840 2195 2177 2117 3477
10841 879 1058 1071 3810
10842 3359 3702 3169 3709
10843 2198 3675 2202 3738
10844 3141 3280 3502 3588
10845 1515 1531 1545 3396
10846 2062 2189 2188 3544
10847 1412 3132 1160 3435
10848 1714 1907 1735 3469
10849 3198 3635 3202 3781
10850 918 3253 3108 3527
10851 1780 1559 1710 3671
10852 1026 1027 998 3411
10853 1202 3245 1167 3405
10854 3283 3831 3282 3841
10855 2024 2220 2187 3560
10856 1916 971 973 1050
10857 1704 851 214 1088
10858 1450 1453 1451 3205
10859 1107 1159 3368 3417
10860 1799 1741 1800 3644
10861 859 1232 944 3808
10862 1007 3332 1008 3679
10863 2034 2056 2031 3657
10864 1560 1660 383 3622
10865 3096 3249 3165 3574
10866 962 3495 1235 3843
10867 283 1371 1474 1483
10868 1864 1727 1848 3824
10869 864 1147 1786 1148
10870 2059 356 1531 3568
10871 1965 2351 1963 3399
10872 1427 1432 1468 3706
10873 1863 3489 1840 3721
10874 1462 279 1370 3834
10875 329 330 1482 3629
10876 3570 3777 3153 3799
10877 3291 3302 3123 3670
10878 2203 910 880 955
10879 2125 2302 2353 3812
10880 888 3342 3285 3343
10881 3144 3283 3561 3841
10882 1515 1504 1531 3396
10883 950 3595 859 3808
10884 324 3165 1501 3572
10885 1016 1017 1019 3376
10886 3105 3433 3186 3553
10887 1535 3105 1126 3433
10888 1124 3645 944 3781
10889 1414 925 3109 3435
10890 2051 2161 2050 3633
10891 1830 1739 1738 3686
10892 1230 1033 1222 3361
10893 1765 1764 1763 855
10894 169 1091 1523 1538
10895 1803 974 1703 1086
10896 1962 2213 2245 3369
10897 3300 3111 3358 3365
10898 1559 1780 1557 3366
10899 1958 2015 3655 3737
10900 3200 3482 3481 3830
10901 974 1803 1821 833
10902 1554 1552 1551 3705
10903 3309 3359 3207 3597
10904 3385 3588 3524 3825
10905 1094 3141 1003 3588
10906 1075 1083 1814 1104
10907 342 1480 23 3746
10908 2344 2126 2085 3437
10909 2175 2177 1973 3813
10910 2106 367 368 3753
10911 1859 1858 1899 3620
10912 1030 3231 3626 3627
10913 1625 1920 1621 3521
10914 2176 2320 2175 3813
10915 1901 1574 1644 1140
10916 1645 972 973 1695
10917 2169 2171 2170 3759
10918 1028 3672 3470 3817
10919 3123 3515 3286 3670
10920 3138 3368 3498 3550
10921 1113 3335 3332 3800
10922 1535 171 1126 1522
10923 1124 3635 1510 3636
10924 3284 3342 1011 3709
10925 1712 1616 985 1711
10926 3165 3678 3391 3798
10927 2345 2118 2119 3602
10928 1030 843 1221 3277
10929 3141 3234 3103 3506
10930 1613 1643 1645 983
10931 1469 1468 335 3362
10932 1609 1904 1776 3783
10933 1002 945 1024 3381
10934 846 845 847 3585
10935 1049 1916 1875 1895
10936 3096 3099 3473 3752
10937 2005 2004 1979 3664
10938 3303 3472 3135 3614
10939 880 2205 2203 955
10940 383 1660 384 3622
10941 1665 1867 1868 3548
10942 1578 1924 1912 3563
10943 1748 1767 1772 3401
10944 1528 1520 286 3842
10945 2165 2360 2060 3567
10946 2208 359 358 3839
10947 2139 2318 2127 3616
10948 1220 3395 1221 3644
10949 1015 1031 3582 3627
10950 319 2279 320 3640
10951 942 927 850 3452
10952 973 1613 1645 983
10953 1504 3120 1097 3152
10954 2363 2139 2127 3616
10955 1812 3531 1839 3829
10956 3332 3096 3473 3752
10957 3767 3803 3244 3837
10958 1392 1390 1388 3323
10959 2213 2321 2018 3520
10960 1530 2059 1531 3568
10961 1476 1542 314 1466
10962 3124 3619 3527 3745
10963 1591 1593 1636 3617
10964 1914 1651 1676 3791
10965 1015 3290 3151 3507
10966 1467 1427 1468 3706
10967 824 825 3516 3666
10968 3129 3170 3109 3401
10969 1030 825 843 3277
10970 1740 1742 1791 3753
10971 2238 3580 2222 3733
10972 2219 1955 955 1057
10973 1488 1502 3249 3556
10974 2200 3478 2335 3771
10975 2305 1964 1962 3510
10976 1725 1911 1632 3672
10977 1027 3672 988 3794
10978 1458 1437 1453 3660
10979 3144 3333 3286 3561
10980 1105 3765 3539 3766
10981 2072 2051 2049 3475
10982 1163 933 2003 1164
10983 2019 2287 2286 3757
10984 2288 382 2287 3757
10985 1864 1884 1880 3607
10986 2258 2042 2260 3540
10987 1902 1812 1737 3531
10988 2142 2361 2141 3568
10989 1668 1869 1879 3698
10990 1893 3490 3592 3829
10991 999 1207 981 3724
10992 1510 3635 3330 3636
10993 2089 1985 2091 3377
10994 3207 1096 3350 3506
10995 150 1171 1393 3456
10996 928 1135 845 3828
10997 1096 1011 1010 3309
10998 3129 3745 3218 3748
10999 1557 1556 1829 3772
11000 1638 1640 1852 3677
11001 2322 2084 2064 3661
11002 2141 2342 2140 3551
11003 2042 2258 2054 3742
11004 2044 2043 1997 3460
11005 147 925 1408 1414
11006 1868 3549 3548 3647
11007 979 1235 962 3495
11008 1161 1194 1220 3395
11009 1678 1677 1681 3476
11010 1995 2039 2341 3713
11011 1394 297 1865 1413
11012 1692 1723 1888 3615
11013 193 2163 2326 1177
11014 1562 1561 1659 3648
11015 1177 2326 193 929
11016 989 1361 1362 3669
11017 1685 1838 1683 3788
11018 1361 1363 1362 3669
11019 1183 879 1071 3684
11020 1508 1510 1541 3202
11021 1007 3332 3096 3473
11022 935 1199 937 3710
11023 1175 865 3723 3807
11024 1946 1976 1978 3578
11025 857 1123 859 3633
11026 3135 3614 3472 3804
11027 2129 2171 2330 3756
11028 1535 1547 1536 3840
11029 2143 2145 966 885
11030 1823 1835 1824 3779
11031 2270 2090 2274 3255
11032 1815 1705 1706 3765
11033 1001 3777 3570 3799
11034 2328 2056 1940 3484
11035 1426 339 338 3318
11036 971 1916 1049 1050
11037 1569 1125 870 853
11038 2151 2072 2070 3643
11039 905 906 3416 3690
11040 1465 1549 316 1448
11041 3190 3570 3385 3833
11042 1481 1379 1519 3564
11043 928 927 930 3451
11044 2001 1948 1978 3754
11045 917 989 1362 3669
11046 3097 3207 3276 3638
11047 1448 1493 1465 3394
11048 916 1059 1060 3491
11049 1007 3096 3332 3679
11050 1423 1430 1449 3574
11051 1367 1520 287 1519
11052 1921 1655 1626 3822
11053 1226 1231 1207 3657
11054 1498 1499 1460 3308
11055 1807 1768 1806 3656
11056 1188 1187 2199 1970
11057 1825 1624 1823 3722
11058 333 1769 332 3509
11059 1028 1026 1193 3470
11060 1892 1893 3490 3592
11061 1247 1239 3545 3734
11062 2116 2188 2114 3792
11063 1492 1493 1444 3319
11064 1685 3420 1672 3788
11065 1117 1087 1941 2250
11066 1135 1173 847 3828
11067 1018 1193 1198 3338
11068 3100 3188 3318 3785
11069 1001 3777 3423 3825
11070 1515 1513 1514 3396
11071 1692 1693 1694 3615
11072 1637 1705 1641 3539
11073 1516 3152 173 3614
11074 3343 3483 3341 3653
11075 2133 346 1507 2078
11076 1765 1764 855 862
11077 2223 2193 2340 3708
11078 3271 3653 3343 3726
11079 1616 1038 1712 985
11080 1384 302 1809 1385
11081 1010 3234 3309 3441
11082 906 3423 1001 3777
11083 383 384 2152 3622
11084 926 1110 146 1388
11085 3551 3628 3552 3805
11086 3542 3649 3440 3704
11087 3115 3287 3378 3638
11088 171 1181 1126 1522
11089 1941 366 1117 2250
11090 3171 3225 3109 3435
11091 1933 1163 896 898
11092 1213 893 3345 3830
11093 1030 1029 3516 3627
11094 1941 1087 1117 1118
11095 1012 3442 3734 3799
11096 2219 2218 1955 1057
11097 3139 3303 3569 3667
11098 3152 3472 1097 3614
11099 3199 3431 3099 3556
11100 1016 1256 1195 3500
11101 1092 3333 1112 3561
11102 1913 1865 298 1413
11103 2334 3478 2200 3741
11104 2308 2355 2307 3514
11105 2125 2026 2302 3811
11106 1419 277 1377 1376
11107 1429 322 1459 3573
11108 1778 1763 853 854
11109 875 3271 3343 3726
11110 2025 2014 2012 3590
11111 3113 3573 3572 3776
11112 1941 2230 2243 1118
11113 1453 3660 1428 3706
11114 1424 1448 1452 3258
11115 832 1575 1851 1574
11116 2038 2037 2039 3566
11117 3331 3429 3102 3699
11118 1165 3245 3615 3766
11119 2017 2288 2019 3757
11120 2173 2170 2171 3759
11121 1380 279 1470 3834
11122 1067 2218 2246 1057
11123 1414 3109 3225 3435
11124 1855 1242 1146 1237
11125 1079 3558 1081 3821
11126 3095 3347 3207 3732
11127 1905 1917 1898 3536
11128 1370 1368 1357 3834
11129 3187 3272 3113 3586
11130 1228 1155 1221 3316
11131 2360 2141 2060 3567
11132 2204 1945 1943 984
11133 1555 1557 1780 3772
11134 933 932 1993 2000
11135 2134 2164 2162 1144
11136 1818 1782 1810 3701
11137 1168 1175 3738 3807
11138 1223 1031 3398 3626
11139 2300 2239 2222 3733
11140 2160 2158 2211 3727
11141 2194 1963 2351 3651
11142 383 2152 2287 3622
11143 1024 3230 1093 3358
11144 1671 1669 1670 3554
11145 2113 2111 2032 3724
11146 1803 974 1086 833
11147 2207 2206 2208 3839
11148 1187 2183 2199 1970
11149 2194 2339 2340 3596
11150 1537 363 22 2278
11151 1011 3169 3282 3709
11152 1230 1245 1081 3606
11153 1454 1453 1428 3706
11154 3331 3332 3102 3429
11155 3546 3731 3185 3734
11156 2290 2291 2289 3715
11157 857 1183 1071 3684
11158 1083 1814 1862 1789
11159 841 2008 2256 840
11160 3318 3609 3156 3785
11161 2078 2079 347 3712
11162 1204 1203 1205 3557
11163 1086 1074 1803 833
11164 1579 1912 1647 3585
11165 1684 1842 1682 3604
11166 381 1639 1558 3758
11167 855 853 1763 854
11168 3120 1097 3152 3472
11169 3634 3639 3139 3795
11170 1625 1626 1655 3822
11171 945 3381 950 3808
11172 173 3152 1097 3614
11173 1950 2251 2080 3533
11174 2252 2245 2018 3474
11175 3261 3111 3365 3800
11176 1015 3151 3290 3627
11177 3117 3803 3346 3837
11178 828 827 829 3643
11179 1629 1909 1914 3791
11180 292 1415 1708 1815
11181 3190 3441 1010 3833
11182 1838 1892 1715 3591
11183 3303 3667 3139 3795
11184 1661 1604 1660 3692
11185 2003 2000 2240 1164
11186 1676 1714 1627 3603
11187 1571 1863 1898 3721
11188 2317 2170 2356 3760
11189 1458 1453 1457 3556
11190 1530 1531 3152 3568
11191 1763 1569 1778 853
11192 1030 1029 825 3516
11193 1629 1676 1627 3791
11194 3266 3350 3195 3650
11195 3102 3332 3331 3800
11196 1230 1081 1206 3459
11197 1021 943 1219 3641
11198 1083 1709 1789 1790
11199 890 1045 1409 3826
11200 3120 3552 3325 3805
11201 3335 3111 3576 3800
11202 2078 347 1506 3712
11203 1233 1243 1022 3427
11204 1659 1561 1721 3583
11205 1107 3368 1092 3670
11206 1107 3368 3291 3498
11207 2096 2066 2094 3780
11208 1486 3249 1497 3409
11209 2181 2197 2263 3584
11210 1887 1735 1903 3728
11211 1762 1648 1632 3794
11212 1546 1533 165 960
11213 2329 2293 2267 3736
11214 1238 3570 877 3833
11215 1950 1951 2342 3844
11216 3205 3556 1453 3660
11217 996 997 1229 3658
11218 286 1367 1366 3842
11219 1066 3169 1092 3561
11220 1164 932 2000 1189
11221 1884 1864 1672 3420
11222 3170 3225 3109 3401
11223 2117 2120 2195 3477
11224 1380 1370 279 3834
11225 1784 1662 1606 3624
11226 1096 3443 3350 3506
11227 1222 1033 1223 3292
11228 2140 1951 1989 3628
11229 1872 1836 1826 3778
11230 1415 3765 1105 3766
11231 1001 1003 3570 3825
11232 3303 3508 3135 3667
11233 1412 1395 149 3184
11234 979 1190 1041 3616
11235 1945 2204 1930 984
11236 1016 1195 1193 3500
11237 1478 1440 309 1411
11238 1567 1656 1689 3480
11239 1589 1665 1868 3549
11240 1612 1813 1815 3765
11241 983 872 1901 1140
11242 1755 373 372 3739
11243 2112 2077 2115 3558
11244 925 926 147 1408
11245 3234 3506 3309 3638
11246 1206 1247 1239 3545
11247 1640 1922 1852 3677
11248 3096 3678 3165 3798
11249 2209 2220 2024 3560
11250 1864 1880 1727 3607
11251 1896 1036 1046 1038
11252 3098 3156 3362 3619
11253 1516 3614 1197 3636
11254 989 915 990 3669
11255 1175 867 865 3807
11256 1104 1083 1814 1085
11257 2111 2112 2265 3557
11258 3385 3524 3127 3825
11259 1160 3184 1171 3417
11260 1366 1528 286 3842
11261 342 1773 341 3746
11262 377 2130 376 3836
11263 3207 3350 3115 3638
11264 1161 1158 1151 3753
11265 1632 1648 1633 3794
11266 1568 1569 366 1125
11267 1941 2243 1087 1118
11268 1201 841 2248 892
11269 1925 2114 2188 3792
11270 1659 1721 1759 3583
11271 1034 1856 220 1040
11272 2176 1973 1981 3813
11273 3152 3472 3804 3805
11274 339 3318 1436 3608
11275 2105 2102 2106 3610
11276 1523 1532 1538 3529
11277 2251 2338 2080 3533
11278 3309 3441 3275 3497
11279 955 880 2205 1057
11280 915 1044 990 3751
11281 1576 1647 3585 3828
11282 1057 2246 1067 1068
11283 2087 2335 2334 3478
11284 1955 2219 955 1064
11285 1504 1505 172 3433
11286 1074 1789 1083 1086
11287 1169 1168 1170 3738
11288 1790 1083 1709 1084
11289 353 354 1518 2155
11290 1537 2274 3157 3255
11291 1808 1768 1767 3656
11292 2281 840 1251 904
11293 1489 1487 328 3431
11294 1246 1033 1230 3361
11295 1010 3190 3141 3441
11296 3169 3561 3282 3702
11297 1800 1801 1816 3718
11298 3373 3515 3123 3749
11299 1507 346 1506 2078
11300 1093 3303 3230 3639
11301 853 870 1778 854
11302 3346 3803 3767 3837
11303 998 997 996 3658
11304 2227 2238 2239 3733
11305 1414 3225 1383 3435
11306 146 926 1388 1408
11307 1582 1581 1620 1242
11308 1072 1178 1179 3611
11309 1746 1690 1769 3835
11310 2000 2003 933 1164
11311 1123 1232 859 3328
11312 1678 1714 1735 3790
11313 3105 3222 3186 3433
11314 909 1994 1945 991
11315 1124 3635 946 3645
11316 2059 2141 2361 3568
11317 1548 351 352 2310
11318 985 1038 1712 986
11319 1003 3190 877 3570
11320 3152 3215 1516 3567
11321 1416 1412 1418 3397
11322 1533 959 165 960
11323 2184 2198 2202 3738
11324 824 823 825 3666
11325 1893 3592 1812 3829
11326 305 1387 1386 1794
11327 1896 1875 1036 1618
11328 1008 1119 1126 3105
11329 3120 3325 3535 3805
11330 2016 2252 2018 3474
11331 1181 170 1091 1523
11332 1846 1921 1626 3747
11333 1826 1824 1835 3779
11334 2131 376 2130 3836
11335 1681 1677 1674 3814
11336 2276 2074 1988 3689
11337 1175 1223 1168 3738
11338 928 3451 930 3801
11339 2045 1980 2025 3700
11340 2073 1990 2027 3674
11341 3254 3583 3714 3809
11342 3410 3422 3149 3785
11343 1021 1243 943 3641
11344 2362 2118 2345 3602
11345 1459 3573 3572 3574
11346 1726 1848 1727 3824
11347 2324 357 356 1545
11348 1397 937 1199 3710
11349 3243 3309 3275 3497
11350 1848 1673 1675 3598
11351 3111 3335 3230 3365
11352 1094 1003 3358 3588
11353 901 1857 1855 1146
11354 1868 1759 1849 3647
11355 1897 1842 1684 3604
11356 3179 3714 3583 3809
11357 1027 988 997 3794
11358 2027 1990 2074 3674
11359 2011 2079 2078 3712
11360 3106 3422 3527 3619
11361 1965 1963 1964 3819
11362 1453 3205 3660 3706
11363 2289 2104 2290 3715
11364 3135 3468 3804 3844
11365 2032 1926 1940 3485
11366 1537 22 1532 1431
11367 1392 1397 1391 3710
11368 1002 1001 3423 3825
11369 1045 1404 140 1409
11370 2063 2294 2301 3599
11371 1406 3615 1694 3766
11372 3169 3702 3282 3709
11373 1578 1580 1651 3832
11374 1108 1109 921 3473
11375 1645 1613 972 1695
11376 1986 1985 3573 3640
11377 1439 1438 1437 3660
11378 1108 921 920 3206
11379 1029 3285 888 3729
11380 841 842 2008 840
11381 1742 1741 1799 3644
11382 921 920 3206 3527
11383 1536 2285 361 2270
11384 3105 3553 3186 3586
11385 1228 996 1229 3632
11386 1213 3345 893 3831
11387 3108 3253 918 3435
11388 1361 1078 129 1366
11389 1637 1706 1705 3539
11390 1754 1753 1777 3762
11391 319 1431 3157 3640
11392 968 2243 2230 1118
11393 1022 1020 1213 3428
11394 170 1181 1522 1523
11395 855 1764 864 862
11396 3572 3573 3113 3574
11397 1735 1736 1678 3790
11398 3112 3272 3586 3678
11399 1363 1364 1362 3669
11400 1948 2028 2359 3673
11401 1750 1749 1891 3763
11402 1015 3290 1029 3627
11403 2038 2260 2042 3540
11404 1092 3169 1011 3597
11405 3116 3346 3767 3837
11406 1561 1562 1563 3648
11407 1590 1889 1588 3458
11408 2263 329 2180 3629
11409 1751 1819 3631 3838
11410 2159 2083 2285 3840
11411 1945 1930 909 984
11412 1589 1868 1570 3549
11413 2022 2023 2024 3606
11414 939 1056 1138 3797
11415 3335 3576 3331 3800
11416 1187 2199 2183 885
11417 1167 3539 1105 3765
11418 1194 3398 1031 3626
11419 2035 2230 1941 1118
11420 2001 1978 2002 3754
11421 2353 2340 2125 3708
11422 1391 1396 1398 3710
11423 1576 1577 1591 3828
11424 857 1071 1123 3633
11425 1654 1562 1658 3687
11426 920 3206 3527 3670
11427 384 1604 385 3691
11428 1595 340 1774 3608
11429 871 1081 1245 3821
11430 1178 1082 883 3755
11431 1846 1626 1825 3747
11432 1839 1840 1819 3489
11433 2231 2232 2233 3695
11434 2096 2010 2066 3780
11435 1376 1419 277 1403
11436 918 1107 920 3291
11437 3300 3443 3365 3506
11438 880 910 2204 984
11439 1096 1092 1011 3597
11440 2102 2198 2184 3738
11441 1228 843 996 3632
11442 1516 3215 3614 3636
11443 1535 3255 3105 3433
11444 1893 1839 3490 3829
11445 1019 850 1145 3563
11446 1476 1519 1521 3564
11447 2200 2201 2167 3741
11448 1729 1730 1553 3668
11449 1840 1839 3531 3829
11450 1438 3608 1436 3660
11451 1675 1677 1671 3815
11452 946 3136 1197 3508
11453 1481 1476 1475 3564
11454 3101 3597 3286 3670
11455 3266 3350 3115 3732
11456 1404 140 848 1045
11457 1753 1843 1777 3762
11458 991 1945 909 984
11459 2015 2254 1958 3655
11460 1011 3342 3243 3709
11461 974 1821 830 833
11462 1095 1094 3443 3506
11463 3165 3572 3113 3574
11464 918 1160 1107 3108
11465 3113 3157 3105 3679
11466 845 846 850 3585
11467 2105 2166 2102 3610
11468 1555 1556 1557 3772
11469 1247 3545 1012 3734
11470 1883 1760 1674 3740
11471 872 1901 1613 983
11472 3315 3441 3190 3833
11473 1028 1258 988 3672
11474 1869 1668 1882 3698
11475 1504 172 1097 3433
11476 1747 1797 1833 3694
11477 1421 1467 1469 3509
11478 1042 3482 1218 3786
11479 1103 1134 1167 3539
11480 1247 1012 3697 3799
11481 1003 3190 3385 3588
11482 1620 1857 1855 901
11483 3169 1011 3309 3709
11484 3169 3286 1092 3561
11485 2144 2145 2230 966
11486 1970 2000 932 1189
11487 941 1069 168 1524
11488 1819 1840 1863 3489
11489 1161 1170 1194 3610
11490 2184 1998 2182 3807
11491 1066 3283 3561 3716
11492 2015 2013 2254 3655
11493 1049 1916 1844 1875
11494 3442 3697 3185 3734
11495 1543 166 940 960
11496 1984 2148 1986 3573
11497 985 1853 1146 987
11498 1207 1231 961 3657
11499 950 1236 858 3541
11500 1798 368 1742 3753
11501 2200 2335 2190 3771
11502 2339 2194 2351 3596
11503 1947 2298 1946 3579
11504 2270 2081 2090 3255
11505 1724 1910 1725 3817
11506 1685 1884 1672 3420
11507 3098 3362 3156 3706
11508 289 1718 1862 1085
11509 1949 2277 2276 3689
11510 2222 2238 2221 3580
11511 1759 1868 1867 3548
11512 1206 1203 1204 3400
11513 1129 2179 196 2178
11514 2199 2143 2183 885
11515 2334 2335 2200 3478
11516 843 823 844 3666
11517 1166 1366 1078 3842
11518 2231 2210 2232 3695
11519 3214 3126 3477 3798
11520 3206 3207 3101 3597
11521 2075 2264 2073 3793
11522 877 3570 3190 3833
11523 918 3109 3253 3745
11524 1789 1709 1083 1086
11525 932 1993 2000 1970
11526 1530 3152 1516 3567
11527 1147 1620 1581 1242
11528 1972 203 2350 1053
11529 2353 2223 2340 3708
11530 3152 3120 3472 3805
11531 2053 2157 2224 3810
11532 1093 3230 1024 3639
11533 1883 1761 1760 3740
11534 1087 2243 968 1118
11535 1025 3345 3284 3831
11536 1719 1716 1881 3685
11537 1170 1223 1194 3398
11538 1010 3234 3141 3506
11539 925 1414 147 3435
11540 1986 2148 322 3573
11541 951 2162 2347 1185
11542 2304 1977 2298 3717
11543 1167 3245 1165 3766
11544 300 301 1836 1418
11545 1986 3573 321 3640
11546 2065 2004 2005 3664
11547 1070 1123 3711 3781
11548 1811 1783 1810 3701
11549 2256 2248 2008 841
11550 920 3527 3291 3670
11551 1195 1255 1047 3817
11552 2341 2137 1995 3713
11553 1141 1099 1106 3761
11554 1155 1220 1221 3644
11555 365 364 1100 1932
11556 1579 1580 1578 3832
11557 843 1228 1221 3316
11558 842 2008 2248 841
11559 1169 1170 1161 3610
11560 1704 214 213 1088
11561 3126 3429 3096 3798
11562 1147 1733 864 1786
11563 1011 3169 1066 3282
11564 3165 3574 3113 3678
11565 1132 951 2347 1185
11566 356 355 2059 1531
11567 2287 2019 2288 3757
11568 1374 1360 1372 3750
11569 3187 3255 3157 3377
11570 1007 1119 1008 3332
11571 1525 1452 316 1448
11572 2164 1992 1142 1143
11573 2326 192 193 929
11574 1163 1933 1971 898
11575 1084 1083 1709 1086
11576 1066 1011 1092 3169
11577 3097 3276 3378 3638
11578 1992 1945 1994 991
11579 1397 1396 1391 3710
11580 2150 1957 2153 3575
11581 1723 1692 1694 3615
11582 1535 1126 172 3433
11583 1073 1196 1137 3693
11584 1204 1241 1206 3823
11585 1172 3180 3594 3816
11586 3100 3608 3199 3660
11587 21 331 306 1389
11588 1000 1236 950 3541
11589 1675 1674 1677 3814
11590 1108 920 1092 3670
11591 1570 1571 1572 3513
11592 1436 3608 3318 3660
11593 1501 3572 3165 3574
11594 888 3290 1015 3726
11595 1165 1202 1171 3183
11596 3291 3297 3106 3527
11597 1359 836 125 1358
11598 2003 933 1163 938
11599 1958 1956 2015 3737
11600 1002 3281 1003 3825
11601 1930 2204 910 984
11602 1618 1875 1036 1037
11603 1643 1613 1901 983
11604 3545 3185 3697 3734
11605 3113 3574 3573 3640
11606 1168 1223 1170 3738
11607 1399 1435 310 1398
11608 893 1042 826 3681
11609 1821 1707 830 1822
11610 1167 1105 3539 3766
11611 2178 195 1129 1185
11612 1892 1893 1750 3490
11613 1186 1233 3427 3716
11614 1615 1901 1613 872
11615 379 380 2336 3479
11616 1819 1750 1893 3490
11617 1789 1862 1083 1790
11618 1131 231 1804 1779
11619 2210 2211 2158 3727
11620 2184 2202 2185 3807
11621 1015 1023 3507 3582
11622 3105 3332 1119 3433
11623 1358 1059 126 1373
11624 2198 1968 2202 3675
11625 3105 3187 3157 3377
11626 3101 3169 3286 3597
11627 2113 2032 2033 3724
11628 1096 3207 3309 3506
11629 3112 3553 3332 3586
11630 872 1613 1615 964
11631 2186 2209 2024 3560
11632 1222 865 1245 3723
11633 925 919 923 3745
11634 1378 917 127 1362
11635 3303 3569 3230 3639
11636 3332 3429 3096 3752
11637 1394 297 296 1866
11638 3215 3330 3136 3636
11639 907 3538 1000 3690
11640 826 3682 824 3729
11641 3429 3678 3096 3798
11642 1819 1893 1839 3490
11643 1620 1855 1582 1242
11644 1094 3141 3300 3506
11645 127 917 1378 916
11646 979 1041 1234 3616
11647 3113 3678 3574 3679
11648 971 1916 1844 1049
11649 1844 971 1049 1035
11650 297 298 1865 1413
11651 3106 3422 3206 3527
11652 875 877 876 3833
11653 1551 1552 1553 3612
11654 352 353 1550 2154
11655 917 915 989 3669
11656 905 962 907 3843
11657 918 3291 920 3527
11658 1436 3318 1428 3660
11659 3342 3343 888 3497
11660 2248 842 841 1201
11661 1028 988 1027 3672
11662 944 1232 1124 3781
11663 3325 3432 3120 3535
11664 228 1787 860 1785
11665 1993 932 970 1970
11666 311 1391 1398 1434
11667 920 1107 1092 3670
11668 2325 358 357 1513
11669 1986 321 1985 3640
11670 1114 1109 1007 3473
11671 1932 1100 365 1127
11672 1993 2003 933 2000
11673 1137 1157 1073 3693
11674 3545 3546 3185 3734
11675 840 2008 2256 2281
11676 1025 1011 3282 3284
11677 1405 150 1393 1165
11678 864 1733 1785 1786
11679 2205 2219 2203 955
11680 3113 3573 3377 3640
11681 1634 1725 1632 3672
11682 1142 1144 2164 1143
11683 1971 1933 1938 898
11684 3109 3252 3171 3253
11685 1765 855 854 862
11686 359 1514 358 3839
11687 147 1414 148 3435
11688 1481 1519 1476 3564
11689 1124 1070 3202 3781
11690 1516 3215 3152 3614
11691 1134 1202 1167 3405
11692 876 3343 3441 3497
11693 1650 1714 1676 3603
11694 1058 1224 1070 3712
11695 2056 2318 2030 3770
11696 845 1135 847 3828
11697 1742 368 1791 3753
11698 1380 1368 1370 3834
11699 3105 3157 3113 3377
11700 865 1222 1175 3723
11701 3099 3431 3249 3556
11702 1240 905 906 3416
11703 311 312 1390 1455
11704 2066 2011 2157 3711
11705 1038 1896 1036 1618
11706 1093 3358 3230 3365
11707 2250 1087 1932 1127
11708 1696 1667 1889 3720
11709 1512 2246 2133 1068
11710 842 2248 2292 1201
11711 3126 3249 3096 3752
11712 1228 1152 1155 3718
11713 1214 1141 1106 3761
11714 3252 3253 3109 3744
11715 1840 3489 1839 3829
11716 1103 1104 1075 3765
11717 926 146 147 1408
11718 950 1002 1000 3381
11719 1850 1849 1759 3630
11720 2146 2131 2129 3730
11721 379 1730 380 3479
11722 915 1122 1044 3751
11723 1369 838 124 1359
11724 1970 932 970 1189
11725 1479 342 341 3746
11726 2063 2267 2293 3736
11727 3365 3443 3261 3800
11728 2254 2016 2019 3654
11729 1003 3588 3385 3825
11730 1112 3561 3333 3716
11731 3129 3098 3745 3748
11732 1791 368 367 3753
11733 1108 1092 3206 3670
11734 1098 3639 945 3795
11735 1696 1698 1667 3720
11736 1547 1535 1505 3433
11737 1096 3309 3207 3597
11738 3318 3608 3100 3660
11739 3282 3561 3283 3841
11740 1039 823 826 3681
11741 1575 1851 1821 830
11742 2277 2103 2201 3663
11743 973 972 971 1695
11744 1080 1079 1081 3821
11745 2071 2049 2053 3684
11746 3120 3432 3325 3696
11747 1576 1591 1647 3828
11748 1504 1097 173 3152
11749 322 2148 323 3572
11750 2170 2173 2356 3600
11751 828 829 856 3643
11752 1656 1567 1654 3687
11753 1521 1519 1520 3564
11754 1117 1087 2250 1127
11755 1049 1036 1875 1035
11756 1485 282 1483 1382
11757 830 1707 851 1822
11758 1015 3507 1014 3726
11759 1418 1412 1383 3434
11760 2332 2197 2181 3584
11761 1018 1198 1218 3786
11762 1723 294 1405 3615
11763 884 883 1082 3755
11764 1535 172 1505 3433
11765 1758 1622 1920 3683
11766 928 1133 1135 3617
11767 1787 864 1764 862
11768 2008 2248 2292 842
11769 1095 1113 3332 3800
11770 3131 3542 3347 3703
11771 1715 1683 1838 3591
11772 3303 3139 3639 3795
11773 1935 2022 2040 3821
11774 3152 3614 3468 3804
11775 227 226 1734 863
11776 3215 3468 3152 3614
11777 2238 2222 2239 3733
11778 2364 2170 2317 3760
11779 1144 2164 2162 2163
11780 1467 1460 1454 3748
11781 1194 1223 1031 3398
11782 1511 1509 1548 3330
11783 1994 909 992 991
11784 3157 3377 2279 3640
11785 989 1078 129 1361
11786 1821 1707 974 830
11787 1606 1662 1689 3624
11788 890 1409 1410 3826
11789 1518 1517 1550 3215
11790 1968 2209 2202 3675
11791 3105 3186 3187 3586
11792 1811 1810 1782 3701
11793 951 1144 2162 1185
11794 2059 355 1530 1531
11795 1983 1981 2269 3776
11796 941 168 167 1524
11797 1031 1030 1194 3626
11798 939 1136 1056 3797
11799 1377 1477 19 1419
11800 3096 3429 3126 3752
11801 1467 1454 1427 3706
11802 1426 1432 1427 3706
11803 1416 1913 299 1413
11804 1070 1071 1058 3810
11805 2050 2157 2053 3810
11806 1721 1850 1759 3630
11807 2357 195 2178 1185
11808 1010 3309 3234 3506
11809 2218 1955 1067 2246
11810 1001 3570 1012 3799
11811 166 1543 1546 960
11812 339 1426 1436 3318
11813 1547 3839 2206 3840
11814 1859 1755 372 3739
11815 381 1558 382 3758
11816 1715 1891 1553 3612
11817 1405 1406 1165 3615
11818 1382 1485 281 3750
11819 902 1734 226 863
11820 1001 906 1000 3423
11821 3124 3527 3253 3745
11822 1515 1545 1513 3396
11823 950 945 1002 3381
11824 1764 1765 1787 862
11825 910 909 1930 984
11826 1792 215 214 851
11827 3152 3468 3567 3804
11828 1366 1166 1528 3842
11829 2348 323 1974 3572
11830 1010 3309 876 3441
11831 3126 3165 3096 3249
11832 1510 1509 1511 3330
11833 1971 2003 1163 938
11834 1506 346 347 2078
11835 864 1785 1733 861
11836 2295 2017 2018 3520
11837 1411 1440 309 1399
11838 1912 1576 1647 3585
11839 2270 1536 2285 3255
11840 1147 1581 1620 863
11841 2023 2185 2186 3723
11842 1132 2347 2179 1185
11843 1989 2149 2140 3628
11844 832 1851 830 874
11845 362 2274 1537 3255
11846 1712 1896 1038 1616
11847 3272 3553 3112 3586
11848 881 1045 890 3826
11849 2264 2088 2073 3793
11850 1467 1454 3706 3748
11851 1186 1233 1022 3427
11852 385 1604 1781 3691
11853 1966 2222 2221 3580
11854 1201 2282 1128 1132
11855 3101 3206 3597 3670
11856 1140 872 1901 874
11857 3573 3574 1459 3640
11858 1033 3582 1031 3626
11859 3103 3350 3443 3506
11860 1417 9 276 1369
11861 1181 171 170 1522
11862 1374 1372 1382 3750
11863 3152 3567 3551 3804
11864 906 1240 3416 3799
11865 1095 3443 1096 3506
11866 1167 1105 1103 3765
11867 1768 1808 1806 3656
11868 1070 175 3202 3712
11869 2302 2026 2043 3811
11870 365 1804 1127 1101
11871 1395 1393 150 1171
11872 885 1187 2199 1188
11873 1123 1071 1070 3711
11874 836 1059 125 1358
11875 1905 1898 1840 3721
11876 1914 1676 1629 3791
11877 894 3342 3344 3729
11878 3131 3440 3542 3649
11879 1220 1194 1221 3395
11880 3206 1092 3597 3670
11881 1077 1166 1078 3842
11882 340 1436 1438 3608
11883 1249 1218 1020 3481
11884 2009 349 348 1541
11885 319 320 1431 3640
11886 1160 3132 918 3435
11887 316 317 1452 1525
11888 1202 3180 1172 3816
11889 1790 1862 1083 1085
11890 1370 280 279 1462
11891 894 3344 893 3682
11892 1036 1038 1618 1037
11893 989 128 917 1362
11894 1694 1406 294 3615
11895 324 1501 323 3572
11896 1134 1248 1202 3405
11897 3096 3574 3678 3679
11898 2184 2185 1998 3807
11899 1201 1227 2282 1132
11900 3109 918 3253 3435
11901 1125 1568 1569 870
11902 381 382 2288 3758
11903 1067 1955 2218 1057
11904 992 1992 1994 991
11905 918 3253 3527 3745
11906 3095 3346 3347 3732
11907 1516 1504 173 3152
11908 905 907 906 3690
11909 3472 3614 3152 3804
11910 1855 1242 901 1146
11911 2173 2327 2356 3600
11912 1176 2163 2357 1177
11913 877 3190 1010 3833
11914 1095 3365 1113 3800
11915 1833 1748 1747 3694
11916 2357 194 1176 1177
11917 1488 1458 1457 3556
11918 1374 281 1463 3750
11919 2147 1982 1983 3676
11920 196 2179 1129 2349
11921 1160 149 1171 3184
11922 1000 1002 1001 3423
11923 3103 3506 3234 3638
11924 1536 1537 1535 3255
11925 1242 1620 1855 901
11926 1045 141 890 1409
11927 3136 3635 1197 3636
11928 3120 3433 3432 3696
11929 1536 2285 3255 3840
11930 1706 1612 1815 3765
11931 1406 1165 3615 3766
11932 345 1512 2246 2133
11933 1124 946 944 3645
11934 2164 1144 1142 2163
11935 2277 2201 2276 3663
11936 2021 2015 1956 3737
11937 2145 2199 1961 969
11938 1087 2243 1941 2250
11939 1778 1569 1568 870
11940 1838 1812 1893 3592
11941 893 1218 1042 3482
11942 1850 1819 1849 3631
11943 2295 2018 2321 3520
11944 1389 21 331 1420
11945 3109 3253 3171 3435
11946 3287 3350 3103 3638
11947 1385 1384 1383 3434
11948 1001 1003 877 3570
11949 1955 955 1057 1064
11950 2357 1176 195 1185
11951 1123 1232 3328 3781
11952 1371 284 283 1474
11953 1382 281 1374 3750
11954 1461 1470 1462 3834
11955 3100 3422 3410 3785
11956 1900 1615 873 872
11957 3243 3342 1011 3497
11958 2206 359 2208 3839
11959 945 944 946 3808
11960 1707 851 974 830
11961 1015 888 1029 3290
11962 288 1862 1790 1085
11963 872 873 1900 874
11964 1047 1028 1195 3817
11965 3330 3635 3136 3636
11966 1803 1703 1709 1086
11967 1025 893 3345 3831
11968 1175 1174 867 3807
11969 1804 365 1127 1130
11970 1215 1112 1159 3312
11971 848 849 139 1417
11972 1378 126 127 916
11973 1128 2292 2282 1201
11974 1426 1428 3318 3706
11975 1410 1409 1402 3826
11976 1387 1385 1414 3225
11977 125 838 836 1359
11978 1404 848 139 1417
11979 3290 3507 1015 3726
11980 2087 2307 2086 3623
11981 3422 3619 3149 3785
11982 1511 1548 1517 3330
11983 1066 1186 3283 3716
11984 167 166 940 1543
11985 1416 1413 1412 3397
11986 3303 3508 3667 3795
11987 864 1764 1786 1787
11988 938 1163 1971 898
11989 277 276 1376 1403
11990 1398 1435 310 1434
11991 305 304 1387 1794
11992 3115 3350 3287 3638
11993 1077 1529 163 3842
11994 3152 3551 3568 3805
11995 1202 1248 1172 3180
11996 1100 1932 1087 1127
11997 1540 347 2079 3712
11998 1671 1736 1669 3554
11999 1119 1097 172 3433
12000 1850 1751 1819 3631
12001 1015 1031 1033 3582
12002 362 1537 2274 2278
12003 1097 3472 1098 3614
12004 964 872 1613 983
12005 3300 3358 1094 3365
12006 3377 3573 1985 3640
12007 1528 286 10 1366
12008 1127 365 1568 1130
12009 2250 1932 365 1127
12010 1527 318 1452 1422
12011 3120 3535 3472 3805
12012 1130 1568 1127 1125
12013 2235 2230 2145 966
12014 1031 1030 3626 3627
12015 1920 1658 1758 3683
12016 872 1900 1901 874
12017 991 1142 1992 1143
12018 1511 1510 3330 3636
12019 919 920 921 3527
12020 1133 928 1134 3801
12021 2281 840 914 1251
12022 1197 1098 3508 3614
12023 1552 1715 1553 3612
12024 1238 1012 877 3570
12025 3100 3318 3660 3785
12026 340 1595 339 3608
12027 1224 1512 2133 1068
12028 906 3777 1001 3799
12029 1840 1812 1902 3531
12030 1247 1206 1241 3823
12031 1459 322 323 3572
12032 1562 1654 1567 3687
12033 148 918 925 3435
12034 1030 1015 1029 3627
12035 128 989 1361 1362
12036 1411 1410 1402 3826
12037 1744 1769 333 3509
12038 172 173 1504 1097
12039 1528 163 1529 3842
12040 906 907 1000 3690
12041 2285 2206 2159 3840
12042 1970 1188 1187 1189
12043 1126 3105 1119 3433
12044 362 1536 2270 3255
12045 3156 3149 3619 3785
12046 1412 149 1160 3184
12047 1108 1092 1096 3597
12048 1247 1240 1012 3799
12049 966 968 2230 1118
12050 1838 1893 1892 3592
12051 1822 830 1851 852
12052 3428 3830 1213 3831
12053 1549 316 315 1465
12054 1933 2003 1163 1971
12055 148 1160 918 3435
12056 1057 1067 1955 1064
12057 1011 3284 1025 3342
12058 1215 1159 1172 3816
12059 921 1109 1114 3473
12060 1092 1107 1112 3368
12061 1084 1709 1702 1086
12062 1188 970 1970 1960
12063 1158 1161 1220 3753
12064 359 2206 1547 3839
12065 950 859 944 3808
12066 1675 1671 1670 3815
12067 830 1851 1821 1822
12068 914 2008 840 2281
12069 3098 3422 3706 3785
12070 849 838 124 1369
12071 1079 1203 1081 3558
12072 1828 1899 1858 3620
12073 301 302 1809 1384
12074 864 1733 1147 863
12075 1015 1033 1023 3582
12076 907 1236 1000 3538
12077 1418 1383 1384 3434
12078 1440 1435 310 1399
12079 1421 1467 3509 3748
12080 1703 1707 974 1821
12081 1790 1861 288 1084
12082 1095 1109 1096 3443
12083 1213 1218 893 3830
12084 1702 213 212 1088
12085 1938 2281 1939 1251
12086 1497 3249 1495 3409
12087 2145 2143 2199 885
12088 207 2110 969 967
12089 3300 3365 1094 3506
12090 1024 1093 1094 3358
12091 1042 1218 1198 3786
12092 1520 1528 1529 3842
12093 925 3109 918 3745
12094 1893 1812 1839 3829
12095 1088 1084 1702 1086
12096 1415 1406 1708 3766
12097 851 1792 215 852
12098 295 296 1894 1407
12099 1197 946 1124 3635
12100 3113 3586 3272 3678
12101 2087 2334 2307 3623
12102 1112 1159 3312 3368
12103 1066 1092 1112 3561
12104 1126 172 171 1535
12105 1126 1119 172 3433
12106 1219 1017 1249 3707
12107 2175 1973 2176 3813
12108 971 1844 1916 1695
12109 1107 1160 1159 3417
12110 1197 1516 173 3614
12111 1913 298 299 1413
12112 1197 3508 3136 3614
12113 1379 287 20 1519
12114 3243 3309 1011 3709
12115 1939 2281 914 1251
12116 1479 1480 342 3746
12117 993 985 1853 1146
12118 2235 968 2230 966
12119 825 823 843 3666
12120 284 1481 1381 285
12121 1020 1218 1213 3830
12122 1093 3335 1113 3365
12123 3586 3678 3113 3679
12124 323 2148 1974 3572
12125 360 2285 1536 3840
12126 1094 1003 1024 3358
12127 1965 1964 2192 3819
12128 2357 2163 194 1177
12129 2092 3377 1985 3640
12130 2282 2347 2179 1132
12131 1508 349 350 2122
12132 3136 3614 3215 3636
12133 1246 1023 1033 3582
12134 2174 204 957 934
12135 974 1707 1703 1704
12136 308 307 1471 1401
12137 1001 877 1012 3570
12138 3103 3350 3506 3638
12139 925 147 148 3435
12140 1197 173 1097 3614
12141 1616 994 1038 985
12142 1868 1849 1915 3647
12143 888 1011 894 3342
12144 1453 1437 1428 3660
12145 863 864 1733 861
12146 885 1961 2199 969
12147 1449 1495 1503 3574
12148 3098 3362 3706 3748
12149 279 1380 1470 1477
12150 1249 1017 1018 3707
12151 964 1613 972 983
12152 1497 1486 1495 3249
12153 1094 1010 1003 3141
12154 894 3342 1025 3344
12155 1804 365 364 1101
12156 1970 2199 1188 1960
12157 1112 3333 3312 3716
12158 1988 1949 2276 3689
12159 3169 3101 3359 3597
12160 1527 1452 317 1525
12161 3207 3359 3101 3597
12162 2092 1985 321 3640
12163 1615 1900 1901 872
12164 1779 231 230 868
12165 314 1521 1476 1519
12166 1532 22 318 1431
12167 1530 1531 1516 3152
12168 1246 1239 1023 3546
12169 2174 957 932 934
12170 1051 1837 971 965
12171 2199 2145 885 969
12172 1112 3312 1215 3716
12173 1778 869 1765 854
12174 1516 1517 3215 3636
12175 340 339 1436 3608
12176 1066 3283 1186 3831
12177 3102 3699 3429 3752
12178 310 309 1440 1399
12179 1003 3281 3588 3825
12180 972 1613 1614 1695
12181 3335 3365 3111 3800
12182 299 300 1906 1416
12183 925 918 919 3745
12184 1900 1851 1901 874
12185 1003 1010 877 3190
12186 163 1528 1166 3842
12187 1812 1840 1839 3531
12188 2219 1953 2203 955
12189 849 123 1417 1369
12190 287 286 1520 1367
12191 1014 3546 1239 3734
12192 230 869 1679 868
12193 2167 2334 2200 3741
12194 974 851 1707 1704
12195 918 3527 919 3745
12196 1091 170 169 1523
12197 1105 1104 1103 3765
12198 163 1166 1077 3842
12199 1242 1147 1620 863
12200 1012 3734 3697 3799
12201 944 945 950 3808
12202 1429 321 3573 3640
12203 2162 2179 2347 1185
12204 3157 3187 3105 3255
12205 365 1804 1568 1130
12206 1100 364 211 1932
12207 2008 914 2006 2281
12208 970 1188 1970 1189
12209 1417 123 9 1369
12210 1239 3546 3545 3734
12211 1213 1186 1022 3428
12212 2248 2282 2292 1201
12213 1101 1804 1127 1130
12214 1970 970 1969 1960
12215 1734 902 1885 901
12216 950 858 859 3595
12217 1477 307 19 1419
12218 897 1938 1211 1251
12219 1387 304 303 1771
12220 1168 1174 1175 3807
12221 1786 1785 864 1787
12222 937 143 1397 1199
12223 1003 1002 1024 3281
12224 1723 294 295 1405
12225 1695 971 1837 965
12226 1067 1955 343 2246
12227 1171 1202 1172 3816
12228 1085 1083 1790 1084
12229 1512 2133 1507 1224
12230 3105 3187 3113 3586
12231 930 1248 1134 3801
12232 3129 3744 3109 3745
12233 1112 3312 3333 3368
12234 1744 333 334 3509
12235 933 2003 2350 938
12236 2285 360 2206 3840
12237 1540 1506 347 3712
12238 1896 1038 1616 1618
12239 3318 3156 3706 3785
12240 1031 1015 1030 3627
12241 1485 281 282 1382
12242 1481 1379 20 1519
12243 360 1547 2206 3840
12244 1516 1197 173 3636
12245 1394 1407 1393 3456
12246 1113 1097 1119 3433
12247 1166 129 1078 1366
12248 1159 1171 1172 3816
12249 3099 3096 3249 3752
12250 2349 2292 2282 1128
12251 968 2230 2243 2235
12252 1703 1702 1709 1088
12253 1093 3230 3335 3365
12254 148 1412 1160 3435
12255 1517 3330 3215 3636
12256 876 3342 888 3497
12257 1394 1393 1395 3456
12258 852 830 1851 874
12259 972 971 1695 965
12260 969 2110 2145 967
12261 1088 1702 1709 1086
12262 1176 1144 2162 2163
12263 1410 890 141 1409
12264 1191 937 145 1392
12265 3129 3098 3744 3745
12266 1437 1438 1436 3660
12267 1939 1211 1938 1251
12268 1898 1863 1840 3721
12269 1485 1463 281 3750
12270 1581 1147 1733 863
12271 1886 1853 1857 1146
12272 1476 313 314 1519
12273 284 1481 1475 1381
12274 1695 1614 972 965
12275 1822 851 830 852
12276 970 1969 1993 1970
12277 1146 1886 993 903
12278 148 1383 1412 3435
12279 3113 3105 3586 3679
12280 1095 3443 3365 3800
12281 1679 869 870 868
12282 875 888 1015 3726
12283 142 143 1200 1396
12284 293 292 1406 1708
12285 876 888 3343 3497
12286 1502 1503 1495 3249
12287 1380 279 278 1477
12288 1088 1709 1703 1086
12289 1478 309 308 1400
12290 364 211 17 1101
12291 875 1015 1014 3726
12292 1081 871 1080 3821
12293 1096 1010 1094 3506
12294 918 3109 925 3435
12295 1837 1614 1695 965
12296 3551 3152 3804 3805
12297 992 1142 1992 991
12298 842 2292 2242 912
12299 1095 1096 1094 3506
12300 894 3344 3682 3729
12301 2285 361 360 1536
12302 10 130 1528 1366
12303 1389 312 21 1420
12304 343 344 1067 2246
12305 870 1779 1679 868
12306 1477 19 278 1377
12307 1616 1619 994 1711
12308 130 1166 1528 1366
12309 1211 201 1212 1937
12310 2282 2349 1128 1132
12311 1098 3303 1093 3639
12312 1128 197 2349 912
12313 3098 3527 3422 3619
12314 1211 1936 1938 898
12315 873 1615 217 964
12316 2279 2092 320 3640
12317 826 1042 1039 3681
12318 849 123 9 1417
12319 954 1953 189 1064
12320 995 206 205 1960
12321 175 1510 1124 3202
12322 3113 3377 3157 3640
12323 1971 1938 1936 898
12324 842 914 2008 840
12325 1007 1113 1119 3332
12326 2292 842 1201 912
12327 860 228 1785 861
12328 914 2006 2281 1939
12329 1108 3206 1092 3597
12330 1853 1855 1857 1146
12331 2243 1087 1932 2250
12332 1779 1778 1568 870
12333 1449 1501 1495 3574
12334 2008 2292 2242 842
12335 354 355 1530 2059
12336 885 2199 980 1188
12337 894 1011 1025 3342
12338 1142 1992 2164 2163
12339 1087 1932 1100 835
12340 1130 1779 1568 870
12341 3527 3619 3098 3745
12342 292 1415 1406 1708
12343 1001 1002 1003 3825
12344 1785 864 1787 861
12345 1994 1930 909 1945
12346 351 350 2331 1509
12347 1953 188 189 1064
12348 1093 1094 3358 3365
12349 993 1619 1847 1711
12350 1531 1504 1516 3152
12351 1885 1620 1734 901
12352 1953 2203 955 954
12353 1751 1750 1819 3838
12354 1095 1113 1007 3332
12355 918 920 919 3527
12356 1100 211 210 1932
12357 2110 208 2235 967
12358 1247 1012 1239 3734
12359 1502 1495 1486 3249
12360 875 3343 888 3726
12361 1070 1540 175 3712
12362 1778 1779 1679 870
12363 126 125 1059 1358
12364 1197 3635 1124 3636
12365 1421 333 332 3509
12366 232 364 17 1101
12367 3282 3283 1066 3831
12368 1876 215 1792 852
12369 1460 1467 1421 3748
12370 315 314 1542 1466
12371 2350 933 934 1993
12372 2163 1992 2326 992
12373 1038 994 1616 1250
12374 860 1785 1787 861
12375 2206 360 359 1547
12376 281 280 1374 1463
12377 218 217 1615 964
12378 2163 1142 1992 992
12379 1128 2349 2292 912
12380 1011 876 3309 3497
12381 1014 3507 1023 3546
12382 1936 1211 201 1210
12383 1011 3309 3243 3497
12384 1098 1093 1024 3639
12385 885 980 1961 969
12386 1613 972 1614 964
12387 1680 1765 869 854
12388 1932 1087 2243 835
12389 2349 2282 2179 1132
12390 203 204 2174 934
12391 2204 2203 1930 910
12392 2243 2244 968 2235
12393 197 2292 2349 912
12394 1172 1248 1244 3594
12395 980 1961 2199 885
12396 19 277 1377 1419
12397 1874 1844 1875 1035
12398 1428 3660 3318 3706
12399 2292 197 2242 912
12400 10 130 1166 1528
12401 1092 3286 3169 3597
12402 1459 1449 1430 3574
12403 210 1932 2244 835
12404 1856 221 220 1040
12405 826 894 893 3682
12406 1415 292 291 1815
12407 852 1851 1900 874
12408 909 1931 911 908
12409 1037 1874 1875 1035
12410 1428 1427 1454 3706
12411 1536 361 362 2270
12412 962 1235 907 3843
12413 908 909 1930 910
12414 1517 1518 1516 3215
12415 343 1955 1065 1954
12416 2110 2235 2145 967
12417 1679 869 1778 870
12418 1431 320 1430 3640
12419 1014 1239 1238 3734
12420 1804 364 232 1101
12421 985 1616 994 1711
12422 849 9 139 1417
12423 1618 1038 1616 1250
12424 1096 3309 1010 3506
12425 323 1501 1459 3572
12426 3318 3706 3660 3785
12427 852 1851 1876 1900
12428 1779 1131 231 868
12429 3152 3551 3567 3568
12430 1037 1875 1036 1035
12431 2203 1928 1930 910
12432 869 1778 870 854
12433 1188 2199 980 1960
12434 1010 3141 1094 3506
12435 343 1955 1067 1065
12436 1125 1130 1568 870
12437 143 937 1397 144
12438 1131 1804 1101 1130
12439 347 348 1540 2079
12440 824 3516 1029 3729
12441 1160 1171 1159 3417
12442 966 2145 2235 967
12443 1201 1128 2292 912
12444 2203 1953 1929 954
12445 1992 1994 2326 992
12446 1379 285 1381 1481
12447 216 852 1900 873
12448 211 364 1100 1101
12449 1197 1097 1098 3614
12450 1124 1123 1070 3781
12451 1537 362 363 2278
12452 2244 968 2235 834
12453 1837 1844 971 1695
12454 1010 1011 876 3309
12455 995 205 1969 1960
12456 2350 2003 933 1993
12457 980 207 1961 969
12458 1547 1505 1514 3839
12459 229 230 869 1679
12460 2244 968 834 835
12461 842 2008 914 913
12462 2110 207 208 967
12463 1093 1095 1094 3365
12464 1144 1176 1142 2163
12465 897 1211 1938 898
12466 2133 346 345 1507
12467 826 894 3682 3729
12468 869 1765 1680 1778
12469 1177 992 2326 929
12470 1619 993 985 1711
12471 204 205 1969 957
12472 1972 202 203 1053
12473 911 1994 909 992
12474 1501 1459 3572 3574
12475 1932 210 1100 835
12476 1025 893 894 3344
12477 1939 1212 1211 1251
12478 933 932 934 1993
12479 1035 1844 1034 1040
12480 1034 1844 1856 1040
12481 1375 283 282 1483
12482 1704 974 851 1088
12483 1066 3561 1112 3716
12484 145 146 1110 1388
12485 1025 1011 1066 3282
12486 1481 20 313 1519
12487 885 2145 966 969
12488 200 1939 1212 1937
12489 934 933 2350 938
12490 310 311 1398 1434
12491 928 930 1134 3801
12492 1512 176 177 1224
12493 206 207 1961 980
12494 1112 1215 1233 3716
12495 1025 3282 1066 3831
12496 993 1886 224 903
12497 1095 1094 3365 3443
12498 216 215 1876 852
12499 1614 1615 1613 964
12500 1024 945 1098 3639
12501 1709 1702 1790 1084
12502 1512 344 345 2246
12503 3365 3443 1094 3506
12504 932 1969 957 2174
12505 1837 1844 1034 971
12506 1131 1779 1130 868
12507 1477 278 1380 1377
12508 1167 1165 1105 3766
12509 910 1928 908 954
12510 917 128 127 1362
12511 1112 1107 1159 3368
12512 1481 313 1476 1519
12513 1012 906 1001 3799
12514 3286 3597 1092 3670
12515 964 1614 218 965
12516 1876 1822 1851 852
12517 1146 1857 1886 903
12518 149 148 1412 1160
12519 969 2145 966 967
12520 1928 908 1930 910
12521 968 2244 2243 835
12522 192 2326 1931 911
12523 1025 1213 893 3831
12524 870 1130 1779 868
12525 317 318 1452 1527
12526 2203 910 955 954
12527 1680 1679 869 1778
12528 203 934 2350 1053
12529 1779 1804 1131 1130
12530 2162 1176 2163 2357
12531 862 1787 864 861
12532 854 1680 1765 862
12533 876 888 875 3343
12534 1213 1066 1186 3831
12535 1536 362 1537 3255
12536 1804 1779 1568 1130
12537 1146 901 1857 903
12538 195 194 1176 2357
12539 1617 1618 1616 1250
12540 1733 227 1734 863
12541 1931 909 1930 908
12542 1546 165 166 960
12543 1029 824 825 3516
12544 1620 1242 863 901
12545 985 994 1619 1711
12546 1971 2350 2003 938
12547 224 1886 993 1847
12548 1885 1857 1620 901
12549 1053 2350 1972 938
12550 2244 1932 2243 835
12551 910 2203 1928 954
12552 164 163 1077 1529
12553 1397 144 937 1392
12554 1703 974 1088 1086
12555 175 1124 1070 3202
12556 3109 3744 3253 3745
12557 293 294 1694 1406
12558 1954 1065 188 1064
12559 1939 2006 200 1212
12560 964 972 1614 965
12561 175 1541 1510 3202
12562 2243 1087 968 835
12563 1704 1702 1703 1088
12564 1405 294 1406 3615
12565 2008 2006 914 913
12566 1379 20 285 1481
12567 934 2174 203 2350
12568 3202 3635 1124 3781
12569 876 1011 888 3342
12570 1098 946 1197 3508
12571 980 1961 206 1960
12572 1703 974 1704 1088
12573 1012 1238 1239 3734
12574 207 2110 1961 969
12575 1053 1972 202 1210
12576 302 303 1770 1385
12577 1430 320 1429 3640
12578 1426 1427 1428 3706
12579 291 1813 152 3765
12580 2326 2163 992 1177
12581 333 1469 334 3509
12582 1813 1104 152 3765
12583 165 164 959 1533
12584 1250 1618 1038 1037
12585 1936 1937 1211 1938
12586 1779 230 1679 868
12587 838 125 124 1359
12588 932 2174 934 1993
12589 1961 2110 2145 969
12590 2349 1129 196 1128
12591 1051 1837 1034 971
12592 1045 140 141 1409
12593 906 1012 1240 3799
12594 873 852 1900 874
12595 1936 201 202 1210
12596 914 200 199 2006
12597 1436 1428 1437 3660
12598 911 1931 191 908
12599 2008 2007 2006 913
12600 852 1876 216 1900
12601 1702 212 1861 1084
12602 360 1536 1547 3840
12603 141 142 890 1410
12604 1790 1702 1861 1084
12605 912 198 2242 913
12606 2006 914 200 1212
12607 198 199 2007 913
12608 1511 3330 1517 3636
12609 1874 1844 1035 1040
12610 1066 1112 1186 3716
12611 1929 1928 2203 954
12612 1131 1804 232 1101
12613 219 218 1614 965
12614 2349 196 197 1128
12615 1614 218 1615 964
12616 1123 1124 1232 3781
12617 911 2326 1994 992
12618 1421 1469 333 3509
12619 2350 1971 1972 938
12620 3098 3156 3619 3785
12621 1939 1211 1937 1938
12622 876 1011 3342 3497
12623 2235 968 966 967
12624 902 225 226 1885
12625 1066 3283 3282 3561
12626 834 2235 208 967
12627 214 1792 851 1704
12628 1014 1015 1023 3507
12629 144 145 937 1392
12630 1014 1023 1239 3546
12631 1167 1202 1165 3245
12632 1972 1053 938 1210
12633 971 1844 1034 1035
12634 1383 148 1414 3435
12635 863 902 1734 901
12636 1095 1093 1113 3365
12637 359 1547 1514 3839
12638 1844 1874 1856 1040
12639 1166 130 129 1366
12640 129 128 989 1361
12641 1053 934 2350 938
12642 901 1885 1857 903
12643 2162 1144 1176 1185
12644 1618 1874 1875 1037
12645 1386 306 305 1793
12646 851 1792 1707 1704
12647 992 2163 1142 1177
12648 1210 938 1971 898
12649 1734 1620 863 901
12650 1900 217 216 873
12651 1937 1211 201 1936
12652 1969 932 970 1993
12653 1215 1172 1244 3594
12654 912 2242 842 913
12655 1212 1939 914 1251
12656 225 224 1886 903
12657 932 1969 2174 1993
12658 980 2199 1961 1960
12659 150 149 1395 1171
12660 1787 862 860 861
12661 894 1029 888 3729
12662 1166 163 10 1528
12663 1929 189 190 954
12664 908 1931 191 1928
12665 1931 191 192 911
12666 970 1188 995 1960
12667 345 1512 2133 1507
12668 222 1618 1617 1250
12669 1971 1972 938 1210
12670 954 955 1953 1064
12671 869 1680 862 860
12672 225 1886 1885 903
12673 854 869 1680 862
12674 2162 2178 2179 1185
12675 2219 1955 1953 1064
12676 197 198 2242 912
12677 1837 1844 1856 1034
12678 909 1930 1994 1931
12679 1165 1405 150 1406
12680 955 2219 1953 1064
12681 995 980 206 1960
12682 1129 196 195 2178
12683 1037 222 1874 1040
12684 1928 190 908 954
12685 826 824 894 3729
12686 1035 1037 1874 1040
12687 1210 1971 1936 898
12688 1930 1931 908 1928
12689 124 123 849 1369
12690 169 168 1069 1539
12691 1929 1953 189 954
12692 1415 291 152 3765
12693 1197 3614 3136 3636
12694 995 1188 980 1960
12695 174 1197 1124 3636
12696 1618 222 1874 1037
12697 1615 873 872 964
12698 894 824 1029 3729
12699 3098 3706 3156 3785
12700 1936 1211 1210 898
12701 994 1619 993 985
12702 1186 1112 1233 3716
12703 2357 2162 1176 1185
12704 3098 3619 3422 3785
12705 220 1051 1856 1034
12706 1680 1787 1765 862
12707 209 210 2244 835
12708 1885 1886 1857 903
12709 199 914 2006 913
12710 1931 1994 909 911
12711 957 1969 204 2174
12712 2006 2007 199 913
12713 222 1618 1250 1037
12714 970 932 1969 957
12715 1025 1066 1213 3831
12716 1704 213 1702 1088
12717 1501 1449 1459 3574
12718 995 1969 970 1960
12719 1785 228 227 861
12720 1733 1620 1581 863
12721 1212 201 200 1937
12722 1065 1955 1067 1064
12723 1856 1874 221 1040
12724 205 1969 957 995
12725 174 1517 1516 3636
12726 2350 934 2174 1993
12727 1954 1955 1065 1064
12728 217 1900 1615 873
12729 174 1124 1510 3636
12730 219 220 1051 1837
12731 173 1197 174 3636
12732 1954 188 1953 1064
12733 1516 173 174 3636
12734 1617 1619 223 1253
12735 1176 1142 2163 1177
12736 1953 1955 1954 1064
12737 1929 190 1928 954
12738 1931 2326 1994 911
12739 1132 2179 1129 1185
12740 992 911 2326 929
12741 2357 2178 2162 1185
12742 1211 1212 1939 1937
12743 192 2326 911 929
12744 1679 869 229 1680
12745 968 2235 834 967
12746 1813 290 152 1104
12747 1680 869 229 860
12748 914 2006 1939 1212
12749 1619 994 223 1253
12750 1856 1051 1837 1034
12751 902 226 1734 1885
12752 908 191 190 1928
12753 139 140 848 1404
12754 152 1105 1415 3765
12755 1619 223 994 993
12756 291 290 152 1813
12757 1885 902 225 903
12758 220 1051 1837 1856
12759 1250 1617 222 1253
12760 2007 2242 198 913
12761 222 221 1874 1040
12762 1972 1936 202 1210
12763 957 1969 970 995
12764 321 320 2092 3640
12765 223 224 993 1847
12766 834 209 2244 835
12767 1065 188 15 1954
12768 902 1885 901 903
12769 1510 174 175 1124
12770 1718 153 290 1104
12771 176 1540 1070 3712
12772 1972 1971 1936 1210
12773 1065 15 343 1954
12774 1734 1620 1733 863
12775 13 154 1861 1084
12776 1105 152 1104 3765
12777 993 1619 223 1847
12778 321 1429 320 3640
12779 862 1680 1787 860
12780 1104 1718 153 1085
12781 176 1224 1506 3712
12782 1224 177 1512 1068
12783 1707 1792 851 1822
12784 2178 1129 2179 1185
12785 1718 289 153 1085
12786 1507 1506 176 1224
12787 1511 174 1510 3636
12788 1406 151 1165 3766
12789 1415 1105 151 3766
12790 174 1511 1517 3636
12791 2246 177 1067 1068
12792 151 1105 1165 3766
12793 1507 176 1512 1224
12794 1070 1224 176 3712
12795 150 151 1165 1406
12796 2246 1512 177 1068
12797 176 1506 1540 3712
12798 175 176 1540 1070
12799 153 290 289 1718
12800 1406 1415 151 3766
12801 177 344 1512 2246
12802 344 177 1067 2246
12803 1790 154 288 1085
12804 1085 1790 154 1084
12805 1790 288 154 1084
12806 343 344 178 1067
12807 1861 154 288 1084
12808 153 152 290 1104
12809 13 154 288 1861
12810 1415 152 151 1105
12811 1067 178 343 1065
12812 344 177 178 1067
12813 153 289 154 1085
12814 178 15 343 1065
12815 3510 3191 2305 3415
12816 3510 2305 3191 3369
12817 3563 1217 1912 1145
12818 3563 1912 1217 1644
12819 1450 1503 3306 1449
12820 1450 3306 1503 3249
12821 3574 3306 1503 1449
12822 3574 1503 3306 3249
12823 3624 3208 1567 3480
12824 3624 1567 3208 3462
12825 1865 3698 1877 1869
12826 1877 3698 1865 3184
12827 3296 3680 3344 3130
12828 3344 3680 3296 3235
12829 3344 3284 3296 3130
12830 3296 3284 3344 3235
12831 3308 1063 978 947
12832 3308 978 1063 3219
12833 3688 3414 3415 3166
12834 3688 3415 3414 3637
12835 3520 3155 2297 3496
12836 3520 2297 3155 3351
12837 1770 3434 1807 1809
12838 1807 3434 1770 3225
12839 3824 3406 1757 1728
12840 3824 1757 3406 3430
12841 1860 1757 3406 1728
12842 1860 3406 1757 3430
12843 1217 3563 1209 1145
12844 1209 3563 1217 1642
12845 1231 2029 3770 2031
12846 1231 3770 2029 956
12847 3655 3299 3773 3654
12848 3655 3773 3299 3239
12849 3821 1935 1934 2041
12850 1934 1935 3821 1080
12851 1934 1257 3821 2041
12852 3821 1257 1934 1080
12853 3407 3837 3584 3116
12854 3407 3584 3837 3232
12855 3176 3584 3837 3116
12856 3176 3837 3584 3232
12857 3214 2065 3661 2343
12858 3214 3661 2065 3160
12859 3362 1432 3706 1468
12860 3362 3706 1432 3156
12861 3810 3328 2050 3711
12862 3810 2050 3328 3633
12863 3500 1914 1731 1909
12864 3500 1731 1914 3376
12865 3826 1478 3412 1400
12866 3826 3412 1478 3246
12867 3323 1063 3308 1062
12868 3323 3308 1063 3219
12869 1760 3470 1911 1918
12870 1911 3470 1760 3411
12871 3706 924 3422 3098
12872 3706 3422 924 3205
12873 3773 3159 3239 3767
12874 3773 3239 3159 3299
12875 3575 3239 3159 3767
12876 3575 3159 3239 3299
12877 3713 1996 1997 1995
12878 3713 1997 1996 3196
12879 3470 1628 3339 3338
12880 3470 3339 1628 1918
12881 3398 369 3231 3395
12882 3398 3231 369 1967
12883 3808 3357 3178 3595
12884 3808 3178 3357 3349
12885 3409 2097 3602 2132
12886 3409 3602 2097 3236
12887 3698 1699 3329 1879
12888 3698 3329 1699 3304
12889 3567 1518 1516 1530
12890 3567 1516 1518 3215
12891 941 3797 939 1138
12892 939 3797 941 3394
12893 3528 1603 3518 3251
12894 3748 3205 1454 3706
12895 3748 1454 3205 3308
12896 3718 1805 1743 1801
12897 3718 1743 1805 1153
12898 3838 3372 1819 3631
12899 3838 1819 3372 3489
12900 3676 2082 2089 2147
12901 1393 3615 1407 1405
12902 1407 3615 1393 3456
12903 3477 2119 3214 2117
12904 3477 3214 2119 3313
12905 2343 3214 2119 2117
12906 2343 2119 3214 3313
12907 3842 3471 1078 1009
12908 3842 1078 3471 3216
12909 990 1078 3471 1009
12910 990 3471 1078 3216
12911 2363 3643 2127 2151
12912 2127 3643 2363 3616
12913 3669 1078 990 989
12914 3669 990 1078 3216
12915 330 3746 23 1480
12916 23 3746 330 3419
12917 3396 3839 1505 3326
12918 1505 3839 3396 1514
12919 1216 1642 1731 1209
12920 1216 1731 1642 1732
12921 3817 1895 1046 1724
12922 3817 1046 1895 1255
12923 3807 886 887 2182
12924 3807 887 886 1174
12925 3456 1413 1395 1394
12926 3456 1395 1413 3184
12927 3746 330 3629 1480
12928 3746 3629 330 3232
12929 3266 3773 3732 3115
12930 3266 3732 3773 3239
12931 3767 3732 3773 3115
12932 3767 3773 3732 3239
12933 2189 3792 3259 2044
12934 3259 3792 2189 3544
12935 3458 1572 1589 1590
12936 3458 1589 1572 3355
12937 3430 1880 3607 1757
12938 3430 3607 1880 3268
12939 3377 2082 3676 3187
12940 3377 3676 2082 2089
12941 3643 1013 2363 828
12942 3643 2363 1013 2151
12943 1657 3480 1687 1656
12944 1687 3480 1657 3413
12945 3522 3569 3577 3229
12946 3577 3569 3522 3230
12947 1846 3747 1797 3439
12948 1846 1797 3747 3694
12949 3317 1797 3747 3439
12950 3317 3747 1797 3694
12951 3839 2325 3326 3396
12952 3839 3326 2325 2208
12953 2234 3326 2325 3396
12954 2234 2325 3326 2208
12955 2113 895 2256 2255
12956 2113 2256 895 891
12957 1943 3643 1013 2151
12958 1013 3643 1943 827
12959 3482 3554 3345 3200
12960 3345 3554 3482 3173
12961 3677 1697 3762 3403
12962 3677 3762 1697 1852
12963 3801 1636 1646 1638
12964 3801 1646 1636 3617
12965 3310 3763 3503 3168
12966 3503 3763 3310 3504
12967 3569 3367 3577 3229
12968 3569 3577 3367 3125
12969 3731 1014 3734 3546
12970 3731 3734 1014 3271
12971 3672 1047 1028 1258
12972 3672 1028 1047 3817
12973 3684 2217 3810 2053
12974 3684 3810 2217 879
12975 3746 1818 1817 1773
12976 3746 1817 1818 3419
12977 1229 1630 1149 1631
12978 1229 1149 1630 1237
12979 1582 1149 1630 1631
12980 1582 1630 1149 1237
12981 3563 1642 1731 1924
12982 3563 1731 1642 1209
12983 3821 2240 1162 1935
12984 3821 1162 2240 871
12985 3446 2309 3519 2354
12986 3446 3519 2309 3393
12987 1461 3246 1443 1441
12988 1443 3246 1461 3213
12989 3363 1472 3751 1484
12990 3363 3751 1472 3264
12991 3216 3751 1472 1484
12992 3216 1472 3751 3264
12993 3720 3677 1719 3180
12994 3720 1719 3677 1698
12995 3700 3775 3134 3517
12996 3134 3775 3700 3352
12997 3402 1490 3755 3265
12998 3402 3755 1490 1443
12999 3611 3755 1490 3265
13000 3611 1490 3755 1443
13001 1013 2138 2139 1032
13002 1013 2139 2138 1944
13003 3383 2103 3532 3375
13004 3383 3532 2103 2104
13005 3708 2294 3382 3388
13006 3708 3382 2294 2223
13007 3651 2193 3596 2194
13008 3651 3596 2193 3209
13009 3685 1882 3698 3183
13010 3685 3698 1882 1881
13011 3783 1777 1754 1776
13012 3783 1754 1777 3762
13013 3686 1726 3197 1739
13014 3686 3197 1726 3406
13015 3745 3748 924 3218
13016 924 3748 3745 3098
13017 3773 3523 3299 3159
13018 3773 3299 3523 3115
13019 2011 3780 2066 2010
13020 2066 3780 2011 3711
13021 3769 3300 3537 3688
13022 3769 3537 3300 3111
13023 1641 3766 1705 1693
13024 1705 3766 1641 3539
13025 3582 3627 3626 3151
13026 3626 3627 3582 1031
13027 3571 3760 3436 3262
13028 3436 3760 3571 3351
13029 3095 3422 3512 3100
13030 3512 3422 3095 3206
13031 3528 1605 1603 1919
13032 3528 1603 1605 3518
13033 886 2035 2101 1169
13034 886 2101 2035 2144
13035 3759 3445 3348 3269
13036 3759 3348 3445 3743
13037 1645 1216 1050 973
13038 1050 1216 1645 1732
13039 1050 1916 1645 973
13040 1645 1916 1050 1732
13041 3663 3569 3367 3278
13042 3663 3367 3569 3229
13043 3731 3507 3203 3143
13044 3731 3203 3507 3546
13045 3746 1439 1464 3199
13046 3746 1464 1439 1479
13047 3611 889 1116 3267
13048 3611 1116 889 1179
13049 3721 3829 3274 3489
13050 3274 3829 3721 3531
13051 3731 3203 3185 3587
13052 3731 3185 3203 3546
13053 3284 3841 3831 3146
13054 3831 3841 3284 3282
13055 3509 1890 1745 3362
13056 3509 1745 1890 1744
13057 3527 924 3098 3422
13058 3791 3224 1627 3338
13059 3791 1627 3224 3603
13060 3414 3717 3352 3353
13061 3352 3717 3414 3166
13062 2187 3606 2115 2024
13063 2115 3606 2187 3459
13064 3744 3619 3745 3098
13065 3744 3745 3619 3124
13066 1775 3832 1650 1580
13067 1650 3832 1775 3223
13068 3681 3740 3814 3339
13069 3814 3740 3681 3197
13070 3824 3197 1726 3598
13071 3824 1726 3197 3406
13072 1418 3778 1416 3397
13073 1418 1416 3778 1836
13074 1906 1416 3778 3397
13075 1906 3778 1416 1836
13076 1998 1189 867 1999
13077 867 1189 1998 1187
13078 3612 3705 3591 3227
13079 3612 3591 3705 1552
13080 1683 3591 3705 3227
13081 1683 3705 3591 1552
13082 3801 1133 3539 1134
13083 3801 3539 1133 3617
13084 3745 924 3527 919
13085 3745 3527 924 3098
13086 1466 1544 315 1465
13087 1466 315 1544 1542
13088 3839 3433 1547 1505
13089 3839 1547 3433 3222
13090 3722 1808 1806 1825
13091 3722 1806 1808 3656
13092 3568 3805 3120 3152
13093 3120 3805 3568 3552
13094 3120 3396 3568 3152
13095 3568 3396 3120 3552
13096 1522 3255 3105 1535
13097 3105 3255 1522 3157
13098 3573 1987 1985 1984
13099 3573 1985 1987 3377
13100 3499 3820 3510 3137
13101 3510 3820 3499 3819
13102 3477 2132 2172 3409
13103 3477 2172 2132 2120
13104 3812 2323 2026 3424
13105 3812 2026 2323 2125
13106 1471 1400 308 1401
13107 308 1400 1471 1478
13108 1202 3816 3245 3180
13109 1202 3245 3816 3183
13110 3685 3245 3816 3180
13111 3685 3816 3245 3183
13112 3835 1691 1701 1690
13113 3835 1701 1691 3170
13114 3807 1168 886 3738
13115 3807 886 1168 1174
13116 3199 3512 3279 3100
13117 3279 3512 3199 3117
13118 3672 986 1047 1258
13119 3672 1047 986 1634
13120 3347 3803 3117 3251
13121 3117 3803 3347 3346
13122 3768 3731 3128 3270
13123 3768 3128 3731 3271
13124 3465 3417 3397 3132
13125 3465 3397 3417 3329
13126 3754 2084 2002 2001
13127 3754 2002 2084 3408
13128 3625 2108 2345 2107
13129 3625 2345 2108 3455
13130 3368 3417 3498 1107
13131 3498 3417 3368 3138
13132 3815 1848 3421 1670
13133 3815 3421 1848 3598
13134 3434 301 1809 1384
13135 3434 1809 301 1826
13136 3443 3332 3800 1095
13137 3443 3800 3332 3102
13138 2301 3544 2189 2062
13139 2189 3544 2301 3461
13140 3584 2180 2263 2181
13141 3584 2263 2180 3629
13142 3765 1814 1075 1612
13143 3765 1075 1814 1104
13144 3552 2324 2234 2142
13145 3552 2234 2324 3396
13146 3738 2166 2102 2198
13147 3738 2102 2166 3610
13148 3525 1870 1589 1664
13149 3525 1589 1870 3457
13150 1789 1075 1074 1083
13151 1074 1075 1789 1611
13152 1463 3834 1461 1462
13153 1461 3834 1463 3213
13154 1110 1392 3323 1191
13155 3323 1392 1110 1388
13156 3823 1204 3322 3400
13157 3823 3322 1204 1241
13158 3794 998 997 1027
13159 3794 997 998 3658
13160 3417 3397 1412 3184
13161 3417 1412 3397 3132
13162 3384 3732 3195 3116
13163 3195 3732 3384 3095
13164 3719 3253 3370 3108
13165 3719 3370 3253 3171
13166 3840 2207 2206 2159
13167 3840 2206 2207 3839
13168 337 336 3156 1827
13169 337 3156 336 1432
13170 1068 1224 2216 2133
13171 1068 2216 1224 1058
13172 2224 2216 1224 2133
13173 2224 1224 2216 1058
13174 1467 3362 3706 1468
13175 3706 3362 1467 3748
13176 3781 944 3808 3198
13177 3781 3808 944 1232
13178 3349 3781 3808 3198
13179 3349 3808 3781 1232
13180 3328 3781 3349 3198
13181 3328 3349 3781 1232
13182 1541 3712 175 1540
13183 175 3712 1541 3202
13184 2090 3377 2082 2089
13185 2082 3377 2090 3255
13186 2279 3377 3255 2091
13187 3255 3377 2279 3157
13188 3255 2274 2279 2091
13189 2279 2274 3255 3157
13190 1570 3647 1868 1915
13191 1868 3647 1570 3549
13192 3472 1113 1093 3335
13193 3472 1093 1113 1097
13194 946 3795 1098 945
13195 1098 3795 946 3508
13196 3745 925 3218 923
13197 3745 3218 925 3109
13198 2164 953 1144 2134
13199 1144 953 2164 1143
13200 3456 1165 1171 3183
13201 3456 1171 1165 150
13202 2255 840 904 895
13203 2255 904 840 2281
13204 3788 1682 1884 3426
13205 3788 1884 1682 1685
13206 3778 1835 1826 1872
13207 3778 1826 1835 3779
13208 1645 983 1209 973
13209 1209 983 1645 1643
13210 3813 2319 2215 2176
13211 3813 2215 2319 3390
13212 2280 897 1251 1938
13213 1251 897 2280 904
13214 1251 2281 2280 1938
13215 2280 2281 1251 904
13216 3646 1244 1215 1233
13217 3646 1215 1244 3594
13218 2024 3723 2023 2186
13219 2023 3723 2024 3606
13220 1934 897 1933 896
13221 1934 1933 897 1938
13222 898 1933 897 896
13223 898 897 1933 1938
13224 3716 1215 3646 3312
13225 3716 3646 1215 1233
13226 366 1127 2250 365
13227 2250 1127 366 1117
13228 3433 1113 3332 1119
13229 3433 3332 1113 3104
13230 3225 303 1387 1385
13231 3225 1387 303 1771
13232 3821 2077 2115 2040
13233 3821 2115 2077 3558
13234 3813 3798 3112 3214
13235 3813 3112 3798 3391
13236 1186 3831 3428 1213
13237 3428 3831 1186 3283
13238 880 2203 2204 910
13239 880 2204 2203 2205
13240 3729 3342 888 894
13241 3729 888 3342 3285
13242 358 3839 2325 2208
13243 2325 3839 358 1514
13244 3833 1238 875 877
13245 3833 875 1238 3271
13246 3678 3429 3332 3112
13247 3678 3332 3429 3096
13248 3626 1033 1223 1031
13249 3626 1223 1033 3292
13250 1101 365 1100 1127
13251 1101 1100 365 364
13252 3795 1098 3303 3508
13253 3795 3303 1098 3639
13254 1010 3833 876 877
13255 876 3833 1010 3441
13256 1694 1406 1693 293
13257 1694 1693 1406 3766
13258 1708 1693 1406 293
13259 1708 1406 1693 3766
13260 3472 1098 1093 1097
13261 3472 1093 1098 3303
13262 1711 993 1853 1847
13263 1711 1853 993 985
13264 1853 993 1886 1847
13265 1886 993 1853 1146
13266 1459 3640 1430 1429
13267 1430 3640 1459 3574
13268 3332 3678 3679 3096
13269 3679 3678 3332 3586
13270 913 2008 2242 842
13271 913 2242 2008 2007
13272 1733 861 227 863
13273 227 861 1733 1785
13274 852 1792 1822 851
13275 852 1822 1792 1876
13276 1837 965 219 1614
13277 219 965 1837 1051
13278 2349 1132 1129 1128
13279 1129 1132 2349 2179
13280 1619 1253 1250 994
13281 1250 1253 1619 1617
13282 1250 1616 1619 994
13283 1619 1616 1250 1617
13284 288 1085 289 1862
13285 289 1085 288 154
13286 3529 3105 1522 3157
13287 3529 1522 3105 1181
13288 3113 3640 3679 3574
13289 3113 3679 3640 3157
13290 3221 3679 3640 3574
13291 3221 3640 3679 3157
13292 2274 1537 2279 2278
13293 2274 2279 1537 3157
13294 319 2279 1537 2278
13295 319 1537 2279 3157
3 4 4 5124
13296 2499 2190 2191 2298
13297 2304 2499 2191 2298
13298 1288 262 263 2701
13299 203 202 1972 1286
13300 2453 1972 202 1286
13301 2639 266 265 1305
13302 2352 2536 2351 2339
13303 2213 2245 2476 1962
13304 2453 203 1972 1286
13305 1965 2536 2351 2352
13306 2337 2347 2468 2282
13307 419 324 2367 2348
13308 2536 2194 2516 2193
13309 2627 2189 2302 2043
13310 1953 2606 2608 1929
13311 2135 2134 2493 2029
13312 2183 2143 2611 2182
13313 2292 2467 2248 2008
13314 1972 2350 203 2453
13315 2536 2214 1962 1963
13316 2298 2655 2499 2660
13317 2453 2490 203 1286
13318 2242 2641 197 2292
13319 2453 202 2459 1286
13320 2169 2214 2536 2194
13321 2298 2499 2190 2660
13322 2194 2536 2543 2193
13323 1956 2565 2021 2020
13324 1962 2476 2477 2499
13325 2482 202 201 1287
13326 2627 2189 2643 2302
13327 2026 2518 2627 1996
13328 2378 2605 1953 1954
13329 2499 2304 2655 2298
13330 2518 2627 2302 2026
13331 2326 2505 2522 2507
13332 2469 197 2641 2292
13333 2302 2125 2518 2026
13334 1929 190 2608 1928
13335 2034 2390 2033 2031
13336 2630 188 1285 2606
13337 2641 2242 2467 2292
13338 2469 2641 2467 2292
13339 2247 2249 2472 2248
13340 202 2482 2459 1287
13341 2482 201 202 2452
13342 2337 2468 2249 2282
13343 2034 2390 2392 2033
13344 2040 1935 2041 2495
13345 2138 1992 2521 2164
13346 2370 324 419 2348
13347 2350 2174 203 2490
13348 2606 2605 188 1953
13349 2517 2516 2536 2339
13350 2425 1945 2204 2408
13351 2592 208 2235 2110
13352 2162 2545 2506 2163
13353 2326 192 2569 2568
13354 2561 2335 2200 2334
13355 2378 2605 2607 1953
13356 202 1972 2453 2452
13357 2467 2472 2248 2008
13358 1992 2326 2522 2507
13359 1972 202 1936 2452
13360 2007 2635 2242 2471
13361 198 2635 2242 2007
13362 2637 2635 199 2636
13363 2174 2350 2546 2490
13364 2468 2249 2390 2337
13365 2326 2505 2507 2163
13366 2162 2506 2544 2357
13367 2671 2218 2216 2377
13368 1930 2204 1945 2408
13369 2169 2214 2364 2477
13370 2608 1929 1928 2413
13371 2076 2041 2280 2409
13372 1943 1945 2204 2425
13373 2376 2607 2219 1953
13374 2179 2421 196 2178
13375 2352 2517 2536 2339
13376 2545 2507 2506 2163
13377 2034 2392 2390 2031
13378 2326 192 1931 2569
13379 2490 203 2350 2453
13380 2256 2472 2247 2410
13381 2499 1962 2245 2305
13382 2569 1931 2326 2522
13383 2453 1971 2350 2502
13384 2192 2616 2190 2499
13385 2178 2470 2544 2162
13386 1929 2607 1953 2203
13387 2453 2459 2490 1286
13388 2506 2505 194 2163
13389 189 2606 1953 1929
13390 2179 196 2421 2349
13391 2608 2607 2606 1953
13392 2282 2179 2470 2349
13393 2499 2616 2190 2660
13394 2605 188 2630 2606
13395 2235 2551 2592 2110
13396 2606 189 2608 1929
13397 2617 2630 1285 2606
13398 2452 1937 1936 2558
13399 2203 1929 2607 2413
13400 2643 2189 2301 2302
13401 2408 1994 2522 2521
13402 2641 2678 197 2469
13403 1959 2385 1957 1956
13404 1962 1964 2499 1963
13405 2477 1962 2499 2536
13406 2469 2470 2421 2349
13407 2292 2282 2468 2349
13408 2169 2214 2543 2536
13409 2565 2566 1956 2021
13410 2592 208 2542 2235
13411 2568 2326 193 2505
13412 2255 2281 2256 2411
13413 2522 2521 1992 2507
13414 2096 2271 2567 2272
13415 266 2638 1298 1305
13416 2482 202 2459 2452
13417 2292 2469 197 2349
13418 2347 2470 2468 2282
13419 2469 196 2678 2349
13420 439 2573 354 2698
13421 2713 194 2544 2513
13422 2398 2407 1931 2569
13423 2134 2493 2704 2135
13424 2545 2134 2162 2347
13425 1930 2204 2408 2406
13426 2292 2468 2469 2349
13427 1953 2608 2607 1929
13428 2568 2569 2326 2522
13429 2638 266 2639 1305
13430 1959 2385 1956 2565
13431 2113 2256 2247 2410
13432 2431 2143 2145 2144
13433 195 194 2544 2713
13434 2495 1935 2041 2504
13435 2453 2350 2546 2502
13436 2430 1961 206 2428
13437 2134 2498 2493 2029
13438 2249 2472 2390 2247
13439 2636 199 200 2590
13440 2292 2471 2467 2008
13441 2003 2350 1971 2502
13442 2507 1992 2326 2163
13443 2536 1965 2537 2352
13444 2611 2437 2183 2182
13445 1929 2608 2607 2413
13446 2429 207 2592 2110
13447 2651 192 2568 1307
13448 1931 1994 2326 2522
13449 1955 2376 2219 1953
13450 2347 2468 2498 2337
13451 2143 2611 2510 2183
13452 2204 2425 2408 2406
13453 2425 2316 1943 2151
13454 2164 2545 2134 2162
13455 2607 2376 2378 1955
13456 2110 2429 207 1961
13457 199 2635 2007 2590
13458 2179 2421 2470 2349
13459 2544 2178 2162 2357
13460 2606 2607 2605 1953
13461 2651 192 193 2568
13462 2163 2506 2162 2357
13463 2316 2425 2423 2151
13464 2607 2219 1953 2203
13465 1955 2378 2607 1953
13466 2516 2193 2223 2659
13467 2179 2470 2347 2282
13468 2280 2041 1934 2409
13469 2505 2568 2326 2522
13470 1931 192 191 2569
13471 190 2608 1928 2398
13472 2607 2219 2203 2440
13473 2408 2425 1945 2515
13474 2178 2179 2470 2162
13475 2282 2470 2468 2349
13476 2179 2470 2421 2178
13477 2407 1931 1928 2398
13478 1931 191 2398 2569
13479 2551 2592 2542 2235
13480 2471 2472 2467 2008
13481 2545 2506 2544 2162
13482 200 2636 2590 2586
13483 2663 2430 206 2428
13484 2136 2552 2519 2323
13485 1938 1936 1937 2558
13486 2203 1930 2413 2406
13487 1961 2431 2429 2430
13488 2162 2470 2545 2347
13489 198 2635 2641 2242
13490 2467 2468 2469 2292
13491 2490 2350 2546 2453
13492 2521 2408 1994 1992
13493 1977 2014 2655 2025
13494 2484 200 1937 2586
13495 2635 2641 2242 2471
13496 1930 2203 2204 2406
13497 1953 1955 2378 1954
13498 2248 2249 2472 2468
13499 354 2155 439 2698
13500 2218 2219 2376 2439
13501 1937 201 2484 2452
13502 2452 2484 1937 2586
13503 1992 2521 2515 2138
13504 2537 2517 2536 2352
13505 2506 194 2544 2357
13506 1961 2429 207 2428
13507 2224 2525 2216 2671
13508 2607 2376 1955 1953
13509 2229 2069 2509 2067
13510 2681 2273 2309 2354
13511 2031 2498 2390 2337
13512 2641 2635 198 2640
13513 2701 2451 1288 1299
13514 1980 2048 2045 2387
13515 2560 2556 2157 2224
13516 2468 2467 2248 2292
13517 2199 2511 2430 1960
13518 2189 2627 2044 2043
13519 2516 2543 2536 2193
13520 1295 2641 198 2640
13521 2213 2476 2477 1962
13522 2543 2364 2480 2477
13523 2568 2399 2651 1307
13524 1298 2635 199 2637
13525 2568 192 2399 1307
13526 2602 2320 2343 2175
13527 2101 2184 2436 2182
13528 2469 2468 2470 2349
13529 2260 2042 2258 2666
13530 2282 2468 2248 2292
13531 2408 2407 1930 2406
13532 2590 2006 200 2586
13533 2521 1994 2522 1992
13534 2162 2179 2470 2347
13535 2006 200 199 2590
13536 2556 2157 2011 2559
13537 2468 2248 2249 2282
13538 2350 2003 2546 2502
13539 2216 2218 2671 2439
13540 194 193 2163 2505
13541 1990 1988 1989 2644
13542 2143 2431 2611 2144
13543 2451 2489 204 1299
13544 2078 2079 2559 432
13545 2484 200 201 1937
13546 2558 1937 1939 2586
13547 2440 2204 2203 2406
13548 194 2505 2506 2513
13549 2536 1962 2499 1963
13550 2163 194 2506 2357
13551 2707 2708 2154 2156
13552 2499 2192 2616 2537
13553 2413 1928 2608 2398
13554 2245 2476 1962 2499
13555 2076 2113 2111 2405
13556 2145 2550 2230 2551
13557 2678 2421 196 2469
13558 1957 2385 2153 1958
13559 2124 2516 2517 2339
13560 2224 2216 2133 2671
13561 1931 191 1928 2398
13562 2551 2145 2429 2110
13563 2521 2704 2138 2164
13564 2429 2592 207 2428
13565 2551 2429 2592 2110
13566 1934 1938 2280 2409
13567 2335 2616 2190 2192
13568 1936 1971 1972 2453
13569 1996 2026 2518 2323
13570 2635 199 2636 2590
13571 2412 2077 2040 2497
13572 2665 205 2663 1960
13573 2470 2544 2421 2178
13574 2440 2376 2219 2439
13575 2447 2004 2002 1979
13576 2472 2391 2247 2410
13577 2664 204 2174 2490
13578 1938 2281 2280 2409
13579 2470 2545 2544 2162
13580 1285 189 2617 2606
13581 2551 2230 2145 2235
13582 2683 2392 2034 2031
13583 1977 2655 2304 2298
13584 2628 2627 2189 2643
13585 2407 2413 1930 2406
13586 2110 2145 2429 1961
13587 2451 204 2489 2490
13588 2346 2257 2259 2654
13589 193 2163 2505 2326
13590 2410 2255 2256 2411
13591 1292 2614 2617 2608
13592 2399 191 192 2569
13593 2292 2242 2471 2008
13594 2204 2203 2205 2440
13595 2076 2280 2255 2409
13596 2131 2695 2068 2146
13597 2134 2545 2498 2347
13598 2683 2498 2031 2029
13599 2635 2007 2590 2471
13600 2175 2602 2320 2599
13601 1955 2378 428 2377
13602 427 2378 343 1954
13603 2506 2544 194 2513
13604 2469 2421 196 2349
13605 2199 2431 1961 2430
13606 1953 2605 188 1954
13607 427 2605 1954 426
13608 2315 2204 2205 2406
13609 2498 2031 2029 2337
13610 1990 2449 2027 2074
13611 1939 200 2006 2586
13612 199 2637 2636 1305
13613 2406 2205 2315 2523
13614 1954 2605 188 426
13615 2558 2452 1937 2586
13616 1994 2326 2522 1992
13617 1994 1930 1945 2408
13618 1955 343 2378 1954
13619 1938 1939 2281 2558
13620 193 2651 2568 2505
13621 2060 354 2573 2698
13622 2550 2431 2145 2144
13623 1290 273 274 2575
13624 2408 1945 1994 1992
13625 2472 2391 2390 2247
13626 2452 1936 2454 2558
13627 2552 2627 2518 1996
13628 343 2378 428 1955
13629 193 2651 2505 2513
13630 2145 2431 2429 1961
13631 2354 2313 2682 2680
13632 2390 2249 2031 2337
13633 2664 2665 1969 2489
13634 2306 2291 2395 2393
13635 2298 1977 2655 2660
13636 430 2671 2133 429
13637 2440 2205 2204 2406
13638 188 189 1285 2606
13639 2157 2556 2560 2078
13640 2507 2521 1992 2164
13641 2341 1995 2137 2626
13642 2543 2169 2536 2194
13643 196 197 2678 2349
13644 1972 1971 2350 2453
13645 2079 2078 347 432
13646 2495 2041 2040 2412
13647 2468 2390 2498 2337
13648 2565 2197 2332 2020
13649 2011 2556 2559 2692
13650 2518 2627 2643 2302
13651 1932 390 364 2624
13652 2643 2125 2518 2302
13653 2342 2710 1951 1950
13654 2424 1943 2425 1944
13655 2218 2246 2216 2377
13656 194 195 2544 2357
13657 411 386 387 2058
13658 2608 190 2614 2398
13659 208 2601 2592 2542
13660 2079 2559 432 2691
13661 2326 193 192 2568
13662 2315 2316 2425 2523
13663 2333 2564 2332 2020
13664 2000 1999 1970 2547
13665 430 2133 345 429
13666 2423 2523 2316 2071
13667 2388 2048 2404 2005
13668 2125 2643 2353 2302
13669 2558 1939 2281 2411
13670 2006 2590 2008 2411
13671 2189 2301 2628 2643
13672 2635 198 199 2007
13673 2230 2551 2532 2235
13674 2513 2713 194 1309
13675 2675 2229 2284 2283
13676 2229 2509 2675 2067
13677 2543 2214 2169 2477
13678 2641 2242 2471 2467
13679 2459 202 2453 2452
13680 2498 2683 2493 2029
13681 2196 411 2268 2058
13682 2663 206 2430 1960
13683 2246 2133 2671 429
13684 1965 2499 2536 2537
13685 2511 2510 2199 2430
13686 2671 2525 2216 2439
13687 2411 2255 2281 2409
13688 2006 199 2007 2590
13689 2570 2272 2271 2273
13690 2421 1308 195 2713
13691 2545 2498 2704 2134
13692 2174 2546 2664 2490
13693 195 194 2713 1309
13694 1940 2657 2034 2056
13695 2073 2088 2264 2474
13696 2247 2391 2113 2410
13697 2154 2311 2310 2486
13698 2076 2410 2113 2405
13699 2551 2550 2230 2532
13700 2691 2716 2079 433
13701 2354 2309 2681 2682
13702 2596 2035 2101 2144
13703 1940 2034 2392 2032
13704 2199 1970 2511 1960
13705 2486 2310 2331 2485
13706 2344 2136 2519 2323
13707 2704 2498 2493 2134
13708 2088 2073 2645 2474
13709 1936 202 201 2452
13710 2542 208 2601 1302
13711 188 189 2606 1953
13712 2229 2675 2512 2283
13713 2472 2256 2008 2411
13714 2218 2671 2439 2377
13715 2133 2246 345 429
13716 2708 2154 353 438
13717 2108 2107 2046 2609
13718 2697 2258 2042 2666
13719 2430 206 1961 1960
13720 2696 2695 2131 2146
13721 2635 199 198 1298
13722 2221 2461 1968 2209
13723 2522 2407 1994 2408
13724 2559 431 2078 432
13725 2413 2607 2203 2440
13726 431 347 2078 432
13727 343 2378 427 428
13728 2255 2280 2281 2409
13729 2100 414 2109 2099
13730 2453 1972 1936 2452
13731 2515 1945 2408 1992
13732 1971 1938 1933 2454
13733 2291 2306 2290 2393
13734 205 206 2663 1960
13735 2331 436 2310 2486
13736 2640 2635 198 1298
13737 2486 2707 2154 2680
13738 2660 1946 2661 1978
13739 2246 1955 428 2377
13740 1948 1978 2447 2001
13741 2122 2123 2694 2275
13742 2123 2571 2010 2712
13743 1961 207 206 2428
13744 2313 2354 2311 2680
13745 2169 2364 2543 2477
13746 1930 1994 2407 2408
13747 1928 1930 1931 2407
13748 2101 2611 2596 2144
13749 2398 191 2399 2569
13750 2469 2678 197 2349
13751 2199 2431 2145 1961
13752 2408 2521 2515 1992
13753 1936 1938 2454 2558
13754 2363 2127 2424 2151
13755 2155 354 2060 2698
13756 205 1969 2665 2489
13757 2390 2472 2249 2468
13758 2657 2683 2034 2056
13759 1930 1928 2203 2413
13760 2154 2311 2486 2680
13761 2240 2000 2003 2547
13762 2331 436 2486 2485
13763 2069 2709 2509 2067
13764 2467 2242 2471 2292
13765 2451 1288 204 2490
13766 2546 1993 2174 2664
13767 2715 2130 377 2478
13768 2437 2436 2184 2182
13769 1939 2006 2281 2411
13770 2552 2626 2627 1996
13771 2238 2221 2461 2466
13772 2651 193 192 1307
13773 2303 2037 2669 2128
13774 2429 1961 2430 2428
13775 364 365 390 1932
13776 2544 195 2421 2178
13777 2459 2688 2490 1286
13778 1930 1928 2413 2407
13779 2392 2657 2032 2405
13780 2451 204 1288 1299
13781 274 1290 2575 1291
13782 2716 348 2079 433
13783 2511 1993 2000 2547
13784 2505 194 193 2513
13785 2471 2242 2007 2008
13786 2428 2592 207 2433
13787 2035 2596 2550 2144
13788 2021 2389 2015 2047
13789 2145 2431 2550 2551
13790 2423 2316 2070 2071
13791 2643 2516 2125 2353
13792 2373 330 329 2263
13793 2462 2227 2238 2239
13794 2190 1947 2298 2660
13795 2562 2049 2070 2699
13796 2521 2704 2515 2138
13797 2525 2217 2216 2439
13798 2559 2079 2011 2691
13799 2482 2484 201 2452
13800 2515 1992 2138 1944
13801 1938 1937 1939 2558
13802 2411 2558 1939 2586
13803 1943 2204 2315 2425
13804 401 2130 377 2715
13805 2316 1943 2315 2425
13806 2379 1952 1948 2359
13807 2605 2630 188 426
13808 2272 2271 2567 2570
13809 1992 2515 1945 1944
13810 2096 2571 2010 2123
13811 2508 372 2228 2300
13812 422 320 423 2092
13813 2611 2437 2510 2183
13814 2683 2392 2657 2034
13815 2336 2358 2297 2500
13816 2686 2710 2342 1950
13817 2664 1969 204 2489
13818 2682 2681 2354 2680
13819 2281 1938 2558 2409
13820 2339 2516 2194 2340
13821 2033 2390 2391 2247
13822 2484 200 2636 1304
13823 2475 2017 2295 2634
13824 2205 2299 2523 2439
13825 2699 2049 2070 2072
13826 2513 193 2651 1306
13827 2391 2033 2113 2032
13828 2665 2663 2430 1960
13829 2468 2498 2470 2347
13830 2544 2421 195 2713
13831 2047 2045 2046 2387
13832 2299 2205 2217 2439
13833 2499 1964 2192 1965
13834 2704 2164 2545 2134
13835 2219 2607 2376 2440
13836 1937 200 1939 2586
13837 2489 204 2664 2490
13838 2560 2525 2224 2671
13839 1955 428 343 2246
13840 2305 2476 2499 2655
13841 2661 2655 1977 2660
13842 401 376 2130 2696
13843 2636 200 2484 2586
13844 1928 2413 2407 2398
13845 2681 2311 2354 2680
13846 2671 2216 2246 2377
13847 1983 2147 1987 2594
13848 1970 1993 2000 2511
13849 2410 2256 2472 2411
13850 2000 1993 2003 2547
13851 2203 1928 1929 2413
13852 2130 377 376 401
13853 2561 2537 2335 2334
13854 191 2399 2397 2398
13855 2585 2142 2677 2141
13856 2064 2065 2004 2602
13857 2566 2254 1958 2015
13858 2412 2495 2041 2504
13859 2281 2008 2256 2411
13860 2496 2424 2492 2363
13861 411 2268 2374 2196
13862 2204 2315 2425 2406
13863 2328 1940 2657 1927
13864 2569 192 2399 2568
13865 2181 2197 2332 413
13866 2192 2335 2616 2537
13867 2599 2319 2176 2598
13868 2157 2560 2224 2078
13869 397 372 373 2228
13870 2666 2257 2260 2535
13871 2040 2495 2412 2497
13872 1990 2380 2449 2074
13873 1965 2192 2499 2537
13874 2191 2192 2190 2499
13875 1992 2507 2164 2163
13876 387 24 386 411
13877 2021 2565 2389 2020
13878 2156 2708 2154 2155
13879 198 1295 2640 1298
13880 2680 2313 2705 2156
13881 2024 2455 2209 2186
13882 1936 1938 1971 2454
13883 2011 2157 2078 2559
13884 406 2288 382 2633
13885 2324 442 2650 2361
13886 1993 2546 2511 2664
13887 2632 1995 2341 2626
13888 195 196 2421 2178
13889 1288 262 2701 1299
13890 2198 1968 2166 2434
13891 2593 1983 2147 1982
13892 2624 211 210 2438
13893 2293 2294 2623 2063
13894 2499 2245 2476 2305
13895 434 2009 2694 2122
13896 2438 211 210 1311
13897 209 208 2542 1302
13898 2078 2560 2133 431
13899 2453 1936 1971 2454
13900 2112 2076 2111 2412
13901 2431 2550 2611 2144
13902 2240 2003 1933 2502
13903 2582 2153 2385 1958
13904 1301 210 1311 2400
13905 2433 2592 207 1312
13906 2641 197 198 2242
13907 2188 2670 2044 2189
13908 442 2650 2361 2572
13909 2394 2306 2395 2393
13910 2033 2391 2392 2032
13911 2288 382 2633 2287
13912 2317 2480 2364 2477
13913 2515 2424 2425 1944
13914 2238 2461 2462 2466
13915 2518 2516 2517 2124
13916 2379 2380 2381 2276
13917 2623 2628 2301 2643
13918 2191 2499 2304 2305
13919 2462 2578 2227 2239
13920 2602 2343 2579 2175
13921 2548 1999 2185 2458
13922 2303 2632 2037 2341
13923 196 197 1293 2678
13924 2032 2657 1926 2405
13925 2533 2624 210 2438
13926 191 2399 1290 2397
13927 2045 1980 2387 2388
13928 2532 2542 2244 2235
13929 2145 2230 2550 2144
13930 2256 2248 2472 2008
13931 2316 2425 2523 2423
13932 2510 2199 1970 2511
13933 2624 210 1932 2533
13934 2563 2265 2114 2658
13935 2033 2249 2390 2247
13936 201 2484 2482 1304
13937 2421 196 1293 2678
13938 2099 414 2109 2609
13939 2510 2431 2611 2143
13940 2471 2472 2008 2411
13941 2027 2449 2028 2074
13942 1934 1933 1938 2504
13943 2467 2248 2472 2468
13944 2157 2556 2078 2559
13945 2047 2045 2387 2386
13946 2449 2645 2073 2474
13947 1304 2636 2653 1305
13948 2443 1991 2088 2231
13949 2502 2240 2003 2547
13950 383 384 408 2152
13951 2145 2429 2431 2551
13952 2516 2194 2536 2339
13953 2670 2627 2044 2189
13954 2221 2238 2222 2466
13955 2058 386 2052 2384
13956 1304 200 2636 1305
13957 2406 2315 2425 2523
13958 1996 2518 2552 2323
13959 2611 2550 2596 2144
13960 2008 2590 2471 2411
13961 2678 197 1293 1295
13962 2424 2496 2127 2363
13963 2680 2707 2154 2156
13964 2669 2037 2553 2128
13965 2608 2617 189 2606
13966 2484 2636 2653 1304
13967 1931 1930 1994 2407
13968 2641 197 2678 1295
13969 1969 205 204 2489
13970 2279 424 320 423
13971 1927 1926 2657 2658
13972 1996 2552 2136 2323
13973 2556 2560 2078 2559
13974 2492 2139 2496 2363
13975 2186 2023 2455 2185
13976 2004 2446 2064 2602
13977 2665 2663 205 2489
13978 2431 2510 2199 2143
13979 1976 2661 1946 1978
13980 2341 2137 2662 2626
13981 2472 2247 2248 2256
13982 2392 2683 2390 2031
13983 2133 2560 2224 2671
13984 2433 207 2428 1303
13985 1977 2655 2661 2025
13986 2306 2394 2290 2393
13987 1968 2461 2457 2209
13988 2636 200 199 1305
13989 1955 2218 2376 2377
13990 2645 2380 2449 1990
13991 2470 2498 2545 2347
13992 2319 2176 2598 2215
13993 2079 2011 2078 2559
13994 1990 2027 2449 2073
13995 2121 2345 2622 2119
13996 2597 2106 367 393
13997 2174 1969 204 2664
13998 2592 2601 208 1312
13999 2018 2017 2475 2584
14000 2449 2645 1990 2073
14001 2709 2675 2509 2067
14002 2066 2010 2571 2692
14003 1932 211 210 2624
14004 2618 2091 2274 2090
14005 2046 2333 2389 2609
14006 2195 1975 418 2581
14007 2170 2364 2543 2169
14008 2183 2437 1998 2182
14009 2706 2571 2010 2692
14010 2454 2453 1936 2452
14011 2052 2057 2384 2150
14012 2311 2310 2486 2485
14013 1969 2174 1993 2664
14014 2665 2430 2511 1960
14015 2075 2322 2084 2446
14016 2454 1938 1933 2504
14017 2637 199 1298 1305
14018 411 386 2058 2384
14019 2490 1288 203 1286
14020 2443 2088 2445 2231
14021 2406 2440 2205 2523
14022 2359 2074 2379 2276
14023 2482 1296 201 1304
14024 2566 1958 1957 1956
14025 2563 2112 2077 2497
14026 2299 2217 2524 2439
14027 2339 2124 2516 2340
14028 430 2133 2560 431
14029 2237 2116 2188 2646
14030 2328 2657 2662 1927
14031 2175 2579 2602 2599
14032 2185 1998 1999 2548
14033 190 2614 2398 1291
14034 2235 209 208 2542
14035 2546 2003 1993 2547
14036 2683 2498 2390 2031
14037 2143 2199 2431 2145
14038 2122 2694 2693 2275
14039 2014 2386 2655 2025
14040 1998 2510 2437 2183
14041 2002 2004 2447 2446
14042 2346 2259 2291 2654
14043 2696 2131 2129 2146
14044 2154 2311 2680 2156
14045 2704 2521 2507 2164
14046 412 411 2374 2196
14047 2676 2072 2422 2127
14048 2269 1983 1984 2589
14049 2157 2556 2011 2692
14050 2654 2257 2259 2666
14051 195 196 1308 2421
14052 2681 2311 2275 2273
14053 2033 2390 2249 2031
14054 2445 2088 2645 2474
14055 2079 2706 2691 433
14056 2303 2128 2496 2127
14057 2518 2519 2552 2323
14058 2599 2176 2175 2581
14059 1974 2367 323 2348
14060 2078 2133 346 431
14061 2244 2243 2531 2532
14062 2699 2070 2562 2422
14063 2597 2415 2106 393
14064 2050 2157 2066 2555
14065 2198 2457 1968 2435
14066 2164 2507 2704 2545
14067 2428 207 206 1303
14068 2308 2261 2260 2534
14069 2404 2048 2121 2005
14070 2415 2596 2036 2436
14071 2543 2214 2477 2536
14072 2175 2579 2599 2581
14073 2677 2361 2574 2141
14074 2041 1934 2409 2504
14075 17 364 389 2624
14076 2003 2546 2502 2547
14077 2506 2507 2505 2163
14078 2523 2440 2205 2439
14079 364 17 211 2624
14080 2565 2389 2566 2021
14081 2399 192 191 1290
14082 2499 2304 2305 2655
14083 2516 2518 2125 2124
14084 1978 2660 1946 1948
14085 1959 2621 2057 2385
14086 2271 2681 2570 2273
14087 2511 1969 1993 2664
14088 204 203 2174 2490
14089 1998 2185 2456 2548
14090 2042 2260 2553 2666
14091 2342 2684 2686 2360
14092 2319 2599 2600 2598
14093 2385 1959 2621 2565
14094 207 208 2592 2110
14095 2255 2410 2076 2409
14096 2543 2169 2194 2193
14097 2424 2423 2425 2151
14098 326 2132 2366 2097
14099 2533 2244 2531 2532
14100 2246 2133 2216 2671
14101 2490 2688 1288 1286
14102 2216 2217 2525 2224
14103 2532 2243 2230 2235
14104 1979 2447 2388 1976
14105 2654 2346 2257 2535
14106 2387 2108 2046 2609
14107 2610 2620 2642 2081
14108 2235 209 2542 2244
14109 2230 2035 2550 2144
14110 1971 2453 2454 2502
14111 2376 2219 2218 1955
14112 1956 2385 2566 2565
14113 2070 2699 2072 2422
14114 2685 2686 2684 2360
14115 419 1975 2370 2348
14116 2222 2238 2462 2466
14117 2686 2685 2165 2360
14118 2088 2445 2264 2474
14119 2274 2620 2618 2090
14120 2425 1943 2424 2151
14121 2077 2412 2563 2497
14122 2564 2565 2332 2020
14123 2697 2042 2553 2666
14124 2046 2107 2333 2609
14125 2572 2361 2574 2677
14126 2009 2712 2694 2122
14127 2596 2436 2611 2101
14128 2567 2096 2272 2570
14129 2440 2203 2413 2406
14130 2511 2000 1970 2547
14131 2281 2006 2008 2411
14132 2325 358 2417 443
14133 2127 2422 2424 2151
14134 2554 2556 2560 2224
14135 2099 2362 2097 2365
14136 2511 2546 1993 2547
14137 2265 1925 2114 2658
14138 2154 2310 437 2486
14139 2708 353 2154 2155
14140 2437 2184 2185 1998
14141 2202 2457 1968 2198
14142 2134 2498 2029 2347
14143 2700 2708 2707 2156
14144 2412 2076 2111 2405
14145 2655 2013 2673 2014
14146 2077 2115 2040 2497
14147 2524 2523 2299 2439
14148 208 207 2592 1312
14149 2210 2444 2262 2231
14150 2184 2436 2102 2101
14151 2050 2049 2053 2557
14152 2313 2705 2682 2680
14153 413 2197 2332 2564
14154 2716 2079 347 432
14155 1932 2244 2531 2533
14156 2475 2017 2634 2584
14157 2293 2623 2294 2659
14158 2398 2397 191 1291
14159 2608 189 190 1929
14160 2018 2016 2017 2584
14161 2104 2289 2393 2403
14162 2411 2410 2255 2409
14163 2617 189 1292 2608
14164 2447 2660 1978 1948
14165 405 2296 381 2634
14166 2130 401 2696 2715
14167 1984 421 2269 2589
14168 436 2331 2693 2485
14169 2378 427 2605 1954
14170 432 2716 2079 2691
14171 2449 2001 2447 2084
14172 2310 2311 2275 2485
14173 2489 2663 205 1300
14174 410 24 387 411
14175 2055 2676 2042 2128
14176 2017 2019 2288 2634
14177 2161 2557 2667 2051
14178 2151 1943 2424 1944
14179 2508 2465 371 2300
14180 390 1932 2531 2624
14181 2478 2356 2327 2479
14182 2038 2261 2136 2534
14183 2704 2492 2138 2135
14184 2244 2243 1932 2531
14185 2316 2423 2070 2151
14186 2541 2537 2334 2087
14187 2185 2023 2456 2458
14188 2247 2391 2033 2113
14189 2341 2662 2632 2626
14190 17 389 2629 2624
14191 2111 2112 2412 2405
14192 2222 371 2465 2300
14193 2455 2457 2209 2186
14194 2199 2510 2431 2430
14195 2414 2105 2415 393
14196 1300 205 2489 1299
14197 2523 2423 2562 2071
14198 2612 2121 2622 2119
14199 2666 2260 2553 2534
14200 2489 205 204 1299
14201 2687 264 263 1297
14202 321 320 422 2092
14203 2205 2203 2219 2440
14204 346 347 2078 431
14205 2503 2495 1935 2458
14206 2523 2299 2316 2071
14207 2284 2675 2578 2266
14208 357 2325 2650 443
14209 1980 2048 2387 2388
14210 2666 2654 2257 2535
14211 1293 2702 2678 1295
14212 2145 2551 2235 2110
14213 2113 2255 2256 2410
14214 2496 2676 2422 2127
14215 1988 1990 2380 2644
14216 2257 2308 2260 2535
14217 2133 2560 2671 430
14218 1997 2626 1995 1996
14219 2288 382 381 406
14220 377 401 2715 2478
14221 2555 2157 2066 2692
14222 438 2154 352 437
14223 2565 1956 1959 2020
14224 2650 2325 357 2324
14225 2226 2623 2061 2063
14226 2080 1949 2530 1950
14227 2422 2070 2423 2151
14228 2629 211 17 2624
14229 2259 2654 2666 2395
14230 2170 2364 2480 2543
14231 2548 2185 2456 2458
14232 1933 1971 2454 2502
14233 1993 2174 2350 2546
14234 2226 2487 2460 2225
14235 2106 1942 2036 2597
14236 2549 2243 2230 2532
14237 2361 2574 2141 2059
14238 2641 198 197 1295
14239 2558 1938 2454 2504
14240 2542 2244 2533 2532
14241 2079 2009 2706 433
14242 2531 365 391 2250
14243 2232 2210 2604 2207
14244 2519 2518 2344 2323
14245 2488 2623 2226 2063
14246 2462 2512 2239 2300
14247 2273 2681 2311 2354
14248 2383 408 384 2152
14249 2665 2511 1969 1960
14250 2502 1933 2240 2503
14251 2694 2712 2009 434
14252 2428 206 2663 2432
14253 2382 2449 2380 2074
14254 2330 2647 2129 2146
14255 2058 2052 2057 2384
14256 2666 2667 2259 2395
14257 2025 1980 2661 1976
14258 2513 194 193 1306
14259 1303 2433 207 1312
14260 201 1296 2482 1287
14261 1962 2477 2214 2536
14262 2265 2111 1926 2405
14263 428 344 343 2246
14264 2713 1308 195 1309
14265 2218 2216 2217 2439
14266 2095 2567 2306 2395
14267 2004 2447 2448 1979
14268 2456 2437 1998 2548
14269 1293 1308 196 2421
14270 2509 397 373 2228
14271 2711 1951 2710 1950
14272 2432 2428 206 1303
14273 2405 2657 1926 2658
14274 2556 2554 2157 2224
14275 415 2362 2622 2714
14276 387 2268 411 2058
14277 439 2155 2708 2698
14278 2565 2332 2197 2564
14279 2484 201 200 1304
14280 2524 2053 2049 2557
14281 2210 2604 2444 2232
14282 2127 2072 2422 2151
14283 2693 435 2122 2331
14284 2327 377 2130 2478
14285 2254 1958 2582 2566
14286 2118 2132 416 417
14287 2439 2376 2218 2377
14288 2415 2106 2036 2597
14289 2496 2422 2424 2127
14290 2554 2050 2053 2557
14291 2075 2322 2446 2474
14292 376 2131 2130 2696
14293 2037 2039 2632 2553
14294 2211 2215 2241 2603
14295 2127 2496 2318 2139
14296 2009 348 434 433
14297 2596 2035 2036 2101
14298 2126 2517 2518 2344
14299 2668 2056 1940 2328
14300 411 24 386 2384
14301 417 2375 418 2120
14302 2641 2678 2702 1295
14303 2343 2579 2117 2119
14304 2125 2518 2516 2643
14305 2072 2676 2128 2127
14306 2275 2311 2681 2485
14307 2036 2102 2415 2436
14308 2399 192 1290 1307
14309 2456 2186 2455 2185
14310 2010 2066 2011 2692
14311 438 2707 2154 437
14312 2313 2165 2312 2705
14313 2036 2596 2415 2597
14314 2585 2140 2142 2141
14315 2116 2115 2497 2236
14316 2155 2708 353 439
14317 2387 2048 2404 2388
14318 2385 2057 1959 1957
14319 2594 1984 1983 2589
14320 2139 2127 2496 2363
14321 2041 2076 2412 2409
14322 2033 2392 2034 2032
14323 2196 2621 1959 2565
14324 191 190 2398 1291
14325 2363 2424 2492 1944
14326 2024 2455 2463 2209
14327 203 204 1288 2490
14328 2084 2449 2075 2446
14329 2404 2448 2388 2005
14330 2312 2165 2686 2705
14331 1926 1927 1925 2658
14332 2389 2564 2333 2020
14333 2266 2267 2674 2063
14334 2496 2491 2318 2139
14335 1948 2660 1952 2379
14336 2380 2379 2074 2276
14337 2509 2228 2069 2229
14338 2281 2558 2411 2409
14339 2667 2557 2697 2051
14340 2389 2015 2566 2021
14341 1312 2601 208 1302
14342 2253 2319 2473 2600
14343 2198 2102 2184 2435
14344 438 353 2708 439
14345 1993 2350 2003 2546
14346 437 2707 2154 2486
14347 2154 2310 352 437
14348 2182 2143 2611 2144
14349 2447 2660 1948 2382
14350 2509 2228 2229 2300
14351 381 380 2296 405
14352 2138 2492 2515 1944
14353 2305 2304 2252 2655
14354 2271 2681 2394 2570
14355 2342 2686 2165 2360
14356 2039 2037 2038 2553
14357 2525 2217 2053 2224
14358 2456 2455 2023 2185
14359 2572 2574 2361 2059
14360 2665 1969 205 1960
14361 2044 1925 1927 2670
14362 2265 2563 2405 2658
14363 2692 2559 2011 2691
14364 2244 1932 210 2533
14365 2659 2293 2623 2674
14366 2397 1290 191 1291
14367 1977 2298 1946 2660
14368 2334 2561 2537 2541
14369 2193 2516 2543 2659
14370 2665 1969 2511 2664
14371 2394 2681 2271 2273
14372 2595 2589 2593 1982
14373 2307 2355 2308 2535
14374 2675 2509 2229 2512
14375 2306 2271 2567 2095
14376 2676 2042 2697 2055
14377 2517 2519 2344 2086
14378 2436 2596 2036 2101
14379 2497 2115 2022 2494
14380 2184 2102 2436 2435
14381 329 2373 2263 2180
14382 352 353 2154 438
14383 2427 2461 2457 1968
14384 2448 2404 2121 2005
14385 371 2465 396 2464
14386 2043 2302 2627 2026
14387 2250 391 2531 2625
14388 2220 2461 2221 2209
14389 421 420 2269 2589
14390 2134 2704 2164 2135
14391 2222 2465 371 1966
14392 430 346 2133 431
14393 2497 2116 2236 2646
14394 2549 2250 2531 2625
14395 2645 1991 2088 2443
14396 2538 2652 2613 2159
14397 1975 2195 1973 2581
14398 1989 1988 1951 2644
14399 2218 2217 2205 2439
14400 2497 2022 2495 2494
14401 2445 2645 2088 2443
14402 2005 2121 2448 2065
14403 412 2197 413 2565
14404 2410 2391 2113 2405
14405 2390 2391 2392 2033
14406 2496 2318 2303 2127
14407 2638 267 266 1298
14408 2553 2676 2669 2128
14409 2405 1926 2265 2658
14410 2314 2313 2312 2705
14411 2567 2271 2394 2570
14412 2550 2549 2230 2532
14413 2449 2382 2028 2074
14414 2480 2364 2170 2317
14415 2582 2633 2152 2286
14416 2460 2487 2520 2225
14417 2710 2686 2711 1950
14418 1932 365 390 2531
14419 2596 2036 1942 2597
14420 2001 2447 1948 2382
14421 2542 2401 209 1302
14422 2197 412 2196 2565
14423 2178 2544 195 2357
14424 417 418 2580 2120
14425 2308 2307 2535 2168
14426 2388 2448 2447 1979
14427 2240 1999 2547 2458
14428 2142 2441 2233 2585
14429 2283 2512 2229 2239
14430 2456 2437 2184 2185
14431 2384 409 385 2150
14432 1967 2426 369 2414
14433 407 2383 2633 2152
14434 2599 2473 2319 2600
14435 2612 2117 2579 2119
14436 2532 2551 2542 2235
14437 2342 2140 2684 2141
14438 2113 2255 2410 2076
14439 2475 2317 2514 2321
14440 2603 2262 2241 2210
14441 2547 2502 2240 2503
14442 2690 2050 2066 2555
14443 348 2009 2079 433
14444 2099 2362 415 2714
14445 349 2009 434 2122
14446 2712 2123 2571 2570
14447 2218 1955 2246 2377
14448 2622 2345 2118 2119
14449 2668 1940 2657 2328
14450 2277 2379 2381 2276
14451 2059 354 2573 2060
14452 2312 2530 1950 2251
14453 2463 2220 2460 2225
14454 2074 2379 2382 2359
14455 2463 2460 2520 2225
14456 2456 2437 2185 1998
14457 442 356 441 2572
14458 2331 2122 2693 2275
14459 2086 2517 2541 2087
14460 391 390 365 2531
14461 1999 2000 2240 2547
14462 1300 2450 261 1299
14463 1934 2041 1935 2504
14464 2221 2427 2466 1966
14465 2694 2123 2570 2275
14466 2060 2165 2155 2698
14467 2410 2076 2412 2405
14468 2096 2571 2123 2570
14469 2057 2621 1959 2196
14470 2675 2284 2674 2266
14471 416 2362 2622 415
14472 2115 2497 2236 2187
14473 2444 2262 2445 2210
14474 2381 2380 2711 1949
14475 2705 2314 2313 2682
14476 2657 2683 2056 2668
14477 410 2268 2374 411
14478 2554 2560 2525 2224
14479 2447 2449 2084 2446
14480 2154 2708 2707 438
14481 2627 2626 1997 1996
14482 2293 2674 2267 2063
14483 2345 2362 2099 2714
14484 2111 2113 2032 2405
14485 2706 2010 2571 2712
14486 2197 2196 1959 2565
14487 2495 2023 1935 2458
14488 1982 2147 2595 2160
14489 2331 2310 2275 2485
14490 1973 2175 2176 2581
14491 371 372 397 2508
14492 2161 2667 2557 2690
14493 2004 2002 2084 2446
14494 2621 411 2196 2058
14495 2564 2389 2565 2020
14496 2250 2243 1941 2549
14497 410 387 2268 411
14498 2004 2448 2447 2446
14499 2142 2233 2149 2585
14500 1958 2385 2582 2566
14501 2604 2416 2444 2232
14502 412 2621 2196 2565
14503 2403 2167 2104 2168
14504 2307 2167 2403 2168
14505 2048 2108 2046 2387
14506 2310 436 437 2486
14507 2054 2161 2667 2051
14508 2656 1927 2657 2658
14509 2674 2293 2623 2063
14510 2122 435 350 2331
14511 2030 2056 2683 2491
14512 2023 2185 1999 2458
14513 2421 1293 2420 2678
14514 2518 2126 2344 2323
14515 2699 2697 2557 2051
14516 1926 1940 2657 2032
14517 2050 2053 2157 2554
14518 2705 2700 2680 2156
14519 2241 2264 2445 2600
14520 2392 2657 2034 1940
14521 2512 2462 2508 2300
14522 2351 1963 2536 1965
14523 2354 2313 2314 2682
14524 191 190 1928 2398
14525 2712 2009 2123 2122
14526 2714 415 2099 2609
14527 2049 2699 2051 2072
14528 2232 2604 2416 2207
14529 2709 398 374 2069
14530 2598 2215 2211 2603
14531 2528 2338 2290 2393
14532 2097 2362 416 2365
14533 415 414 2099 2609
14534 2548 1970 1999 2547
14535 2510 2199 2183 1970
14536 2113 2391 2032 2405
14537 2460 2227 2226 2225
14538 2489 2450 1300 1299
14539 2705 2165 2686 2700
14540 2706 2010 2011 2692
14541 2564 2332 2109 2333
14542 2457 2427 1968 2435
14543 2310 351 352 437
14544 2495 2022 2023 2455
14545 358 444 2417 443
14546 2563 2412 2112 2405
14547 1932 364 211 2624
14548 2159 2613 2538 2207
14549 2138 2492 2139 2135
14550 2633 406 2288 2634
14551 2230 2035 2549 2550
14552 2098 2099 2097 2365
14553 2392 2657 1940 2032
14554 2530 2312 2529 2251
14555 2266 2578 2284 2283
14556 2632 2037 2553 2669
14557 2284 2229 2675 2067
14558 2015 2254 2013 2583
14559 2662 2137 2328 1927
14560 2442 2142 2234 2324
14561 2655 2252 2013 2014
14562 2135 2493 2030 2029
14563 2001 2002 2447 2084
14564 2461 2220 2463 2209
14565 2157 2050 2554 2555
14566 2511 1970 1969 1960
14567 2598 1981 1982 2215
14568 2383 2633 2152 2582
14569 2024 2023 2022 2455
14570 1971 1933 2003 2502
14571 2060 2685 2165 2698
14572 1989 1990 2645 1991
14573 2387 2046 2389 2609
14574 2473 2322 2253 2600
14575 2656 2626 2137 1997
14576 2455 2495 2022 2494
14577 2128 2669 2303 2496
14578 2038 2553 2534 2552
14579 2654 2259 2291 2395
14580 2485 2486 2311 2680
14581 2679 417 2580 2120
14582 2497 2115 2494 2187
14583 2383 385 409 2150
14584 2638 2640 1294 1298
14585 2053 2524 2554 2557
14586 2701 1289 1288 2688
14587 2129 2130 2715 2173
14588 2049 2071 2053 2524
14589 2444 2445 2262 2231
14590 2456 2023 2455 2458
14591 411 412 2621 2196
14592 2535 2307 2403 2168
14593 2461 2221 2427 2466
14594 2519 2517 2541 2086
14595 431 2078 2560 2559
14596 2460 2488 2487 2226
14597 2654 2346 2535 2168
14598 1936 201 1937 2452
14599 440 354 2573 2059
14600 2089 1985 1987 2594
14601 2566 1957 2385 1956
14602 2457 2463 2455 2209
14603 2379 1948 2382 2359
14604 179 188 1285 2630
14605 2200 2616 2335 2561
14606 2227 2460 2462 2238
14607 2533 210 1301 2400
14608 2613 2652 2206 2159
14609 2244 2243 2532 2235
14610 2290 2394 2528 2393
14611 2316 2315 2299 2523
14612 2628 2487 2237 2646
14613 2189 2670 2627 2628
14614 2260 2666 2535 2534
14615 2697 2054 2258 2666
14616 2099 2362 2365 415
14617 2065 2448 2004 2602
14618 1932 2531 2624 2533
14619 2332 2181 413 2564
14620 2618 2620 2610 2090
14621 2176 2588 2599 2598
14622 1955 2376 2378 2377
14623 2148 2367 323 1974
14624 2649 2709 2068 2067
14625 2704 2492 2515 2138
14626 1301 209 2533 2401
14627 2417 2208 358 2325
14628 2695 375 2131 2068
14629 2668 2657 2662 2328
14630 2340 2516 2194 2193
14631 2379 2277 2201 2276
14632 1973 1981 1974 2587
14633 2661 2447 2660 1978
14634 2099 2107 2345 2714
14635 2297 2295 2475 2321
14636 1926 2657 1940 1927
14637 2202 2456 2184 2185
14638 2677 2142 2361 2141
14639 2578 2512 2675 2283
14640 2699 2055 2051 2072
14641 2070 2562 2423 2071
14642 2220 2461 2460 2238
14643 2649 2068 2146 2067
14644 1970 1969 1993 2511
14645 2258 2054 2259 2666
14646 2123 2010 2009 2712
14647 2580 2679 2120 2117
14648 1946 2661 1977 2660
14649 2139 2496 2491 2492
14650 2642 2610 2081 2540
14651 2571 2689 2094 2690
14652 1941 2243 2230 2549
14653 2172 418 2375 2120
14654 1998 2183 1970 2548
14655 371 372 2508 2300
14656 2197 413 2565 2564
14657 2462 2578 2460 2227
14658 2503 2240 2547 2458
14659 414 2564 2109 2609
14660 2645 1990 1989 2644
14661 2588 2176 1981 2215
14662 2094 2066 2571 2690
14663 2679 2622 2118 2119
14664 2702 2641 1295 2640
14665 2310 436 351 437
14666 2264 2445 2262 2241
14667 2053 2554 2525 2224
14668 2630 179 188 426
14669 2071 2049 2562 2524
14670 2206 2613 2159 2207
14671 356 442 2361 2572
14672 2251 2314 2529 2338
14673 2022 2024 2455 2494
14674 2124 2125 2516 2340
14675 2118 2132 417 2120
14676 2128 2676 2669 2496
14677 2680 2311 2313 2156
14678 2109 2107 2099 2609
14679 2616 1952 2660 2379
14680 2555 2556 2157 2692
14681 2620 2610 2090 2081
14682 2446 2449 2075 2474
14683 2488 2460 2227 2226
14684 2305 2252 2476 2655
14685 2117 2612 2679 2119
14686 2324 356 442 2361
14687 2394 2681 2273 2309
14688 2036 2102 2106 2415
14689 1982 2589 1981 2598
14690 1927 2657 2662 2656
14691 2426 2464 2427 1967
14692 2533 209 2244 2542
14693 2401 209 2533 2542
14694 2234 2417 2418 2325
14695 2120 418 2580 2195
14696 2123 2272 2096 2570
14697 2384 2383 409 2150
14698 353 354 2155 439
14699 2404 2714 2108 2609
14700 2436 2036 2102 2101
14701 2674 2488 2266 2063
14702 2594 421 1984 2589
14703 2492 2704 2493 2135
14704 2382 2001 2447 2449
14705 2651 193 1307 1306
14706 1998 2437 2510 2548
14707 2295 2501 2297 2475
14708 2477 2317 2480 2514
14709 2525 2524 2217 2439
14710 2057 2385 2150 1957
14711 1980 2048 2388 2005
14712 2285 2081 2083 2540
14713 2446 2004 2448 2602
14714 2233 2441 2443 2585
14715 1970 2183 2510 2548
14716 2333 2109 2564 2609
14717 408 407 383 2152
14718 2387 2389 2047 2386
14719 2448 2121 2612 2065
14720 2629 17 211 1310
14721 2361 2650 2442 2572
14722 406 381 2288 2634
14723 2583 2476 2252 2655
14724 2669 2632 2037 2303
14725 206 205 2663 1300
14726 2312 2530 2686 1950
14727 2656 1925 1927 2658
14728 2004 2448 2005 1979
14729 2566 2254 2015 2583
14730 2700 2708 2156 2155
14731 2668 2318 2056 2328
14732 2603 2445 2262 2210
14733 2201 2277 2379 2526
14734 2386 2661 2655 2025
14735 2599 2588 2176 2581
14736 2570 2693 2694 2275
14737 1941 2250 2549 2625
14738 2685 2686 2165 2700
14739 2182 2611 2101 2144
14740 2057 2621 2058 2384
14741 2501 2297 2296 2295
14742 2409 2412 2041 2504
14743 434 435 349 2122
14744 1954 15 427 426
14745 2589 2588 1981 2598
14746 2056 1940 2657 2668
14747 2139 2493 2030 2135
14748 2260 2553 2038 2042
14749 2443 2149 2233 2585
14750 2668 2669 2318 2328
14751 2312 2686 2530 2529
14752 2554 2050 2557 2555
14753 2037 2632 2039 2341
14754 1290 2577 2399 1307
14755 2504 2495 1935 2503
14756 2112 2115 2077 2497
14757 2289 2654 2291 2393
14758 435 350 349 2122
14759 2296 2288 381 2634
14760 2566 2582 2254 2583
14761 2058 2621 411 2384
14762 390 389 364 2624
14763 2107 2108 2345 2714
14764 368 2106 2415 393
14765 2106 368 2415 2105
14766 2177 2195 2580 2581
14767 2587 2269 420 2589
14768 2267 2674 2284 2266
14769 2038 2553 2260 2534
14770 2166 1967 369 2414
14771 2291 2346 2654 2289
14772 2491 2683 2030 2493
14773 2492 2493 2139 2135
14774 2528 2314 2309 2290
14775 2690 2066 2571 2692
14776 2695 2131 375 2696
14777 440 2573 354 439
14778 1983 2593 2589 1982
14779 2239 2512 2229 2300
14780 2689 2093 2094 2161
14781 2465 2508 2222 2300
14782 2380 2379 2382 2074
14783 2539 2604 2211 2158
14784 2700 2707 2680 2156
14785 2461 2220 2221 2238
14786 2030 2318 2056 2491
14787 2072 2070 2422 2151
14788 2237 2062 2061 2487
14789 2663 2489 2450 1300
14790 2059 2574 2141 2060
14791 2049 2562 2524 2557
14792 1954 188 15 426
14793 2696 2649 2695 2146
14794 398 373 374 2069
14795 2528 2309 2314 2682
14796 2114 2112 2563 2497
14797 2496 2128 2676 2127
14798 2184 2436 2437 2435
14799 2261 2136 2534 2519
14800 2595 2147 2593 2160
14801 2071 2562 2523 2524
14802 2109 2181 414 2100
14803 2365 2362 416 415
14804 2554 2053 2157 2224
14805 2684 2342 2141 2360
14806 2388 1980 2661 2025
14807 2224 2560 2133 2078
14808 2161 2094 2689 2690
14809 2133 345 346 430
14810 2314 2528 2529 2338
14811 2066 2690 2555 2692
14812 2633 383 407 2152
14813 2423 2562 2070 2422
14814 2517 2519 2518 2344
14815 2309 2306 2394 2290
14816 2523 2299 2071 2524
14817 2251 2529 2527 2338
14818 2237 2062 2487 2628
14819 273 2577 1290 1307
14820 2612 2404 2121 2448
14821 2701 262 2451 1299
14822 2044 2656 1927 1997
14823 2457 2461 2463 2209
14824 2564 2109 2181 414
14825 2571 2010 2066 2096
14826 2445 2262 2088 2264
14827 2212 2648 2171 2330
14828 2009 348 349 434
14829 1968 2427 2166 2434
14830 1973 2176 1981 2588
14831 2531 2243 2250 2549
14832 2385 2383 2150 2153
14833 2308 2257 2346 2535
14834 2241 2211 2603 2210
14835 2598 2600 2319 2215
14836 2336 2297 2501 2500
14837 2198 2202 2457 2435
14838 2694 435 434 2122
14839 2024 2022 2115 2494
14840 2240 1933 1935 2503
14841 2520 2236 2497 2187
14842 385 2052 2384 2150
14843 2614 190 1292 1291
14844 2711 2380 1988 1949
14845 2309 2354 2314 2682
14846 434 2706 2009 433
14847 2393 2402 2104 2403
14848 2259 2054 2667 2666
14849 2042 2553 2037 2128
14850 416 2132 2118 2366
14851 2577 2651 2399 1307
14852 2711 1988 2380 2644
14853 2632 2669 2662 2341
14854 2517 2537 2541 2087
14855 1309 194 2513 1306
14856 2361 2442 2142 2677
14857 2533 210 209 1301
14858 2130 2131 2129 2696
14859 2430 1961 2199 1960
14860 2117 2679 2612 2579
14861 2434 2436 2102 2435
14862 2448 2388 2005 1979
14863 2333 2564 2389 2609
14864 2234 2441 2142 2442
14865 2338 2528 2527 2393
14866 2139 2492 2138 1944
14867 2387 2404 2108 2609
14868 2221 2427 1966 1968
14869 2195 418 2580 2581
14870 1990 2645 2380 2644
14871 2086 2344 2517 2085
14872 2549 2035 2596 2550
14873 2186 2457 2202 2456
14874 417 416 2118 2679
14875 1982 2595 2589 2598
14876 2046 2389 2047 2387
14877 2062 2061 2623 2063
14878 2416 2417 2418 2234
14879 2246 428 429 2377
14880 2054 2258 2042 2697
14881 2328 2662 2669 2341
14882 2220 2460 2461 2463
14883 1285 189 1292 2617
14884 2306 2567 2394 2395
14885 2228 2509 2508 2300
14886 2515 2492 2424 1944
14887 2673 2015 2389 2047
14888 2107 2108 2714 2609
14889 1951 1988 2711 2644
14890 2283 2227 2578 2239
14891 1980 2045 2386 2388
14892 2604 2538 2416 2207
14893 2656 2137 1927 1997
14894 2542 2601 2401 1302
14895 2286 2633 2019 2584
14896 2574 2685 2684 2360
14897 2706 2011 2079 2691
14898 2493 2030 2491 2139
14899 2520 2497 2494 2187
14900 2142 2233 2441 2234
14901 2491 2030 2318 2139
14902 1949 2381 2380 2276
14903 2491 2056 2683 2668
14904 2393 2289 2654 2403
14905 2109 2333 2107 2609
14906 404 379 2336 2500
14907 2683 2056 2030 2031
14908 2343 2612 2579 2119
14909 2325 2417 2418 443
14910 2023 2495 2455 2458
14911 405 2501 2296 2634
14912 2176 2588 2598 2215
14913 2159 2540 2083 2158
14914 2104 2289 2403 2168
14915 2578 2462 2512 2239
14916 381 406 405 2634
14917 17 389 388 2629
14918 377 2327 378 2478
14919 2669 2303 2328 2341
14920 2548 2511 1970 2547
14921 2196 2263 412 2197
14922 2141 2574 2684 2360
14923 2381 2402 2103 2080
14924 2097 327 2098 2365
14925 367 392 2597 393
14926 2062 2061 2487 2623
14927 2011 2066 2157 2692
14928 2106 368 367 393
14929 2572 441 440 2059
14930 2147 1983 2593 2594
14931 2296 380 2501 405
14932 1998 2437 2184 2182
14933 2628 2237 2188 2646
14934 2047 2333 2389 2046
14935 2012 2386 2014 2025
14936 2709 2649 2675 2067
14937 2424 2363 2151 1944
14938 2553 2042 2676 2128
14939 2670 2044 1925 2188
14940 2475 2295 2501 2634
14941 2126 2518 2517 2124
14942 2277 2381 2379 2526
14943 403 2479 2358 2500
14944 1976 1979 2447 1978
14945 2161 2050 2557 2051
14946 432 2716 2691 433
14947 2623 2643 2294 2659
14948 2333 2021 2389 2020
14949 2081 2285 2642 2540
14950 2578 2675 2284 2283
14951 2094 2571 2066 2096
14952 2312 2686 2165 2342
14953 2200 2201 2526 2167
14954 2394 2681 2309 2682
14955 2650 2325 2418 443
14956 2520 2220 2463 2225
14957 2181 2332 2109 2564
14958 2208 2417 2234 2325
14959 2275 2693 2331 2485
14960 2445 2444 2443 2231
14961 2455 2457 2186 2456
14962 392 366 367 1942
14963 2079 2009 2011 2706
14964 2161 2050 2066 2690
14965 2402 2167 2104 2403
14966 2175 2177 2579 2581
14967 2658 2656 1925 2670
14968 2012 2045 2047 2386
14969 2434 2102 2198 2435
14970 2287 2633 2019 2286
14971 2697 2054 2667 2051
14972 2231 2210 2444 2232
14973 2704 2138 2164 2135
14974 2084 2002 2447 2446
14975 2366 2132 2118 2097
14976 1958 1957 2385 2566
14977 2068 2695 2649 2146
14978 1997 2026 2627 1996
14979 2384 2385 2383 2150
14980 2572 2442 2361 2677
14981 2710 2140 2684 2342
14982 2477 2475 2476 2213
14983 2104 2290 2338 2393
14984 2197 2263 412 413
14985 2669 2632 2303 2341
14986 2183 1998 2510 2548
14987 2299 2315 2205 2523
14988 2234 2418 2442 2324
14989 2648 2649 2329 2674
14990 2013 2673 2583 2655
14991 2572 2573 2574 2059
14992 2136 2038 2534 2552
14993 404 2336 2501 2500
14994 2032 2391 2392 2405
14995 2535 2346 2308 2168
14996 443 2650 357 442
14997 2153 2150 2385 1957
14998 2065 2343 2612 2602
14999 2528 2309 2394 2290
15000 2530 2080 1950 2251
15001 2208 2417 2416 2234
15002 2347 2498 2029 2337
15003 2474 2445 2264 2600
15004 1300 2663 206 2432
15005 2660 1948 2382 2379
15006 2284 2675 2329 2067
15007 2324 2650 2442 2361
15008 2656 1927 1925 2670
15009 378 2327 2356 2479
15010 2366 416 2132 417
15011 2491 2318 2056 2668
15012 2492 2139 2363 1944
15013 2165 2700 2155 2698
15014 2196 2057 2621 2058
15015 2098 2372 2100 415
15016 416 2118 2362 2097
15017 2198 2166 2102 2434
15018 2655 2673 2386 2014
15019 1999 2240 2023 2458
15020 429 2671 2246 2377
15021 1970 1999 1998 2548
15022 2588 1973 2176 2581
15023 2595 2593 2147 1982
15024 2622 2118 2362 416
15025 2640 2635 1298 2637
15026 2066 2094 2161 2690
15027 2457 1968 2209 2202
15028 2676 2042 2553 2697
15029 2158 2604 2210 2207
15030 1289 1288 263 2701
15031 2460 2461 2462 2238
15032 2230 2035 1941 2549
15033 2529 2314 2312 2705
15034 2583 2252 2013 2655
15035 2529 2528 2527 2338
15036 2088 2262 2445 2231
15037 407 408 2383 2152
15038 2129 2130 2696 2715
15039 2649 2647 2330 2146
15040 2487 2236 2237 2646
15041 2212 2293 2648 2330
15042 2069 2068 2709 2067
15043 2385 2383 2153 2582
15044 2064 2320 2343 2602
15045 2689 2567 2571 2094
15046 275 2631 1284 2615
15047 2628 2062 2487 2623
15048 2402 2103 2080 2104
15049 2303 2318 2669 2328
15050 2667 2054 2697 2666
15051 329 2373 2180 2371
15052 2111 2032 1926 2405
15053 2143 2510 2199 2183
15054 2117 2120 2580 2195
15055 2139 2491 2493 2492
15056 2633 2287 2152 2286
15057 2137 2662 2626 2656
15058 2225 2220 2460 2238
15059 2494 2115 2024 2187
15060 2658 2114 2563 2591
15061 2184 2437 2456 2435
15062 2283 2578 2512 2239
15063 2105 2166 369 2414
15064 2342 2312 2686 1950
15065 2140 2710 2585 2644
15066 2286 2582 2633 2584
15067 2601 2592 2433 1312
15068 2188 2114 1925 2591
15069 2059 2573 2574 2060
15070 398 2709 2509 2069
15071 2036 1942 2035 2596
15072 2314 2528 2338 2290
15073 2420 1293 2702 2678
15074 2675 2649 2329 2067
15075 2384 2057 2385 2150
15076 2552 2534 2136 2519
15077 2208 358 444 2417
15078 2535 2308 2260 2534
15079 2121 2622 2404 2612
15080 2445 2241 2600 2603
15081 2652 2538 2540 2159
15082 2159 2538 2540 2158
15083 2075 2449 2073 2474
15084 2712 2706 2009 434
15085 2530 2711 2686 1950
15086 395 394 369 2426
15087 2598 2588 1981 2215
15088 2009 2010 2011 2706
15089 2412 2112 2077 2563
15090 351 2331 436 2310
15091 2520 2220 2225 2187
15092 2695 2649 2709 2068
15093 2083 2540 2539 2158
15094 2105 368 2415 393
15095 2351 2536 2194 2339
15096 2117 2679 2118 2119
15097 388 233 17 1310
15098 2253 2320 2064 2473
15099 2173 2327 2715 2478
15100 2415 2102 2105 2434
15101 2336 2501 380 404
15102 2259 2667 2093 2395
15103 2320 2253 2319 2473
15104 2511 1970 2510 2548
15105 2005 2388 1980 1979
15106 2479 2356 378 2358
15107 2094 2567 2571 2096
15108 2080 2530 2527 2251
15109 2594 1983 2593 2589
15110 2643 2294 2223 2353
15111 442 2650 357 2324
15112 2504 1935 1933 2503
15113 371 397 396 2508
15114 2172 418 2120 2195
15115 2264 2241 2253 2600
15116 2118 417 2679 2120
15117 2087 2086 2517 2085
15118 1949 2530 2381 2080
15119 2463 2220 2024 2209
15120 2543 2648 2171 2212
15121 2161 2557 2050 2690
15122 2052 409 386 385
15123 2512 2509 2229 2300
15124 2077 2040 2041 2412
15125 2263 2197 2181 413
15126 2632 1995 2039 2341
15127 2293 2329 2648 2330
15128 1927 2656 2044 2670
15129 2047 2673 2012 2386
15130 1947 2190 2616 2660
15131 2622 2345 2121 2404
15132 2221 2461 2427 1968
15133 374 399 398 2709
15134 2539 2211 2160 2158
15135 2253 2319 2600 2215
15136 2291 2654 2395 2393
15137 2126 2125 2518 2124
15138 1979 2388 1980 1976
15139 2648 2293 2659 2674
15140 1942 1941 2035 2625
15141 396 2465 371 2508
15142 2653 2639 265 1305
15143 1311 2438 211 1310
15144 2584 2476 2016 2583
15145 2485 2311 2681 2680
15146 2570 2123 2272 2275
15147 1288 2451 2688 2490
15148 1286 202 2459 1287
15149 2386 1980 2388 2025
15150 2269 1974 1981 2587
15151 2549 2531 2243 2532
15152 2094 2095 2567 2096
15153 2421 2419 1308 2713
15154 2246 344 345 429
15155 25 2619 2278 448
15156 2572 440 2573 2059
15157 2038 2136 2039 2552
15158 2442 2441 2142 2585
15159 2096 2567 2571 2570
15160 2714 2099 2107 2609
15161 2324 2442 2142 2361
15162 2549 2035 1941 2625
15163 1933 2454 2504 2502
15164 2273 2271 2394 2309
15165 2539 2540 2538 2158
15166 2445 2604 2444 2210
15167 2529 2312 2686 2705
15168 320 319 424 2279
15169 2358 2479 2514 2500
15170 398 397 373 2509
15171 2112 2114 2115 2497
15172 2705 2529 2314 2682
15173 2700 2165 2685 2698
15174 2474 2322 2446 2473
15175 2386 2045 1980 2025
15176 1975 419 418 2581
15177 2538 2604 2158 2207
15178 2386 2045 2387 2388
15179 1949 2711 2530 1950
15180 2462 2465 2508 2222
15181 2591 2188 2116 2646
15182 2102 2415 2436 2434
15183 2648 2329 2293 2674
15184 2675 2329 2649 2674
15185 2055 2699 2676 2072
15186 2582 2153 1958 2254
15187 2239 2222 2462 2300
15188 2669 2318 2303 2496
15189 2246 428 344 429
15190 2147 2082 2593 2160
15191 2327 378 2478 2479
15192 2529 2527 2530 2251
15193 2184 2456 2202 2435
15194 2596 1942 2035 2625
15195 2479 378 403 2358
15196 2401 1301 209 1302
15197 2668 2662 2669 2328
15198 2527 2080 2251 2338
15199 1983 1987 1984 2594
15200 2667 2093 2054 2259
15201 1999 2548 2547 2458
15202 2645 1989 1991 2644
15203 2540 2083 2285 2159
15204 2557 2049 2699 2051
15205 2693 435 2331 436
15206 206 1300 2432 1303
15207 2047 2389 2673 2386
15208 1956 2566 2015 2021
15209 2320 2064 2473 2602
15210 2099 2098 2100 415
15211 2600 2241 2215 2603
15212 2674 2329 2293 2267
15213 2338 2527 2104 2393
15214 2576 273 272 1307
15215 2226 2266 2488 2063
15216 2674 2488 2578 2266
15217 2697 2042 2054 2055
15218 2689 2093 2095 2094
15219 2475 2476 2018 2584
15220 2487 2061 2236 2225
15221 2557 2049 2562 2699
15222 2634 2019 2633 2584
15223 2301 2623 2643 2294
15224 1932 365 2531 2250
15225 2403 2541 2307 2535
15226 2360 2141 2574 2060
15227 2524 2217 2053 2525
15228 2541 2355 2307 2535
15229 2459 1289 2688 1286
15230 2016 2019 2584 2254
15231 369 370 2426 1967
15232 2056 2683 2034 2031
15233 2118 2362 2345 2622
15234 1942 392 366 2625
15235 2331 435 350 436
15236 2412 2076 2410 2409
15237 350 351 2331 436
15238 1285 425 179 2630
15239 2039 1995 2632 2552
15240 2455 2024 2023 2186
15241 392 1942 2597 2625
15242 401 400 376 2696
15243 1951 2140 2710 2342
15244 2679 2612 2622 2119
15245 1285 2631 425 2630
15246 2658 1925 2114 2591
15247 2650 2442 2418 2324
15248 2626 2552 1995 1996
15249 2383 384 385 2150
15250 2295 2296 2501 2634
15251 2253 2064 2322 2473
15252 2212 2293 2223 2659
15253 2578 2675 2674 2266
15254 2189 2188 2670 2628
15255 2170 2356 2480 2317
15256 2634 2017 2019 2584
15257 2539 2538 2604 2158
15258 2441 2416 2418 2234
15259 2423 2424 2422 2151
15260 1935 1933 1934 2504
15261 2633 382 383 2287
15262 374 375 2695 2068
15263 2604 2211 2595 2539
15264 2120 2679 2118 2117
15265 380 379 2336 404
15266 2142 2149 2140 2585
15267 1951 2711 1988 1949
15268 2502 2504 1933 2503
15269 367 392 1942 2597
15270 2652 2540 2285 2159
15271 2415 2102 2106 2105
15272 2091 2274 2619 2618
15273 396 370 371 2464
15274 2346 2654 2289 2168
15275 2325 357 358 443
15276 2402 2381 2527 2080
15277 2237 2061 2236 2487
15278 2095 2271 2567 2096
15279 2403 2561 2167 2307
15280 2172 325 2132 2375
15281 2593 2089 2610 2082
15282 2222 2508 2462 2300
15283 2289 2291 2290 2393
15284 2208 2416 2232 2234
15285 2236 2520 2487 2225
15286 2509 373 398 2069
15287 2703 2713 2513 1309
15288 2149 2140 2585 2644
15289 373 2509 2228 2069
15290 2343 2579 2612 2602
15291 2172 1975 324 2370
15292 2656 2044 2627 1997
15293 2612 2448 2065 2602
15294 2233 2232 2441 2234
15295 2285 2642 2540 2652
15296 2388 2661 1980 1976
15297 2552 1995 2632 2626
15298 2689 2667 2161 2690
15299 2371 2180 2372 2100
15300 2535 2403 2654 2168
15301 368 2105 2414 393
15302 2211 2595 2598 2603
15303 2619 25 2278 424
15304 2520 2497 2236 2646
15305 2695 2709 374 2068
15306 416 2622 2118 2679
15307 2710 2140 1951 2644
15308 1985 2089 2618 2594
15309 2443 2149 2585 2644
15310 2118 416 2366 2097
15311 2527 2381 2530 2080
15312 2603 2211 2595 2604
15313 2543 2171 2170 2169
15314 1967 2464 2427 1966
15315 2526 2381 2402 2103
15316 2394 2271 2567 2306
15317 2460 2578 2488 2227
15318 2398 2614 2396 1291
15319 2288 2295 2017 2634
15320 2215 1982 2595 2211
15321 2201 2526 2167 2103
15322 444 2208 2417 2613
15323 1981 1973 2588 2587
15324 2398 2396 2397 1291
15325 2146 2329 2649 2067
15326 2136 2261 2355 2519
15327 383 2633 2287 2152
15328 2447 2661 2388 1976
15329 2064 2343 2065 2602
15330 2567 2689 2095 2094
15331 2291 2095 2306 2395
15332 2208 444 359 2613
15333 369 370 395 2426
15334 2100 2372 414 415
15335 2334 2537 2335 2087
15336 2119 2612 2121 2065
15337 2593 2089 2082 2147
15338 2549 2596 2035 2625
15339 2537 2335 2616 2561
15340 2252 2016 2476 2583
15341 2613 2206 2208 2207
15342 1948 2028 2001 2382
15343 2629 388 17 1310
15344 2474 2322 2473 2600
15345 2160 2082 2593 2539
15346 2015 2566 2673 2389
15347 2580 2679 2117 2579
15348 2171 2170 2480 2543
15349 2099 2100 414 415
15350 2684 2140 2710 2585
15351 2297 2514 2317 2321
15352 2662 2137 1927 2656
15353 2274 2620 2619 2618
15354 2223 2516 2643 2353
15355 2697 2699 2055 2051
15356 2244 210 209 2533
15357 2690 2557 2050 2555
15358 444 359 358 2208
15359 2623 2301 2062 2063
15360 2669 2318 2491 2668
15361 1966 2427 1967 1968
15362 2602 2473 2320 2599
15363 1925 2670 2188 2591
15364 2372 414 2371 2100
15365 386 409 2052 2384
15366 1952 1947 2660 1948
15367 2045 2048 2046 2387
15368 2301 2062 2628 2623
15369 2358 379 403 2500
15370 2268 2374 23 410
15371 2624 2629 211 2438
15372 2446 2084 2004 2064
15373 2089 2593 2618 2594
15374 2330 2329 2649 2146
15375 2206 2652 2285 2159
15376 2600 2241 2253 2215
15377 2541 2355 2535 2519
15378 2473 2319 2320 2599
15379 2627 2044 2656 2670
15380 2108 2048 2404 2387
15381 2464 2466 2427 1966
15382 2277 2381 2526 2103
15383 2618 2593 2089 2610
15384 2344 2126 2517 2085
15385 2714 2108 2345 2404
15386 2626 1995 2137 1997
15387 394 368 2414 393
15388 2116 2114 2188 2591
15389 2294 2223 2293 2659
15390 2171 2480 2647 2543
15391 2360 2574 2685 2060
15392 2673 2012 2386 2014
15393 2667 2093 2161 2054
15394 2543 2648 2212 2659
15395 2340 2125 2516 2353
15396 2514 2317 2356 2297
15397 2153 2383 2152 2582
15398 395 370 396 2464
15399 2418 2441 2234 2442
15400 2105 369 368 2414
15401 2343 2612 2119 2065
15402 2673 2015 2047 2012
15403 2232 2441 2444 2233
15404 2604 2603 2211 2210
15405 1946 1977 2661 1976
15406 2530 2381 2711 1949
15407 2148 1984 421 2269
15408 2416 2441 2232 2234
15409 2082 2610 2593 2539
15410 2360 2685 2165 2060
15411 2438 2629 211 1310
15412 2201 2616 1952 2200
15413 384 2383 2152 2150
15414 2090 2610 2089 2082
15415 394 368 369 2414
15416 423 2091 2619 2618
15417 2018 2476 2016 2584
15418 2245 2252 2476 2305
15419 435 2694 2693 2122
15420 2270 2642 2620 2081
15421 2706 2009 2010 2712
15422 2587 1981 2269 2589
15423 2152 2153 2582 2286
15424 2093 2689 2667 2161
15425 1947 2616 1952 2660
15426 370 2464 2426 1967
15427 2012 2673 2013 2014
15428 2072 2699 2676 2422
15429 2674 2284 2329 2267
15430 2694 2712 2123 2122
15431 2250 1941 366 2625
15432 2215 2598 2600 2603
15433 2050 2049 2557 2051
15434 2513 2672 2703 1306
15435 1935 2022 2023 2495
15436 2649 2648 2329 2330
15437 1290 2577 273 2575
15438 2488 2227 2266 2226
15439 2105 2102 2166 2434
15440 2580 2117 2195 2177
15441 2299 2217 2053 2524
15442 2456 2202 2186 2185
15443 2150 2383 2152 2153
15444 2447 2661 1976 1978
15445 2268 23 387 410
15446 404 2501 380 405
15447 2114 2116 2497 2591
15448 2001 2449 2027 2084
15449 2414 2415 2105 2434
15450 402 377 378 2478
15451 2501 2514 2297 2475
15452 2713 2703 2419 1309
15453 2336 380 2501 2296
15454 2128 2055 2676 2072
15455 2488 2674 2623 2063
15456 2140 1989 1951 2644
15457 2195 2177 1973 2581
15458 2508 2509 2512 2300
15459 365 366 391 2250
15460 2212 2648 2293 2659
15461 2075 2027 2449 2084
15462 2097 2366 327 2365
15463 2053 2071 2299 2524
15464 2648 2171 2647 2543
15465 2637 2638 2639 1305
15466 2460 2227 2225 2238
15467 2080 2527 2402 2104
15468 379 403 378 2358
15469 2616 2190 1947 1952
15470 2103 2402 2167 2104
15471 2095 2093 2689 2395
15472 2628 2188 2591 2646
15473 2527 2080 2338 2104
15474 2307 2541 2334 2087
15475 2689 2567 2095 2395
15476 2210 2211 2604 2158
15477 2083 2081 2610 2540
15478 2577 273 2576 1307
15479 2132 325 326 2375
15480 2011 2706 2692 2691
15481 2528 2394 2309 2682
15482 2445 2603 2604 2210
15483 2362 2345 2622 2714
15484 442 357 356 2324
15485 1949 2380 1988 2276
15486 412 2374 2373 2263
15487 2177 2580 2579 2581
15488 2068 2709 374 2069
15489 2206 2208 359 2613
15490 2538 2613 2416 2207
15491 401 377 402 2478
15492 2266 2227 2578 2283
15493 2684 2686 2710 2342
15494 2250 366 391 2625
15495 2491 2318 2669 2496
15496 2426 394 369 2414
15497 2556 2157 2554 2555
15498 2620 2274 2270 2090
15499 2627 2626 2656 1997
15500 2367 324 323 2348
15501 2443 2645 1991 2644
15502 374 375 399 2695
15503 2514 2297 2475 2321
15504 2013 2673 2015 2583
15505 2108 2121 2345 2404
15506 2374 23 330 2268
15507 2074 2382 2028 2359
15508 2223 2643 2516 2659
15509 1984 1986 421 422
15510 2463 2024 2220 2187
15511 2497 2563 2114 2591
15512 2715 2130 2327 2173
15513 2290 2104 2289 2393
15514 2166 2427 2414 2434
15515 2541 2307 2086 2087
15516 2479 2514 2356 2358
15517 2013 2016 2252 2583
15518 2575 2396 274 1291
15519 2223 2294 2643 2659
15520 2295 2017 2475 2018
15521 2130 2715 2327 2478
15522 2615 1292 275 1291
15523 2370 1975 324 2348
15524 2116 2497 2591 2646
15525 2593 2595 2160 2539
15526 2598 1982 2595 2215
15527 2695 375 400 2696
15528 2149 1991 1989 2644
15529 2570 2712 2123 2694
15530 2222 2462 2238 2239
15531 2541 2561 2403 2307
15532 2104 2527 2402 2393
15533 2473 2064 2446 2602
15534 2167 2402 2561 2403
15535 2202 2209 2457 2186
15536 2519 2355 2136 2344
15537 2024 2455 2494 2463
15538 2589 1981 1983 1982
15539 2526 2201 2277 2103
15540 2630 1285 2631 2617
15541 409 386 24 2384
15542 2028 2001 2382 2449
15543 2098 2099 2365 415
15544 2015 2673 2566 2583
15545 2403 2289 2654 2168
15546 2322 2084 2446 2064
15547 2064 2446 2322 2473
15548 2061 2487 2226 2225
15549 2514 2297 2358 2500
15550 2456 2457 2202 2435
15551 2667 2689 2093 2395
15552 2140 2149 1989 2644
15553 2366 327 326 2097
15554 2215 2595 2598 2211
15555 1309 2513 2703 1306
15556 2028 2001 2449 2027
15557 2529 2312 2314 2251
15558 2466 2222 2221 1966
15559 444 445 359 2613
15560 1959 2197 2565 2020
15561 2054 2697 2055 2051
15562 2582 2584 2254 2583
15563 2288 2296 2295 2634
15564 1949 1951 2711 1950
15565 383 407 382 2633
15566 1942 2596 2597 2625
15567 2270 2285 361 2642
15568 2275 2681 2570 2485
15569 2172 324 325 2370
15570 1986 1984 1985 422
15571 2552 2039 1995 1996
15572 2181 413 2564 414
15573 2647 2171 2648 2330
15574 1292 2631 1285 2617
15575 418 2172 1975 2195
15576 2167 2526 2402 2103
15577 2715 2647 2129 2173
15578 2340 2516 2223 2353
15579 1926 1925 2265 2658
15580 2048 2121 2108 2404
15581 2428 2432 2433 1303
15582 2227 2578 2488 2266
15583 406 382 407 2633
15584 1973 419 1975 2581
15585 1975 1974 419 1973
15586 2265 2114 2112 2563
15587 1984 1987 1985 2594
15588 2642 2285 446 2652
15589 2570 2693 2275 2485
15590 2463 2494 2024 2187
15591 2463 2220 2520 2187
15592 2083 2610 2082 2539
15593 2156 2165 2700 2155
15594 2443 2444 2441 2233
15595 2642 2285 361 446
15596 2702 1293 2420 1294
15597 2117 2580 2579 2177
15598 2400 1301 2533 2401
15599 2397 2575 1290 1291
15600 2301 2623 2294 2063
15601 2149 2443 1991 2644
15602 2200 2201 2616 2526
15603 1942 2106 367 2597
15604 2025 2661 1977 1976
15605 2329 2675 2284 2674
15606 2561 2334 2167 2307
15607 2677 2442 2142 2585
15608 2181 413 414 2371
15609 2526 2561 2200 2167
15610 2089 2618 2091 1985
15611 2018 2245 2476 2213
15612 2651 2672 2513 1306
15613 2112 2077 2076 2412
15614 2709 374 399 2695
15615 2610 2083 2540 2539
15616 2153 2582 2286 2254
15617 385 2052 409 2384
15618 2279 2091 2619 423
15619 2115 2114 2116 2497
15620 2070 2049 2562 2071
15621 2093 2095 2291 2395
15622 378 402 2478 2479
15623 2177 2175 1973 2581
15624 2317 2356 2480 2514
15625 2385 2621 2057 2384
15626 2397 2396 2575 1291
15627 2343 2117 2579 2177
15628 422 1985 321 2092
15629 2630 425 179 426
15630 422 423 2091 2092
15631 2073 2264 2075 2474
15632 275 274 2396 1291
15633 399 375 400 2695
15634 1300 2450 2663 2432
15635 2258 2259 2257 2666
15636 2591 2670 2188 2628
15637 2475 2477 2317 2321
15638 2444 2416 2441 2232
15639 2085 2517 2087 2352
15640 2476 2475 2018 2213
15641 1973 2588 2587 2581
15642 2700 2708 2155 2698
15643 1986 421 2369 2368
15644 2328 2137 2662 2341
15645 2554 2524 2053 2525
15646 2254 2584 2016 2583
15647 2297 2356 2514 2358
15648 2529 2528 2314 2682
15649 321 322 1986 2369
15650 2015 2673 2013 2012
15651 1973 1974 419 2587
15652 1304 2653 265 1305
15653 1925 2658 2670 2591
15654 2388 2661 2386 2025
15655 2194 2214 2536 1963
15656 2650 2418 2325 2324
15657 2232 2444 2231 2233
15658 2699 2676 2697 2055
15659 2091 2619 2274 2279
15660 2125 2518 2026 2323
15661 2649 2647 2648 2330
15662 427 343 15 1954
15663 421 420 2148 2269
15664 2482 2484 2483 1304
15665 2418 2234 2325 2324
15666 2173 2647 2129 2171
15667 2539 2160 2083 2158
15668 1295 1294 2640 1298
15669 2652 2285 360 2206
15670 408 384 385 2383
15671 366 1941 1942 2625
15672 2701 263 1289 2688
15673 1293 2702 1295 1294
15674 2232 2416 2208 2207
15675 2379 2616 1952 2201
15676 2466 2465 2222 1966
15677 1983 2269 1981 2589
15678 2501 2297 2336 2296
15679 2294 2643 2301 2302
15680 2647 2129 2696 2715
15681 2073 2645 1990 2088
15682 2090 2270 2620 2081
15683 2085 2124 2517 2339
15684 2345 2622 2714 2404
15685 379 2358 2336 2500
15686 2103 2277 2381 2080
15687 2098 2372 2180 2100
15688 2082 2081 2610 2083
15689 2713 2419 1308 1309
15690 2710 1951 2711 2644
15691 2321 2018 2475 2213
15692 2480 2356 2327 2478
15693 2093 2291 2259 2395
15694 2375 2366 2132 417
15695 2610 2090 2081 2082
15696 2381 1949 2277 2276
15697 447 2642 361 446
15698 2252 2476 2016 2018
15699 2368 323 322 2148
15700 2480 2327 2173 2478
15701 2614 1292 2615 1291
15702 2091 1985 422 2092
15703 2180 328 329 2371
15704 2579 2343 2177 2175
15705 2171 2647 2129 2330
15706 2037 2038 2553 2042
15707 2087 2517 2537 2352
15708 2587 2588 1981 2589
15709 2206 359 445 2613
15710 2372 2098 327 2365
15711 445 2652 2206 2613
15712 179 15 188 426
15713 2241 2445 2262 2603
15714 2459 2482 2481 1287
15715 1298 2638 2637 1305
15716 2610 2089 2618 2090
15717 2043 2627 2044 1997
15718 2369 421 1986 422
15719 2531 2243 1932 2250
15720 2526 2402 2561 2167
15721 2278 2274 362 448
15722 257 1301 2401 1302
15723 2427 1967 1968 2166
15724 2344 2519 2355 2086
15725 402 378 403 2479
15726 2416 2613 2208 2207
15727 408 385 409 2383
15728 2222 2462 2465 2466
15729 392 391 366 2625
15730 2062 2237 2188 2628
15731 422 421 1984 2594
15732 447 2270 2642 2620
15733 2451 2450 2489 1299
15734 2477 2317 2514 2475
15735 1300 260 2450 2432
15736 2136 2039 2552 1996
15737 2684 2677 2574 2141
15738 1307 272 2576 1306
15739 2482 2483 1296 1304
15740 355 440 441 2059
15741 2211 1982 2595 2160
15742 2642 2270 2285 2081
15743 2270 362 2274 2620
15744 2487 2520 2236 2646
15745 2618 423 2091 422
15746 2577 2576 2651 1307
15747 2465 2466 2464 1966
15748 2359 2379 2201 2276
15749 2285 360 361 446
15750 1986 421 2368 2148
15751 2541 2355 2519 2086
15752 441 356 355 2059
15753 2320 2176 2175 2599
15754 2414 2105 2166 2434
15755 327 328 2098 2372
15756 2464 395 370 2426
15757 2225 2236 2520 2187
15758 421 1986 1984 2148
15759 2380 1990 1988 2074
15760 2352 2085 2517 2339
15761 1294 267 2702 2640
15762 2366 2132 326 2375
15763 2389 2021 2333 2047
15764 2202 2198 2184 2435
15765 2213 2477 2214 1962
15766 404 403 379 2500
15767 2450 261 260 1300
15768 2082 2160 2083 2539
15769 2480 2173 2170 2171
15770 2615 2396 2614 1291
15771 2173 2480 2647 2171
15772 2254 2016 2013 2583
15773 2369 322 1986 2368
15774 2260 2261 2038 2534
15775 2482 1296 2481 1287
15776 2636 2637 2653 1305
15777 1294 2702 1295 2640
15778 2379 2616 2201 2526
15779 2260 2258 2257 2666
15780 2432 1300 260 1303
15781 1985 2618 422 2594
15782 1991 1990 2645 2088
15783 2335 2192 1965 2537
15784 2561 2200 2616 2526
15785 2231 2443 1991 2149
15786 2396 2615 275 1291
15787 2004 2005 2448 2065
15788 2041 2076 2077 2412
15789 2087 2537 1965 2352
15790 422 1984 1985 2594
15791 2200 2561 2334 2167
15792 445 2652 360 2206
15793 2476 2252 2245 2018
15794 1292 275 1284 2615
15795 424 319 25 2278
15796 2463 2520 2494 2187
15797 2132 2172 2375 2120
15798 1285 1284 2631 1292
15799 362 2270 447 2620
15800 2373 412 2263 413
15801 2201 1952 2379 2359
15802 2124 2517 2126 2085
15803 2386 2012 2045 2025
15804 1952 2616 2190 2200
15805 2307 2355 2541 2086
15806 2180 2372 328 2371
15807 1975 419 2370 418
15808 2587 419 1973 2581
15809 1967 370 2464 1966
15810 2014 2655 2304 1977
15811 2478 2480 2356 2479
15812 355 354 440 2059
15813 360 446 2652 445
15814 446 2285 360 2652
15815 423 2279 2091 2092
15816 2277 1949 2381 2080
15817 2073 2027 2449 2075
15818 2074 1988 2380 2276
15819 1985 2618 2091 422
15820 2340 2516 2193 2223
15821 2573 2685 2574 2060
15822 418 2370 2172 2375
15823 2335 2190 2616 2200
15824 2208 2417 2613 2416
15825 2301 2062 2189 2628
15826 2642 361 2270 447
15827 2638 1294 267 1298
15828 2688 1289 1288 1286
15829 328 2098 2372 2180
15830 2321 2477 2317 2213
15831 2160 2595 2211 2539
15832 2173 2715 2480 2478
15833 2370 2172 1975 418
15834 2040 2022 1935 2495
15835 2601 257 2401 1302
15836 2647 2715 2480 2173
15837 1956 2566 1958 2015
15838 2368 2367 323 2148
15839 2627 2043 2026 1997
15840 2188 2189 2062 2628
15841 2334 2561 2541 2307
15842 2614 2615 1292 2617
15843 2444 2443 2231 2233
15844 2640 1294 267 2638
15845 1289 2687 2459 2688
15846 2116 2237 2236 2646
15847 2306 2394 2271 2309
15848 2483 2653 265 1304
15849 2537 1965 2335 2087
15850 2297 2514 2501 2500
15851 2451 261 2450 1299
15852 2459 1289 1286 1287
15853 2016 2019 2017 2584
15854 2327 2356 2480 2173
15855 2018 2475 2295 2321
15856 2079 347 348 2716
15857 257 1301 2400 2401
15858 417 2132 2375 2120
15859 2615 2631 1292 2617
15860 322 1986 2368 2148
15861 1284 2631 180 1285
15862 2322 2075 2264 2474
15863 1288 2451 2701 2688
15864 258 2601 1312 1302
15865 2573 2685 2060 2698
15866 1948 2028 2382 2359
15867 2231 2443 2149 2233
15868 2484 2653 2483 1304
15869 2543 2169 2193 2212
15870 2158 2159 2538 2207
15871 2514 2356 2480 2479
15872 2169 2543 2171 2212
15873 2278 363 25 448
15874 2619 2620 2274 448
15875 2620 447 362 448
15876 2643 2294 2353 2302
15877 361 362 2270 447
15878 2481 2687 2459 1287
15879 258 2601 2433 1312
15880 2214 2317 2477 2213
15881 2499 1964 1962 2305
15882 2475 2477 2321 2213
15883 2368 420 2367 2148
15884 419 1974 1975 2348
15885 2481 2687 1287 1297
15886 2620 362 2274 448
15887 2365 2372 2098 415
15888 1974 2269 420 2587
15889 1979 2002 2447 1978
15890 2399 2577 1290 2397
15891 25 22 363 2278
15892 1289 2687 263 1297
15893 445 360 359 2206
15894 2148 420 2367 1974
15895 22 25 319 2278
15896 421 420 2368 2148
15897 420 2148 2269 1974
15898 2518 2125 2126 2323
15899 1296 2483 264 1304
15900 2655 2304 2252 2014
15901 2703 271 1309 1306
15902 264 2687 2481 1297
15903 2639 2653 2637 1305
15904 2631 425 180 1285
15905 362 363 2278 448
15906 1289 2459 2687 1287
15907 1296 2481 2483 2482
15908 2091 2618 2089 2090
15909 2364 2214 2317 2477
15910 271 2703 2672 1306
15911 2703 270 2419 1309
15912 1974 419 2367 2348
15913 2176 2320 2319 2599
15914 2660 1947 1946 1948
15915 325 2172 2370 2375
15916 2278 2274 2619 2279
15917 2278 2619 2274 448
15918 420 419 1974 2587
15919 1292 1284 2631 2615
15920 2419 270 1308 1309
15921 2536 2194 1963 2351
15922 425 179 180 1285
15923 1298 2638 2640 2637
15924 2192 2191 1964 2499
15925 2173 2356 2480 2170
15926 2687 1289 1287 1297
15927 263 2687 1289 2688
15928 416 2366 2097 2365
15929 1296 264 2481 1297
15930 1978 2002 2447 2001
15931 2575 1290 2577 2397
15932 2451 262 261 1299
15933 2278 424 319 2279
15934 420 419 2367 1974
15935 2631 16 275 1284
15936 272 2672 2576 1306
15937 2619 424 2279 423
15938 2420 2419 269 1293
15939 1287 1296 2481 1297
15940 2191 1964 2499 2305
15941 2433 2432 259 1303
15942 2419 1308 269 1293
15943 2483 265 264 1304
15944 1946 2298 1947 2660
15945 1303 259 2433 1312
15946 2481 2483 264 1296
15947 423 320 2279 2092
15948 2432 260 259 1303
15949 2601 258 257 1302
15950 2278 2619 424 2279
15951 1311 255 2438 1310
15952 255 2629 2438 1310
15953 268 2420 1293 1294
15954 2703 271 270 1309
15955 2420 268 2702 1294
15956 272 271 2672 1306
15957 1301 1311 256 2400
15958 259 258 2433 1312
15959 2702 268 267 1294
15960 18 254 233 388
15961 1308 269 270 2419
15962 1311 2438 256 2400
15963 1301 256 257 2400
15964 2629 255 254 1310
15965 2420 269 268 1293
15966 2438 256 255 1311
15967 180 16 2631 1284
15968 180 16 425 2631
15969 1931 2522 2407 1994
15970 2407 2522 1931 2569
15971 2586 2006 2411 2590
15972 2586 2411 2006 1939
15973 2545 2163 2164 2507
15974 2164 2163 2545 2162
15975 2029 2683 2030 2031
15976 2029 2030 2683 2493
15977 2425 1944 1945 2515
15978 1945 1944 2425 1943
15979 2182 2436 2611 2437
15980 2182 2611 2436 2101
15981 2590 2008 2007 2006
15982 2007 2008 2590 2471
15983 2193 2659 2212 2223
15984 2212 2659 2193 2543
15985 2439 2219 2205 2218
15986 2439 2205 2219 2440
15987 2141 2585 2684 2677
15988 2141 2684 2585 2140
15989 1935 2458 2240 2503
15990 2240 2458 1935 2023
15991 2405 2112 2265 2111
15992 2405 2265 2112 2563
15993 2553 2039 2552 2038
15994 2553 2552 2039 2632
15995 2487 2226 2623 2061
15996 2623 2226 2487 2488
15997 2288 2633 2019 2287
15998 2288 2019 2633 2634
15999 1968 2434 2435 2427
16000 2435 2434 1968 2198
16001 2499 1963 1965 2536
16002 1965 1963 2499 1964
16003 1292 2608 190 2614
16004 190 2608 1292 189
16005 1938 2504 2409 1934
16006 2409 2504 1938 2558
16007 371 2464 1966 2465
16008 1966 2464 371 370
16009 1967 2414 2427 2426
16010 2427 2414 1967 2166
16011 397 2228 2508 372
16012 2508 2228 397 2509
16013 2497 2022 2040 2495
16014 2497 2040 2022 2115
16015 2374 2196 2263 412
16016 2263 2196 2374 2268
16017 2705 2156 2165 2700
16018 2165 2156 2705 2313
16019 210 2438 2400 2533
16020 2400 2438 210 1311
16021 2263 2374 330 2268
16022 2263 330 2374 2373
16023 2146 2647 2696 2649
16024 2146 2696 2647 2129
16025 2534 2519 2355 2261
16026 2355 2519 2534 2535
16027 2355 2308 2534 2261
16028 2534 2308 2355 2535
16029 2147 2594 2089 1987
16030 2089 2594 2147 2593
16031 356 2572 2059 441
16032 2059 2572 356 2361
16033 2696 375 376 2131
16034 2696 376 375 400
16035 2273 2570 2275 2681
16036 2273 2275 2570 2272
16037 2600 2322 2264 2474
16038 2600 2264 2322 2253
16039 2181 2371 2373 413
16040 2373 2371 2181 2180
16041 2373 2263 2181 413
16042 2181 2263 2373 2180
16043 2419 1293 2421 1308
16044 2421 1293 2419 2420
16045 2584 2286 2254 2019
16046 2584 2254 2286 2582
16047 388 1310 254 233
16048 254 1310 388 2629
16049 2576 1306 2651 1307
16050 2651 1306 2576 2672
16051 2100 2371 2181 414
16052 2100 2181 2371 2180
16053 422 1986 321 1985
16054 422 321 1986 2369
16055 2833 1650 1651 1580
16056 306 331 21 462
16057 1629 2984 1909 1635
16058 2717 335 336 1832
16059 1898 2754 1863 1571
16060 1822 1851 1821 2838
16061 2855 2896 2875 1702
16062 2802 3003 1734 2971
16063 1671 1677 1675 2818
16064 2852 2804 2972 1885
16065 1759 1721 1659 2878
16066 1702 2897 2875 1703
16067 1675 1670 1671 2818
16068 2748 1616 1619 1617
16069 1856 1874 1844 3007
16070 2754 2920 2753 1819
16071 2919 1721 1759 2878
16072 2972 2804 1734 1885
16073 2875 1702 1703 1704
16074 3011 2978 2972 1885
16075 2875 2855 213 2770
16076 2876 1874 221 3007
16077 2896 2898 2897 1790
16078 1853 1847 1886 2978
16079 3011 2976 225 2972
16080 2799 1649 1762 1845
16081 2872 2876 221 3007
16082 1702 1861 2896 1790
16083 1616 1619 2749 2748
16084 2978 3011 1886 1885
16085 2896 2897 1702 1790
16086 2898 2896 1861 1790
16087 1714 1627 1678 2866
16088 2804 2852 1620 1885
16089 1837 1614 3006 1695
16090 2972 225 3011 1885
16091 288 466 2898 1790
16092 1702 1709 2897 1703
16093 216 215 2886 2884
16094 2806 1614 1613 1695
16095 1734 2804 1620 1885
16096 2834 2995 1775 1580
16097 1867 1665 2849 2810
16098 2890 216 2780 2884
16099 2869 2876 221 2872
16100 2852 2978 1857 1885
16101 2806 3006 1614 1695
16102 2768 1707 1792 1704
16103 2936 2935 2898 1790
16104 1854 1630 2975 1855
16105 2920 2919 1850 1759
16106 229 2908 2907 1679
16107 2780 216 2886 2884
16108 1875 1895 2846 1896
16109 2889 1627 2834 2866
16110 1909 2832 2984 1629
16111 1704 2768 1707 2938
16112 225 1886 3011 1885
16113 225 2736 2976 3011
16114 1847 1853 2843 2978
16115 2848 2744 2754 1898
16116 2807 2801 1615 1613
16117 1868 1867 1665 2849
16118 1914 2829 1731 1909
16119 1862 2898 466 1790
16120 1619 2987 2748 1617
16121 2800 218 219 2861
16122 1861 465 2898 1790
16123 2801 1615 1613 1614
16124 1695 1837 1844 2845
16125 2896 2855 212 1702
16126 1821 2888 1822 2965
16127 2780 217 216 2890
16128 2897 2875 1703 2938
16129 1720 2930 2919 1751
16130 2853 1582 1581 1620
16131 1634 1713 1633 2844
16132 1816 2854 1631 1586
16133 2938 2888 1707 1821
16134 2978 2852 2972 1885
16135 2800 218 217 1615
16136 2941 1863 2754 1571
16137 2834 1775 1650 1580
16138 2976 226 225 2972
16139 1613 1643 2806 1645
16140 2843 1711 1619 2749
16141 2844 1853 1713 1854
16142 2976 226 2972 2977
16143 1856 221 1874 3007
16144 2749 1616 2748 1618
16145 1850 1720 2919 1751
16146 1280 2980 241 1281
16147 1613 2801 1614 2806
16148 2838 1821 1822 2965
16149 2878 1721 1659 2956
16150 2775 217 2780 2890
16151 2749 1619 2987 2748
16152 2938 1703 1803 1821
16153 216 1876 2884 1900
16154 221 1856 2872 3007
16155 2884 2890 216 1900
16156 1555 2930 1720 1751
16157 1757 2864 1880 1727
16158 1856 1844 2873 3007
16159 219 220 1837 2874
16160 2807 2801 1613 2806
16161 1777 1776 1697 2741
16162 1645 2806 1613 1695
16163 2886 215 2885 2884
16164 2736 225 224 3011
16165 2978 1847 1886 2734
16166 2996 2971 2928 1272
16167 1623 1585 2862 1622
16168 1711 1712 1616 2749
16169 2853 1630 1582 1855
16170 1792 2888 2885 1876
16171 1886 224 225 3011
16172 1577 1803 2835 1592
16173 2898 465 288 1790
16174 1581 1582 2803 1583
16175 2798 2799 1649 1762
16176 1670 2857 2818 2867
16177 2831 1908 1732 1731
16178 1788 1811 2922 1919
16179 1861 465 2896 2898
16180 2978 2843 1847 2734
16181 219 218 2800 3006
16182 1789 2837 2835 1611
16183 1695 3006 1837 2845
16184 2972 2804 3003 1734
16185 1754 1752 2742 1753
16186 2756 1896 1616 2749
16187 1886 224 3011 2734
16188 1711 1616 1619 2749
16189 2807 1901 1644 1643
16190 1821 2888 1707 1822
16191 2775 2890 2801 1615
16192 2880 1867 2810 2863
16193 2843 1619 1847 2987
16194 2717 1890 335 1832
16195 2802 2928 1785 2925
16196 1792 2885 215 1876
16197 449 1820 386 2931
16198 1707 1703 2938 1821
16199 1844 1916 3008 1875
16200 1616 2748 1618 1617
16201 1734 227 2802 2971
16202 1741 1743 2794 2778
16203 2807 2890 1900 1615
16204 1704 1703 2875 2938
16205 2774 250 251 1266
16206 2936 1862 1789 1790
16207 232 17 364 389
16208 3006 219 1837 2874
16209 3014 1813 1718 468
16210 1853 2844 2975 1854
16211 2907 230 229 1679
16212 466 288 1862 1790
16213 2987 2843 1619 2749
16214 1803 1709 1703 2938
16215 2897 1709 1702 1790
16216 2838 1822 2888 2965
16217 1579 1587 2833 1580
16218 1615 1901 2807 1613
16219 389 364 232 2894
16220 1614 2800 218 3006
16221 2872 1856 2873 3007
16222 1581 2803 2853 1620
16223 2761 1633 1632 2974
16224 1648 1633 1630 2974
16225 1693 2825 471 1708
16226 1896 1712 2756 1616
16227 2890 2807 2801 1615
16228 1651 1650 2834 1676
16229 1857 2978 1886 1885
16230 1555 2930 1556 1720
16231 215 216 1876 2884
16232 2977 226 3003 2971
16233 1895 2756 1896 1724
16234 465 1861 288 1790
16235 469 2856 1813 1815
16236 1681 2889 1628 1918
16237 1676 1627 2889 1629
16238 1837 2873 1844 2845
16239 1583 2803 1581 1786
16240 1280 226 2976 2977
16241 1707 2888 2768 1792
16242 1896 1616 2749 2747
16243 2835 2787 1577 1592
16244 1704 1707 1703 2938
16245 1706 2856 3000 1815
16246 1789 2935 2936 1790
16247 2888 2885 1876 2884
16248 449 386 24 2931
16249 2854 2799 1816 1631
16250 3006 2800 219 2861
16251 2890 2775 217 1615
16252 1676 2889 2832 1629
16253 2829 2830 2970 1924
16254 2754 2848 1898 1905
16255 1627 1714 2834 2866
16256 213 2875 2770 2768
16257 1614 2801 2800 3006
16258 1813 1718 1814 3014
16259 227 2802 2928 1785
16260 2972 226 225 1885
16261 1886 1853 2978 1857
16262 1778 1765 2908 2882
16263 1604 384 385 408
16264 1876 2885 215 2884
16265 1712 2756 1616 2749
16266 2919 1721 1850 1759
16267 2978 2975 2852 1857
16268 288 466 465 2898
16269 1912 1579 2970 1578
16270 2838 2884 1876 1900
16271 1651 1914 2832 1578
16272 1915 1849 1868 2941
16273 1856 2873 220 2872
16274 1610 1706 2766 1637
16275 2754 2920 1863 2941
16276 2995 1775 2990 2834
16277 2975 2978 1853 1857
16278 2828 1716 1692 1888
16279 2830 2970 1924 1642
16280 1709 2935 2938 2835
16281 2756 1712 1634 2760
16282 1581 2804 1620 1733
16283 1706 3000 1705 1815
16284 1900 1901 2807 1615
16285 1650 2834 2833 1651
16286 2907 230 231 1279
16287 2802 3003 2804 1734
16288 2987 2748 1617 2989
16289 1592 2787 1593 2764
16290 2977 1281 226 2971
16291 1862 2936 2898 1790
16292 2820 1674 1677 2818
16293 1711 1619 1847 2843
16294 1839 2836 1893 2755
16295 214 2885 2769 1260
16296 449 386 1820 387
16297 1919 2921 1829 2893
16298 2957 1552 1554 1684
16299 2976 225 226 1280
16300 2734 2843 1847 2987
16301 2885 2886 2769 1260
16302 1855 2852 2975 1857
16303 1762 2797 2799 1845
16304 2756 2846 1895 1896
16305 1924 2829 2830 1642
16306 1586 2891 1805 2778
16307 2935 1709 1789 2835
16308 2835 1803 1789 1611
16309 2829 1914 2832 1909
16310 2852 1857 1620 1885
16311 2819 1883 1761 1760
16312 2972 226 3003 2977
16313 2824 2881 1899 1860
16314 1677 1671 2866 2818
16315 2907 2908 229 2909
16316 1611 2835 1592 2764
16317 1703 1709 2897 2938
16318 1756 2865 1757 1755
16319 2914 2828 1692 1888
16320 1704 2875 2768 2938
16321 2889 2834 1627 1676
16322 2890 2838 2807 1900
16323 2756 1895 2998 1724
16324 1686 1607 455 2940
16325 218 219 1614 3006
16326 2876 1874 2747 1618
16327 449 24 386 387
16328 2931 2932 1820 1781
16329 1707 2768 2888 2938
16330 2837 2835 1611 2764
16331 215 216 2886 1261
16332 455 1688 1686 2730
16333 1611 2766 1612 2764
16334 2807 1613 1643 2806
16335 2781 2788 1599 1600
16336 1843 1638 2791 2841
16337 2756 1712 1724 1634
16338 2749 1711 1712 2760
16339 2876 3008 1874 3007
16340 2783 2772 1749 2753
16341 1798 369 2781 394
16342 1610 2766 1612 1611
16343 1593 1610 2764 2765
16344 465 464 1861 2896
16345 2747 1874 1875 1618
16346 2780 2886 216 1261
16347 2995 2834 2833 1580
16348 2868 1714 1678 2866
16349 1785 2928 228 2925
16350 1896 2846 1875 2747
16351 3011 224 2736 2734
16352 1276 225 2736 2976
16353 1861 464 212 2896
16354 2798 1632 1633 2974
16355 1830 1831 2799 1845
16356 1856 220 221 2872
16357 2938 1803 1709 2835
16358 1911 1632 2821 1725
16359 1679 2908 2910 1778
16360 3014 1718 1814 1862
16361 1276 225 2976 1280
16362 1582 2803 2853 1581
16363 1779 231 1804 2916
16364 2873 1837 3006 2845
16365 2897 2898 2935 1790
16366 1716 2828 2918 1888
16367 1901 2807 2838 1900
16368 2922 2762 1811 1788
16369 1593 1610 1611 2764
16370 1803 2835 1592 1611
16371 2886 2885 215 1260
16372 1830 2799 2822 1845
16373 1578 2829 2970 1924
16374 2898 466 2936 1862
16375 2856 469 1813 468
16376 1613 1901 2807 1643
16377 1743 1805 1764 2794
16378 1923 1882 2961 1894
16379 1591 1647 2790 1576
16380 2844 1713 1633 1854
16381 1591 1593 2765 1636
16382 2931 1820 386 1781
16383 1838 2782 2958 1685
16384 2855 212 464 2896
16385 1876 1822 2888 2838
16386 2853 2852 1855 1620
16387 2892 2773 1560 1660
16388 1895 1908 2998 1724
16389 1716 2828 3005 2918
16390 2786 2766 1706 1637
16391 2910 1779 1778 1568
16392 1853 2843 2978 2975
16393 2971 2996 227 1272
16394 1611 1612 2767 2764
16395 1273 229 2925 2909
16396 2890 217 216 1900
16397 1820 1818 2932 449
16398 2798 1632 1911 1762
16399 1905 2754 2847 1902
16400 2946 1921 1657 1655
16401 2837 1814 2767 1611
16402 2972 3003 226 1734
16403 2888 1792 1822 1876
16404 2780 216 217 1264
16405 1847 1853 1711 2843
16406 364 365 1804 390
16407 1756 2865 2864 1757
16408 1759 2880 2919 2878
16409 2766 2767 1612 2764
16410 2908 1679 1680 1778
16411 2868 2847 2857 1736
16412 450 2932 1818 449
16413 1743 1805 2794 2778
16414 1855 1582 2853 1620
16415 1702 2875 213 1704
16416 1804 2894 364 390
16417 1680 1765 2908 1778
16418 17 232 2937 389
16419 2961 474 475 1866
16420 1924 2970 1912 1642
16421 2873 1837 220 2874
16422 2753 2755 2754 1819
16423 213 2770 1267 2768
16424 1779 230 231 2916
16425 2800 218 2861 1269
16426 2800 2877 1265 1269
16427 1708 2825 471 470
16428 1568 1778 2910 2883
16429 1803 1789 1709 2835
16430 1783 451 1774 1597
16431 1667 3012 1668 1881
16432 2836 1669 2857 1737
16433 2768 213 2875 1704
16434 1629 2889 2984 1635
16435 1814 2936 1862 1789
16436 1874 3008 1844 3007
16437 2881 2824 2994 1860
16438 2767 1813 3014 468
16439 1645 1916 1732 2831
16440 378 1554 377 402
16441 1273 229 228 2925
16442 1661 2892 1560 1660
16443 3006 1614 2801 2806
16444 2928 228 227 1785
16445 1576 1912 2970 1574
16446 389 232 2937 2894
16447 451 2723 1774 1597
16448 1709 2897 2935 1790
16449 2960 1865 2733 1877
16450 1764 1765 1763 2882
16451 2994 2864 1757 1727
16452 2890 2884 2838 1900
16453 2885 215 214 1792
16454 2817 1726 1728 1738
16455 1851 1821 2838 2965
16456 2805 1798 2781 394
16457 2731 1873 1878 1877
16458 2775 2780 217 1264
16459 1661 1605 2892 1604
16460 2970 1912 1578 1924
16461 2843 1853 2844 2975
16462 2961 474 1866 1923
16463 1803 2938 1821 2965
16464 1851 1575 2838 2839
16465 467 289 1718 1862
16466 1910 1725 2998 1724
16467 449 2932 1820 2931
16468 2861 218 219 1269
16469 2761 2821 1632 1725
16470 1636 2765 1591 2790
16471 2781 2788 1600 2777
16472 2832 2834 2889 1676
16473 2896 2897 2875 1702
16474 231 2917 1804 2916
16475 1725 2761 1724 1634
16476 1640 1638 2785 1637
16477 2873 3006 1837 2874
16478 2921 1788 2922 1919
16479 471 293 1693 1708
16480 1574 1912 2970 1644
16481 1901 2838 1851 1900
16482 2995 1587 1775 1580
16483 1622 2862 1623 2863
16484 2836 2782 2958 1838
16485 1713 1634 2760 2844
16486 1709 2935 2897 2938
16487 1725 2761 2998 1724
16488 2778 1741 1800 2777
16489 1716 2954 2828 1717
16490 2881 1755 1859 1860
16491 2856 3000 2786 1706
16492 2838 1575 1851 2965
16493 1737 2857 2836 2847
16494 1816 2789 2799 2778
16495 1718 3014 468 467
16496 2852 2853 2803 1620
16497 476 2960 475 1866
16498 2773 2892 407 1660
16499 2835 2787 1592 2764
16500 2885 214 2768 1792
16501 1813 2767 2856 468
16502 1711 1713 2760 2844
16503 2839 2838 1851 1901
16504 1612 2767 1814 1611
16505 232 231 1282 2917
16506 2836 1839 2754 2755
16507 1646 1636 1591 2790
16508 2854 1816 2799 2778
16509 2907 231 230 2916
16510 2996 227 1281 2971
16511 1844 3008 1916 2845
16512 1679 2907 230 1779
16513 1886 3011 2978 2734
16514 1877 2960 1865 1869
16515 2796 368 1742 2805
16516 2926 1785 1733 1786
16517 3005 1716 2918 1881
16518 2806 3006 1695 2845
16519 3008 1874 2747 2876
16520 2849 2880 1867 2810
16521 2783 1891 2755 2753
16522 1282 2912 235 2937
16523 2769 2886 2899 1260
16524 2853 2973 1630 1855
16525 1867 1623 2810 2863
16526 1716 1719 2954 1717
16527 226 2972 1734 1885
16528 2824 2994 1860 1728
16529 2815 374 375 399
16530 2920 1850 1751 1819
16531 390 365 1804 2895
16532 2803 1581 2804 1620
16533 2888 2885 2768 1792
16534 1650 2833 2834 1580
16535 253 2758 1267 1268
16536 2925 2929 1273 2909
16537 2936 1814 2837 1789
16538 2828 3005 2954 1716
16539 2866 2820 1677 2818
16540 455 1686 2939 2730
16541 1265 218 2800 1269
16542 1881 1716 2918 1888
16543 2975 2973 1630 1854
16544 1611 2767 2837 2764
16545 1804 2894 390 2895
16546 2889 2820 1681 2866
16547 1618 2748 222 1617
16548 2965 2838 1575 2839
16549 2785 1638 1640 2841
16550 1602 1800 2789 1816
16551 1663 2921 1788 2751
16552 2794 2779 1741 2778
16553 3008 1874 1875 2747
16554 2973 2853 2975 1855
16555 452 2723 451 1597
16556 2748 2747 2749 1618
16557 2847 2754 1812 1902
16558 1611 1610 2766 2764
16559 1851 1822 1876 2838
16560 452 451 1783 1597
16561 1779 2907 230 2916
16562 2847 1737 2857 1736
16563 387 449 24 410
16564 2919 2920 2880 1759
16565 1617 2748 222 2989
16566 391 1568 365 2895
16567 2806 1643 2830 1645
16568 1644 2830 2807 1643
16569 1857 1855 2852 1620
16570 1648 1632 1633 2798
16571 372 371 2881 1859
16572 220 1837 2873 1856
16573 1891 2783 1749 2753
16574 2731 1878 2792 1877
16575 1586 1816 2854 2778
16576 1851 2839 1901 1574
16577 2811 2906 1701 2812
16578 1882 2918 2961 1894
16579 2884 1876 2888 2838
16580 1786 1583 2803 2891
16581 2857 1670 2958 2867
16582 467 2936 466 1862
16583 3000 1705 2786 1706
16584 2948 2882 1764 2794
16585 2932 1782 1820 1781
16586 2866 1671 2857 2818
16587 1820 1818 1782 2932
16588 2974 1633 1630 1854
16589 2885 214 215 1260
16590 2975 2974 2973 1854
16591 1719 2954 3005 1716
16592 1670 2857 1671 2818
16593 1602 2789 1831 1816
16594 1896 1616 2747 1618
16595 2819 1883 1674 1673
16596 224 1886 1847 2734
16597 471 293 1694 1693
16598 1648 1630 1649 2973
16599 227 226 1281 2971
16600 1733 1581 2803 1786
16601 2735 224 2736 1275
16602 1795 1796 2727 1797
16603 1802 2781 1599 1600
16604 2828 2914 2918 1888
16605 1655 2879 1625 1920
16606 2785 1640 2955 2841
16607 2874 3006 219 2861
16608 476 298 477 2733
16609 2955 1641 2786 2826
16610 1921 2946 2945 1655
16611 1647 2790 1576 2964
16612 1695 1645 2806 2845
16613 2885 2768 214 2769
16614 2980 240 241 1281
16615 2808 2809 1664 2810
16616 2803 2926 1733 1786
16617 1785 2926 2802 2925
16618 1818 450 449 2726
16619 1576 2790 1591 2964
16620 1611 1592 1593 2764
16621 1644 1912 2970 1642
16622 2848 2754 2847 1905
16623 2869 221 1283 2872
16624 2772 2930 1749 2753
16625 1696 2858 1697 2966
16626 2922 2762 1788 2921
16627 1830 2789 1831 1602
16628 2936 3014 1814 1862
16629 2872 220 221 1271
16630 2882 1764 1765 2948
16631 2882 1763 1764 2794
16632 365 390 391 2895
16633 388 2937 17 1277
16634 3012 1667 2967 1881
16635 466 288 289 1862
16636 1778 2908 2910 2882
16637 1585 2862 1622 1621
16638 1803 1577 2835 2965
16639 1684 2816 2782 1682
16640 2929 1273 228 2925
16641 2788 2789 1601 1600
16642 2797 2799 2798 1762
16643 2974 1630 2973 1854
16644 1895 1908 2846 2998
16645 399 2815 374 2865
16646 231 2907 1279 2912
16647 2815 374 2865 1756
16648 2787 1593 2764 2765
16649 1802 1799 1798 2777
16650 1694 1692 1723 2914
16651 2915 2961 2918 1894
16652 2785 2955 1640 1637
16653 2831 1732 1642 1731
16654 2974 2844 1633 1854
16655 2755 2782 2836 1838
16656 1776 1697 2741 2743
16657 2998 2846 1895 2756
16658 1598 1606 1596 453
16659 1855 2975 1853 1857
16660 376 377 1897 401
16661 2946 1796 1921 2944
16662 1821 1851 1575 2965
16663 1260 215 2886 1261
16664 2960 476 1865 1866
16665 1875 1916 3008 2846
16666 1909 1914 2832 1629
16667 2938 1803 2835 2965
16668 2770 2855 213 1268
16669 1816 1800 2789 2778
16670 1860 1899 2824 1728
16671 1616 2749 2747 1618
16672 450 1818 1782 1810
16673 471 1694 2827 1693
16674 2863 1622 2862 2951
16675 2970 1579 2833 1578
16676 2951 2947 2945 1625
16677 2910 2907 1679 1779
16678 2796 368 2805 393
16679 212 1861 2896 1702
16680 1896 2756 2846 2747
16681 2815 375 374 1841
16682 1831 2799 2789 1830
16683 227 2802 2971 2928
16684 1606 1687 1689 2940
16685 1789 1814 2837 1611
16686 1867 1868 2880 2849
16687 1581 2803 2804 1733
16688 1714 1735 2868 1678
16689 2874 220 2872 1271
16690 2928 2971 227 1272
16691 2936 1814 3014 2837
16692 2760 2843 1711 2844
16693 2817 1728 2824 1738
16694 2831 1732 1645 1642
16695 389 2937 17 388
16696 2906 1766 2812 2746
16697 1633 2761 1634 2844
16698 1813 2856 1612 1815
16699 1679 229 2908 1680
16700 1781 2932 1782 1603
16701 2721 1598 338 1594
16702 2844 1633 2761 2974
16703 224 2735 2736 2734
16704 2749 2843 1711 2760
16705 1556 2930 2992 2919
16706 1824 2902 2903 1835
16707 2785 2766 1610 2765
16708 466 289 467 1862
16709 1761 2797 2819 1760
16710 222 2876 2748 1618
16711 1715 2782 2783 2755
16712 232 1804 231 2917
16713 1801 1586 1805 2778
16714 1829 1919 2893 1605
16715 1576 1647 2962 1912
16716 2975 1630 2973 1855
16717 2945 1655 2879 1625
16718 2907 229 230 2909
16719 1577 2787 2835 2965
16720 2887 1568 391 2895
16721 2889 1681 1627 2866
16722 2854 2803 1582 1583
16723 2736 224 225 1276
16724 2857 2868 1736 2866
16725 2967 1698 2858 1719
16726 1278 230 229 2909
16727 1844 2873 1837 1856
16728 2764 1610 2766 2765
16729 2838 2839 2807 1901
16730 1584 2808 1664 2810
16731 1762 1911 2797 1760
16732 1610 2785 2765 1636
16733 2951 1622 2862 1621
16734 1607 1688 1686 455
16735 1805 1743 1801 2778
16736 2985 1635 1918 1725
16737 2867 2818 1670 1848
16738 2759 252 253 1259
16739 1901 2839 2807 1644
16740 2919 1561 1722 1721
16741 1789 2837 2935 2835
16742 365 366 1568 391
16743 1276 243 2942 1275
16744 1804 1779 2916 2895
16745 2818 1675 1670 1848
16746 1876 1851 2838 1900
16747 1574 2970 2839 1644
16748 1600 2788 2789 2777
16749 374 2815 1841 1756
16750 1731 2829 2984 1909
16751 2864 1880 1756 1757
16752 2951 2945 2879 1625
16753 2970 2830 1644 1642
16754 2756 1896 2749 2747
16755 1260 2886 2899 1261
16756 1719 3005 2967 1881
16757 2750 1567 2949 2752
16758 455 2939 1686 2940
16759 1878 2792 2793 2731
16760 1608 1598 338 2722
16761 2827 2825 471 1693
16762 1724 2761 2756 1634
16763 461 331 1653 1793
16764 2949 2950 1654 2879
16765 2748 2876 222 2989
16766 1591 1647 1646 2790
16767 1742 1791 368 2796
16768 2804 2803 2802 1733
16769 384 1660 383 408
16770 2726 449 1820 387
16771 385 409 2927 408
16772 2785 2791 1638 2841
16773 1601 2789 1602 1600
16774 1259 2899 252 1261
16775 1872 2793 2900 2923
16776 1697 1698 2858 1696
16777 2919 1721 2878 2956
16778 385 2927 1604 408
16779 1641 2955 2786 1637
16780 2861 219 2874 1270
16781 2796 367 368 393
16782 1625 2879 2951 1920
16783 2787 1591 1593 2765
16784 2779 1741 2778 2777
16785 1814 2767 1813 3014
16786 2973 1649 2799 1631
16787 2863 2879 1658 1920
16788 2975 2853 2852 1855
16789 1723 473 2915 1894
16790 231 2907 2912 2916
16791 1656 2950 2949 2752
16792 1276 2736 224 1275
16793 2742 1776 1777 2741
16794 2906 1766 1701 2812
16795 2796 2887 367 392
16796 2992 1556 2919 1722
16797 3000 1708 1705 1815
16798 1645 2830 2806 2845
16799 1570 2941 2981 1572
16800 475 474 296 1866
16801 2791 2765 1636 2790
16802 2889 2984 2832 1629
16803 454 3010 1598 453
16804 2794 1805 2891 2778
16805 2811 1691 2906 2905
16806 2973 1648 1630 2974
16807 1612 2767 2856 1813
16808 2891 1764 1805 2794
16809 298 476 1865 2733
16810 1908 2831 2984 1731
16811 2900 2903 2902 1835
16812 1842 2816 1682 1841
16813 384 2892 1604 1660
16814 2826 1692 1641 1693
16815 2930 2992 2771 1557
16816 2798 2821 1632 2761
16817 1740 2795 2779 2794
16818 221 222 2876 2869
16819 2778 1800 2789 2777
16820 2872 2873 220 2874
16821 1568 2910 1779 2895
16822 2738 1808 2737 1806
16823 1712 1713 1634 2760
16824 2804 2852 2803 1620
16825 1764 1786 1787 2948
16826 1734 2802 227 1733
16827 387 2726 449 410
16828 2809 2849 2981 1589
16829 1866 474 296 1923
16830 1830 1601 2823 1602
16831 2887 366 367 392
16832 2949 1567 1656 2752
16833 1714 2868 2834 2866
16834 2880 1868 2941 2849
16835 2908 2925 229 2909
16836 1792 214 2768 1704
16837 1633 1648 2798 2974
16838 1802 369 2781 1798
16839 1646 2791 1636 2790
16840 1664 1871 2808 1584
16841 1755 2881 3004 1860
16842 2830 2839 2970 1644
16843 1600 1802 2781 2777
16844 2872 221 1283 1271
16845 2992 1829 2921 2893
16846 1798 2781 1802 2777
16847 2802 2926 1785 1733
16848 2798 1649 2799 2973
16849 2779 2795 1740 2796
16850 2840 2742 2995 1753
16851 1645 1916 2831 2845
16852 1785 2926 2925 1787
16853 1726 1728 2993 2817
16854 2791 2840 1843 2841
16855 1908 1732 1916 2846
16856 1752 1904 2990 1903
16857 1696 1700 1590 2966
16858 1662 1567 2750 2752
16859 2948 1764 1786 2891
16860 1685 1683 2782 1682
16861 1734 1620 2804 1733
16862 2853 1630 2973 1582
16863 2865 2994 1757 1755
16864 1598 3010 454 2940
16865 2771 2930 1557 1780
16866 1588 2981 2809 2997
16867 1900 2890 217 1615
16868 2744 1609 1904 1776
16869 1922 2858 2954 2841
16870 2753 2919 2930 1751
16871 2766 2785 1610 1637
16872 2937 232 1282 2917
16873 2894 364 232 1804
16874 2762 1788 2921 2751
16875 1575 2965 2839 2964
16876 2949 1654 1658 2879
16877 1726 2818 1673 2817
16878 2781 2842 370 1599
16879 1743 1741 1801 2778
16880 3010 1596 1606 453
16881 375 400 2815 399
16882 2975 1853 1854 1855
16883 471 1694 293 472
16884 2954 2967 2858 1719
16885 1692 1723 2914 1888
16886 2910 1568 2883 2895
16887 2763 450 1782 1810
16888 2932 1818 1782 450
16889 1878 2793 1873 2731
16890 2832 2833 2834 1651
16891 2914 1694 1692 2827
16892 1912 2962 1576 2970
16893 1708 1705 2825 3000
16894 366 1568 391 2887
16895 1605 2771 2992 1557
16896 2926 2802 2803 1733
16897 1657 2950 2946 1655
16898 1696 1667 1698 2966
16899 1791 367 368 2796
16900 1734 2804 2802 1733
16901 1913 477 298 2733
16902 1711 1713 1712 2760
16903 2858 1922 1852 2841
16904 2781 1798 2805 2777
16905 1821 2938 2888 2965
16906 1820 1818 449 2726
16907 2872 1283 3009 1271
16908 1597 2762 452 2968
16909 1831 2789 2799 1816
16910 2820 2821 2889 1918
16911 1270 2861 219 1269
16912 1784 1596 1606 2968
16913 1692 2828 2914 2827
16914 2762 1597 1784 2968
16915 1692 2826 2827 1693
16916 475 297 476 1866
16917 1606 1598 3010 453
16918 1796 2730 2727 2946
16919 1597 452 1595 1596
16920 219 220 2874 1270
16921 2798 1911 2821 1762
16922 2824 2993 1728 2817
16923 1910 2998 1908 1724
16924 1662 1689 1567 2752
16925 2798 1648 1649 2973
16926 2742 2990 1904 2848
16927 2761 1632 1633 1634
16928 2837 2935 2936 1789
16929 2844 2974 2975 1854
16930 1725 2998 2985 1910
16931 2839 1851 1575 1574
16932 3010 1598 1606 2940
16933 3008 1875 2846 2747
16934 1614 219 1837 3006
16935 228 1680 2925 229
16936 2883 1763 1778 2882
16937 2867 1670 2958 1864
16938 1590 2981 1588 2997
16939 1635 2889 2984 2985
16940 1661 2892 2773 1560
16941 1781 386 2931 385
16942 378 1551 2999 379
16943 1651 2834 2832 1676
16944 1778 1569 1763 2883
16945 2877 2800 2861 1269
16946 2962 1576 2970 2964
16947 1820 1817 2726 387
16948 2941 2981 1572 2744
16949 1698 2858 2966 2967
16950 1787 1786 2926 2948
16951 2750 1563 1567 1662
16952 1721 1561 1659 2956
16953 1577 1803 1821 2965
16954 2922 2921 1919 2893
16955 1576 1591 1577 2964
16956 1786 2926 2948 2891
16957 2799 1831 1816 1631
16958 2761 2985 2821 1725
16959 368 369 1798 394
16960 1765 2908 2882 2948
16961 229 2925 2908 1680
16962 1712 2756 2749 2760
16963 2762 452 1783 1597
16964 2994 2865 3004 1755
16965 1658 1758 2863 1920
16966 1695 1844 1916 2845
16967 2846 1908 1732 2831
16968 1923 2961 474 1894
16969 1632 2798 2761 2974
16970 3008 2873 1844 3007
16971 2900 2952 2793 1566
16972 3013 1667 2967 3012
16973 2823 2799 2822 1830
16974 1642 2829 2831 1731
16975 2865 373 3004 1755
16976 1916 1875 1895 2846
16977 2766 2856 2786 1706
16978 2995 2742 1752 1753
16979 2761 2998 2985 1725
16980 2811 460 1691 2905
16981 1271 2874 220 1270
16982 2924 478 300 1906
16983 1708 471 293 470
16984 1678 1671 1736 2866
16985 2756 2998 2761 1724
16986 384 1604 2892 408
16987 2881 1859 1899 1860
16988 2816 376 1897 401
16989 2878 2949 1658 2879
16990 2849 1664 2809 2810
16991 2799 2854 2973 1631
16992 228 1787 1785 2925
16993 1916 1895 1908 2846
16994 1825 2737 1806 1823
16995 1682 2816 2815 1841
16996 1693 2826 2825 1705
16997 292 1708 3000 1815
16998 1776 2742 2744 2743
16999 1808 2737 1806 1825
17000 2956 1722 1561 2986
17001 1756 2815 1841 2864
17002 1789 1709 2935 1790
17003 2790 1647 2962 2964
17004 2904 480 2903 1826
17005 2908 2910 2907 1679
17006 2981 1590 1588 1589
17007 2814 2958 2782 1685
17008 1852 1697 1698 2741
17009 2828 1692 2826 2827
17010 2830 1645 2831 2845
17011 1904 2742 2744 1776
17012 1792 1707 2888 1822
17013 381 1639 380 3001
17014 2956 1562 2949 1563
17015 1591 2787 1577 2964
17016 1753 2742 1754 1777
17017 2966 1667 1698 2967
17018 1672 2958 1670 1864
17019 2916 1779 2910 2895
17020 1779 2910 2907 2916
17021 1626 2945 2947 1625
17022 1752 2742 1904 1754
17023 2739 2738 2737 1806
17024 1844 2873 3008 2845
17025 2766 2786 2785 1637
17026 1782 2932 450 2763
17027 2766 2856 1706 1612
17028 1913 1873 2731 1877
17029 1281 227 2996 1272
17030 1660 2892 407 408
17031 1624 2947 2737 2953
17032 374 399 2865 398
17033 1651 2832 2833 1578
17034 1675 1677 1674 2818
17035 2889 1681 2820 1918
17036 2961 2915 474 1894
17037 2955 1641 1640 1637
17038 2914 2915 1888 1894
17039 3004 2994 1755 1860
17040 1692 1641 2828 2826
17041 3010 1606 1596 2968
17042 2768 214 213 1704
17043 1738 2817 1726 1739
17044 370 2842 2781 395
17045 1795 1796 1657 2946
17046 2725 450 1818 2726
17047 2734 1847 223 2987
17048 1273 2929 1278 2909
17049 1632 2761 1725 1634
17050 372 3004 1755 1859
17051 1267 214 213 2768
17052 2954 3005 2967 1719
17053 2811 1772 2813 2812
17054 1849 1915 1863 2941
17055 2945 2946 2950 1655
17056 372 371 397 2881
17057 2994 3004 2881 1860
17058 2904 301 480 1826
17059 2952 1566 1835 1564
17060 2889 1627 1681 1628
17061 2854 2803 1583 2891
17062 1597 1783 2762 1784
17063 1554 2957 377 402
17064 1643 2830 2807 2806
17065 2994 2824 2993 1728
17066 2918 2961 2959 1882
17067 1566 2793 2900 1872
17068 1756 1841 1880 2864
17069 2951 2879 2863 1920
17070 1634 2761 2756 2760
17071 1642 1924 2829 1731
17072 1785 227 2802 1733
17073 2783 2784 2782 1552
17074 378 2999 403 379
17075 1832 1688 456 1795
17076 2988 2735 2983 1275
17077 2990 1752 1775 2995
17078 1715 2783 2782 1552
17079 2829 2831 2830 1642
17080 1921 2946 2944 2945
17081 1880 1682 2814 1841
17082 2824 2881 2842 1899
17083 2730 1686 1657 1795
17084 2927 1781 2931 385
17085 1583 1786 1805 2891
17086 1623 1665 1867 2810
17087 1879 2959 2792 1869
17088 2976 2979 1276 1280
17089 2908 1765 1680 2948
17090 1676 2832 1914 1629
17091 2799 2823 2789 1830
17092 2967 1667 1698 1719
17093 469 292 3000 1815
17094 1587 1775 1752 2995
17095 2961 2960 1869 1923
17096 1646 1647 2963 2790
17097 2805 368 1798 394
17098 1838 1683 2782 1685
17099 2856 1706 1612 1815
17100 1917 1898 2848 1905
17101 1669 2857 1737 1736
17102 2951 2863 1622 1920
17103 1567 2949 1562 1563
17104 2814 1880 1841 2864
17105 1878 2793 2792 2933
17106 1865 476 297 1866
17107 1904 2744 2742 2848
17108 3012 3013 1667 1668
17109 2746 482 483 1771
17110 1664 1871 2809 2808
17111 2768 2757 1267 2769
17112 1278 2907 230 2909
17113 1576 2962 1647 2964
17114 1809 2745 480 2903
17115 1607 1606 1598 2940
17116 2787 1591 2765 2790
17117 1752 2990 2742 2995
17118 1913 298 1865 2733
17119 1705 1641 2786 1637
17120 1701 1691 2906 2811
17121 367 2796 392 393
17122 1874 1844 3008 1875
17123 2821 1632 1911 2798
17124 2865 373 374 398
17125 2919 1556 2930 1720
17126 2754 1839 2836 1812
17127 2916 2917 1804 2895
17128 1893 2836 1839 1812
17129 2737 1825 1624 1823
17130 2769 1267 214 1260
17131 1904 1609 2744 1917
17132 373 2865 1756 1755
17133 2989 2871 2869 1263
17134 2931 386 24 409
17135 1686 1687 1607 2940
17136 2737 1808 2738 1825
17137 1888 2918 1882 1894
17138 1756 2865 2815 2864
17139 1805 1786 1764 2891
17140 1753 2840 2742 1777
17141 2834 1775 2990 1907
17142 1799 1742 1798 2805
17143 2879 1658 2878 2863
17144 1800 1816 1801 2778
17145 1560 2771 1661 1559
17146 451 1774 2725 1810
17147 2797 2822 2799 1845
17148 2782 1683 1684 1682
17149 458 1746 2851 1744
17150 2803 2853 2854 1582
17151 2932 1781 2927 1603
17152 2937 1282 2912 2917
17153 2868 2834 2990 1907
17154 1773 1818 1817 2726
17155 1742 1799 2779 2805
17156 1916 3008 2846 2845
17157 1812 2836 2754 2847
17158 1631 2973 1630 1582
17159 2733 2792 2960 1877
17160 1801 1741 1800 2778
17161 2967 1667 1719 1881
17162 2785 1610 1637 1636
17163 1593 1591 2787 1592
17164 1575 1576 2964 1574
17165 2757 253 2758 1267
17166 1872 1873 2793 2923
17167 1588 2809 2981 1589
17168 2946 2727 1796 2944
17169 1810 451 1774 1783
17170 1641 2826 1693 1705
17171 2965 1575 1577 2964
17172 1570 2941 2849 2981
17173 1912 1647 2962 1579
17174 2805 1798 1799 2777
17175 2949 1654 2950 1656
17176 2984 1635 2985 1910
17177 17 233 388 1277
17178 394 369 2781 395
17179 2756 1712 1896 1724
17180 1841 2815 2814 2864
17181 1682 2815 2814 1841
17182 223 2735 2734 2987
17183 1593 1610 2765 1636
17184 2887 367 366 1791
17185 2829 2832 2984 1909
17186 382 1560 2773 383
17187 473 1723 295 1894
17188 2738 2740 2737 1825
17189 1827 2717 336 1832
17190 1579 2833 2962 2970
17191 2967 3005 3012 1881
17192 2867 2993 2818 1848
17193 1281 226 1280 2977
17194 2960 2792 2959 1869
17195 2812 1701 1772 1767
17196 2904 1836 301 1826
17197 2839 2830 2807 1644
17198 1911 2797 2821 1762
17199 2864 2865 2994 1757
17200 1816 1586 1801 2778
17201 1552 1554 2784 2957
17202 1635 1918 2889 2985
17203 2984 1908 1731 1909
17204 1577 2787 2965 2964
17205 2792 2960 1877 1869
17206 2927 2931 409 385
17207 1743 1763 1740 2794
17208 1796 2727 2730 1795
17209 1774 1773 2725 1810
17210 1829 2921 1919 1666
17211 301 1836 2904 479
17212 2955 2828 2954 1717
17213 1267 2770 2757 2768
17214 228 1680 1787 2925
17215 2730 456 1688 1795
17216 1568 2887 2883 2895
17217 2904 1872 2900 2923
17218 1602 2789 1800 1600
17219 1722 2919 2992 2986
17220 1918 1911 2821 1725
17221 2771 1661 2892 2773
17222 464 155 212 2855
17223 1869 1879 2959 1668
17224 1715 2783 1891 2755
17225 1786 2926 1785 1787
17226 1697 1698 2741 2858
17227 2928 228 2929 1272
17228 1698 1852 2741 2858
17229 2752 1606 1689 2940
17230 1809 480 301 1826
17231 2722 1598 338 2721
17232 2826 1641 2786 1705
17233 1267 2770 213 1268
17234 2984 1909 1635 1910
17235 2779 1799 1742 1741
17236 221 222 1874 2876
17237 2953 2737 1624 1823
17238 1802 1600 1799 2777
17239 373 372 397 3004
17240 2768 1267 214 2769
17241 2925 2908 1787 2948
17242 369 370 2781 395
17243 2891 2948 1764 2794
17244 1755 3004 2881 1859
17245 1795 2727 2730 1797
17246 1923 474 296 1894
17247 1601 2789 2823 1602
17248 1786 2803 2926 2891
17249 2979 1276 2736 2976
17250 232 2917 2894 1804
17251 1852 1843 2840 2841
17252 1649 1648 2798 1762
17253 1759 1659 1758 2878
17254 2864 2867 1880 1727
17255 1882 2961 2959 1923
17256 2996 240 1281 1272
17257 2929 228 2928 2925
17258 2728 1834 1795 1797
17259 1814 2767 1612 1813
17260 1736 2868 1735 1678
17261 1888 2915 2918 1894
17262 2995 2833 2962 1579
17263 1630 1649 2973 1631
17264 2937 232 17 1277
17265 2939 1686 1657 2730
17266 2748 2876 2747 1618
17267 1907 1735 2868 1714
17268 2848 1904 2744 1917
17269 1791 2887 367 2796
17270 2820 1677 1681 2866
17271 1281 2977 2996 2971
17272 224 223 2735 2734
17273 1660 384 2892 408
17274 1913 2731 1873 1906
17275 2829 2984 2831 1731
17276 2795 1740 1763 2794
17277 1694 471 2827 472
17278 2752 1689 1687 2940
17279 2736 2943 1276 2979
17280 1685 2782 2814 1682
17281 2854 2891 1586 2778
17282 2839 1901 1574 1644
17283 223 224 1847 2734
17284 2994 1757 1860 1728
17285 2959 2792 2934 1879
17286 2903 1824 1835 1826
17287 2962 1912 1579 2970
17288 1722 1561 2919 2956
17289 3012 1668 1881 1882
17290 1847 1619 223 2987
17291 2825 1708 3000 470
17292 2787 1591 2790 2964
17293 2829 2970 2833 1578
17294 480 1809 2903 1826
17295 366 1569 2887 1791
17296 2831 2846 1908 2984
17297 1599 370 2781 1802
17298 1916 1645 1695 2845
17299 1607 1687 1606 2940
17300 2902 2901 1835 1823
17301 2771 1661 2773 1560
17302 2855 212 213 1268
17303 2829 2832 1914 1578
17304 1741 1799 1800 2777
17305 2743 1696 1697 2966
17306 2922 2762 2763 1811
17307 1836 301 300 479
17308 1791 1740 2795 2796
17309 1278 230 2907 2913
17310 2762 452 451 1783
17311 2957 2782 1552 1684
17312 1904 2990 2742 1752
17313 1772 2811 1701 2812
17314 2913 1278 230 1279
17315 1818 1773 2725 2726
17316 2796 1742 2779 2805
17317 2869 1283 3009 2872
17318 2818 2819 1674 1673
17319 2809 1664 2849 1589
17320 1781 2931 2932 2927
17321 1867 2880 1758 2863
17322 1654 2950 1655 2879
17323 2927 2892 1604 408
17324 1825 2947 2737 1624
17325 2828 1717 1641 1692
17326 1813 291 469 1815
17327 1638 2791 2785 1636
17328 1903 2868 2990 1907
17329 1871 1566 1878 2808
17330 2765 2785 2791 1636
17331 2791 1638 1843 1646
17332 1810 2763 451 1783
17333 1674 1883 2820 1760
17334 1866 1869 2960 1923
17335 1922 2954 1640 2841
17336 1587 2995 2833 1580
17337 1920 1622 2951 1621
17338 1888 1723 2914 1894
17339 1671 2857 1736 2866
17340 2751 1662 2750 2752
17341 1674 1677 1681 2820
17342 1858 370 2842 1828
17343 2870 246 247 1283
17344 452 2720 1595 1596
17345 13 464 1861 465
17346 2842 2824 1899 1828
17347 2763 1782 2922 1811
17348 1808 2738 2739 1806
17349 2728 2727 2729 1797
17350 1662 2751 3010 2752
17351 2922 2932 2927 1603
17352 409 2931 386 385
17353 3001 380 381 405
17354 373 2865 3004 398
17355 2932 1782 2922 2763
17356 2983 1274 2988 1275
17357 1654 2950 1656 1655
17358 1897 377 2957 401
17359 1858 2842 2881 1899
17360 452 2720 1596 453
17361 1641 2955 2828 2826
17362 1688 455 456 2730
17363 1743 1764 1763 2794
17364 2901 2900 2902 1835
17365 1584 1585 1565 2862
17366 2812 1772 2813 1767
17367 1566 2793 1878 2808
17368 1568 366 1569 2887
17369 1656 2950 1657 1655
17370 3000 1708 292 470
17371 1782 2763 1810 1811
17372 2747 1875 1896 1618
17373 1656 1687 1657 2939
17374 2846 1732 1916 2831
17375 2915 2918 2914 1888
17376 2901 2952 1835 1564
17377 1757 2994 1727 1728
17378 370 369 2781 1802
17379 1835 1824 2902 1823
17380 1568 1804 365 2895
17381 1751 2753 2920 1819
17382 2902 1824 1806 1823
17383 459 460 332 1769
17384 1879 2934 2959 1668
17385 2821 2889 1918 2985
17386 1898 2848 2744 1917
17387 292 3000 470 469
17388 1587 2995 1652 1579
17389 1559 1560 2773 1558
17390 1747 2728 2729 1797
17391 1637 1638 2785 1636
17392 1843 1852 1638 2841
17393 3005 1719 1716 1881
17394 1883 2819 2820 1760
17395 2824 2823 2817 1738
17396 2865 374 373 1756
17397 2984 2846 1908 2998
17398 1787 2926 2925 2948
17399 1624 2951 2947 2953
17400 2929 228 1273 1272
17401 2727 2728 2730 1797
17402 1568 1569 1778 2883
17403 2862 1565 2952 1573
17404 1658 1562 1654 2949
17405 464 463 155 2855
17406 1678 1736 2868 2866
17407 2902 2739 2737 1806
17408 2893 1605 1603 1604
17409 1729 2772 1749 2783
17410 2819 1883 1673 2817
17411 2840 2742 1777 2741
17412 2775 2800 2877 1265
17413 1846 1921 1796 2944
17414 1626 2947 1825 1624
17415 1598 454 1607 2940
17416 2779 1799 1741 2777
17417 1569 1568 2887 2883
17418 2960 2961 1866 1923
17419 2786 2955 2785 1637
17420 3004 373 372 1755
17421 2996 2982 240 1272
17422 2878 1758 2880 2863
17423 2918 2959 3012 1882
17424 1652 2995 2962 1579
17425 2810 1623 2862 2863
17426 1869 2959 2961 1923
17427 1808 2738 1748 1767
17428 2816 2814 2782 1682
17429 376 2816 1897 1842
17430 2808 1565 2952 2862
17431 2992 1829 1605 1557
17432 1783 1810 2763 1811
17433 2746 483 2906 1771
17434 2833 2995 1587 1579
17435 2771 2930 1780 2772
17436 2942 2736 1276 1275
17437 2741 1852 2840 2841
17438 2914 1723 1694 472
17439 1674 1883 2819 2820
17440 1777 1852 1843 2741
17441 2864 2994 2867 1727
17442 2989 2876 222 2869
17443 3012 3005 2918 1881
17444 1282 231 2912 2917
17445 1563 1567 2949 2750
17446 1715 2782 2755 1838
17447 2736 2942 2735 1275
17448 2820 1681 1760 1918
17449 1852 1698 1922 2858
17450 3004 372 2881 1859
17451 2985 1918 2821 1725
17452 2808 1584 2862 2810
17453 1765 1778 1763 2882
17454 1700 2744 2981 2743
17455 2857 2958 1670 1672
17456 1738 2788 2823 1601
17457 2933 1878 2793 2808
17458 2902 1824 2911 1806
17459 2952 2793 1566 2808
17460 1717 2954 2955 1640
17461 2964 2839 1575 1574
17462 378 2784 1554 402
17463 2791 1843 2840 1646
17464 1717 2955 2828 1641
17465 1726 1673 1883 2817
17466 2893 2771 2992 1605
17467 2789 1800 1600 2777
17468 1903 1735 2868 1907
17469 2772 1559 1558 1710
17470 2876 222 1874 1618
17471 1706 1705 2786 1637
17472 383 1660 407 408
17473 2960 2961 475 1866
17474 2842 370 396 395
17475 1871 2933 1878 1699
17476 1690 1772 1746 2851
17477 2809 1588 1870 1589
17478 1663 2750 2921 2751
17479 2742 1776 2741 2743
17480 2786 2825 2826 1705
17481 1655 2950 2945 2879
17482 1919 2893 1605 1603
17483 2760 1634 2761 2844
17484 1730 380 2999 379
17485 1830 2822 1739 1845
17486 1840 2754 1905 1902
17487 2907 2913 1279 2912
17488 1687 1656 1689 2752
17489 1576 1577 1575 2964
17490 2953 1621 2862 1573
17491 230 2907 2913 1279
17492 1795 2730 2728 1797
17493 2809 1871 1664 1870
17494 2893 2922 2927 1603
17495 1755 2994 1757 1860
17496 2730 1796 1795 2946
17497 1779 1679 2910 1778
17498 1779 1804 1568 2895
17499 2823 2817 1738 1739
17500 379 380 2999 404
17501 2953 1624 1621 1573
17502 1261 216 2780 1264
17503 2892 1605 2893 1604
17504 1648 1632 2798 1762
17505 1787 2908 2925 1680
17506 2924 2732 478 1906
17507 2856 2766 2767 1612
17508 1835 2900 2903 1826
17509 2831 1645 2830 1642
17510 400 376 2816 401
17511 2773 2772 1559 1558
17512 1914 2829 1578 1731
17513 1861 288 13 465
17514 1823 2953 2901 1564
17515 1570 2941 1572 1571
17516 1577 2787 1591 1592
17517 1599 2842 370 1828
17518 2894 389 364 390
17519 2868 2834 1907 1714
17520 2919 1561 1721 2956
17521 2856 469 3000 1815
17522 1845 1762 2797 1761
17523 1699 2933 1878 1879
17524 2881 2842 1858 396
17525 2933 2792 1878 1879
17526 1753 2840 1843 1652
17527 1737 2847 1887 1736
17528 2812 2739 2746 1768
17529 1832 457 1745 1834
17530 2973 2798 1648 2974
17531 1563 2949 2956 2750
17532 2750 1666 1563 1663
17533 473 2914 1723 2915
17534 2883 1569 1763 2795
17535 2730 1657 2939 2946
17536 2813 1748 2738 1767
17537 1558 382 3002 381
17538 1626 2947 2740 1825
17539 1596 1597 452 2968
17540 2818 2819 1673 2817
17541 371 397 2881 396
17542 1760 2821 2820 1918
17543 1680 1765 1787 2948
17544 2947 2740 2944 1626
17545 1868 1849 2880 2941
17546 1626 2740 1846 1825
17547 2915 2914 1723 1894
17548 2848 2990 1904 1903
17549 2789 2823 2788 1601
17550 1881 2918 3012 1882
17551 1763 2883 2795 2882
17552 1584 1623 1585 2810
17553 2889 1628 1918 1635
17554 1654 2949 1567 1656
17555 1911 2821 2797 1760
17556 1603 2927 2893 1604
17557 2953 1823 1573 1564
17558 1781 2927 1604 385
17559 1566 1873 2793 1872
17560 1566 2900 2952 1835
17561 1795 1657 2730 2946
17562 295 296 474 1894
17563 2850 2729 1748 1747
17564 1740 1763 1791 2795
17565 1651 2832 1914 1676
17566 1624 1621 2951 2953
17567 3013 1699 1588 1668
17568 479 300 1836 2924
17569 1608 2719 1827 1688
17570 2752 3010 1606 2940
17571 1831 2799 1649 1631
17572 2917 2937 232 2894
17573 482 2746 2745 1770
17574 1584 1565 2808 2862
17575 381 3002 1639 3001
17576 1684 1842 2816 1682
17577 1609 2744 1700 1776
17578 1727 2993 1848 1726
17579 1668 3012 2959 1882
17580 1283 2870 246 1263
17581 1766 2906 1794 1771
17582 2811 1772 2851 2813
17583 1872 2900 1566 1835
17584 2939 2752 1687 2940
17585 1846 1833 2727 1797
17586 1658 1758 2878 2863
17587 464 212 13 1861
17588 2732 477 1913 2733
17589 1838 2958 1672 1685
17590 2957 2816 2782 1684
17591 453 1596 452 2968
17592 1278 229 1273 2909
17593 2738 1808 1833 1825
17594 2814 1884 1685 1682
17595 1830 2823 2789 1602
17596 2961 2960 2959 1869
17597 2720 453 2721 1594
17598 1882 1881 2918 1888
17599 1852 2741 2858 2841
17600 407 382 2773 383
17601 2945 2947 2944 1626
17602 2981 1572 2744 1700
17603 1664 2809 1870 1589
17604 1588 1667 3013 1668
17605 2809 2934 1699 3013
17606 2786 2825 1705 3000
17607 1745 458 2850 457
17608 1748 2738 1808 1833
17609 1859 371 2881 1858
17610 223 2735 2988 1275
17611 2986 1666 1561 1563
17612 1717 2828 1716 1692
17613 1678 1627 1681 2866
17614 2879 1655 1654 1920
17615 1884 2958 2814 1685
17616 2868 1887 1735 1903
17617 2798 2821 2797 1762
17618 1698 2858 1696 2966
17619 3004 397 373 398
17620 1748 1746 2850 1747
17621 2834 1714 1627 1676
17622 223 2735 2987 2988
17623 1726 2993 2818 2817
17624 1858 371 2881 396
17625 451 2725 450 1810
17626 2958 2814 2867 1884
17627 2850 2729 2813 1748
17628 1884 2814 2867 1880
17629 1777 1697 1852 2741
17630 2998 1908 2984 1910
17631 2862 2951 1621 2953
17632 2869 222 2989 1263
17633 2906 1766 2746 1771
17634 2857 1669 2836 1672
17635 481 2745 480 1809
17636 2827 1694 1692 1693
17637 1806 2737 2902 1823
17638 2792 1878 1879 1877
17639 2805 1799 2779 2777
17640 2969 2874 2872 1271
17641 2823 2824 2788 1738
17642 1553 2783 1715 1552
17643 1776 2744 1700 2743
17644 2763 451 450 1810
17645 1833 2729 2727 1797
17646 2823 1738 1601 1830
17647 2791 2840 2963 1646
17648 2819 1883 2822 1761
17649 2788 2842 2781 1599
17650 2993 1727 1728 1726
17651 2953 2862 2952 1573
17652 2954 2955 1640 2841
17653 2827 2914 1694 472
17654 1727 2994 2993 1728
17655 2944 2740 1846 1626
17656 2770 2757 2758 1267
17657 1818 1820 1817 2726
17658 2819 1674 2820 2818
17659 1916 2846 2831 2845
17660 473 294 1723 472
17661 2959 1869 1882 1923
17662 2723 452 1595 1597
17663 2997 1889 1590 2966
17664 2882 2795 1763 2794
17665 2947 2737 2740 1825
17666 294 293 1694 472
17667 1919 1811 2922 1603
17668 1612 1706 2766 1610
17669 1589 1570 2981 1572
17670 1849 2920 2880 2941
17671 2732 299 478 1906
17672 1738 1828 2788 1601
17673 1824 1807 2911 1806
17674 2920 1850 1849 1759
17675 1787 1765 1764 2948
17676 1783 2763 2762 1811
17677 1811 1782 2922 1603
17678 1259 2769 2899 1260
17679 2901 2737 2953 1823
17680 1903 2990 1752 1907
17681 1813 469 291 468
17682 247 3009 1283 1271
17683 477 298 299 1913
17684 1840 1812 2754 1902
17685 1588 1667 1889 2997
17686 2922 1782 2932 1603
17687 1561 1562 2956 1563
17688 2812 2813 2738 1767
17689 1573 1565 2952 1564
17690 2860 2859 2861 1269
17691 299 478 477 2732
17692 2963 1647 1646 1652
17693 1767 1808 2812 1768
17694 1699 1588 2809 3013
17695 2900 2901 2952 1835
17696 2723 1774 2725 451
17697 2733 1913 2731 1877
17698 1696 1889 1667 2966
17699 1833 2727 2740 1846
17700 2917 2894 1804 2895
17701 1852 1640 1638 2841
17702 2862 1585 1623 2810
17703 1553 2783 1749 1891
17704 1739 2822 1883 1761
17705 1738 2823 1739 1830
17706 306 331 461 1793
17707 1723 295 294 473
17708 2783 2784 1552 1551
17709 2744 1572 2941 1571
17710 2994 2993 2867 1727
17711 1812 1737 2847 1902
17712 2999 2784 1551 378
17713 2933 1871 2809 1699
17714 1641 1717 2955 1640
17715 1625 2951 2947 1624
17716 2904 480 301 479
17717 1640 1852 1922 2841
17718 1668 2959 1869 1882
17719 1657 2950 1656 2939
17720 2763 2762 451 1783
17721 1281 1280 2980 2977
17722 2893 1919 2922 1603
17723 2981 1590 1700 2966
17724 1745 1890 457 1832
17725 2987 1619 223 1617
17726 1833 2740 2738 1825
17727 483 1794 2906 1771
17728 1624 2953 1823 1573
17729 1723 2914 473 472
17730 1551 1730 2999 379
17731 1794 483 304 1771
17732 1870 2809 1871 1699
17733 1639 1558 3002 381
17734 2729 2727 2740 1833
17735 1919 2921 1788 1663
17736 2825 1693 1705 1708
17737 1596 1598 453 1594
17738 1807 2739 2746 2911
17739 2951 1625 1920 1621
17740 2992 2930 1556 1557
17741 2893 2927 2892 1604
17742 2743 1697 2858 2966
17743 453 3010 1596 2968
17744 2919 1722 2956 2986
17745 2924 300 1836 1906
17746 2729 2850 2728 1747
17747 299 300 478 1906
17748 1715 1683 2782 1838
17749 394 2805 368 393
17750 1658 1562 2949 2878
17751 2811 1691 460 1690
17752 2815 2814 2816 1682
17753 1748 2813 1772 1767
17754 2771 1605 1661 1559
17755 2738 1808 2812 1767
17756 377 2957 1554 1897
17757 297 298 476 1865
17758 1858 2881 1859 1899
17759 2985 1635 1725 1910
17760 2899 1259 1260 1261
17761 2725 1818 450 1810
17762 1865 1913 2733 1877
17763 238 1278 2909 2913
17764 2784 2999 403 378
17765 1780 1557 2771 1559
17766 2809 1871 2933 2808
17767 1749 1729 2783 1553
17768 1775 1752 2990 1907
17769 1696 1590 1889 2966
17770 1552 2784 2782 2957
17771 1680 1787 2908 2948
17772 338 337 1608 2722
17773 482 2745 481 1770
17774 2824 1899 1828 1738
17775 2754 2920 1819 1863
17776 2849 1665 1868 1589
17777 1605 2771 1557 1559
17778 1595 1774 2723 1597
17779 2840 1843 1852 2741
17780 2797 2820 2819 1760
17781 2742 1776 1754 1777
17782 2776 2780 2775 1264
17783 3001 2999 380 404
17784 2813 1746 2850 1748
17785 1752 1587 2995 1753
17786 1798 1742 368 2805
17787 2998 2984 2985 1910
17788 2746 2745 1770 1807
17789 234 2937 388 1277
17790 2853 2973 2854 1582
17791 2899 2886 2780 1261
17792 1823 2901 1835 1564
17793 1566 1871 1565 2808
17794 380 3001 404 405
17795 2992 1829 2893 1605
17796 453 2720 1596 1594
17797 1745 2850 1746 1747
17798 1760 1911 2821 1918
17799 2937 1282 232 1277
17800 2824 2842 2788 1828
17801 2929 1273 2982 1272
17802 2772 1729 3001 2783
17803 1922 2954 1719 1640
17804 1744 458 1746 1745
17805 2921 1666 2750 1663
17806 2929 2982 2928 1272
17807 1878 2933 1871 2808
17808 1808 2738 2812 2739
17809 1761 1762 2797 1760
17810 222 221 1283 2869
17811 1864 2867 1670 1848
17812 1689 1656 1567 2752
17813 2952 2901 2953 1564
17814 2911 2739 2902 1806
17815 2730 1688 1686 1795
17816 2827 2826 2825 1693
17817 1687 1686 2939 2940
17818 1565 2952 1566 2808
17819 1763 1569 1791 2795
17820 1899 1858 2842 1828
17821 1796 2727 1846 2944
17822 2797 2822 1845 1761
17823 3001 381 3002 405
17824 2738 1748 2729 1833
17825 1883 1726 2817 1739
17826 1588 1889 1590 2997
17827 2963 2995 2962 1652
17828 1666 1722 1829 2986
17829 407 2773 382 406
17830 1735 1887 2868 1736
17831 2989 222 1274 1263
17832 1730 2999 380 3001
17833 455 1607 454 2940
17834 2887 391 366 392
17835 1840 2754 1898 1905
17836 1657 2950 2939 2946
17837 1814 2767 3014 2837
17838 1742 1740 2779 1741
17839 2917 231 2912 2916
17840 2928 227 228 1272
17841 2855 463 155 1268
17842 1598 454 1608 1607
17843 2850 1745 457 2728
17844 1880 2814 2867 2864
17845 1828 2788 2824 1738
17846 1556 2930 1555 1557
17847 1879 1699 2934 1668
17848 1631 2854 2973 1582
17849 1700 1696 2743 2966
17850 2857 2836 2958 1672
17851 2729 2813 1748 2738
17852 1913 2731 2732 2733
17853 1691 2906 1794 1701
17854 2732 477 299 1913
17855 1737 2836 1669 1812
17856 1583 1582 2854 1586
17857 1807 2746 2739 1768
17858 2814 1884 1682 1880
17859 1836 2904 479 2924
17860 2717 457 1890 1832
17861 1280 2976 2979 2977
17862 1812 1737 2836 2847
17863 2923 2731 2732 1906
17864 1807 1771 2746 1768
17865 1749 1555 2930 1780
17866 2923 1873 2731 1906
17867 382 3002 381 406
17868 1887 2847 2868 1736
17869 1864 1672 2958 1884
17870 1780 2930 1749 2772
17871 2849 1868 1570 1589
17872 2862 1585 1565 1573
17873 1585 2862 1621 1573
17874 3001 1729 1730 2783
17875 1821 1575 1577 2965
17876 476 2960 1865 2733
17877 2869 1283 222 1263
17878 2720 1595 1596 1594
17879 1891 1892 1715 2755
17880 482 304 483 1771
17881 1647 2962 2963 2790
17882 458 2850 1746 1745
17883 2880 1758 1759 1867
17884 1607 454 1608 455
17885 2733 2731 2792 1877
17886 1794 2906 2905 484
17887 1730 380 1639 3001
17888 2997 1667 1889 2966
17889 1909 2984 1908 1910
17890 2921 1919 1666 1663
17891 2755 1891 1892 1750
17892 2729 1833 1747 1797
17893 1580 2833 1579 1578
17894 1813 290 1718 468
17895 3004 372 397 2881
17896 458 2851 459 1744
17897 1686 1657 1687 2939
17898 2997 2809 1588 3013
17899 2728 1745 1834 1747
17900 1672 1812 2836 1838
17901 1271 2969 2874 1270
17902 1873 1872 1836 2923
17903 1791 1569 2887 2795
17904 1688 2719 1827 456
17905 2743 2981 1700 2966
17906 2729 2740 2738 1833
17907 1645 1643 2830 1642
17908 1834 457 1745 2728
17909 2850 2851 1746 2813
17910 2883 1778 2910 2882
17911 2993 2867 1727 1848
17912 1562 1659 1561 2956
17913 1280 2979 2980 2977
17914 403 2784 378 402
17915 1596 1784 1597 2968
17916 2758 2770 1267 1268
17917 2772 2771 2773 1559
17918 2904 1836 1872 2923
17919 1877 1879 2792 1869
17920 2746 2745 1807 2911
17921 2900 1872 2904 1826
17922 1598 454 453 2721
17923 2912 1279 231 1282
17924 2722 454 1598 2721
17925 401 377 2957 402
17926 1799 1600 1800 2777
17927 2855 155 212 1268
17928 2780 2776 2899 1261
17929 1771 1766 2746 1768
17930 382 2773 1560 1558
17931 1869 2960 1865 1866
17932 223 224 2735 1275
17933 2981 2849 1570 1589
17934 3002 2773 382 1558
17935 1809 2903 1824 2911
17936 1723 294 1694 472
17937 1827 2719 2717 456
17938 1560 2773 2771 1559
17939 3009 2870 247 1283
17940 2904 2903 2900 1826
17941 2739 2812 1808 1768
17942 2820 1681 1674 1760
17943 1770 1771 2746 1807
17944 1773 1818 2725 1810
17945 1717 1719 2954 1640
17946 2901 2902 2737 1823
17947 1772 1690 2811 2851
17948 2829 2833 2832 1578
17949 1891 2755 2753 1750
17950 2874 2860 2861 1270
17951 1655 2945 1626 1625
17952 2822 1739 1845 1761
17953 1573 2952 2953 1564
17954 2945 2944 1921 1626
17955 2957 1554 2784 402
17956 2740 1833 1846 1825
17957 1649 2799 1831 1845
17958 2769 2899 2759 1259
17959 306 2905 461 26
17960 1758 2880 1759 2878
17961 1817 342 1773 2726
17962 1897 2957 2816 401
17963 2732 2731 1913 1906
17964 306 26 331 462
17965 1608 1688 1607 455
17966 3013 2934 1699 1668
17967 2783 1730 2999 1551
17968 2746 482 1771 1770
17969 1781 2927 1603 1604
17970 1558 3002 2772 1639
17971 1690 1746 459 2851
17972 1608 454 1598 2722
17973 1788 2762 1783 1784
17974 1264 217 2775 1265
17975 1553 2783 1891 1715
17976 2867 1864 1884 1880
17977 1864 2958 2867 1884
17978 1601 1599 2788 1600
17979 2923 1836 1873 1906
17980 2909 1278 2907 2913
17981 2819 1883 2817 1739
17982 1653 460 1691 1690
17983 2990 2848 2868 1903
17984 1638 2791 1636 1646
17985 300 479 478 2924
17986 290 289 1718 467
17987 2924 2923 2732 1906
17988 1843 2840 1777 2741
17989 2988 1274 223 1275
17990 2820 2797 2821 1760
17991 2969 2860 2874 1270
17992 1582 1631 2854 1586
17993 1772 1746 2813 1748
17994 1811 2762 1783 1788
17995 1678 1681 1677 2866
17996 1898 2744 1609 1917
17997 468 290 1718 467
17998 2911 1807 2739 1806
17999 1710 1558 2772 1639
18000 1730 1639 1729 3001
18001 2969 2872 3009 1271
18002 2784 1554 1551 378
18003 1807 1809 1824 2911
18004 3001 1730 2999 2783
18005 1270 2860 2861 1269
18006 1662 1663 1788 2751
18007 1744 334 2724 2718
18008 2959 3013 3012 1668
18009 1646 2963 2791 2790
18010 1563 2986 1666 2750
18011 2822 2797 2819 1761
18012 2809 2934 2933 1699
18013 2858 2741 1697 2743
18014 2724 458 1744 2718
18015 1674 1675 2818 1673
18016 1827 1832 1688 456
18017 2942 2736 2943 1276
18018 1899 2824 1728 1738
18019 1897 2957 1554 1684
18020 2871 1283 2869 1263
18021 2879 1654 1658 1920
18022 1812 1893 2836 1838
18023 2862 1584 1585 2810
18024 1261 2780 2776 1264
18025 2722 1608 454 455
18026 2986 1561 2956 1563
18027 2870 2871 1283 2869
18028 1663 1563 2750 1662
18029 2772 1780 2771 1559
18030 2808 1871 1565 1584
18031 1887 2868 2848 1903
18032 1652 2962 1647 1579
18033 2754 1839 1812 1840
18034 1784 2751 2762 2968
18035 2883 2887 1569 2795
18036 2836 1669 1812 1672
18037 299 2732 1913 1906
18038 2751 2762 1788 1784
18039 2816 1897 1842 1684
18040 2980 1281 2977 2996
18041 1271 248 2969 1270
18042 2772 2773 3002 1558
18043 1817 23 342 2726
18044 243 2942 2943 1276
18045 2725 1773 342 2726
18046 1572 2744 1700 1609
18047 1665 2849 1664 1589
18048 459 1746 1690 1769
18049 1924 1578 2829 1731
18050 1670 1669 2857 1672
18051 1796 1921 1657 2946
18052 2773 3002 382 406
18053 1655 2945 1921 1626
18054 2746 1766 2812 1768
18055 1746 459 2851 1744
18056 242 243 2943 1276
18057 2967 2997 1667 3013
18058 1595 2720 452 2723
18059 2949 1562 1654 1567
18060 483 304 305 1794
18061 2871 2989 2991 1263
18062 1769 459 1746 1744
18063 1745 458 457 2718
18064 1552 1553 2783 1551
18065 1559 2772 1780 1710
18066 1556 2919 1722 1720
18067 1562 2949 2878 2956
18068 2721 339 2720 1594
18069 1580 1651 2833 1578
18070 2877 2859 250 1269
18071 2951 1625 1621 1624
18072 2903 2902 1824 2911
18073 1628 2889 1629 1635
18074 2947 1626 1625 1624
18075 212 13 155 464
18076 2834 1775 1907 1714
18077 2997 1588 1667 3013
18078 2867 1864 1880 1727
18079 1747 1834 2728 1797
18080 305 483 1794 2906
18081 1846 2727 2740 2944
18082 1883 2819 2822 1739
18083 2934 3013 2959 1668
18084 458 459 2724 1744
18085 2934 2792 2933 1879
18086 1788 1662 2751 1784
18087 2906 1794 305 484
18088 1666 1561 1722 2986
18089 1267 2769 1259 1260
18090 2769 2759 2757 1259
18091 2840 1753 1843 1777
18092 1274 2991 2989 1263
18093 2719 2717 336 1827
18094 1794 2905 1793 484
18095 293 292 1708 470
18096 1849 1863 2920 2941
18097 2980 240 1281 2996
18098 2721 453 1598 1594
18099 2725 341 1774 2723
18100 2772 1729 1639 3001
18101 2769 2757 1267 1259
18102 1653 460 332 461
18103 2793 1873 2731 2923
18104 1572 2744 1609 1571
18105 2850 1745 2728 1747
18106 2887 1791 2795 2796
18107 1557 2930 1555 1780
18108 2989 2991 1274 2988
18109 2997 1667 2966 2967
18110 1688 1608 2719 455
18111 1824 2903 1809 1826
18112 2753 1555 1749 1751
18113 459 1690 460 1769
18114 241 2979 2980 1280
18115 1772 1746 2851 2813
18116 480 301 302 1809
18117 305 483 2906 484
18118 1759 1849 2880 1868
18119 1690 1653 460 1769
18120 2750 1663 1662 2751
18121 1690 460 2811 459
18122 3009 247 2969 1271
18123 2863 1758 1622 1920
18124 1587 2995 1753 1652
18125 1699 2934 2933 1879
18126 1556 2992 1829 1722
18127 1819 1839 2754 1840
18128 1639 3002 2772 3001
18129 1746 2851 2850 458
18130 1793 305 1794 484
18131 379 2999 403 404
18132 2921 1666 2986 2750
18133 1898 1609 2744 1571
18134 333 334 2724 1744
18135 1878 1873 2793 1566
18136 1664 2849 1665 2810
18137 1863 2920 1819 1849
18138 1863 1819 2754 1840
18139 2753 1749 1891 1750
18140 1794 2906 1691 2905
18141 2724 1769 333 1744
18142 2905 306 484 26
18143 237 1278 2913 1279
18144 1766 1701 2812 1767
18145 2772 1749 1780 1710
18146 1768 2739 1807 1806
18147 2871 2870 1283 1263
18148 1566 2952 1565 1564
18149 306 331 26 461
18150 2783 2999 2784 1551
18151 1623 1867 1758 2863
18152 2784 1554 1552 1551
18153 480 302 481 1809
18154 1766 1794 2906 1701
18155 1773 342 341 2725
18156 332 333 459 1769
18157 2983 1274 1275 1262
18158 1628 2889 1627 1629
18159 1849 2880 2920 1759
18160 2899 252 2759 1259
18161 2735 2942 2983 1275
18162 2868 2848 2847 1887
18163 1722 2992 1829 2986
18164 406 3002 381 405
18165 1832 1827 2717 456
18166 2981 1590 1589 1572
18167 475 296 297 1866
18168 1608 337 2719 2722
18169 2728 1834 2730 1795
18170 2920 1850 1819 1849
18171 1710 2772 1749 1729
18172 2903 1809 2745 2911
18173 2817 2822 2819 1739
18174 248 2860 2969 1270
18175 2956 2986 1563 2750
18176 2930 1555 1749 2753
18177 2847 1887 1905 1902
18178 1647 2963 2962 1652
18179 2755 1892 1715 1838
18180 1729 1710 2772 1639
18181 1868 2880 1759 1867
18182 2718 457 1890 2717
18183 2930 1555 2753 1751
18184 1833 1748 2729 1747
18185 1590 2981 2997 2966
18186 238 1273 2929 1278
18187 2816 2957 1897 1684
18188 1730 2783 1553 1551
18189 1659 1658 1758 2878
18190 1678 1677 1671 2866
18191 2867 1864 1727 1848
18192 1870 1588 2809 1699
18193 1917 2848 1904 1903
18194 1672 2836 2958 1838
18195 1697 1700 1696 2743
18196 1796 1846 2727 1797
18197 2924 1836 2923 1906
18198 2725 341 1773 1774
18199 1775 2834 1650 1714
18200 455 2719 1688 456
18201 459 1769 2724 1744
18202 2892 1661 1604 1660
18203 2836 1893 2755 1838
18204 1697 1776 1700 2743
18205 1905 1887 2848 1903
18206 2722 2719 1608 455
18207 2774 2775 2877 1265
18208 1776 1904 2742 1754
18209 1835 1872 2900 1826
18210 1872 1836 2904 1826
18211 2817 2823 2822 1739
18212 2982 2996 2928 1272
18213 1827 337 2719 1608
18214 2855 2758 463 1268
18215 2877 2861 2859 1269
18216 2774 2776 2775 1264
18217 1265 2877 250 1269
18218 459 2811 1690 2851
18219 1739 2823 2822 1830
18220 243 244 2942 1275
18221 1673 1675 2818 1848
18222 469 291 292 1815
18223 2755 1893 1892 1838
18224 2788 2842 1599 1828
18225 1643 1644 2830 1642
18226 2905 1691 1794 1793
18227 1275 244 2983 1262
18228 2745 1809 1770 1807
18229 1892 1893 2755 1750
18230 1846 1921 2944 1626
18231 1562 1658 1659 2878
18232 1768 1808 2739 1806
18233 2941 1868 1570 2849
18234 1659 1562 2878 2956
18235 2782 1683 1552 1684
18236 1721 1720 2919 1850
18237 2848 2847 1887 1905
18238 1915 1863 2941 1571
18239 2775 2774 1264 1265
18240 2904 1836 2923 2924
18241 2782 1683 1715 1552
18242 338 339 2721 1594
18243 457 1890 1745 2718
18244 2983 245 2991 1262
18245 1890 334 1744 2718
18246 235 1282 2937 1277
18247 1887 2847 1737 1902
18248 2811 1701 1691 1690
18249 1278 2929 238 2909
18250 2937 234 235 1277
18251 1669 2857 1736 1671
18252 2905 306 461 1793
18253 1807 2745 1809 2911
18254 1584 1665 1623 2810
18255 2969 247 248 1271
18256 1622 1623 1758 2863
18257 2857 1669 1670 1671
18258 2758 2855 2770 1268
18259 1266 2774 2877 1265
18260 2983 1274 2991 2988
18261 2905 306 1793 484
18262 1890 335 334 2718
18263 1572 2981 1590 1700
18264 1714 2834 1650 1676
18265 2859 249 250 1269
18266 1829 2992 1556 1557
18267 340 1595 1774 2723
18268 1905 2848 1917 1903
18269 1729 1730 2783 1553
18270 388 233 234 1277
18271 2919 1722 1720 1721
18272 1691 460 1653 2905
18273 2719 336 337 1827
18274 1840 2754 1863 1898
18275 1653 332 331 461
18276 1890 335 2718 2717
18277 1595 340 2720 2723
18278 1749 2753 1751 1750
18279 1868 1570 1915 2941
18280 481 303 482 1770
18281 241 242 2979 1280
18282 2753 1751 1750 1819
18283 1828 1599 2788 1601
18284 1584 1664 1665 2810
18285 2717 457 1832 456
18286 2983 2942 244 1275
18287 239 240 2982 1272
18288 1261 2776 251 1264
18289 1266 2877 250 1265
18290 1266 251 2776 1264
18291 1690 2811 1701 1772
18292 2899 251 252 1261
18293 2859 2860 249 1269
18294 2812 1766 1767 1768
18295 1771 482 303 1770
18296 1270 249 2860 1269
18297 291 290 1813 468
18298 1793 306 305 484
18299 1884 1672 2958 1685
18300 2776 2774 251 1266
18301 2860 248 249 1270
18302 1283 3009 2870 2869
18303 482 303 304 1771
18304 156 155 463 1268
18305 2870 2871 246 1263
18306 2720 339 340 1595
18307 341 340 1774 2723
18308 1273 239 2982 1272
18309 250 2774 2877 1266
18310 1653 332 460 1769
18311 1279 2913 236 2912
18312 2941 1570 1915 1571
18313 461 1653 460 2905
18314 235 236 2912 1282
18315 1274 2991 1263 1262
18316 2991 1274 2983 1262
18317 481 302 303 1770
18318 156 463 2758 1268
18319 251 2899 2776 1261
18320 2774 1266 1264 1265
18321 1595 2720 339 1594
18322 1273 2982 239 2929
18323 244 245 2983 1262
18324 1769 333 459 2724
18325 2905 1653 1691 1793
18326 1278 238 237 2913
18327 2758 253 14 1268
18328 2912 236 1279 1282
18329 2776 2774 1266 1264
18330 2905 461 1653 1793
18331 234 18 233 388
18332 2871 2991 245 1263
18333 1263 2991 245 1262
18334 1273 239 238 2929
18335 2913 236 237 1279
18336 2871 245 246 1263
18337 463 14 156 2758
18338 2758 14 156 1268
18339 1571 2754 2744 1898
18340 1571 2744 2754 2941
18341 2971 1734 226 3003
18342 2971 226 1734 227
18343 2755 1819 1750 1893
18344 1750 1819 2755 2753
18345 1751 2920 2919 1850
18346 1751 2919 2920 2753
18347 2755 1839 1819 1893
18348 2755 1819 1839 2754
18349 2794 1741 1740 1743
18350 2794 1740 1741 2779
18351 1702 2855 213 2875
18352 1702 213 2855 212
18353 1711 2844 1853 1713
18354 1853 2844 1711 2843
18355 1615 2775 2800 2801
18356 1615 2800 2775 217
18357 1615 2800 1614 2801
18358 1615 1614 2800 218
18359 3014 1862 467 1718
18360 467 1862 3014 2936
18361 2800 217 1265 2775
18362 2800 1265 217 218
18363 1652 2840 2995 1753
18364 1652 2995 2840 2963
18365 1841 2816 375 1842
18366 1841 375 2816 2815
18367 400 2816 375 2815
18368 1726 2818 1848 1673
18369 1726 1848 2818 2993
18370 1586 2891 1583 1805
18371 1586 1583 2891 2854
18372 1606 2752 1662 3010
18373 1662 2752 1606 1689
18374 1605 2892 2771 1661
18375 2771 2892 1605 2893
18376 2751 2968 1662 3010
18377 2751 1662 2968 1784
18378 1606 1662 2968 3010
18379 1606 2968 1662 1784
18380 473 1894 474 2915
18381 474 1894 473 295
18382 2796 1740 1742 1791
18383 2796 1742 1740 2779
18384 2773 383 1660 407
18385 1660 383 2773 1560
18386 2979 1276 242 2943
18387 2979 242 1276 1280
18388 2858 1719 1922 2954
18389 1922 1719 2858 1698
18390 387 2726 23 1817
18391 387 23 2726 410
18392 2939 1656 2752 2950
18393 2939 2752 1656 1687
18394 1646 2840 1652 1843
18395 1646 1652 2840 2963
18396 1795 456 1834 2730
18397 1795 1834 456 1832
18398 2728 1834 456 2730
18399 1574 2964 2970 1576
18400 1574 2970 2964 2839
18401 396 1858 370 2842
18402 396 370 1858 371
18403 1259 2757 253 2759
18404 1259 253 2757 1267
18405 1829 2986 2921 1666
18406 2921 2986 1829 2992
18407 1745 2718 1744 458
18408 1744 2718 1745 1890
18409 1809 481 1770 302
18410 1809 1770 481 2745
18411 2988 2989 223 1274
18412 222 2989 223 1617
18413 222 223 2989 1274
18414 2816 375 376 400
18415 2816 376 375 1842
18416 1834 456 457 2728
18417 1834 457 456 1832
18418 2989 223 2987 2988
18419 2989 2987 223 1617
$EndElements
