{
  "run_info": {
    "runtime_seconds": 1.2365078181028366,
    "mpi_size": 8,
    "mpi_mode": "root_only",
    "mesh_nodes": 4160,
    "mesh_elements": 7996,
    "n_int": 7996,
    "solver_type": "PETSC_MATLAB_DFGMRES_HYPRE"
  },
  "params": {
    "elem_type": "P1",
    "h": 0.5,
    "x1": 15.0,
    "x2": 24.462684731094473,
    "x3": 20.0,
    "y11": 6.75,
    "y12": 0.5,
    "y13": 0.75,
    "y21": 1.0,
    "y22": 9.25,
    "y23": 2.0,
    "y1": 8.0,
    "y2": 12.25,
    "beta_deg": 26.6,
    "grho": 9.81,
    "k": [
      1.0,
      1.0
    ],
    "linear_tolerance": 1e-10,
    "linear_max_iter": 300,
    "nonlinear_max_iter": 100
  },
  "timings": {
    "linear": {
      "init_linear": {
        "iterations": 8,
        "solve_time": 0.004034816054627299,
        "preconditioner_time": 0.0036798380315303802,
        "orthogonalization_time": 4.508998245000839e-06,
        "solve_info": {}
      },
      "newton_linear_iterations": [
        46,
        29,
        28,
        26,
        23,
        25,
        54,
        59,
        38,
        63,
        40,
        40,
        43,
        19,
        83,
        63,
        60,
        50,
        58,
        49,
        52,
        65,
        64,
        46,
        60,
        49,
        43,
        21,
        71,
        63,
        56,
        67,
        57,
        66,
        60,
        53,
        41,
        51,
        44,
        42,
        40,
        42,
        45,
        37,
        41,
        40,
        38,
        39,
        35,
        34,
        33,
        35
      ],
      "newton_linear_solve_time": [
        0.019337150966748595,
        0.01032862183637917,
        0.00982172298245132,
        0.008892505895346403,
        0.007670599035918713,
        0.008474315982311964,
        0.023933629970997572,
        0.027479070937260985,
        0.014158896869048476,
        0.03058365802280605,
        0.014990858966484666,
        0.015280252089723945,
        0.01762381405569613,
        0.006368638947606087,
        0.05007429304532707,
        0.0314376309979707,
        0.02923393715173006,
        0.021641797851771116,
        0.027531211031600833,
        0.020663737086579204,
        0.02293202606961131,
        0.0332345578353852,
        0.03227172698825598,
        0.019106118939816952,
        0.028832288924604654,
        0.020998107036575675,
        0.017218898981809616,
        0.007161014946177602,
        0.03844499308615923,
        0.03171910997480154,
        0.025597012136131525,
        0.034398494055494666,
        0.026426538126543164,
        0.03404353512451053,
        0.029229708947241306,
        0.023977064061909914,
        0.016392078017815948,
        0.02265127911232412,
        0.018033728003501892,
        0.016858821036294103,
        0.015649979002773762,
        0.016638149041682482,
        0.01852511684410274,
        0.014740690123289824,
        0.016314269974827766,
        0.015495082829147577,
        0.014327059034258127,
        0.01493178610689938,
        0.013510176911950111,
        0.01272260001860559,
        0.012295323889702559,
        0.01326241297647357
      ],
      "newton_linear_preconditioner_time": [
        0.00026006787084043026,
        0.00023581110872328281,
        0.00023360713385045528,
        0.00023606116883456707,
        0.00022805598564445972,
        0.0002231169492006302,
        0.00023069093003869057,
        0.00023351702839136124,
        0.00023260503076016903,
        0.00023474893532693386,
        0.0002430151216685772,
        0.00022895820438861847,
        0.0002416528295725584,
        0.00026355404406785965,
        0.00023205392062664032,
        0.00023312587291002274,
        0.0002849651500582695,
        0.0002883519046008587,
        0.00027579721063375473,
        0.0002549579367041588,
        0.00024287402629852295,
        0.00028213905170559883,
        0.00028113811276853085,
        0.00025499798357486725,
        0.0002619610168039799,
        0.0002676011063158512,
        0.00024270499125123024,
        0.00023847585543990135,
        0.0002293391153216362,
        0.00027539697475731373,
        0.0002520319540053606,
        0.00024463795125484467,
        0.00023730401881039143,
        0.0002617801073938608,
        0.00025622989051043987,
        0.0002772100269794464,
        0.0002763480879366398,
        0.00026921508833765984,
        0.00026143016293644905,
        0.00026212120428681374,
        0.00026156986132264137,
        0.00024533900432288647,
        0.000256118830293417,
        0.0002561898436397314,
        0.0002564711030572653,
        0.0002369231078773737,
        0.0002924290020018816,
        0.00023282505571842194,
        0.00022783479653298855,
        0.00025292299687862396,
        0.00025931582786142826,
        0.00025471695698797703
      ],
      "newton_linear_orthogonalization_time": [
        3.4261029213666916e-06,
        2.20397487282753e-06,
        2.0330771803855896e-06,
        2.2740568965673447e-06,
        2.3439060896635056e-06,
        2.273824065923691e-06,
        2.184184268116951e-06,
        1.9439030438661575e-06,
        2.084067091345787e-06,
        2.4351757019758224e-06,
        2.295011654496193e-06,
        2.0640436559915543e-06,
        2.1138694137334824e-06,
        2.2139865905046463e-06,
        1.954147592186928e-06,
        2.844957634806633e-06,
        2.885935828089714e-06,
        2.895016223192215e-06,
        2.7348287403583527e-06,
        2.244953066110611e-06,
        2.1550804376602173e-06,
        3.23588028550148e-06,
        2.68593430519104e-06,
        2.7259811758995056e-06,
        2.564862370491028e-06,
        2.4349428713321686e-06,
        1.903856173157692e-06,
        2.0940788090229034e-06,
        2.0440202206373215e-06,
        2.5641638785600662e-06,
        2.794899046421051e-06,
        2.2440217435359955e-06,
        2.444954589009285e-06,
        2.2239983081817627e-06,
        2.525048330426216e-06,
        2.564862370491028e-06,
        2.844957634806633e-06,
        2.964865416288376e-06,
        2.6959460228681564e-06,
        3.406079486012459e-06,
        2.5350600481033325e-06,
        2.304092049598694e-06,
        2.474989742040634e-06,
        2.2940803319215775e-06,
        2.775108441710472e-06,
        2.3150350898504257e-06,
        2.353917807340622e-06,
        2.1141022443771362e-06,
        2.1741725504398346e-06,
        2.474989742040634e-06,
        2.895016223192215e-06,
        2.7460046112537384e-06
      ]
    }
  },