$MeshFormat
4.1 0 8
$EndMeshFormat
$PhysicalNames
11
0 1 "nodeset:x_lock"
0 2 "nodeset:z_lock"
0 3 "nodeset:base"
2 1 "boundary:x_max"
2 2 "boundary:x_min"
2 3 "boundary:z_min"
2 4 "boundary:z_max"
2 5 "boundary:base"
2 6 "boundary:slope_surface"
2 7 "boundary:crest"
3 1 "region:slope_mass"
$EndPhysicalNames
$Entities
3 0 7 1
1 10 0 0 1 1
2 -10 10 0 1 2
3 -28.56701711635728 0 1.902254062919966 1 3
1 10 0 0 10 20 5 1 1 0
2 -30 0 0 -30 10 5 1 2 0
3 -30 0 0 10 20 0 1 3 0
4 -30 0 4.999999999999999 10 20 5.000000000000001 1 4 0
5 -30 0 0 10 0 5 1 5 0
6 -30 5 0 10 20 5 1 6 0
7 -5 20 0 10 20 5 1 7 0
1 -30 0 0 10 20 5.000000000000001 1 1 0
$EndEntities
$Nodes
11 3769 1 3769
0 1 0 123
1
2
3
4
5
6
7
8
9
10
11
12
19
20
27
28
29
30
31
32
33
34
35
36
37
38
39
40
41
42
43
44
45
46
47
48
49
150
151
152
153
154
155
156
157
158
159
160
161
162
163
164
165
248
249
250
251
252
253
254
255
256
257
258
259
420
421
422
423
424
425
426
427
428
429
430
431
432
433
434
435
436
437
438
439
440
441
442
741
742
743
744
745
746
747
748
749
750
751
752
753
754
755
756
757
758
759
760
1061
1062
1063
1064
1065
1066
1067
1068
1069
1070
1071
1072
1073
1074
1075
10 0 0
10 5 0
10 5 5
10 0 5
-30 0 0
-30 5 0
-30 5 5
-30 0 5
10 10 0
10 10 5
-30 10 0
-30 10 5
10 20 0
10 20 5
10 0.9722984764230531 0
10 1.955965965400557 0
10 2.953093718107691 0
10 3.966380176163798 0
10 5 1.249990158644879
10 5 2.499877595527073
10 5 3.749734207229662
10 0.9724204459081692 5
10 1.956086462345402 5
10 2.952758755450556 5
10 3.965806415047641 5
10 0 0.9998630874353461
10 0 2.000073897157807
10 0 3.000068656870714
10 0 4.000087054993803
-30 1.640849299685935 0
-30 3.320424649842961 0
-30 5 1.666666666666663
-30 5 3.333333333333326
-30 1.640934188368601 5
-30 3.320467094184295 5
-30 0 1.667124765429209
-30 0 3.333357658856396
10 6.183890587287769 0
10 7.408520796144132 0
10 8.679652959394444 0
10 10 1.250588101980093
10 10 2.500115718069628
10 10 3.74937980436271
10 6.183792470232701 5
10 7.408128930152117 5
10 8.6791982969971 5
-30 6.728778809611495 0
-30 8.457557619222991 0
-30 10 1.258145198445481
-30 10 2.50741718046006
-30 10 3.74678129765043
-30 6.728839871968682 5
-30 8.457679743937364 5
10 11.42458261937371 0
10 12.92529991583986 0
10 14.53524165037621 0
10 16.30890593398337 0
10 18.15445296699168 0
10 20 1.666666666666663
10 20 3.333333333333326
10 11.42444759929785 5
10 12.9244279489176 5
10 14.53369573016086 5
10 16.30813784091072 5
10 18.15406892045536 5
10 0.662005481271523 0.6841964490493386
10 1.516317720233028 1.118898354726357
10 0.6778380140598523 1.468747698284761
10 3.704000244416939 2.370110136949682
10 2.522254655706472 2.165318650241476
10 3.238273429526923 1.749957272052988
10 3.159124277570993 3.22606288344571
10 2.214205397105812 3.178176261027558
10 2.612994652296894 0.9733189404330832
10 3.468676390994362 0.8293108815925161
10 4.196761463014575 1.242749434966734
10 0.6303909952475127 3.915743035320215
10 1.210866868794711 2.540706703054955
10 1.599058656782196 3.953595797001815
10 2.610381721829055 4.086948825848783
10 3.827951268047431 4.199920123353424
10 4.107587706433767 3.336694946949817
-30 3.008139665897811 2.825266330289587
-30 3.637640920633813 4.026408525540804
-30 1.859597843086954 3.973442964081109
-30 1.410003030646433 2.629068294597233
-30 3.924308644287352 1.544944487531271
-30 2.217287548393415 1.444400646307884
10 6.40283695090868 3.410986104024668
10 7.421111241950035 3.96468786845246
10 6.23597825695239 4.354234699659604
10 5.880404857216003 2.496951709152027
10 6.236103678097447 0.6435039325137848
10 7.421309124912417 1.029233252855714
10 6.402901611743296 1.581800200283867
10 9.292273013807598 1.285255567103055
10 8.75 2.500056187433989
10 8.323985123451143 1.460773395134619
10 8.32383443604588 3.533584417828481
10 9.292172122173831 3.713856021282467
10 7.476690580644044 2.489321989202013
-30 6.229419739454878 1.223159108411864
-30 7.922018289900267 1.836317700018432
-30 6.259729795439812 2.550631146992868
-30 6.086349726211144 3.850316331327911
-30 7.45268184394426 3.663318955208315
-30 9.275915181824653 1.120376015784795
-30 8.972063312963648 3.625639188889539
10 16.73029208802885 3.267910008348005
10 15.94436210311471 1.479670936472396
10 17.43265570752179 1.593054246698345
10 15.06067712732737 2.761856614015025
10 18.7403585959308 3.016604182466338
10 12.4844793243586 1.230983579422924
10 11.76186937824897 2.500030352896329
10 10.94515522033021 1.246952958728163
10 13.46124164619678 2.500014342093282
10 12.63455495704408 3.752555629218539
10 10.97014532243182 3.750346917424535
10 18.86549345550964 1.255265022218027
10 14.12521145938398 3.790446882176302
10 15.47178431383722 4.024184063525143
10 14.06855029453559 1.328754245333938
0 2 0 1109
13
14
15
16
21
22
24
26
50
51
52
53
54
55
56
57
58
59
60
61
62
63
64
65
66
67
68
69
70
71
72
73
74
75
76
77
78
79
80
81
82
83
84
85
86
87
88
89
90
91
92
93
94
95
96
97
98
99
100
101
102
103
104
105
106
107
108
109
110
111
112
113
114
115
116
117
118
119
120
121
122
123
124
125
126
127
128
129
130
131
132
133
134
135
136
137
138
139
140
141
142
143
144
145
146
147
148
149
166
167
168
169
170
171
172
173
174
175
176
177
178
179
180
181
182
183
184
185
186
187
188
189
190
191
192
193
194
195
196
197
198
199
200
201
202
203
204
205
206
207
208
209
210
211
212
213
214
215
216
217
218
219
220
221
222
223
224
225
260
261
262
263
264
265
266
267
268
269
270
271
272
273
274
277
278
279
280
281
282
283
291
292
293
294
295
296
297
298
299
300
301
302
303
304
305
306
307
308
309
310
311
312
313
314
315
316
317
318
319
320
321
322
323
324
325
326
327
328
329
375
376
377
378
379
380
381
382
383
384
385
386
387
388
389
390
391
392
393
394
395
396
397
398
399
400
401
402
403
404
405
406
407
408
409
410
411
412
413
443
444
445
446
447
448
449
450
451
452
453
454
455
456
457
458
459
460
461
462
463
464
465
466
467
468
469
470
471
472
473
474
475
476
477
478
479
480
481
482
483
484
485
486
487
488
489
490
491
492
493
494
495
496
497
498
499
500
501
502
503
504
505
506
507
508
509
510
511
512
513
514
515
516
517
518
519
520
521
522
523
524
525
526
527
528
529
530
531
532
533
534
535
536
537
538
539
540
541
542
543
544
545
546
547
548
549
550
551
552
553
554
555
556
557
558
559
560
561
562
563
564
565
566
567
568
569
570
571
572
573
574
575
576
577
578
579
580
581
582
583
584
585
586
587
588
589
590
591
592
761
762
763
764
765
766
767
768
769
770
771
772
773
774
775
776
777
778
779
780
781
782
783
784
785
786
787
788
789
790
791
792
793
794
795
796
797
798
799
800
801
802
803
804
805
806
807
808
809
810
811
812
813
814
815
816
817
818
819
820
821
822
823
824
825
826
827
828
829
830
831
832
833
834
835
836
837
838
839
840
841
842
843
844
845
846
847
848
849
850
851
852
853
854
855
856
857
858
859
860
861
862
863
864
865
866
867
868
869
870
871
872
873
874
875
876
877
878
879
880
881
882
883
884
885
886
887
888
889
890
891
892
893
1076
1077
1078
1079
1080
1081
1082
1083
1084
1085
1086
1087
1088
1089
1090
1091
1092
1093
1094
1095
1096
1097
1098
1099
1100
1101
1102
1103
1104
1105
1106
1107
1108
1109
1110
1111
1112
1113
1114
1115
1116
1117
1118
1119
1120
1121
1131
1132
1133
1134
1135
1136
1137
1138
1139
1140
1141
1142
1143
1144
1145
1146
1147
1148
1149
1150
1151
1152
1153
1154
1155
1156
1157
1158
1159
1160
1161
1162
1163
1164
1165
1166
1167
1168
1169
1170
1171
1172
1173
1174
1175
1176
1193
1194
1195
1196
1197
1198
1199
1200
1201
1202
1203
1204
1205
1206
1207
1208
1209
1210
1211
1212
1213
1214
1215
1216
1217
1218
1219
1220
1221
1222
1223
1224
1225
1226
1227
1228
1229
1230
1231
1232
1233
1234
1235
1236
1237
1238
1239
1240
1241
1242
1243
1244
1245
1246
1247
1248
1249
1250
1251
1252
1253
1254
1255
1256
1257
1258
1259
1260
1261
1262
1263
1264
1265
1266
1267
1268
1269
1270
1271
1272
1273
1274
1275
1276
1277
1278
1279
1280
1281
1282
1283
1284
1285
1286
1287
1288
1289
1290
1291
1292
1293
1294
1295
1296
1297
1298
1299
1300
1301
1302
1303
1304
1305
1306
1307
1308
1309
1310
1311
1312
1313
1314
1315
1316
1317
1318
1319
1320
1321
1322
1323
1324
1325
1326
1327
1328
1329
1330
1331
1332
1333
1334
1335
1336
1337
1338
1339
1340
1341
1342
1343
1344
1345
1346
1347
1348
1349
1350
1351
1352
1353
1354
1355
1356
1357
1358
1359
1360
1361
1362
1363
1364
1365
1366
1367
1368
1369
1370
1371
1372
1373
1374
1375
1376
1377
1378
1379
1380
1381
1382
1383
1384
1385
1386
1387
1388
1389
1390
1391
1392
1393
1394
1395
1396
1397
1398
1399
1400
1401
1402
1403
1404
1405
1406
1407
1408
1409
1410
1411
1412
1413
1414
1415
1416
1417
1418
1419
1420
1421
1422
1423
1914
1915
1916
1917
1918
1919
1920
1921
1922
1923
1924
1925
1926
1927
1928
1929
1930
1931
1932
1933
1934
1935
1936
1937
1938
1939
1940
1941
1942
1943
1944
1945
1946
1947
1948
1949
1950
1951
1952
1953
1954
1955
1956
1957
1958
1959
1960
1961
1962
1963
1964
1965
1966
1967
1968
1969
1970
1971
1972
1973
1974
1975
1976
1977
1978
1979
1980
1981
1982
1983
1984
1985
1986
1987
1988
1989
1990
1991
1992
1993
1994
1995
1996
1997
1998
1999
2000
2001
2002
2003
2004
2005
2006
2007
2008
2009
2010
2011
2012
2013
2014
2015
2016
2017
2018
2019
2020
2021
2022
2023
2024
2025
2026
2027
2028
2029
2030
2031
2032
2033
2034
2035
2036
2037
2038
2039
2040
2041
2042
2043
2044
2045
2046
2047
2048
2049
2050
2051
2052
2053
2054
2055
2056
2057
2058
2059
2060
2061
2062
2063
2064
2065
2066
2067
2068
2069
2070
2071
2072
2073
2074
2075
2076
2077
2078
2079
2080
2081
2082
2083
2084
2085
2086
2087
2088
2089
2090
2091
2092
2093
2094
2095
2096
2097
2098
2099
2100
2101
2102
2103
2104
2105
2106
2107
2108
2109
2110
2111
2112
2113
2114
2115
2116
2117
2118
2119
2120
2121
2122
2123
2124
2125
2126
2127
2128
2129
2130
2131
2132
2133
2134
2135
2136
2137
2138
2139
2140
2141
2142
2143
2144
2145
2146
2147
2148
-10 10 0
-15 10 0
-10 10 5
-15 10 5
0 20 0
0 20 5
-5 20 0
-5 20 5
8.810307827842188 0 0
7.618789891737071 0 0
6.407728937420396 0 0
5.166500705577142 0 0
3.919855166764411 0 0
2.669840133106545 0 0
1.414102080793844 0 0
0.1518460570304967 0 0
-1.120703548509894 0 0
-2.404881634067356 0 0
-3.705327156344566 0 0
-5.024958950089571 0 0
-6.367538043618186 0 0
-7.740600521641888 0 0
-9.149317173146112 0 0
-10.60125085493255 0 0
-12.10718271766743 0 0
-13.67515308493321 0 0
-15.31269592672282 0 0
-17.02245620196006 0 0
-18.79727102626612 0 0
-20.62145901002058 0 0
-22.47645427342569 0 0
-24.34930307838102 0 0
-26.23016112478597 0 0
-28.11625483568545 0 0
8.722355140204749 5 0
7.434770721032555 5 0
6.14442238189873 5 0
4.850000012481371 5 0
3.538513218432296 5 0
2.203992661486295 5 0
0.8522342123944533 5 0
-0.5101537583580456 5 0
-1.886385260985017 5 0
-3.27949779043027 5 0
-4.696341932372828 5 0
-6.143216370846083 5 0
-7.629425015191398 5 0
-9.168649702926029 5 0
-10.78063766075438 5 0
-12.49473674759014 5 0
-14.3471019649041 5 0
-16.30219205503106 5 0
-18.25902176145519 5 0
-20.21585146787933 5 0
-22.17268117430346 5 0
-24.1295108807276 5 0
-26.08634058715173 5 0
-28.04317029357587 5 0
8.80996973116325 0 5
7.61823324643427 0 5
6.406654756080767 0 5
5.165307858383733 0 5
3.91853540587679 0 5
2.668488116271467 0 5
1.412729337458332 0 5
0.1504003610311706 0 5
-1.122055145714615 0 5
-2.406345782451773 0 5
-3.706959051492699 0 5
-5.026840455792634 0 5
-6.369569320956963 0 5
-7.742779248012322 0 5
-9.151718632501908 0 5
-10.60383921540651 0 5
-12.10992311818049 0 5
-13.67748785113814 0 5
-15.31513261326181 0 5
-17.02499938195477 0 5
-18.79942986116253 0 5
-20.62329268166201 0 5
-22.47865613325628 0 5
-24.35120746197817 0 5
-26.23175587406691 0 5
-28.11574476934327 0 5
8.722266005825068 5 5
7.434760454708773 5 5
6.143570549975335 5 5
4.848124025288037 5 5
3.536022039874725 5 5
2.201154437743218 5 5
0.8504382157433241 5 5
-0.5107701948592354 5 5
-1.886568046986918 5 5
-3.280254006383007 5 5
-4.696863546859616 5 5
-6.144720712559344 5 5
-7.632402895835053 5 5
-9.172903492388862 5 5
-10.78398511125921 5 5
-12.49762936586083 5 5
-14.34468128520923 5 5
-16.29968413744444 5 5
-18.25687211780952 5 5
-20.2140600981746 5 5
-22.17124807853968 5 5
-24.12843605890476 5 5
-26.08562403926984 5 5
-28.04281201963492 5 5
8.545180862364459 10 0
7.105010592919344 10 0
5.673575193935629 10 0
4.236623856144594 10 0
2.787354642868403 10 0
1.313195399366572 10 0
-0.2026327245833137 10 0
-1.744885807037248 10 0
-3.308734688521913 10 0
-4.900397634847197 10 0
-6.531344681040093 10 0
-8.221885037272891 10 0
-11.31730812615766 10 0
-12.27269774748469 10 0
-12.96610122722096 10 0
-13.47457262739075 10 0
-13.85403180079286 10 0
-14.19681905771859 10 0
-14.48612767452241 10 0
-14.75021137279096 10 0
-15.48396815796074 10 0
-16.15899535668596 10 0
-17.10790974760203 10 0
-18.4418458896006 10 0
-20.25222525338981 10 0
-22.02830503290019 10 0
-23.72257121827622 10 0
-25.32747518520758 10 0
-26.9151810938237 10 0
-28.46661839145299 10 0
8.545457490978963 10 5
7.104810913189078 10 5
5.673713439365078 10 5
4.236974382087772 10 5
2.787028867193656 10 5
1.311307201300872 10 5
-0.2032680543631873 10 5
-1.7452911549712 10 5
-3.309757504752286 10 5
-4.900572574973088 10 5
-6.531579771956146 10 5
-8.221373181829563 10 5
-11.29102926559303 10 5
-12.23107079819292 10 5
-12.91565731459786 10 5
-13.44046638970413 10 5
-13.83196418472104 10 5
-14.18243264534747 10 5
-14.47645278699393 10 5
-14.74612704141295 10 5
-15.50015002089342 10 5
-16.19664900507781 10 5
-17.17352243498185 10 5
-18.54395799650889 10 5
-20.36399975719157 10 5
-22.12332249425087 10 5
-23.76858274884005 10 5
-25.37489015342578 10 5
-26.93780247287472 10 5
-28.4713690784403 10 5
-8.739857299107957 11.26014270089204 0
-7.523801987050422 12.47619801294958 0
-6.427911598862806 13.5720884011372 0
-5.290594653114898 14.7094053468851 0
-4.014357436352821 15.98564256364718 0
-2.676238290901882 17.32376170909812 0
-1.338119145450939 18.66188085454906 0
8.000000000000004 20 0
6.000000000000009 20 0
4.000000000000012 20 0
2.000000000000018 20 0
8.000000000000004 20 5
6.000000000000009 20 5
4.000000000000012 20 5
2.000000000000018 20 5
-8.758459361131059 11.24154063886894 5
-7.588166932429097 12.4118330675709 5
-6.463543629399819 13.53645637060018 5
-5.274717368689545 14.72528263131045 5
-3.973293563405797 16.0267064365942 5
-2.648862375603866 17.35113762439613 5
-1.324431187801931 18.67556881219807 5
-14.81465177649563 10.18534822350437 0
-14.61862106935894 10.38137893064106 0
-14.42607982015994 10.57392017984006 0
-14.21882592803842 10.78117407196158 0
-13.99349916573718 11.00650083426282 0
-13.76269615950347 11.23730384049654 0
-13.53820361045402 11.46179638954598 0
-13.31296976299368 11.68703023700632 0
-13.08161318237743 11.91838681762257 0
-12.85360168073429 12.14639831926571 0
-12.62180221490602 12.37819778509398 0
-12.38495305206845 12.61504694793155 0
-12.14227060186083 12.85772939813917 0
-11.8809607484659 13.1190392515341 0
-11.60985143546504 13.39014856453496 0
-11.33229455101184 13.66770544898816 0
-11.04373355638897 13.95626644361103 0
-10.72785451729878 14.27214548270122 0
-10.3891402763002 14.6108597236998 0
-10.03565590665881 14.96434409334119 0
-9.660116214663855 15.33988378533614 0
-9.252539490556856 15.74746050944314 0
-8.834695742053814 16.16530425794619 0
-8.406700065781827 16.59329993421817 0
-7.96485810094741 17.03514189905259 0
-7.507675859076382 17.49232414092362 0
-7.051759004551979 17.94824099544802 0
-6.650730398517688 18.34926960148231 0
-6.28179519065457 18.71820480934543 0
-5.932737231839186 19.06726276816082 0
-5.610278643947478 19.38972135605252 0
-5.301395931371644 19.69860406862836 0
-1.316350910087817 20 0
-2.273313264738599 20 0
-2.969033925047359 20 0
-3.48300188831001 20 0
-3.895429401121557 20 0
-4.258808566753981 20 0
-4.617671088264732 20 0
-14.80987864776686 10.19012135223314 5
-14.60846060466296 10.39153939533704 5
-14.41351503107817 10.58648496892182 5
-14.20711613455225 10.79288386544775 5
-13.99565212478187 11.00434787521813 5
-13.78052594625699 11.21947405374301 5
-13.56519362099108 11.43480637900892 5
-13.34766870479993 11.65233129520007 5
-13.12095403376787 11.87904596623213 5
-12.89381773173093 12.10618226826907 5
-12.66555059802279 12.33444940197721 5
-12.43275841897529 12.56724158102471 5
-12.20042573361202 12.79957426638798 5
-11.95731435988248 13.04268564011752 5
-11.69692857597976 13.30307142402024 5
-11.42167676658027 13.57832323341973 5
-11.13162625250959 13.86837374749041 5
-10.82394826097538 14.17605173902462 5
-10.48140924780091 14.51859075219909 5
-10.12195316279872 14.87804683720128 5
-9.713619584121741 15.28638041587826 5
-9.28330322706762 15.71669677293238 5
-8.839672679394248 16.16032732060576 5
-8.373247140335486 16.62675285966451 5
-7.919528987272265 17.08047101272773 5
-7.502393825326699 17.4976061746733 5
-7.098066480844004 17.901933519156 5
-6.695410507810493 18.3045894921895 5
-6.309591551363614 18.69040844863639 5
-5.954279595766591 19.04572040423341 5
-5.617775804745319 19.38222419525468 5
-5.302932477886346 19.69706752211365 5
-1.311740918328773 20 5
-2.264367781440878 20 5
-2.956244585439595 20 5
-3.468365145583222 20 5
-3.895122674330782 20 5
-4.253263248808162 20 5
-4.61316728249758 20 5
-0.2782405610417893 1.219217020608033 0
0.9933987484504332 1.203865788711605 0
1.509806711945831 3.784414521906525 0
2.044951054638178 2.410573261639093 0
0.5283168847361743 2.582578355739761 0
0.3699152095492977 3.953703870793221 0
-14.78772090111861 1.228658760743388 0
-13.07431561198868 1.509030310402423 0
-27.36742905816608 1.725544600267692 0
-28.8490090057167 1.286575989139003 0
-17.64549827756013 2.269467010202134 0
-19.03182460825612 3.534286902651475 0
-17.10344962896738 3.747876362562145 0
-16.3706901964522 1.149061214193432 0
-17.88394573506297 1.03293269207548 0
7.257667392584469 3.085349435960792 0
7.759838817376952 2.258833295634881 0
6.433848784235837 2.557644080534269 0
6.962157879474645 1.190230595546274 0
-19.58381296011964 1.746135226450387 0
-21.26245236127593 3.315157407401702 0
-21.78677533705824 1.658961067530613 0
-8.023579588905189 3.747093325971045 0
-6.755203434858664 3.958962259742778 0
6.952870189373746 3.89732260843283 0
8.01158387766395 3.355729204049889 0
8.053767330639651 4.297051443767671 0
9.28311597726743 0.9638310900846411 0
8.086997407160919 1.062185260166939 0
8.801390628601471 1.792536838517298 0
-2.47104743095159 2.272497390394264 0
-1.534276597977154 2.865150768766511 0
-1.581286038298716 1.348573146599801 0
-0.641015470933457 2.180284898741476 0
9.104133234047483 3.896009121849864 0
8.941226301991945 2.699809318672863 0
-11.74829231228415 1.119016034135784 0
-28.76136113820046 3.066486037803652 0
-27.0699196099446 3.492007725689967 0
-15.20767695299125 3.686216699425929 0
-13.16566490483128 3.503408801135535 0
-14.42838662771121 2.459505369578004 0
-0.542427601059627 3.442847874036495 0
-10.00106650218173 2.493788404414841 0
-8.32057545102014 2.49643979549717 0
-9.251316411494944 1.408454989734345 0
-9.565919699675661 3.714606464574919 0
-6.733143280087031 2.471072667087668 0
-5.692970731904376 1.163110448615907 0
-6.876210118536243 0.9897757571807432 0
-8.011860492654392 1.227623868249988 0
5.011744492601679 2.503963329772843 0
5.518516332251398 3.891109073185174 0
-2.613752526333347 3.667235456906261 0
-1.467351873374581 4.075369350178003 0
3.733829734130002 2.504900872381849 0
3.163605963636758 1.173343886837576 0
2.099416974545703 1.01082609428274 0
-2.949264419477627 1.014638524373753 0
-3.546644556825521 2.373902981200436 0
4.513742718635712 1.113763092721772 0
5.65828449242714 1.24853081867609 0
-23.38482868821693 1.564671949544331 0
-22.98568618138096 3.17449804098241 0
-4.277376307955571 1.014911282520024 0
2.922745168901483 3.892443521700258 0
4.228624734298947 3.891569860262779 0
-25.17786864670359 2.508197821417816 0
-4.878597691139642 2.502902984907004 0
-11.60780873453976 2.252623227749462 0
-10.39317533156906 1.21231377258487 0
-11.26433774438363 3.678182043823316 0
-5.549388612399937 3.784028359973127 0
-4.089828965095366 3.771232248101313 0
-15.89926653650247 2.406509663279886 0
-0.2795821650825889 1.219201198067245 5
0.9919436787548346 1.203853586908034 5
-14.87976477022317 1.346535535469897 5
-14.48945195570086 2.602787913808498 5
-13.18192621444123 1.592816226968048 5
-28.75793609906727 3.093439105255489 5
-27.05147896568936 3.638196838537233 5
-27.36377128051542 1.75633413237428 5
-17.7141119505419 2.332168835299337 5
-19.03134381135208 3.534330531071921 5
-17.10346012494307 3.748027758439303 5
-16.5854152634692 1.297955611138107 5
-17.95069157376347 1.080892448110174 5
7.257210326475308 3.085335527647652 5
7.759368657410244 2.258812402119389 5
6.432984963411926 2.557668694904133 5
6.961394383848102 1.190230784491431 5
-19.58458620639584 1.746153202131789 5
-21.2620763355695 3.315171511187411 5
-21.78762819114844 1.658969179185477 5
-8.093200708673962 3.773545542998793 5
-6.757382029062949 3.95899796313977 5
6.952314636710552 3.897305588403273 5
8.011259301595562 3.355673367243802 5
8.05360333711203 4.296998677156949 5
9.28294168033884 0.9638727220327533 5
8.086543713040342 1.06218370173206 5
8.801136637829446 1.792545722210889 5
-2.472114428507691 2.27250970114888 5
-1.535233383141366 2.865159225647958 5
-1.582523001118975 1.348561005787768 5
-0.6421558994106107 2.180237701001325 5
-15.24276800866879 3.74041527255631 5
-13.19015582538739 3.506022502185328 5
9.104023435528335 3.895853151902943 5
8.941035416337909 2.699734856233256 5
-11.66953697831251 1.065210291539328 5
-28.84749042763115 1.298141483324015 5
-0.5434553789502434 3.442835491193985 5
0.3685625733580089 3.95369332307906 5
0.5268970146572887 2.58255496088991 5
-11.71477034103748 2.300171208573816 5
-10.19171480164792 2.512596625760715 5
-10.73722599971984 1.433063972237171 5
-11.31806222671602 3.691317632752309 5
-6.735297621229975 2.471129556835053 5
-5.694818374686349 1.163126383780137 5
-6.878350441531289 0.9898054546733939 5
5.010336983734328 2.504002243836806 5
5.517241667767013 3.891130986730909 5
-8.116307989773521 1.207177662605547 5
-9.506268661289543 1.287341719041231 5
-8.683433334076092 2.494789245083605 5
-9.577784879450832 3.716356492934329 5
-2.614556925572106 3.667238583799044 5
-1.468032384305548 4.075367736545659 5
2.043282424619577 2.410556250351141 5
3.732020089852897 2.504914544436818 5
3.162099655555856 1.173344496281622 5
2.097935099845226 1.01080911213991 5
-2.950604470025871 1.014639667101759 5
-3.547823254380406 2.373907934122387 5
4.512336796869175 1.11378707076186 5
5.657141958428226 1.248546498667948 5
1.507902124213128 3.784404039751653 5
-4.278899515981159 1.01492342357496 5
2.920431239587903 3.892442087034158 5
4.226678683763055 3.891583197277072 5
-4.87995289262607 2.502899867597413 5
-23.38580223136672 1.564681965561395 5
-22.98556874670091 3.174508342602385 5
-5.550838015984583 3.784043958180751 5
-4.090811293569537 3.77123636151227 5
-25.17822158467639 2.508227399680027 5
-16.02917472332774 2.585653460904731 5
0.6106431526016358 8.76175842932831 0
-0.02079748443335561 7.639568935459323 0
-0.8482385563304291 8.913139990369492 0
-1.222003811969964 7.31547599024 0
9.042762373896764 8.968200833340809 0
8.79338262105558 7.661987814213617 0
7.92552066937394 8.74682725528071 0
-22.91499146543227 8.103372135470385 0
-24.76049394585844 8.448388698121052 0
-13.45222035379063 9.200509334751619 0
-14.88663086960678 9.123289472962687 0
6.443600129100997 8.551942433237894 0
7.354873628702821 7.494395279792958 0
5.720529062988278 7.539139644100771 0
-5.723279661959131 7.287603653784704 0
-5.162537883989478 6.09143351311879 0
-6.65238366565881 6.101284659202865 0
-4.932303203680998 8.303714356234746 0
-6.145706171700112 8.624381504685953 0
-4.160411801846662 7.302439739800946 0
-28.08429144415268 8.091573245675079 0
-26.18765253415219 7.22093277234382 0
-27.42228066935917 6.307620090680536 0
-28.70994848776341 6.22559443538378 0
6.437802022296506 6.194735707220845 0
4.884652127255385 6.510766173203359 0
-16.27918341584256 8.970573008644681 0
-3.604713424071393 6.163402850497828 0
2.347053355605702 6.481230023209267 0
1.353245897259674 7.250723820161298 0
2.864894718562798 7.554887181298342 0
2.069086384330667 8.76711782997975 0
7.9473014398871 6.205823325710481 0
9.243839866857904 6.243370420559333 0
-21.39682741310544 6.719704492204147 0
-20.72371175183099 8.340549399748999 0
-19.35763680526685 6.775339095200583 0
3.555209388162638 6.168438698455223 0
4.197359623314608 7.632187511475589 0
-18.4416692546151 8.727438357283855 0
-26.27260987789884 8.779641597290322 0
-16.92917196234639 7.005607015544026 0
-24.49989864876294 6.698372971344141 0
-9.832150285194761 6.311531618801866 0
-10.97013692898596 7.245205776666042 0
-9.125447534847297 8.067221673399789 0
-8.273230883040764 6.303711983684258 0
-7.287188503681747 7.353389787093857 0
1.425636104746367 5.945649458278328 0
-2.822089651584731 7.395627977124338 0
-3.599695392954061 8.660126181810218 0
-22.92040239225785 6.417544137264402 0
0.1194799237190551 6.303510544241218 0
-1.041801693605752 5.973155605549575 0
5.001459691810189 8.736794709904828 0
-2.176128187652891 6.208070736749119 0
-7.499723344991502 8.801581231002414 0
-11.45137524859489 8.782069389056543 0
3.557653454858893 8.924150173784657 0
-13.021816048898 6.961548938578352 0
-11.41989553306771 6.103657266048868 0
-14.94593856208098 7.937676214722197 0
-15.10660892661313 6.364529591080844 0
-2.169585291013412 8.724252363647919 0
5.578064794310666 5.613025527738348 0
-29.10574030656105 9.094728701842554 0
0.6093336107892586 8.760179853971835 5
-0.02189484075224968 7.63888296879519 5
-0.8488514844467314 8.913138353850915 5
-1.222785267783136 7.31533767593173 5
9.042762707651322 8.967969010789234 5
8.793309733859598 7.661644539310648 5
7.92528629313802 8.746432062870459 5
-22.86453541876988 8.120212361824496 5
-24.76002059297591 8.440456670728537 5
-14.40534912984658 9.420107735984155 5
-13.10860048619789 9.097690861215746 5
-12.51066481098556 6.971332033151853 5
-11.29514292298188 8.768732842349884 5
-14.23848886402166 7.621354673623619 5
-5.723921472069611 7.287775887062404 5
-5.16333178700142 6.091544068587442 5
-6.652718436232771 6.101973279441951 5
6.441930215635969 8.550297239313378 5
7.354651132342894 7.494082740236381 5
5.718278708216912 7.537176030151368 5
-3.60537547469943 6.163418018957056 5
-16.97964520359061 6.805019436249476 5
-15.40291343988704 6.597183311475378 5
-4.932936612743353 8.303681808058471 5
-6.145653770854349 8.624718700658915 5
-4.161126256151839 7.302435524427631 5
-28.09005411413183 8.090639584484837 5
-26.18395698842645 7.220978034759877 5
-27.42271259360699 6.307398659029595 5
-28.71111574547475 6.225375623096623 5
6.436942232750559 6.1942222035621 5
4.883266577650552 6.510034477928686 5
2.345219492226363 6.481142251243885 5
1.351598567379098 7.248527084067065 5
2.862620899515971 7.547035738507264 5
2.06711027561775 8.76053071711784 5
7.947210841981687 6.205487417938963 5
9.24379776361106 6.243175559605739 5
-21.07285917305152 6.90442877408711 5
-22.74461079787502 6.450691717572518 5
-21.24162237247804 8.370802090294188 5
-15.6587287357915 8.641817633524267 5
-24.45623854231994 6.710916823917714 5
3.553295612174807 6.167093871231584 5
4.196661812924785 7.63144463094126 5
-26.2890920482542 8.776456470398582 5
-9.903580390479934 6.28271284200815 5
-10.81773367487983 7.235204555549781 5
-9.106901425023917 8.076902446531799 5
-8.267579142094984 6.307826930288364 5
5.576857364377755 5.612774758679309 5
-7.288551165527938 7.35335832426075 5
1.42373962687846 5.945651665356146 5
-2.822769403648174 7.395603608395751 5
-3.60031513191654 8.660111438932089 5
0.1182673258827638 6.303082202395293 5
-1.042454825426914 5.97317602261692 5
-18.7130392603123 6.900240280683774 5
-19.56089818521109 8.489054968234795 5
4.992690591499024 8.728939788984929 5
-29.10927133793521 9.093842743941821 5
-2.176731723811127 6.208071762811921 5
-17.54663440306772 8.690876045527473 5
-7.496361027855951 8.803496184571866 5
3.551761135258352 8.884784614240449 5
-11.27237949723281 6.076343119678954 5
-2.170282567526975 8.724247229314079 5
7.491335561141048 13.75801749186056 0
8.238052210030146 15.33206410909391 0
8.844326419371431 13.87350043669097 0
8.196380899909451 17.00805900314176 0
8.887221769255515 18.29925104698309 0
3.289621029079648 16.72935704414282 0
4.892762924420031 15.9459223403001 0
3.246553059175977 14.88287552213067 0
4.573826963204443 14.02005855647097 0
2.914296953747776 18.41038848237964 0
5.041941688002458 18.06902766344807 0
1.725287737943209 17.26034568279434 0
1.419408579628506 15.60830094666032 0
3.126712552685617 13.10744938339776 0
1.596581412939988 13.75292957510004 0
4.935172155923138 11.08894510252712 0
3.561552978351517 11.38318309890177 0
4.393738450665245 12.3448565619112 0
-7.433816224726943 11.11749438606989 0
-6.227796832777795 11.7986478198421 0
-5.118512189841605 11.05946136319715 0
-0.3011179679838687 15.79153866106749 0
-1.947619446872343 15.23843819877186 0
-1.216175799943866 16.81252080648346 0
-2.650478637045961 13.47954618195786 0
-3.646888897797504 14.39593540914177 0
-0.005258542943520794 14.41476067683504 0
6.403093079949604 15.08574134354468 0
6.649863419655889 16.62748380621838 0
0.3237524089868984 12.86891277898208 0
-2.205840287953796 11.96597929372751 0
-1.122556244360318 13.22844390042845 0
-0.2498930062513018 11.40302621695894 0
-4.331394315601504 12.56664475444688 0
8.401465998899633 12.50956834683783 0
5.693835535042151 11.97412420324304 0
6.384965897770481 11.10671595646757 0
6.938307850324372 12.34976035528263 0
7.779085125245756 11.12845113600327 0
0.1850299466605723 17.10688071390214 0
1.889716211822103 11.75784754557453 0
-3.601627487300545 10.93201423522859 0
5.915689573387811 13.25542641871885 0
7.126949715623637 18.32408837778176 0
9.120955331084975 11.33131700300911 0
0.8208962757703944 18.50669733185815 0
7.865825769911778 17.6112323444823 5
6.347444085520964 17.85977061656533 5
7.96143578224074 14.2176314513796 5
7.202554292908886 16.03963565581814 5
8.686992035574839 16.12386964101143 5
9.092136368387624 18.03288482331696 5
2.767451015637814 17.81419208933961 5
4.775510932673186 18.51055948317725 5
4.688954446901917 16.84150244118771 5
3.541057622853098 15.92245943642225 5
8.950484197232953 13.11593786288843 5
9.003676265242117 11.5499726759451 5
-0.1451664114525535 15.85285753193182 5
-1.944010055636022 15.28418996347704 5
-1.074970735969554 16.95262079834635 5
-2.157210798843593 12.88803839878101 5
-3.803132845559247 13.73071125630089 5
7.787308938681911 12.35396150803901 5
-2.174328713379893 11.25372241370427 5
-3.185365393860698 11.90374215159822 5
-4.482397104004463 11.64623868250823 5
0.4574213502632798 17.25537339923201 5
0.7800882337562403 18.74902684942889 5
1.741557187409652 15.48797431414731 5
-6.080195415976334 11.34390714628221 5
-7.435954932664437 10.99945617054441 5
-5.615358888905115 12.89907154086808 5
0.1274466339973142 14.37572958739607 5
-0.9373503292320748 13.43496948918396 5
0.1860999989670002 12.90599445230001 5
6.480663201325494 11.35365996278418 5
6.576182728641423 12.98748059519899 5
7.742483231939826 11.03103382826398 5
3.747064978827552 12.41365332046353 5
3.351270069696187 14.27537937795395 5
5.069117662460679 13.54254642705362 5
-0.8990774246450624 11.72089504396566 5
4.802998937226162 14.92656818627659 5
5.899263156250969 16.01546439129188 5
5.420729658128728 12.26621855024495 5
4.832982648863827 11.16618867191758 5
0.7432062600247438 11.55064649107559 5
1.863549428092293 13.28839173906044 5
2.304801826418171 11.37335967825194 5
3.376654223069906 10.9874665189121 5
6.454363591865581 14.40984485308302 5
-8.830218894159643 13.54742936081508 0
-8.463941692675171 13.14041541959029 0
-8.481135480244809 13.62096132464875 0
-5.922581736392145 17.31703173260322 0
-6.030137702842879 17.07069724282093 0
-5.668124300765308 17.06719969802916 0
-6.00575828072958 16.69083466353593 0
-3.669717678798955 19.67774479812933 0
-3.329564382246359 19.57711652457843 0
-9.934889316423835 12.13430394440572 0
-10.29409638834161 12.38614095631595 0
-10.35576513029256 11.99725732933925 0
-8.037080134369859 13.4950015938753 0
-9.429839286229843 11.95580895921102 0
-9.943823222591494 11.43894439989952 0
-8.950542019810698 12.53713259282862 0
-10.00572850403859 12.61915129320447 0
-7.06414944568898 17.3653115256834 0
-6.756271817176064 17.6019196955244 0
-6.624023675963233 17.88998765792572 0
-5.351728098897423 15.89815257528132 0
-4.928934065608159 16.47141969981302 0
-5.490949207125311 16.55663523359872 0
-9.9328234466476 12.98795034866798 0
-10.15719340098311 13.18177438550297 0
-10.21484806357246 12.92486196520081 0
-10.4664662507802 13.16360145890115 0
-12.11067227558602 10.56768856707175 0
-11.97348856023252 11.05036455674262 0
-12.38952518684362 11.09579939837477 0
-5.303734218315103 17.68095007955 0
-5.36695576138467 17.33554352603037 0
-4.989063105459966 17.38125093241972 0
-5.174195056729275 16.95485205837917 0
-10.2610696394291 13.44366603480028 0
-10.08509664247807 13.63193996185715 0
-10.34735827320015 13.75094524231659 0
-12.26275413017147 11.8034602833924 0
-12.20378012310337 12.1306514432285 0
-12.5166047661591 12.07443128723575 0
-8.716139241655885 13.94616570151282 0
-10.08164808984885 13.92184301302056 0
-12.14828247697284 11.45928138684923 0
-12.47398749658104 11.52758381578324 0
-5.816970660210075 16.25733131699797 0
-5.958925917107829 15.90449795856448 0
-4.885427806818555 17.83214776861994 0
-7.572133736556157 15.38136852412334 0
-7.50465838971488 15.10764591033105 0
-7.237340394340524 15.2796394520221 0
-13.77264204630425 10.84973732111125 0
-14.00038321975596 10.75306084070903 0
-7.814877610702933 15.18813469196655 0
-11.5825759451286 12.14878025397519 0
-11.18014345682691 11.96328444501448 0
-11.2970427416701 12.37402455919572 0
-9.880953386645121 14.51091104015228 0
-9.756785810840881 14.08157917949701 0
-9.498391879233267 14.3572188430182 0
-4.590672445051826 17.52212880940158 0
-4.613440528935966 16.96181606815871 0
-3.983483134089207 17.45551349246744 0
-11.59137112839224 10.65541282549578 0
-9.580083367048914 12.40852072846412 0
-9.57941647797422 12.79620638493962 0
-9.510604775371249 14.78873939976225 0
-8.345889656458418 13.9473670049433 0
-3.463851070984557 18.14924682059143 0
-8.284250223896365 14.282179617979 0
-7.964220533549142 14.05204613307729 0
-8.035937520506742 14.4720405297226 0
-12.37644705310374 12.32778352434075 0
-5.6001886081234 17.94406418606912 0
-5.267882822639191 18.10065383826961 0
-9.807241827052316 13.69503201693868 0
-9.554394565478017 13.42453196271534 0
-9.487395956794003 13.77653311288765 0
-9.233128307652226 13.5098703251096 0
-6.995746394416052 16.57542020575131 0
-6.750346219383072 16.67873683967285 0
-6.982947196546448 16.91294370758659 0
-6.741301586412408 16.36316803025285 0
-6.248503942266904 17.97858573281015 0
-6.412853225175727 17.57192225873361 0
-6.060463699812502 17.60899395614832 0
-6.228170775754617 17.30067000165703 0
-5.561314345902673 18.34755481451912 0
-5.510416136526198 18.65744868523297 0
-5.862916738018523 18.60308075768241 0
-5.581688687358019 18.97848354914825 0
-10.69829034654393 13.86734283423026 0
-10.97315543805795 13.57375263784777 0
-10.61464959593558 13.5103555028241 0
-8.40950758464022 15.02094592298961 0
-8.455602716954843 15.33395008161791 0
-8.725199603304109 15.20420211822413 0
-8.161476511960267 15.22752196067805 0
-8.050556332771112 14.85378534886794 0
-8.424881504927228 14.63035987722641 0
-11.90615126829981 11.7039772668414 0
-2.919219124134594 18.96202250020539 0
-5.347007278605188 19.25446232061409 0
-5.014897038076507 19.30657722376885 0
-12.77071120533137 11.67011084357526 0
-12.53578889423015 11.81893311697075 0
-12.76205926686467 11.91559453835819 0
-13.20688898228524 10.41547858254494 0
-12.90581781250159 10.73340059425929 0
-13.26953428375864 10.83750381285853 0
-10.84174285607871 13.24752892562279 0
-10.72595376335813 12.9718039373356 0
-10.45315905220266 12.74126577216914 0
-13.54578688828851 10.94274672784869 0
-13.52145213821566 10.61804557325742 0
-9.126097369585022 13.90139396140481 0
-11.22425105184657 11.23922983515145 0
-11.51167314406423 10.99472611662773 0
-11.04371297616326 10.66428473248484 0
-4.62870123809093 19.34627196712293 0
-4.850115257935247 19.66800551592284 0
-5.961393585062373 15.40209580838998 0
-13.81203469265737 10.54076611138866 0
-13.97335143551004 10.26598666229095 0
-14.10630360147521 10.50302110822882 0
-10.76090381978742 12.00443001314178 0
-10.96551631493213 11.6068188830996 0
-10.52873675409528 11.62875810539557 0
-4.043689425673639 18.26634781004362 0
-13.64038861468683 10.30671282206767 0
-9.680795744286407 13.13048380623623 0
-9.921169409195425 13.36494065467941 0
-9.32652477525431 13.09399910395807 0
-13.26692441792739 11.39583934272281 0
-13.40260980498376 11.17114308953451 0
-13.03465006500803 11.1442083067823 0
-13.03395528744637 11.52224890240692 0
-12.73686308593678 11.31791786553701 0
-11.72554078845595 11.36433829715705 0
-12.72342335044612 10.98820366847672 0
-10.67214092424967 12.39096643164155 0
-14.33431383100607 10.27993954313822 0
-14.58450947015215 10.18390568497191 0
-11.4813893126986 11.70887154315425 0
-4.48213274072376 17.97965066633146 0
-4.735386427244485 18.97319406317821 0
-4.384370640240501 18.99432834498212 0
-6.413920923812132 14.81674993881538 0
-8.027356827377567 15.7854748319536 0
-8.379046609140051 15.9911768402903 0
-8.289865558111988 15.56861019924277 0
-12.55995895951992 10.75955590071083 0
-10.61767349433803 11.09633935674006 0
-8.71885944460697 15.62111879530552 0
-4.41568799946851 19.64710058425365 0
-4.007829448655071 19.44981306992776 0
-4.048506751180398 19.75698057629583 0
-6.277543180285246 16.23646628099258 0
-6.455095220303576 16.642565512337 0
-11.92135605892129 12.16368719594222 0
-11.81926313677672 12.37578323783213 0
-12.10357624778594 12.43899615032889 0
-11.87696370866723 12.60229130488789 0
-7.443491437508573 13.73302164053708 0
-12.67035617222227 10.41268727537164 0
-7.638674228554894 14.38266641140642 0
-11.72594055433086 12.81867499756505 0
-11.48409343179584 13.07624383663138 0
-11.37758684037113 12.73647345584398 0
-6.95585260269193 14.94631918060494 0
-7.069260132689084 14.420129276876 0
-9.095066397642395 15.33712755734149 0
-5.239179450291937 18.48598729014473 0
-5.226776092272299 18.89892540547247 0
-9.172760974787149 14.48977861926474 0
-4.882876515592796 18.26314630610862 0
-4.934309726125957 18.63246215476292 0
-4.506744339570423 18.53847939989119 0
-7.306401604841714 14.86300767928685 0
-7.996802023998697 16.21325301938624 0
-7.616452526310084 16.33214125539331 0
-7.799509507674582 16.63373374532775 0
-7.099774368557487 15.66654548571253 0
-7.388139491363571 16.00660336538262 0
-7.470222103586181 15.64051946875174 0
-6.793530605450584 15.70046885195884 0
-6.957073658827863 16.01997222013547 0
-11.59376799482424 12.5202727383538 0
-6.192216145621497 18.36989578626814 0
-8.592512280487774 14.28784760812839 0
-8.940540642648308 14.24182572300896 0
-8.796777077762162 14.52875783842572 0
-7.175548152951617 16.32059447865516 0
-4.018059888146718 19.06972109068625 0
-4.129176868995479 18.73678750337004 0
-3.696795249165918 18.73834151434173 0
-4.288155079394976 19.30151604564405 0
-5.917134464739176 18.20033802566531 0
-3.60684929494087 19.24581532455744 0
-6.387009365436644 15.72842285727725 0
-6.378951450441921 15.32634044847016 0
-9.257975155049326 15.06212718512123 0
-9.068379910561223 14.79691223210197 0
-8.960871137910409 13.16576936046033 0
-6.752339957776197 15.35206955602437 0
-9.221871583684525 14.22521766606936 0
-5.686307759816728 17.54478228803403 0
-6.628573734500403 17.23413603983122 0
-11.01056024400699 12.2919900963269 0
-10.38990553157534 14.11431021467657 0
-11.78506891418236 11.93553805833371 0
-12.03387197418472 11.95237402840622 0
-8.716453005263968 14.86409739781897 0
-8.95570847954767 15.04797294946418 0
-6.326053420572752 16.97775011827934 0
-7.996851238632242 15.45241868561127 0
-9.446727860155562 14.04679123166049 0
-7.45766907392607 17.00230456645928 0
-7.354575260379718 16.6262617950154 0
-11.03762191149368 12.58334634856059 0
-11.07552126927535 12.97428919228408 0
-10.79287938845373 12.73233433770083 0
-6.577758549870115 16.06842031247999 0
-7.654171298974251 14.80628864697889 0
-10.09514168626011 14.26272499209097 0
-6.629570261342487 16.90843497081472 0
-7.417126816264986 14.61802300363704 0
-7.751746613827937 15.94369150612139 0
-7.853042289366499 14.63120577587783 0
-11.2167948031058 13.31105942851207 0
-7.772198021780504 15.56526795142132 0
-5.882105993923968 17.85969283780803 0
-9.396472713084837 14.95396480550664 5
-9.132822149806753 15.20952366065815 5
-13.18854706557887 10.40074895023404 5
-13.59261783740164 10.24152688804208 5.000000000000001
-13.79035716453118 10.88068811149512 5
-13.999115339474 10.74734219287648 5
-13.83108769546012 10.61058864266505 4.999999999999999
-6.715749753190853 16.93751787179547 5
-7.011898135330885 16.77356414875284 5
-6.72890679273652 16.63244516772863 5
-3.501411302167043 18.30577738361304 5
-4.111445995752106 18.30419619891385 5
-4.019459836471494 17.53484932297409 5
-6.998133151783904 16.42755639192288 5
-7.796075041887914 14.55900441102835 5
-8.308980117830206 14.54704073273946 5
-8.001820776796766 14.14990867548085 5
-5.658829924851958 18.49166557469118 5
-5.523714885629081 18.90473459708368 5
-5.939441791338135 18.68944225325757 5
-12.20331156285505 11.88448029734689 5
-11.96737854606561 12.04631403010547 5
-12.27583345042082 12.15143038390247 5
-11.93845299530848 11.68957624064549 5
-7.435013127441259 14.8433774875136 5
-7.236086768255138 15.08870433973493 5
-7.61507595798841 15.21492421398988 5
-12.51210253865027 11.95982524094663 5
-7.255479606687508 15.41701483409098 5
-5.140851277813196 19.23549739275497 5
-12.00960340384457 12.30117187078434 5
-5.464212969329429 17.78724038780631 5
-5.09126504666445 17.87460690078347 5
-5.350021529777301 18.06440789181438 5
-5.155977435611369 17.46937258566135 5
-11.65198893907321 11.99224743895961 5
-11.6141249653287 11.55285235931752 5
-10.07875496388287 13.13124752469892 5
-10.37789377141474 13.25849829363132 5
-10.31363289815963 12.87057276539139 5
-10.6285514900927 13.09109367153984 5
-6.504326928844193 16.77546104303572 5
-6.442935338299744 16.48067783356963 5
-11.32470536981006 12.47629280652157 5
-11.01804545259051 12.3505447412784 5
-11.12380572586702 12.70047293825099 5
-10.79013048157746 12.59562352704487 5
-9.664600347626209 12.58942110379352 5
-9.440922515557777 12.92897641287676 5
-9.739342523142763 13.02726491019139 5
-9.151469170560034 12.63525260452417 5
-9.788787002236898 13.36959720661438 5
-10.13452463086341 13.40209038081878 5
-5.312869569397545 17.03208649133096 5
-5.093447776958332 16.4970789753024 5
-4.711011920628188 17.03764911569773 5
-7.93493746274914 15.82685208618133 5
-8.34277983038897 15.58114653620035 5
-7.907750408133744 15.4224611361354 5
-10.03988057457398 14.38407726325539 5
-9.731517454335386 14.20980238107147 5
-9.722026645060819 14.53183261708949 5
-9.416351525761957 14.25236447158707 5
-11.56465793290685 12.36696033295575 5
-11.33145699059479 12.17167254918354 5
-10.65882845957719 11.68658689690142 5
-11.16876080364277 11.49275659798463 5
-10.77159176764528 10.93221006773705 4.999999999999999
-5.304480431457016 15.8315287021522 5
-5.860206224710005 15.45936570973296 5
-10.02298546525025 13.67025714149525 5
-9.684342777638555 13.65044495228829 5
-9.376272351165206 13.62275892723249 5
-9.506860819454609 13.94708079469857 5
-9.187476417123005 13.7831255433548 5
-8.429857972588263 14.17422095767895 5
-8.609260852407186 13.9111899520814 5
-8.225374981573651 13.7812597304347 5
-8.797912937708485 14.17385999695433 5
-3.100053479355147 19.59692322231182 5
-3.603629328172492 19.64343421767405 5
-7.601268623045787 15.61728943846225 5
-7.285300001091773 15.70752737374808 5
-7.512543291829154 16.001832496524 5
-12.82853041918522 11.86357385061495 5
-12.66898517711924 11.71036933335992 4.999999999999999
-13.01240748989324 11.4045556403201 5
-12.94679261465778 11.66244644426701 5
-11.01415336771873 13.53462717300204 5
-10.95852395643478 13.25002462596798 5
-10.66458311260895 13.40702426810492 5
-11.55187242480736 10.96646160210686 5
-12.29705405308662 12.38234146225428 5
-9.350473810546553 12.05113327149843 5
-8.6931556166201 12.25574633191367 5
-6.219498830559473 17.95340449294033 5
-6.676532377131963 17.88195068375185 5
-6.460649747313617 17.61064159384498 5
-12.09432711417566 10.94661394546632 5
-12.44873239351535 10.67943658392518 5
-11.92340657282858 10.51850261474608 5
-12.44512655706032 11.17706459143684 5
-7.244322924329357 16.58061985442188 5
-7.382627356724864 16.9328979062588 5
-10.29796746988076 12.08333499168491 5
-9.95905965225133 11.44745530942938 5
-5.948985373206231 17.21010004587368 5
-6.273442742336229 17.35956034797226 5
-6.146270137123111 17.03908148985981 5
-6.40828289001535 17.01780322556211 5
-4.23362671907395 19.80184239446147 5
-3.982153938124094 19.5203589286045 5
-4.711016429529096 17.66580352471177 5
-10.71325116695555 12.19911138558812 5
-5.961930422484716 15.95411517821916 5
-6.116558295422305 16.35165307876721 5
-6.414437612573284 16.08322395691043 5
-5.663286497202559 16.32662351918593 5
-4.163664682048307 19.08813654398219 5
-3.572450874633041 19.09988926976755 5
-3.920978417112924 18.70637995215912 5
-7.186035342916089 14.32604370060436 5
-6.921088394381247 14.85610266491529 5
-10.68025900355168 13.81558486860131 5
-7.646913099281573 14.17457627758952 5
-6.347292108468896 15.11360505985415 5
-9.126293805359346 14.09221505513018 5
-6.412610792449847 15.67229697712885 5
-11.04233802580025 11.96465033253119 5
-13.54957880883214 10.95694361574755 4.999999999999999
-10.29102454539589 13.88197894381424 5
-10.50532888549736 14.11393364773532 5
-13.49232253846256 11.18472105115767 5
-13.27690029672871 11.00593025317401 5
-13.3600564211875 10.72441610628642 5
-8.637801287411129 14.71047179721948 5
-8.691253464122589 14.45559862674051 5
-5.825367040230201 17.78812766312923 5
-5.717175761132154 18.10807153414018 5
-5.645471002561113 17.4188557513092 5
-8.898779637436345 14.68451356180543 5
-13.2839442454015 11.29955961153809 5
-13.00917282153347 11.11501305036776 5
-6.089991394509305 18.37293029930919 5
-12.78465584914768 11.23318049500189 5
-12.73080300871048 10.99192461596266 5
-13.58167586752969 10.50151402920226 5
-7.603721235525516 13.6633483232445 5
-8.123674766116338 13.26404864829071 5
-8.617198347585298 12.93896189010484 5
-12.35529026176473 11.60119847407525 5
-6.438535368771117 14.51149808545689 5
-4.479177268214363 18.05267497689186 5
-8.297244011082224 16.06624133312606 5
-8.010420314165625 16.4905428321532 5
-10.10837249302379 12.51554864257627 5
-9.87609610011199 12.13738037365741 5
-11.99986588757103 11.32229470383891 5
-2.735263160861649 18.83821584642931 5
-12.75006667503263 10.36702262379062 4.999999999999999
-12.96632580327816 10.75492758479389 5
-9.985525820440532 12.83039151123018 5
-9.074188831761102 14.44348471404542 5
-9.113464669279765 14.80721519908371 5
-9.359702257393316 14.61388317023901 5
-10.47219457122127 12.51392380324871 5
-10.40420195153229 13.58085173765404 5
-6.619625595501304 17.26577450057952 5
-4.255917169997208 18.73390170804724 5
-4.547056471404977 18.9094008000075 5
-10.84686461896425 12.94109439862385 5
-10.6098105829739 12.81934767751958 5
-8.468008521463123 14.92348337491696 5
-8.818822407682305 14.93792127256675 5
-7.865919365632095 16.17418185254529 5
-6.896454370178898 17.55299426943067 5
-7.021458172708918 17.16005914524843 5
-7.596162061478058 16.5050671028462 5
-12.70220978724729 11.4648025492203 5
-13.92043567947445 10.3053714607741 5
-14.097631571283 10.50218391519945 5
-8.662058180696729 15.2923200417168 5
-8.24234515101822 15.1965489846689 5
-11.22825111462716 13.28843229442786 5
-9.142454355062597 13.04726685066531 5
-9.465130776160894 13.29940150733617 5
-13.59731048582588 10.72643211862911 5
-14.32563983519372 10.28178669958603 5
-4.468139537852398 19.1973125042499 5
-4.424426451609133 19.48885304370287 5
-4.715916635682408 19.23043398243497 5
-11.37380702695317 11.85377492541676 5
-8.583912333468131 13.52484023009862 5
-6.682481811444244 16.30094260189751 5
-4.847303077706401 19.561875747297 5
-14.5805505275161 10.1869271568698 5
-6.883567421091822 15.25338723157746 5
-9.037550965448965 13.43374183848461 5
-8.890401218585851 13.81982876935066 5
-6.062235789367811 17.55678164917828 5
-4.866309110509999 18.63475915411593 5
-4.867722997708343 18.98966440659761 5
-5.133789329844081 18.86814908266672 5
-11.18514050344773 13.02279924413493 5
-8.728695584974155 15.7163290848828 5
-11.80285431716855 12.51075891379947 5
-11.86439819951711 12.78821688228222 5
-12.10152437180416 12.55741408347779 5
-8.947115581215137 15.48124250471548 5
-6.904472009724458 15.62805933740399 5
-6.636985582933754 15.41683715149111 5
-7.855717259218732 15.01548559480878 5
-8.138043719524767 14.85659726115141 5
-5.270348377559786 18.57608986278139 5
-11.77404410221084 12.26458161106628 5
-11.66810353388512 13.04454028684165 5
-11.50289787858365 12.78620867820398 5
-6.748245649611484 15.96983160333911 5
-7.109114979884446 15.95952018909435 5
-4.732215065025214 18.29393300633765 5
-4.809196110683395 18.02567278924607 5
-5.065147541861121 18.25339526386724 5
-9.932373571884657 13.98872905862421 5
-6.197651347448335 16.73666791673686 5
-9.662754872491885 14.85282156918293 5
-10.25000336503055 14.17746193312565 5
-7.237772183482921 16.27492376540147 5
-5.595740425281644 16.72788101238711 5
-5.907551456325688 16.59748757640038 5
-4.49172451153974 18.49159776404821 5
-5.921730365006455 16.87232373432725 5
-5.675556886799278 17.04168577777574 5
-6.966356691592622 16.17494655759953 5
-11.45049972620953 13.17056252933494 5
-5.412304842810236 18.29872593983329 5
0 3 0 86
593
594
595
596
597
598
599
600
601
602
603
604
605
606
607
608
609
610
611
612
613
614
615
616
617
618
619
620
621
622
623
624
625
626
627
628
629
630
631
632
633
634
635
636
637
638
639
640
641
642
643
644
645
646
647
648
649
650
651
652
653
654
655
656
657
658
659
660
661
662
663
664
665
666
667
668
669
670
671
672
673
674
675
676
677
678
-28.56701711635728 0 1.902254062919966
-3.248797766868751 0 3.072970044486371
-2.410072143469513 0 3.162609043047994
-3.013627702559271 0 3.997098788589787
-3.039667239644544 0 0.9944459461224332
-2.670098597043014 0 2.209040429218885
-3.831857193268588 0 2.276085754618754
-4.441635012964426 0 1.160021385847456
0.8816051064225103 0 0.9893229951724548
1.641457236510306 0 1.789302415760226
0.3785630799987061 0 1.828559342077037
1.216573930961562 0 2.815008919311199
2.129566797626604 0 0.9850028323722615
2.69718445464683 0 1.910743346090338
2.439459235431632 0 2.837838958920353
4.688365590134089 0 1.0002828640136
5.374815281318786 0 1.833828601303406
4.29092731611992 0 1.941881743376884
4.99075220940177 0 2.81918673424743
5.904883296744686 0 1.005338602190759
6.643432814993051 0 1.955492230942224
6.221698999140237 0 2.850197697966153
7.258715245230342 0 2.776007483908152
8.147969259497787 0 3.2537747177113
7.109027645054057 0 3.869796352173517
7.946375771012129 0 2.101122694703705
-17.3816976022317 0 1.571823918145937
-16.14570055141284 0 2.498951100491182
-17.55529992043269 0 3.415080615654065
-19.10436334879795 0 2.242099291274744
-19.34483057811011 0 3.807376510128939
5.818756729691771 0 3.92821519944895
4.57327660373997 0 3.928380066976599
3.325080713690492 0 3.928340591635868
3.684270331161033 0 2.655288521792119
2.072188745619571 0 3.928349958932363
-1.365014355464153 0 2.619805097604903
-1.825990315462876 0 1.111981806577451
-0.4325727930607801 0 1.322000218927625
0.0260937288485561 0 2.740342231601401
0.8131884530612101 0 3.928335556603711
-4.318333198003364 0 3.720016206956438
-5.784183554167939 0 3.788234490846907
-5.272611340216107 0 2.500020533975552
-0.4541759424052039 0 3.92834425508393
-5.825866201027617 0 1.190116734490614
-1.748740460457343 0 3.929963236990466
-8.098754498265794 0 1.207771895757788
-6.97290319500642 0 0.9803892818248263
-6.875550664270992 0 2.50026920529585
-6.84219634576759 0 4.009100998853605
-8.077933789384268 0 3.790587666817379
7.156089086698767 0 1.041067110172625
8.270626002404295 0 0.9932816092252189
9.329885241521698 0 0.9659487922615906
8.8983776188837 0 1.802474159751171
-20.73414083677703 0 1.342916171515697
9.108627044304489 0 2.722266376073569
-22.59235725216079 0 2.499999198273019
-20.8129401384607 0 3.315398528532067
-24.5708160209286 0 1.137735106348945
-24.16760994690675 0 4.071840489616654
3.473211774279591 0 1.22064823721055
8.291165279303222 0 4.280379366180064
-8.496880691723621 0 2.500041114173812
-9.357274743805746 0 1.265931773252238
-9.35847715402917 0 3.734114682581005
-10.66745753043176 0 1.371559666159405
-9.781015900454708 0 2.500019771721113
-10.66862242085608 0 3.628468336060241
-28.31069204770476 0 3.869106786952092
-25.18407301307163 0 2.859203249810251
-26.59254738374648 0 1.467208190010398
-26.94963452646107 0 2.979028999936189
-11.2572270221644 0 2.500015544004468
-14.38904671703915 0 2.500006924833032
-12.79060798236407 0 2.499963563493104
-13.19075481982201 0 3.781997624236608
-13.18946063400168 0 1.21799265072716
-11.76886445692698 0 1.264921904064023
-11.77016242979893 0 3.735074177965737
-15.72586727450344 0 3.74838924527373
-15.72463573918661 0 1.251609211589023
9.193961616324106 0 3.893796595975636
-14.40730081147107 0 3.95694110141898
-14.40590883611221 0 1.043063489685048
2 1 0 0
2 2 0 0
2 3 0 0
2 4 0 0
2 5 0 0
2 6 0 1008
17
18
23
25
226
227
228
229
230
231
232
233
234
235
236
237
238
239
240
241
242
243
244
245
246
247
275
276
284
285
286
287
288
289
290
330
331
332
333
334
335
336
337
338
339
340
341
342
343
344
345
346
347
348
349
350
351
352
353
354
355
356
357
358
359
360
361
362
363
364
365
366
367
368
369
370
371
372
373
374
414
415
416
417
418
419
679
680
681
682
683
684
685
686
687
688
689
690
691
692
693
694
695
696
697
698
699
700
701
702
703
704
705
706
707
708
709
710
711
712
713
714
715
716
717
718
719
720
721
722
723
724
725
726
727
728
729
730
731
732
733
734
735
736
737
738
739
740
894
895
896
897
898
899
900
901
902
903
904
905
906
907
908
909
910
911
912
913
914
915
916
917
918
919
920
921
922
923
924
925
926
927
928
929
930
931
932
933
934
935
936
937
938
939
940
941
942
943
944
945
946
947
948
949
950
951
952
953
954
955
956
957
958
959
960
961
962
963
964
965
966
967
968
969
970
971
972
973
974
975
976
977
978
979
980
981
982
983
984
985
986
987
988
989
990
991
992
993
994
995
996
997
998
999
1000
1001
1002
1003
1004
1005
1006
1007
1008
1009
1010
1011
1012
1013
1014
1015
1016
1017
1018
1019
1020
1021
1022
1023
1024
1025
1026
1027
1028
1029
1030
1031
1032
1033
1034
1035
1036
1037
1038
1039
1040
1041
1042
1043
1044
1045
1046
1047
1048
1049
1050
1051
1052
1053
1054
1055
1056
1057
1058
1059
1060
1177
1178
1179
1180
1181
1182
1183
1184
1185
1186
1187
1188
1189
1190
1191
1192
1453
1454
1455
1456
1457
1458
1459
1460
1461
1462
1463
1464
1465
1466
1467
1468
1469
1470
1471
1472
1473
1474
1475
1476
1477
1478
1479
1480
1481
1482
1483
1484
1485
1486
1487
1488
1489
1490
1491
1492
1493
1494
1495
1496
1497
1498
1499
1500
1501
1502
1503
1504
1505
1506
1507
1508
1509
1510
1511
1512
1513
1514
1515
1516
1517
1518
1519
1520
1521
1522
1523
1524
1525
1526
1527
1528
1529
1530
1531
1532
1533
1534
1535
1536
1537
1538
1539
1540
1541
1542
1543
1544
1545
1546
1547
1548
1549
1550
1551
1552
1553
1554
1555
1556
1557
1558
1559
1560
1561
1562
1563
1564
1565
1566
1567
1568
1569
1570
1571
1572
1573
1574
1575
1576
1577
1578
1579
1580
1581
1582
1583
1584
1585
1586
1587
1588
1589
1590
1591
1592
1593
1594
1595
1596
1597
1598
1599
1600
1601
1602
1603
1604
1605
1606
1607
1608
1609
1610
1611
1612
1613
1614
1615
1616
1617
1618
1619
1620
1621
1622
1623
1624
1625
1626
1627
1628
1629
1630
1631
1632
1633
1634
1635
1636
1637
1638
1639
1640
1641
1642
1643
1644
1645
1646
1647
1648
1649
1650
1651
1652
1653
1654
1655
1656
1657
1658
1659
1660
1661
1662
1663
1664
1665
1666
1667
1668
1669
1670
1671
1672
1673
1674
1675
1676
1677
1678
1679
1680
1681
1682
1683
1684
1685
1686
1687
1688
1689
1690
1691
1692
1693
1694
1695
1696
1697
1698
1699
1700
1701
1702
1703
1704
1705
1706
1707
1708
1709
1710
1711
1712
1713
1714
1715
1716
1717
1718
1719
1720
1721
1722
1723
1724
1725
1726
1727
1728
1729
1730
1731
1732
1733
1734
1735
1736
1737
1738
1739
1740
1741
1742
1743
1744
1745
1746
1747
1748
1749
1750
1751
1752
1753
1754
1755
1756
1757
1758
1759
1760
1761
1762
1763
1764
1765
1766
1767
1768
1769
1770
1771
1772
1773
1774
1775
1776
1777
1778
1779
1780
1781
1782
1783
1784
1785
1786
1787
1788
1789
1790
1791
1792
1793
1794
1795
1796
1797
1798
1799
1800
1801
1802
1803
1804
1805
1806
1807
1808
1809
1810
1811
1812
1813
1814
1815
1816
1817
1818
1819
1820
1821
1822
1823
1824
1825
1826
1827
1828
1829
1830
1831
1832
1833
1834
1835
1836
1837
1838
1839
1840
1841
1842
1843
1844
1845
1846
1847
1848
1849
1850
1851
1852
1853
1854
1855
1856
1857
1858
1859
1860
1861
1862
1863
1864
1865
1866
1867
1868
1869
1870
1871
1872
1873
1874
1875
1876
1877
1878
1879
1880
1881
1882
1883
1884
1885
1886
1887
1888
1889
1890
1891
1892
1893
1894
1895
1896
1897
1898
1899
1900
1901
1902
1903
1904
1905
1906
1907
1908
1909
1910
1911
1912
1913
2179
2180
2181
2182
2183
2184
2185
2186
2187
2188
2189
2190
2191
2192
2193
2194
2195
2196
2197
2198
2199
2200
2201
2202
2203
2204
2205
2206
2207
2208
2209
2210
2211
2212
2213
2214
2215
2216
2217
2218
2219
2220
2221
2222
2223
2224
2225
2226
2227
2228
2229
2230
2231
2232
2233
2234
2235
2236
2237
2238
2239
2240
2241
2242
2243
2244
2245
2246
2247
2248
2249
2250
2251
2252
2253
2254
2255
2256
2257
2258
2259
2260
2261
2262
2263
2264
2265
2266
2267
2268
2269
2270
2271
2272
2273
2274
2275
2276
2277
2278
2279
2280
2281
2282
2283
2284
2285
2286
2287
2288
2289
2290
2291
2292
2293
2294
2295
2296
2297
2298
2299
2300
2301
2302
2303
2304
2305
2306
2307
2308
2309
2310
2311
2312
2313
2314
2315
2316
2317
2318
2319
2320
2321
2322
2323
2324
2325
2326
2327
2328
2329
2330
2331
2332
2333
2334
2335
2336
2337
2338
2339
2340
2341
2342
2343
2344
2345
2346
2347
2348
2349
2350
2351
2352
2353
2354
2355
2356
2357
2358
2359
2360
2361
2362
2363
2364
2365
2366
2367
2368
2369
2370
2371
2372
2373
2374
2375
2376
2377
2378
2379
2380
2381
2382
2383
2384
2385
2386
2387
2388
2389
2390
2391
2392
2393
2394
-10 10 2.5
-15 10 2.5
0 20 2.5
-5 20 2.5
-10 10 3.745645711661406
-10 10 1.24399822832441
-14.74340603050802 10 2.5
-14.4507028100841 10 2.5
-13.80656021049307 10 2.5
-13.42720863292365 10 2.5
-12.91536794267668 10 2.5
-12.23461674290177 10 2.5
-11.29554807047343 10 2.5
-15 10 0.242288454528967
-15 10 0.5103477155581148
-15 10 0.7637816826547884
-15 10 1.048012403672312
-15 10 1.414463882756166
-15 10 1.710834738686467
-15 10 2.248784384489218
-15 10 4.742029963196962
-15 10 4.454168561097276
-15 10 4.194253674608079
-15 10 3.646093957479357
-15 10 3.322441532969379
-15 10 2.759152288438971
0 20 3.749999999999997
0 20 1.250000000000003
-8.767056968492419 11.23294303150758 2.5
-7.577330860927947 12.42266913907205 2.5
-6.429467748758498 13.5705322512415 2.5
-5.223341865913168 14.77665813408683 2.5
-3.929545162168655 16.07045483783135 2.5
-2.619696774779104 17.3803032252209 2.5
-1.309848387389552 18.69015161261045 2.5
-5 20 0.3683002168452588
-5 20 0.7239054649920623
-5 20 1.065755696180421
-5 20 1.413768700378676
-5 20 1.754343953432987
-5 20 2.124327769815311
-4.615717771245704 20 2.5
-4.258667005862481 20 2.5
-3.900137314271266 20 2.5
-3.48304583004318 20 2.5
-2.966608810133408 20 2.5
-2.269205891437995 20 2.5
-1.312435172693014 20 2.5
-14.81303095289587 10.18696904710413 2.5
-14.61480633492727 10.38519366507273 2.5
-14.41708089685726 10.58291910314274 2.5
-14.2060118640264 10.7939881359736 2.5
-13.98675645679788 11.01324354320212 2.5
-13.76792423443939 11.23207576556061 2.5
-13.55064265444774 11.44935734555226 2.5
-13.33299558784651 11.66700441215349 2.5
-13.11159699157612 11.88840300842388 2.5
-12.8920017118736 12.1079982881264 2.5
-12.66961408717255 12.33038591282745 2.5
-12.44090453925721 12.55909546074279 2.5
-12.20338221752732 12.79661778247268 2.5
-11.94755925111159 13.05244074888841 2.5
-11.67744875610525 13.32255124389475 2.5
-11.39644615522853 13.60355384477147 2.5
-11.10320009880515 13.89679990119485 2.5
-10.80262057244738 14.19737942755262 2.5
-10.44560600697205 14.55439399302795 2.5
-10.06511295454188 14.93488704545812 2.5
-9.666278684701535 15.33372131529847 2.5
-9.251167328178649 15.74883267182135 2.5
-8.831257004454947 16.16874299554505 2.5
-8.385619364212168 16.61438063578783 2.5
-7.941932497773092 17.05806750222691 2.5
-7.499654937556841 17.50034506244316 2.5
-7.050551542690084 17.94944845730992 2.5
-6.644992951677075 18.35500704832292 2.5
-6.282686844729355 18.71731315527065 2.5
-5.950365452126334 19.04963454787367 2.5
-5.630413344826 19.369586655174 2.5
-5.309965802616807 19.69003419738319 2.5
-5 20 4.638265242870047
-5 20 4.279127667584006
-5 20 3.934155399919823
-5 20 3.58591075677526
-4.999999999999998 20 3.236656636941439
-5 20 2.870069984339803
6.017496913561928 5 2.483745593433789
6.759549371763059 5 3.869572274844764
5.524751616527401 5 3.698633766302541
7.263364216750166 5 2.48382439009509
5.506733376797532 5 1.285558889056893
6.698914694172336 5 1.066660546407819
-27.26357357393051 5 3.182885564266367
-28.80837947849768 5 3.685515433810919
-12.72973030508487 5 1.691228419482238
-12.78227389425109 5 3.507905226682372
-13.9245487659153 5 2.541240745771291
-11.53106118402315 5 2.801358375665291
-11.6659924594132 5 4.013603819175412
4.121450507714106 5 3.803715408386942
2.776376112699854 5 3.812101941929312
3.292202854832947 5 2.500048690060665
4.609332510183671 5 2.500086303805908
2.776998680013864 5 1.18768154197872
4.118456051100708 5 1.195234492470949
1.955704833651673 5 2.499903498540228
1.462396282175725 5 1.196105355939356
1.461394679167112 5 3.803762721964237
0.6036847742400031 5 2.49986087449369
0.3464490544685592 5 0.9805240723343349
0.3457094353581152 5 4.019377386390047
9.19168551877765 5 3.748758808286798
9.189539428510205 5 1.24778524107266
8.55319342993532 5 2.494925022142832
7.874653676905513 5 3.74801602482122
7.861688000921164 5 1.241918670121176
-0.6762002975006265 5 3.793263335492308
-1.847928455109667 5 3.740409403441527
-0.7613293397739422 5 2.499932358972358
-1.847762940391224 5 1.25960747129385
-0.6759162381093375 5 1.206654131238629
-2.152108877057817 5 2.500045993571895
-3.24310272154719 5 3.928742744897168
-4.922760500099011 5 3.760702931160207
-3.915235618334295 5 2.500040886106551
-4.922247814297968 5 1.239386494935331
-3.242797176267061 5 1.07129726370109
-6.417438271142078 5 1.268545038255904
-5.323848204972693 5 2.500096316128857
-6.41849151598851 5 3.731588108062304
-28.73551183233348 5 1.911358293262068
-7.696688787838948 5 1.371639488295965
-6.789203433705389 5 2.500147930175275
-7.698013348759577 5 3.628581470909484
-11.29865925297884 5 1.296866169219258
-25.09031236572861 5 2.494978272077347
-27.03345948033029 5 1.511107054757202
-23.15046904599327 5 2.500008475565445
-21.19346020199135 5 2.500008475565444
-19.23645135798943 5 2.500008475565445
-17.29552962554552 5 2.501179759910758
-15.41895630567494 5 2.507070084280342
-8.300379738059359 5 2.500127011416876
-8.759534152063683 5 1.2358152299524
-9.873310567875379 5 2.499925613000946
-8.828437401682471 5 3.740806229062485
-10.2936143671766 5 3.816203279047609
-9.888751100490971 5 1.043199267000614
7.108694544137483 10 2.500234737936896
5.15980290515139 10 2.498795191745874
6.275048703512945 10 1.365113950262445
5.101449409272811 10 0.9584015151726731
6.275508709221861 10 3.636066369805014
5.10155693762163 10 4.041600885174182
9.125104570834196 10 1.224370240712028
9.125153762090868 10 3.775684360716863
7.653009705039138 10 3.904552782834024
7.652991186113613 10 1.095459765187635
2.505591722443949 10 1.264849552984711
3.900147861782266 10 1.203685352817
3.610064634812446 10 2.500065856998741
3.900090706092322 10 3.795949821078584
2.505116509687042 10 3.73523699255271
1.249691624042113 10 3.628988956190429
2.148344635844115 10 2.50015603371897
1.250310436901792 10 1.371029565852728
-7.444515386864829 10 1.240132385646572
-5.878608138724479 10 1.217487030167804
-6.630366679476129 10 2.499898588538106
-5.156861757052647 10 2.499974950801352
-5.878711691555729 10 3.782458911794659
-7.444470541498315 10 3.759342534953957
-9.016466329437069 10 1.247273219171278
-9.016373545968762 10 3.750749491278674
8.552455376527107 10 2.500057859034814
-4.367741426619451 10 1.205129307735862
-3.817726585800097 10 2.500001871042387
-4.36801602013999 10 3.794873995529295
0.6554818628874859 10 2.499889432275743
-2.854812705772586 10 1.290513975398108
-2.421833984709524 10 2.500055560773193
-2.855128567938037 10 3.709490695130814
-8.432397552484684 10 2.499508701056684
-1.336686815804249 10 1.292055306230533
-0.8703779742425102 10 2.499971887970322
-1.337012920909869 10 3.70795472421451
0.1343036231191501 10 3.722800833441834
0.1348816974209637 10 1.277157698721554
-14.73499026492746 10 0.1549559619362726
-14.4193434287929 10 0.2765911676879363
-14.75425911345846 10 0.4108561494007326
-14.53231063714381 10 0.5910430299223811
-14.61123753707533 10 0.8588621693498527
-14.812209745838 10 0.6717543424996751
-14.21208078992496 10 1.379042824078978
-14.23413402082211 10 1.133975972667838
-13.91964364619514 10 1.253369908621657
-11.71363585447304 10 1.722996319072617
-10.88611052838699 10 1.251745464385101
-12.55124468673756 10 1.947324297349851
-12.46051067657839 10 1.225625115608906
-13.14196974705824 10 0.4818348535770603
-12.6074269805303 10 0.5709757490309982
-13.17181860902839 10 1.93426012858821
-11.87628165143109 10 0.7952237652314377
-13.89530967169124 10 0.5186512123574887
-14.26465916101616 10 0.5173919305488015
-14.06292588033564 10 0.253034690809168
-13.72705761845205 10 0.2377348187497891
-14.04994313312537 10 0.9613625258464863
-14.05097500260699 10 0.7361454398647432
-13.71850703680162 10 0.8672650449085445
-14.4196469973614 10 1.62175566990739
-14.0500805148761 10 1.600431572271096
-13.62154452900915 10 1.619015733264025
-13.55121568275078 10 1.212496498729733
-13.08747405695512 10 1.394059882601541
-14.32645601040057 10 0.8160564856623951
-13.65863657634999 10 2.089628193581898
-13.91194264571677 10 1.84886407588931
-14.45082708690995 10 1.331989810294848
-14.69118080301792 10 1.755045578800016
-14.72216134440059 10 1.518789526455472
-14.68357745596212 10 1.079981763910213
-14.82223347429649 10 0.9003444403536578
-13.32898345106746 10 0.8965270785975695
-12.92700083819404 10 0.9231707990087455
-14.52881692334611 10 1.947816310539393
-14.21562448104916 10 1.880541221865217
-14.01274489229306 10 2.135629556609215
-14.33296277384881 10 2.168669208834935
-14.6391448818553 10 2.221953622223889
-14.77182852164387 10 1.976886926947797
-14.77131317911425 10 1.278647478287944
-14.44585345837673 10 1.062034281502662
-13.54773335794595 10 0.5003354948250486
-14.15074267167976 10 2.326074691361038
-11.99062431928188 10 3.171273972322415
-11.16664243166097 10 3.851015607062266
-13.28850945385625 10 4.643902568111788
-12.8275475600524 10 4.548485542961867
-14.65272338633767 10 3.695773311822321
-14.80063690923848 10 3.452743224840863
-14.56341535308682 10 3.382252497735183
-12.52486699974646 10 3.891205172514309
-13.97127721019699 10 2.78128682462552
-13.7812057594533 10 2.994018300994335
-14.13767111197907 10 3.023545791152199
-14.28298658084176 10 4.44363755414817
-14.42124944952159 10 4.22188692719059
-14.03475603266998 10 4.211614774868616
-13.67338704559678 10 2.734471311472262
-12.73144734744931 10 3.114149084890552
-13.33956047187375 10 2.917486622616396
-13.60724193535254 10 3.994261020761225
-13.17763323386849 10 4.20731997418324
-13.62769119991676 10 4.405967751618602
-14.29736323747155 10 2.792291073182771
-14.61795007146394 10 2.760524168892383
-14.47510227365897 10 3.04499518941609
-14.73569864850776 10 4.569859902686146
-14.52253570796713 10 4.436808926015765
-14.42079291632781 10 4.704276406962795
-13.24239575222071 10 3.354912739558664
-13.60591007867684 10 3.224854993533179
-13.1899422023954 10 3.76009779412922
-14.72984523220707 10 4.836027712140984
-13.66535091159778 10 3.582796785200993
-12.92216350133116 10 3.530091156981643
-13.93926422245383 10 3.878855240642947
-14.09885704677948 10 3.589072007904998
-13.95942858713834 10 3.282464268507576
-13.64240748975292 10 4.735107464969612
-14.40657105241933 10 3.575501634940045
-14.2904670798457 10 3.319627868690171
-14.74112601181212 10 2.96670647037742
-14.74183688280092 10 3.205428518965082
-14.87074072365326 10 3.063432202687713
-14.72395086494591 10 4.314441211641814
-14.01559879454488 10 4.643600731804971
-14.63120708295327 10 4.029632846371233
-14.13147586706143 10 2.643394474452073
-14.33206042722192 10 3.895186249448253
-14.83331258557039 10 4.115722617339472
-14.82394578412213 10 3.934786760784947
-15.47649451098614 10 0.4423161933280907
-15.48193546956186 10 1.067756575094249
-16.68643606498915 10 0.9544396527332908
-15.72868224139589 10 1.783525635420847
-16.43537201137178 10 3.854074205540199
-15.44371683334593 10 4.495545099362164
-15.41513235675253 10 3.720167952853303
-15.61170529579749 10 2.808599247160638
-27.23799364545847 10 3.750255398708111
-27.43638546424672 10 2.362985005734066
-26.0648590202912 10 2.45572903615099
-26.38202278752158 10 1.206359575698411
-25.01303606496953 10 1.343718754847119
-24.74369364566878 10 2.673170833887679
-28.82022221235718 10 3.5068202020794
-28.59580729835478 10 2.180302532003136
-19.4296729839471 10 2.996934056594587
-23.83759453285183 10 1.727053083345633
-23.24652665512624 10 3.196134868150445
-21.50159796011403 10 3.0098002577677
-22.44724219565318 10 1.443179672469165
-17.73078164457564 10 0.9081684664758661
-17.3120244841878 10 2.280981539971692
-17.88191641297458 10 3.674998334750412
-20.75772685942677 10 1.420103975524383
-25.8307166916742 10 3.774547177666182
-29.09663891764443 10 1.170718027729551
-27.5174078160588 10 1.078443255468631
-18.98737951918795 10 1.267698006427755
-24.58986827644842 10 3.887561765018877
-4.505943764060099 15.4940562359399 1.25
-5.842828966662342 14.15717103333766 1.25
-9.276487674415844 10.72351232558416 1.248999704720735
-3.302891726535268 16.69710827346473 1.25
-1.978907960115022 18.02109203988498 1.25
-0.7711459154925855 19.22885408450741 1.250000000000001
-6.990277409223133 13.00972259077687 1.25
-8.152011778894686 11.84798822110531 1.25
-5.743029468378637 14.25697053162136 3.75
-7.014627292878842 12.98537270712116 3.75
-3.28920376888626 16.71079623111374 3.75
-4.598317714659483 15.40168228534052 3.75
-0.7677239260803326 19.23227607391966 3.75
-1.972063981290518 18.02793601870948 3.75
-8.227802203548471 11.77219779645153 3.745930090859885
-9.292219755528659 10.70778024447134 3.748595967086882
-13.96910479498744 11.03089520501256 0.852925078879237
-14.0750831178547 10.9249168821453 1.20710667969852
-14.17313135560679 10.82686864439321 0.8572824707383044
-13.86352805395379 11.13647194604621 1.128568810145601
-7.363797781560809 17.63620221843919 1.504303497230314
-7.018287174626728 17.98171282537327 1.778602123652867
-7.393542942057852 17.60645705794215 1.985153947167826
-9.315524362179747 15.68447563782025 2.103323146531852
-9.689314879924428 15.31068512007557 1.904889070116828
-9.461196986303229 15.53880301369677 1.487835076768281
-14.11411418423246 10.88588581576755 0.2216108981957292
-13.90395488200756 11.09604511799244 0.2672958502715321
-13.77716149956851 11.22283850043149 0.8307175796039047
-7.102820416611493 17.89717958338851 1.129319438166573
-13.22883940687964 11.77116059312036 1.35948275497012
-13.09104455432582 11.90895544567418 1.587348451576558
-13.26249603443173 11.73750396556827 1.63034072206483
-13.04498032606487 11.95501967393513 1.248074945252543
-10.87012140814973 14.12987859185027 1.608809181067762
-10.53575800768866 14.46424199231135 1.54471337569969
-10.65973894552508 14.34026105447491 2.032003078771384
-10.69815633102161 14.30184366897839 1.193027581380462
-12.21242848232528 12.78757151767472 1.76053224228983
-12.16098764085953 12.83901235914047 1.459806279757911
-11.94644840252866 13.05355159747134 1.698769294691655
-10.38667576617987 14.61332423382014 1.005710362787718
-10.76697081713978 14.23302918286022 0.8113894455891881
-11.99891419435368 13.00108580564632 1.268226426381609
-10.0522128454634 14.9477871545366 1.19810489570078
-9.988859954141425 15.01114004585857 0.8292172306856896
-6.836373365261728 18.16362663473827 0.4540609278062765
-7.257657861072154 17.74234213892785 0.5390890454403596
-6.410631196007184 18.58936880399282 0.4758800274896616
-6.266377061900087 18.73362293809991 1.028709383280508
-6.687384897958189 18.31261510204181 0.947352444026732
-6.47368482694635 18.52631517305365 1.419692560145067
-14.85616317862098 10.14383682137902 1.503525212167594
-14.7392859466891 10.2607140533109 1.314255394584322
-14.65750343729049 10.34249656270951 1.608044747180971
-10.2096777321471 14.7903222678529 1.548551927069075
-13.37826421973154 11.62173578026846 1.799667635966972
-13.15776446529892 11.84223553470108 1.823206632244601
-13.30604118215719 11.69395881784281 2.064531943121201
-11.05379239185027 13.94620760814973 0.7203767044564506
-11.18470337167182 13.81529662832819 0.387926166753665
-10.88646527294073 14.11353472705927 0.3930320549853298
-14.90383324515447 10.09616675484553 1.958694050280996
-14.81681053893012 10.18318946106988 1.791105630584362
-11.00469301968657 13.99530698031343 1.119428155420814
-11.15269448036101 13.84730551963899 1.52277449329258
-11.09898749412509 13.90101250587491 1.841994004442703
-10.92472349407878 14.07527650592122 2.102440139321094
-6.002416784702106 18.99758321529789 0.6091983601833241
-5.68113793564979 19.31886206435021 0.4427586150495565
-11.22076861296339 13.77923138703661 1.167653302638173
-11.45985910913399 13.54014089086601 1.107323151786771
-11.27034709299511 13.72965290700489 0.8119664006939765
-11.38619466944066 13.61380533055934 1.491837224877578
-11.54135737284576 13.45864262715424 0.778437011863049
-11.42725577182356 13.57274422817644 0.4026203182454731
-11.91449837040721 13.08550162959279 2.149439773665655
-11.73244619618163 13.26755380381837 2.036797439348641
-11.62691820490119 13.37308179509881 1.70241786202978
-11.77854470229509 13.22145529770491 1.35321754924152
-12.09348871528408 12.90651128471592 1.951251761650862
-7.790653178680774 17.20934682131923 2.019283692313966
-12.08959890123202 12.91040109876798 2.209820146302771
-11.76908258222462 13.23091741777539 0.6924088313035816
-12.01588303754893 12.98411696245107 0.8894105124068609
-12.00190878035293 12.99809121964707 0.4376763399046871
-11.8452800796337 13.1547199203663 1.051546328509438
-12.28434623672143 12.71565376327857 2.131756001993102
-12.23377128201366 12.76622871798634 0.7299965579477435
-12.24634130010037 12.75365869989963 1.156608596682372
-13.2230076320959 11.7769923679041 2.322146193916537
-13.42383369116781 11.57616630883219 2.318146617050739
-12.2710071857247 12.7289928142753 0.3356149121176439
-12.42697288340776 12.57302711659224 1.838276631500592
-8.560376131301588 16.43962386869841 1.913517798195656
-8.150734051278654 16.84926594872135 2.027979355604947
-12.36232701486265 12.63767298513735 1.483333488911468
-13.31018549744004 11.68981450255996 0.6449553395528961
-13.46048526080382 11.53951473919618 0.3356113990455741
-13.2126912732011 11.7873087267989 0.3084450006750172
-12.49210042780215 12.50789957219785 1.285366917952421
-12.8585245395844 12.1414754604156 0.6632340496392322
-12.62966474339445 12.37033525660555 0.5671399052881647
-12.6347656017405 12.3652343982595 0.8220590788882669
-12.77335330836423 12.22664669163577 0.3108852006789491
-5.420934784575575 19.57906521542442 1.565805663700054
-5.278055155823985 19.72194484417602 1.239905817151053
-5.182040817029474 19.81795918297053 1.584476148237467
-14.45805740589749 10.54194259410251 2.143273900969848
-14.55149735645972 10.44850264354028 2.308389834457476
-14.61694851008829 10.38305148991171 2.085667385070058
-12.5792861990433 12.4207138009567 1.599525709769388
-12.52364791722728 12.47635208277272 2.162411245288491
-12.98103593987658 12.01896406012342 0.3171690600056404
-13.09002249815244 11.90997750184756 0.6228627335776501
-6.12174282596466 18.87825717403534 2.173077346968948
-6.466551346158738 18.53344865384126 2.174792358293577
-6.302795578259733 18.69720442174027 1.800680172184567
-8.072700905199945 16.92729909480006 0.5055491225790747
-8.514996013255335 16.48500398674467 0.5473758690942657
-13.1437870391117 11.8562129608883 2.051022815077777
-8.99393128951569 16.00606871048431 1.727214732306001
-13.00386273847843 11.99613726152157 0.9033068981193364
-13.58983586776335 11.41016413223665 0.8902483474090856
-13.63610035844605 11.36389964155395 0.5907148183587677
-13.48207310359288 11.51792689640712 0.6799627943063754
-13.93593567313557 11.06406432686443 1.479316008473244
-9.136209683267602 15.8637903167324 1.177903740102473
-13.20208231528097 11.79791768471903 0.9845660436924291
-13.610012396465 11.389987603535 1.746028857718147
-13.42117781995831 11.57882218004169 1.489820422131937
-6.761730590967293 18.23826940903271 1.36176072584477
-14.24146763202135 10.75853236797865 0.5263805648920605
-14.3767627804771 10.6232372195229 0.7993682637470463
-14.32998462790319 10.67001537209681 1.184185889935407
-13.74060186698646 11.25939813301354 1.559962146026322
-13.58007018334267 11.41992981665733 1.463205830717668
-13.72569392778012 11.27430607221988 1.321800601758317
-13.69818931039639 11.30181068960361 1.079546912460381
-13.53730710952814 11.46269289047186 1.213271236569675
-14.69183111500833 10.30816888499167 0.895057760236096
-14.66243606955227 10.33756393044773 1.148136931454224
-14.81928487558865 10.18071512441135 1.055243945243767
-12.87661320010336 12.12338679989664 1.495999883621171
-12.83172630443782 12.16827369556218 1.083289842770975
-12.68684643357387 12.31315356642613 1.347346681854634
-12.72004136919951 12.27995863080049 2.12273065285873
-13.73186932535939 11.26813067464061 2.029349830935706
-13.8462113162007 11.1537886837993 1.772636624809118
-14.88727911870701 10.11272088129299 1.26167917821249
-10.37960418381392 14.62039581618608 1.936055776539754
-11.33123988823453 13.66876011176547 1.840348934649987
-11.22191972481889 13.77808027518111 2.218191579376297
-11.49691724811928 13.50308275188072 2.133360266361989
-13.41375853351115 11.58624146648885 0.9382840671655537
-6.174717646317692 18.82528235368231 1.479816578344859
-14.42844760797237 10.57155239202763 0.4875787683940571
-14.51530376451001 10.48469623548999 0.230363219881571
-14.31898879146884 10.68101120853116 0.234963103806995
-14.68484093263655 10.31515906736345 1.881483596673359
-13.35125539121616 11.64874460878384 1.216745945102423
-12.99291449273933 12.00708550726067 1.85888716476608
-12.76324636692828 12.23675363307172 1.79587483991169
-12.87873839834983 12.12126160165017 2.072415378891702
-13.03920742505742 11.96079257494259 2.186342152039062
-14.29817703227656 10.70182296772344 2.219503280083352
-14.34259289214516 10.65740710785484 1.922664445350005
-14.52204774452445 10.47795225547555 1.82341845284683
-14.90952693680324 10.09047306319676 0.2784795055028978
-5.940643859818069 19.05935614018193 1.748339670691656
-5.781009418030939 19.21899058196906 2.161708034780511
-5.219651466590872 19.78034853340913 2.229552091639833
-5.27038240866657 19.72961759133343 1.896658867093008
-14.72641523915379 10.27358476084621 0.630841132745711
-14.85178230931812 10.14821769068188 0.8249796881530251
-14.8587083155282 10.1412916844718 2.321747152021383
-14.70851553037489 10.29148446962511 2.300877839033861
-9.03788031682393 15.96211968317607 0.6028204212292666
-8.682836983730397 16.3171630162696 1.192139637523459
-9.858889335737047 15.14111066426295 1.544699161085879
-9.422081237968051 15.57791876203195 0.9297228479118971
-9.741307546750839 15.25869245324916 1.139571210194686
-14.60930254124894 10.39069745875106 0.4632697750085121
-14.76676208301021 10.23323791698979 0.3572879219411733
-14.66492824532674 10.33507175467326 0.2101841809085163
-5.315399478525638 19.68460052147436 0.4343942304421418
-5.472748334056433 19.52725166594357 0.8346226184991257
-12.43188386572339 12.56811613427661 0.9430428738438146
-12.61764365350626 12.38235634649374 1.065517430979213
-14.79852243895893 10.20147756104107 2.084051434021891
-12.43915050379668 12.56084949620332 0.6101303708082
-14.55874287378925 10.44125712621075 0.7298594878165156
-14.52880258556968 10.47119741443032 1.010922400705933
-11.6249808069518 13.3750191930482 0.4373923301621481
-6.639432964352888 18.36056703564711 1.808362518663297
-6.816135426036791 18.18386457396321 2.161314790972754
-8.205331326309096 16.7946686736909 1.052294762671375
-5.667615180532211 19.33238481946779 1.510819453506231
-5.580917250360754 19.41908274963924 1.191983727988568
-5.591710817539582 19.40828918246042 1.843184559906889
-5.899602364962067 19.10039763503793 1.186772241914758
-10.22118462661529 14.77881537338471 0.4756645676720895
-9.859952078704591 15.14004792129541 0.4341783116646368
-11.66397588174616 13.33602411825384 1.05446832321362
-9.671826861134569 15.32817313886543 0.7220740360942267
-11.77735687069206 13.22264312930794 0.3134955002740833
-5.753247140727854 19.24675285927215 0.778336481332408
-5.21790423393187 19.78209576606813 0.8620267554050705
-7.977547827660164 17.02245217233984 1.515223173765707
-8.317878094617683 16.68212190538232 1.533773063739527
-13.95378611087822 11.04621388912178 2.0163424051999
-13.51211387589207 11.48788612410793 2.044382834120919
-13.64373321500678 11.35626678499322 2.284522959056503
-5.469679253614125 19.53032074638588 2.175775669669875
-10.57204212115963 14.42795787884037 0.4367618145043545
-14.40028133387555 10.59971866612445 1.587868752000895
-14.22707832418606 10.77292167581394 1.766017116075182
-14.87574776131361 10.12425223868639 0.5609529409891321
-14.16971331070427 10.83028668929573 1.501848259370981
-14.55304900037521 10.44695099962479 1.308902353246887
-12.88519999699344 12.11480000300657 2.313581362701723
-5.16604404953263 19.83395595046737 0.2280986452088052
-14.04637336372234 10.95362663627766 0.5744154125005716
-14.04710670772493 10.95289329227507 1.755344263627586
-13.84357551592653 11.15642448407347 0.5481672089662983
-12.50677212568002 12.49322787431999 0.2548295073444378
-13.66347090292337 11.33652909707663 0.2595815819665942
-14.14991551124475 10.85008448875525 1.995905167837094
-11.589731441188 13.410268558812 1.343877069577465
-12.59980145026663 12.40019854973337 1.892101100751271
-13.84888976076747 11.15111023923253 2.270571183262233
-14.0623181586576 10.9376818413424 2.236046537285004
-10.04492625399972 14.95507374600029 2.062027990600631
-7.638313972670133 17.36168602732987 1.608734403960807
-9.484066033528137 15.51593396647186 0.4481326030824498
-7.666028133391059 17.33397186660894 1.019707709326219
-7.678291801546159 17.32170819845384 0.4139164374878306
-6.149876272096595 18.85012372790341 0.2903043058330282
-12.7237088161742 12.2762911838258 1.554380312270251
-6.960076833463166 18.03992316653683 0.7620440498809053
-11.68073867685262 10.74887805889429 2.5
-12.32137374664881 10.76138742932881 2.5
-2.695297860517341 18.83432955923541 2.5
-3.096773669238688 19.56377067385465 2.5
-12.98892664788487 10.73378429539639 2.5
-12.69881334905632 10.47088666419752 2.5
-13.05470293882392 10.43169990894569 2.5
-8.556495086210415 15.75717355094837 2.5
-8.379473794391341 16.17681281645766 2.5
-8.260713549096778 15.79635628884647 2.5
-8.008664818745547 15.96030259721244 2.5
-6.133272300116996 16.57754205753022 2.5
-6.158452083954689 16.98290243053726 2.5
-5.844487461809132 16.86601809436698 2.5
-6.44422279702799 16.90367527156766 2.5
-10.85622812936086 10.78248833900685 2.5
-11.26989669269883 11.25060336021648 2.5
-11.52291426475857 11.63154933670756 2.5
-11.73681012730241 12.003028035095 2.5
-11.39347084533169 11.91399360681177 2.5
-11.69472279329254 11.24098409451319 2.5
-11.95605550575489 12.6336415126387 2.5
-12.19702190824628 12.49107593182621 2.5
-7.103581163609348 14.90323416057379 2.5
-7.651667604863256 14.74488039065959 2.5
-7.486366721928746 15.17150104810469 2.5
-8.863837827440218 12.41131980721892 2.5
-9.571757265738967 12.03259245503139 2.5
-9.514044189270027 12.66426883305806 2.5
-13.48967341143371 10.83674906591342 2.5
-13.71931858389032 10.91729740421523 2.5
-13.51392010538236 11.08270645360762 2.5
-8.575246894511995 13.08443279090902 2.5
-8.683951935672386 13.71311347453927 2.5
-8.110211050872209 13.45859393814024 2.5
-9.177590647087619 13.03099370023476 2.5
-9.852237004980111 12.87439681299529 2.5
-9.982445380400694 12.51964937518674 2.5
-10.19405956200323 12.04545483329237 2.5
-3.864178370976973 17.7798334015651 2.5
-4.068847117593766 18.33408516118146 2.5
-3.418290022228607 18.34864020014416 2.5
-3.803626906685086 18.74030169570148 2.5
-4.579884415258716 19.68952673967281 2.5
-4.141304358167737 19.60386102662 2.5
-4.395480036269175 19.35665637842803 2.5
-4.025255672525311 19.1265283207884 2.5
-4.544733941323486 19.02039370277678 2.5
-4.503186581472917 18.01594869640712 2.5
-11.65950959244547 12.41560672561687 2.5
-12.00448231853289 12.28564771297906 2.5
-7.506200421733894 17.02627463849729 2.5
-7.078403410467342 17.23092997891042 2.5
-7.27312854230912 16.72186203026607 2.5
-5.399412828757598 16.77134101605659 2.5
-5.244773577790568 17.26452330131077 2.5
-4.73101292374459 16.80029253392782 2.5
-6.808712676091993 16.80310400244437 2.5
-4.269943229986785 18.71053882768708 2.5
-4.609150782094304 18.66360728378416 2.5
-12.34311508042795 12.21495457926654 2.5
-4.901687808104342 18.79520490581435 2.5
-5.209981937631309 18.88719958560975 2.5
-4.925398266965169 19.14724810218425 2.5
-5.269329456626759 19.26940506062556 2.5
-4.882506762866644 18.51430083799259 2.5
-4.553857594212227 18.40924814558382 2.5
-6.635570494387586 15.79664409067171 2.5
-6.497007558159599 15.49566241240361 2.5
-6.865287291640232 15.60059843523274 2.5
-6.274192261110688 15.80501045783604 2.5
-8.956722950709775 14.05105426222791 2.5
-9.03351607794071 13.80511663336316 2.5
-9.231894513009554 14.04952458030433 2.5
-9.323590174496022 13.74638648974897 2.5
-8.927452989733624 14.30886670434139 2.5
-8.711827301866297 14.09330346614006 2.5
-6.731274719030054 17.47442959148121 2.5
-6.462859407181746 17.76105137537806 2.5
-6.385258197032272 17.28967207644045 2.5
-10.10909966682722 11.32191884992468 2.5
-10.78208526583453 11.37352632354895 2.5
-8.629428246481314 14.36410354045056 2.5
-11.41272914018893 12.71812205633195 2.5
-11.13234284552486 12.89945978542165 2.5
-11.08425442611957 12.56027199714117 2.5
-11.58494708508314 13.03466708842118 2.5
-11.40503556076933 13.31189614210164 2.5
-11.34253205565795 13.04253216526135 2.5
-11.08269069631441 11.72619096707717 2.5
-10.85617798187577 12.07552106683046 2.5
-10.59250976896976 11.78641507077172 2.5
-4.621588082972796 17.49508840862846 2.5
-9.908676244343738 14.11743561492093 2.5
-9.679099160192372 14.4091445033727 2.5
-9.478503662133956 14.13353301616781 2.5
-4.921242149589911 17.86032177961597 2.5
-9.642792513436365 13.78526965687514 2.5
-9.805825324171749 13.48698586056509 2.5
-9.902700576253793 13.78791332498708 2.5
-7.489440149455692 13.6382111867339 2.5
-7.973716112560385 13.86375669051001 2.5
-10.20090029233879 13.86987778160213 2.5
-13.00898306080059 11.63882363392375 2.5
-13.05232529029347 11.39810176269883 2.5
-12.58443280999029 11.94397018861116 2.5
-12.26101695790506 11.88249041516278 2.5
-7.971555155361667 16.31714714998536 2.5
-11.16177978487253 12.05172545827928 2.5
-9.156540784412659 14.76170106194035 2.5
-8.833747760981591 14.85964796358119 2.5
-8.872863293613534 14.58242693531214 2.5
-8.552736387492118 14.74604219308844 2.5
-6.709055645071675 15.21061277121462 2.5
-6.1540593016319 15.26317686750118 2.5
-10.31044458866664 14.19392456045042 2.5
-9.411778113082303 14.49057005818513 2.5
-9.151694920428252 14.33639968014375 2.5
-13.63091885865055 10.60007065668797 2.5
-13.92985457359903 10.7356897843534 2.5
-13.32778616530582 10.63017576506609 2.5
-13.23341302082311 10.88685847917971 2.5
-12.35657865034619 11.59090764960355 2.5
-12.69794619774561 11.61437881293661 2.5
-11.15345473478176 13.24537582098437 2.5
-11.11428529532833 13.52895346624973 2.5
-13.05255449927723 11.09408994410252 2.5
-13.32254872635108 11.17390060951769 2.5
-13.26221335182496 11.35649082514632 2.5
-12.82664282350574 11.42115574766879 2.5
-12.54339718901117 11.24342940082055 2.5
-12.83056237967784 11.2110451279642 2.5
-6.459917362482724 14.66927004172432 2.5
-8.957024432535672 15.15396213151867 2.5
-9.206964372740476 15.38162096804508 2.5
-8.903895103323098 15.59387558670474 2.5
-13.34262057526187 10.32365270863602 2.5
-12.67789207540189 10.89844835151424 2.5
-12.09278429642395 11.20668087213677 2.5
-12.06106378355597 12.00812333980703 2.5
-11.95989443361154 11.65449595653175 2.5
-14.01403130215747 10.28551153891513 2.5
-14.36399572672862 10.29383215224505 2.5
-14.14763066281025 10.5174712973064 2.5
-10.09707405970504 12.86757226807048 2.5
-10.03122452673865 13.203845983694 2.5
-5.760288960990884 15.61640942675439 2.5
-5.237364751648586 16.09534022643005 2.5
-3.457959892831665 19.02312483392099 2.5
-5.63323013934189 17.1116479641259 2.5
-5.673794957861992 17.38951541460244 2.5
-13.9074397868732 10.47695994009354 2.5
-6.003630845139824 17.26689146320847 2.5
-11.02683270411996 12.29162007325805 2.5
-11.30137748398285 12.36580327964393 2.5
-9.437459099218927 13.43936363486095 2.5
-9.038559134415024 13.46990162952493 2.5
-13.69973891319061 10.27996992111637 2.5
-5.867869618347036 18.30923665500104 2.5
-5.887397777865189 18.65051498107518 2.5
-5.607300004729568 18.50837688162578 2.5
-5.569899719035432 18.78437432559639 2.5
-12.86764263482147 11.84798595969904 2.5
-7.705916721537651 14.22230730545527 2.5
-7.139998457252549 14.29140591649315 2.5
-3.708515225794958 19.52517855380185 2.5
-10.00415289202286 14.49939472228577 2.5
-8.361580386734389 14.02937934914119 2.5
-8.343168670241631 15.45433241624459 2.5
-8.620462395754689 15.35292120189174 2.5
-5.133323997141559 17.63969995241211 2.5
-10.67238015961144 13.03531424627001 2.5
-10.86340363311002 12.77978909138454 2.5
-10.93282151565599 13.05094496677093 2.5
-10.54549056593204 12.73831885624386 2.5
-7.745892370728875 16.10333872437653 2.5
-7.371833511180739 16.04764955482574 2.5
-7.67150578300091 15.76417431992379 2.5
-4.961799955923013 19.523197700358 2.5
-7.248312642631618 15.71002089610429 2.5
-7.539949645953506 16.36436525665049 2.5
-6.364356776782365 16.2664836590336 2.5
-5.91248662465008 16.14186144791783 2.5
-5.70543129213355 16.4903953631495 2.5
-5.358464364409961 17.93399872421423 2.5
-5.520551810944566 17.64456754829114 2.5
-5.467902299623937 18.24784542312494 2.5
-4.98936901473413 18.21715343062771 2.5
-6.500340487213645 16.62778499308418 2.5
-8.022848258405805 15.60398628053554 2.5
-8.010202606575643 15.31062416068936 2.5
-7.174481201138072 15.33173458967147 2.5
-14.6028962655335 10.17299596298875 2.5
-3.953204262928423 17.10519448143473 2.5
-7.741602571263233 15.42084827650072 2.5
-7.473470497337942 15.50162152101087 2.5
-14.15882251284905 10.14483592272943 2.5
-7.773397298166532 15.12668728275509 2.5
-5.746018913228857 17.97986462507644 2.5
-10.50071152387503 13.92506582331313 2.5
-6.142265769288226 18.08129293498361 2.5
-7.769730937890575 16.68368286890232 2.5
-10.81110135743352 13.74239813055748 2.5
-10.81647386495169 13.37369695788859 2.5
-10.53094512071628 12.17587526439513 2.5
-10.74230981626169 12.42129956720146 2.5
-4.686221794070628 19.34297210228218 2.5
-11.72437774666577 12.76046017404896 2.5
-5.238355157745136 18.53847992253858 2.5
-9.615978407025153 14.78658260691617 2.5
-8.350109188469656 14.42460056220859 2.5
-8.071818905610655 14.2881827374641 2.5
-10.27034546431469 12.71696233046035 2.5
-10.34911792209105 13.02300683801604 2.5
-6.165042592381376 18.42267295493068 2.5
-5.525997984115058 19.07204003485535 2.5
-6.679301037778828 17.14104606936722 2.5
-10.45910906994984 13.55967426315672 2.5
-10.14520716404842 13.5660614406665 2.5
-10.30165847386789 13.31410636294281 2.5
-9.328886260222461 15.07665954187265 2.5
-7.977146986201792 14.9855825378211 2.5
-6.770276298315483 16.39186407034174 2.5
-7.148979961576391 16.35481596488657 2.5
-6.93329757149181 16.01434695596111 2.5
-7.005394200207679 16.58880792127425 2.5
-11.46315925615064 12.15747336723627 2.5
-8.130731966699916 14.68164444609217 2.5
-8.3197354567641 15.0640763896945 2.5
-7.908859099483369 14.50740691087086 2.5
-5.966788416093113 17.65994679607594 2.5
-10.52697345592786 13.24612876731609 2.5
-6.218346183656248 17.49649367990711 2.5
-6.595538680417587 16.05486984676884 2.5
-8.64801365785717 15.04655944017257 2.5
-9.636396805757695 13.11664394259309 2.5
-10.37759933041619 12.43626065241058 2.5
-6.864729640471129 18.13527035952887 4.490398858298376
-7.266826803356594 17.73317319664341 4.544810198662711
-12.19310171618497 12.80689828381503 3.38283460468678
-11.97066113269027 13.02933886730973 3.479590352495531
-11.98850840858801 13.01149159141199 3.153800851051659
-9.734901238611904 15.2650987613881 4.479136784132951
-9.586519073610951 15.41348092638905 3.883843238789545
-9.966028861464174 15.03397113853582 3.789372438219102
-8.472473389738077 16.52752661026192 3.789706718812285
-8.909277047112589 16.09072295288741 3.686417827773305
-8.691061772018539 16.30893822798146 4.285195168674492
-9.208877137980217 15.79112286201978 4.263552899372286
-11.2282721831778 13.7717278168222 3.312473225847484
-11.47749893623023 13.52250106376977 3.433573523394366
-11.34686990034687 13.65313009965313 3.788019605062406
-10.418946213083 14.581053786917 3.853419738444559
-10.64403087791794 14.35596912208206 4.240884616232599
-10.2640076232399 14.7359923767601 4.417188912549725
-11.48863631554082 13.51136368445918 4.212822437993337
-11.22105758226843 13.77894241773157 4.206204511300937
-13.19866820913875 11.80133179086126 4.77336005723398
-12.980924310843 12.019075689157 4.685852091748964
-13.11996007026821 11.88003992973178 4.539744894153022
-11.73541915883288 13.26458084116712 3.361373157192593
-11.6057252348054 13.3942747651946 3.758481543506019
-12.08956115370681 12.91043884629319 3.754100035465119
-8.650941008432902 16.3490589915671 3.126619573167697
-8.134871505894832 16.86512849410517 3.220915150283212
-8.201148964523512 16.79885103547649 4.407818175376019
-8.53743769677574 16.46256230322426 4.671976648349058
-6.88237958202858 18.11762041797142 3.528436876340881
-6.609671345666065 18.39032865433393 3.957055105512935
-6.540376390524678 18.45962360947532 3.424672309665844
-14.75891666533603 10.24108333466396 4.191455579752434
-14.60793900131812 10.39206099868188 4.031689551732918
-14.74427998304553 10.25572001695448 3.927224955341646
-12.44832744635976 12.55167255364024 3.389303852234683
-12.34161577382841 12.65838422617159 3.777912044005306
-6.202424623529225 18.79757537647077 3.39692794770827
-6.181964547961783 18.81803545203822 3.980714870432224
-5.88618608253778 19.11381391746222 3.615206007653968
-14.5461897506011 10.4538102493989 4.296917131214356
-11.10717640415989 13.89282359584011 4.640056448093781
-10.83490251632029 14.16509748367971 4.544218434725749
-10.96365456711085 14.03634543288915 4.187957120820882
-12.58437969106733 12.41562030893267 3.677134199440179
-12.63310039688243 12.36689960311757 3.356504054659418
-13.70396961432271 11.29603038567729 4.717785280462218
-13.8280152931332 11.1719847068668 4.480529362962607
-13.88265513995904 11.11734486004096 4.749727229030622
-13.6678782112935 11.3321217887065 4.430384547441713
-10.29471722824455 14.70528277175545 2.963584759185132
-10.57276147771748 14.42723852228252 3.352014596258457
-10.19711195472506 14.80288804527494 3.438694915012925
-13.40179396331046 11.59820603668954 3.757645970961796
-13.510027429456 11.489972570544 3.974294962251928
-13.32543165608963 11.67456834391037 4.072183610782201
-13.58169189850426 11.41830810149574 3.718290278598082
-13.29590115460137 11.70409884539864 3.51857388809913
-13.48550000661589 11.51449999338411 3.456434654397659
-12.19230460670408 12.80769539329592 2.959117271365745
-12.36590338903886 12.63409661096114 3.106974124762861
-12.37323535923803 12.62676464076196 2.808223291485572
-12.21121685940322 12.78878314059678 4.081315458829978
-12.57186371115656 12.42813628884344 3.034464085853552
-8.002553178641577 16.99744682135842 3.885193891934505
-7.685040105538853 17.31495989446115 3.925661056826951
-7.800482289577168 17.19951771042283 3.543439152718604
-12.52322981032144 12.47677018967857 3.998856926989856
-9.069740431245947 15.93025956875405 3.060021382073492
-5.519666237042747 19.48033376295725 3.063357431951793
-5.776769948401913 19.22323005159809 2.884145431295512
-5.676834767808376 19.32316523219162 3.31974461776763
-9.657957494979975 15.34204250502003 3.377976480013249
-9.902758422205586 15.09724157779441 3.075347003042996
-12.50909120990767 12.49090879009234 4.295833627336703
-12.65130409863951 12.34869590136049 4.187098929231574
-7.464185709031945 17.53581429096806 3.487162120579614
-14.33957469069699 10.66042530930301 4.797732628938505
-14.19237555885145 10.80762444114855 4.675166103485573
-6.096462799038655 18.90353720096135 2.892199027599842
-12.78862453001888 12.21137546998112 3.769093852600814
-12.98685586378837 12.01314413621163 3.807059761755567
-12.83319497676771 12.16680502323229 4.09046692902203
-14.04535780084506 10.95464219915494 4.7756389358925
-12.2849185163484 12.7150814836516 4.705028053484124
-14.51609157298197 10.48390842701803 4.781331864588346
-14.38078478073636 10.61921521926364 4.537134288480081
-14.18732884492253 10.81267115507748 4.438135574207251
-14.30650173311784 10.69349826688216 4.232102549682696
-14.87135299342581 10.12864700657419 2.744241323796497
-14.760391249279 10.239608750721 2.944386047469403
-14.71638037210201 10.28361962789798 2.727428963855639
-12.74700577992999 12.25299422007001 2.787996370450325
-12.95659110591087 12.04340889408913 2.812318604557381
-12.8054260491731 12.1945739508269 4.416086803988271
-14.13859823000747 10.86140176999253 3.071076522264446
-14.07614358488161 10.92385641511838 3.260992643028496
-13.96309440190875 11.03690559809126 3.018025815718194
-14.87273876946238 10.12726123053762 4.392377467765919
-13.91651217656353 11.08348782343647 3.338880902983612
-12.73231224617478 12.26768775382522 4.713673602428166
-12.13747837839216 12.86252162160784 4.398471419465435
-12.34046135558046 12.65953864441954 4.37262349669654
-14.10159177774086 10.89840822225914 2.761499554419019
-14.33152149907247 10.66847850092753 2.748931450131871
-13.47501807439058 11.52498192560942 4.320132456770443
-13.51599913554057 11.48400086445943 4.630805730195728
-13.2986911338819 11.7013088661181 4.529749114614349
-9.317412160285269 15.68258783971473 3.538268709482074
-13.21687368650682 11.78312631349318 4.316182596883323
-13.08680934448951 11.91319065551049 4.077186221535656
-13.20030096080405 11.79969903919595 3.803701886054577
-13.56059376557039 11.43940623442961 3.172399289158342
-13.41854821850177 11.58145178149823 2.853997302637993
-13.64382568992574 11.35617431007425 2.834154405756919
-12.0598661670264 12.9401338329736 4.721973030784312
-13.86956924780876 11.13043075219124 2.791618848518193
-7.004184919429818 17.99581508057019 4.045380103252313
-7.180937838411186 17.81906216158881 3.635886027523013
-7.387079698724236 17.61292030127576 4.010420434072427
-6.409565396520776 18.59043460347922 2.947614813461269
-5.408338703629447 19.59166129637055 3.368880230570205
-5.279071510197481 19.72092848980252 3.721129812960044
-5.193326722590296 19.8066732774097 3.375891176616251
-13.7542229260399 11.2457770739601 3.136033315215026
-13.71103692280283 11.28896307719717 3.478013154504903
-13.36725544896213 11.63274455103787 3.216601472533882
-13.38524416087044 11.61475583912956 4.786782980408812
-7.721302816577033 17.27869718342297 4.423623097589958
-6.765568810716616 18.23443118928338 3.015727704919748
-7.19353818903684 17.80646181096316 3.091900002071962
-13.85283336272547 11.14716663727453 4.23711050055078
-14.08817630117241 10.91182369882759 4.227606339470286
-13.99409110135553 11.00590889864447 4.5023551933951
-7.688583851225118 17.31141614877488 3.04024823860267
-14.28701256498062 10.71298743501938 3.003331094827852
-14.46506608014899 10.53493391985101 2.947969275071788
-10.77264844686327 14.22735155313673 3.801585039581837
-14.88742291850542 10.11257708149458 4.821005377115998
-14.87349010014386 10.12650989985613 4.607157053047323
-14.59008059267209 10.40991940732791 4.569346787366273
-14.71916693492325 10.28083306507675 4.753470426179575
-14.42014898080651 10.57985101919349 3.178976250335984
-5.540279067679336 19.45972093232066 3.771061424047075
-5.277739113939514 19.72226088606049 4.078243607144776
-5.491823489571928 19.50817651042807 4.256973033439545
-5.799544980189836 19.20045501981016 4.123097940766385
-13.97316502938994 11.02683497061006 3.8018445265395
-14.09736429382095 10.90263570617906 3.565446457432226
-14.19376411110077 10.80623588889923 3.925401124658151
-10.67410071515889 14.32589928484111 2.941983640956969
-12.66786508606426 12.33213491393574 3.949854450716059
-11.35336888335443 13.64663111664557 4.542015069808897
-13.05503704989033 11.94496295010967 3.076559232608111
-12.8143551981224 12.1856448018776 3.180615275607866
-5.929768565047819 19.07023143495218 3.215817189993307
-14.53104308404239 10.4689569159576 2.708299016324067
-14.61113920801054 10.38886079198946 2.904210752821561
-10.91397250615 14.08602749384999 3.401642919589839
-12.74657593755425 12.25342406244575 3.501002860173864
-12.91241987108446 12.08758012891554 3.521666918612249
-12.99533183992106 12.00466816007893 4.358099283444265
-6.413921989868943 18.58607801013106 4.496665528480763
-12.38512300242143 12.61487699757856 4.105308311209312
-10.99774268826545 14.00225731173455 2.922617119405244
-6.04517892824331 18.95482107175669 4.503721646656498
-5.219883239483583 19.78011676051642 4.566085541222122
-5.466687594987281 19.53331240501272 4.709989237516474
-5.240853914468561 19.75914608553144 2.96209692713558
-11.08582193044952 13.91417806955048 3.785014156328824
-12.51494016700985 12.48505983299015 4.649784109853684
-5.495533849869183 19.50446615013082 2.78191995666515
-11.26248265008161 13.73751734991839 2.874482421846373
-11.59012684129519 13.40987315870481 4.611097699162324
-13.01575275085753 11.98424724914247 3.331884726349191
-11.8153168953706 13.1846831046294 2.883127211760398
-12.02969654964728 12.97030345035272 2.802870756207595
-11.95534587751697 13.04465412248303 4.430411029441047
-11.76323685938723 13.23676314061278 4.338402907478192
-11.97306149112302 13.02693850887697 4.079477445162524
-11.51326924786099 13.48673075213901 2.980718505720173
-11.8341823650494 13.1658176349506 4.66994430531582
-13.86475446627919 11.13524553372081 3.96070298150272
-13.79135772302623 11.20864227697377 3.754209483111286
-13.70710021356589 11.29289978643411 3.97239412152294
-14.49953269950291 10.50046730049709 3.42175416864336
-14.26514882052551 10.73485117947449 3.311533503328667
-14.33724138895078 10.66275861104922 3.67915738059681
-14.72676380218979 10.27323619781021 4.46845407422098
-13.24286918112616 11.75713081887384 2.739594001916295
-13.11954990602744 11.88045009397256 2.82874075763646
-13.23165520167894 11.76834479832105 3.015231949307018
-14.93831538627799 10.061684613722 3.03448064301497
-14.61684051360133 10.38315948639866 3.138054269177396
-14.75090539031756 10.24909460968243 3.404007594690993
-14.41001636770056 10.58998363229944 3.984001956663656
-14.81133721667246 10.18866278332754 3.165155565110474
-13.12235494318651 11.87764505681349 3.54034503544222
-13.21133434691373 11.78866565308627 3.282971752101745
-13.64193640140421 11.35806359859579 4.18975652312284
-5.725857857796925 19.27414214220308 4.589771950227047
-11.84785883208365 13.15214116791635 3.728436009599303
-9.472101776781926 15.52789822321807 2.957800428870565
-14.92965756532791 10.07034243467209 3.927179952668187
-11.73806826579794 13.26193173420206 4.026664527794106
-10.60965970525089 14.39034029474912 4.640458392701615
-14.79098391417335 10.20901608582665 3.681467111057094
-12.57760886886962 12.42239113113038 2.700580273011868
-14.66148112910426 10.33851887089574 3.575250480948617
-14.57861670928961 10.42138329071039 3.760104667402255
-12.63948882269251 12.36051117730749 4.461329988054623
-6.372648584686807 18.62735141531319 3.702271410051963
-13.89721092830015 11.10278907169985 3.574774018204873
-13.99453865381233 11.00546134618767 4.03053309432774
-14.87701071675236 10.12298928324764 3.529551139151753
2 7 0 68
1122
1123
1124
1125
1126
1127
1128
1129
1130
1424
1425
1426
1427
1428
1429
1430
1431
1432
1433
1434
1435
1436
1437
1438
1439
1440
1441
1442
1443
1444
1445
1446
1447
1448
1449
1450
1451
1452
2149
2150
2151
2152
2153
2154
2155
2156
2157
2158
2159
2160
2161
2162
2163
2164
2165
2166
2167
2168
2169
2170
2171
2172
2173
2174
2175
2176
2177
2178
8.709833085567933 20 3.075016929618768
8.779124988143828 20 1.314068974520911
7.22763106535316 20 1.729308742489671
2.974114250727951 20 1.314224918028018
4.914752786673557 20 2.505025745666134
2.711281638762704 20 3.195819641862245
0.9918138385292892 20 3.521482489801372
1.239601392413009 20 1.683075296945986
6.962075545478541 20 3.481740790320806
-4.658701125937238 20 2.269589243807106
-4.374833732006064 20 2.048296981710504
-4.413653910338223 20 0.2460738722119438
-3.977319887364001 20 2.209125104505469
-2.640778489102882 20 1.717546073539735
-1.394647512585475 20 1.250863954454663
-4.174349568070719 20 0.5017942897471231
-4.08859824330894 20 0.2340473811237613
-3.259815639103035 20 1.92781077577616
-4.600643562181777 20 0.5389089414886176
-4.726393712156945 20 0.2306566061091639
-4.312199782904743 20 0.7703136153901089
-4.5955552980492 20 1.660918535989488
-4.702988246509172 20 1.944910711316819
-3.700749760864577 20 0.4223687513004863
-4.627123682490438 20 0.9085280968485174
-4.204662686387822 20 1.114919142094429
-4.645236063468294 20 1.237365720945466
-2.739744393792449 20 0.7902292417765288
-3.214649836418488 20 1.336371848530781
-3.422734961523014 20 0.8202525825797558
-4.130291225968227 20 1.788976016917958
-4.315537818392645 20 1.438767667224004
-3.930252148826053 20 0.7990531769678215
-3.687961370688658 20 1.166921968796451
-3.716944431359199 20 1.917477512062834
-3.914327939183234 20 1.483483754172763
-3.536866437561049 20 1.595469220523611
-3.263052985907482 20 0.406570115131354
-2.543422103793496 20 4.199518782515661
-2.356292037157067 20 3.207621418578891
-3.091723552206739 20 3.704081757981296
-4.170442355201725 20 4.608476231926561
-4.463407056627956 20 4.700912071917661
-4.422491242266155 20 2.735814298373895
-4.068366787220764 20 2.897319248529906
-3.858469861038511 20 3.316988111206505
-3.548087845000694 20 2.904155679156999
-3.850306789461698 20 4.717030137427382
-4.727130277871307 20 4.774003431433384
-4.670828508745052 20 4.47723997046527
-4.345610666643916 20 4.345752797680758
-4.463632623973147 20 3.00361586079412
-4.706072031279881 20 2.778136385155777
-4.641174847223223 20 4.135080224305176
-4.608562949041584 20 3.286489236135922
-4.734590550194293 20 3.059318167426838
-3.087116414265768 20 3.155106877437596
-4.220648087016169 20 3.943798602986218
-4.609961820934185 20 3.830406907194977
-3.472869622024213 20 3.459675573204445
-3.368372146140928 20 4.390767048149744
-3.722267788087979 20 3.811801092744623
-3.94627475208129 20 4.302937628798653
-4.097514802282415 20 3.56435927124296
-4.241712186478299 20 3.264617829978223
-4.435732753187644 20 3.579248943706739
-1.223532315569052 20 3.894642512117686
-4.775709586025254 20 3.575477979742661
3 1 0 1375
2395
2396
2397
2398
2399
2400
2401
2402
2403
2404
2405
2406
2407
2408
2409
2410
2411
2412
2413
2414
2415
2416
2417
2418
2419
2420
2421
2422
2423
2424
2425
2426
2427
2428
2429
2430
2431
2432
2433
2434
2435
2436
2437
2438
2439
2440
2441
2442
2443
2444
2445
2446
2447
2448
2449
2450
2451
2452
2453
2454
2455
2456
2457
2458
2459
2460
2461
2462
2463
2464
2465
2466
2467
2468
2469
2470
2471
2472
2473
2474
2475
2476
2477
2478
2479
2480
2481
2482
2483
2484
2485
2486
2487
2488
2489
2490
2491
2492
2493
2494
2495
2496
2497
2498
2499
2500
2501
2502
2503
2504
2505
2506
2507
2508
2509
2510
2511
2512
2513
2514
2515
2516
2517
2518
2519
2520
2521
2522
2523
2524
2525
2526
2527
2528
2529
2530
2531
2532
2533
2534
2535
2536
2537
2538
2539
2540
2541
2542
2543
2544
2545
2546
2547
2548
2549
2550
2551
2552
2553
2554
2555
2556
2557
2558
2559
2560
2561
2562
2563
2564
2565
2566
2567
2568
2569
2570
2571
2572
2573
2574
2575
2576
2577
2578
2579
2580
2581
2582
2583
2584
2585
2586
2587
2588
2589
2590
2591
2592
2593
2594
2595
2596
2597
2598
2599
2600
2601
2602
2603
2604
2605
2606
2607
2608
2609
2610
2611
2612
2613
2614
2615
2616
2617
2618
2619
2620
2621
2622
2623
2624
2625
2626
2627
2628
2629
2630
2631
2632
2633
2634
2635
2636
2637
2638
2639
2640
2641
2642
2643
2644
2645
2646
2647
2648
2649
2650
2651
2652
2653
2654
2655
2656
2657
2658
2659
2660
2661
2662
2663
2664
2665
2666
2667
2668
2669
2670
2671
2672
2673
2674
2675
2676
2677
2678
2679
2680
2681
2682
2683
2684
2685
2686
2687
2688
2689
2690
2691
2692
2693
2694
2695
2696
2697
2698
2699
2700
2701
2702
2703
2704
2705
2706
2707
2708
2709
2710
2711
2712
2713
2714
2715
2716
2717
2718
2719
2720
2721
2722
2723
2724
2725
2726
2727
2728
2729
2730
2731
2732
2733
2734
2735
2736
2737
2738
2739
2740
2741
2742
2743
2744
2745
2746
2747
2748
2749
2750
2751
2752
2753
2754
2755
2756
2757
2758
2759
2760
2761
2762
2763
2764
2765
2766
2767
2768
2769
2770
2771
2772
2773
2774
2775
2776
2777
2778
2779
2780
2781
2782
2783
2784
2785
2786
2787
2788
2789
2790
2791
2792
2793
2794
2795
2796
2797
2798
2799
2800
2801
2802
2803
2804
2805
2806
2807
2808
2809
2810
2811
2812
2813
2814
2815
2816
2817
2818
2819
2820
2821
2822
2823
2824
2825
2826
2827
2828
2829
2830
2831
2832
2833
2834
2835
2836
2837
2838
2839
2840
2841
2842
2843
2844
2845
2846
2847
2848
2849
2850
2851
2852
2853
2854
2855
2856
2857
2858
2859
2860
2861
2862
2863
2864
2865
2866
2867
2868
2869
2870
2871
2872
2873
2874
2875
2876
2877
2878
2879
2880
2881
2882
2883
2884
2885
2886
2887
2888
2889
2890
2891
2892
2893
2894
2895
2896
2897
2898
2899
2900
2901
2902
2903
2904
2905
2906
2907
2908
2909
2910
2911
2912
2913
2914
2915
2916
2917
2918
2919
2920
2921
2922
2923
2924
2925
2926
2927
2928
2929
2930
2931
2932
2933
2934
2935
2936
2937
2938
2939
2940
2941
2942
2943
2944
2945
2946
2947
2948
2949
2950
2951
2952
2953
2954
2955
2956
2957
2958
2959
2960
2961
2962
2963
2964
2965
2966
2967
2968
2969
2970
2971
2972
2973
2974
2975
2976
2977
2978
2979
2980
2981
2982
2983
2984
2985
2986
2987
2988
2989
2990
2991
2992
2993
2994
2995
2996
2997
2998
2999
3000
3001
3002
3003
3004
3005
3006
3007
3008
3009
3010
3011
3012
3013
3014
3015
3016
3017
3018
3019
3020
3021
3022
3023
3024
3025
3026
3027
3028
3029
3030
3031
3032
3033
3034
3035
3036
3037
3038
3039
3040
3041
3042
3043
3044
3045
3046
3047
3048
3049
3050
3051
3052
3053
3054
3055
3056
3057
3058
3059
3060
3061
3062
3063
3064
3065
3066
3067
3068
3069
3070
3071
3072
3073
3074
3075
3076
3077
3078
3079
3080
3081
3082
3083
3084
3085
3086
3087
3088
3089
3090
3091
3092
3093
3094
3095
3096
3097
3098
3099
3100
3101
3102
3103
3104
3105
3106
3107
3108
3109
3110
3111
3112
3113
3114
3115
3116
3117
3118
3119
3120
3121
3122
3123
3124
3125
3126
3127
3128
3129
3130
3131
3132
3133
3134
3135
3136
3137
3138
3139
3140
3141
3142
3143
3144
3145
3146
3147
3148
3149
3150
3151
3152
3153
3154
3155
3156
3157
3158
3159
3160
3161
3162
3163
3164
3165
3166
3167
3168
3169
3170
3171
3172
3173
3174
3175
3176
3177
3178
3179
3180
3181
3182
3183
3184
3185
3186
3187
3188
3189
3190
3191
3192
3193
3194
3195
3196
3197
3198
3199
3200
3201
3202
3203
3204
3205
3206
3207
3208
3209
3210
3211
3212
3213
3214
3215
3216
3217
3218
3219
3220
3221
3222
3223
3224
3225
3226
3227
3228
3229
3230
3231
3232
3233
3234
3235
3236
3237
3238
3239
3240
3241
3242
3243
3244
3245
3246
3247
3248
3249
3250
3251
3252
3253
3254
3255
3256
3257
3258
3259
3260
3261
3262
3263
3264
3265
3266
3267
3268
3269
3270
3271
3272
3273
3274
3275
3276
3277
3278
3279
3280
3281
3282
3283
3284
3285
3286
3287
3288
3289
3290
3291
3292
3293
3294
3295
3296
3297
3298
3299
3300
3301
3302
3303
3304
3305
3306
3307
3308
3309
3310
3311
3312
3313
3314
3315
3316
3317
3318
3319
3320
3321
3322
3323
3324
3325
3326
3327
3328
3329
3330
3331
3332
3333
3334
3335
3336
3337
3338
3339
3340
3341
3342
3343
3344
3345
3346
3347
3348
3349
3350
3351
3352
3353
3354
3355
3356
3357
3358
3359
3360
3361
3362
3363
3364
3365
3366
3367
3368
3369
3370
3371
3372
3373
3374
3375
3376
3377
3378
3379
3380
3381
3382
3383
3384
3385
3386
3387
3388
3389
3390
3391
3392
3393
3394
3395
3396
3397
3398
3399
3400
3401
3402
3403
3404
3405
3406
3407
3408
3409
3410
3411
3412
3413
3414
3415
3416
3417
3418
3419
3420
3421
3422
3423
3424
3425
3426
3427
3428
3429
3430
3431
3432
3433
3434
3435
3436
3437
3438
3439
3440
3441
3442
3443
3444
3445
3446
3447
3448
3449
3450
3451
3452
3453
3454
3455
3456
3457
3458
3459
3460
3461
3462
3463
3464
3465
3466
3467
3468
3469
3470
3471
3472
3473
3474
3475
3476
3477
3478
3479
3480
3481
3482
3483
3484
3485
3486
3487
3488
3489
3490
3491
3492
3493
3494
3495
3496
3497
3498
3499
3500
3501
3502
3503
3504
3505
3506
3507
3508
3509
3510
3511
3512
3513
3514
3515
3516
3517
3518
3519
3520
3521
3522
3523
3524
3525
3526
3527
3528
3529
3530
3531
3532
3533
3534
3535
3536
3537
3538
3539
3540
3541
3542
3543
3544
3545
3546
3547
3548
3549
3550
3551
3552
3553
3554
3555
3556
3557
3558
3559
3560
3561
3562
3563
3564
3565
3566
3567
3568
3569
3570
3571
3572
3573
3574
3575
3576
3577
3578
3579
3580
3581
3582
3583
3584
3585
3586
3587
3588
3589
3590
3591
3592
3593
3594
3595
3596
3597
3598
3599
3600
3601
3602
3603
3604
3605
3606
3607
3608
3609
3610
3611
3612
3613
3614
3615
3616
3617
3618
3619
3620
3621
3622
3623
3624
3625
3626
3627
3628
3629
3630
3631
3632
3633
3634
3635
3636
3637
3638
3639
3640
3641
3642
3643
3644
3645
3646
3647
3648
3649
3650
3651
3652
3653
3654
3655
3656
3657
3658
3659
3660
3661
3662
3663
3664
3665
3666
3667
3668
3669
3670
3671
3672
3673
3674
3675
3676
3677
3678
3679
3680
3681
3682
3683
3684
3685
3686
3687
3688
3689
3690
3691
3692
3693
3694
3695
3696
3697
3698
3699
3700
3701
3702
3703
3704
3705
3706
3707
3708
3709
3710
3711
3712
3713
3714
3715
3716
3717
3718
3719
3720
3721
3722
3723
3724
3725
3726
3727
3728
3729
3730
3731
3732
3733
3734
3735
3736
3737
3738
3739
3740
3741
3742
3743
3744
3745
3746
3747
3748
3749
3750
3751
3752
3753
3754
3755
3756
3757
3758
3759
3760
3761
3762
3763
3764
3765
3766
3767
3768
3769
7.207300790716907 2.488936154695542 2.439730199011329
4.464772184862081 2.46557539606209 2.520983085217476
-0.3517776974468969 2.496721456822389 2.500069088297273
-2.900357944990766 2.521558033233017 2.499907885984785
2.05604168903872 2.345365770377934 2.413227943461506
-10.51912141589944 2.428708288578916 2.484161602906649
-7.544791327791341 2.512302546049292 2.481492910554086
-5.223005174464152 2.330013365432903 2.693231898228984
-13.58982399705646 2.416103004607352 2.623574549141444
-16.09067150659635 2.505053041638808 2.49639316219432
8.329166107155043 1.566669750942263 1.595961023669241
8.394039118380469 1.680474621237591 3.351999652925656
8.329802212482788 3.366306177013576 3.34330225553038
8.386896111418478 3.189195878353381 1.570972812259989
6.030702941323048 1.549871766660069 1.669651822261415
5.806563471506544 3.308163451956752 1.724445566884801
5.867846061563259 1.87340513928082 3.380413987382279
0.8298241528814501 1.579633500126448 3.304621545314555
0.9436568579472251 3.354319034142942 3.367723509938862
0.7716737349348683 1.612557624817909 1.634918118079693
0.8807032798836847 3.370907665971965 1.593315425394366
6.224682613474098 3.507829541079118 3.332633449487378
-1.711833740938006 1.548871297734249 3.229499729869942
3.333328369484476 1.502188115067325 1.844723789742644
-1.619024088545864 3.237430814240221 3.348232090222783
3.176752664374494 3.413920107765883 3.212083956057677
3.275889382517656 3.182429573542055 1.518028293827957
-1.618893013375816 3.239872044254297 1.65207904300148
-26.57245137986853 2.560229939672454 2.426289534339614
-23.88906321722603 2.41513609126749 2.499900212321666
3.296552023217181 1.786693327381793 3.47179948630763
-4.216214347542792 3.429787542123721 1.734732037099188
-4.091049081121124 1.727021706299745 1.551407903318362
-3.937050732224636 1.459528307850403 3.136554521712091
-4.068405624593346 3.312387413600019 3.394226626046151
-1.414494800709683 1.609477043060144 1.614160507650489
-18.65608938292961 2.500915591466047 2.616711205217353
-21.23916625564966 2.396691490563272 2.424074238054365
-9.011168158832973 1.708237842368456 1.77454610972366
-9.058634043168563 3.412784411476334 2.265834222788794
-6.529588622007552 1.564932379944075 3.447767137348498
-6.40065306684884 3.259220498446208 3.492584609628827
-6.379539767948799 1.507806562662304 1.753252706914717
-6.224785873377265 3.263715852020886 1.56801434138523
4.672859162929337 1.277477366119485 1.548414323472641
7.092834973705518 1.312422005529375 3.132257247198816
7.203227182323387 2.486731806269725 3.790408278494694
-12.02393125342774 1.562220132991061 2.90563720413471
-12.04057876865025 3.334139456400511 3.358277668108636
7.075029345819811 3.202995433885596 1.318273348207393
4.697655099236488 3.586512093618842 3.559636444852202
4.595234226173345 1.27682472205808 3.26794368494796
-0.4567843864207095 1.833341916769657 3.690752998695433
-12.04758559923783 2.829485347265637 1.638723961172821
2.095709951119371 1.614313762634192 1.242209345477601
-8.914303660321295 2.172900996954365 3.376672775210722
-14.82963372512572 1.561509696667514 1.722469611410377
4.491872547865081 3.730583974910508 1.930714463117483
-2.772474696128914 1.327621100083168 1.785109799941957
7.160678173950433 1.911419842593022 1.112689667275882
-10.21707093442424 1.439416096962009 3.583220857739154
7.554949462212966 3.720469409965899 2.387015578497965
2.114378413874777 1.249461437666134 3.170057648635507
-14.17143938511002 7.692439936730105 2.165858108422904
-14.59950222256664 8.66149911804197 1.235817475629412
-14.64941769545227 8.401292643664364 3.527234619305716
-11.7650824066876 7.584795807979456 2.709314988333219
-12.97840226983987 8.443119605246345 3.252610520333723
2.454760755158982 7.484483418708421 2.499709613234298
-0.04302495840209453 7.599132217915512 2.499989741534265
-4.487294170725702 7.556100846742954 2.499953556398379
4.952105545177812 7.4737142298727 2.378404250568585
7.450908255246794 7.494756456567216 2.500004310765933
-12.70644908429838 8.371922069507713 1.56125831695693
-7.005567650949516 7.509396333458486 2.502108939805464
-13.89823497699289 8.870000179952632 2.621025453124381
-2.267067953058969 7.774424247331917 2.845041512342681
-23.87693155399985 7.541239649257278 2.596325390767129
-13.82698895838344 8.907684907251229 4.091156189708734
-9.086790117105334 6.994866975832938 2.070193715266329
-26.75677997152265 7.513830231422872 2.500419361755074
-14.6521100617195 9.264918236621345 0.7012774080777606
-13.84688667200738 9.143578633724285 1.045829504074195
-14.87515963189954 9.146456162304817 4.218174037745724
6.166903900856243 6.593682411706494 3.304378895425433
6.153473955461687 8.317320053105746 3.282089514670746
-14.6382786164976 9.096250174261741 2.063032574639888
-20.46861049844239 7.623294858581483 2.524280016813903
6.248444063444522 6.691065065312433 1.611929674640947
3.753884118832917 8.196200701402567 3.41404151310746
-18.03989130125038 7.722528783769389 2.796918217154412
3.730759632380312 6.531283368241043 3.085778971925933
-14.75297612306371 9.140909412360379 3.086033265610426
-3.125770210923456 6.72385808450645 1.650559987542488
-1.366372278526637 6.600169454024027 1.862423109104223
1.239293694261047 8.272374867266304 1.542575874845518
1.161443875656373 6.575630607495942 1.819332025970567
1.23950242086754 8.272243558502653 3.457443911662411
6.143839205123827 8.348917470321243 1.621242658498463
3.661781924572588 8.171354326531183 1.520115683005638
-9.504941867495241 8.38930381039656 3.122822855830703
-14.62237928039219 9.345880371351095 1.373265138448018
-10.44071819675457 8.20364550339565 1.515180089831064
8.356353499710625 8.568830105702329 1.601234626057507
8.355996047976317 8.569129289923064 3.398698803349683
-1.284864640516497 8.281507229585106 1.533635868803179
1.411268456376028 6.622068311670328 3.458848756077193
8.400543002273881 6.424946015309853 1.761853128827928
8.379850143420931 6.498869903135095 3.383267108295244
-1.002433194188434 6.661748522223903 3.48531224932995
-5.683536293702623 6.576716985071677 1.626633490359344
-5.659884030785982 6.58831534997911 3.386337551517416
-3.292401906582354 8.407461071781594 1.657486134721298
-5.76516520200396 8.519672369935616 1.997977440880547
3.942575356551851 6.592586043968439 1.497304651845897
-3.371387513183675 6.578885585836904 3.322530431463907
-8.229012851984717 8.453628465009363 1.569064425543826
-16.54232321122593 8.276391884554279 1.755699538679205
-0.9690780952306319 8.223909292798394 3.598309559392708
-25.16589481739308 8.489014401319091 3.343588422795497
-14.07975027212602 9.392864431383268 0.4493466725359619
-28.41547900880575 6.70305073656707 3.271178045690625
-3.56645402360534 8.617469983008148 3.287817839660158
-14.11416388168356 9.298212593259773 3.397105199968312
-13.46102857094466 9.141165459838117 1.868435009853928
-5.139813787890503 8.643082343247878 3.445253703152341
6.200045741218264 12.54633308847666 2.475241837481793
-0.1074484152505306 12.44882261396211 2.493276686368934
-3.119777766968644 12.55250619345141 2.434555170516679
2.879206761706014 12.51110196182968 2.534578475895015
7.335664145715095 14.97132582900067 2.507686565326625
-0.3738267377966107 15.05573608791468 2.514099614948976
4.519199004165075 14.46231396424099 2.509750032507273
5.519786379991602 16.97208839460961 2.431150795435597
1.017114733521064 17.54021428410273 2.481455557476588
2.082550297516122 14.84219180722702 2.261924299689578
8.011786771707378 11.85437960107937 1.879999160222266
-5.319766720633776 11.95399879402538 1.850783237760607
7.805402873589498 17.21413721700924 2.261849111073457
3.21661930560412 16.81033310286139 2.851927296106455
1.401854677234168 11.57491997286839 2.82800353381056
4.559389100759826 12.01940179657906 3.30855314409876
8.159181058630274 13.31529597372531 3.201201982500596
4.982877622050109 11.58835861874863 1.671421691410395
-2.432757164855072 14.57129610835726 2.011482806169623
7.30118453257366 11.62668458204999 3.438836727634937
-1.646084707236295 11.58601521345725 2.894442296637213
1.361377634450342 13.35966471341767 2.959195315652106
8.194916561912891 13.49842612439009 1.518194409703888
4.154253799349369 13.09165326014247 1.533157224338188
-5.119883574653493 11.38216877404843 3.365177909563545
-0.8113954699466248 16.88185030777797 2.78190197202417
6.035744668843062 14.11376774199549 1.587623725741163
-10.16006698856096 13.04749380012252 1.253660066733224
-11.02837764037861 12.13458617812452 1.249913715593985
-7.626230640534054 15.52329120842811 1.250147342672359
-8.765285880339032 14.25545509738347 1.249650195913861
-11.94277024395561 11.50157413660319 1.172864083520446
-6.647497115745686 16.52377061494271 1.24957631905099
-5.683793590670261 17.30574055927979 1.218210980663521
-4.703221713658412 18.51094741964537 1.248558601163889
-12.66449289723774 10.99309266283988 1.546220653380851
-8.4890753499621 15.15278390658602 1.536941162128203
-7.876455214837218 14.60260588295828 0.9885938965696598
-6.674518997317264 15.57139331751017 1.526703253988586
-9.668411643089865 13.88814972599673 0.9870562387781693
-8.883276089001399 12.9078345334947 1.255847574575323
-3.686374794893212 18.91922067792902 1.407272336022074
-10.89774584304858 12.89072862785292 0.8392718671927435
-10.87212015084122 12.92202127915414 1.675256982106269
-10.28180740643087 12.29223624347415 1.654051492647076
-10.07529263112621 13.7434272086706 1.692392803767148
-9.492375466211495 14.35535332068245 1.66933883331687
-12.84272980340824 11.06249479457546 0.778553226912477
-8.837274198061873 14.95448227116775 0.8132994898940845
-7.397265816150849 16.27804666495178 0.8534914073251205
-7.270272459401625 16.15428174820688 1.673781857796533
-11.74194372438399 12.1364122948998 1.638575318109744
-6.987495486875929 14.90648364900917 0.9393750314055292
-5.478259300274905 18.14844621781641 0.8988150762642183
-4.682785964229524 17.49789018197628 1.03180129203075
-11.95205579842526 12.04442187051993 0.7056287994303034
-10.32771405924629 13.59070645538609 0.7453323184171705
-10.27341662581996 12.34617008859496 0.827314111591698
-12.30092830630077 11.77152241022442 1.668177533640138
-6.38940521540507 17.1732480609593 0.8033284693898652
-6.412605986795779 17.23585849111243 1.651424194660199
-5.817409919225822 16.4715233757123 0.8832341972029614
-9.708575982934278 13.21944808743861 0.7164580059176487
-13.29736354890893 10.76048856761127 1.187845078747122
-4.389629932840309 19.16463752229553 0.8231557004564393
-9.25598019205971 13.54668390166806 1.684159107421271
-8.181330153277425 15.41475643415873 0.7388460009771051
-6.706294863787019 15.87224799805412 0.7811694624826759
-5.55157050467353 17.96260257800086 1.698844133723105
-8.152812690181129 14.45263684805024 1.722708105341207
-5.95190048819552 16.55144795484921 1.694431663594956
-4.974974814756031 16.61221222422929 1.429726991332804
-4.719576106258744 19.1699532916401 1.71306192880625
-7.418364490888877 14.82434009354177 1.640732180178476
-11.26196767435916 11.4388070680552 1.673695002801554
-10.32042268127096 11.33578862068161 1.176093315903709
-8.105770629135613 15.74469794721251 1.774140313127331
-13.34795380802248 10.79230730866093 1.891000892376695
-11.30863213825935 11.61894206165998 0.7475649553164143
-9.21161966902369 14.35683898589828 0.7016719110940295
-8.933868685828525 13.60283974341447 0.8010797707327114
-7.978759818149086 13.59837608813347 1.179324305883212
-10.30770790516941 13.16779050027663 1.870882936333752
-11.15910766115004 12.34720668607146 1.858273496228494
-5.595150934447986 15.56282969698745 1.430298513882917
-11.35015399374064 12.38736110721746 0.6907360054692474
-7.040928269971136 16.85592410344336 1.791456417211574
-6.072973265695349 17.80668880585023 0.6893028724733455
-7.543446983063173 15.2432621152268 0.6512198361711957
-5.228315846960729 18.62952925654962 1.761851050985548
-8.944144121653881 14.73385465896345 1.834381107190469
-4.818822373187267 18.01417975350004 1.783991597100552
-9.578087842878254 12.46193250853669 1.25709369200214
-6.135189616242496 17.80027939870495 1.373881967142818
-12.58449096148778 11.51796060856631 1.150618356878278
-11.38987377674703 12.68417019915704 1.335534907596642
-10.29551254247437 12.96114469697974 0.6340004264355484
-10.72044515062776 13.37266996301551 1.234767945080397
-12.27329796775436 10.97406554659069 1.046010474773481
-11.40836633311429 10.80734301030503 1.076490876811576
-11.89066827220006 10.94765598204395 1.749690993629861
-12.72253105803307 11.47737841474682 1.933654429890107
-6.921261363725353 16.7416000952331 0.6604933698155109
-7.282297037965204 15.49002989206372 1.841983778608765
-3.906196165176882 17.9603286601054 1.42042350961368
-7.176816565632539 14.04801236782791 1.210361487616227
-7.830403476062859 16.14328426256069 1.329527051571612
-6.187142950493062 15.99140120409859 1.241273673935277
-6.209197103413452 15.21492561929053 0.9288726441591962
-12.44246201145573 11.70438351849144 0.5896902311288357
-6.60975677245591 16.1751328759257 1.831479936118718
-6.91788917196352 17.12618318371853 1.199565129881521
-8.436616482972301 14.38099320630573 0.6611567800993813
-12.26468328685525 11.9675534020432 1.153708558039682
-9.652263678983498 12.97296983511175 1.727644669550666
-5.465149136829339 17.53697704304674 0.6314713605817943
-5.158296539436529 18.80078625706052 0.735118674426925
-8.823717065484292 14.01097952995658 1.857275626340457
-13.51612917799975 10.63386943141424 0.6206987911207393
-10.8105520099866 12.02834728942819 0.647237486906508
-5.786816861192962 17.17150137219304 1.858534943225087
-5.133949384107332 17.3851083048096 1.665836545474505
-9.72146696200852 13.42685240193483 1.346673065287454
-11.56761329321809 12.08721523870387 1.109496185730804
-10.74762622546162 11.84006720048638 1.768559332357382
-12.72283588109518 10.56530126883633 1.113429167871875
-4.850796503042389 18.20797481101416 0.6681289440285003
-13.78392187380407 10.51472412021164 1.84477897052552
-7.142621417214592 15.85588884519594 1.179685952973656
-4.42501157566703 18.5820151917534 1.85754380168966
-8.624644251356113 13.52636637076799 1.411081055222921
-9.185973531642947 14.71053927310206 1.264063323458313
-10.57441823495788 12.62319556010353 1.258346116513042
-7.73003583671041 15.80063791967517 0.7354768507940652
-6.402896994089797 16.40472310750579 0.6934535200825424
-10.05060816726446 14.09377976587372 0.5734790717332958
-5.682757664177391 18.47109114270925 1.379983759114283
-7.986285032870338 15.14885486290865 1.901098632737133
-11.65293637083406 12.57169820993422 1.968879357707519
-6.176193624011475 16.87166506458364 1.258101737921823
-11.8912644782687 11.45860036549711 0.5728541300318559
-7.958147287121502 15.0587272723601 1.332076657508985
-13.02177546236693 11.23705306834444 1.243567649115574
-7.220241789857003 16.59816788357489 1.30369736259324
-8.181631089045986 13.78641911011435 1.85696645492093
-5.878987125686521 17.1513491117478 0.5458486985720482
-5.317088206881571 16.91185915267798 0.8199573255086028
-11.27223346913265 12.91987676098891 2.002687470682045
-10.21583606396387 13.97244851792486 1.1734375471335
-10.83478285556018 13.3901641831976 0.558450876961885
-6.45413759349934 16.7267268173248 1.92898640584175
-7.809661164292681 16.2457751104145 1.920496236536104
-5.123154741957912 17.85519340187883 1.288192701011408
-10.62361813314042 13.61566572845853 1.735158102259271
-12.14483572962509 12.15666524332255 1.989144526244768
-11.8162445935861 12.49715552379368 0.5006769167583924
-5.080995135284718 18.96076010992921 1.297110060427416
-8.425187819938273 14.70960663032174 1.137056249983883
-8.199435252702845 14.19212686680997 1.217545777358701
-7.874434116790052 14.02179064668451 0.6603780001571887
-11.83735861251806 11.69698644194153 1.961687646992563
-13.10047306091979 11.2050860898579 1.74059777062994
-7.202570446143017 15.67112498111825 0.6680085782976466
-9.244104836308775 13.98280808019456 1.336575143562185
-9.782355864312297 12.62293261564221 0.5755233466881347
-4.120765378466851 18.44538108650957 0.746644686387505
-8.170806200773143 15.55704023428564 1.26571256897222
-9.33178123891069 13.96913948035032 1.989255955455283
-5.734479743214976 18.44253674494018 1.947589574022095
-9.697329636569137 14.48868742084723 1.033904250091534
-7.336045723891715 14.42074508315163 0.6357215756920341
-4.126258623108164 19.39015386004632 1.562744631778868
-6.109629555780142 15.72794841276501 1.853795901822631
-8.215408120570721 14.87743009757604 0.6645921876389431
-12.98588948253964 10.57318736657689 1.572848216474869
-10.65739315376344 12.52136481671059 1.972799152499666
-11.3447984887204 12.90971564836397 0.5203950846463579
-12.28005473053219 11.30665905184206 1.485914684885871
-11.47775583516508 12.02158262006843 2.031964756020586
-12.4599805934331 10.64542500626956 0.5802864384891794
-9.423644323077013 13.90512874946042 0.5135868648187931
-8.757759084636273 15.21084862978571 1.999506285530109
-10.08682798273412 12.6808082399061 1.985992198520084
-12.84405796389729 10.84166355307992 2.010351205463528
-3.796407066761702 19.37695997151543 0.6223442906325755
-11.16234626698155 13.13758940978542 1.318983373610677
-9.708387411896506 13.45531967847851 1.967960487208066
-13.25257526851659 11.04659930626331 0.4728961087157333
-13.76221122902442 10.49632408112864 1.086227760889768
-11.71821665209628 12.54622088704857 0.986873397534197
-6.813572909969395 15.00932126330389 1.867548789325334
-6.554796548220807 17.69542165554262 0.9896185039353071
-5.670368167644911 18.52459304873084 0.5245937396595264
-6.121891886128633 17.62335139012653 1.952406009858278
-8.397088279157416 13.82298955017927 0.81569545301253
-10.93886953810994 13.31143061990684 2.004428442834985
-12.98872420727261 10.59610726472253 0.5705504774531627
-12.23046598549336 11.38353709615442 1.980661728851244
-12.25642854561764 10.56963532670496 1.478023348257236
-7.128285287923706 15.34525238672339 1.347558644920622
-7.483696625966711 15.04123290416119 1.124586310922537
-12.01821054045059 12.35073800642793 1.308158600689619
-6.086224265417442 15.85308751991952 0.6248532131642639
-9.805325801907966 13.91840040196358 2.04853153233335
-4.752260323974465 19.42964478582966 1.193257265213098
-7.752176573516035 14.71712266988287 0.4998622617592781
-12.86619831907643 11.46003883674525 0.4705681293157548
-8.822574975162333 14.04087816544817 0.5153629902186965
-4.37773619197135 18.95152432446347 1.334973749805738
-12.8979784169543 11.52872943387307 1.546200129426469
-9.926824929862025 13.57829446628994 0.4618467663269252
-9.250507152292705 13.50247545001186 1.181272420767653
-10.8923376840296 12.51219931170005 0.4894251689719685
-9.615779360467386 13.85586272997853 1.612198514411883
-9.967016001514089 14.21872366657062 1.543779915351873
-5.151725469529598 19.09195581893039 2.012802021704123
-6.99297212809844 16.23190666578039 0.4996127247311599
-13.3879312908963 11.04778273550479 1.479269858393107
-12.36666174465458 11.17376023666548 0.5562884488866692
-11.30086096797885 11.98296713624296 1.599731856287582
-5.64388037202974 16.77012965169232 1.303268296424198
-7.624225078389035 15.8040607277433 1.661548992404456
-6.994671608282029 16.42117752323832 2.03075338744792
-9.392127912112652 14.86449654235465 0.7836318659996238
-5.98725044672133 18.19149104600671 1.045843063227369
-8.57563546828494 14.42867691814791 2.000527092416085
-4.919351183377296 19.32119675592607 0.6496088819383337
-4.343553186887727 17.37984452840912 1.739759485290114
-11.66229523811133 11.68062748285321 1.516686904174855
-6.480586662610825 16.83140365902109 0.4620640085489862
-6.822067448824914 17.24038267381809 0.4976553718380125
-9.450532864739753 12.98836297740538 1.147154396416247
-9.110456809110136 13.01913602512699 0.6052736709090106
-8.417164652416897 13.11111488356392 0.7533852460528837
-8.56482604764718 15.30930852112316 1.05773381713202
-12.30198743237333 12.09827131994295 0.4340602075359689
-11.43616032045638 11.33325742051072 1.18018320457786
-6.991883686988203 15.88021546361462 2.007499639790205
-10.26627728692142 13.51394330864878 1.313797637658819
-13.94814280590531 10.43592966464881 0.4157375737652883
-8.059857672048295 12.86723600821417 1.753213153257607
-6.715603327168456 16.04141190365412 1.361612251558993
-9.011117478867309 14.35816620246012 2.064881964445478
-9.394135593482009 14.67453653461596 2.038095628930061
-8.600411431130521 14.57569404029939 1.553499890720905
-8.554052998587089 15.19984886670727 0.4759621087475515
-10.98583881867764 12.52752281371633 1.477105648897014
-8.366460235524123 14.85083359102069 1.893589162261041
-4.63278419903542 18.69196560276509 0.7481137971704516
-7.761680836941167 15.54687053213807 2.039772615362933
-6.933053395850408 16.24889774471907 0.9767451688124582
-8.756068796123198 13.43620948526651 1.981040716174057
-7.495297459124771 16.61473209969707 1.741007382360257
-5.652104876172116 17.80904684301303 1.229002331075284
-10.50984608192792 12.10852449869307 1.224581757197247
-8.286954567725964 15.99625509958403 0.866668978253289
-7.909427480185308 16.33608059487458 0.5690767106514442
-13.27560883859542 11.10166404546654 0.9096149230515529
-12.5102697472778 11.85723715553575 2.0611583464963
-10.97178420531241 12.45301023974099 0.9319857022362721
-9.654836884209534 11.8658197533452 0.7488715512728227
-5.657314138975721 17.96132933603709 0.4847384714395419
-11.51910810442442 11.97407924677952 0.4646601618665351
-8.841413144341004 14.59215656942621 0.4836725815794709
-5.196398964285303 18.49501423119832 1.136480038586632
-9.083156392943916 13.00944131351724 1.783118410105682
-9.342635959965396 12.38427268766185 1.897176563006513
-10.43730172960049 12.77974595549349 1.665885308614717
-8.472535412331354 14.13364184667517 1.584594995954982
-7.500983900340191 16.77555564566305 0.5524344225756193
-9.641523882367039 14.34118281908975 0.4679268788310737
-6.030850431468579 18.08045968980823 1.773639727365966
-13.43866984813331 10.50769047150937 1.543235651422292
-6.056995519113499 18.23673844049343 0.4638384282498149
-12.92461657762576 11.46667280330879 0.8950422783460414
-9.987603656070554 12.65843175397312 1.503235111100362
-10.69542006822185 12.91032878451606 0.4414455436754295
-6.225030929088149 17.35082880664411 1.221391599871441
-9.960384560406631 13.55267119762049 0.9932325663375448
-9.875738765531722 14.42714884877626 2.006170283540737
-5.597298228541787 18.74355473043013 0.9688053599838939
-11.73291306591095 12.55304076513359 1.551056399940159
-5.481255948078514 17.55560934151512 1.998861170533163
-11.46676630783984 12.92282346202613 0.9572973119952883
-7.867943134541253 15.04782055768992 0.8923326455781533
-9.039324056418817 14.32939260751937 1.608850310812982
-10.3006228350233 13.58751561332173 2.064951129256575
-10.65211131522113 12.95829411033088 2.061331403537157
-5.234175130701846 18.19131295321396 2.039992963543185
-4.859544780815918 18.48453898354973 2.025525891653058
-6.909286816335651 16.40519758013802 1.592129975065838
-6.23652163933221 17.43897045508264 0.4482112133474185
-6.710286821088999 17.12767180748765 2.017273447920721
-3.393592958186817 18.71859971966989 0.7155914250799197
-7.660818065308305 15.33692962110495 1.656561402046021
-11.13470492025484 13.27900970958585 0.8851067818693859
-9.25356088873869 13.97733494203184 0.9044107604021917
-10.52170399900432 13.05558779908101 1.000929951807968
-8.628279867696538 15.65880577971054 0.6895183560204452
-9.105298867620188 14.97178502464056 0.433672216510803
-9.992355656595922 13.15685442154572 0.3977682244813538
-12.25282873420363 12.17215779857819 1.593559324146554
-12.53094927327729 11.9751828502814 1.425008616310174
-6.207554687411971 17.17507825797903 2.071942453086612
-13.15297125404404 11.32872201097048 2.116784964696916
-5.231381468065189 18.23930518809332 1.517663548083619
-10.73601888995141 11.3966506595329 0.5613646050258082
-12.13000251129377 11.70405837658974 0.8627790237966034
-5.797257947141375 17.57081800165271 1.608690128422887
-11.9997471800877 11.90374924379915 1.443920636943617
-4.407774865633087 19.48168590638227 1.993044466800337
-10.61506411870703 13.80816976096269 1.321456348068972
-9.444528034879028 13.56378942643255 0.7908572371102051
-5.283583283227319 18.25358341718214 0.4790931591195711
-7.862543146927013 15.46508396488263 0.4275940827278976
-4.11168405239604 19.01956811139644 1.968083340442566
-3.758493219311735 18.44179061405804 1.888663612584146
-6.7380251861725 15.3133987136794 0.590041445973071
-7.663681710555839 14.46715145508729 1.997029346272507
-7.666970213117054 14.29256774313818 1.438511007834936
-6.657504419187404 16.86719026338692 1.547370624957441
-5.066885866368866 17.79897044719767 0.4687326540617401
-10.74380196834795 13.67173108318251 0.8984026923375968
-6.20185614985327 16.32843917267072 2.046341308434946
-6.113439120191959 16.80316329589683 0.7462814374308859
-8.786356524946189 14.90422637293289 1.314288755512912
-6.215369885038058 16.43497191002129 1.114053354536445
-4.489554277348603 19.51467882515091 0.4781035627863974
-12.02287106054412 11.80099636856324 0.3820327085374789
-3.550785794807267 19.35548652409079 1.882695204294607
-7.43306900360432 15.84723203619151 2.061909326749705
-10.83951933977907 11.64345934873737 1.054681650466119
-10.42947571029582 12.52615832812445 0.4250298697801426
-12.35516481387365 10.90269826678741 1.927906265552596
-8.341839677202586 15.42850638777632 2.030274758948346
-6.370870791360346 16.45709137549137 1.588301385469667
-10.46111116682379 13.91298539778329 0.4279849547268028
-6.547736096088808 16.77053831001613 0.8960346734444571
-11.69979562451058 11.74223775929357 0.884697558394976
-13.67372877955002 10.77992439640289 2.125440495372013
-5.003219271798306 17.25848934412664 0.5340066987879089
-5.948001941716068 17.42889422306362 0.8843935534246737
-4.425493058362335 18.03118010454413 1.040326570295725
-4.062511058909021 19.50019530811029 1.05541909686146
-10.42480060630415 13.31943307667686 0.4109011338496823
-14.03968314386139 10.4251908949956 2.140183912924505
-7.425761582931859 16.02499625237838 0.4637072942658734
-11.03636371691087 11.9794299352384 2.078338370000151
-9.978120926393103 13.3341448927964 1.667757642572329
-13.9938649175229 10.42118653014774 1.461229612980664
-12.86005152331725 11.06647891824071 0.3735562000794881
-6.495415015698917 17.88069316005679 1.723224122007391
-6.753913507049479 17.54778869817836 1.435621767897779
-3.450863833197031 19.42644604660224 1.136407987932013
-12.07711861539217 12.37396999065388 0.907120390062819
-7.558755388018643 15.1411946258526 2.053044495117067
-10.26343027197492 14.06518596323705 2.000300951411082
-8.227751497847077 15.76073497161612 0.4242964144770355
-4.543579323378594 19.5593031715356 1.570712543457355
-5.739623526182593 16.67977418357938 0.4294284175342889
-8.868310392197341 14.52773122519889 0.9188001532523085
-6.90914208212153 15.5146205575559 0.9828520288378383
-10.55816805915422 13.1542673170068 1.544084564345268
-10.79898432019354 12.9655317385455 1.280441573095909
-12.67651211934398 11.79227573872754 1.725173356957044
-9.925688950325039 13.08427956964417 2.084125926513228
-9.338923704439384 15.0200577492352 1.653171003895601
-10.9269255818063 13.31769793408776 1.597747433538091
-12.59655883417514 11.8665846833019 0.9340032321385988
-7.223869341878746 17.13045219233567 0.7917030898684774
-9.171587890075028 14.32468144538707 1.114438472728672
-5.778077128907482 17.86950754071532 2.059945591061747
-11.13017367309162 12.1662933472739 0.3939793754498873
-4.037962409205752 18.91548683190708 0.5097134743179577
-9.627381722024555 14.14600355148648 1.312539846272687
-4.883177521606363 19.48566965883 2.03088805259124
-7.075460769320422 15.77796769818395 1.597734716574066
-5.650674962933097 16.10276125709149 1.959435839307143
-5.6221927549466 16.17481769202997 1.365518044339322
-5.082486936430293 16.12554829853051 0.7448271236715703
-5.833674207297182 17.57786429368953 0.4195340141146019
-13.60685659710377 10.87136766197943 0.9349719293865554
-11.21051843167044 12.02103370709329 0.874090317560767
-7.397448821022962 14.55191976506595 1.111188090544061
-10.61800991708716 12.59640583627731 0.7823025131280166
-4.790153897242028 19.04626009481369 0.9730635387431941
-6.454460270429575 15.61685848104574 1.101523211893412
-6.637387300854979 15.15133682823472 1.229035755791463
-9.179058565358812 13.54452721300934 0.4376109695989723
-11.53822518862131 12.9204282706376 1.663809464214041
-5.194529657881368 17.39250616748967 1.055052873732552
-9.968849272340595 12.66938830800964 1.019725414528207
-5.141972426776947 19.30541943519215 1.029497700055081
-8.901960691290121 13.8816536023057 1.114149563373834
-9.622329529060011 14.72967352302778 1.425039291719106
-12.33685775541372 12.11451741604478 0.8114816580667412
-8.071073529020094 14.65278755708993 1.359973971473182
-7.402979058151342 16.27977710395356 2.067059158906284
-11.28252317087146 11.80564109602335 1.22326946156811
-6.901202163364044 14.59521965753456 1.443770750839172
-7.967753730984217 15.05866582049526 0.3729569593219786
-8.617975279652335 13.62079438747721 0.451337482380112
-10.19161654499541 13.24665464575551 0.8898959345028843
-9.699397986031183 11.70814101670172 1.578318892757213
-13.67139670869541 10.8052472085552 1.325111472394952
-7.790761716005036 15.43978560112474 0.8958001555510455
-11.01949611406724 12.62711059990869 2.109655008824714
-6.55884087687733 15.64958215610006 2.037300078589551
-12.03802412381905 12.44500537037056 1.758441101008575
-14.04007217558218 10.39834926436372 0.8083604457983081
-8.13252298191734 14.54474607892144 0.4097373849992871
-11.4543090786801 12.30236525835191 1.422371337630436
-4.799996512351132 18.72777078836597 1.646412046514056
-7.848267503351401 14.77104999110393 1.721233361643547
-6.581809162516763 16.1040375347289 0.4340695885047012
-12.64200599480617 11.11302202840915 1.155808743516477
-6.030511245048046 16.75598720941658 2.093731676060718
-5.497278972592699 16.71368210163698 1.960605256154708
-4.414336325150311 18.19232141583774 1.525955224376424
-8.945576825552727 15.26701933889821 1.570400034160493
-8.60047077016095 15.65260423884622 1.636527550833385
-9.149014423904191 15.18625010287375 1.123835169321688
-8.588925790999031 15.77686895192122 1.171231622916424
-8.482387532859725 15.89186845697498 2.040725913681173
-6.11803029145727 16.947651919292 1.73077282341499
-10.46464739347996 12.09810470528403 2.041164304429827
-11.83720784914949 10.82669832176155 0.608303623007924
-4.499920255057818 17.77782239962615 0.5339466922820524
-7.324498250499129 15.40537221962141 0.9763370193824936
-4.463152852674151 19.58578742073098 0.9071407060030993
-4.737800498967921 18.91862690359334 2.092930756858176
-11.78959107910918 12.24344563565243 2.159255604477287
-4.618693378372903 19.0380961743176 0.4423455549977738
-7.889433974587195 15.7640091955089 1.090419902264872
-14.15858672962839 10.35903442612315 1.791515114606659
-9.882674021516216 13.79529338648162 1.315920258763573
-6.526204181424141 16.1677059951861 1.012895989605338
-7.36264637199795 16.20397277133913 1.266267828545986
-7.666846066783851 16.55050153226656 1.139480179915943
-7.232522921040101 14.87913511182132 0.3806406238115567
-9.282366884053545 13.30590384351149 2.081779639253547
-6.903595767104722 15.82552940711373 0.4059439655950346
-11.32671153993286 12.40795773963358 1.074634491958014
-10.61045349102701 11.10954863392511 1.824389836097639
-5.504864692892859 18.89231493743697 1.487721203694106
-8.244177370405087 15.060811999402 1.044092952988854
-12.25414525728028 10.48752869412452 0.9954296906885712
-5.417476370839672 17.02043898076313 1.621709682226084
-8.205470430378924 14.17980490818966 2.080733881929856
-7.7409968577646 13.96262350037563 2.053082603719486
-9.16391308155908 14.15549079770532 0.3754884937836426
-5.222593284518254 17.80157241643957 0.8714529785723323
-10.35803119137239 14.0435199004671 1.572355059327184
-11.24421301405688 12.68439108277983 1.706480042439948
-5.546821853791299 18.85824740421646 2.000820236612967
-13.4391629245483 10.41769246377954 2.088364423691543
-8.25573146116907 15.98592926800812 1.4112804209478
-8.042045852181417 15.3540275200737 1.573499575210861
-8.50007396876752 14.80116028700695 0.3714366701773603
-5.419827729574802 17.12747458531919 2.108469920525235
-8.7015713939665 14.17263482660861 0.8681505269153866
-11.29962286437843 11.60421709992186 2.100055523104581
-5.830831917085241 17.03550790749223 0.9407094004066393
-5.020521318241547 19.42095007434198 1.531581215936185
-3.834452295304924 17.80866642183656 0.742745613272363
-12.64005700258813 11.88802037153925 0.3432784998551873
-12.92701048424276 10.85615993626249 1.285207607391848
-6.481923684048795 15.66074201973801 0.4471313985716005
-9.011862908818301 13.7355981303381 2.096229166505209
-13.66427721935992 10.83637512462638 1.697281069007704
-9.55860775451433 13.44679422334855 0.4346040888974989
-9.036918825762953 15.38594075434732 0.6890944184936491
-11.50017072095832 12.34103307682421 0.333615320836913
-5.433340427100189 17.12728317488428 0.4116082482972618
-6.539693583363544 17.51786443873121 1.951437662906436
-10.79329947347555 12.24309896121289 1.702694782745093
-12.38632393781343 11.42484267961219 0.8404237060566928
-11.95126607642108 12.18337686280113 0.3655879864986097
-11.45016167972632 11.17279780740096 0.496569212182609
-4.220239241123419 18.50950646025256 1.216032559691009
-4.003196495587934 18.90796730286893 1.007717881498992
-11.07413272415888 12.74946807659328 1.140691004657204
-10.01583342872713 12.22194463466388 1.23699481129909
-8.211261799405143 14.11473066937678 0.3973658859493164
-7.518140959795367 15.90353548527781 1.056406235583329
-13.43141928874143 11.0673772935003 2.133440736913769
-12.58646291568902 10.5301485047667 1.793888733336401
-6.150623439548731 16.56949111823627 0.3904480618156366
-10.57623382622147 13.32831523064065 2.128510036816357
-11.9295671934063 12.08184487552172 1.067433346706689
-13.16247274939404 11.35064877502485 0.6478118006477003
-7.520490168649086 15.64856826208625 0.4457172785071767
-8.93920140963532 13.77394069629041 1.5325240223018
-9.40234774239789 13.20809635363016 1.495228144017102
-6.697437253399283 16.4952984861729 0.437231646351755
-4.969720561479361 18.55333370586892 0.4282831556761998
-5.342039505879569 18.72520168193414 0.3720030737363555
-5.034414946214298 19.00978065837724 0.3930159203535359
-12.90087142900494 11.64645464696025 2.173880200352042
-12.23585442485189 11.65016636847195 1.330662467841491
-12.00146752390187 11.57352391090744 1.600258284992187
-11.68444756518847 11.33151386078663 1.778042209898101
-11.27582691232658 10.8491551367856 1.973883380670951
-5.704182985782206 17.78043449943121 0.8357832326414361
-5.410148891866964 17.63527035260295 1.504793894796625
-12.14506267492886 11.81357984063415 2.147173304774995
-7.700574647154543 14.76515698369252 1.298872571530264
-8.011127451504709 14.78370453155598 2.109356997297881
-9.221437741956876 15.21055478039038 2.064411290047264
-13.12095330058328 10.40848432750022 0.9620922833058074
-5.185874837055129 17.81758721689014 1.850718598933
-13.59175551593118 10.91088399585019 0.3742516172302117
-11.34923481174815 12.46812186577869 2.149521797691169
-6.521995731826202 17.81263775437616 0.5283862083523592
-5.961285636787702 17.22650006190693 1.493069446967987
-8.514907781454102 13.93404767428633 1.231482047564591
-11.17575988282886 11.74504656607573 0.3643588114420787
-12.03179464475462 11.24526601596842 0.8798247614381801
-11.85703044084721 11.03989019682343 1.278497647139851
-6.51700097683964 17.0740172083838 1.174708397089861
-12.44479822535733 12.10944400294002 1.856346821894618
-13.06869954399635 10.51123147036263 1.961830732462828
-11.03358101568042 13.10356294957483 0.3716151997317317
-9.853023522320054 13.19166702123911 1.072013960169863
-8.6875441463696 14.81693927908779 2.129971753696696
-11.7087431920956 12.84298389988422 0.6564688371321767
-7.844740398981287 15.84940862470178 0.3663778200093679
-9.926637765585859 12.16597420633656 2.043898293035967
-6.94789311274701 16.6318944790288 1.030732123426263
-8.569285043085689 13.05865128502726 1.657125078970479
-6.940700575499324 15.46451133205801 2.100224274454284
-11.21298608421913 12.70746290661358 0.8043295803874367
-10.87225992739904 12.29568692527485 2.1669867909196
-13.05063522365205 11.52114293392474 1.855752595605849
-11.20566184156302 13.07316624532642 1.676853217402607
-6.612285210785746 16.42811408546364 2.137520442511057
-7.177713330197733 16.58282599144488 0.3740094374225436
-11.66400556079105 12.24285051592058 0.79758448870135
-9.511150449503248 13.73878721404841 1.281722366474521
-9.546284820243365 14.20783998890488 0.8144313879737516
-12.21928649709078 11.47738422063163 0.384810821539508
-4.915984685343282 18.1741060901929 1.090430040157431
-7.318004399391288 17.04367741221087 1.449153518186705
-4.369168212972395 19.34033722124808 1.251814441605289
-8.570123485980233 14.06981158901312 2.141966514443455
-7.576367906898177 14.79716707644512 0.8369074247038883
-2.75839067813939 18.95449698293781 1.567456677407086
-9.946430100938858 14.18008470118946 0.9546228817698121
-13.13435816592525 11.322457766764 0.3074092078521031
-8.956217578339306 12.25591992196014 0.7953143134057756
-5.845998487669194 16.2285199839619 0.4854674296883212
-5.676783627337512 15.98279571153339 0.8975616829034525
-8.220087755888464 15.34633065989402 0.3592500714028016
-9.6192609031534 13.07351027401244 0.3737515518261988
-10.25042170882515 13.61608594572424 0.3159725267438299
-9.956379536819473 13.61464434909398 2.183250105542663
-11.23851508149515 12.58217697143086 0.4054924224849864
-12.53379975397355 11.55573359736977 1.500833788582545
-10.78605460130159 13.67371738769846 2.101620709301807
-8.98786559040941 13.30506443302313 1.454901385807591
-13.22169106626814 10.74264815986853 0.8227391711263599
-6.324945947980531 15.23310733816713 1.773697062247138
-13.85168862449649 10.69699622351717 0.7360929861351471
-14.25807728669563 10.30382951202416 0.3625154033187129
-4.37671333284964 16.71343985807066 0.8024443166901063
-12.91451477419226 11.62938716642972 1.208202878485222
-7.811595058140256 15.92393709276298 2.15236958043801
-5.315925343239787 19.18183742509248 0.6535070886698513
-11.58700773616856 12.86316210357064 2.178068700884781
-13.28929231456204 10.70611472767878 0.3417824146988109
-5.318808132907355 18.4666817516187 0.784311110387492
-11.57298003356421 12.69800624058631 0.3177445212416342
-12.04744050368709 10.40062594232191 2.008078299594217
-9.769400268703247 13.86358130299642 0.6336603056784249
-11.49282540717684 12.34190351378041 1.76460360516082
-5.160277403968227 18.71647788933318 2.144084891095327
-12.81604389263364 11.18539940501397 2.134608947774848
-7.233534177910975 15.35608008047927 0.404627921993208
-5.055245353853888 17.4695689152058 2.095933063276271
-9.380720166644153 14.3100425643909 2.161362044221445
-10.35312222252745 13.98141994987782 0.8024438063871477
-8.540706134480633 14.72407880655028 0.7782948026492036
-10.54360581994416 13.30621447496661 0.7474423367033172
-8.160958699130731 14.9138303326756 1.598649680734164
-13.70396243654779 10.31593566042404 0.6702972018977853
-12.49728341625075 11.23040744181542 1.775367915045855
-12.76369825452883 11.69033486777499 0.6973843020840793
-7.34082132402796 16.68016340544169 0.9190883163193136
-6.806600856923463 16.75075742664999 2.074132778861133
-4.746673856301065 17.6273907698309 1.496942434965789
-14.15916326481384 10.35350716212646 1.146826949102618
-9.330133818799215 12.77966669865118 1.508962904674404
-7.772052486336044 16.15976098093567 0.8949877445205869
-7.885402336786573 15.65822607098396 1.460835899293336
-9.839226600339746 13.08766987086178 1.431113050962264
-10.1368630589426 12.97838888772509 1.610671377813887
-9.526615566705591 12.97082913221725 2.125165461412835
-9.324229545496053 14.61076468316706 0.3790392281988097
-8.223513482244201 14.58211461148308 0.8687051834379667
-12.15053801330712 12.37647640150312 0.5702454511853485
-6.135440921510881 16.94911138512828 0.3469345640393267
-4.080360889353436 19.59648508329068 0.3931585636113388
-5.817668505782754 18.10236156477255 1.439336104622637
-6.875701130419127 17.20841981996161 1.643819697804469
-5.048874243990701 18.54467033608424 1.46129518711662
-11.75918853586598 11.82199878576629 1.213182491429247
-7.634664045423079 15.22077620207807 0.3095832528093156
-8.341300052283287 14.63880565837137 2.19710175329419
-13.41606469793858 10.40925895280474 1.186508536172654
-8.0660402283055 14.07444176552399 1.587828676417234
-7.617994313183498 13.76013118884751 1.558874271074713
-7.288403929381527 14.12588877513297 1.794938028388067
-9.965975551516145 12.96835695265296 0.8004733172168766
-9.249735287541871 14.64299519219851 1.63076766388159
-10.33685833882468 12.73038685736795 0.9897888288847801
-10.40951072659924 12.70712102170839 2.163858680147353
-11.5369978286536 11.57379483046454 0.41813678439766
-6.813127070495412 16.81708713807107 0.3259386012958842
-4.852000519759216 19.63743568109209 0.8741433101434378
-13.66955881465245 10.58999217245726 0.3024256907498288
-12.07560718611088 12.44093968415377 2.177675288952093
-12.41266323765576 12.14886248531903 2.183314873068252
-9.437215217947802 13.64425163490546 2.153264937887134
-6.306394127973732 17.99164821706615 2.103201895686234
-11.9827514624732 11.94406140072482 1.780320853253945
-4.889758516556949 16.92203420228823 1.942630655305253
-13.48083872019976 11.07016473748755 1.164618400648778
-5.489523648699143 18.14033276051319 1.269837762021083
-8.454106040944254 14.36729612692038 1.037709784185839
-13.36779979714202 10.76553840757934 2.214103923286349
-13.52478771856112 11.05731460407608 0.6683306959662545
-8.174693635398331 14.22244494424731 0.8564867752154266
-7.14126658679286 16.02317254162837 0.7682999535114979
-3.953463423341537 19.59482231000489 1.949230168025663
-6.859377572515402 16.31670728407384 3.753590611180579
-9.12719484527253 13.9317932702696 3.750182655828809
-10.88038109702256 12.34726640584343 3.74888352694511
-11.76846622892552 11.62100382509626 3.845570409574727
-5.860719681427318 17.04723440958354 3.776402116107747
-9.922450789598884 13.04959607995671 3.675042622821958
-7.571051796085285 15.34012142134607 3.69500144203182
-4.456766655828371 18.74905389804729 3.750668266787645
-12.55258723145585 11.12050941197078 3.639637735702514
-8.172409478317014 14.43504238228693 3.578300521715164
-5.228998708441742 17.95811641704461 3.89668622537567
-8.777035988206908 14.78541825891296 4.126199790510642
-8.462617858734053 15.30821349782887 3.419255346547104
-6.70229545727107 15.47391004157661 3.402948337352525
-5.82158629576387 15.94177199274137 3.896319793531671
-11.42438688427909 12.03685780092057 3.275074059760773
-10.70517892727269 11.20653667918881 3.644169966830115
-9.922586033487377 13.81381785610033 4.128705078421914
-9.807762831624245 13.77953405940691 3.315972341047617
-8.942435495731878 14.62361896337988 3.327550436607875
-6.550618358018976 16.93401004525091 4.199618164850859
-10.55591772903799 12.95958361564342 4.19154980481387
-10.44430067782646 13.3795033258833 3.239236035932944
-13.18565697653081 10.82524084521234 3.809993472278667
-6.604616475041887 17.02932457075291 3.34802667568389
-11.55823750935495 12.32251846797758 4.191371088266393
-7.555188423582418 16.10017552359004 3.324092867510649
-9.31462947028982 13.26051833529017 4.190432651587649
-8.217790656157685 15.38290608184137 4.20007918285877
-10.41554398597055 12.62939200437518 3.231304098789474
-9.865875736118443 11.98994960038633 3.92082446945424
-9.4637477798485 14.43425110972325 4.242910971437871
-12.13708065432656 11.82579881538706 3.231958413672973
-12.16226379973354 11.89867679969903 4.323042288470613
-11.8515428922219 11.08344892441161 3.264366116582714
-13.48066169477201 10.64322411647376 4.374785147993339
-7.679342062936055 16.04256038672067 4.165252745344157
-8.478689640035203 14.04495779688263 4.209358424322208
-11.18368083904656 12.71917856370183 3.202580546625735
-6.972326123059513 15.62401024062066 4.181046622382864
-6.868690413239015 14.58114878693955 3.96780459706273
-5.064188279587681 18.47109316531406 3.28978546408609
-4.345452665767592 17.80100085788692 3.461199699108615
-12.82017258963501 11.19540986477355 4.292427655842843
-8.057610899007987 14.65779631833915 4.282130077181404
-8.618138416551993 13.97159166452281 3.219929865634031
-8.526216698219116 13.26843406291369 3.766374871151245
-9.212810881806835 13.24034363285998 3.34968545722666
-5.090145601159458 18.66978716563083 4.22877583012738
-12.07013231029169 11.02708929632016 4.233654908262625
-5.924567819954543 17.82803782794879 3.366848982490799
-5.974661354187059 17.75432214633643 4.188166318881652
-13.40140803494233 10.65985449029831 3.180798452181349
-8.995758792268138 12.41677363133885 3.822515059232908
-11.19905612582614 12.8644765166527 4.030772763865422
-11.88930600930623 12.21401707196485 3.664382289907245
-12.41230430111478 11.71268757291321 3.78142765495921
-9.273340452128188 14.09970598384915 3.143215590974052
-4.724676532475778 19.3105948695901 3.202361846664579
-12.74108206668677 11.42181397244441 3.139711667851667
-7.892847896536441 14.95809464165105 3.198603222325285
-9.954403852364411 13.1895528262146 4.350959527954734
-7.103920034815378 16.59341073001493 3.177305131445916
-6.859377572515402 16.31670728407384 4.389447904235643
-4.596972760767997 19.17688283588728 4.301022412854243
-8.072485748841483 15.78752721723051 3.683446140093584
-9.6336447800138 14.31279701192105 3.633223570710761
-10.46937569692476 13.57214796943286 4.361746114709685
-10.87529059795597 12.43875414081545 4.382340279830947
-11.07037225821133 11.72230884569591 4.164025979158395
-7.431811097052989 15.13310880889406 4.339085989795544
-5.046373513662024 17.21557028638107 3.392720247992072
-10.78035117629005 12.08801752255409 3.15299130437809
-6.193594177275433 16.33229518756004 3.290333340167969
-5.390476677189831 16.46599480494605 3.42648434995894
-12.76253041266816 10.7717913962481 3.132327662054526
-10.77696611011269 12.98739152408377 3.59006026021426
-5.17454117686199 17.19711936271756 4.205569225992256
-5.939298264697298 16.73363357248449 4.353477033190365
-5.584916564870202 18.25584444087019 4.365100307524624
-5.546095284701179 18.53335290334412 3.75416546432269
-3.923721377591995 19.18484502358099 3.309372193324058
-7.382049402989797 16.68501174951419 4.071519257708111
-7.620708489751724 15.50496006733338 3.100825986515888
-7.17338925649965 14.95614205896735 3.23321484056182
-7.557288289989824 14.67021544197716 3.702130375350742
-7.738185894008524 14.01191937968613 4.037916202334237
-7.84740757760672 13.76519705887336 3.284281898618902
-9.052490149680935 13.81457353153023 4.375046925291953
-5.051393768870923 18.99841001150687 3.669433039214235
-10.41684949206588 13.37980133211018 3.817864003821587
-11.88765406199696 12.32286357004439 3.104252355402149
-5.692120940865028 18.39100579782466 3.135301595132284
-4.509045910128451 18.72199740341516 3.121350176418778
-10.96888473991123 13.23242049496957 3.047225616284441
-4.527972278356092 18.1187348056451 4.21699846704547
-11.55469630737671 12.67247143400253 3.630871341154482
-9.875377170589154 13.21667096616635 3.089936995958998
-9.67139214741859 12.50138330702168 3.220400581333505
-6.343440256564634 16.37593661286988 4.071519257708111
-3.392683185466394 18.31810134410622 3.852646676746782
-5.265046940026417 17.83185333179623 3.237551726280476
-6.385389539118236 17.42500926880898 3.811254669902776
-8.085557395859365 14.99688064572905 3.763176967129546
-9.556719744365424 13.56235555028213 3.775801731636607
-5.807571947691301 17.21517748171456 3.134250943138931
-4.38151431837996 19.38320071253394 3.736199397954842
-9.819813245799359 14.31944731483988 3.06963717453726
-8.180054618896488 15.72907209759042 3.093394053317184
-3.779082669646931 19.00030151581729 4.187327009814861
-13.13776851206136 11.10848929901445 3.345795288358637
-8.716347598524216 14.33508964974405 3.772022608160576
-13.71504516558287 10.56817931554433 3.899444008095241
-10.40910122235083 12.62702181642463 3.780214195062787
-10.06828290052074 12.53803381435742 4.340113387924244
-10.27065096372849 13.93673957755027 3.659144471465511
-11.42797823469099 12.01141329185381 3.794934870839425
-6.752463081213843 16.05461661833739 3.125964543186122
-8.400809402385434 14.66521029041269 3.074172123701309
-7.8867577021574 14.38829776847855 3.071194452243172
-8.78070726719373 15.06579457802939 3.03684790402723
-6.334294526397969 17.49440802473825 3.086701738371929
-12.61133660328198 11.6522348625602 4.472663677844029
-6.505406014820409 15.83256281172488 3.852472680828307
-11.89720306142691 12.24824604577441 4.530773780072151
-11.60205115955426 11.77949755515074 4.375875565040841
-5.197080045439272 18.99516162068628 3.072463553653406
-10.90523222732005 13.29841534612043 3.993582833641638
-10.99618514576181 13.08401284704677 4.484240662568781
-11.32804927926936 12.67660506595396 4.504690679515308
-8.882222326126506 14.34636918280618 4.467562744472284
-6.145698340231217 17.26555676366896 4.444428156569189
-6.427145713461645 15.91520348411949 4.432963073340053
-7.31051383278297 15.84411698995218 3.774383220799498
-9.542518882315019 12.78026280130373 4.440725533568209
-7.162736248017712 15.7350605955453 3.26764628095798
-11.43084258847836 11.17317666340056 4.188412698969119
-8.599071262570149 13.80601672636211 3.736781141799717
-12.96390019514421 11.35048866791249 3.830183667608255
-8.569882322639643 14.82532783790106 3.642371870346739
-8.678315895387566 15.28334825107654 3.921633194782657
-5.523676861055622 17.51187404435505 3.655637547173364
-7.758930657564676 15.57272520262592 4.462688178657559
-9.182733984578778 14.60834203309819 3.813252260797781
-5.426251582219228 17.69441644377406 4.378462254409059
-13.90891650374413 10.4496376960063 4.31513375003337
-9.551819818585521 13.64623911708171 4.479438583847967
-11.23067762570614 12.09905016580465 4.508004367737294
-4.870734625814309 18.3774813603378 3.805818064785039
-10.85179686965514 13.42237188417509 3.576861069626635
-7.447163702279489 14.50502858016872 4.29951800298514
-13.28120284381415 11.07389232284605 4.32112137471817
-12.92136505550587 10.63675759373697 4.276066230252074
-9.374932320099184 14.60682129000008 3.017976543039298
-11.17141385041558 12.3016626851114 2.960505812161232
-7.254267113293778 15.96588817038143 4.483519937981844
-10.23582641887526 14.02490485267983 4.495947107471173
-6.101362423547695 15.70073734872415 3.369724523114135
-9.234319244506235 14.92041266112131 4.448707629618759
-10.93226029352909 11.79628727573014 3.617147452088094
-11.38311903568855 11.44441396218906 3.408685595434699
-12.05284841093369 12.28891368120365 4.093840528397949
-13.85570795789426 10.49509351046216 3.214005357651745
-6.008816491212894 18.19058159380189 3.80974431231148
-6.192828683207818 16.82612143586569 3.033148270723556
-10.44084018025731 12.10567847035346 4.103598411060299
-8.69131528630481 13.2641274984039 4.40435692671137
-6.708698130735382 17.52601638613232 4.341114000895949
-5.429980336702712 16.66956898672092 4.008916925006869
-6.280273740739258 16.72283190288865 3.658072634412409
-9.037536061840694 15.0692273297514 3.597050167272986
-6.932767473967893 16.87792057735854 3.784730072676667
-6.622017928289658 16.5386088256759 2.99550587350691
-8.429722357946783 14.98227720363301 4.474717187405474
-8.720372561366105 15.47644895008719 4.460003969808289
-10.3047947557422 13.90538962264332 3.061683295654239
-12.36420407670008 11.4632141607395 3.39885982282566
-12.13932592597816 11.31385000610978 3.800183307208063
-12.09187436649871 10.69199848527092 3.698337227011254
-12.33295458543237 11.08444777766336 3.006996618301132
-3.816849936449351 18.4592451848238 3.188084157466062
-9.457270200845006 13.90390420927102 4.091227259861248
-8.869751588149743 14.30201823362027 2.977417035072907
-7.023202757050637 16.83431368468336 4.456466825109099
-7.912297680611942 15.09650803331929 4.474094777854736
-10.41811991588931 12.12839869383467 3.558965633736455
-5.627933232712655 17.14657369007531 4.480149802556165
-11.62576162670674 12.72346246808404 2.982492173349794
-6.172836363608781 15.05792681446886 3.913895815614358
-9.409283302575023 13.60109538515992 3.008280783915291
-5.051580997784306 18.1041721139773 4.402706199607809
-9.744238983851798 14.1056318430081 4.49097119589319
-4.758696366848202 17.53256484360467 3.862014279380046
-4.495521613295006 16.62633441423513 3.882940312582601
-6.578440567951059 16.64400432954625 4.561012792482024
-11.26972802388789 13.07797548975482 3.544560946487363
-8.939472215672062 13.523270098183 3.978996451974567
-11.68187813178234 11.64686018562654 3.011974138136585
-9.04255892677331 13.70230299018263 3.322013425255804
-4.261962876986347 18.65767239864997 4.381572939237036
-10.29154052226894 13.01251360615388 2.974179921819514
-7.986565440138229 15.35150549534615 3.456095382984206
-12.30537936805128 12.08575178546572 3.55647729901477
-12.73214448584423 11.68936378416667 3.484863088257609
-10.79768048876715 12.60272561149267 2.94159063352759
-7.195190375831153 16.19918260309842 4.071519257708111
-12.31458728877918 11.50448237412612 4.168271045510708
-13.55728364149315 10.81658903108993 3.566374202800062
-10.00236288091488 13.50933953501493 3.644330333667186
-7.177154926298329 14.20133613309045 3.248659832439169
-7.454562790895679 15.54095998716685 4.104729723699758
-7.107486750743963 15.17834580873327 3.913151119204149
-6.85758873868971 15.11253683646607 4.43529104050533
-8.242711757774799 15.24242346136296 2.967757456806887
-8.81347869469116 14.77527641345098 4.571158498374109
-13.2982742412708 11.02407780862825 2.928721314907681
-11.76720548939388 11.8420580584884 3.466890460621775
-11.14168150338837 12.20142361604825 4.081582245767081
-8.223892612143402 15.94906637642809 4.402302015367749
-12.54770470673366 11.83499607745874 2.972182229214761
-12.21013210831794 12.10539266247745 2.902744239367001
-11.7649196697257 12.66651929034872 4.546370349644859
-9.054398943115896 14.2523451038076 4.060385567884665
-8.110538136720507 13.50262605919833 4.215893945853193
-7.303593362308483 16.4460566929783 4.53712994041553
-11.24370941719199 12.38356891111779 3.491371774843046
-9.973229798761064 13.6275030292113 2.920110917982797
-10.03930820903598 13.60838705035797 4.525102126018385
-12.37544199158654 12.05148671929387 4.008525038937839
-8.638296450945028 15.54470041603533 3.015133943895142
-6.466422301823567 15.4188596003156 4.207516386537535
-7.215650213559957 16.12295678764527 2.964067743286599
-7.579392894427116 16.65497238181692 3.518163895430868
-10.68779009851127 12.78611447910263 4.570852765531846
-12.74229435692436 11.6480217514529 4.057671806620831
-13.54812634179569 10.90085874119342 4.06599679561678
-7.569630132794554 16.49013940764226 2.994306777715583
-7.751552884900249 14.93277560581915 4.074311991891149
-9.010104918700577 13.00124291295828 3.806752656136362
-10.34036634813 13.08585690502601 4.57648244317406
-12.95538936378458 11.5319018176303 4.621223956687444
-7.546130477533428 16.24723030732982 3.767217835071626
-5.931669542335444 16.17457560967271 4.394267611298211
-8.500456713157924 15.77418638203406 3.989826998061624
-11.79850369567553 12.63294186416399 3.994159517749708
-8.48532458581801 14.53914074050487 4.368565278299684
-4.255365456777062 19.51213657853525 3.051380302675326
-7.774780484942653 15.92528926781408 2.940119570637655
-4.764078479204398 18.47818865785104 4.544327653633105
-4.820379848175101 18.06449784039735 3.00435362344421
-9.970598769350946 14.3521292872585 4.061285114224421
-6.886857671083522 15.8842183067363 3.602650448249286
-11.7644252908536 11.9900305776358 4.042855497465149
-10.34150260600843 13.05339644066921 3.524492285012213
-4.851402700141598 17.93052150531699 3.538675053480033
-10.7200898904946 11.95173907607127 4.529243516973156
-4.138133949105528 19.48269234726573 4.397177307571644
-10.02258357310512 12.84422430660316 3.290043168500698
-9.903618514263023 12.52672690257273 3.688763375559287
-11.31942912581014 13.01764897517332 2.926982139446584
-13.01928560515053 10.49251643208289 3.467078343978279
-12.70290292600705 10.67149690577955 3.820150325666806
-13.0383739898069 10.39395908651041 2.98787538352423
-5.038205123612533 19.07489693673413 4.529793185345587
-13.63175157303643 10.79931696030779 2.877796901853021
-5.895165408054481 16.51996627305538 3.903775574061725
-9.549157794737408 14.82348599601049 3.480532279001668
-7.317067110450356 15.52284837525556 4.533036767127127
-10.80513469367564 12.72827526060987 3.930438259644102
-10.85660658400746 12.48799791105338 3.347550896021097
-12.88527999151179 11.10384464975339 2.90380894711799
-11.55966290437683 12.16528283138918 2.903934590792743
-11.23244189359626 11.86277853361254 2.912433466065355
-8.424057086028402 14.24178540855559 2.909818782226719
-8.947191291184339 14.17724406385114 3.430439544732769
-8.575640493491704 14.39322684245976 3.364802297283595
-13.74770965092519 10.73613615940463 4.64162176324774
-7.145701178337504 17.11523943835939 3.339115410644959
-6.801652437538547 17.53733693098707 3.363988982601446
-11.97410380387266 11.48738726664667 4.531052119522671
-14.0381995983431 10.43398680118204 2.869672338510713
-12.41847364091554 11.22825328552317 4.533780041707585
-8.382260522274699 14.56440045181673 3.942107501664361
-8.963613517544541 13.87643853047136 2.927175781317152
-10.69673198056168 13.71519001228914 3.98071168585855
-8.403499318302266 14.97787825735129 4.048156168051519
-5.66839746291253 17.40989215477993 4.091925827885052
-9.29009129816755 14.15834684438516 4.567631711440058
-5.841979818310566 16.70886105091446 3.389977280368459
-5.54838120960323 18.08800011496831 3.546626552924545
-12.46424018927861 12.01424726992738 4.558739287149595
-8.116648509270142 16.25384921902236 3.337573057522517
-10.52017022352335 12.53933575825938 4.177770295318231
-10.12598490043096 12.88871922433061 4.051935902088255
-6.152925930730646 17.08734280086599 3.409023589321459
-10.64466165087137 13.01648798924995 3.195772755068997
-5.6571964736656 17.66451117195027 2.979083477794684
-9.797047221866475 13.92110211926221 3.726715035527107
-12.27469224600117 11.50683707907102 2.983601816200692
-4.87197300676781 19.42302276109213 3.924842132096356
-9.453295878186804 13.93140223516703 3.484289243220152
-9.428580020896852 13.12539018819296 2.934555912946476
-6.660559236732297 16.58818608509636 3.44662866258505
-13.57655016226489 10.37663770165663 2.912436167172191
-6.533505977009696 16.13908254695491 3.505633778535436
-6.611578789949178 15.6253032028833 2.952147574484845
-10.15067341553395 13.46990549322392 4.120194185765062
-9.580943449099507 12.96443799285195 3.33787317739929
-9.054577541027523 12.6539557208318 3.150263036836274
-9.612967382305246 13.3995826672424 3.379902083683101
-13.02691677394087 11.47283046726578 3.383956236442563
-13.10555934894597 11.40277292793549 3.011851858495872
-5.493425034202891 17.0391739925497 3.459457034225122
-9.671994329619643 13.93611776145284 2.937379520746191
-8.255869834722606 15.38278391523485 3.7796634074685
-9.501590644546798 12.80886124866135 3.906004282009409
-4.930200341539793 17.62073129223306 4.327722282033183
-4.899505266587305 17.52925750016168 2.976101364989836
-5.823203733656426 17.56965208122601 4.588351576606898
-6.285334354185508 17.71626668684167 4.559547893849279
-5.933613869201141 18.02200201336768 4.567517739931642
-7.082138072858569 16.20244292117158 3.373604104375725
-10.91145424634475 13.51168315789505 4.386223518665658
-7.882682806260025 15.62075470077049 4.043412186996626
-3.445694055191451 19.38655743317543 3.743305825376905
-10.283863918491 13.39275016740212 2.882749100213358
-10.70114538912108 13.58240229570288 2.916590982053558
-12.07342624732932 11.90327770412424 3.811348101589174
-9.268587779202104 15.07816600090627 3.152083894715425
-5.458327448761231 18.69315662065653 4.557943076634366
-7.184289622021439 15.35794327479698 2.976247818851708
-6.719613059375117 15.11456721912127 3.018835397207948
-9.744655600483835 13.4483833133855 4.117868279845045
-11.62779464945303 12.35199793383659 3.401323362646753
-11.28204076260704 10.72257598358786 3.602272829999094
-6.811145140249707 16.01098014590381 4.093478850063728
-8.698268329574422 13.96716850934419 4.577353274833841
-11.08578727889435 12.72805446513641 3.637062241039853
-5.737899125639 16.79661231027591 2.946311616559944
-4.826817943071777 19.60764797085656 2.907926997609626
-7.685804519647604 15.71094422414492 3.48543901653048
-8.179460954629807 14.09604873262022 3.269415596361164
-7.164046979925836 15.33504692359577 3.487953025777698
-6.790835989749063 15.00173487210632 3.560706384892015
-8.228147947366107 14.83687377344097 3.408989515604913
-5.284882811762788 18.21527860925517 2.945280107438153
-4.824779510859857 19.57744102800389 4.360513768602392
-5.546853906761717 18.80240843550762 3.349427281885959
-13.36711139565401 10.46936857873011 3.69401927627983
-10.32501501247878 13.83400706070656 4.088715615790957
-3.237184897002713 18.92312274668149 3.201884886747735
-5.956009051570634 17.56358505472181 3.778382358913405
-11.5230659440555 12.34715784139682 4.578981707948373
-5.651176507812259 17.85104169230927 3.897316331202857
-11.33566965478459 12.50814737045577 3.919167129952645
-5.203345334127441 16.81783068979604 3.053746400439894
-10.62629617518291 13.75794634171354 3.2947514221882
-10.23747941311084 11.67627817327553 3.076163872151621
-10.80767926352319 11.48804701557178 3.115570693561017
-9.402572292194389 11.68959174576375 3.266222042188735
-6.724654188249261 16.56661017129946 4.071519257708111
-5.262082134910454 19.10774797132181 4.096623509377648
-10.4617494593686 12.30572553138664 2.923935464093751
-6.587615860377117 17.07569847859144 4.608597229932705
-13.40012698104636 10.90477766858782 4.647535102835504
-12.9906660463064 10.97752327363071 4.605725638689442
-11.56487146831317 12.88523488380736 4.231184649569995
-4.608347820810001 18.32999954179141 3.396070482620762
-8.127727431927649 14.22229875048619 4.520234198967389
-6.913873658938961 17.40308986043304 3.866158783093867
-9.009959235989783 12.82671355424434 4.325101755744437
-6.299115468286551 17.85765554701724 3.649202797151752
-6.449088465200926 17.89050302741372 4.122831453299863
-6.869215809441847 16.94924860194768 2.954322582179341
-13.28099892574752 11.17972012116779 3.695470091204887
-13.99381118978697 10.41504982316787 3.611929946759758
-9.561002298806393 13.20879188812406 4.556504080164959
-12.42610030578147 12.09784041084746 3.205151535656419
-4.1978974000126 18.24693349018346 3.776090154636934
-8.141825312717465 15.43707922952617 4.628979509783838
-7.545835256941263 15.08912793266762 2.940387405303771
-7.530527046414036 14.67453209149118 3.146098029156617
-7.348807548795175 16.9338551613547 2.943892008411014
-5.734439622903881 16.32068853176293 3.095710836733957
-5.385311456290388 15.75128426396462 3.358938166123889
-12.59161505402186 11.29280168792347 3.989406153353225
-8.346037194307911 14.16712212024815 3.838836851086831
-7.998129846027577 14.38007374399552 3.963797920531764
-9.290911749326455 14.41306952441608 3.417826290573866
-7.723056905941114 14.21364871527914 3.579646532034059
-9.987981549272799 14.15050264211304 3.422722386717763
-7.819499664691303 16.3865660968748 4.528285237934844
-6.141541494232964 17.01255165011499 4.098413420441572
-10.40916935611904 12.30746559998576 4.577034569093215
-10.1454435494912 11.76928013447454 4.507996845521767
-14.17368604308703 10.34386235677707 3.304205453718656
-12.23385950224518 12.24296690875473 4.402125572786512
-11.81434346552546 12.69565734819947 3.331064094237825
-5.053426650836812 18.62947419541427 2.883954225448386
-10.05544663632503 12.51779111350409 2.967119022093987
-13.64589372227584 10.36265242007036 4.590340772300904
-10.60381499127311 13.19387147300772 2.865491194171288
-8.976184957288272 14.71009634343753 2.89672650887139
-9.617837127863424 14.674331304354 3.897411273109809
-5.441780317498207 17.40848232709194 3.247478441728764
-4.656748673619783 18.60728942332682 4.127399112109909
-3.906553488192634 17.52923828236508 4.148162882871597
-11.66628256766238 11.1327943360034 3.737377143161875
-6.301124321018104 16.00259249945882 2.946096190098094
-6.214654897869067 16.89543790091405 4.617427429503274
-8.602332054530521 13.51011492007841 3.356809789493937
-7.992832590492604 12.9086321152526 3.171770141434313
-8.889892446522786 13.38459768175183 2.968709644653098
-8.857081493455055 13.90745043880074 4.041215636577043
-8.539398609614818 13.61930027139181 4.128013803164191
-12.76139784212075 11.09495345938513 3.326669837717026
-12.41985163543326 10.86275039225047 3.344938932171051
-3.884915539148665 18.72261383489582 3.694868543203937
-8.53558879352304 15.81796968485508 3.45712915247919
-6.968801826695703 16.41178450790176 2.852360363863838
-12.12006475163385 11.9989382928347 4.667575833844167
-9.752200886590281 12.83066357059726 2.924011333014069
-14.07947165654343 10.47481920923134 4.649135963514822
-8.28491473215319 13.76388297786706 2.914008375323699
-12.8518586074032 11.61896264975165 2.841294399852461
-8.866210602094984 15.50196088301784 3.553670363813414
-12.06967410573438 11.63821600224501 3.548009292634135
-12.50328958583724 10.88209843083057 4.177383523034314
-9.150893388084036 14.99942738243819 4.020226003031231
-9.101966928626574 14.59620151457755 4.251944920860082
-10.08946840403974 13.52266923848048 3.270665782416814
-5.307245089859919 18.34670374623895 4.0542882390354
-5.463292155744409 16.66860061853521 4.514521238610257
-5.279963343643054 16.07025273276737 4.271553427582718
-8.113464744319575 14.86833673919715 2.866764432207364
-4.786202614379723 18.99092775510228 2.8954323604826
-12.01813562047487 11.771806214136 2.868272037073178
-10.68156394947404 13.28644033199916 4.62080934351484
-9.187996999510926 14.53452492062767 4.632680150280249
-4.854345251196868 19.57692447801642 3.519483857726208
-9.998470161203294 12.85747805954611 4.589726827165592
-6.085282494835184 17.86450953715553 2.920110325045136
-6.230000672637811 16.32601111552661 3.68988458383944
-7.584423792674546 15.17782507890585 3.329066233219487
-13.41630118230703 10.35398797286 4.087333407728099
-6.149091131021013 18.24053070825229 3.227530618573486
-6.839853934664678 15.91382958657248 4.498972031137603
-4.409017012309672 19.05745584993716 3.416030169879615
-13.12281957312725 11.37541426817999 4.167440224978814
-7.347059249764236 15.7378354647927 2.899102395262449
-4.30806011458316 17.07138650382954 3.192142598737657
-14.10035070365165 10.34457162011457 3.985835544658835
-4.40694371008656 19.12627231790098 3.004544053596385
-11.96604988562937 11.48162541593143 3.212088030827088
-9.176866641780471 13.54813250527411 3.662047970542574
-5.82427392136989 16.29102286140431 3.524819801641729
-12.1132929372693 12.37498507125381 3.404358465243132
-7.674966808694538 15.97889579477991 4.596304266114549
-11.486670452316 12.94308748994888 3.261460340098513
-6.483706625067725 17.12215386906311 2.953974377842878
-4.225462320767807 19.04979952472823 4.035130767841985
-13.03562395748674 10.75971362203865 2.872995907544153
-8.70529077193132 14.34535353804966 4.142133734699876
-7.028794224658164 15.56022096268707 3.789961151732746
-5.280483747844137 17.55104104932715 3.999527806585058
-7.947461046454709 15.49212338385365 2.874257564203883
-4.853871569695437 18.92345644073511 3.305366524157707
-5.966696526368944 15.62571232193936 4.327568930080778
-6.04305519998773 18.38076533314317 4.256821844673247
-12.91099021606976 11.02489157005619 3.659384200599748
-6.899731761044837 15.5055447692406 4.577451558007934
-8.172412938547208 16.14025333974793 2.901953908760998
-10.91156063255991 12.79045393443009 4.277893033150562
-6.18608165955628 16.46610584186704 4.585223470529458
-3.915325760629864 19.44511510713654 3.938008087255423
-4.667847584621136 18.8851753936382 4.596904974587866
-8.144378754148104 12.56063717066493 4.200777887354099
-13.21532268222653 11.26974953066947 4.627100864376917
-12.43313844372634 11.81815685465017 3.394558074120576
-7.969160434651315 16.47394391655871 4.016146783075755
-9.32028372117011 13.91117256592691 2.829998907527624
-4.253770889074939 18.12370716033782 3.000743859010355
-12.61472148650577 11.92883273023682 4.245139509089045
-5.109845242991646 19.28188933091845 3.365884728396972
-6.956918794493482 15.83194542190121 2.858956376067534
-9.567678483809612 14.43178031490547 4.622400700622532
-11.9008487092999 11.67829435925474 4.184939441143821
-5.505906146292649 18.74925401063066 4.129418914692906
-5.160072085538763 18.20314932616522 3.579892971960247
-4.465549866566288 19.54720994422567 4.12524000839266
-5.452657044930859 18.57373146919198 2.866876206238641
-11.49091559755356 12.98946859375287 4.661512637064841
-13.04258359297047 11.04446880547348 4.05506494075124
-13.48516318501123 11.01562793898499 3.25031667903651
-4.687582009097021 17.90501122134342 4.581804628722393
-10.51872717821895 13.03329162967405 3.839284471772224
-11.32573928543159 11.57966402441036 3.828704144367767
-6.538638196863296 17.03143668059157 3.788179824060481
-11.2829507980795 12.64364182316453 2.846430048169469
-11.93987446093167 12.57929432263446 3.657759840260866
-5.380605092645274 18.01604819051093 4.606970179887195
-11.50951625450943 12.99709218284248 3.839014744876589
-10.57463304465586 13.31416566876665 4.134327839081718
-10.96958283117836 12.91896581227456 2.846237728768212
-5.419118518157495 17.1552933324837 3.861035873548909
-5.99284799136627 17.45976351972052 2.86192922223268
-11.82638715599718 11.96544560063832 3.107538312389856
-4.865402702378869 18.97569146650623 4.046520549185005
-5.661190706689853 18.06408329692024 2.891274405934773
-7.745088403613494 15.29895219327322 4.19658879967092
-6.541604496099868 16.24875127299965 4.626730249925217
-5.113952353282576 16.82640096581837 3.67521823450446
-10.35048827400967 13.59909023064289 3.524637537400214
-13.53369395591916 10.35025271171548 3.367834049961655
-12.01839468080581 12.52360465182965 4.351492612416661
-9.491622212339404 14.2694535156084 2.877095658746144
-6.229919498571391 16.43448874080515 2.883752574166446
-7.17400732091297 16.55353015349844 3.594354695472525
-9.369439099017573 14.19111083643241 3.868327748182366
-4.459604788825411 19.62665673141312 3.395946899383431
-12.29477942283571 11.71897139368792 4.581007911716682
-10.35726775378475 12.7571119755322 4.420259229518117
-10.41202682181093 12.67470510913363 2.849676180092619
-6.120120344942343 17.48479002378714 3.423273383270551
-13.23484862314781 10.76685693832629 4.154989749509181
-6.046047845563571 17.37924415305746 4.096966679400033
-11.42409610673412 11.99364238311905 4.151844987804403
-8.483020024535605 14.93350754601085 2.820820174276641
-7.332331720638997 14.83378059196525 4.044196497713209
-10.53918937455408 11.56524654413061 4.175883982239704
-12.76529349874319 11.3660881067768 3.562078648829619
-14.33969607055975 10.28827359237586 2.843360927492675
-13.36150283303593 11.19392616983462 4.019622747033074
-12.08258863256547 12.42654128668516 2.828182228987047
-10.32827268980044 13.43876810520469 4.671670422106832
-7.684119514799939 15.86368997253143 3.831732443799329
-12.95643648922729 11.64909800744718 3.134916403933716
-11.18174189113191 12.51375726698618 4.232594196598097
-10.93186679658068 13.56562543052068 3.207277423081787
-11.60799743461717 12.3041341208936 3.847759651889507
-11.00373630677219 12.63094069345583 4.663499100713082
-13.76282016602667 10.82533961526149 3.186855589909087
-8.784275406210202 15.1030165402785 4.356933107295382
-13.77169539703821 10.81033554201346 4.308556979249655
-11.88609749149739 12.15018665857785 2.811979469661824
-12.60225194206519 11.95758582208039 3.650049238117558
-12.28137752440691 12.31810423026745 3.810561561496113
-10.84551478841096 12.27076809054726 2.810440474726211
-11.22944342158265 13.21748429134155 4.198722147423615
-8.432262000091306 15.01134871162522 3.168859056768002
-2.493065286001883 18.95896235439232 3.966980234938367
-9.450076050615245 13.16507374490601 3.688584122449258
-10.92845170332296 11.25093955854412 4.506588095165275
-10.24883986238511 10.71051708713949 4.24910446316203
-7.875218108645026 14.67032581482359 3.468198681934727
-7.180868157350137 17.10572922469281 4.109488475357317
-12.50870552683859 10.34935274637569 3.445781633223859
-8.754890994025683 13.0310239463008 3.303912218630658
-10.80815344593491 11.9978897968904 3.953384719754166
-7.898702331872567 15.30016819374792 3.860712816557851
-13.01321266629571 10.38989958627181 3.931623719353056
-10.00381098152832 13.29387828285128 4.687398166311817
-10.97964483463721 12.98888491141325 3.301746020632575
-5.489286882364828 18.96695037220486 3.750500072592331
-5.518008552816566 17.3015208232877 2.863865394331224
-11.42815447786464 12.4722045084092 3.134756664982878
-8.557870975231261 14.31130752880203 4.666869204801036
-11.66320306164175 10.67315994320691 4.065697073101186
-12.13407590391638 10.41970978867471 4.408789937243037
-9.681521722126508 13.41228647571408 2.841425983500158
-7.25752642527274 15.84588674593207 4.134795197445125
-5.102650179917147 17.5882890094093 3.609358227952449
-4.704431398397514 17.52155680362285 3.391361392725766
-9.171508303291844 13.43447498339094 4.57495891418858
-7.189797408706649 14.79613197284834 4.586505622173664
-10.27484849843805 13.16144627632544 4.220211052158383
-9.992505440664829 12.09495953253318 3.262634890465342
-12.74194187653956 11.8668467264517 3.221553061390352
-12.89971041216208 11.66821380395526 3.768353623166106
-13.14980840077867 10.57097494887419 4.620050707971515
-4.036568655350532 19.56140056094253 3.518350881043541
-7.025004219301945 16.16439061196089 4.656167378025945
-14.23018809541725 10.33417882694435 4.371280765100953
-6.303072399265059 16.67156064463449 4.29613041487683
-7.359605991640468 15.00848368435837 3.615157783374828
-7.734991207213906 15.00870342704371 3.628777643580066
-10.69147681430576 13.66306564260688 4.654075746089241
-7.610203447682242 14.80909641883551 4.543835160879312
-4.472062427590163 19.66559433749389 4.500926807867309
-4.402932428634212 19.29661735342609 4.623418359876061
-5.758685503345628 17.00435235311796 4.146090029048212
-8.48647017571189 14.70210675531647 4.681441367564434
-9.281274188307897 13.80857841598451 4.65317511804701
-5.668413467266857 18.22596117362339 3.989051902512224
-5.351897979469205 17.85395166010177 2.874123594354411
-7.360231325192924 16.99388214749239 3.713872021424435
-12.1368438078996 12.40013568547931 4.707297432689693
-5.225405018069866 18.37807855779373 4.658553761978109
-6.342945479939743 18.14025146073327 4.466490105245034
-8.057711960668737 15.98486088816431 4.035736634149025
-5.046364570592248 19.28453946072423 2.849967646520708
-6.399358899272542 17.27575155474301 4.168395709346549
-8.64751594043895 14.55453161359507 2.818891741888519
-9.294707382413304 13.58490172165002 4.027087215937455
-12.33636408790591 10.49918391019131 2.963996349874393
-7.184854212464128 16.17362776151856 3.714952566589206
-7.620844766168808 15.2693380795357 4.630734622299034
-13.22100109718516 10.78363951775125 3.459975816552098
-8.160520312624602 14.4981728915737 2.84126583386734
-9.07886108139121 14.29585141970444 3.722463413270198
-4.731409332729273 19.20897086993301 3.581863570527111
-5.163580357844834 18.6503499250018 3.834719135682774
-10.21704125749194 11.57224656632002 3.668120145741249
-7.982597269888302 14.75545198456505 4.65445903335864
-7.741519297174392 14.40061104064282 4.598815016384687
$EndNodes
$Elements
11 23216 1 23216
0 1 15 123
21791 1
21792 2
21793 3
21794 4
21795 5
21796 6
21797 7
21798 8
21799 9
21800 10
21801 11
21802 12
21803 19
21804 20
21805 27
21806 28
21807 29
21808 30
21809 31
21810 32
21811 33
21812 34
21813 35
21814 36
21815 37
21816 38
21817 39
21818 40
21819 41
21820 42
21821 43
21822 44
21823 45
21824 46
21825 47
21826 48
21827 49
21828 150
21829 151
21830 152
21831 153
21832 154
21833 155
21834 156
21835 157
21836 158
21837 159
21838 160
21839 161
21840 162
21841 163
21842 164
21843 165
21844 248
21845 249
21846 250
21847 251
21848 252
21849 253
21850 254
21851 255
21852 256
21853 257
21854 258
21855 259
21856 420
21857 421
21858 422
21859 423
21860 424
21861 425
21862 426
21863 427
21864 428
21865 429
21866 430
21867 431
21868 432
21869 433
21870 434
21871 435
21872 436
21873 437
21874 438
21875 439
21876 440
21877 441
21878 442
21879 741
21880 742
21881 743
21882 744
21883 745
21884 746
21885 747
21886 748
21887 749
21888 750
21889 751
21890 752
21891 753
21892 754
21893 755
21894 756
21895 757
21896 758
21897 759
21898 760
21899 1061
21900 1062
21901 1063
21902 1064
21903 1065
21904 1066
21905 1067
21906 1068
21907 1069
21908 1070
21909 1071
21910 1072
21911 1073
21912 1074
21913 1075
0 2 15 1155
21914 1
21915 2
21916 3
21917 4
21918 5
21919 6
21920 7
21921 8
21922 9
21923 10
21924 11
21925 12
21926 13
21927 14
21928 15
21929 16
21930 19
21931 20
21932 21
21933 22
21934 24
21935 26
21936 27
21937 28
21938 29
21939 30
21940 34
21941 35
21942 36
21943 37
21944 42
21945 43
21946 46
21947 47
21948 50
21949 51
21950 52
21951 53
21952 54
21953 55
21954 56
21955 57
21956 58
21957 59
21958 60
21959 61
21960 62
21961 63
21962 64
21963 65
21964 66
21965 67
21966 68
21967 69
21968 70
21969 71
21970 72
21971 73
21972 74
21973 75
21974 76
21975 77
21976 78
21977 79
21978 80
21979 81
21980 82
21981 83
21982 84
21983 85
21984 86
21985 87
21986 88
21987 89
21988 90
21989 91
21990 92
21991 93
21992 94
21993 95
21994 96
21995 97
21996 98
21997 99
21998 100
21999 101
22000 102
22001 103
22002 104
22003 105
22004 106
22005 107
22006 108
22007 109
22008 110
22009 111
22010 112
22011 113
22012 114
22013 115
22014 116
22015 117
22016 118
22017 119
22018 120
22019 121
22020 122
22021 123
22022 124
22023 125
22024 126
22025 127
22026 128
22027 129
22028 130
22029 131
22030 132
22031 133
22032 134
22033 135
22034 136
22035 137
22036 138
22037 139
22038 140
22039 141
22040 142
22041 143
22042 144
22043 145
22044 146
22045 147
22046 148
22047 149
22048 150
22049 151
22050 152
22051 156
22052 157
22053 158
22054 159
22055 160
22056 164
22057 165
22058 166
22059 167
22060 168
22061 169
22062 170
22063 171
22064 172
22065 173
22066 174
22067 175
22068 176
22069 177
22070 178
22071 179
22072 180
22073 181
22074 182
22075 183
22076 184
22077 185
22078 186
22079 187
22080 188
22081 189
22082 190
22083 191
22084 192
22085 193
22086 194
22087 195
22088 196
22089 197
22090 198
22091 199
22092 200
22093 201
22094 202
22095 203
22096 204
22097 205
22098 206
22099 207
22100 208
22101 209
22102 210
22103 211
22104 212
22105 213
22106 214
22107 215
22108 216
22109 217
22110 218
22111 219
22112 220
22113 221
22114 222
22115 223
22116 224
22117 225
22118 248
22119 249
22120 250
22121 251
22122 252
22123 255
22124 256
22125 257
22126 258
22127 259
22128 260
22129 261
22130 262
22131 263
22132 264
22133 265
22134 266
22135 267
22136 268
22137 269
22138 270
22139 271
22140 272
22141 273
22142 274
22143 277
22144 278
22145 279
22146 280
22147 281
22148 282
22149 283
22150 291
22151 292
22152 293
22153 294
22154 295
22155 296
22156 297
22157 298
22158 299
22159 300
22160 301
22161 302
22162 303
22163 304
22164 305
22165 306
22166 307
22167 308
22168 309
22169 310
22170 311
22171 312
22172 313
22173 314
22174 315
22175 316
22176 317
22177 318
22178 319
22179 320
22180 321
22181 322
22182 323
22183 324
22184 325
22185 326
22186 327
22187 328
22188 329
22189 375
22190 376
22191 377
22192 378
22193 379
22194 380
22195 381
22196 382
22197 383
22198 384
22199 385
22200 386
22201 387
22202 388
22203 389
22204 390
22205 391
22206 392
22207 393
22208 394
22209 395
22210 396
22211 397
22212 398
22213 399
22214 400
22215 401
22216 402
22217 403
22218 404
22219 405
22220 406
22221 407
22222 408
22223 409
22224 410
22225 411
22226 412
22227 413
22228 443
22229 444
22230 445
22231 446
22232 447
22233 448
22234 449
22235 450
22236 451
22237 452
22238 453
22239 454
22240 455
22241 456
22242 457
22243 458
22244 459
22245 460
22246 461
22247 462
22248 463
22249 464
22250 465
22251 466
22252 467
22253 468
22254 469
22255 470
22256 471
22257 472
22258 473
22259 474
22260 475
22261 476
22262 477
22263 478
22264 479
22265 480
22266 481
22267 482
22268 483
22269 484
22270 485
22271 486
22272 487
22273 488
22274 489
22275 490
22276 491
22277 492
22278 493
22279 494
22280 495
22281 496
22282 497
22283 498
22284 499
22285 500
22286 501
22287 502
22288 503
22289 504
22290 505
22291 506
22292 507
22293 508
22294 509
22295 510
22296 511
22297 512
22298 513
22299 514
22300 515
22301 516
22302 517
22303 518
22304 519
22305 520
22306 521
22307 522
22308 523
22309 524
22310 525
22311 526
22312 527
22313 528
22314 529
22315 530
22316 531
22317 532
22318 533
22319 534
22320 535
22321 536
22322 537
22323 538
22324 539
22325 540
22326 541
22327 542
22328 543
22329 544
22330 545
22331 546
22332 547
22333 548
22334 549
22335 550
22336 551
22337 552
22338 553
22339 554
22340 555
22341 556
22342 557
22343 558
22344 559
22345 560
22346 561
22347 562
22348 563
22349 564
22350 565
22351 566
22352 567
22353 568
22354 569
22355 570
22356 571
22357 572
22358 573
22359 574
22360 575
22361 576
22362 577
22363 578
22364 579
22365 580
22366 581
22367 582
22368 583
22369 584
22370 585
22371 586
22372 587
22373 588
22374 589
22375 590
22376 591
22377 592
22378 761
22379 762
22380 763
22381 764
22382 765
22383 766
22384 767
22385 768
22386 769
22387 770
22388 771
22389 772
22390 773
22391 774
22392 775
22393 776
22394 777
22395 778
22396 779
22397 780
22398 781
22399 782
22400 783
22401 784
22402 785
22403 786
22404 787
22405 788
22406 789
22407 790
22408 791
22409 792
22410 793
22411 794
22412 795
22413 796
22414 797
22415 798
22416 799
22417 800
22418 801
22419 802
22420 803
22421 804
22422 805
22423 806
22424 807
22425 808
22426 809
22427 810
22428 811
22429 812
22430 813
22431 814
22432 815
22433 816
22434 817
22435 818
22436 819
22437 820
22438 821
22439 822
22440 823
22441 824
22442 825
22443 826
22444 827
22445 828
22446 829
22447 830
22448 831
22449 832
22450 833
22451 834
22452 835
22453 836
22454 837
22455 838
22456 839
22457 840
22458 841
22459 842
22460 843
22461 844
22462 845
22463 846
22464 847
22465 848
22466 849
22467 850
22468 851
22469 852
22470 853
22471 854
22472 855
22473 856
22474 857
22475 858
22476 859
22477 860
22478 861
22479 862
22480 863
22481 864
22482 865
22483 866
22484 867
22485 868
22486 869
22487 870
22488 871
22489 872
22490 873
22491 874
22492 875
22493 876
22494 877
22495 878
22496 879
22497 880
22498 881
22499 882
22500 883
22501 884
22502 885
22503 886
22504 887
22505 888
22506 889
22507 890
22508 891
22509 892
22510 893
22511 1076
22512 1077
22513 1078
22514 1079
22515 1080
22516 1081
22517 1082
22518 1083
22519 1084
22520 1085
22521 1086
22522 1087
22523 1088
22524 1089
22525 1090
22526 1091
22527 1092
22528 1093
22529 1094
22530 1095
22531 1096
22532 1097
22533 1098
22534 1099
22535 1100
22536 1101
22537 1102
22538 1103
22539 1104
22540 1105
22541 1106
22542 1107
22543 1108
22544 1109
22545 1110
22546 1111
22547 1112
22548 1113
22549 1114
22550 1115
22551 1116
22552 1117
22553 1118
22554 1119
22555 1120
22556 1121
22557 1131
22558 1132
22559 1133
22560 1134
22561 1135
22562 1136
22563 1137
22564 1138
22565 1139
22566 1140
22567 1141
22568 1142
22569 1143
22570 1144
22571 1145
22572 1146
22573 1147
22574 1148
22575 1149
22576 1150
22577 1151
22578 1152
22579 1153
22580 1154
22581 1155
22582 1156
22583 1157
22584 1158
22585 1159
22586 1160
22587 1161
22588 1162
22589 1163
22590 1164
22591 1165
22592 1166
22593 1167
22594 1168
22595 1169
22596 1170
22597 1171
22598 1172
22599 1173
22600 1174
22601 1175
22602 1176
22603 1193
22604 1194
22605 1195
22606 1196
22607 1197
22608 1198
22609 1199
22610 1200
22611 1201
22612 1202
22613 1203
22614 1204
22615 1205
22616 1206
22617 1207
22618 1208
22619 1209
22620 1210
22621 1211
22622 1212
22623 1213
22624 1214
22625 1215
22626 1216
22627 1217
22628 1218
22629 1219
22630 1220
22631 1221
22632 1222
22633 1223
22634 1224
22635 1225
22636 1226
22637 1227
22638 1228
22639 1229
22640 1230
22641 1231
22642 1232
22643 1233
22644 1234
22645 1235
22646 1236
22647 1237
22648 1238
22649 1239
22650 1240
22651 1241
22652 1242
22653 1243
22654 1244
22655 1245
22656 1246
22657 1247
22658 1248
22659 1249
22660 1250
22661 1251
22662 1252
22663 1253
22664 1254
22665 1255
22666 1256
22667 1257
22668 1258
22669 1259
22670 1260
22671 1261
22672 1262
22673 1263
22674 1264
22675 1265
22676 1266
22677 1267
22678 1268
22679 1269
22680 1270
22681 1271
22682 1272
22683 1273
22684 1274
22685 1275
22686 1276
22687 1277
22688 1278
22689 1279
22690 1280
22691 1281
22692 1282
22693 1283
22694 1284
22695 1285
22696 1286
22697 1287
22698 1288
22699 1289
22700 1290
22701 1291
22702 1292
22703 1293
22704 1294
22705 1295
22706 1296
22707 1297
22708 1298
22709 1299
22710 1300
22711 1301
22712 1302
22713 1303
22714 1304
22715 1305
22716 1306
22717 1307
22718 1308
22719 1309
22720 1310
22721 1311
22722 1312
22723 1313
22724 1314
22725 1315
22726 1316
22727 1317
22728 1318
22729 1319
22730 1320
22731 1321
22732 1322
22733 1323
22734 1324
22735 1325
22736 1326
22737 1327
22738 1328
22739 1329
22740 1330
22741 1331
22742 1332
22743 1333
22744 1334
22745 1335
22746 1336
22747 1337
22748 1338
22749 1339
22750 1340
22751 1341
22752 1342
22753 1343
22754 1344
22755 1345
22756 1346
22757 1347
22758 1348
22759 1349
22760 1350
22761 1351
22762 1352
22763 1353
22764 1354
22765 1355
22766 1356
22767 1357
22768 1358
22769 1359
22770 1360
22771 1361
22772 1362
22773 1363
22774 1364
22775 1365
22776 1366
22777 1367
22778 1368
22779 1369
22780 1370
22781 1371
22782 1372
22783 1373
22784 1374
22785 1375
22786 1376
22787 1377
22788 1378
22789 1379
22790 1380
22791 1381
22792 1382
22793 1383
22794 1384
22795 1385
22796 1386
22797 1387
22798 1388
22799 1389
22800 1390
22801 1391
22802 1392
22803 1393
22804 1394
22805 1395
22806 1396
22807 1397
22808 1398
22809 1399
22810 1400
22811 1401
22812 1402
22813 1403
22814 1404
22815 1405
22816 1406
22817 1407
22818 1408
22819 1409
22820 1410
22821 1411
22822 1412
22823 1413
22824 1414
22825 1415
22826 1416
22827 1417
22828 1418
22829 1419
22830 1420
22831 1421
22832 1422
22833 1423
22834 1914
22835 1915
22836 1916
22837 1917
22838 1918
22839 1919
22840 1920
22841 1921
22842 1922
22843 1923
22844 1924
22845 1925
22846 1926
22847 1927
22848 1928
22849 1929
22850 1930
22851 1931
22852 1932
22853 1933
22854 1934
22855 1935
22856 1936
22857 1937
22858 1938
22859 1939
22860 1940
22861 1941
22862 1942
22863 1943
22864 1944
22865 1945
22866 1946
22867 1947
22868 1948
22869 1949
22870 1950
22871 1951
22872 1952
22873 1953
22874 1954
22875 1955
22876 1956
22877 1957
22878 1958
22879 1959
22880 1960
22881 1961
22882 1962
22883 1963
22884 1964
22885 1965
22886 1966
22887 1967
22888 1968
22889 1969
22890 1970
22891 1971
22892 1972
22893 1973
22894 1974
22895 1975
22896 1976
22897 1977
22898 1978
22899 1979
22900 1980
22901 1981
22902 1982
22903 1983
22904 1984
22905 1985
22906 1986
22907 1987
22908 1988
22909 1989
22910 1990
22911 1991
22912 1992
22913 1993
22914 1994
22915 1995
22916 1996
22917 1997
22918 1998
22919 1999
22920 2000
22921 2001
22922 2002
22923 2003
22924 2004
22925 2005
22926 2006
22927 2007
22928 2008
22929 2009
22930 2010
22931 2011
22932 2012
22933 2013
22934 2014
22935 2015
22936 2016
22937 2017
22938 2018
22939 2019
22940 2020
22941 2021
22942 2022
22943 2023
22944 2024
22945 2025
22946 2026
22947 2027
22948 2028
22949 2029
22950 2030
22951 2031
22952 2032
22953 2033
22954 2034
22955 2035
22956 2036
22957 2037
22958 2038
22959 2039
22960 2040
22961 2041
22962 2042
22963 2043
22964 2044
22965 2045
22966 2046
22967 2047
22968 2048
22969 2049
22970 2050
22971 2051
22972 2052
22973 2053
22974 2054
22975 2055
22976 2056
22977 2057
22978 2058
22979 2059
22980 2060
22981 2061
22982 2062
22983 2063
22984 2064
22985 2065
22986 2066
22987 2067
22988 2068
22989 2069
22990 2070
22991 2071
22992 2072
22993 2073
22994 2074
22995 2075
22996 2076
22997 2077
22998 2078
22999 2079
23000 2080
23001 2081
23002 2082
23003 2083
23004 2084
23005 2085
23006 2086
23007 2087
23008 2088
23009 2089
23010 2090
23011 2091
23012 2092
23013 2093
23014 2094
23015 2095
23016 2096
23017 2097
23018 2098
23019 2099
23020 2100
23021 2101
23022 2102
23023 2103
23024 2104
23025 2105
23026 2106
23027 2107
23028 2108
23029 2109
23030 2110
23031 2111
23032 2112
23033 2113
23034 2114
23035 2115
23036 2116
23037 2117
23038 2118
23039 2119
23040 2120
23041 2121
23042 2122
23043 2123
23044 2124
23045 2125
23046 2126
23047 2127
23048 2128
23049 2129
23050 2130
23051 2131
23052 2132
23053 2133
23054 2134
23055 2135
23056 2136
23057 2137
23058 2138
23059 2139
23060 2140
23061 2141
23062 2142
23063 2143
23064 2144
23065 2145
23066 2146
23067 2147
23068 2148
0 3 15 148
23069 1
23070 4
23071 5
23072 8
23073 38
23074 39
23075 40
23076 41
23077 48
23078 49
23079 50
23080 51
23081 52
23082 53
23083 54
23084 55
23085 56
23086 57
23087 58
23088 59
23089 60
23090 61
23091 62
23092 63
23093 64
23094 65
23095 66
23096 67
23097 68
23098 69
23099 70
23100 71
23101 72
23102 73
23103 74
23104 75
23105 100
23106 101
23107 102
23108 103
23109 104
23110 105
23111 106
23112 107
23113 108
23114 109
23115 110
23116 111
23117 112
23118 113
23119 114
23120 115
23121 116
23122 117
23123 118
23124 119
23125 120
23126 121
23127 122
23128 123
23129 124
23130 125
23131 593
23132 594
23133 595
23134 596
23135 597
23136 598
23137 599
23138 600
23139 601
23140 602
23141 603
23142 604
23143 605
23144 606
23145 607
23146 608
23147 609
23148 610
23149 611
23150 612
23151 613
23152 614
23153 615
23154 616
23155 617
23156 618
23157 619
23158 620
23159 621
23160 622
23161 623
23162 624
23163 625
23164 626
23165 627
23166 628
23167 629
23168 630
23169 631
23170 632
23171 633
23172 634
23173 635
23174 636
23175 637
23176 638
23177 639
23178 640
23179 641
23180 642
23181 643
23182 644
23183 645
23184 646
23185 647
23186 648
23187 649
23188 650
23189 651
23190 652
23191 653
23192 654
23193 655
23194 656
23195 657
23196 658
23197 659
23198 660
23199 661
23200 662
23201 663
23202 664
23203 665
23204 666
23205 667
23206 668
23207 669
23208 670
23209 671
23210 672
23211 673
23212 674
23213 675
23214 676
23215 677
23216 678
2 1 2 138
16814 420 1 27
16815 38 1 420
16816 30 2 430
16817 430 2 31
16818 33 3 435
16819 435 3 37
16820 34 4 431
16821 4 41 431
16822 27 28 421
16823 420 27 421
16824 428 28 29
16825 421 28 428
16826 429 29 30
16827 429 428 29
16828 430 429 30
16829 430 31 32
16830 32 33 436
16831 32 423 430
16832 32 436 423
16833 436 33 435
16834 433 35 34
16835 433 34 431
16836 36 35 434
16837 434 35 433
16838 435 37 36
16839 36 434 435
16840 422 39 38
16841 422 38 420
16842 432 40 39
16843 422 432 39
16844 41 40 431
16845 40 432 431
16846 420 421 422
16847 421 432 422
16848 424 421 428
16849 432 421 424
16850 423 424 425
16851 423 426 424
16852 423 425 430
16853 426 423 436
16854 424 428 425
16855 426 427 424
16856 432 424 427
16857 428 429 425
16858 429 430 425
16859 426 434 427
16860 426 435 434
16861 426 436 435
16862 427 433 432
16863 434 433 427
16864 431 432 433
17714 745 31 2
17715 150 745 2
17716 3 33 743
17717 3 743 156
17718 9 748 152
17719 153 748 9
17720 10 752 155
17721 158 752 10
17722 744 32 31
17723 747 744 31
17724 745 747 31
17725 33 32 744
17726 33 741 743
17727 33 744 741
17728 745 150 151
17729 746 151 152
17730 745 151 746
17731 750 746 152
17732 748 750 152
17733 748 153 154
17734 154 155 752
17735 748 154 749
17736 749 154 752
17737 157 156 743
17738 158 157 742
17739 742 157 743
17740 158 742 751
17741 158 751 752
17742 741 742 743
17743 742 741 753
17744 753 741 744
17745 753 751 742
17746 744 747 753
17747 745 746 747
17748 753 747 746
17749 746 750 753
17750 748 749 750
17751 753 750 749
17752 751 749 752
17753 749 751 753
18625 1068 153 9
18626 248 1068 9
18627 10 155 1071
18628 10 1071 255
18629 252 19 1072
18630 1072 19 253
18631 20 1065 254
18632 259 1065 20
18633 154 153 1068
18634 1071 155 154
18635 1067 154 1068
18636 1071 154 1067
18637 248 249 1066
18638 248 1066 1068
18639 249 250 1075
18640 249 1075 1066
18641 250 251 1062
18642 250 1062 1075
18643 251 252 1063
18644 1063 1062 251
18645 1063 252 1072
18646 253 254 1065
18647 1065 1072 253
18648 1070 256 255
18649 1071 1070 255
18650 257 256 1073
18651 1070 1073 256
18652 1074 258 257
18653 1073 1074 257
18654 1061 259 258
18655 1074 1061 258
18656 1065 259 1061
18657 1061 1062 1063
18658 1061 1064 1062
18659 1065 1061 1063
18660 1064 1061 1074
18661 1064 1075 1062
18662 1072 1065 1063
18663 1069 1064 1073
18664 1075 1064 1069
18665 1074 1073 1064
18666 1066 1067 1068
18667 1067 1066 1069
18668 1069 1066 1075
18669 1069 1070 1067
18670 1071 1067 1070
18671 1073 1070 1069
2 2 2 47
16865 42 5 48
16866 43 441 6
16867 441 44 6
16868 45 438 7
16869 438 47 7
16870 439 8 46
16871 49 8 439
16872 442 43 42
16873 48 442 42
16874 442 441 43
16875 441 45 44
16876 438 45 437
16877 45 441 437
16878 47 439 46
16879 438 439 47
16880 49 440 48
16881 48 440 442
16882 49 439 440
16883 437 439 438
16884 437 440 439
16885 440 437 442
16886 437 441 442
17754 44 754 6
17755 754 159 6
17756 757 45 7
17757 164 757 7
17758 759 11 160
17759 161 11 759
17760 760 12 163
17761 165 12 760
17762 45 756 44
17763 756 754 44
17764 757 756 45
17765 159 755 160
17766 754 755 159
17767 759 160 755
17768 759 162 161
17769 162 760 163
17770 759 755 162
17771 760 162 755
17772 758 164 165
17773 757 164 758
17774 165 760 758
17775 754 756 755
17776 755 756 758
17777 758 760 755
17778 757 758 756
2 3 2 1043
16887 27 1 470
16888 470 1 50
16889 477 2 30
16890 76 2 477
16891 452 5 42
16892 75 5 452
16893 43 6 480
16894 480 6 99
16895 28 27 470
16896 29 28 478
16897 472 28 470
16898 478 28 472
16899 30 29 477
16900 29 478 477
16901 42 43 480
16902 42 480 452
16903 50 51 471
16904 470 50 471
16905 51 52 461
16906 51 461 471
16907 52 53 504
16908 52 504 461
16909 53 54 503
16910 53 503 504
16911 54 55 499
16912 54 499 503
16913 55 56 500
16914 55 500 499
16915 444 56 57
16916 500 56 444
16917 443 57 58
16918 443 444 57
16919 475 58 59
16920 475 443 58
16921 501 59 60
16922 501 475 59
16923 507 60 61
16924 507 501 60
16925 491 61 62
16926 491 507 61
16927 492 62 63
16928 492 491 62
16929 63 64 493
16930 493 492 63
16931 64 65 513
16932 493 64 488
16933 64 513 488
16934 65 66 479
16935 65 479 513
16936 66 67 450
16937 66 450 479
16938 449 67 68
16939 449 450 67
16940 456 68 69
16941 68 456 449
16942 457 69 70
16943 456 69 457
16944 462 70 71
16945 457 70 462
16946 464 71 72
16947 462 71 464
16948 505 72 73
16949 464 72 505
16950 73 74 510
16951 73 510 505
16952 74 75 451
16953 74 451 510
16954 451 75 452
16955 77 76 469
16956 477 469 76
16957 78 77 467
16958 77 469 467
16959 79 78 495
16960 78 467 495
16961 80 79 509
16962 79 495 509
16963 81 80 508
16964 80 509 508
16965 82 81 445
16966 81 508 445
16967 83 82 448
16968 448 82 445
16969 84 83 497
16970 485 83 448
16971 485 497 83
16972 496 85 84
16973 496 84 497
16974 516 86 85
16975 496 516 85
16976 515 87 86
16977 516 515 86
16978 466 88 87
16979 515 466 87
16980 465 89 88
16981 465 88 466
16982 90 89 489
16983 89 465 489
16984 91 90 514
16985 90 489 514
16986 92 91 483
16987 91 514 483
16988 93 92 482
16989 482 92 483
16990 455 94 93
16991 455 93 482
16992 454 95 94
16993 454 94 455
16994 96 95 463
16995 463 95 454
16996 97 96 506
16997 506 96 463
16998 98 97 510
16999 506 510 97
17000 481 99 98
17001 98 510 481
17002 480 99 481
17003 447 444 443
17004 443 476 447
17005 443 475 476
17006 447 446 444
17007 500 444 446
17008 445 446 447
17009 445 508 446
17010 447 448 445
17011 446 498 499
17012 508 498 446
17013 499 500 446
17014 447 485 448
17015 447 476 485
17016 449 484 450
17017 449 456 517
17018 449 517 484
17019 479 450 512
17020 450 484 483
17021 512 450 483
17022 451 452 480
17023 480 481 451
17024 481 510 451
17025 453 454 455
17026 462 454 453
17027 455 517 453
17028 453 456 457
17029 517 456 453
17030 453 457 462
17031 463 454 462
17032 517 455 482
17033 458 459 460
17034 468 459 458
17035 467 458 460
17036 467 468 458
17037 461 460 459
17038 471 461 459
17039 468 478 459
17040 459 472 471
17041 478 472 459
17042 461 504 460
17043 495 467 460
17044 460 494 495
17045 504 494 460
17046 462 464 463
17047 464 506 463
17048 464 505 506
17049 490 465 466
17050 489 465 487
17051 465 490 487
17052 490 466 515
17053 468 467 469
17054 468 469 477
17055 468 477 478
17056 472 470 471
17057 473 474 475
17058 474 473 496
17059 473 475 501
17060 473 502 496
17061 501 502 473
17062 475 474 476
17063 476 474 485
17064 497 485 474
17065 496 497 474
17066 512 513 479
17067 482 483 484
17068 484 517 482
17069 512 483 514
17070 486 487 488
17071 489 487 486
17072 486 488 513
17073 486 514 489
17074 512 486 513
17075 514 486 512
17076 487 493 488
17077 487 490 493
17078 490 491 492
17079 490 511 491
17080 490 492 493
17081 515 511 490
17082 511 507 491
17083 509 495 494
17084 503 498 494
17085 494 498 509
17086 504 503 494
17087 502 516 496
17088 503 499 498
17089 508 509 498
17090 502 501 507
17091 511 502 507
17092 516 502 511
17093 505 510 506
17094 511 515 516
17779 2 76 794
17780 2 794 150
17781 99 6 784
17782 784 6 159
17783 765 9 152
17784 166 9 765
17785 826 160 11
17786 11 195 826
17787 13 177 806
17788 178 13 818
17789 818 13 806
17790 771 14 185
17791 771 186 14
17792 793 76 77
17793 76 793 794
17794 77 78 785
17795 77 785 793
17796 825 78 79
17797 785 78 825
17798 798 79 80
17799 79 798 786
17800 79 786 825
17801 798 80 81
17802 809 81 82
17803 789 798 81
17804 789 81 809
17805 813 82 83
17806 813 809 82
17807 814 83 84
17808 814 813 83
17809 84 85 816
17810 816 814 84
17811 788 85 86
17812 816 85 788
17813 86 87 776
17814 776 788 86
17815 87 88 777
17816 776 87 777
17817 807 88 89
17818 807 777 88
17819 804 89 90
17820 804 807 89
17821 821 90 91
17822 804 90 821
17823 820 91 92
17824 821 91 820
17825 823 92 93
17826 820 92 823
17827 93 94 802
17828 93 802 823
17829 797 94 95
17830 797 802 94
17831 95 96 795
17832 95 795 797
17833 96 97 812
17834 795 96 812
17835 803 97 98
17836 812 97 803
17837 98 99 783
17838 783 782 98
17839 803 98 782
17840 783 99 784
17841 151 150 794
17842 151 766 152
17843 766 151 794
17844 765 152 766
17845 781 159 160
17846 781 784 159
17847 781 160 826
17848 767 167 166
17849 767 166 765
17850 168 167 772
17851 767 772 167
17852 169 168 815
17853 168 772 815
17854 170 169 819
17855 819 169 815
17856 171 170 792
17857 792 170 819
17858 761 172 171
17859 792 761 171
17860 763 173 172
17861 172 761 763
17862 824 174 173
17863 173 763 824
17864 175 174 811
17865 174 824 811
17866 176 175 779
17867 778 779 175
17868 175 811 778
17869 177 176 817
17870 779 817 176
17871 177 817 806
17872 179 178 818
17873 180 179 770
17874 770 179 818
17875 181 180 770
17876 182 181 770
17877 183 182 770
17878 771 184 183
17879 183 770 771
17880 185 184 771
17881 787 187 186
17882 787 186 771
17883 188 187 787
17884 800 189 188
17885 188 787 800
17886 190 189 800
17887 191 190 796
17888 800 796 190
17889 192 191 768
17890 768 191 796
17891 769 193 192
17892 192 768 769
17893 801 194 193
17894 801 193 769
17895 781 195 194
17896 781 194 801
17897 826 195 781
17898 761 762 763
17899 790 762 761
17900 790 761 792
17901 762 764 763
17902 764 762 813
17903 813 762 790
17904 824 763 764
17905 810 764 816
17906 824 764 810
17907 764 813 814
17908 764 814 816
17909 765 766 767
17910 773 767 766
17911 773 766 793
17912 793 766 794
17913 773 772 767
17914 769 768 803
17915 795 768 796
17916 768 795 812
17917 768 812 803
17918 801 769 782
17919 803 782 769
17920 771 770 822
17921 770 818 820
17922 820 822 770
17923 822 787 771
17924 772 773 774
17925 815 772 774
17926 774 773 785
17927 793 785 773
17928 785 786 774
17929 799 774 786
17930 815 774 799
17931 775 776 777
17932 776 775 780
17933 808 775 777
17934 778 775 779
17935 780 775 778
17936 775 808 779
17937 780 788 776
17938 808 777 807
17939 780 778 811
17940 808 817 779
17941 780 810 788
17942 811 810 780
17943 781 782 783
17944 782 781 801
17945 783 784 781
17946 825 786 785
17947 799 786 798
17948 802 800 787
17949 822 802 787
17950 810 816 788
17951 789 790 791
17952 790 789 809
17953 798 789 791
17954 792 791 790
17955 790 809 813
17956 791 792 819
17957 798 791 799
17958 799 791 819
17959 795 796 797
17960 797 796 800
17961 802 797 800
17962 799 819 815
17963 823 802 822
17964 804 805 806
17965 804 821 805
17966 807 804 806
17967 818 806 805
17968 818 805 820
17969 805 821 820
17970 807 806 808
17971 806 817 808
17972 811 824 810
17973 820 823 822
18672 9 166 1120
18673 9 1120 248
18674 177 13 260
18675 1080 19 252
18676 267 19 1080
18677 266 21 1121
18678 1121 21 270
18679 166 167 1114
18680 166 1114 1120
18681 1112 167 168
18682 1114 167 1112
18683 1091 168 169
18684 168 1091 1112
18685 1092 169 170
18686 1091 169 1092
18687 170 171 1116
18688 170 1116 1092
18689 171 172 1108
18690 1116 171 1108
18691 172 173 1108
18692 173 174 1117
18693 1106 1108 173
18694 1106 173 1117
18695 174 175 1117
18696 1096 175 176
18697 1096 1117 175
18698 176 177 1094
18699 176 1094 1095
18700 1095 1096 176
18701 1094 177 260
18702 249 248 1120
18703 250 249 1078
18704 1078 249 1110
18705 1110 249 1120
18706 1077 251 250
18707 1077 250 1078
18708 252 251 1080
18709 1077 1079 251
18710 1079 1080 251
18711 1094 260 261
18712 1095 261 262
18713 1094 261 1095
18714 262 263 1109
18715 262 1109 1095
18716 1101 263 264
18717 263 1101 1109
18718 1098 264 265
18719 1101 264 1098
18720 1099 265 266
18721 265 1099 1098
18722 1099 266 1115
18723 266 1121 1115
18724 268 267 1119
18725 1119 267 1080
18726 269 268 1086
18727 268 1119 1086
18728 270 269 1085
18729 1085 269 1086
18730 270 1085 1121
18731 1076 1077 1078
18732 1103 1077 1076
18733 1110 1076 1078
18734 1103 1076 1118
18735 1076 1110 1113
18736 1076 1113 1118
18737 1104 1079 1077
18738 1077 1103 1104
18739 1080 1079 1119
18740 1079 1104 1119
18741 1081 1082 1083
18742 1086 1082 1081
18743 1081 1083 1088
18744 1085 1086 1081
18745 1081 1087 1085
18746 1081 1088 1087
18747 1082 1084 1083
18748 1082 1103 1084
18749 1082 1086 1104
18750 1104 1103 1082
18751 1089 1083 1084
18752 1090 1088 1083
18753 1089 1090 1083
18754 1093 1089 1084
18755 1093 1084 1118
18756 1084 1103 1118
18757 1085 1087 1121
18758 1086 1119 1104
18759 1088 1115 1087
18760 1087 1115 1121
18761 1090 1102 1088
18762 1088 1102 1097
18763 1088 1097 1115
18764 1089 1116 1090
18765 1092 1089 1093
18766 1116 1089 1092
18767 1105 1102 1090
18768 1116 1105 1090
18769 1091 1092 1093
18770 1111 1091 1093
18771 1111 1112 1091
18772 1093 1118 1111
18773 1109 1096 1095
18774 1117 1096 1109
18775 1097 1098 1099
18776 1097 1102 1098
18777 1097 1099 1115
18778 1100 1101 1098
18779 1098 1107 1100
18780 1098 1102 1107
18781 1100 1109 1101
18782 1100 1107 1106
18783 1106 1109 1100
18784 1105 1107 1102
18785 1108 1107 1105
18786 1116 1108 1105
18787 1106 1107 1108
18788 1109 1106 1117
18789 1114 1113 1110
18790 1110 1120 1114
18791 1111 1113 1112
18792 1113 1111 1118
18793 1113 1114 1112
19017 1310 13 178
19018 13 1207 260
19019 1344 1207 13
19020 1344 13 1310
19021 185 14 291
19022 323 21 266
19023 1312 322 24
19024 1312 24 329
19025 1220 178 179
19026 1255 178 1220
19027 1255 1310 178
19028 180 1356 179
19029 1220 179 1356
19030 181 1299 180
19031 180 1299 1356
19032 1321 181 182
19033 181 1321 1299
19034 1315 182 183
19035 182 1315 1321
19036 183 184 1333
19037 183 1333 1315
19038 185 1334 184
19039 1333 184 1334
19040 185 291 1334
19041 1208 261 260
19042 260 1207 1206
19043 260 1206 1208
19044 1355 262 261
19045 1194 1205 261
19046 1194 261 1208
19047 261 1205 1355
19048 262 1339 263
19049 262 1362 1339
19050 1355 1362 262
19051 263 1213 264
19052 1213 263 1313
19053 1313 263 1339
19054 264 1254 265
19055 1213 1214 264
19056 1214 1253 264
19057 1253 1254 264
19058 1293 266 265
19059 265 1254 1260
19060 265 1260 1293
19061 266 324 323
19062 266 1293 324
19063 292 1334 291
19064 293 1333 292
19065 1333 1334 292
19066 1316 293 294
19067 1333 293 1316
19068 295 1244 294
19069 1244 1316 294
19070 296 1243 295
19071 1243 1244 295
19072 297 1326 296
19073 1305 1243 296
19074 1305 296 1326
19075 298 1325 297
19076 1326 297 1325
19077 299 1328 298
19078 1328 1325 298
19079 300 1298 299
19080 1296 299 1298
19081 1296 1328 299
19082 301 1232 300
19083 1232 1298 300
19084 302 1264 301
19085 1264 1232 301
19086 302 303 1353
19087 1264 302 1353
19088 303 304 1358
19089 303 1354 1353
19090 1354 303 1358
19091 305 1359 304
19092 1358 304 1359
19093 306 1421 305
19094 1359 305 1421
19095 1284 306 307
19096 306 1284 1421
19097 1283 307 308
19098 1283 1284 307
19099 309 1401 308
19100 308 1401 1283
19101 310 1249 309
19102 1416 309 1249
19103 1401 309 1416
19104 1258 310 311
19105 1258 1249 310
19106 312 1363 311
19107 311 1393 1258
19108 1363 1393 311
19109 1345 312 313
19110 312 1345 1363
19111 313 314 1341
19112 313 1341 1345
19113 315 1373 314
19114 314 1371 1341
19115 1373 1371 314
19116 316 1409 315
19117 1373 315 1409
19118 1210 316 317
19119 316 1210 1409
19120 1212 317 318
19121 1210 317 1211
19122 1211 317 1212
19123 1380 318 319
19124 318 1275 1212
19125 1275 318 1380
19126 319 320 1281
19127 1380 319 1281
19128 321 1282 320
19129 320 1282 1281
19130 322 1294 321
19131 321 1294 1282
19132 322 1295 1294
19133 1312 1295 322
19134 1293 325 324
19135 1201 326 325
19136 325 1293 1201
19137 326 1200 327
19138 1200 326 1201
19139 1348 328 327
19140 1200 1348 327
19141 1346 329 328
19142 328 1348 1346
19143 1312 329 1346
19144 1193 1195 1194
19145 1194 1395 1193
19146 1195 1193 1233
19147 1193 1307 1233
19148 1193 1270 1307
19149 1395 1270 1193
19150 1194 1195 1205
19151 1395 1194 1208
19152 1259 1205 1195
19153 1259 1195 1233
19154 1196 1198 1197
19155 1197 1278 1196
19156 1198 1196 1398
19157 1196 1278 1277
19158 1398 1196 1277
19159 1197 1198 1199
19160 1197 1199 1406
19161 1278 1197 1406
19162 1215 1199 1198
19163 1226 1215 1198
19164 1224 1226 1198
19165 1398 1224 1198
19166 1199 1215 1237
19167 1237 1349 1199
19168 1349 1350 1199
19169 1406 1199 1350
19170 1201 1390 1200
19171 1347 1348 1200
19172 1390 1347 1200
19173 1390 1201 1293
19174 1202 1204 1203
19175 1202 1203 1209
19176 1204 1202 1207
19177 1202 1206 1207
19178 1206 1202 1256
19179 1202 1209 1256
19180 1332 1203 1204
19181 1209 1203 1304
19182 1203 1332 1304
19183 1207 1319 1204
19184 1204 1319 1317
19185 1204 1317 1332
19186 1259 1262 1205
19187 1355 1205 1262
19188 1256 1208 1206
19189 1344 1319 1207
19190 1257 1208 1256
19191 1324 1208 1257
19192 1324 1395 1208
19193 1209 1218 1216
19194 1216 1257 1209
19195 1218 1209 1304
19196 1209 1257 1256
19197 1211 1399 1210
19198 1210 1399 1273
19199 1210 1273 1409
19200 1211 1212 1276
19201 1399 1211 1276
19202 1276 1212 1275
19203 1213 1215 1214
19204 1213 1237 1215
19205 1213 1238 1237
19206 1313 1238 1213
19207 1214 1215 1226
19208 1226 1253 1214
19209 1216 1218 1217
19210 1217 1323 1216
19211 1216 1322 1257
19212 1216 1323 1322
19213 1217 1218 1219
19214 1217 1219 1227
19215 1323 1217 1227
19216 1219 1218 1304
19217 1219 1285 1227
19218 1285 1219 1302
19219 1302 1219 1303
19220 1303 1219 1304
19221 1220 1222 1221
19222 1220 1221 1255
19223 1222 1220 1343
19224 1343 1220 1356
19225 1235 1221 1222
19226 1235 1330 1221
19227 1255 1221 1309
19228 1221 1330 1309
19229 1222 1236 1235
19230 1329 1236 1222
19231 1331 1329 1222
19232 1222 1343 1331
19233 1223 1225 1224
19234 1224 1398 1223
19235 1225 1223 1239
19236 1223 1266 1239
19237 1265 1266 1223
19238 1223 1398 1265
19239 1224 1225 1226
19240 1253 1226 1225
19241 1225 1239 1252
19242 1253 1225 1252
19243 1227 1229 1228
19244 1228 1323 1227
19245 1285 1229 1227
19246 1228 1229 1234
19247 1228 1234 1267
19248 1323 1228 1267
19249 1401 1234 1229
19250 1283 1229 1285
19251 1401 1229 1283
19252 1230 1232 1231
19253 1231 1403 1230
19254 1297 1232 1230
19255 1235 1236 1230
19256 1230 1292 1235
19257 1236 1297 1230
19258 1403 1292 1230
19259 1231 1232 1264
19260 1231 1264 1353
19261 1353 1351 1231
19262 1403 1231 1351
19263 1232 1297 1298
19264 1381 1259 1233
19265 1382 1233 1307
19266 1381 1233 1382
19267 1267 1234 1250
19268 1416 1250 1234
19269 1234 1401 1416
19270 1292 1330 1235
19271 1296 1297 1236
19272 1329 1296 1236
19273 1238 1349 1237
19274 1313 1391 1238
19275 1349 1238 1391
19276 1239 1336 1252
19277 1367 1239 1266
19278 1239 1367 1336
19279 1240 1242 1241
19280 1240 1241 1245
19281 1240 1376 1242
19282 1240 1245 1422
19283 1376 1240 1422
19284 1370 1241 1242
19285 1245 1241 1415
19286 1241 1370 1415
19287 1361 1370 1242
19288 1396 1361 1242
19289 1376 1374 1242
19290 1374 1396 1242
19291 1243 1314 1244
19292 1305 1306 1243
19293 1243 1306 1314
19294 1244 1314 1316
19295 1290 1289 1245
19296 1407 1245 1289
19297 1245 1415 1290
19298 1245 1407 1422
19299 1246 1248 1247
19300 1246 1247 1335
19301 1379 1248 1246
19302 1335 1402 1246
19303 1352 1246 1351
19304 1402 1351 1246
19305 1246 1352 1379
19306 1248 1400 1247
19307 1318 1247 1317
19308 1247 1400 1317
19309 1318 1335 1247
19310 1248 1379 1360
19311 1360 1411 1248
19312 1400 1248 1411
19313 1249 1251 1250
19314 1250 1416 1249
19315 1251 1249 1258
19316 1408 1250 1251
19317 1250 1269 1267
19318 1250 1408 1269
19319 1366 1251 1258
19320 1366 1397 1251
19321 1251 1397 1408
19322 1252 1254 1253
19323 1336 1254 1252
19324 1320 1260 1254
19325 1320 1254 1336
19326 1309 1310 1255
19327 1322 1324 1257
19328 1394 1366 1258
19329 1393 1394 1258
19330 1261 1262 1259
19331 1261 1259 1381
19332 1260 1387 1293
19333 1260 1320 1387
19334 1261 1263 1262
19335 1261 1291 1263
19336 1291 1261 1381
19337 1357 1262 1263
19338 1355 1262 1357
19339 1263 1291 1290
19340 1290 1420 1263
19341 1420 1357 1263
19342 1279 1266 1265
19343 1265 1389 1279
19344 1423 1389 1265
19345 1398 1423 1265
19346 1266 1279 1364
19347 1364 1367 1266
19348 1267 1269 1268
19349 1268 1323 1267
19350 1268 1269 1270
19351 1268 1270 1324
19352 1322 1323 1268
19353 1324 1322 1268
19354 1270 1269 1307
19355 1408 1307 1269
19356 1270 1395 1324
19357 1271 1273 1272
19358 1271 1272 1274
19359 1271 1410 1273
19360 1271 1274 1384
19361 1410 1271 1384
19362 1272 1273 1417
19363 1272 1350 1274
19364 1350 1272 1417
19365 1399 1417 1273
19366 1410 1409 1273
19367 1274 1350 1349
19368 1414 1274 1349
19369 1378 1384 1274
19370 1274 1414 1378
19371 1275 1277 1276
19372 1277 1275 1423
19373 1380 1389 1275
19374 1389 1423 1275
19375 1276 1277 1278
19376 1276 1278 1399
19377 1398 1277 1423
19378 1406 1399 1278
19379 1279 1281 1280
19380 1280 1364 1279
19381 1281 1279 1389
19382 1280 1281 1282
19383 1280 1282 1365
19384 1364 1280 1365
19385 1389 1380 1281
19386 1294 1365 1282
19387 1283 1285 1284
19388 1302 1284 1285
19389 1284 1302 1421
19390 1286 1288 1287
19391 1286 1287 1289
19392 1288 1286 1404
19393 1289 1290 1286
19394 1286 1290 1291
19395 1286 1291 1404
19396 1345 1287 1288
19397 1289 1287 1342
19398 1287 1345 1342
19399 1345 1288 1363
19400 1405 1363 1288
19401 1404 1405 1288
19402 1289 1342 1407
19403 1420 1290 1415
19404 1381 1383 1291
19405 1404 1291 1383
19406 1330 1292 1335
19407 1402 1335 1292
19408 1402 1292 1403
19409 1390 1293 1387
19410 1365 1294 1295
19411 1311 1295 1312
19412 1295 1311 1337
19413 1337 1365 1295
19414 1296 1298 1297
19415 1329 1328 1296
19416 1299 1301 1300
19417 1300 1356 1299
19418 1301 1299 1306
19419 1299 1321 1306
19420 1327 1300 1301
19421 1327 1331 1300
19422 1343 1300 1331
19423 1300 1343 1356
19424 1305 1301 1306
19425 1326 1301 1305
19426 1326 1327 1301
19427 1303 1412 1302
19428 1412 1421 1302
19429 1303 1304 1413
19430 1412 1303 1413
19431 1332 1413 1304
19432 1306 1321 1314
19433 1307 1397 1382
19434 1397 1307 1408
19435 1308 1310 1309
19436 1308 1309 1330
19437 1310 1308 1344
19438 1335 1318 1308
19439 1318 1344 1308
19440 1308 1330 1335
19441 1346 1311 1312
19442 1311 1338 1337
19443 1338 1311 1388
19444 1346 1388 1311
19445 1392 1313 1339
19446 1313 1392 1391
19447 1315 1316 1314
19448 1315 1314 1321
19449 1316 1315 1333
19450 1317 1319 1318
19451 1400 1332 1317
19452 1318 1319 1344
19453 1369 1320 1336
19454 1369 1386 1320
19455 1386 1387 1320
19456 1325 1327 1326
19457 1328 1327 1325
19458 1328 1329 1327
19459 1327 1329 1331
19460 1332 1400 1411
19461 1413 1332 1411
19462 1367 1369 1336
19463 1369 1337 1338
19464 1368 1365 1337
19465 1369 1368 1337
19466 1386 1369 1338
19467 1385 1386 1338
19468 1385 1338 1388
19469 1361 1339 1362
19470 1361 1396 1339
19471 1396 1392 1339
19472 1340 1342 1341
19473 1340 1341 1371
19474 1342 1340 1407
19475 1371 1419 1340
19476 1407 1340 1422
19477 1422 1340 1419
19478 1341 1342 1345
19479 1346 1348 1347
19480 1346 1347 1388
19481 1388 1347 1385
19482 1385 1347 1390
19483 1391 1414 1349
19484 1350 1417 1406
19485 1351 1353 1352
19486 1351 1402 1403
19487 1352 1353 1354
19488 1352 1354 1379
19489 1354 1358 1379
19490 1355 1357 1362
19491 1357 1418 1362
19492 1418 1357 1415
19493 1357 1420 1415
19494 1360 1358 1359
19495 1358 1360 1379
19496 1359 1412 1360
19497 1412 1359 1421
19498 1411 1360 1412
19499 1370 1361 1362
19500 1418 1370 1362
19501 1363 1405 1393
19502 1365 1368 1364
19503 1367 1364 1368
19504 1382 1366 1383
19505 1397 1366 1382
19506 1394 1383 1366
19507 1369 1367 1368
19508 1370 1418 1415
19509 1371 1373 1372
19510 1419 1371 1372
19511 1372 1373 1410
19512 1375 1372 1384
19513 1372 1375 1419
19514 1410 1384 1372
19515 1410 1373 1409
19516 1374 1376 1375
19517 1378 1374 1375
19518 1377 1374 1378
19519 1377 1396 1374
19520 1375 1376 1419
19521 1378 1375 1384
19522 1376 1422 1419
19523 1414 1377 1378
19524 1396 1377 1391
19525 1391 1377 1414
19526 1383 1381 1382
19527 1383 1394 1404
19528 1385 1387 1386
19529 1385 1390 1387
19530 1392 1396 1391
19531 1394 1393 1405
19532 1394 1405 1404
19533 1417 1399 1406
19534 1412 1413 1411
2 4 2 1053
17095 552 37 3
17096 126 552 3
17097 34 543 4
17098 543 100 4
17099 47 523 7
17100 523 149 7
17101 555 46 8
17102 125 555 8
17103 35 543 34
17104 36 553 35
17105 545 543 35
17106 553 545 35
17107 37 552 36
17108 36 552 553
17109 46 523 47
17110 46 555 523
17111 100 544 101
17112 543 544 100
17113 101 534 102
17114 101 544 534
17115 102 581 103
17116 102 534 581
17117 103 580 104
17118 103 581 580
17119 104 576 105
17120 104 580 576
17121 105 577 106
17122 105 576 577
17123 519 107 106
17124 577 519 106
17125 518 108 107
17126 518 107 519
17127 548 109 108
17128 548 108 518
17129 578 110 109
17130 578 109 548
17131 583 111 110
17132 583 110 578
17133 564 112 111
17134 564 111 583
17135 565 113 112
17136 565 112 564
17137 113 568 114
17138 568 113 565
17139 114 569 115
17140 568 569 114
17141 115 554 116
17142 115 561 554
17143 561 115 569
17144 116 522 117
17145 116 554 522
17146 520 118 117
17147 520 117 522
17148 529 119 118
17149 118 520 529
17150 530 120 119
17151 529 530 119
17152 535 121 120
17153 530 535 120
17154 537 122 121
17155 535 537 121
17156 587 123 122
17157 537 587 122
17158 123 591 124
17159 123 587 591
17160 124 525 125
17161 525 124 591
17162 525 555 125
17163 127 542 126
17164 552 126 542
17165 128 540 127
17166 127 540 542
17167 129 567 128
17168 128 567 540
17169 130 585 129
17170 129 585 567
17171 131 584 130
17172 130 584 585
17173 132 582 131
17174 131 582 584
17175 133 557 132
17176 557 582 132
17177 134 573 133
17178 556 557 133
17179 556 133 573
17180 572 134 135
17181 572 573 134
17182 590 135 136
17183 572 135 590
17184 589 136 137
17185 590 136 589
17186 539 137 138
17187 589 137 539
17188 538 138 139
17189 538 539 138
17190 571 139 140
17191 139 571 538
17192 141 562 140
17193 140 562 571
17194 142 551 141
17195 141 551 562
17196 143 550 142
17197 550 551 142
17198 528 143 144
17199 528 550 143
17200 527 144 145
17201 527 528 144
17202 146 536 145
17203 536 527 145
17204 147 588 146
17205 588 536 146
17206 148 591 147
17207 588 147 591
17208 524 148 149
17209 148 524 591
17210 523 524 149
17211 558 518 519
17212 518 549 548
17213 518 558 549
17214 558 519 574
17215 577 574 519
17216 520 522 521
17217 520 521 592
17218 520 592 529
17219 522 551 521
17220 550 521 551
17221 521 550 592
17222 559 551 522
17223 554 559 522
17224 523 525 524
17225 525 523 555
17226 524 525 591
17227 526 528 527
17228 535 526 527
17229 528 526 592
17230 526 530 529
17231 592 526 529
17232 526 535 530
17233 536 535 527
17234 592 550 528
17235 531 533 532
17236 541 531 532
17237 540 533 531
17238 540 531 541
17239 534 532 533
17240 544 532 534
17241 541 532 553
17242 532 544 545
17243 553 532 545
17244 534 533 581
17245 567 533 540
17246 533 567 566
17247 581 533 566
17248 535 536 537
17249 537 536 588
17250 537 588 587
17251 563 539 538
17252 538 570 563
17253 571 570 538
17254 563 589 539
17255 541 542 540
17256 541 552 542
17257 541 553 552
17258 545 544 543
17259 546 548 547
17260 547 572 546
17261 546 578 548
17262 546 572 579
17263 578 546 579
17264 548 549 547
17265 549 556 547
17266 573 547 556
17267 572 547 573
17268 558 556 549
17269 559 562 551
17270 559 554 561
17271 558 557 556
17272 558 582 557
17273 582 558 574
17274 559 561 560
17275 562 559 560
17276 560 561 569
17277 562 560 571
17278 560 569 570
17279 571 560 570
17280 563 565 564
17281 563 564 586
17282 563 568 565
17283 570 568 563
17284 589 563 586
17285 586 564 583
17286 585 566 567
17287 580 566 575
17288 566 585 575
17289 581 566 580
17290 570 569 568
17291 579 572 590
17292 574 576 575
17293 584 574 575
17294 576 574 577
17295 582 574 584
17296 580 575 576
17297 584 575 585
17298 579 583 578
17299 586 583 579
17300 590 586 579
17301 586 590 589
17302 587 588 591
17974 3 864 126
17975 3 156 864
17976 149 856 7
17977 856 164 7
17978 831 158 10
17979 196 831 10
17980 887 12 165
17981 12 887 225
17982 15 875 207
17983 208 839 15
17984 839 875 15
17985 836 215 16
17986 868 16 216
17987 868 836 16
17988 863 127 126
17989 126 864 863
17990 127 857 128
17991 127 863 857
17992 877 129 128
17993 857 877 128
17994 870 130 129
17995 129 858 870
17996 129 877 858
17997 870 131 130
17998 879 132 131
17999 859 131 870
18000 859 879 131
18001 882 133 132
18002 882 132 879
18003 883 134 133
18004 883 133 882
18005 134 888 135
18006 888 134 883
18007 847 136 135
18008 888 847 135
18009 136 842 137
18010 842 136 847
18011 137 843 138
18012 842 843 137
18013 876 139 138
18014 876 138 843
18015 873 140 139
18016 873 139 876
18017 892 141 140
18018 873 892 140
18019 838 142 141
18020 892 838 141
18021 849 143 142
18022 838 840 142
18023 142 840 849
18024 143 848 144
18025 143 849 848
18026 884 145 144
18027 884 144 848
18028 865 146 145
18029 865 145 884
18030 146 866 147
18031 865 866 146
18032 869 148 147
18033 866 869 147
18034 148 855 149
18035 855 148 854
18036 869 854 148
18037 855 856 149
18038 157 864 156
18039 157 158 832
18040 832 864 157
18041 831 832 158
18042 853 165 164
18043 853 164 856
18044 853 887 165
18045 833 196 197
18046 833 831 196
18047 198 844 197
18048 833 197 844
18049 199 886 198
18050 198 886 844
18051 200 891 199
18052 891 886 199
18053 201 862 200
18054 862 891 200
18055 827 201 202
18056 862 201 827
18057 829 202 203
18058 202 829 827
18059 893 203 204
18060 203 893 829
18061 205 881 204
18062 204 881 893
18063 206 851 205
18064 850 205 851
18065 205 850 881
18066 207 890 206
18067 851 206 890
18068 207 875 890
18069 209 839 208
18070 210 837 209
18071 837 839 209
18072 211 837 210
18073 212 837 211
18074 213 836 212
18075 836 837 212
18076 214 836 213
18077 215 836 214
18078 868 216 217
18079 889 217 218
18080 889 868 217
18081 889 218 219
18082 220 885 219
18083 885 889 219
18084 221 867 220
18085 867 885 220
18086 222 834 221
18087 834 867 221
18088 835 222 223
18089 222 835 834
18090 872 223 224
18091 872 835 223
18092 853 224 225
18093 853 872 224
18094 887 853 225
18095 827 829 828
18096 860 827 828
18097 860 862 827
18098 828 829 830
18099 830 882 828
18100 882 860 828
18101 893 830 829
18102 880 888 830
18103 893 880 830
18104 830 883 882
18105 830 888 883
18106 831 833 832
18107 845 832 833
18108 845 863 832
18109 863 864 832
18110 845 833 844
18111 835 869 834
18112 834 866 865
18113 865 867 834
18114 834 869 866
18115 869 835 854
18116 872 854 835
18117 840 837 836
18118 836 868 840
18119 838 839 837
18120 838 837 840
18121 839 838 874
18122 874 838 892
18123 839 874 875
18124 840 868 849
18125 841 843 842
18126 842 852 841
18127 878 843 841
18128 850 851 841
18129 852 850 841
18130 841 851 878
18131 852 842 847
18132 878 876 843
18133 844 846 845
18134 886 846 844
18135 846 857 845
18136 863 845 857
18137 857 846 858
18138 871 858 846
18139 886 871 846
18140 852 847 880
18141 880 847 888
18142 849 868 848
18143 848 868 889
18144 884 848 889
18145 852 881 850
18146 878 851 890
18147 881 852 880
18148 853 855 854
18149 854 872 853
18150 853 856 855
18151 877 857 858
18152 871 870 858
18153 859 861 860
18154 860 879 859
18155 870 861 859
18156 862 860 861
18157 860 882 879
18158 861 891 862
18159 870 871 861
18160 871 891 861
18161 865 885 867
18162 884 885 865
18163 871 886 891
18164 873 875 874
18165 873 874 892
18166 876 875 873
18167 876 878 875
18168 875 878 890
18169 881 880 893
18170 884 889 885
18827 10 1142 196
18828 10 255 1142
18829 207 277 15
18830 1136 259 20
18831 271 1136 20
18832 1153 274 22
18833 283 1153 22
18834 196 1163 197
18835 196 1142 1163
18836 1161 198 197
18837 1163 1161 197
18838 1171 199 198
18839 198 1161 1171
18840 1175 200 199
18841 1175 199 1171
18842 200 1174 201
18843 200 1175 1174
18844 201 1172 202
18845 1174 1172 201
18846 202 1167 203
18847 1167 202 1172
18848 203 1149 204
18849 1149 203 1167
18850 1151 205 204
18851 1149 1150 204
18852 204 1150 1151
18853 205 1155 206
18854 1151 1155 205
18855 206 1156 207
18856 1155 1156 206
18857 207 1156 277
18858 256 1142 255
18859 1141 256 257
18860 1141 1142 256
18861 1135 257 258
18862 1133 257 1135
18863 257 1133 1141
18864 259 1136 258
18865 1136 1135 258
18866 272 1132 271
18867 271 1132 1131
18868 271 1131 1136
18869 273 1138 272
18870 1132 272 1138
18871 274 1137 273
18872 1137 1138 273
18873 274 1153 1137
18874 1156 278 277
18875 278 1157 279
18876 1155 278 1156
18877 1155 1157 278
18878 1157 280 279
18879 1147 281 280
18880 280 1157 1147
18881 1144 282 281
18882 1147 1144 281
18883 1145 283 282
18884 282 1144 1145
18885 1145 1152 283
18886 283 1152 1153
18887 1132 1134 1131
18888 1135 1131 1134
18889 1131 1135 1136
18890 1169 1134 1132
18891 1132 1138 1139
18892 1169 1132 1139
18893 1133 1135 1134
18894 1176 1133 1134
18895 1141 1133 1148
18896 1133 1162 1148
18897 1162 1133 1176
18898 1176 1134 1169
18899 1137 1139 1138
18900 1137 1140 1139
18901 1140 1137 1154
18902 1137 1153 1152
18903 1137 1152 1154
18904 1168 1139 1140
18905 1168 1169 1139
18906 1165 1140 1154
18907 1165 1168 1140
18908 1141 1148 1142
18909 1163 1142 1148
18910 1143 1145 1144
18911 1143 1144 1158
18912 1143 1152 1145
18913 1154 1152 1143
18914 1154 1143 1158
18915 1146 1144 1147
18916 1144 1146 1159
18917 1144 1159 1158
18918 1147 1150 1146
18919 1149 1146 1150
18920 1149 1167 1146
18921 1146 1167 1159
18922 1151 1150 1147
18923 1151 1147 1157
18924 1161 1148 1162
18925 1148 1161 1163
18926 1157 1155 1151
18927 1173 1154 1158
18928 1154 1173 1165
18929 1160 1158 1159
18930 1160 1173 1158
18931 1167 1160 1159
18932 1172 1160 1167
18933 1160 1172 1173
18934 1170 1161 1162
18935 1170 1171 1161
18936 1162 1166 1170
18937 1166 1162 1176
18938 1164 1166 1165
18939 1164 1165 1173
18940 1164 1170 1166
18941 1170 1164 1171
18942 1164 1175 1171
18943 1173 1174 1164
18944 1175 1164 1174
18945 1166 1168 1165
18946 1168 1166 1176
18947 1169 1168 1176
18948 1174 1173 1172
20672 1981 208 15
20673 15 277 2019
20674 15 2019 1981
20675 375 16 215
20676 22 407 283
20677 26 406 2108
20678 413 26 2108
20679 209 208 2014
20680 208 1981 2005
20681 2014 208 2005
20682 210 209 2073
20683 209 2014 2013
20684 2073 209 2013
20685 211 210 1916
20686 210 2073 1916
20687 1917 212 211
20688 211 1916 1917
20689 2093 213 212
20690 2093 212 1917
20691 213 2101 214
20692 213 2093 2101
20693 215 214 2109
20694 2101 2109 214
20695 215 2109 375
20696 277 278 2008
20697 277 2008 2007
20698 277 2007 2019
20699 2061 278 279
20700 2063 2008 278
20701 278 2061 2062
20702 278 2062 2063
20703 2065 279 280
20704 2061 279 2035
20705 279 2065 2035
20706 1982 280 281
20707 1982 1983 280
20708 1983 2039 280
20709 2039 2065 280
20710 1926 281 282
20711 281 1926 1969
20712 1968 281 1969
20713 1982 281 1968
20714 282 283 2072
20715 282 1924 1926
20716 1924 282 2072
20717 408 283 407
20718 408 2072 283
20719 376 375 2109
20720 377 376 2101
20721 2101 376 2109
20722 2094 378 377
20723 2101 2094 377
20724 379 378 1919
20725 1919 378 2094
20726 380 379 1918
20727 1918 379 1919
20728 381 380 2046
20729 2043 380 1918
20730 2043 2046 380
20731 382 381 2055
20732 381 2046 2055
20733 2001 383 382
20734 2000 2001 382
20735 2000 382 2055
20736 1998 384 383
20737 383 2001 1998
20738 385 384 1941
20739 1941 384 1998
20740 2006 386 385
20741 1936 385 1941
20742 1936 2006 385
20743 2121 387 386
20744 2006 2121 386
20745 388 387 2120
20746 2121 2120 387
20747 389 388 2129
20748 388 2120 2129
20749 2147 390 389
20750 2129 2147 389
20751 391 390 2002
20752 390 2097 2002
20753 390 2147 2097
20754 392 391 2037
20755 2002 2037 391
20756 393 392 2045
20757 2045 392 2037
20758 394 393 1973
20759 2139 1973 393
20760 2045 2139 393
20761 2138 395 394
20762 394 1973 1975
20763 394 1975 2138
20764 1915 396 395
20765 1914 1915 395
20766 1914 395 2138
20767 2118 397 396
20768 2122 396 1915
20769 2118 396 2122
20770 397 2067 398
20771 397 2118 2067
20772 2068 399 398
20773 2067 2068 398
20774 2017 400 399
20775 2017 399 2091
20776 399 2068 2091
20777 2089 401 400
20778 400 2017 2090
20779 2090 2089 400
20780 402 401 2010
20781 2010 401 2089
20782 403 402 2057
20783 2009 402 2010
20784 2057 402 2009
20785 1933 404 403
20786 403 2057 1933
20787 405 404 1932
20788 1932 404 1933
20789 1943 406 405
20790 1943 405 1932
20791 2108 406 1943
20792 408 409 1993
20793 2072 408 1993
20794 1993 409 410
20795 1994 410 411
20796 1993 410 1994
20797 411 412 2024
20798 1994 411 2025
20799 411 2024 2025
20800 412 413 2024
20801 2024 413 2103
20802 2108 2103 413
20803 2077 1915 1914
20804 1914 2078 2077
20805 2078 1914 2138
20806 2077 2087 1915
20807 2087 2095 1915
20808 1915 2095 2122
20809 1916 2060 1917
20810 2048 2060 1916
20811 1916 2074 2048
20812 2074 1916 2073
20813 2060 2093 1917
20814 1918 1919 1920
20815 1918 1920 2100
20816 2043 1918 2100
20817 1919 2094 1920
20818 2093 2060 1920
20819 2060 2100 1920
20820 2093 1920 2094
20821 1921 1922 1923
20822 1922 1921 2090
20823 1923 1955 1921
20824 1955 2023 1921
20825 2023 2081 1921
20826 1921 2081 2090
20827 1922 1927 1923
20828 2016 1927 1922
20829 2016 1922 2017
20830 2090 2017 1922
20831 1927 2107 1923
20832 1923 1956 1955
20833 1923 2107 1956
20834 1924 1925 1926
20835 1925 1924 2034
20836 2034 1924 2033
20837 1924 2072 2033
20838 1926 1925 2066
20839 1925 2034 2082
20840 2066 1925 2143
20841 2082 2143 1925
20842 1926 2026 1969
20843 2066 2026 1926
20844 2016 2140 1927
20845 2146 2107 1927
20846 1927 2140 2146
20847 1928 1929 1930
20848 2126 1929 1928
20849 2038 1928 1930
20850 1928 2035 1938
20851 2125 1928 1938
20852 2035 1928 2038
20853 1928 2125 2126
20854 1930 1929 1989
20855 2050 1989 1929
20856 1929 2049 2050
20857 2049 1929 2086
20858 2086 1929 2126
20859 1989 1991 1930
20860 2061 1930 1991
20861 1930 2061 2038
20862 1931 1932 1933
20863 1932 1931 2127
20864 1933 2057 1931
20865 2052 1931 2057
20866 1931 2052 2148
20867 2148 2127 1931
20868 1943 1932 2116
20869 1932 2127 2116
20870 1934 1935 1936
20871 1934 1937 1935
20872 1936 1941 1934
20873 1934 2064 1937
20874 1934 1941 2064
20875 1935 1944 1936
20876 1937 1949 1935
20877 1944 1935 2128
20878 2128 1935 1949
20879 2006 1936 1944
20880 1937 1950 1949
20881 2071 1950 1937
20882 2064 2071 1937
20883 1938 1939 1940
20884 1939 1938 2036
20885 2125 1938 1940
20886 1938 2035 2036
20887 1939 1942 1940
20888 1939 2110 1942
20889 2036 2110 1939
20890 1942 1995 1940
20891 1940 1995 1972
20892 1940 1972 2125
20893 1941 1998 1999
20894 1941 1999 2064
20895 1995 1942 1996
20896 1942 2123 1996
20897 1942 2110 2123
20898 2108 1943 2104
20899 2115 2104 1943
20900 2116 2115 1943
20901 1944 2121 2006
20902 2121 1944 2119
20903 2119 1944 2128
20904 1945 1946 1947
20905 1945 1948 1946
20906 1945 1947 2052
20907 1945 2053 1948
20908 2051 1945 2052
20909 2053 1945 2051
20910 2135 1947 1946
20911 1948 2026 1946
20912 2134 1946 2026
20913 2135 1946 2134
20914 1947 2148 2052
20915 2135 2148 1947
20916 1948 1967 1969
20917 1967 1948 2053
20918 1969 2026 1948
20919 1950 2105 1949
20920 1978 1977 1949
20921 1949 1977 2128
20922 1949 2105 1978
20923 1980 1950 2005
20924 1980 2105 1950
20925 2005 1950 2071
20926 1951 1952 1953
20927 1952 1951 1966
20928 2075 1951 1953
20929 1963 1965 1951
20930 2075 1963 1951
20931 1965 1966 1951
20932 1952 1954 1953
20933 1952 2004 1954
20934 1966 2080 1952
20935 2080 2004 1952
20936 2085 1953 1954
20937 2069 2075 1953
20938 2079 2069 1953
20939 2079 1953 2085
20940 2004 2003 1954
20941 1954 2003 2084
20942 2084 2085 1954
20943 1956 2137 1955
20944 1955 2137 2023
20945 1956 2030 2029
20946 1956 2029 2137
20947 2107 2030 1956
20948 1957 1958 1959
20949 1958 1957 1978
20950 2130 1957 1959
20951 1977 1978 1957
20952 2130 1977 1957
20953 1958 1960 1959
20954 1958 2027 1960
20955 2042 1958 1978
20956 2042 2027 1958
20957 1960 2084 1959
20958 1959 2084 2117
20959 1959 2117 2130
20960 2027 2079 1960
20961 2085 1960 2079
20962 2084 1960 2085
20963 1961 1962 1963
20964 1961 1964 1962
20965 1961 1963 2075
20966 1964 1961 2007
20967 2007 1961 2070
20968 1961 2069 2070
20969 1961 2075 2069
20970 2099 1963 1962
20971 1964 2098 1962
20972 1962 2098 2099
20973 1965 1963 2099
20974 1964 2007 2008
20975 2063 1964 2008
20976 1964 2063 2098
20977 1984 1966 1965
20978 1984 1965 1985
20979 2099 1985 1965
20980 1966 1984 2080
20981 1967 1968 1969
20982 2141 1968 1967
20983 2145 1967 2053
20984 1967 2145 2141
20985 1982 1968 2031
20986 2031 1968 2141
20987 1970 1971 1972
20988 2067 1971 1970
20989 1970 1972 1995
20990 1995 1997 1970
20991 1970 1997 2088
20992 1970 2088 2067
20993 2096 1972 1971
20994 2067 2118 1971
20995 1971 2095 2096
20996 2095 1971 2118
20997 2125 1972 2096
20998 1973 1974 1975
20999 1974 1973 2136
21000 2136 1973 2139
21001 1974 1976 1975
21002 1974 1987 1976
21003 2136 1987 1974
21004 1976 2078 1975
21005 2138 1975 2078
21006 1976 1987 2040
21007 2040 2076 1976
21008 2078 1976 2076
21009 2128 1977 2119
21010 1977 2130 2119
21011 2105 2042 1978
21012 1979 1980 1981
21013 2042 1980 1979
21014 1979 1981 2019
21015 2018 1979 2019
21016 2018 2027 1979
21017 1979 2027 2042
21018 1980 2005 1981
21019 1980 2042 2105
21020 1982 2028 1983
21021 1982 2031 2028
21022 1983 2028 2041
21023 2041 2039 1983
21024 1984 1985 2136
21025 2080 1984 2044
21026 2136 2044 1984
21027 1985 1986 1987
21028 1986 1985 2099
21029 2136 1985 1987
21030 1986 1988 1987
21031 1986 2111 1988
21032 2099 2111 1986
21033 2040 1987 1988
21034 2112 2040 1988
21035 1988 2111 2112
21036 1989 1990 1991
21037 1989 1992 1990
21038 1992 1989 2050
21039 2106 1991 1990
21040 1992 2112 1990
21041 1990 2112 2106
21042 2061 1991 2062
21043 2062 1991 2106
21044 1992 2076 2040
21045 1992 2040 2112
21046 2050 2076 1992
21047 2033 1993 1994
21048 2033 2072 1993
21049 2033 1994 2025
21050 1995 1996 1997
21051 2132 1997 1996
21052 1996 2123 2132
21053 2088 1997 2091
21054 2091 1997 2140
21055 2140 1997 2132
21056 1998 2001 1999
21057 2092 1999 2001
21058 2092 2064 1999
21059 2001 2000 2092
21060 2000 2055 2056
21061 2000 2056 2058
21062 2058 2092 2000
21063 2002 2003 2004
21064 2002 2097 2003
21065 2002 2004 2037
21066 2084 2003 2117
21067 2117 2003 2097
21068 2037 2004 2080
21069 2012 2014 2005
21070 2012 2005 2071
21071 2019 2007 2070
21072 2009 2010 2011
21073 2009 2011 2113
21074 2052 2009 2051
21075 2113 2051 2009
21076 2057 2009 2052
21077 2089 2011 2010
21078 2081 2021 2011
21079 2113 2011 2021
21080 2081 2011 2089
21081 2012 2013 2014
21082 2012 2015 2013
21083 2015 2012 2071
21084 2015 2059 2013
21085 2059 2074 2013
21086 2073 2013 2074
21087 2058 2059 2015
21088 2058 2015 2092
21089 2064 2015 2071
21090 2015 2064 2092
21091 2016 2017 2091
21092 2091 2140 2016
21093 2019 2070 2018
21094 2027 2018 2079
21095 2018 2070 2069
21096 2069 2079 2018
21097 2020 2021 2022
21098 2021 2020 2113
21099 2144 2020 2022
21100 2020 2053 2113
21101 2053 2020 2145
21102 2145 2020 2144
21103 2021 2023 2022
21104 2081 2023 2021
21105 2023 2137 2022
21106 2022 2137 2144
21107 2103 2025 2024
21108 2025 2032 2033
21109 2032 2025 2103
21110 2134 2026 2066
21111 2028 2029 2030
21112 2031 2029 2028
21113 2028 2030 2041
21114 2029 2031 2142
21115 2142 2137 2029
21116 2041 2030 2131
21117 2131 2030 2107
21118 2141 2142 2031
21119 2032 2034 2033
21120 2034 2032 2082
21121 2032 2083 2082
21122 2083 2032 2102
21123 2102 2032 2103
21124 2036 2035 2065
21125 2038 2061 2035
21126 2065 2039 2036
21127 2039 2110 2036
21128 2044 2045 2037
21129 2080 2044 2037
21130 2124 2039 2041
21131 2110 2039 2124
21132 2041 2123 2124
21133 2131 2123 2041
21134 2046 2043 2047
21135 2043 2048 2047
21136 2043 2100 2048
21137 2044 2139 2045
21138 2139 2044 2136
21139 2055 2046 2047
21140 2047 2048 2074
21141 2055 2047 2056
21142 2056 2047 2074
21143 2060 2048 2100
21144 2049 2054 2050
21145 2049 2087 2054
21146 2086 2087 2049
21147 2054 2076 2050
21148 2113 2053 2051
21149 2076 2054 2077
21150 2054 2087 2077
21151 2058 2056 2059
21152 2056 2074 2059
21153 2106 2063 2062
21154 2098 2063 2111
21155 2063 2106 2111
21156 2066 2133 2134
21157 2066 2143 2133
21158 2067 2088 2068
21159 2091 2068 2088
21160 2076 2077 2078
21161 2089 2090 2081
21162 2083 2143 2082
21163 2102 2104 2083
21164 2083 2104 2115
21165 2115 2114 2083
21166 2083 2114 2143
21167 2086 2095 2087
21168 2096 2095 2086
21169 2126 2096 2086
21170 2094 2101 2093
21171 2122 2095 2118
21172 2125 2096 2126
21173 2097 2147 2117
21174 2111 2099 2098
21175 2103 2104 2102
21176 2104 2103 2108
21177 2112 2111 2106
21178 2107 2146 2131
21179 2124 2123 2110
21180 2114 2115 2116
21181 2116 2127 2114
21182 2135 2114 2127
21183 2114 2135 2133
21184 2133 2143 2114
21185 2147 2130 2117
21186 2119 2120 2121
21187 2119 2130 2120
21188 2129 2120 2130
21189 2132 2123 2131
21190 2135 2127 2148
21191 2130 2147 2129
21192 2131 2146 2132
21193 2146 2140 2132
21194 2134 2133 2135
21195 2144 2137 2142
21196 2144 2142 2141
21197 2141 2145 2144
2 5 2 232
17303 647 1 38
17304 50 1 647
17305 41 4 676
17306 676 4 100
17307 5 593 48
17308 5 75 593
17309 663 8 49
17310 125 8 663
17311 647 38 39
17312 39 40 650
17313 648 647 39
17314 39 650 648
17315 676 40 41
17316 650 40 676
17317 593 49 48
17318 49 593 663
17319 51 50 646
17320 647 646 50
17321 645 52 51
17322 646 645 51
17323 612 53 52
17324 612 52 645
17325 608 54 53
17326 608 53 612
17327 655 55 54
17328 655 54 608
17329 605 56 55
17330 605 55 655
17331 601 57 56
17332 601 56 605
17333 631 58 57
17334 631 57 601
17335 630 59 58
17336 630 58 631
17337 597 60 59
17338 597 59 630
17339 600 61 60
17340 600 60 597
17341 638 62 61
17342 638 61 600
17343 641 63 62
17344 641 62 638
17345 640 64 63
17346 640 63 641
17347 658 65 64
17348 658 64 640
17349 672 66 65
17350 660 65 658
17351 660 672 65
17352 671 67 66
17353 672 671 66
17354 678 68 67
17355 671 678 67
17356 675 69 68
17357 68 678 675
17358 619 70 69
17359 69 675 619
17360 649 71 70
17361 70 619 622
17362 649 70 622
17363 649 72 71
17364 653 73 72
17365 72 649 651
17366 653 72 651
17367 653 74 73
17368 665 75 74
17369 74 653 665
17370 75 665 593
17371 656 100 101
17372 676 100 656
17373 101 102 617
17374 617 656 101
17375 102 103 624
17376 102 624 617
17377 103 104 625
17378 624 103 625
17379 104 105 626
17380 625 104 626
17381 105 106 628
17382 626 105 628
17383 106 107 633
17384 628 106 633
17385 107 108 637
17386 633 107 637
17387 108 109 639
17388 637 108 639
17389 109 110 596
17390 639 109 596
17391 110 111 634
17392 596 110 634
17393 111 112 635
17394 634 111 635
17395 112 113 643
17396 635 112 643
17397 113 114 644
17398 643 113 644
17399 114 115 659
17400 644 114 659
17401 115 116 673
17402 659 115 662
17403 115 673 662
17404 116 117 670
17405 116 670 673
17406 117 118 677
17407 117 677 670
17408 118 119 674
17409 674 677 118
17410 119 120 621
17411 621 674 119
17412 120 121 623
17413 623 621 120
17414 121 122 652
17415 652 623 121
17416 122 123 654
17417 651 652 122
17418 651 122 654
17419 123 124 654
17420 663 124 125
17421 664 654 124
17422 666 124 663
17423 124 666 664
17424 663 593 666
17425 593 665 666
17426 594 595 596
17427 594 598 595
17428 596 634 594
17429 594 599 598
17430 599 594 634
17431 639 596 595
17432 595 598 629
17433 639 595 629
17434 597 598 599
17435 598 597 630
17436 599 600 597
17437 629 598 630
17438 599 636 600
17439 634 636 599
17440 636 638 600
17441 601 602 603
17442 602 601 605
17443 603 631 601
17444 602 604 603
17445 607 604 602
17446 605 606 602
17447 606 607 602
17448 604 632 603
17449 631 603 632
17450 628 604 607
17451 628 633 604
17452 633 632 604
17453 606 605 655
17454 627 607 606
17455 627 606 655
17456 626 607 627
17457 626 628 607
17458 608 609 610
17459 609 608 612
17460 610 655 608
17461 609 611 610
17462 614 611 609
17463 612 613 609
17464 613 614 609
17465 611 627 610
17466 655 610 627
17467 624 611 614
17468 624 625 611
17469 625 627 611
17470 613 612 645
17471 615 614 613
17472 618 615 613
17473 618 613 645
17474 614 615 617
17475 617 624 614
17476 615 616 617
17477 615 618 616
17478 616 656 617
17479 650 616 618
17480 650 676 616
17481 656 616 676
17482 618 645 646
17483 618 646 648
17484 648 650 618
17485 619 620 621
17486 619 675 620
17487 622 619 621
17488 620 674 621
17489 620 668 674
17490 675 668 620
17491 623 622 621
17492 622 623 652
17493 622 652 649
17494 625 626 627
17495 629 630 631
17496 632 629 631
17497 637 629 632
17498 637 639 629
17499 633 637 632
17500 634 635 636
17501 635 642 636
17502 635 643 642
17503 636 642 638
17504 642 641 638
17505 642 640 641
17506 642 657 640
17507 657 658 640
17508 643 644 642
17509 644 657 642
17510 644 659 657
17511 646 647 648
17512 651 649 652
17513 651 664 653
17514 654 664 651
17515 665 653 664
17516 658 657 661
17517 661 657 659
17518 660 658 661
17519 661 659 662
17520 660 661 667
17521 672 660 667
17522 667 661 662
17523 667 662 673
17524 664 666 665
17525 672 667 669
17526 669 667 673
17527 668 669 670
17528 671 669 668
17529 668 670 677
17530 678 671 668
17531 668 677 674
17532 675 678 668
17533 669 673 670
17534 671 672 669
2 6 2 2267
17535 31 2 705
17536 2 76 705
17537 3 33 704
17538 126 3 704
17539 44 723 6
17540 723 99 6
17541 686 45 7
17542 149 686 7
17543 705 32 31
17544 32 704 33
17545 706 704 32
17546 705 706 32
17547 45 723 44
17548 45 686 723
17549 708 76 77
17550 705 76 708
17551 684 77 78
17552 708 77 684
17553 683 78 79
17554 683 684 78
17555 697 79 80
17556 683 79 697
17557 696 80 81
17558 696 697 80
17559 699 81 82
17560 699 696 81
17561 702 82 83
17562 702 699 82
17563 713 83 84
17564 713 702 83
17565 719 84 85
17566 712 713 84
17567 712 84 719
17568 719 85 86
17569 718 86 87
17570 718 719 86
17571 720 87 88
17572 720 718 87
17573 736 88 89
17574 724 720 88
17575 724 88 736
17576 740 89 90
17577 736 89 740
17578 727 90 91
17579 90 727 740
17580 687 91 92
17581 91 687 727
17582 734 92 93
17583 689 687 92
17584 689 92 734
17585 733 93 94
17586 734 93 733
17587 732 94 95
17588 733 94 732
17589 731 95 96
17590 95 731 732
17591 730 96 97
17592 96 730 731
17593 728 97 98
17594 97 728 730
17595 729 98 99
17596 98 729 728
17597 723 729 99
17598 126 707 127
17599 126 704 707
17600 127 680 128
17601 127 707 680
17602 128 681 129
17603 680 681 128
17604 129 692 130
17605 129 681 692
17606 130 693 131
17607 692 693 130
17608 131 700 132
17609 693 700 131
17610 132 703 133
17611 700 703 132
17612 133 709 134
17613 703 709 133
17614 134 715 135
17615 709 710 134
17616 134 710 715
17617 135 715 136
17618 136 716 137
17619 715 716 136
17620 137 722 138
17621 716 722 137
17622 138 738 139
17623 722 726 138
17624 138 726 738
17625 139 739 140
17626 139 738 739
17627 140 691 141
17628 140 739 691
17629 141 688 142
17630 691 688 141
17631 734 143 142
17632 688 689 142
17633 142 689 734
17634 733 144 143
17635 143 734 733
17636 732 145 144
17637 144 733 732
17638 731 146 145
17639 731 145 732
17640 730 147 146
17641 730 146 731
17642 728 148 147
17643 728 147 730
17644 685 149 148
17645 148 728 685
17646 685 686 149
17647 679 681 680
17648 680 682 679
17649 695 681 679
17650 682 684 679
17651 683 679 684
17652 683 695 679
17653 682 680 707
17654 681 695 692
17655 684 682 708
17656 682 707 706
17657 708 682 706
17658 695 683 697
17659 685 723 686
17660 723 685 729
17661 729 685 728
17662 687 689 688
17663 690 687 688
17664 687 690 727
17665 691 690 688
17666 690 691 739
17667 727 690 737
17668 690 739 737
17669 692 694 693
17670 692 695 694
17671 693 694 698
17672 693 698 700
17673 695 697 694
17674 694 697 696
17675 694 696 698
17676 698 696 699
17677 698 699 701
17678 700 698 701
17679 701 699 702
17680 700 701 703
17681 701 702 713
17682 703 701 709
17683 709 701 711
17684 701 713 711
17685 706 707 704
17686 708 706 705
17687 709 711 710
17688 710 711 714
17689 710 714 715
17690 711 713 712
17691 711 712 714
17692 714 712 719
17693 717 715 714
17694 719 717 714
17695 715 717 716
17696 721 716 717
17697 721 722 716
17698 717 719 718
17699 718 721 717
17700 720 721 718
17701 720 725 721
17702 724 725 720
17703 725 722 721
17704 725 726 722
17705 724 735 725
17706 736 735 724
17707 735 726 725
17708 735 738 726
17709 727 737 740
17710 736 737 735
17711 737 738 735
17712 740 737 736
17713 737 739 738
18171 153 9 900
18172 9 166 900
18173 10 155 901
18174 196 10 901
18175 177 13 918
18176 13 227 918
18177 15 207 919
18178 226 15 919
18179 919 17 226
18180 17 918 227
18181 928 918 17
18182 919 928 17
18183 900 154 153
18184 154 901 155
18185 900 920 154
18186 920 901 154
18187 903 166 167
18188 900 166 903
18189 168 896 167
18190 903 167 896
18191 897 168 169
18192 896 168 897
18193 905 169 170
18194 905 897 169
18195 904 170 171
18196 904 905 170
18197 933 171 172
18198 911 904 171
18199 911 171 933
18200 929 172 173
18201 933 172 929
18202 925 173 174
18203 929 173 925
18204 921 174 175
18205 925 174 921
18206 913 175 176
18207 921 175 913
18208 177 912 176
18209 176 912 913
18210 177 918 912
18211 196 902 197
18212 196 901 902
18213 898 198 197
18214 197 902 898
18215 198 899 199
18216 198 898 899
18217 199 907 200
18218 899 907 199
18219 200 908 201
18220 907 908 200
18221 201 932 202
18222 908 909 201
18223 201 909 932
18224 202 931 203
18225 202 932 931
18226 203 927 204
18227 203 931 927
18228 204 923 205
18229 204 927 923
18230 205 916 206
18231 205 923 916
18232 917 207 206
18233 917 206 916
18234 919 207 917
18235 894 896 895
18236 898 894 895
18237 894 903 896
18238 902 894 898
18239 920 894 902
18240 894 920 903
18241 897 895 896
18242 905 895 897
18243 895 899 898
18244 895 907 899
18245 905 906 895
18246 906 907 895
18247 900 903 920
18248 902 901 920
18249 904 906 905
18250 904 910 906
18251 911 910 904
18252 906 908 907
18253 910 908 906
18254 910 909 908
18255 924 909 910
18256 924 932 909
18257 911 924 910
18258 933 924 911
18259 912 914 913
18260 928 914 912
18261 912 918 928
18262 915 913 914
18263 913 915 921
18264 916 915 914
18265 914 917 916
18266 914 928 917
18267 915 916 923
18268 921 915 922
18269 915 923 922
18270 919 917 928
18271 921 922 925
18272 922 923 927
18273 925 922 926
18274 922 927 926
18275 930 932 924
18276 933 930 924
18277 925 926 929
18278 926 927 931
18279 929 926 930
18280 926 931 930
18281 929 930 933
18282 930 931 932
18283 178 944 13
18284 944 227 13
18285 14 934 185
18286 235 934 14
18287 227 944 17
18288 944 234 17
18289 241 18 228
18290 179 950 178
18291 178 950 944
18292 180 948 179
18293 179 948 950
18294 181 947 180
18295 947 948 180
18296 954 181 182
18297 947 181 981
18298 181 954 981
18299 182 183 953
18300 953 954 182
18301 935 183 184
18302 953 183 935
18303 934 184 185
18304 934 935 184
18305 977 228 229
18306 228 977 241
18307 230 982 229
18308 977 229 976
18309 982 976 229
18310 964 230 231
18311 975 230 964
18312 982 230 975
18313 232 949 231
18314 949 964 231
18315 232 233 945
18316 945 949 232
18317 234 943 233
18318 943 945 233
18319 234 944 943
18320 936 235 236
18321 936 934 235
18322 237 939 236
18323 939 936 236
18324 238 970 237
18325 970 939 237
18326 239 979 238
18327 969 970 238
18328 979 969 238
18329 968 239 240
18330 979 239 968
18331 241 978 240
18332 967 968 240
18333 978 967 240
18334 241 977 978
18335 934 936 935
18336 935 936 937
18337 952 935 937
18338 953 935 952
18339 936 939 937
18340 938 937 939
18341 938 963 937
18342 937 963 952
18343 939 970 938
18344 980 963 938
18345 969 938 970
18346 969 980 938
18347 940 942 941
18348 966 940 941
18349 942 940 959
18350 958 959 940
18351 958 940 966
18352 942 955 941
18353 963 941 955
18354 941 963 980
18355 966 941 980
18356 957 955 942
18357 961 957 942
18358 959 960 942
18359 960 961 942
18360 950 943 944
18361 943 946 945
18362 946 943 950
18363 946 962 945
18364 962 949 945
18365 948 946 950
18366 948 972 946
18367 962 946 972
18368 972 948 947
18369 971 972 947
18370 971 947 981
18371 960 949 962
18372 960 964 949
18373 951 953 952
18374 956 951 952
18375 953 951 954
18376 954 951 981
18377 956 957 951
18378 957 981 951
18379 963 956 952
18380 955 957 956
18381 956 963 955
18382 957 961 971
18383 981 957 971
18384 958 974 959
18385 968 958 966
18386 958 968 967
18387 958 967 973
18388 973 974 958
18389 965 960 959
18390 974 965 959
18391 960 962 961
18392 964 960 965
18393 961 962 971
18394 971 962 972
18395 965 975 964
18396 975 965 974
18397 968 966 979
18398 979 966 969
18399 980 969 966
18400 967 978 973
18401 973 976 974
18402 973 977 976
18403 977 973 978
18404 975 974 976
18405 976 982 975
18406 984 208 15
18407 226 984 15
18408 1012 16 215
18409 242 16 1012
18410 984 226 17
18411 234 984 17
18412 228 18 247
18413 984 209 208
18414 209 986 210
18415 990 209 984
18416 990 986 209
18417 210 985 211
18418 210 986 985
18419 1018 212 211
18420 985 1018 211
18421 212 1025 213
18422 212 1018 1025
18423 213 1008 214
18424 213 1025 1008
18425 214 1012 215
18426 1008 1012 214
18427 228 1004 229
18428 228 247 1004
18429 229 1027 230
18430 1004 1003 229
18431 1027 229 1003
18432 230 997 231
18433 991 997 230
18434 1027 991 230
18435 999 232 231
18436 997 999 231
18437 233 232 998
18438 998 232 999
18439 983 234 233
18440 233 998 983
18441 983 984 234
18442 1006 243 242
18443 242 1012 1006
18444 1024 244 243
18445 243 1006 1024
18446 1030 245 244
18447 1029 244 1024
18448 244 1029 1030
18449 245 988 246
18450 987 988 245
18451 245 1030 987
18452 246 1023 247
18453 988 1022 246
18454 1023 246 1022
18455 1021 1004 247
18456 1023 1021 247
18457 983 990 984
18458 990 983 998
18459 985 986 1001
18460 1002 985 1001
18461 985 1002 1018
18462 986 990 1001
18463 987 989 988
18464 1019 989 987
18465 1028 1019 987
18466 1028 987 1026
18467 1030 1026 987
18468 1022 988 989
18469 989 1020 1005
18470 1005 1022 989
18471 1019 1020 989
18472 1014 990 998
18473 990 1011 1001
18474 1011 990 1014
18475 991 993 992
18476 991 992 997
18477 993 991 1003
18478 991 1027 1003
18479 1017 992 993
18480 999 997 992
18481 992 1010 999
18482 1010 992 1017
18483 1003 1005 993
18484 1020 993 1005
18485 993 1020 1017
18486 994 996 995
18487 1007 994 995
18488 994 1025 996
18489 1007 1008 994
18490 1025 994 1008
18491 995 996 1028
18492 995 1024 1007
18493 1024 995 1026
18494 1026 995 1028
18495 1000 996 1002
18496 996 1000 1015
18497 1002 996 1025
18498 996 1015 1028
18499 999 1009 998
18500 998 1009 1014
18501 999 1010 1009
18502 1000 1002 1001
18503 1000 1001 1011
18504 1013 1000 1011
18505 1015 1000 1013
18506 1018 1002 1025
18507 1004 1005 1003
18508 1004 1021 1005
18509 1022 1005 1021
18510 1006 1008 1007
18511 1007 1024 1006
18512 1008 1006 1012
18513 1010 1013 1009
18514 1009 1013 1011
18515 1014 1009 1011
18516 1013 1010 1017
18517 1013 1016 1015
18518 1013 1017 1016
18519 1015 1016 1028
18520 1020 1016 1017
18521 1016 1020 1019
18522 1019 1028 1016
18523 1021 1023 1022
18524 1026 1029 1024
18525 1029 1026 1030
18526 161 1057 11
18527 1057 195 11
18528 1045 163 12
18529 225 1045 12
18530 1031 14 186
18531 235 14 1031
18532 16 1036 216
18533 16 242 1036
18534 1038 18 241
18535 1038 247 18
18536 162 1057 161
18537 1045 162 163
18538 1045 1046 162
18539 162 1046 1057
18540 187 1031 186
18541 187 188 1033
18542 1031 187 1033
18543 1052 188 189
18544 1033 188 1052
18545 1059 189 190
18546 189 1059 1052
18547 191 1055 190
18548 190 1055 1059
18549 1051 191 192
18550 191 1051 1055
18551 193 1043 192
18552 1048 192 1043
18553 192 1048 1051
18554 1042 193 194
18555 1043 193 1042
18556 195 1058 194
18557 194 1058 1042
18558 195 1057 1058
18559 1036 217 216
18560 217 1035 218
18561 217 1036 1035
18562 218 1054 219
18563 1035 1054 218
18564 1047 220 219
18565 1054 1047 219
18566 220 1050 221
18567 220 1047 1050
18568 1049 222 221
18569 221 1050 1049
18570 1060 223 222
18571 222 1049 1060
18572 1056 224 223
18573 1056 223 1060
18574 1039 225 224
18575 1039 224 1056
18576 1045 225 1039
18577 1031 236 235
18578 236 1031 237
18579 237 1032 238
18580 237 1031 1032
18581 1032 239 238
18582 239 1034 240
18583 239 1032 1034
18584 1034 241 240
18585 1038 241 1034
18586 243 1036 242
18587 1036 243 244
18588 1037 244 245
18589 1036 244 1037
18590 246 1037 245
18591 1038 246 247
18592 1037 246 1038
18593 1031 1033 1032
18594 1032 1033 1034
18595 1033 1053 1034
18596 1052 1053 1033
18597 1053 1038 1034
18598 1035 1036 1037
18599 1035 1037 1038
18600 1053 1035 1038
18601 1053 1054 1035
18602 1039 1041 1040
18603 1039 1040 1045
18604 1056 1041 1039
18605 1041 1042 1040
18606 1058 1040 1042
18607 1040 1046 1045
18608 1046 1040 1058
18609 1042 1041 1043
18610 1044 1043 1041
18611 1056 1044 1041
18612 1044 1048 1043
18613 1048 1044 1049
18614 1049 1044 1060
18615 1060 1044 1056
18616 1046 1058 1057
18617 1047 1055 1050
18618 1054 1053 1047
18619 1053 1059 1047
18620 1055 1047 1059
18621 1048 1049 1051
18622 1050 1051 1049
18623 1050 1055 1051
18624 1059 1053 1052
18949 1179 13 227
18950 260 13 1179
18951 227 17 1179
18952 1179 17 284
18953 1182 21 266
18954 276 21 1182
18955 1182 23 276
18956 290 23 1182
18957 1184 261 260
18958 1179 1184 260
18959 1183 262 261
18960 1184 1183 261
18961 263 262 1178
18962 1183 1178 262
18963 264 263 1177
18964 1178 1177 263
18965 265 264 1180
18966 1180 264 1177
18967 266 265 1181
18968 1181 265 1180
18969 1182 266 1181
18970 1184 284 285
18971 284 1184 1179
18972 1183 285 286
18973 285 1183 1184
18974 286 287 1178
18975 286 1178 1183
18976 287 288 1177
18977 287 1177 1178
18978 288 289 1180
18979 288 1180 1177
18980 289 290 1181
18981 1181 1180 289
18982 1181 290 1182
18983 1192 226 15
18984 277 1192 15
18985 226 1192 17
18986 1192 284 17
18987 275 1189 22
18988 1189 283 22
18989 1189 275 23
18990 290 1189 23
18991 278 1191 277
18992 1192 277 1191
18993 279 1186 278
18994 278 1186 1191
18995 280 1185 279
18996 1186 279 1185
18997 281 1188 280
18998 1188 1185 280
18999 282 1187 281
19000 1187 1188 281
19001 283 1190 282
19002 1190 1187 282
19003 1189 1190 283
19004 284 1191 285
19005 284 1192 1191
19006 285 1186 286
19007 1186 285 1191
19008 286 1185 287
19009 286 1186 1185
19010 287 1188 288
19011 287 1185 1188
19012 288 1187 289
19013 1187 288 1188
19014 289 1190 290
19015 1190 289 1187
19016 1190 1189 290
19616 1605 14 235
19617 1605 291 14
19618 18 1612 241
19619 18 343 1612
19620 1658 24 322
19621 330 24 1658
19622 1608 25 335
19623 374 25 1608
19624 1605 235 236
19625 237 1654 236
19626 1654 1605 236
19627 238 1611 237
19628 1611 1654 237
19629 1586 238 239
19630 238 1586 1579
19631 1611 238 1579
19632 1489 239 240
19633 1489 1586 239
19634 1499 240 241
19635 240 1500 1489
19636 1499 1500 240
19637 1626 1499 241
19638 241 1612 1626
19639 291 1621 292
19640 1620 291 1605
19641 291 1620 1621
19642 1594 293 292
19643 292 1621 1594
19644 1595 294 293
19645 293 1594 1595
19646 1463 295 294
19647 1595 1463 294
19648 295 1464 296
19649 1463 1464 295
19650 296 1663 297
19651 1663 296 1464
19652 1535 298 297
19653 1663 1535 297
19654 1536 299 298
19655 1535 1536 298
19656 1550 300 299
19657 1536 1550 299
19658 300 1541 301
19659 1550 1541 300
19660 1662 302 301
19661 1662 301 1541
19662 1529 303 302
19663 1529 302 1662
19664 1522 304 303
19665 1529 1522 303
19666 304 1642 305
19667 1522 1642 304
19668 1512 306 305
19669 305 1630 1512
19670 1630 305 1642
19671 306 1497 307
19672 1512 1497 306
19673 307 1498 308
19674 1497 1498 307
19675 308 1651 309
19676 1498 1651 308
19677 309 1638 310
19678 1651 1638 309
19679 310 1639 311
19680 1638 1639 310
19681 1671 312 311
19682 1639 1671 311
19683 1614 313 312
19684 312 1671 1614
19685 313 1556 314
19686 1614 1556 313
19687 314 1555 315
19688 314 1556 1555
19689 315 1673 316
19690 315 1555 1673
19691 316 1484 317
19692 316 1673 1484
19693 317 1483 318
19694 317 1484 1483
19695 318 1485 319
19696 318 1483 1485
19697 319 1674 320
19698 1674 319 1485
19699 320 1506 321
19700 1505 1506 320
19701 1674 1505 320
19702 321 1622 322
19703 1506 1622 321
19704 1658 322 1622
19705 330 1622 331
19706 330 1658 1622
19707 1644 332 331
19708 1622 1644 331
19709 1543 333 332
19710 332 1644 1543
19711 333 1544 334
19712 1543 1544 333
19713 1609 335 334
19714 1544 1609 334
19715 1608 335 1609
19716 1613 343 344
19717 1612 343 1613
19718 345 1546 344
19719 1613 344 1546
19720 346 1602 345
19721 1545 1546 345
19722 1545 345 1602
19723 347 1668 346
19724 346 1668 1602
19725 348 1667 347
19726 347 1667 1668
19727 1649 348 349
19728 1667 348 1649
19729 350 1528 349
19730 1528 1649 349
19731 1527 350 351
19732 1527 1528 350
19733 1657 351 352
19734 1601 1527 351
19735 1601 351 1657
19736 353 1657 352
19737 1549 353 354
19738 1549 1583 353
19739 353 1583 1657
19740 1524 354 355
19741 1524 1549 354
19742 1519 355 356
19743 1519 1524 355
19744 357 1513 356
19745 1513 1519 356
19746 358 1590 357
19747 357 1514 1513
19748 1590 1514 357
19749 359 1589 358
19750 1589 1590 358
19751 1504 359 360
19752 1504 1589 359
19753 1473 360 361
19754 1473 1504 360
19755 1669 361 362
19756 1587 1473 361
19757 1587 361 1669
19758 363 1669 362
19759 1460 363 364
19760 1461 363 1460
19761 1461 1669 363
19762 365 1460 364
19763 366 1531 365
19764 1558 1460 365
19765 1558 365 1531
19766 1532 366 367
19767 1531 366 1532
19768 368 1518 367
19769 1518 1532 367
19770 369 1459 368
19771 368 1459 1518
19772 370 1632 369
19773 1459 369 1458
19774 1632 1458 369
19775 1553 370 371
19776 1553 1632 370
19777 372 1552 371
19778 1552 1553 371
19779 1607 372 373
19780 1607 1552 372
19781 1650 373 374
19782 1650 1607 373
19783 374 1608 1650
19784 1453 1455 1454
19785 1453 1454 1456
19786 1659 1455 1453
19787 1453 1456 1465
19788 1465 1661 1453
19789 1453 1661 1659
19790 1455 1571 1454
19791 1456 1454 1563
19792 1655 1563 1454
19793 1655 1454 1571
19794 1569 1570 1455
19795 1569 1455 1659
19796 1455 1570 1571
19797 1575 1465 1456
19798 1563 1574 1456
19799 1575 1456 1574
19800 1457 1459 1458
19801 1457 1458 1466
19802 1670 1459 1457
19803 1466 1672 1457
19804 1672 1670 1457
19805 1568 1466 1458
19806 1458 1631 1568
19807 1458 1632 1631
19808 1459 1670 1518
19809 1460 1462 1461
19810 1462 1460 1558
19811 1461 1462 1616
19812 1616 1669 1461
19813 1462 1558 1564
19814 1564 1617 1462
19815 1618 1616 1462
19816 1617 1618 1462
19817 1463 1659 1464
19818 1595 1569 1463
19819 1463 1569 1659
19820 1661 1464 1659
19821 1661 1663 1464
19822 1560 1561 1465
19823 1560 1465 1575
19824 1661 1465 1561
19825 1672 1466 1484
19826 1676 1484 1466
19827 1466 1568 1487
19828 1487 1676 1466
19829 1467 1469 1468
19830 1467 1468 1470
19831 1469 1467 1567
19832 1470 1565 1467
19833 1467 1565 1597
19834 1567 1467 1597
19835 1469 1494 1468
19836 1470 1468 1580
19837 1468 1494 1598
19838 1468 1598 1580
19839 1493 1494 1469
19840 1493 1469 1567
19841 1559 1565 1470
19842 1581 1559 1470
19843 1581 1470 1580
19844 1471 1473 1472
19845 1471 1472 1474
19846 1471 1504 1473
19847 1501 1471 1474
19848 1502 1471 1501
19849 1502 1503 1471
19850 1503 1504 1471
19851 1472 1473 1587
19852 1474 1472 1478
19853 1472 1492 1478
19854 1472 1587 1492
19855 1478 1479 1474
19856 1479 1501 1474
19857 1475 1477 1476
19858 1475 1476 1533
19859 1475 1517 1477
19860 1524 1517 1475
19861 1530 1524 1475
19862 1530 1475 1533
19863 1476 1477 1480
19864 1526 1476 1480
19865 1476 1526 1533
19866 1477 1516 1480
19867 1477 1513 1514
19868 1477 1517 1513
19869 1477 1514 1515
19870 1477 1515 1516
19871 1651 1479 1478
19872 1481 1482 1478
19873 1481 1478 1492
19874 1482 1638 1478
19875 1651 1478 1638
19876 1498 1496 1479
19877 1479 1496 1501
19878 1498 1479 1651
19879 1480 1516 1523
19880 1521 1480 1523
19881 1521 1526 1480
19882 1482 1481 1618
19883 1616 1481 1492
19884 1616 1618 1481
19885 1641 1482 1618
19886 1638 1482 1639
19887 1639 1482 1641
19888 1484 1676 1483
19889 1487 1485 1483
19890 1676 1487 1483
19891 1673 1672 1484
19892 1485 1487 1486
19893 1485 1486 1505
19894 1505 1674 1485
19895 1486 1487 1488
19896 1488 1592 1486
19897 1505 1486 1637
19898 1637 1486 1592
19899 1568 1488 1487
19900 1488 1554 1592
19901 1488 1631 1554
19902 1631 1488 1568
19903 1489 1491 1490
19904 1489 1490 1586
19905 1491 1489 1500
19906 1656 1490 1491
19907 1578 1579 1490
19908 1578 1490 1656
19909 1586 1490 1579
19910 1491 1500 1596
19911 1604 1491 1596
19912 1652 1491 1604
19913 1652 1656 1491
19914 1669 1492 1587
19915 1492 1669 1616
19916 1493 1495 1494
19917 1495 1493 1648
19918 1493 1567 1566
19919 1566 1648 1493
19920 1494 1495 1557
19921 1494 1557 1598
19922 1527 1495 1528
19923 1527 1557 1495
19924 1648 1528 1495
19925 1496 1498 1497
19926 1497 1509 1496
19927 1501 1496 1509
19928 1512 1509 1497
19929 1499 1626 1500
19930 1596 1500 1626
19931 1507 1502 1501
19932 1509 1507 1501
19933 1502 1588 1503
19934 1510 1502 1507
19935 1510 1588 1502
19936 1504 1503 1589
19937 1588 1589 1503
19938 1505 1643 1506
19939 1637 1643 1505
19940 1506 1623 1622
19941 1623 1506 1643
19942 1507 1509 1508
19943 1507 1508 1510
19944 1509 1511 1508
19945 1510 1508 1665
19946 1508 1511 1640
19947 1640 1665 1508
19948 1509 1512 1511
19949 1588 1510 1515
19950 1510 1665 1515
19951 1512 1630 1511
19952 1511 1630 1520
19953 1511 1520 1640
19954 1517 1519 1513
19955 1590 1515 1514
19956 1515 1665 1516
19957 1515 1590 1588
19958 1640 1523 1516
19959 1665 1640 1516
19960 1524 1519 1517
19961 1532 1518 1645
19962 1670 1645 1518
19963 1520 1522 1521
19964 1520 1521 1523
19965 1522 1520 1642
19966 1640 1520 1523
19967 1642 1520 1630
19968 1525 1521 1522
19969 1525 1526 1521
19970 1525 1522 1529
19971 1530 1549 1524
19972 1525 1624 1526
19973 1525 1529 1627
19974 1624 1525 1627
19975 1533 1526 1537
19976 1624 1537 1526
19977 1601 1557 1527
19978 1648 1649 1528
19979 1627 1529 1662
19980 1548 1530 1533
19981 1548 1666 1530
19982 1666 1549 1530
19983 1646 1531 1532
19984 1531 1615 1558
19985 1646 1615 1531
19986 1645 1646 1532
19987 1548 1533 1537
19988 1534 1536 1535
19989 1535 1562 1534
19990 1534 1551 1536
19991 1565 1551 1534
19992 1562 1591 1534
19993 1534 1591 1565
19994 1561 1562 1535
19995 1663 1561 1535
19996 1536 1551 1550
19997 1582 1548 1537
19998 1625 1582 1537
19999 1624 1625 1537
20000 1538 1540 1539
20001 1538 1539 1541
20002 1540 1538 1581
20003 1550 1538 1541
20004 1551 1538 1550
20005 1559 1538 1551
20006 1581 1538 1559
20007 1539 1540 1627
20008 1539 1662 1541
20009 1662 1539 1627
20010 1540 1581 1625
20011 1540 1625 1624
20012 1627 1540 1624
20013 1542 1544 1543
20014 1543 1635 1542
20015 1609 1544 1542
20016 1542 1636 1609
20017 1542 1635 1634
20018 1542 1634 1636
20019 1543 1623 1635
20020 1644 1623 1543
20021 1545 1547 1546
20022 1545 1604 1547
20023 1602 1603 1545
20024 1545 1603 1604
20025 1546 1547 1613
20026 1596 1547 1604
20027 1626 1547 1596
20028 1626 1613 1547
20029 1582 1675 1548
20030 1666 1548 1599
20031 1675 1599 1548
20032 1583 1549 1666
20033 1559 1551 1565
20034 1552 1554 1553
20035 1552 1606 1554
20036 1606 1552 1607
20037 1553 1554 1631
20038 1631 1632 1553
20039 1554 1606 1592
20040 1633 1555 1556
20041 1555 1633 1672
20042 1672 1673 1555
20043 1614 1615 1556
20044 1633 1556 1615
20045 1557 1601 1598
20046 1564 1558 1615
20047 1560 1562 1561
20048 1591 1562 1560
20049 1576 1560 1575
20050 1591 1560 1576
20051 1663 1661 1561
20052 1572 1574 1563
20053 1585 1572 1563
20054 1660 1585 1563
20055 1660 1563 1655
20056 1614 1564 1615
20057 1617 1564 1614
20058 1565 1591 1597
20059 1573 1566 1567
20060 1572 1566 1573
20061 1572 1585 1566
20062 1584 1566 1585
20063 1648 1566 1584
20064 1576 1573 1567
20065 1576 1567 1597
20066 1570 1569 1593
20067 1595 1593 1569
20068 1629 1571 1570
20069 1593 1628 1570
20070 1628 1629 1570
20071 1571 1629 1656
20072 1652 1655 1571
20073 1652 1571 1656
20074 1572 1573 1574
20075 1573 1576 1574
20076 1574 1576 1575
20077 1591 1576 1597
20078 1577 1579 1578
20079 1578 1629 1577
20080 1579 1577 1611
20081 1610 1611 1577
20082 1577 1628 1610
20083 1577 1629 1628
20084 1629 1578 1656
20085 1580 1582 1581
20086 1675 1582 1580
20087 1598 1599 1580
20088 1599 1675 1580
20089 1625 1581 1582
20090 1600 1583 1599
20091 1583 1666 1599
20092 1600 1657 1583
20093 1647 1584 1585
20094 1647 1667 1584
20095 1584 1649 1648
20096 1649 1584 1667
20097 1647 1585 1660
20098 1588 1590 1589
20099 1606 1637 1592
20100 1593 1595 1594
20101 1594 1619 1593
20102 1628 1593 1619
20103 1619 1594 1621
20104 1598 1600 1599
20105 1598 1601 1600
20106 1657 1600 1601
20107 1603 1602 1664
20108 1668 1664 1602
20109 1652 1604 1603
20110 1652 1603 1653
20111 1664 1653 1603
20112 1654 1620 1605
20113 1607 1636 1606
20114 1636 1634 1606
20115 1634 1637 1606
20116 1636 1607 1650
20117 1609 1650 1608
20118 1650 1609 1636
20119 1610 1654 1611
20120 1619 1620 1610
20121 1619 1610 1628
20122 1620 1654 1610
20123 1613 1626 1612
20124 1671 1617 1614
20125 1615 1646 1633
20126 1617 1641 1618
20127 1641 1617 1671
20128 1619 1621 1620
20129 1623 1644 1622
20130 1623 1643 1635
20131 1646 1645 1633
20132 1672 1633 1645
20133 1637 1634 1635
20134 1643 1637 1635
20135 1639 1641 1671
20136 1672 1645 1670
20137 1660 1664 1647
20138 1664 1668 1647
20139 1667 1647 1668
20140 1652 1653 1655
20141 1655 1653 1660
20142 1653 1664 1660
20143 17 1692 234
20144 1757 17 284
20145 17 1757 1692
20146 343 18 228
20147 342 290 23
20148 336 25 1720
20149 1855 25 374
20150 1855 1720 25
20151 1869 228 229
20152 343 228 1869
20153 1873 229 230
20154 1869 229 1819
20155 229 1873 1819
20156 231 1834 230
20157 1834 1818 230
20158 1818 1873 230
20159 1813 231 232
20160 231 1813 1834
20161 233 1682 232
20162 1682 1683 232
20163 232 1683 1813
20164 1677 233 234
20165 1677 1678 233
20166 1682 233 1678
20167 1677 234 1692
20168 1703 284 285
20169 1704 284 1703
20170 284 1704 1757
20171 1777 285 286
20172 1703 285 1709
20173 285 1711 1709
20174 1711 285 1777
20175 287 1809 286
20176 286 1841 1777
20177 1809 1841 286
20178 1824 287 288
20179 287 1791 1809
20180 287 1823 1791
20181 287 1824 1823
20182 289 1870 288
20183 1733 1824 288
20184 1870 1733 288
20185 1679 289 290
20186 1718 289 1679
20187 1716 289 1718
20188 289 1716 1870
20189 341 290 342
20190 1679 290 341
20191 336 1720 337
20192 337 1721 338
20193 1720 1721 337
20194 338 1842 339
20195 1842 338 1721
20196 339 1680 340
20197 339 1842 1680
20198 1680 341 340
20199 1679 341 1680
20200 1869 344 343
20201 1819 345 344
20202 344 1869 1819
20203 345 1820 346
20204 1820 345 1819
20205 1796 347 346
20206 1820 1796 346
20207 1707 348 347
20208 347 1796 1707
20209 1708 349 348
20210 1707 1708 348
20211 1805 350 349
20212 1804 349 1708
20213 349 1804 1805
20214 350 1780 351
20215 350 1781 1780
20216 1805 1781 350
20217 1839 352 351
20218 1839 351 1780
20219 1782 353 352
20220 1782 352 1839
20221 1737 354 353
20222 1782 1737 353
20223 1699 355 354
20224 1737 1699 354
20225 1698 356 355
20226 1698 355 1699
20227 1763 357 356
20228 1884 356 1698
20229 1763 356 1884
20230 357 1764 358
20231 1763 1764 357
20232 358 1802 359
20233 1764 1802 358
20234 359 1879 360
20235 359 1802 1879
20236 360 1792 361
20237 1792 360 1876
20238 1876 360 1879
20239 1843 362 361
20240 361 1792 1843
20241 1886 363 362
20242 362 1843 1886
20243 363 1811 364
20244 1811 363 1897
20245 1897 363 1886
20246 364 1812 365
20247 1811 1812 364
20248 1685 366 365
20249 1684 1685 365
20250 1684 365 1812
20251 1878 367 366
20252 1685 1784 366
20253 1784 1878 366
20254 1728 368 367
20255 367 1878 1728
20256 368 1729 369
20257 1729 368 1728
20258 369 1755 370
20259 1729 1754 369
20260 1754 1755 369
20261 1891 371 370
20262 370 1755 1877
20263 1877 1891 370
20264 371 1836 372
20265 371 1891 1836
20266 1892 373 372
20267 1836 1838 372
20268 1838 1892 372
20269 373 1741 374
20270 373 1892 1741
20271 1741 1855 374
20272 1677 1815 1678
20273 1692 1693 1677
20274 1677 1693 1697
20275 1815 1677 1697
20276 1682 1678 1814
20277 1678 1807 1814
20278 1815 1807 1678
20279 1679 1680 1825
20280 1679 1825 1718
20281 1842 1825 1680
20282 1681 1683 1682
20283 1681 1682 1814
20284 1797 1683 1681
20285 1681 1798 1797
20286 1681 1803 1798
20287 1814 1803 1681
20288 1813 1683 1797
20289 1684 1686 1685
20290 1684 1845 1686
20291 1812 1846 1684
20292 1845 1684 1846
20293 1685 1686 1687
20294 1687 1784 1685
20295 1866 1687 1686
20296 1866 1686 1845
20297 1852 1784 1687
20298 1854 1852 1687
20299 1687 1866 1854
20300 1688 1690 1689
20301 1688 1689 1691
20302 1688 1860 1690
20303 1691 1865 1688
20304 1858 1859 1688
20305 1865 1858 1688
20306 1859 1860 1688
20307 1829 1689 1690
20308 1691 1689 1756
20309 1689 1829 1756
20310 1731 1826 1690
20311 1690 1860 1731
20312 1826 1829 1690
20313 1734 1865 1691
20314 1691 1893 1734
20315 1893 1691 1756
20316 1758 1693 1692
20317 1757 1758 1692
20318 1693 1694 1697
20319 1694 1693 1766
20320 1766 1693 1758
20321 1694 1696 1695
20322 1694 1695 1817
20323 1766 1696 1694
20324 1697 1694 1817
20325 1695 1696 1903
20326 1726 1727 1695
20327 1903 1726 1695
20328 1695 1727 1816
20329 1816 1817 1695
20330 1785 1696 1766
20331 1696 1785 1903
20332 1817 1815 1697
20333 1699 1727 1698
20334 1698 1727 1726
20335 1726 1884 1698
20336 1727 1699 1737
20337 1700 1702 1701
20338 1701 1841 1700
20339 1868 1702 1700
20340 1809 1790 1700
20341 1790 1868 1700
20342 1809 1700 1841
20343 1874 1701 1702
20344 1840 1841 1701
20345 1701 1906 1840
20346 1701 1874 1898
20347 1701 1898 1904
20348 1906 1701 1904
20349 1872 1702 1868
20350 1871 1702 1872
20351 1702 1871 1874
20352 1703 1705 1704
20353 1705 1703 1712
20354 1712 1703 1709
20355 1714 1704 1705
20356 1715 1704 1714
20357 1757 1704 1715
20358 1912 1705 1712
20359 1713 1714 1705
20360 1713 1705 1912
20361 1706 1708 1707
20362 1795 1706 1707
20363 1798 1708 1706
20364 1797 1706 1795
20365 1798 1706 1797
20366 1795 1707 1796
20367 1798 1804 1708
20368 1709 1711 1710
20369 1833 1709 1710
20370 1709 1833 1712
20371 1710 1711 1844
20372 1749 1710 1748
20373 1710 1753 1748
20374 1710 1749 1833
20375 1753 1710 1844
20376 1777 1778 1711
20377 1711 1778 1844
20378 1712 1833 1832
20379 1712 1832 1912
20380 1821 1714 1713
20381 1713 1822 1821
20382 1822 1713 1912
20383 1913 1715 1714
20384 1714 1821 1889
20385 1714 1889 1913
20386 1768 1757 1715
20387 1715 1881 1768
20388 1881 1715 1913
20389 1716 1718 1717
20390 1716 1717 1725
20391 1769 1716 1725
20392 1870 1716 1769
20393 1717 1718 1719
20394 1717 1719 1735
20395 1743 1725 1717
20396 1743 1717 1735
20397 1719 1718 1825
20398 1719 1723 1735
20399 1723 1719 1825
20400 1720 1722 1721
20401 1883 1722 1720
20402 1855 1883 1720
20403 1722 1723 1721
20404 1721 1723 1842
20405 1722 1724 1723
20406 1883 1724 1722
20407 1724 1735 1723
20408 1825 1842 1723
20409 1735 1724 1736
20410 1736 1724 1738
20411 1724 1740 1738
20412 1724 1883 1740
20413 1725 1743 1864
20414 1773 1769 1725
20415 1773 1725 1864
20416 1831 1760 1726
20417 1884 1726 1760
20418 1726 1903 1831
20419 1737 1816 1727
20420 1728 1730 1729
20421 1878 1730 1728
20422 1729 1730 1734
20423 1729 1734 1893
20424 1729 1893 1754
20425 1730 1902 1734
20426 1878 1857 1730
20427 1900 1730 1857
20428 1902 1730 1900
20429 1731 1733 1732
20430 1826 1731 1732
20431 1731 1824 1733
20432 1860 1824 1731
20433 1733 1769 1732
20434 1769 1847 1732
20435 1826 1732 1827
20436 1862 1827 1732
20437 1847 1862 1732
20438 1733 1870 1769
20439 1865 1734 1899
20440 1902 1899 1734
20441 1736 1743 1735
20442 1738 1742 1736
20443 1736 1742 1743
20444 1782 1783 1737
20445 1816 1737 1783
20446 1738 1740 1739
20447 1739 1885 1738
20448 1885 1742 1738
20449 1739 1740 1741
20450 1741 1892 1739
20451 1885 1739 1838
20452 1892 1838 1739
20453 1741 1740 1855
20454 1883 1855 1740
20455 1743 1742 1864
20456 1742 1885 1864
20457 1744 1746 1745
20458 1744 1745 1747
20459 1744 1901 1746
20460 1744 1747 1910
20461 1901 1744 1910
20462 1790 1745 1746
20463 1747 1745 1791
20464 1790 1791 1745
20465 1790 1746 1868
20466 1746 1856 1868
20467 1746 1901 1856
20468 1823 1747 1791
20469 1747 1823 1859
20470 1859 1858 1747
20471 1858 1910 1747
20472 1748 1750 1749
20473 1794 1750 1748
20474 1752 1748 1753
20475 1752 1794 1748
20476 1749 1750 1751
20477 1749 1751 1833
20478 1751 1750 1772
20479 1750 1794 1772
20480 1772 1774 1751
20481 1751 1774 1832
20482 1832 1833 1751
20483 1752 1753 1759
20484 1752 1759 1788
20485 1794 1752 1788
20486 1759 1753 1844
20487 1754 1756 1755
20488 1754 1893 1756
20489 1909 1755 1756
20490 1907 1877 1755
20491 1755 1909 1907
20492 1829 1909 1756
20493 1768 1758 1757
20494 1766 1758 1768
20495 1788 1759 1789
20496 1887 1789 1759
20497 1887 1759 1844
20498 1760 1762 1761
20499 1761 1765 1760
20500 1760 1831 1762
20501 1763 1760 1765
20502 1760 1763 1884
20503 1849 1761 1762
20504 1765 1761 1801
20505 1850 1801 1761
20506 1761 1849 1850
20507 1762 1831 1830
20508 1830 1882 1762
20509 1882 1849 1762
20510 1763 1765 1764
20511 1801 1764 1765
20512 1801 1802 1764
20513 1766 1768 1767
20514 1766 1767 1785
20515 1767 1768 1881
20516 1830 1785 1767
20517 1830 1767 1882
20518 1882 1767 1881
20519 1847 1769 1773
20520 1770 1772 1771
20521 1770 1771 1843
20522 1774 1772 1770
20523 1774 1770 1776
20524 1776 1770 1779
20525 1770 1792 1779
20526 1770 1843 1792
20527 1772 1793 1771
20528 1793 1886 1771
20529 1843 1771 1886
20530 1772 1794 1793
20531 1773 1861 1847
20532 1861 1773 1864
20533 1774 1776 1775
20534 1774 1775 1832
20535 1775 1776 1895
20536 1775 1895 1822
20537 1912 1775 1822
20538 1832 1775 1912
20539 1776 1779 1895
20540 1777 1840 1778
20541 1777 1841 1840
20542 1840 1888 1778
20543 1844 1778 1888
20544 1779 1792 1876
20545 1876 1894 1779
20546 1894 1895 1779
20547 1806 1780 1781
20548 1780 1806 1800
20549 1800 1839 1780
20550 1803 1781 1805
20551 1808 1781 1803
20552 1781 1808 1806
20553 1799 1783 1782
20554 1782 1800 1799
20555 1839 1800 1782
20556 1817 1783 1799
20557 1783 1817 1816
20558 1784 1852 1857
20559 1857 1878 1784
20560 1830 1831 1785
20561 1903 1785 1831
20562 1786 1788 1787
20563 1787 1810 1786
20564 1788 1786 1794
20565 1793 1794 1786
20566 1886 1793 1786
20567 1897 1786 1810
20568 1786 1897 1886
20569 1787 1788 1789
20570 1787 1789 1911
20571 1810 1787 1911
20572 1789 1887 1904
20573 1904 1905 1789
20574 1905 1911 1789
20575 1791 1790 1809
20576 1795 1796 1828
20577 1813 1797 1795
20578 1834 1813 1795
20579 1828 1834 1795
20580 1828 1796 1820
20581 1803 1804 1798
20582 1799 1800 1807
20583 1799 1807 1815
20584 1817 1799 1815
20585 1807 1800 1806
20586 1880 1802 1801
20587 1801 1850 1880
20588 1802 1880 1879
20589 1803 1805 1804
20590 1808 1803 1814
20591 1806 1808 1807
20592 1807 1808 1814
20593 1810 1812 1811
20594 1810 1811 1897
20595 1846 1812 1810
20596 1810 1911 1846
20597 1818 1820 1819
20598 1873 1818 1819
20599 1820 1818 1828
20600 1834 1828 1818
20601 1890 1821 1822
20602 1821 1890 1889
20603 1896 1890 1822
20604 1896 1822 1895
20605 1823 1824 1859
20606 1859 1824 1860
20607 1826 1827 1829
20608 1829 1827 1907
20609 1827 1862 1907
20610 1909 1829 1907
20611 1835 1837 1836
20612 1891 1835 1836
20613 1863 1837 1835
20614 1835 1875 1863
20615 1877 1875 1835
20616 1891 1877 1835
20617 1836 1837 1838
20618 1838 1837 1885
20619 1837 1863 1885
20620 1906 1888 1840
20621 1888 1887 1844
20622 1905 1845 1846
20623 1866 1845 1867
20624 1845 1905 1867
20625 1911 1905 1846
20626 1861 1862 1847
20627 1848 1850 1849
20628 1848 1849 1851
20629 1848 1880 1850
20630 1848 1851 1890
20631 1908 1880 1848
20632 1890 1908 1848
20633 1849 1882 1851
20634 1913 1851 1882
20635 1851 1889 1890
20636 1889 1851 1913
20637 1852 1854 1853
20638 1857 1852 1853
20639 1856 1853 1854
20640 1901 1853 1856
20641 1857 1853 1900
20642 1853 1901 1900
20643 1854 1872 1856
20644 1871 1854 1866
20645 1854 1871 1872
20646 1856 1872 1868
20647 1858 1865 1899
20648 1910 1858 1899
20649 1862 1861 1875
20650 1863 1861 1864
20651 1861 1863 1875
20652 1862 1875 1907
20653 1864 1885 1863
20654 1867 1871 1866
20655 1871 1867 1874
20656 1874 1867 1898
20657 1905 1898 1867
20658 1875 1877 1907
20659 1894 1876 1879
20660 1894 1879 1880
20661 1880 1908 1894
20662 1882 1881 1913
20663 1887 1888 1904
20664 1888 1906 1904
20665 1890 1896 1908
20666 1894 1896 1895
20667 1896 1894 1908
20668 1898 1905 1904
20669 1900 1901 1899
20670 1899 1902 1900
20671 1901 1910 1899
21281 242 16 2318
21282 2318 16 375
21283 2269 18 247
21284 343 18 2269
21285 25 374 2348
21286 25 2348 419
21287 406 26 2346
21288 414 2346 26
21289 2319 243 242
21290 2318 2319 242
21291 244 243 2278
21292 2278 243 2319
21293 2383 245 244
21294 2212 244 2278
21295 244 2212 2383
21296 2394 246 245
21297 2383 2386 245
21298 245 2386 2394
21299 2372 247 246
21300 246 2376 2372
21301 246 2374 2376
21302 2374 246 2394
21303 2269 247 2372
21304 344 343 2271
21305 2269 2271 343
21306 2336 345 344
21307 344 2271 2336
21308 346 345 2284
21309 2336 2284 345
21310 347 346 2283
21311 2283 346 2284
21312 348 347 2296
21313 2296 347 2283
21314 349 348 2294
21315 2296 2294 348
21316 350 349 2293
21317 2293 349 2294
21318 350 2369 351
21319 350 2293 2369
21320 352 351 2273
21321 2370 2273 351
21322 351 2369 2370
21323 353 352 2272
21324 2272 352 2273
21325 2387 354 353
21326 353 2272 2387
21327 2241 355 354
21328 2387 2241 354
21329 2356 356 355
21330 2239 355 2241
21331 2239 2356 355
21332 2355 357 356
21333 2355 356 2356
21334 2360 358 357
21335 2360 357 2355
21336 2352 359 358
21337 2360 2352 358
21338 2344 360 359
21339 2344 359 2352
21340 2330 361 360
21341 2330 360 2344
21342 2230 362 361
21343 361 2330 2230
21344 2253 363 362
21345 2253 362 2230
21346 2382 364 363
21347 2382 363 2253
21348 2248 365 364
21349 2382 2248 364
21350 366 365 2205
21351 2205 365 2248
21352 2206 367 366
21353 2206 366 2205
21354 368 367 2314
21355 2206 2314 367
21356 369 368 2310
21357 2310 368 2314
21358 2309 370 369
21359 2310 2309 369
21360 371 370 2300
21361 370 2309 2300
21362 372 371 2259
21363 371 2300 2259
21364 2250 373 372
21365 372 2259 2250
21366 2351 374 373
21367 2351 373 2250
21368 374 2351 2348
21369 2321 375 376
21370 2318 375 2321
21371 376 377 2265
21372 376 2265 2321
21373 2257 377 378
21374 377 2257 2265
21375 379 2263 378
21376 2257 378 2258
21377 378 2263 2258
21378 379 380 2228
21379 379 2228 2263
21380 2226 380 381
21381 2228 380 2226
21382 381 382 2307
21383 381 2286 2226
21384 381 2307 2286
21385 382 383 2199
21386 382 2199 2307
21387 383 384 2200
21388 2199 383 2200
21389 384 385 2280
21390 384 2280 2200
21391 2350 385 386
21392 385 2350 2280
21393 386 387 2264
21394 2350 386 2264
21395 387 388 2295
21396 387 2295 2264
21397 2361 388 389
21398 2361 2295 388
21399 389 390 2353
21400 2361 389 2353
21401 390 391 2221
21402 390 2221 2332
21403 2353 390 2332
21404 391 392 2221
21405 392 393 2385
21406 2221 392 2222
21407 392 2385 2222
21408 393 394 2196
21409 2196 2385 393
21410 2184 394 395
21411 2184 2196 394
21412 2184 395 396
21413 2190 396 397
21414 2190 2184 396
21415 2208 397 398
21416 2190 397 2189
21417 2189 397 2208
21418 2207 398 399
21419 398 2207 2208
21420 2308 399 400
21421 2207 399 2308
21422 2180 400 401
21423 2308 400 2180
21424 401 402 2179
21425 401 2179 2180
21426 402 403 2342
21427 402 2342 2179
21428 2345 403 404
21429 403 2345 2342
21430 404 405 2380
21431 2345 404 2380
21432 405 406 2347
21433 2380 405 2347
21434 2347 406 2346
21435 414 415 2346
21436 415 416 2324
21437 415 2324 2346
21438 2302 416 417
21439 416 2302 2324
21440 417 418 2303
21441 2302 417 2303
21442 418 419 2348
21443 2303 418 2348
21444 2297 2180 2179
21445 2179 2210 2297
21446 2179 2342 2210
21447 2180 2297 2299
21448 2299 2308 2180
21449 2181 2182 2183
21450 2181 2204 2182
21451 2181 2183 2239
21452 2216 2204 2181
21453 2181 2215 2216
21454 2215 2181 2240
21455 2181 2239 2240
21456 2182 2202 2183
21457 2381 2202 2182
21458 2182 2204 2381
21459 2183 2202 2355
21460 2239 2183 2356
21461 2183 2355 2356
21462 2184 2185 2186
21463 2185 2184 2190
21464 2186 2196 2184
21465 2186 2185 2252
21466 2288 2185 2190
21467 2185 2288 2252
21468 2186 2194 2196
21469 2232 2194 2186
21470 2232 2186 2253
21471 2186 2252 2253
21472 2187 2188 2189
21473 2188 2187 2205
21474 2207 2187 2189
21475 2205 2187 2206
21476 2187 2244 2206
21477 2244 2187 2207
21478 2188 2190 2189
21479 2188 2288 2190
21480 2248 2188 2205
21481 2248 2288 2188
21482 2208 2207 2189
21483 2191 2192 2193
21484 2192 2191 2360
21485 2193 2349 2191
21486 2191 2338 2344
21487 2191 2349 2338
21488 2191 2344 2352
21489 2360 2191 2352
21490 2192 2203 2193
21491 2192 2202 2203
21492 2202 2192 2360
21493 2193 2197 2198
21494 2193 2203 2197
21495 2198 2349 2193
21496 2194 2195 2196
21497 2194 2317 2195
21498 2231 2194 2232
21499 2194 2231 2317
21500 2385 2196 2195
21501 2223 2222 2195
21502 2222 2385 2195
21503 2195 2317 2223
21504 2332 2198 2197
21505 2197 2203 2384
21506 2353 2332 2197
21507 2353 2197 2358
21508 2197 2384 2358
21509 2221 2223 2198
21510 2221 2198 2332
21511 2223 2349 2198
21512 2199 2200 2201
21513 2287 2199 2201
21514 2307 2199 2287
21515 2341 2201 2200
21516 2200 2280 2274
21517 2200 2274 2341
21518 2287 2201 2289
21519 2201 2341 2289
21520 2202 2381 2203
21521 2202 2360 2355
21522 2384 2203 2381
21523 2216 2242 2204
21524 2359 2204 2242
21525 2381 2204 2359
21526 2246 2206 2244
21527 2246 2314 2206
21528 2244 2207 2308
21529 2209 2210 2211
21530 2297 2210 2209
21531 2209 2211 2309
21532 2209 2298 2297
21533 2310 2298 2209
21534 2310 2209 2309
21535 2211 2210 2391
21536 2218 2210 2342
21537 2391 2210 2218
21538 2211 2217 2300
21539 2391 2217 2211
21540 2309 2211 2300
21541 2212 2213 2214
21542 2212 2220 2213
21543 2383 2212 2214
21544 2212 2368 2220
21545 2368 2212 2278
21546 2389 2214 2213
21547 2220 2375 2213
21548 2213 2375 2389
21549 2214 2386 2383
21550 2386 2214 2389
21551 2224 2216 2215
21552 2224 2215 2225
21553 2243 2225 2215
21554 2215 2240 2243
21555 2224 2247 2216
21556 2242 2216 2343
21557 2343 2216 2247
21558 2217 2218 2219
21559 2218 2217 2391
21560 2335 2217 2219
21561 2259 2300 2217
21562 2335 2259 2217
21563 2219 2218 2326
21564 2345 2326 2218
21565 2218 2342 2345
21566 2219 2323 2251
21567 2251 2335 2219
21568 2219 2326 2323
21569 2266 2268 2220
21570 2220 2320 2266
21571 2220 2268 2375
21572 2320 2220 2368
21573 2221 2222 2223
21574 2317 2349 2223
21575 2224 2225 2339
21576 2331 2247 2224
21577 2224 2260 2331
21578 2339 2260 2224
21579 2243 2334 2225
21580 2339 2225 2334
21581 2226 2227 2228
21582 2226 2229 2227
21583 2226 2286 2229
21584 2227 2313 2228
21585 2227 2229 2311
21586 2311 2313 2227
21587 2263 2228 2313
21588 2285 2229 2286
21589 2229 2285 2379
21590 2379 2311 2229
21591 2230 2231 2232
21592 2230 2330 2231
21593 2253 2230 2232
21594 2317 2231 2338
21595 2338 2231 2330
21596 2233 2234 2235
21597 2233 2236 2234
21598 2291 2233 2235
21599 2238 2236 2233
21600 2233 2237 2238
21601 2237 2233 2291
21602 2285 2235 2234
21603 2236 2364 2234
21604 2234 2379 2285
21605 2234 2364 2379
21606 2235 2285 2289
21607 2290 2235 2289
21608 2290 2291 2235
21609 2305 2236 2238
21610 2305 2363 2236
21611 2236 2363 2364
21612 2306 2238 2237
21613 2377 2237 2291
21614 2306 2237 2378
21615 2377 2378 2237
21616 2292 2305 2238
21617 2306 2292 2238
21618 2239 2241 2240
21619 2241 2243 2240
21620 2243 2241 2387
21621 2242 2282 2281
21622 2281 2359 2242
21623 2242 2343 2282
21624 2334 2243 2272
21625 2387 2272 2243
21626 2244 2245 2246
21627 2245 2244 2308
21628 2245 2256 2246
21629 2245 2299 2256
21630 2308 2299 2245
21631 2256 2314 2246
21632 2254 2247 2255
21633 2343 2247 2254
21634 2255 2247 2331
21635 2288 2248 2382
21636 2249 2250 2251
21637 2351 2250 2249
21638 2301 2249 2251
21639 2301 2348 2249
21640 2348 2351 2249
21641 2335 2251 2250
21642 2250 2259 2335
21643 2323 2301 2251
21644 2252 2382 2253
21645 2252 2288 2382
21646 2390 2254 2255
21647 2343 2254 2282
21648 2350 2282 2254
21649 2350 2254 2390
21650 2255 2262 2274
21651 2255 2331 2262
21652 2255 2274 2390
21653 2298 2256 2299
21654 2298 2310 2256
21655 2310 2314 2256
21656 2257 2258 2266
21657 2266 2265 2257
21658 2313 2258 2263
21659 2266 2258 2267
21660 2258 2313 2267
21661 2260 2261 2262
21662 2340 2261 2260
21663 2331 2260 2262
21664 2339 2340 2260
21665 2290 2262 2261
21666 2291 2290 2261
21667 2291 2261 2377
21668 2340 2377 2261
21669 2341 2274 2262
21670 2290 2341 2262
21671 2264 2281 2282
21672 2264 2295 2281
21673 2350 2264 2282
21674 2266 2320 2265
21675 2320 2321 2265
21676 2266 2267 2268
21677 2312 2268 2267
21678 2267 2313 2312
21679 2312 2329 2268
21680 2268 2329 2375
21681 2269 2270 2271
21682 2269 2372 2270
21683 2337 2271 2270
21684 2270 2373 2337
21685 2270 2372 2376
21686 2373 2270 2376
21687 2336 2271 2337
21688 2272 2273 2334
21689 2333 2334 2273
21690 2370 2333 2273
21691 2390 2274 2280
21692 2275 2276 2277
21693 2275 2366 2276
21694 2275 2277 2283
21695 2283 2315 2275
21696 2366 2275 2315
21697 2276 2279 2277
21698 2328 2279 2276
21699 2276 2366 2328
21700 2279 2304 2277
21701 2296 2283 2277
21702 2304 2296 2277
21703 2278 2319 2368
21704 2279 2305 2304
21705 2392 2305 2279
21706 2279 2328 2392
21707 2280 2350 2390
21708 2295 2357 2281
21709 2281 2357 2359
21710 2315 2283 2284
21711 2316 2315 2284
21712 2284 2336 2316
21713 2285 2286 2287
21714 2289 2285 2287
21715 2287 2286 2307
21716 2290 2289 2341
21717 2292 2293 2294
21718 2306 2293 2292
21719 2294 2304 2292
21720 2304 2305 2292
21721 2306 2371 2293
21722 2369 2293 2371
21723 2304 2294 2296
21724 2357 2295 2361
21725 2297 2298 2299
21726 2301 2302 2303
21727 2302 2301 2323
21728 2348 2301 2303
21729 2302 2323 2324
21730 2305 2392 2363
21731 2378 2371 2306
21732 2311 2312 2313
21733 2312 2311 2393
21734 2311 2364 2362
21735 2362 2393 2311
21736 2364 2311 2379
21737 2393 2329 2312
21738 2322 2315 2316
21739 2315 2322 2366
21740 2373 2322 2316
21741 2336 2337 2316
21742 2316 2337 2373
21743 2338 2349 2317
21744 2321 2319 2318
21745 2319 2321 2368
21746 2368 2321 2320
21747 2322 2365 2366
21748 2365 2322 2373
21749 2323 2325 2324
21750 2323 2326 2325
21751 2325 2346 2324
21752 2325 2326 2380
21753 2346 2325 2347
21754 2380 2347 2325
21755 2345 2380 2326
21756 2327 2328 2329
21757 2392 2328 2327
21758 2327 2329 2393
21759 2327 2362 2363
21760 2327 2393 2362
21761 2363 2392 2327
21762 2328 2367 2329
21763 2366 2367 2328
21764 2329 2367 2375
21765 2338 2330 2344
21766 2333 2354 2334
21767 2333 2378 2354
21768 2370 2371 2333
21769 2333 2371 2378
21770 2339 2334 2340
21771 2340 2334 2354
21772 2354 2377 2340
21773 2361 2353 2358
21774 2377 2354 2378
21775 2357 2358 2359
21776 2361 2358 2357
21777 2384 2359 2358
21778 2381 2359 2384
21779 2362 2364 2363
21780 2365 2367 2366
21781 2365 2389 2367
21782 2365 2373 2374
21783 2388 2365 2374
21784 2389 2365 2388
21785 2367 2389 2375
21786 2371 2370 2369
21787 2376 2374 2373
21788 2374 2386 2388
21789 2394 2386 2374
21790 2388 2386 2389
2 7 2 197
18794 1123 253 19
18795 267 1123 19
18796 254 1122 20
18797 1122 271 20
18798 1129 270 21
18799 276 1129 21
18800 274 1128 22
18801 1128 275 22
18802 1128 23 275
18803 23 1129 276
18804 23 1128 1129
18805 253 1122 254
18806 253 1123 1122
18807 1124 267 268
18808 1124 1123 267
18809 1126 268 269
18810 268 1126 1124
18811 1125 269 270
18812 269 1125 1126
18813 1129 1125 270
18814 1130 272 271
18815 1122 1130 271
18816 1126 273 272
18817 272 1130 1126
18818 273 1127 274
18819 1127 273 1126
18820 1127 1128 274
18821 1124 1122 1123
18822 1122 1124 1130
18823 1130 1124 1126
18824 1125 1127 1126
18825 1129 1127 1125
18826 1127 1129 1128
19535 1429 276 21
19536 323 1429 21
19537 276 1429 23
19538 1429 342 23
19539 1434 329 24
19540 330 1434 24
19541 1424 335 25
19542 1424 25 336
19543 324 1429 323
19544 325 1442 324
19545 1442 1429 324
19546 326 1452 325
19547 1452 1442 325
19548 327 1438 326
19549 1438 1452 326
19550 1431 327 328
19551 1431 1438 327
19552 329 1426 328
19553 328 1426 1431
19554 1434 1426 329
19555 1433 330 331
19556 1433 1434 330
19557 332 1439 331
19558 1439 1433 331
19559 333 1441 332
19560 1439 332 1441
19561 333 334 1436
19562 1436 1441 333
19563 335 1437 334
19564 334 1437 1436
19565 1424 1437 335
19566 337 1424 336
19567 337 338 1427
19568 337 1425 1424
19569 1425 337 1427
19570 1427 338 339
19571 340 1432 339
19572 339 1449 1427
19573 1432 1449 339
19574 341 1428 340
19575 340 1428 1432
19576 1429 341 342
19577 1428 341 1429
19578 1437 1424 1425
19579 1445 1425 1427
19580 1425 1436 1437
19581 1445 1436 1425
19582 1430 1431 1426
19583 1430 1426 1433
19584 1433 1426 1434
19585 1427 1449 1445
19586 1428 1429 1442
19587 1443 1432 1428
19588 1442 1443 1428
19589 1431 1430 1438
19590 1435 1430 1433
19591 1430 1435 1447
19592 1447 1438 1430
19593 1432 1443 1451
19594 1432 1451 1449
19595 1439 1435 1433
19596 1439 1440 1435
19597 1435 1440 1447
19598 1446 1441 1436
19599 1445 1446 1436
19600 1438 1447 1444
19601 1452 1438 1444
19602 1439 1441 1440
19603 1441 1446 1440
19604 1450 1440 1446
19605 1448 1447 1440
19606 1448 1440 1450
19607 1442 1444 1443
19608 1442 1452 1444
19609 1444 1448 1443
19610 1451 1443 1448
19611 1444 1447 1448
19612 1445 1450 1446
19613 1445 1449 1450
19614 1450 1451 1448
19615 1451 1450 1449
21198 2177 22 275
21199 407 22 2177
21200 275 23 2177
21201 2177 23 342
21202 2163 336 25
21203 2163 25 419
21204 2159 26 413
21205 414 26 2159
21206 2154 337 336
21207 2154 336 2163
21208 2155 338 337
21209 2154 2155 337
21210 2157 339 338
21211 2155 2157 338
21212 2157 340 339
21213 2150 341 340
21214 2150 340 2167
21215 340 2157 2167
21216 2150 342 341
21217 2177 342 2150
21218 408 407 2177
21219 2149 409 408
21220 2149 408 2177
21221 410 409 2171
21222 2149 2171 409
21223 411 410 2158
21224 2171 2158 410
21225 2158 412 411
21226 413 412 2153
21227 412 2152 2153
21228 412 2158 2152
21229 2159 413 2153
21230 2160 415 414
21231 2160 414 2159
21232 416 415 2164
21233 2164 415 2160
21234 2178 417 416
21235 2164 2169 416
21236 2169 2178 416
21237 418 417 2178
21238 419 418 2166
21239 418 2165 2166
21240 418 2178 2165
21241 2163 419 2166
21242 2149 2150 2151
21243 2149 2177 2150
21244 2171 2149 2151
21245 2151 2150 2167
21246 2170 2151 2167
21247 2172 2151 2170
21248 2171 2151 2172
21249 2161 2153 2152
21250 2173 2152 2158
21251 2152 2173 2161
21252 2159 2153 2160
21253 2153 2161 2160
21254 2154 2162 2155
21255 2154 2163 2162
21256 2156 2157 2155
21257 2155 2175 2156
21258 2175 2155 2162
21259 2170 2157 2156
21260 2170 2156 2172
21261 2174 2172 2156
21262 2175 2174 2156
21263 2170 2167 2157
21264 2158 2171 2173
21265 2164 2160 2161
21266 2164 2161 2168
21267 2161 2173 2168
21268 2166 2162 2163
21269 2162 2166 2165
21270 2175 2162 2165
21271 2164 2168 2169
21272 2175 2165 2176
21273 2176 2165 2178
21274 2169 2168 2176
21275 2172 2168 2173
21276 2172 2174 2168
21277 2174 2176 2168
21278 2178 2169 2176
21279 2171 2172 2173
21280 2175 2176 2174
3 1 4 16813
1 2399 2415 698 2421
2 672 660 479 2400
3 740 2400 489 2434
4 2399 2413 2412 2457
5 485 2397 476 2415
6 698 2420 2399 2421
7 476 2414 2397 2430
8 546 2398 2417 2428
9 546 2419 2398 2429
10 513 479 660 2400
11 2413 2419 2397 2447
12 2397 2413 711 2419
13 2415 2421 2399 2449
14 485 476 2397 2422
15 473 496 2398 2422
16 2397 2414 632 2430
17 2397 2422 476 2430
18 520 2403 677 2451
19 660 2400 672 2442
20 632 2397 2430 2447
21 2398 2422 496 2426
22 437 439 440 2423
23 711 2415 2397 2422
24 2427 2437 2402 2438
25 714 2422 2398 2426
26 698 2413 2399 2420
27 2396 2445 2425 2446
28 603 632 2414 2430
29 672 2400 479 2448
30 698 2399 2413 2415
31 657 2433 2401 2437
32 571 2400 739 2434
33 520 677 674 2451
34 2400 2434 571 2450
35 2397 2415 485 2422
36 724 2401 465 2438
37 556 2419 2413 2447
38 424 2405 2406 2408
39 424 2406 2407 2408
40 672 2442 2400 2448
41 2417 2430 2397 2447
42 663 440 439 2423
43 546 2417 578 2428
44 2398 2419 714 2429
45 740 514 489 2400
46 2403 2404 482 2451
47 737 2400 740 2434
48 726 2401 725 2436
49 2396 494 2410 2439
50 502 2398 496 2426
51 2402 2428 564 2435
52 724 725 2401 2438
53 496 502 473 2398
54 2396 2410 494 2452
55 572 2419 546 2429
56 2399 2413 574 2420
57 596 2417 595 2428
58 484 2403 482 2451
59 2426 2427 2402 2438
60 644 2435 2401 2450
61 465 2401 724 2434
62 2397 2412 632 2414
63 546 2417 2398 2419
64 686 523 437 2423
65 603 2414 631 2430
66 699 2415 445 2421
67 574 2399 2420 2425
68 473 2422 2398 2453
69 727 514 740 2400
70 660 513 2400 2433
71 546 579 2398 2428
72 2395 2406 2405 2408
73 735 725 726 2401
74 2411 2445 2396 2446
75 613 2409 2440 2454
76 595 594 2428 2453
77 424 2406 427 2407
78 632 2412 2397 2447
79 735 724 725 2401
80 596 595 594 2428
81 735 2401 726 2434
82 660 667 2400 2442
83 2399 574 2413 2457
84 2395 2407 2406 2408
85 596 578 2417 2428
86 2412 2413 574 2457
87 520 2404 2403 2451
88 2403 2442 671 2448
89 2401 2433 493 2437
90 574 2399 2425 2457
91 546 2398 579 2429
92 739 2400 562 2443
93 644 657 2401 2435
94 560 2400 571 2450
95 562 739 571 2400
96 660 2400 661 2433
97 484 483 482 2403
98 473 2398 502 2453
99 521 2403 520 2404
100 550 2403 521 2404
101 2425 2445 575 2446
102 442 437 440 2423
103 595 2428 2417 2453
104 721 2402 2429 2436
105 562 571 560 2400
106 2418 2421 2396 2439
107 701 2413 2397 2415
108 485 476 447 2415
109 2398 2427 502 2453
110 2399 2412 2397 2414
111 672 671 2442 2448
112 721 2402 2426 2429
113 2398 2426 502 2427
114 446 2421 2415 2449
115 540 2416 2407 2441
116 717 2426 2398 2429
117 2397 2412 2399 2413
118 2409 2410 494 2439
119 724 2401 735 2434
120 2399 2414 2397 2415
121 657 644 2401 2450
122 437 442 441 2423
123 563 2436 2401 2450
124 657 640 2433 2437
125 677 2403 668 2451
126 611 2411 2409 2446
127 582 2413 700 2420
128 520 674 2404 2451
129 2396 2410 2409 2439
130 618 2405 645 2454
131 721 2426 2402 2438
132 635 564 2428 2435
133 727 740 737 2400
134 603 631 632 2430
135 657 2401 642 2437
136 660 667 661 2400
137 439 437 523 2423
138 2397 2413 2399 2415
139 2402 2436 721 2438
140 473 2430 2422 2453
141 709 711 2413 2419
142 686 685 523 2423
143 696 699 445 2421
144 566 2445 2411 2446
145 511 2437 2427 2438
146 2398 2428 579 2429
147 2396 2420 2418 2425
148 479 2400 512 2448
149 555 663 439 525
150 613 618 645 2454
151 690 2400 739 2443
152 642 2401 657 2435
153 440 593 442 2423
154 489 2400 486 2434
155 2409 2410 2396 2411
156 719 2422 714 2426
157 487 2401 493 2437
158 723 437 441 2423
159 2418 2420 2399 2425
160 434 2406 553 2407
161 550 551 521 2403
162 556 709 2413 2419
163 611 614 2409 2411
164 657 2401 2433 2450
165 719 496 2422 2426
166 711 2397 2419 2422
167 2396 2418 2420 2421
168 526 529 621 2404
169 2396 2411 2410 2416
170 613 615 618 2440
171 2399 2420 2418 2421
172 560 562 2400 2443
173 2395 2410 2409 2411
174 2401 2435 563 2450
175 656 544 2406 2440
176 660 672 667 2442
177 427 2406 434 2407
178 428 478 2405 2408
179 513 512 479 2400
180 677 668 674 2451
181 440 663 593 2423
182 2402 2427 636 2437
183 472 428 478 2405
184 476 443 2414 2430
185 711 713 2415 2422
186 618 2406 2405 2440
187 2407 2416 707 2456
188 542 541 540 2407
189 618 650 2405 2406
190 714 2398 717 2426
191 487 465 2401 2438
192 717 2398 714 2429
193 514 2400 727 2448
194 442 480 441 2423
195 725 2436 2401 2438
196 582 574 2413 2420
197 525 663 439 2423
198 490 2401 487 2437
199 701 711 2397 2413
200 737 739 2400 2434
201 706 423 2407 2408
202 489 514 486 2400
203 656 2406 616 2440
204 498 2421 2418 2439
205 611 2409 2439 2446
206 2406 2440 544 2441
207 715 714 2419 2429
208 711 701 2397 2415
209 713 485 2415 2422
210 526 2404 621 2431
211 522 677 520 2403
212 424 427 426 2407
213 525 439 523 2423
214 2410 2411 2395 2416
215 698 700 2413 2420
216 445 2415 446 2421
217 739 690 737 2400
218 453 2404 455 2431
219 511 2427 2426 2438
220 487 2433 2401 2434
221 493 2401 487 2433
222 727 2400 690 2448
223 723 441 480 2423
224 714 2419 2398 2422
225 571 2434 738 2450
226 450 2403 671 2448
227 566 575 2445 2446
228 602 2449 2414 2457
229 582 700 693 2420
230 586 564 2402 2428
231 661 2400 667 2455
232 592 521 520 2404
233 546 579 572 2429
234 522 670 677 2403
235 487 2401 490 2438
236 636 2427 2402 2428
237 487 2401 465 2434
238 669 671 2403 2442
239 2409 2411 2396 2446
240 2395 2405 2440 2454
241 619 2404 453 2431
242 656 617 544 2440
243 572 715 2419 2429
244 624 2411 534 2440
245 456 453 619 2404
246 694 2420 698 2421
247 2397 2417 2422 2430
248 560 2443 2400 2455
249 640 493 2433 2437
250 2420 2425 2396 2445
251 563 2435 2401 2436
252 420 470 647 421
253 2409 2396 2439 2446
254 618 616 650 2406
255 546 578 579 2428
256 650 432 2405 2406
257 2400 2433 486 2434
258 642 2401 2435 2437
259 526 529 530 621
260 616 2406 618 2440
261 532 553 2406 2407
262 423 424 2407 2408
263 2400 2443 690 2448
264 2416 2445 679 2452
265 2411 2416 2396 2445
266 611 2409 609 2439
267 2417 2419 2397 2422
268 570 538 2436 2450
269 545 553 434 2406
270 482 2403 734 2404
271 566 2416 2411 2445
272 648 618 650 2405
273 2410 2416 679 2452
274 571 739 738 2434
275 532 2407 2406 2441
276 535 2431 623 2432
277 528 2404 526 2431
278 647 470 646 2405
279 727 737 690 2400
280 638 636 2427 2437
281 2398 2422 2417 2430
282 426 427 434 2407
283 606 2449 602 2457
284 635 564 634 2428
285 606 2418 2449 2457
286 468 2408 469 2444
287 424 426 423 2407
288 542 540 707 2407
289 544 543 656 2406
290 614 2409 2411 2440
291 529 592 520 2404
292 564 583 634 2428
293 424 2405 432 2406
294 656 616 617 2440
295 486 2400 513 2433
296 657 642 640 2437
297 471 645 646 2405
298 2400 2450 560 2455
299 638 2427 491 2437
300 2410 2444 684 2456
301 484 2403 450 2448
302 424 428 2405 2408
303 647 420 421 422
304 621 530 526 2431
305 442 593 452 451
306 570 2436 563 2450
307 2398 2419 2417 2422
308 2402 2427 2398 2428
309 614 609 611 2409
310 529 520 674 2404
311 732 2431 527 2432
312 670 668 677 2403
313 471 645 2405 2454
314 602 2414 604 2457
315 596 639 595 2417
316 2402 2426 2398 2427
317 508 696 445 2421
318 675 456 2404 2451
319 2417 2428 2398 2453
320 706 2408 2407 2456
321 436 706 423 2407
322 721 2429 716 2436
323 543 676 656 2406
324 556 2413 558 2447
325 466 724 465 2438
326 636 2435 2402 2437
327 648 650 432 2405
328 2395 2440 2409 2454
329 2402 2435 586 2436
330 661 2433 2400 2455
331 486 2400 514 2448
332 734 2403 550 2404
333 593 451 442 2423
334 490 2401 2437 2438
335 484 483 2403 2448
336 529 674 621 2404
337 443 631 2414 2430
338 674 620 621 2404
339 482 483 689 2403
340 575 2425 2420 2445
341 472 421 428 2405
342 2402 2428 2398 2429
343 438 686 523 437
344 534 544 2440 2441
345 596 578 639 2417
346 647 648 422 2405
347 556 709 557 2413
348 2398 2426 2402 2429
349 471 646 470 2405
350 557 709 703 2413
351 619 621 2404 2431
352 550 592 528 2404
353 486 2433 487 2434
354 604 2414 2412 2457
355 2418 2421 498 2449
356 490 487 493 2437
357 2422 2430 2398 2453
358 571 738 538 2450
359 527 2431 535 2432
360 453 457 619 2431
361 459 2405 478 2408
362 732 454 2431 2432
363 424 432 427 2406
364 661 2450 2433 2455
365 423 706 705 2408
366 729 723 481 2423
367 592 550 521 2404
368 478 459 472 2405
369 586 2429 2402 2436
370 532 2406 544 2441
371 617 624 534 2440
372 511 491 2427 2437
373 564 586 2402 2435
374 675 456 619 2404
375 644 642 657 2435
376 613 645 2409 2454
377 657 2433 661 2450
378 455 2404 733 2431
379 478 428 429 2408
380 644 568 2435 2450
381 422 648 432 2405
382 439 523 555 525
383 680 707 2416 2456
384 469 2408 708 2444
385 423 425 424 2408
386 738 735 726 2434
387 469 477 705 2408
388 582 693 584 2420
389 732 527 536 2432
390 480 481 723 2423
391 698 693 700 2420
392 2400 2443 2442 2455
393 586 2428 2402 2429
394 563 2435 568 2450
395 615 616 618 2440
396 2405 2406 2395 2440
397 480 442 451 2423
398 620 619 621 2404
399 2414 2449 2399 2457
400 685 524 523 2423
401 671 669 2403 2451
402 671 2403 450 2451
403 435 434 553 2407
404 528 592 526 2404
405 495 494 2410 2452
406 647 421 470 2405
407 505 2424 651 2432
408 666 593 663 2423
409 456 517 453 2404
410 622 2431 462 2432
411 498 509 2421 2452
412 462 2431 454 2432
413 638 636 600 2427
414 2414 2415 2399 2449
415 487 490 465 2438
416 543 544 545 2406
417 532 541 553 2407
418 624 2411 611 2446
419 529 526 592 2404
420 669 672 671 2442
421 646 648 647 2405
422 647 422 421 2405
423 560 559 2443 2455
424 679 2416 2410 2456
425 476 2422 474 2430
426 2402 2437 2401 2438
427 522 520 521 2403
428 612 645 461 2409
429 2407 2441 2416 2456
430 2402 2435 2401 2437
431 732 463 454 2432
432 595 598 594 2453
433 535 623 652 2432
434 528 733 2404 2431
435 545 532 553 2406
436 457 453 619 456
437 695 679 2445 2452
438 545 434 433 2406
439 696 694 698 2421
440 428 425 429 2408
441 639 2417 548 2447
442 586 583 564 2428
443 713 485 448 2415
444 460 2410 2409 2454
445 534 624 581 2411
446 2417 2419 547 2447
447 460 494 2409 2410
448 469 705 708 2408
449 679 2410 684 2456
450 730 588 2424 2432
451 621 623 530 2431
452 721 2436 725 2438
453 638 600 491 2427
454 627 2425 2418 2457
455 2401 2436 2402 2438
456 713 448 702 2415
457 493 641 492 2437
458 450 2403 484 2451
459 627 610 2439 2446
460 534 2440 2411 2441
461 550 689 551 2403
462 626 2425 580 2446
463 2401 2435 2402 2436
464 537 651 2424 2432
465 669 2403 670 2442
466 455 517 482 2404
467 635 634 636 2428
468 512 513 486 2400
469 645 461 2409 2454
470 704 552 542 2407
471 2405 2408 459 2454
472 611 624 614 2411
473 627 610 2418 2439
474 546 547 2417 2419
475 532 541 2407 2441
476 2400 2442 667 2455
477 537 2424 588 2432
478 558 574 2412 2413
479 429 430 477 2408
480 736 465 724 2434
481 534 544 617 2440
482 481 98 729 2423
483 670 2403 522 2442
484 675 619 620 2404
485 687 2403 483 2448
486 705 430 423 2408
487 632 631 629 2430
488 558 2413 2412 2447
489 639 637 2417 2447
490 566 533 2411 2416
491 614 613 2409 2440
492 587 537 651 2424
493 484 450 483 2448
494 620 2404 674 2451
495 730 2424 506 2432
496 423 430 425 2408
497 536 527 535 2432
498 599 2427 636 2428
499 460 2444 2410 2454
500 714 717 719 2426
501 589 716 2429 2436
502 645 618 646 2405
503 525 591 666 2423
504 522 2442 2403 2443
505 464 505 651 2432
506 582 584 574 2420
507 454 453 455 2431
508 604 603 632 2414
509 670 669 668 2403
510 431 676 543 2406
511 624 581 2411 2446
512 604 632 2412 2414
513 574 2420 575 2425
514 429 477 478 2408
515 675 2404 620 2451
516 668 2403 669 2451
517 570 538 563 2436
518 614 2411 624 2440
519 489 486 487 2434
520 453 517 455 2404
521 435 426 434 2407
522 502 496 516 2426
523 660 658 513 2433
524 2412 2413 2397 2447
525 655 606 2418 2449
526 640 641 493 2437
527 454 455 733 2431
528 2410 2416 2395 2456
529 661 659 2450 2455
530 2442 2443 559 2455
531 473 474 2422 2430
532 455 482 734 2404
533 2395 2411 2409 2440
534 425 430 429 2408
535 517 482 2404 2451
536 456 517 2404 2451
537 715 717 714 2429
538 421 424 428 2405
539 587 588 537 2424
540 550 528 734 2404
541 534 532 544 2441
542 431 650 676 2406
543 485 474 476 2422
544 633 2412 519 2457
545 2412 2414 2399 2457
546 704 542 707 2407
547 671 668 669 2451
548 471 470 472 2405
549 660 661 658 2433
550 486 512 2400 2448
551 498 494 509 2452
552 619 457 622 2431
553 629 2417 637 2447
554 657 661 659 2450
555 538 726 539 2436
556 653 510 2423 2424
557 545 433 543 2406
558 548 639 578 2417
559 519 2412 574 2457
560 666 663 525 2423
561 468 458 459 2444
562 694 2420 2421 2452
563 689 734 482 2403
564 607 627 2418 2457
565 566 2411 581 2446
566 435 553 552 2407
567 517 484 482 2451
568 477 469 468 2408
569 622 462 649 2432
570 2418 627 2439 2446
571 655 605 606 2449
572 566 567 2416 2445
573 462 622 457 2431
574 2418 2425 627 2446
575 685 728 524 2423
576 2417 2430 629 2453
577 653 2423 664 2424
578 704 706 436 2407
579 436 423 426 2407
580 731 732 536 2432
581 470 421 472 2405
582 491 600 507 2427
583 452 480 442 451
584 606 607 2418 2457
585 676 650 616 2406
586 498 2418 499 2439
587 432 650 431 2406
588 694 692 2420 2445
589 424 425 428 2408
590 504 2409 494 2439
591 527 733 528 2431
592 431 543 433 2406
593 586 589 2429 2436
594 541 542 552 2407
595 2399 2421 2418 2449
596 495 509 494 2452
597 612 613 645 2409
598 490 2437 511 2438
599 656 676 616 2406
600 473 475 2430 2453
601 601 2414 602 2449
602 462 454 463 2432
603 710 715 714 2419
604 467 469 708 2444
605 2399 2449 2418 2457
606 639 548 637 2447
607 719 712 714 2422
608 633 519 628 2457
609 548 2417 547 2447
610 504 612 2409 2439
611 606 602 607 2457
612 679 2416 681 2445
613 499 2418 655 2439
614 546 548 578 2417
615 549 548 547 2447
616 591 2423 728 2424
617 664 666 591 2423
618 632 629 637 2447
619 530 623 535 2431
620 710 572 715 2419
621 580 2425 575 2446
622 719 496 712 2422
623 577 519 574 2457
624 490 493 492 2437
625 579 2428 586 2429
626 731 463 732 2432
627 427 433 434 2406
628 495 2410 683 2452
629 687 2443 2403 2448
630 2395 2408 2405 2454
631 471 461 645 2454
632 2407 2408 2395 2456
633 467 468 469 2444
634 2408 2444 459 2454
635 583 578 596 2428
636 476 443 447 2414
637 524 525 523 2423
638 724 466 720 2438
639 591 524 728 2423
640 593 665 451 2423
641 577 628 519 2457
642 728 2423 510 2424
643 2406 2407 2395 2441
644 2396 2418 2439 2446
645 499 2418 498 2449
646 500 601 605 2449
647 665 653 510 2423
648 631 601 443 2414
649 508 445 446 2421
650 644 565 643 2435
651 690 739 691 2443
652 718 2426 721 2438
653 461 504 612 2409
654 626 576 2425 2457
655 2396 2425 2418 2446
656 737 738 739 2434
657 734 689 550 2403
658 468 459 2408 2444
659 701 709 711 2413
660 597 501 2427 2453
661 686 685 524 523
662 504 608 612 2439
663 698 2413 701 2415
664 2410 2395 2444 2456
665 462 457 453 2431
666 611 2439 610 2446
667 446 498 2421 2449
668 602 603 604 2414
669 444 447 2414 2449
670 739 562 691 2443
671 533 2411 2416 2441
672 728 729 98 2423
673 502 2427 501 2453
674 2395 2416 2411 2441
675 708 2444 2408 2456
676 719 516 496 2426
677 489 487 465 2434
678 527 528 526 2431
679 670 554 673 2442
680 2396 2421 2420 2452
681 692 585 2420 2445
682 694 2421 697 2452
683 664 2423 591 2424
684 2398 2430 2417 2453
685 2416 2441 2395 2456
686 679 684 682 2456
687 708 2408 706 2456
688 556 558 549 2447
689 435 704 436 2407
690 631 603 601 2414
691 518 633 637 2447
692 552 553 541 2407
693 481 510 98 2423
694 551 522 2403 2443
695 668 620 674 2451
696 548 546 547 2417
697 473 502 501 2453
698 468 459 478 2408
699 2396 2420 2445 2452
700 490 466 465 2438
701 559 2442 522 2443
702 664 653 665 2423
703 585 575 2420 2445
704 701 703 709 2413
705 694 695 692 2445
706 724 720 725 2438
707 655 2418 499 2449
708 626 628 576 2457
709 601 602 605 2449
710 534 2411 533 2441
711 630 2430 475 2453
712 683 697 509 2452
713 545 544 532 2406
714 718 515 2426 2438
715 711 2419 714 2422
716 593 666 665 2423
717 570 563 568 2450
718 634 583 596 2428
719 689 483 687 2403
720 552 704 435 2407
721 580 626 576 2425
722 477 430 705 2408
723 556 557 558 2413
724 627 2425 626 2446
725 563 586 2435 2436
726 706 708 705 2408
727 485 713 497 2422
728 556 573 709 2419
729 473 501 475 2453
730 721 2426 717 2429
731 601 444 2414 2449
732 551 522 521 2403
733 576 628 577 2457
734 599 600 636 2427
735 711 713 701 2415
736 495 683 509 2452
737 624 625 581 2446
738 480 451 481 2423
739 566 580 575 2446
740 436 426 435 2407
741 489 465 736 2434
742 609 614 613 2409
743 680 2416 682 2456
744 2397 2419 2417 2447
745 488 486 513 2433
746 599 2428 594 2453
747 2418 2425 2399 2457
748 736 740 489 2434
749 723 729 685 2423
750 422 432 421 2405
751 658 488 513 2433
752 609 2409 612 2439
753 625 626 580 2446
754 597 2427 599 2453
755 670 522 554 2442
756 579 578 583 2428
757 495 2410 460 2444
758 697 2421 509 2452
759 515 511 2426 2438
760 421 432 424 2405
761 695 679 681 2445
762 655 499 605 2449
763 2395 2444 2408 2454
764 640 642 641 2437
765 566 567 533 2416
766 510 506 97 2424
767 147 588 591 2424
768 671 450 678 2451
769 490 491 511 2437
770 642 2435 636 2437
771 601 444 443 2414
772 673 2442 554 2455
773 475 631 443 2430
774 501 630 475 2453
775 536 732 145 527
776 454 732 95 463
777 572 710 573 2419
778 507 597 501 2427
779 497 712 496 2422
780 591 124 525 666
781 503 498 499 2439
782 627 606 607 2418
783 702 701 713 2415
784 617 614 624 2440
785 599 2427 2428 2453
786 574 584 575 2420
787 97 506 730 2424
788 588 147 730 2424
789 535 652 537 2432
790 475 630 631 2430
791 580 566 581 2446
792 657 659 644 2450
793 495 684 683 2410
794 473 474 496 2422
795 572 547 546 2419
796 2407 2395 2441 2456
797 679 683 2410 2452
798 734 733 455 2404
799 528 733 734 2404
800 472 459 471 2405
801 444 601 500 2449
802 460 494 504 2409
803 646 618 648 2405
804 503 655 608 2439
805 510 451 665 2423
806 726 722 539 2436
807 697 694 696 2421
808 570 571 538 2450
809 662 667 2442 2455
810 644 568 565 2435
811 621 622 623 2431
812 503 499 655 2439
813 432 431 433 2406
814 579 590 572 2429
815 708 684 2444 2456
816 558 2412 519 2447
817 579 583 586 2428
818 678 450 449 2451
819 560 559 562 2443
820 147 591 728 2424
821 471 2405 459 2454
822 662 554 561 2455
823 510 97 728 2424
824 519 558 574 2412
825 478 477 468 2408
826 486 514 512 2448
827 679 682 2416 2456
828 447 448 485 2415
829 614 615 613 2440
830 587 651 654 2424
831 584 692 585 2420
832 590 715 572 2429
833 619 622 621 2431
834 726 725 722 2436
835 423 32 706 436
836 633 604 2412 2457
837 504 460 2409 2454
838 733 732 454 2431
839 535 537 536 2432
840 587 654 591 2424
841 706 2407 707 2456
842 557 703 700 2413
843 557 700 582 2413
844 507 600 597 2427
845 655 2418 610 2439
846 728 98 510 2423
847 511 502 2426 2427
848 653 651 505 2424
849 518 637 548 2447
850 475 476 474 2430
851 536 537 588 2432
852 504 2409 461 2454
853 584 693 692 2420
854 736 724 735 2434
855 432 433 427 2406
856 567 680 540 2416
857 467 495 460 2444
858 629 639 637 2417
859 530 535 526 2431
860 662 673 554 2455
861 685 148 524 728
862 458 459 2444 2454
863 590 589 716 2429
864 473 475 474 2430
865 2433 2450 2400 2455
866 508 697 696 2421
867 680 682 707 2456
868 608 609 612 2439
869 591 124 666 664
870 487 486 488 2433
871 722 725 721 2436
872 602 606 605 2449
873 600 599 597 2427
874 568 659 569 2450
875 581 533 534 2411
876 445 699 448 2415
877 730 146 588 536
878 506 96 730 463
879 699 702 448 2415
880 509 697 508 2421
881 662 661 667 2455
882 681 2416 567 2445
883 111 634 564 583
884 722 721 716 2436
885 560 561 559 2455
886 591 524 148 728
887 537 652 651 2432
888 581 625 580 2446
889 642 644 643 2435
890 659 568 644 2450
891 2395 2411 2440 2441
892 706 705 32 423
893 467 708 684 2444
894 733 527 732 2431
895 659 569 2450 2455
896 147 728 730 2424
897 467 458 468 2444
898 462 464 649 2432
899 97 730 728 2424
900 488 640 493 2433
901 453 454 462 2431
902 2398 2428 2427 2453
903 658 640 488 2433
904 603 602 601 2414
905 693 698 694 2420
906 662 2442 673 2455
907 532 531 541 2441
908 494 498 503 2439
909 654 664 591 2424
910 444 446 447 2449
911 455 733 94 454
912 527 733 144 528
913 599 594 598 2453
914 567 681 680 2416
915 2395 2440 2406 2441
916 630 58 475 631
917 597 630 501 2453
918 605 500 56 601
919 684 679 683 2410
920 460 495 494 2410
921 516 718 515 2426
922 564 563 586 2435
923 732 731 95 463
924 145 731 732 536
925 610 611 609 2439
926 558 582 574 2413
927 649 464 651 2432
928 511 491 507 2427
929 605 499 500 2449
930 609 613 612 2409
931 617 102 534 624
932 446 445 447 2415
933 622 649 652 2432
934 53 504 608 612
935 443 475 58 631
936 111 634 635 564
937 594 634 596 2428
938 482 734 93 455
939 653 505 510 2424
940 470 471 50 646
941 704 707 706 2407
942 567 540 533 2416
943 50 470 646 647
944 538 539 563 2436
945 672 669 667 2442
946 482 92 689 483
947 568 563 565 2435
948 584 585 575 2420
949 607 602 604 2457
950 528 734 143 550
951 559 554 522 2442
952 656 101 544 617
953 633 628 604 2457
954 28 472 421 428
955 720 721 725 2438
956 668 671 678 2451
957 615 617 616 2440
958 463 464 462 2432
959 2401 2434 2433 2450
960 709 573 710 2419
961 504 503 608 2439
962 497 713 712 2422
963 475 443 476 2430
964 2400 2433 2434 2450
965 645 461 52 612
966 479 512 450 2448
967 506 464 463 2432
968 28 472 428 478
969 690 2443 687 2448
970 679 695 683 2452
971 551 559 522 2443
972 443 444 447 2414
973 689 2403 687 2443
974 446 499 498 2449
975 627 611 610 2446
976 422 648 39 432
977 502 516 511 2426
978 637 639 108 548
979 729 723 99 481
980 634 599 636 2428
981 511 516 515 2426
982 662 667 673 2442
983 722 716 589 2436
984 474 497 496 2422
985 572 573 547 2419
986 721 717 716 2429
987 691 562 141 2443
988 655 610 608 2439
989 485 497 474 2422
990 556 547 573 2419
991 146 730 731 536
992 731 730 96 463
993 633 519 106 628
994 716 715 590 2429
995 519 577 106 628
996 687 514 727 2448
997 550 689 142 551
998 635 636 642 2435
999 507 501 502 2427
1000 467 460 458 2444
1001 718 516 719 2426
1002 590 586 589 2429
1003 624 103 581 625
1004 698 701 699 2415
1005 480 99 723 481
1006 718 721 720 2438
1007 518 558 519 2447
1008 632 633 604 2412
1009 630 629 631 2430
1010 645 51 471 646
1011 102 581 534 624
1012 450 484 449 2451
1013 503 504 494 2439
1014 558 557 582 2413
1015 54 503 655 608
1016 570 560 571 2450
1017 610 655 627 2418
1018 641 638 492 2437
1019 622 70 462 457
1020 533 581 566 2411
1021 126 552 542 704
1022 435 434 36 553
1023 626 607 628 2457
1024 698 700 701 2413
1025 682 680 679 2416
1026 514 687 483 2448
1027 708 682 684 2456
1028 591 525 524 2423
1029 101 534 544 617
1030 710 714 711 2419
1031 477 76 469 705
1032 57 601 443 631
1033 711 714 712 2422
1034 500 444 56 601
1035 693 694 692 2420
1036 567 128 540 680
1037 626 105 576 628
1038 105 577 576 628
1039 434 545 35 553
1040 504 461 460 2454
1041 635 643 565 2435
1042 587 537 122 651
1043 72 651 464 505
1044 2400 2442 2443 2448
1045 650 39 648 432
1046 614 617 615 2440
1047 666 664 665 2423
1048 560 2450 569 2455
1049 727 690 687 2448
1050 456 449 517 2451
1051 423 705 32 430
1052 718 720 515 2438
1053 709 710 711 2419
1054 492 638 491 2437
1055 713 711 712 2422
1056 504 52 461 612
1057 629 595 639 2417
1058 509 79 697 683
1059 446 498 508 2421
1060 445 448 447 2415
1061 675 449 456 2451
1062 433 545 35 434
1063 109 639 596 578
1064 490 492 491 2437
1065 596 634 110 583
1066 110 596 583 578
1067 576 575 580 2425
1068 488 493 487 2433
1069 574 575 576 2425
1070 450 67 678 449
1071 588 587 591 2424
1072 510 505 506 2424
1073 127 542 540 707
1074 527 526 535 2431
1075 606 627 655 2418
1076 678 671 67 450
1077 625 627 626 2446
1078 624 611 625 2446
1079 680 567 128 681
1080 507 491 61 600
1081 706 707 682 2456
1082 79 509 495 683
1083 693 582 131 700
1084 625 104 580 626
1085 445 81 699 696
1086 458 2444 460 2454
1087 77 467 469 708
1088 2403 2443 2442 2448
1089 585 566 575 2445
1090 436 32 706 704
1091 639 109 548 578
1092 692 681 129 2445
1093 432 650 40 431
1094 518 637 108 548
1095 565 564 635 2435
1096 659 662 115 2455
1097 600 491 61 638
1098 736 737 740 2434
1099 693 130 584 692
1100 141 688 691 2443
1101 129 681 567 2445
1102 670 117 522 677
1103 429 29 428 478
1104 103 580 581 625
1105 685 729 728 2423
1106 461 51 471 645
1107 80 508 697 696
1108 733 732 94 454
1109 495 467 78 684
1110 561 115 662 2455
1111 144 732 733 527
1112 518 549 558 2447
1113 104 576 580 626
1114 704 542 126 707
1115 481 451 510 2423
1116 657 658 661 2433
1117 2408 2444 2395 2456
1118 149 686 524 523
1119 121 537 535 652
1120 515 490 511 2438
1121 499 54 503 655
1122 585 584 130 692
1123 705 76 469 708
1124 601 444 57 443
1125 701 700 703 2413
1126 503 53 504 608
1127 664 654 651 2424
1128 117 520 522 677
1129 80 508 509 697
1130 452 593 75 451
1131 734 733 93 455
1132 515 720 466 2438
1133 148 147 591 728
1134 518 107 637 633
1135 510 665 74 653
1136 98 97 728 510
1137 55 499 605 655
1138 582 557 132 700
1139 448 445 82 699
1140 539 722 589 2436
1141 554 561 115 662
1142 703 132 557 700
1143 653 664 651 2424
1144 143 733 734 528
1145 702 448 82 699
1146 586 563 589 2436
1147 738 737 735 2434
1148 510 74 665 451
1149 727 687 91 514
1150 586 590 579 2429
1151 131 584 582 693
1152 81 445 508 696
1153 716 717 715 2429
1154 514 687 91 483
1155 699 701 702 2415
1156 634 594 599 2428
1157 507 60 501 597
1158 60 507 600 597
1159 561 569 115 2455
1160 670 554 116 673
1161 688 142 689 551
1162 107 518 519 633
1163 45 686 437 723
1164 552 435 36 553
1165 640 488 64 658
1166 598 597 599 2453
1167 642 636 638 2437
1168 695 681 692 2445
1169 643 644 113 565
1170 439 438 523 437
1171 149 686 685 524
1172 45 686 438 437
1173 692 129 585 2445
1174 687 689 92 483
1175 671 672 66 479
1176 78 495 684 683
1177 64 493 488 640
1178 680 681 679 2416
1179 587 122 654 651
1180 489 740 90 514
1181 435 37 3 552
1182 124 591 654 664
1183 129 567 585 2445
1184 449 484 517 2451
1185 665 75 593 451
1186 673 669 670 2442
1187 727 90 740 514
1188 479 660 65 513
1189 100 544 543 656
1190 70 622 619 457
1191 512 483 450 2448
1192 651 72 653 505
1193 532 534 533 2441
1194 569 659 115 2455
1195 694 697 695 2452
1196 522 554 116 670
1197 708 706 682 2456
1198 718 717 721 2426
1199 475 501 59 630
1200 472 470 28 421
1201 649 72 651 464
1202 566 585 567 2445
1203 509 508 498 2421
1204 652 122 537 651
1205 713 83 448 485
1206 557 556 133 709
1207 656 543 100 676
1208 663 49 439 440
1209 643 635 642 2435
1210 674 119 529 621
1211 511 507 502 2427
1212 500 55 499 605
1213 623 121 535 652
1214 478 429 29 477
1215 649 651 652 2432
1216 678 449 675 2451
1217 718 719 717 2426
1218 569 560 570 2450
1219 551 141 562 2443
1220 658 657 640 2433
1221 65 672 660 479
1222 723 441 99 480
1223 442 593 48 452
1224 88 465 466 724
1225 609 608 610 2439
1226 477 30 2 430
1227 680 127 540 707
1228 471 459 461 2454
1229 490 515 466 2438
1230 458 460 459 2454
1231 667 669 673 2442
1232 539 538 138 726
1233 485 713 83 497
1234 556 573 133 709
1235 518 548 549 2447
1236 683 695 697 2452
1237 573 572 134 710
1238 496 497 84 712
1239 441 6 99 480
1240 675 620 668 2451
1241 1 470 647 420
1242 737 736 735 2434
1243 467 77 684 708
1244 571 140 739 562
1245 622 70 649 462
1246 689 687 688 2443
1247 638 492 62 641
1248 641 642 638 2437
1249 569 114 659 568
1250 450 671 66 479
1251 627 625 611 2446
1252 597 598 630 2453
1253 565 563 564 2435
1254 630 501 59 597
1255 691 739 140 562
1256 676 40 650 431
1257 688 687 690 2443
1258 689 734 92 482
1259 604 628 607 2457
1260 543 545 35 433
1261 565 644 113 568
1262 441 99 6 723
1263 491 492 62 638
1264 71 649 462 464
1265 48 440 593 442
1266 119 530 529 621
1267 661 662 659 2455
1268 658 488 64 513
1269 3 435 552 704
1270 440 663 49 593
1271 702 83 448 713
1272 660 658 65 513
1273 703 557 133 709
1274 516 85 719 496
1275 135 572 590 715
1276 499 446 500 2449
1277 516 719 86 718
1278 715 590 136 716
1279 738 571 139 739
1280 492 493 63 641
1281 446 444 500 2449
1282 678 675 668 2451
1283 514 483 512 2448
1284 720 88 466 724
1285 705 477 2 430
1286 722 539 138 726
1287 7 686 523 438
1288 644 659 114 568
1289 539 589 563 2436
1290 115 554 662 673
1291 619 69 457 456
1292 141 551 688 2443
1293 441 43 6 480
1294 531 532 533 2441
1295 97 96 730 506
1296 146 147 730 588
1297 123 124 591 654
1298 118 529 520 674
1299 142 734 689 550
1300 441 45 437 723
1301 675 68 456 449
1302 443 58 57 631
1303 568 569 570 2450
1304 86 515 516 718
1305 590 589 136 716
1306 496 84 719 712
1307 715 134 572 710
1308 663 439 49 555
1309 465 736 89 489
1310 562 559 551 2443
1311 504 53 52 612
1312 477 429 30 430
1313 69 619 675 456
1314 534 101 102 617
1315 623 530 120 621
1316 676 4 41 431
1317 535 530 120 623
1318 581 102 103 624
1319 51 50 471 646
1320 552 126 3 704
1321 8 49 439 555
1322 68 675 678 449
1323 477 2 76 705
1324 639 109 108 548
1325 441 6 44 723
1326 149 7 686 523
1327 428 29 28 478
1328 543 4 100 676
1329 641 493 63 640
1330 538 571 139 738
1331 659 115 114 569
1332 740 89 736 489
1333 145 146 731 536
1334 96 95 731 463
1335 442 48 42 452
1336 460 461 459 2454
1337 677 118 520 674
1338 649 70 71 462
1339 50 1 470 647
1340 654 591 123 587
1341 499 55 54 655
1342 561 560 569 2455
1343 720 515 87 718
1344 716 589 137 722
1345 461 52 51 645
1346 519 106 107 633
1347 465 88 736 724
1348 27 470 420 421
1349 136 135 590 715
1350 87 466 515 720
1351 86 85 719 516
1352 589 539 137 722
1353 59 58 475 630
1354 577 105 106 628
1355 85 84 719 496
1356 135 134 572 715
1357 658 64 65 513
1358 733 94 93 455
1359 733 143 144 528
1360 523 47 7 438
1361 444 57 56 601
1362 726 538 138 738
1363 571 140 139 739
1364 125 124 663 525
1365 470 27 28 421
1366 593 75 5 452
1367 537 121 122 652
1368 522 116 117 670
1369 732 95 94 454
1370 732 144 145 527
1371 676 543 4 431
1372 434 35 36 553
1373 576 104 105 626
1374 653 73 510 505
1375 49 8 663 555
1376 435 3 33 704
1377 124 663 525 666
1378 691 688 690 2443
1379 734 93 92 482
1380 439 46 8 555
1381 66 67 671 450
1382 650 40 39 432
1383 64 63 493 640
1384 734 142 143 550
1385 118 119 529 674
1386 634 111 110 583
1387 441 44 45 723
1388 62 61 491 638
1389 112 111 635 564
1390 503 54 53 608
1391 114 113 644 568
1392 593 5 48 452
1393 35 34 543 433
1394 89 88 736 465
1395 74 73 510 653
1396 740 90 89 489
1397 119 120 530 621
1398 705 31 32 430
1399 30 29 429 477
1400 120 121 535 623
1401 139 138 538 738
1402 567 129 128 681
1403 117 118 520 677
1404 67 68 678 449
1405 36 37 435 552
1406 543 34 4 431
1407 2 31 705 430
1408 68 69 675 456
1409 65 66 672 479
1410 495 78 79 683
1411 637 108 107 518
1412 132 131 582 700
1413 648 39 647 422
1414 445 81 82 699
1415 542 127 126 707
1416 128 127 540 680
1417 687 92 91 483
1418 647 38 1 420
1419 84 83 713 497
1420 134 133 573 709
1421 76 77 469 708
1422 42 48 5 452
1423 87 88 466 720
1424 138 137 539 722
1425 441 442 43 480
1426 500 56 55 605
1427 580 103 104 625
1428 497 713 84 712
1429 709 573 134 710
1430 727 91 90 514
1431 555 125 663 525
1432 507 61 60 600
1433 86 87 515 718
1434 137 136 589 716
1435 649 71 72 464
1436 100 101 544 656
1437 653 72 73 505
1438 431 543 34 433
1439 140 141 691 562
1440 33 32 436 704
1441 77 78 467 684
1442 113 112 643 565
1443 130 129 585 692
1444 509 79 80 697
1445 470 1 27 420
1446 74 75 665 451
1447 492 63 62 641
1448 438 523 47 439
1449 69 70 619 457
1450 688 141 142 551
1451 554 115 116 673
1452 448 82 83 702
1453 133 132 557 703
1454 647 39 38 422
1455 480 442 42 452
1456 49 48 440 593
1457 596 110 109 578
1458 148 149 685 524
1459 584 131 130 693
1460 508 80 81 696
1461 435 33 436 704
1462 663 8 125 555
1463 439 523 46 555
1464 501 60 59 597
1465 686 7 45 438
1466 420 647 38 422
1467 523 46 47 439
1468 99 98 729 481
1469 676 41 40 431
1470 42 43 442 480
1471 123 122 654 587
1472 2415 476 2414 2397
1473 2415 2414 476 447
1474 2454 618 2440 613
1475 2454 2440 618 2405
1476 2423 686 723 437
1477 2423 723 686 685
1478 2421 699 698 696
1479 2421 698 699 2415
1480 2428 2435 636 635
1481 636 2435 2428 2402
1482 2450 2434 726 2401
1483 726 2436 2450 2401
1484 2450 2436 726 538
1485 2441 541 540 531
1486 2441 540 541 2407
1487 2450 738 726 2434
1488 2450 726 738 538
1489 2447 629 2430 632
1490 2447 2430 629 2417
1491 707 2416 540 680
1492 540 2416 707 2407
1493 2452 2416 2396 2410
1494 2452 2396 2416 2445
1495 2432 623 622 2431
1496 2432 622 623 652
1497 2432 505 506 464
1498 2432 506 505 2424
1499 2452 498 2396 2421
1500 2452 2396 498 494
1501 2439 2396 498 2421
1502 2439 498 2396 494
1503 547 2447 556 549
1504 556 2447 547 2419
1505 2454 2410 2395 2444
1506 2454 2395 2410 2409
1507 2441 540 533 531
1508 2441 533 540 2416
1509 2449 447 2415 446
1510 2449 2415 447 2414
1511 2453 595 629 2417
1512 2453 629 595 598
1513 2455 554 559 2442
1514 2455 559 554 561
1515 2447 633 632 2412
1516 2447 632 633 637
1517 2445 694 2452 2420
1518 2445 2452 694 695
1519 2457 627 626 607
1520 2457 626 627 2425
1521 2444 495 684 467
1522 2444 684 495 2410
1523 629 2453 630 598
1524 630 2453 629 2430
1525 2457 576 574 577
1526 2457 574 576 2425
1527 671 479 2448 672
1528 2448 479 671 450
1529 463 730 2432 731
1530 463 2432 730 506
1531 536 730 2432 588
1532 536 2432 730 731
1533 519 2447 633 518
1534 633 2447 519 2412
1535 2443 689 551 688
1536 2443 551 689 2403
1537 565 635 112 643
1538 565 112 635 564
1539 876 2469 726 2474
1540 726 2469 735 2474
1541 873 739 2461 2474
1542 2463 2491 789 2509
1543 777 2469 724 2505
1544 1046 1058 1040 2475
1545 843 726 2469 2506
1546 696 2491 2463 2509
1547 696 789 2491 2509
1548 874 2474 2461 2495
1549 858 2466 2479 2486
1550 737 2461 739 2474
1551 2469 2474 876 2495
1552 871 2484 2466 2486
1553 873 2474 874 2495
1554 696 2463 694 2509
1555 917 2469 890 2495
1556 1046 1040 1045 2475
1557 234 233 943 2468
1558 846 2480 2466 2484
1559 233 234 983 2461
1560 695 2466 2479 2483
1561 846 858 2466 2479
1562 738 726 735 2474
1563 871 2466 858 2486
1564 698 2463 696 2491
1565 1046 2475 1045 2516
1566 1051 2472 768 2482
1567 873 2461 874 2474
1568 2466 2483 695 2509
1569 910 2463 2490 2494
1570 738 876 726 2474
1571 725 2469 726 2506
1572 2463 2486 694 2509
1573 727 2461 2474 2497
1574 724 2469 725 2505
1575 846 2479 2466 2480
1576 2466 2493 815 2494
1577 735 725 724 2469
1578 735 726 725 2469
1579 843 726 878 2469
1580 808 724 777 2469
1581 696 698 694 2463
1582 724 2469 807 2474
1583 724 735 2469 2474
1584 791 2463 2490 2491
1585 791 2463 789 2509
1586 846 2466 871 2484
1587 866 2472 834 2482
1588 789 2463 791 2491
1589 739 737 690 2461
1590 795 768 2472 2482
1591 2464 2489 813 2491
1592 695 2479 2466 2486
1593 727 2461 737 2474
1594 2463 2486 861 2501
1595 851 2469 917 2520
1596 1010 999 1009 2518
1597 878 2469 876 2495
1598 906 2484 2463 2494
1599 795 768 812 2472
1600 849 848 2460 2512
1601 858 2479 681 2486
1602 1046 781 1058 2475
1603 727 737 740 2474
1604 731 795 2472 2482
1605 760 1046 1045 2516
1606 711 2489 2464 2491
1607 906 2463 910 2494
1608 910 2463 906 2484
1609 871 846 858 2466
1610 815 2466 799 2493
1611 917 914 916 2520
1612 917 2469 914 2520
1613 813 2464 762 2489
1614 762 2464 813 2491
1615 683 695 2483 2509
1616 866 731 2472 2482
1617 859 861 2486 2501
1618 946 972 948 2468
1619 799 2466 815 2494
1620 1045 1040 1039 2475
1621 910 908 2463 2484
1622 695 2479 679 2483
1623 851 917 916 2520
1624 2463 2484 908 2492
1625 1043 1041 1042 2475
1626 897 815 2493 2494
1627 878 890 2469 2495
1628 1051 1050 2472 2482
1629 849 2460 734 2512
1630 698 2486 2463 2501
1631 846 886 2480 2484
1632 755 2475 1046 2516
1633 2464 2501 828 2504
1634 695 681 2479 2486
1635 1043 1042 801 2475
1636 727 690 737 2461
1637 910 2463 908 2492
1638 722 725 726 2506
1639 845 2479 2467 2503
1640 1050 834 2472 2482
1641 1043 2475 769 2514
1642 2467 2479 682 2503
1643 1043 801 769 2475
1644 861 2484 2463 2492
1645 738 739 873 2474
1646 2467 2483 773 2502
1647 899 2480 886 2484
1648 917 851 890 2469
1649 843 722 726 2506
1650 734 2485 848 2512
1651 734 2460 2458 2512
1652 698 694 2463 2486
1653 791 2494 2463 2509
1654 682 2479 2467 2483
1655 849 734 848 2512
1656 984 983 234 2461
1657 910 2490 904 2494
1658 682 2483 2467 2502
1659 759 755 826 1057
1660 2464 2489 711 2504
1661 1050 867 834 2482
1662 861 2463 2484 2486
1663 876 878 726 2469
1664 788 2488 780 2505
1665 774 799 2466 2493
1666 808 807 724 2469
1667 701 2501 2464 2504
1668 791 2490 790 2491
1669 724 725 720 2505
1670 773 2498 2467 2502
1671 769 2475 2472 2514
1672 2464 2492 828 2501
1673 2467 2479 845 2480
1674 895 2493 2466 2494
1675 2467 2502 753 2503
1676 762 2489 2464 2500
1677 861 2492 2463 2501
1678 777 724 720 2505
1679 753 2499 2467 2503
1680 841 2469 851 2506
1681 790 789 791 2491
1682 755 781 1046 2475
1683 760 755 1046 2516
1684 791 2490 2463 2494
1685 845 2467 2480 2499
1686 876 2474 873 2495
1687 682 2502 2467 2503
1688 753 2467 2498 2502
1689 945 233 232 2519
1690 755 754 784 2516
1691 701 2491 2464 2501
1692 841 2506 851 2520
1693 773 2493 2467 2498
1694 946 948 950 2468
1695 2466 2484 895 2494
1696 859 2486 693 2501
1697 930 2464 924 2513
1698 866 834 865 2482
1699 774 815 799 2493
1700 851 2506 2469 2520
1701 788 780 776 2505
1702 762 2490 2464 2491
1703 738 737 739 2474
1704 698 693 2486 2501
1705 773 2483 2467 2493
1706 788 718 2488 2505
1707 945 943 233 2468
1708 2467 2499 845 2503
1709 753 2498 2467 2499
1710 774 2466 799 2509
1711 2465 2488 717 2505
1712 780 2488 2465 2505
1713 846 871 886 2484
1714 963 941 980 2476
1715 858 681 692 2486
1716 947 972 971 2477
1717 695 2486 2466 2509
1718 914 2469 917 2511
1719 876 738 873 2474
1720 895 897 2493 2494
1721 910 2490 2463 2492
1722 2466 2480 895 2484
1723 777 808 2469 2505
1724 914 2469 2508 2520
1725 1009 1014 1011 2462
1726 711 2464 701 2491
1727 727 805 2461 2497
1728 1058 801 1042 2475
1729 843 2469 878 2506
1730 2489 2504 2471 2510
1731 878 843 876 726
1732 786 683 2483 2509
1733 853 1045 1039 2475
1734 2471 2504 880 2510
1735 762 2464 2490 2500
1736 933 924 930 2464
1737 688 2461 2458 2462
1738 933 2464 930 2500
1739 1035 868 2485 2512
1740 1043 769 2472 2514
1741 1046 1058 781 1057
1742 932 2464 924 2492
1743 933 2490 2464 2500
1744 1041 2475 1043 2514
1745 777 808 807 724
1746 788 776 718 2505
1747 933 924 2464 2490
1748 708 793 2483 2502
1749 919 917 890 2495
1750 1051 768 796 2482
1751 861 862 2484 2492
1752 713 813 2489 2491
1753 2464 2492 932 2513
1754 703 2501 701 2504
1755 932 924 2464 2513
1756 727 805 821 2461
1757 780 2465 778 2505
1758 711 701 2464 2504
1759 902 833 2480 2499
1760 2463 2491 698 2501
1761 845 2480 833 2499
1762 882 828 2501 2504
1763 2465 2505 721 2506
1764 863 680 2479 2503
1765 799 2466 2494 2509
1766 711 713 2489 2491
1767 984 2461 234 2495
1768 998 232 233 2462
1769 878 2469 841 2506
1770 2488 2489 810 2500
1771 922 2465 915 2508
1772 922 2507 2465 2508
1773 2465 2506 717 2510
1774 1050 834 1049 2472
1775 867 865 834 2482
1776 999 231 232 2519
1777 2471 2500 930 2513
1778 899 895 2480 2484
1779 708 2483 682 2502
1780 714 2504 2489 2510
1781 2466 2483 774 2493
1782 928 914 917 2511
1783 762 2490 761 2500
1784 680 682 2479 2503
1785 888 880 2504 2510
1786 992 999 1010 2518
1787 845 863 2479 2503
1788 1009 1011 1013 2518
1789 869 2475 854 2514
1790 778 2505 2465 2508
1791 922 915 921 2508
1792 713 702 813 2491
1793 852 2506 2465 2510
1794 862 908 2484 2492
1795 767 2493 773 2498
1796 1045 2475 853 2516
1797 950 943 946 2468
1798 1058 1042 1040 2475
1799 679 683 695 2483
1800 718 717 2488 2505
1801 915 2465 922 2520
1802 825 786 683 2483
1803 922 921 2507 2508
1804 903 2493 767 2498
1805 1035 2460 868 2512
1806 730 866 731 2472
1807 1050 1049 1051 2472
1808 729 2475 783 2516
1809 1059 2482 800 2485
1810 755 784 781 2516
1811 786 774 799 2509
1812 778 2465 2507 2508
1813 926 2471 930 2513
1814 2472 2475 728 2514
1815 775 808 2505 2508
1816 926 930 2471 2500
1817 924 2464 2490 2492
1818 793 773 2483 2502
1819 987 245 988 2487
1820 778 2507 921 2508
1821 721 2465 717 2505
1822 721 717 2465 2506
1823 723 783 784 2516
1824 778 2465 780 2507
1825 781 755 1046 1057
1826 2464 2504 828 2513
1827 2465 2506 852 2520
1828 866 865 731 2482
1829 703 882 2501 2504
1830 2479 2480 2467 2483
1831 1035 868 889 2485
1832 2466 2480 2479 2483
1833 1035 2487 2460 2512
1834 761 2490 933 2500
1835 842 2506 852 2510
1836 2469 2505 808 2508
1837 791 792 2490 2494
1838 877 681 858 2479
1839 983 233 2461 2462
1840 932 930 924 2513
1841 1035 1038 2487 2512
1842 828 2492 2464 2513
1843 1051 796 1055 2482
1844 906 895 2484 2494
1845 959 965 974 2519
1846 1043 769 1048 2472
1847 717 2488 2465 2510
1848 998 999 232 2462
1849 841 878 851 2469
1850 734 733 2485 2512
1851 808 2469 2508 2511
1852 773 766 2498 2502
1853 684 708 793 2483
1854 915 2508 2465 2520
1855 810 2488 2500 2507
1856 922 2465 2507 2517
1857 2467 2493 894 2498
1858 844 902 833 2480
1859 845 844 833 2480
1860 1003 991 993 2518
1861 687 727 821 2461
1862 695 692 681 2486
1863 680 707 682 2503
1864 755 781 2475 2516
1865 2467 2483 2480 2493
1866 698 693 694 2486
1867 2464 930 2500 2513
1868 904 2490 792 2494
1869 2465 2517 922 2520
1870 725 2505 2469 2506
1871 2465 2488 780 2507
1872 1043 1048 1044 2472
1873 878 876 875 2495
1874 893 2471 927 2513
1875 984 983 2461 2462
1876 2480 2483 2466 2493
1877 894 2480 2467 2499
1878 801 782 769 2475
1879 762 764 2489 2500
1880 691 690 688 2461
1881 894 2467 2480 2493
1882 852 2510 2465 2517
1883 2488 2489 2471 2510
1884 234 2495 2461 2497
1885 987 988 989 2487
1886 723 784 754 2516
1887 895 2480 2466 2493
1888 234 2461 233 2468
1889 803 728 2472 2475
1890 734 2458 823 2512
1891 848 734 733 2485
1892 919 928 917 2495
1893 780 778 775 2505
1894 965 975 974 2519
1895 795 796 768 2482
1896 810 2489 764 2500
1897 753 2498 746 2502
1898 1048 768 1051 2472
1899 857 863 680 2479
1900 805 821 2461 2468
1901 710 888 2504 2510
1902 869 728 2475 2514
1903 878 875 890 2495
1904 842 716 2506 2510
1905 2467 2498 894 2499
1906 2466 2486 2484 2494
1907 1014 1009 998 2462
1908 749 2498 753 2499
1909 2458 2461 687 2468
1910 729 783 723 2516
1911 852 2506 841 2520
1912 714 2489 2488 2510
1913 869 2472 728 2514
1914 1009 999 998 2462
1915 830 880 2471 2504
1916 1037 2478 1035 2487
1917 769 768 1048 2472
1918 767 772 773 2493
1919 753 742 2499 2503
1920 903 772 767 2493
1921 910 906 908 2484
1922 852 2517 2465 2520
1923 708 684 682 2483
1924 775 2505 778 2508
1925 878 890 851 2469
1926 924 2490 910 2492
1927 710 2504 714 2510
1928 2490 2491 2463 2492
1929 983 998 233 2462
1930 2484 2486 2463 2494
1931 861 860 2492 2501
1932 755 781 826 1057
1933 813 762 764 2489
1934 2463 2492 2491 2501
1935 842 852 847 2510
1936 2486 2494 2466 2509
1937 1038 1037 1035 2487
1938 1052 1059 800 2485
1939 857 845 863 2479
1940 688 2458 838 2462
1941 904 906 910 2494
1942 1011 1014 990 2462
1943 863 707 680 2503
1944 801 1058 781 2475
1945 990 1001 1011 2473
1946 711 701 713 2491
1947 808 2508 779 2511
1948 927 2471 893 2517
1949 1013 1010 1009 2518
1950 845 2479 846 2480
1951 946 943 945 2468
1952 800 2482 797 2485
1953 2463 2494 2486 2509
1954 2464 2491 2490 2492
1955 935 936 934 2476
1956 861 2484 871 2486
1957 997 992 991 2470
1958 746 2498 766 2502
1959 2491 2492 2464 2501
1960 229 230 1027 2470
1961 832 845 2499 2503
1962 947 948 972 770
1963 733 802 797 2485
1964 1044 1043 2472 2514
1965 950 944 943 818
1966 816 810 2488 2489
1967 762 790 2490 2491
1968 2471 2489 2488 2500
1969 793 785 684 2483
1970 2474 2495 2469 2511
1971 943 944 234 2497
1972 875 876 873 2495
1973 1045 853 760 2516
1974 1052 2485 800 2512
1975 1059 796 800 2482
1976 996 994 995 2473
1977 842 847 716 2510
1978 869 728 854 2475
1979 2471 2500 2488 2507
1980 716 717 2506 2510
1981 803 782 728 2475
1982 1048 1051 1049 2472
1983 926 2500 2471 2507
1984 1047 885 867 2482
1985 762 761 763 2500
1986 802 734 823 2512
1987 1059 1047 2482 2485
1988 2461 2495 2474 2497
1989 1040 1042 1041 2475
1990 761 933 763 2500
1991 850 852 841 2520
1992 713 701 702 2491
1993 695 681 679 2479
1994 821 820 687 2461
1995 1018 1025 1002 2473
1996 724 807 736 2474
1997 724 736 735 2474
1998 679 2479 682 2483
1999 830 2471 880 2513
2000 808 775 779 2508
2001 1035 889 1054 2485
2002 893 927 931 2513
2003 17 226 984 2495
2004 848 889 868 2485
2005 688 838 2461 2462
2006 926 930 931 2513
2007 1050 1051 1055 2482
2008 1041 1056 1039 2514
2009 893 880 2471 2513
2010 1003 229 1027 2470
2011 838 892 691 2461
2012 764 814 813 2489
2013 797 2482 732 2485
2014 1052 1053 1059 2485
2015 891 862 908 2484
2016 2471 2510 880 2517
2017 688 689 2458 2461
2018 227 918 17 2497
2019 958 974 973 2496
2020 820 2461 821 2468
2021 914 2508 2469 2511
2022 828 2492 860 2501
2023 728 782 729 2475
2024 859 870 693 2486
2025 1026 987 1028 2478
2026 830 2504 2471 2513
2027 867 1050 1047 2482
2028 1039 872 853 2475
2029 880 2510 852 2517
2030 731 797 795 2482
2031 840 688 689 2458
2032 683 786 697 2509
2033 1039 1040 1041 2475
2034 905 897 895 2494
2035 699 698 696 2491
2036 872 2475 1039 2514
2037 728 685 854 2475
2038 912 779 913 2508
2039 884 145 865 2482
2040 912 2508 914 2511
2041 832 2499 742 2503
2042 17 2495 234 2497
2043 1055 796 1059 2482
2044 727 687 690 2461
2045 830 888 880 2504
2046 808 779 817 2511
2047 893 2471 880 2517
2048 814 713 813 2489
2049 984 234 17 2495
2050 826 781 1058 1057
2051 848 868 849 2460
2052 859 861 870 2486
2053 1041 1039 2475 2514
2054 732 2482 884 2485
2055 758 755 760 2516
2056 683 697 695 2509
2057 1007 995 994 2478
2058 816 764 810 2489
2059 898 902 844 2480
2060 1025 994 996 2473
2061 802 2485 733 2512
2062 733 797 732 2485
2063 718 719 788 2488
2064 905 815 897 2494
2065 2506 2508 2469 2520
2066 886 899 844 2480
2067 2471 2489 2464 2504
2068 1052 1053 2485 2512
2069 820 687 2461 2468
2070 774 2483 773 2493
2071 932 2492 827 2513
2072 1035 1054 1053 2485
2073 839 2461 984 2495
2074 744 753 2502 2503
2075 891 861 862 2484
2076 913 778 921 2508
2077 798 789 696 2509
2078 858 877 692 681
2079 840 838 688 2458
2080 926 2471 927 2517
2081 742 751 753 2499
2082 682 706 2502 2503
2083 703 701 709 2504
2084 820 2458 687 2468
2085 990 1014 998 2462
2086 894 902 2480 2499
2087 1004 228 229 2487
2088 2505 2506 2465 2508
2089 793 773 785 2483
2090 687 2458 689 2461
2091 803 730 812 2472
2092 974 958 959 2496
2093 975 976 974 2481
2094 746 753 750 2498
2095 1056 872 1039 2514
2096 805 820 821 2468
2097 828 827 2492 2513
2098 1003 1004 229 2487
2099 995 1028 996 2473
2100 810 2500 824 2507
2101 903 894 2493 2498
2102 879 859 700 2501
2103 786 697 825 683
2104 962 971 972 2477
2105 975 982 976 2481
2106 2464 2489 2471 2500
2107 721 717 718 2505
2108 926 925 2500 2507
2109 2495 2497 918 2511
2110 825 683 785 2483
2111 969 938 980 2476
2112 857 877 858 2479
2113 762 813 790 2491
2114 885 2482 1047 2485
2115 2469 2506 2505 2508
2116 2465 2508 2506 2520
2117 737 738 735 2474
2118 721 716 717 2506
2119 950 818 943 2468
2120 792 819 904 2494
2121 903 896 772 2493
2122 2465 2488 2471 2510
2123 823 2458 822 2512
2124 924 910 909 2492
2125 825 785 786 2483
2126 755 756 754 2516
2127 910 924 911 2490
2128 1054 885 1047 2485
2129 899 886 907 2484
2130 898 844 899 2480
2131 838 2458 840 2462
2132 861 871 870 2486
2133 690 687 688 2461
2134 2471 2504 2464 2513
2135 897 815 772 2493
2136 839 984 226 2495
2137 857 681 877 2479
2138 820 823 689 2458
2139 734 802 733 2512
2140 884 732 145 2482
2141 893 830 880 2513
2142 693 700 859 2501
2143 980 938 963 2476
2144 860 861 859 2501
2145 816 2488 712 2489
2146 745 746 794 2502
2147 899 907 895 2484
2148 987 1019 1028 2518
2149 749 920 2498 2499
2150 804 740 736 2474
2151 839 874 2461 2495
2152 1005 1004 1003 2487
2153 1035 2485 1053 2512
2154 918 2495 17 2497
2155 800 796 797 2482
2156 2471 2488 2465 2507
2157 752 901 749 2499
2158 885 1054 889 2485
2159 987 989 1019 2518
2160 691 688 838 2461
2161 890 875 919 2495
2162 800 2485 802 2512
2163 1026 1030 987 2478
2164 688 687 689 2461
2165 900 748 749 2498
2166 987 1030 245 2478
2167 233 2462 232 2519
2168 824 2500 925 2507
2169 729 782 783 2475
2170 1001 985 1002 2473
2171 744 741 753 2503
2172 834 835 222 1060
2173 834 1049 2472 2514
2174 885 220 1047 867
2175 778 811 921 2507
2176 813 702 809 2491
2177 794 746 766 2502
2178 731 865 145 2482
2179 711 709 701 2504
2180 800 797 802 2485
2181 2464 2500 2471 2513
2182 1026 1028 995 2478
2183 1013 1000 1015 2518
2184 926 2507 2471 2517
2185 882 828 860 2501
2186 775 776 780 2505
2187 1005 1003 993 2518
2188 692 870 858 2486
2189 793 766 773 2502
2190 721 2505 725 2506
2191 802 94 733 797
2192 866 730 869 2472
2193 706 744 2502 2503
2194 1045 760 853 887
2195 970 938 969 2476
2196 905 895 906 2494
2197 815 905 819 2494
2198 697 79 825 683
2199 982 975 230 2470
2200 745 747 746 2502
2201 694 2486 695 2509
2202 897 772 896 2493
2203 1047 1055 1059 2482
2204 760 853 758 2516
2205 749 753 751 2499
2206 687 820 689 2458
2207 718 717 719 2488
2208 845 857 846 2479
2209 884 2482 885 2485
2210 733 884 848 2485
2211 1050 1047 220 867
2212 907 886 891 2484
2213 749 750 753 2498
2214 805 2468 2461 2497
2215 780 2488 810 2507
2216 692 877 129 681
2217 1048 1049 1044 2472
2218 731 732 797 2482
2219 699 809 702 2491
2220 1044 1041 1043 2514
2221 870 871 858 2486
2222 842 841 852 2506
2223 793 705 794 2502
2224 2465 2510 2471 2517
2225 928 2495 918 2511
2226 703 882 879 2501
2227 825 79 697 786
2228 910 908 909 2492
2229 910 911 904 2490
2230 943 818 944 2497
2231 936 935 937 2476
2232 794 705 745 2502
2233 222 1049 834 1060
2234 693 698 700 2501
2235 877 129 858 692
2236 2458 2460 840 2462
2237 2458 2459 822 2512
2238 862 861 860 2492
2239 991 230 997 2470
2240 792 791 819 2494
2241 714 2488 717 2510
2242 996 1028 1015 2473
2243 1035 2478 2460 2487
2244 790 809 789 2491
2245 791 792 790 2490
2246 803 812 768 2472
2247 1027 230 991 2470
2248 972 770 948 2468
2249 749 901 920 2499
2250 844 845 846 2480
2251 820 687 689 823
2252 95 731 797 795
2253 705 793 708 2502
2254 900 749 920 2498
2255 929 926 925 2500
2256 753 746 747 2502
2257 769 803 768 2472
2258 229 982 230 2470
2259 742 743 864 2503
2260 723 754 756 2516
2261 894 2480 895 2493
2262 785 825 684 683
2263 863 864 704 2503
2264 795 96 731 812
2265 1022 989 988 2487
2266 990 998 983 2462
2267 684 679 682 2483
2268 221 1050 867 834
2269 2471 2507 2465 2517
2270 928 17 918 2495
2271 799 2494 791 2509
2272 753 741 742 2503
2273 732 731 145 2482
2274 740 737 736 2474
2275 962 946 945 2519
2276 894 902 898 2480
2277 798 791 789 2509
2278 766 793 794 2502
2279 704 864 743 2503
2280 707 863 704 2503
2281 816 712 814 2489
2282 1025 996 1002 2473
2283 712 2488 714 2489
2284 831 751 832 2499
2285 744 706 704 2503
2286 711 2489 714 2504
2287 765 766 750 2498
2288 847 715 716 2510
2289 854 148 685 728
2290 839 226 875 2495
2291 744 753 747 2502
2292 745 705 747 2502
2293 903 894 896 2493
2294 843 878 841 2506
2295 906 895 907 2484
2296 806 918 227 2497
2297 703 879 700 2501
2298 824 929 925 2500
2299 733 732 884 2485
2300 710 715 888 2510
2301 832 742 864 2503
2302 926 929 930 2500
2303 2461 2462 233 2468
2304 963 955 941 2477
2305 813 809 790 2491
2306 875 873 874 2495
2307 235 936 236 2476
2308 769 192 1048 768
2309 728 98 729 782
2310 94 732 733 797
2311 875 226 919 2495
2312 829 932 827 2513
2313 877 857 680 681
2314 815 772 168 897
2315 912 913 914 2508
2316 777 775 808 2505
2317 824 810 764 2500
2318 781 783 782 2475
2319 198 844 886 899
2320 772 774 773 2493
2321 688 689 142 840
2322 955 956 957 2515
2323 913 779 778 2508
2324 872 854 853 2475
2325 728 730 803 2472
2326 920 894 2498 2499
2327 246 247 1023 2487
2328 781 782 801 2475
2329 704 743 741 2503
2330 891 908 907 2484
2331 833 902 831 2499
2332 992 993 991 2518
2333 778 780 811 2507
2334 963 956 955 2515
2335 868 2460 1035 2478
2336 765 903 767 2498
2337 736 807 804 2474
2338 884 865 885 2482
2339 967 958 973 2496
2340 862 909 908 2492
2341 849 734 143 848
2342 682 707 706 2503
2343 904 911 792 2490
2344 744 704 741 2503
2345 683 684 785 2483
2346 846 857 858 2479
2347 787 1033 1052 2512
2348 764 816 814 2489
2349 883 710 888 2504
2350 778 921 175 913
2351 984 2461 839 2462
2352 734 93 802 823
2353 986 1001 990 837
2354 742 741 743 2503
2355 774 785 773 2483
2356 901 831 902 2499
2357 765 903 166 767
2358 855 853 854 2516
2359 701 698 2491 2501
2360 881 880 852 2517
2361 831 752 751 2499
2362 938 970 939 2476
2363 765 900 903 2498
2364 943 2468 818 2497
2365 92 687 820 823
2366 679 680 682 2479
2367 750 748 765 2498
2368 940 959 958 2496
2369 909 932 924 2492
2370 680 681 857 2479
2371 1049 1044 2472 2514
2372 237 238 1032 2476
2373 696 694 697 2509
2374 1050 221 1049 834
2375 897 772 168 896
2376 692 693 870 2486
2377 98 728 803 782
2378 933 911 924 2490
2379 844 198 898 899
2380 1059 1053 1047 2485
2381 697 694 695 2509
2382 689 823 734 2458
2383 933 930 929 2500
2384 900 903 166 765
2385 853 2475 854 2516
2386 863 864 126 704
2387 833 832 845 2499
2388 148 854 869 728
2389 773 766 767 2498
2390 247 228 1004 2487
2391 928 912 914 2511
2392 1022 1005 989 2487
2393 794 793 76 705
2394 775 778 779 2508
2395 970 238 237 2476
2396 728 869 730 2472
2397 885 865 867 2482
2398 1006 1012 242 836
2399 816 719 712 2488
2400 827 909 862 2492
2401 855 148 685 854
2402 986 990 209 837
2403 736 737 735 2474
2404 976 973 974 2481
2405 845 832 863 2503
2406 792 911 761 2490
2407 948 818 950 2468
2408 844 846 886 2480
2409 703 709 882 2504
2410 126 863 704 707
2411 1001 1000 1011 2473
2412 891 886 871 2484
2413 785 774 786 2483
2414 881 893 880 2517
2415 754 159 755 784
2416 872 854 2475 2514
2417 799 815 819 2494
2418 705 793 76 708
2419 744 705 706 2502
2420 819 905 904 2494
2421 945 2468 233 2519
2422 729 685 2475 2516
2423 944 17 234 2497
2424 1053 1054 1047 2485
2425 933 929 763 2500
2426 1035 1053 1038 2512
2427 899 895 898 2480
2428 906 907 908 2484
2429 832 751 742 2499
2430 746 750 766 2498
2431 826 1058 195 1057
2432 687 92 689 823
2433 905 906 904 2494
2434 898 197 844 902
2435 807 806 2474 2511
2436 772 903 167 896
2437 961 971 962 2477
2438 1000 1001 1002 2473
2439 197 833 844 902
2440 894 895 896 2493
2441 913 921 915 2508
2442 797 796 795 2482
2443 206 851 917 916
2444 922 2507 926 2517
2445 752 749 751 2499
2446 767 903 167 772
2447 750 749 748 2498
2448 901 752 831 2499
2449 796 1051 191 768
2450 701 703 700 2501
2451 1024 995 1007 2478
2452 938 937 963 2476
2453 866 869 834 2472
2454 765 748 900 2498
2455 812 97 730 803
2456 1029 1030 1026 2478
2457 2481 2460 2487 2512
2458 1021 1004 1005 2487
2459 160 755 826 759
2460 831 833 196 902
2461 1034 2459 1032 2496
2462 944 818 227 2497
2463 909 827 932 2492
2464 789 81 696 809
2465 866 146 731 865
2466 896 895 897 2493
2467 744 747 705 2502
2468 710 711 714 2504
2469 933 761 911 2490
2470 1006 1024 1007 2478
2471 683 679 684 2483
2472 192 1051 1048 768
2473 95 731 732 797
2474 853 225 1045 887
2475 760 758 853 887
2476 898 895 894 2480
2477 831 196 901 902
2478 848 733 144 884
2479 1035 1037 1036 2478
2480 932 931 930 2513
2481 832 864 863 2503
2482 2474 2497 2495 2511
2483 874 892 838 2461
2484 713 814 712 2489
2485 976 982 229 2481
2486 752 901 154 749
2487 748 154 900 749
2488 96 730 731 812
2489 728 729 685 2475
2490 1049 1060 1044 2514
2491 806 918 2497 2511
2492 914 915 916 2520
2493 942 959 940 2477
2494 842 722 843 2506
2495 914 2508 915 2520
2496 875 15 226 839
2497 883 882 709 2504
2498 777 720 776 2505
2499 828 2504 830 2513
2500 697 786 798 2509
2501 828 829 827 2513
2502 719 717 714 2488
2503 1034 1033 1032 2512
2504 1026 1024 1029 2478
2505 806 804 2474 2497
2506 888 847 880 2510
2507 184 935 934 771
2508 888 715 847 2510
2509 913 176 779 912
2510 710 714 715 2510
2511 228 247 18 2487
2512 923 2517 881 2520
2513 1050 1055 1047 2482
2514 682 706 708 2502
2515 975 964 230 2519
2516 734 93 733 802
2517 162 1046 760 755
2518 944 227 17 2497
2519 81 699 696 809
2520 1020 989 1005 2518
2521 866 730 147 869
2522 2460 2481 2458 2512
2523 1015 1000 996 2473
2524 226 15 875 919
2525 798 696 697 2509
2526 788 719 816 2488
2527 1026 995 1024 2478
2528 719 714 712 2488
2529 238 970 969 2496
2530 917 890 207 919
2531 999 2462 1009 2518
2532 236 936 939 2476
2533 774 772 815 2493
2534 1022 1021 1005 2487
2535 1052 800 787 2512
2536 999 232 2462 2519
2537 1031 236 237 2476
2538 802 823 822 2512
2539 882 860 879 2501
2540 1055 1051 191 796
2541 721 725 722 2506
2542 891 907 199 886
2543 692 694 693 2486
2544 1032 2459 787 2476
2545 241 18 1038 2481
2546 923 915 922 2520
2547 715 717 716 2510
2548 244 245 1030 2478
2549 160 755 781 826
2550 734 733 143 848
2551 1002 996 1000 2473
2552 798 799 791 2509
2553 949 945 232 2519
2554 701 700 698 2501
2555 827 860 828 2492
2556 988 245 246 2487
2557 923 922 2517 2520
2558 762 790 761 2490
2559 811 780 810 2507
2560 758 760 165 887
2561 939 936 937 2476
2562 891 871 861 2484
2563 852 880 847 2510
2564 939 937 938 2476
2565 850 923 881 2520
2566 893 931 829 2513
2567 932 829 931 2513
2568 721 720 725 2505
2569 733 732 144 884
2570 840 142 688 838
2571 246 245 1037 2487
2572 749 901 154 920
2573 749 154 900 920
2574 842 716 722 2506
2575 776 720 718 2505
2576 806 227 13 2497
2577 939 970 237 2476
2578 762 763 764 2500
2579 788 810 780 2488
2580 781 755 159 784
2581 830 828 882 2504
2582 707 704 706 2503
2583 1008 1007 994 836
2584 694 692 695 2486
2585 680 679 681 2479
2586 963 937 952 2515
2587 832 831 158 751
2588 766 152 765 750
2589 851 890 206 917
2590 885 1054 219 889
2591 1048 1043 192 769
2592 971 957 981 2477
2593 13 227 806 918
2594 1004 1021 247 2487
2595 169 819 815 905
2596 881 927 893 2517
2597 839 875 874 2495
2598 921 811 925 2507
2599 1045 1039 225 853
2600 1047 1054 219 885
2601 714 717 715 2510
2602 731 730 146 866
2603 853 758 165 887
2604 77 793 684 708
2605 807 808 806 2511
2606 959 942 960 2477
2607 1056 1060 223 2514
2608 727 740 90 821
2609 201 862 827 909
2610 886 907 199 899
2611 807 88 777 724
2612 944 13 227 818
2613 876 843 138 726
2614 885 889 884 2485
2615 822 823 820 2458
2616 833 831 832 2499
2617 964 975 965 2519
2618 967 973 978 2481
2619 1022 1023 1021 2487
2620 883 830 882 2504
2621 1034 1032 2459 2512
2622 765 767 766 2498
2623 804 90 740 821
2624 941 942 940 2477
2625 959 960 965 2519
2626 788 816 810 2488
2627 127 857 863 680
2628 680 863 127 707
2629 777 776 775 2505
2630 779 778 175 913
2631 77 793 785 684
2632 776 86 788 718
2633 842 847 136 716
2634 1038 2481 2487 2512
2635 1032 787 1031 2476
2636 709 710 883 2504
2637 841 842 843 2506
2638 905 815 169 897
2639 824 763 929 2500
2640 957 951 981 2515
2641 883 888 830 2504
2642 1059 1055 190 796
2643 921 925 922 2507
2644 99 723 783 784
2645 128 877 857 680
2646 806 804 807 2474
2647 128 877 680 681
2648 952 937 935 2515
2649 239 240 1034 2496
2650 702 701 699 2491
2651 787 1032 1033 2512
2652 811 824 925 2507
2653 850 841 851 2520
2654 806 2497 2474 2511
2655 817 779 176 912
2656 973 976 977 2481
2657 851 916 205 2520
2658 728 730 97 803
2659 791 799 819 2494
2660 926 922 925 2507
2661 950 948 179 818
2662 890 875 207 919
2663 940 966 941 2496
2664 708 706 705 2502
2665 1015 1028 1016 2518
2666 869 730 147 728
2667 709 711 710 2504
2668 242 243 1006 2478
2669 229 228 977 2481
2670 729 723 685 2516
2671 781 1058 195 826
2672 827 862 860 2492
2673 949 962 945 2519
2674 790 792 761 2490
2675 843 842 137 722
2676 862 200 891 908
2677 1021 1023 247 2487
2678 927 881 923 2517
2679 776 777 87 720
2680 1020 1005 993 2518
2681 782 98 729 783
2682 941 966 980 2496
2683 1030 1029 244 2478
2684 811 810 824 2507
2685 787 2459 1032 2512
2686 1052 1033 1053 2512
2687 839 874 838 2461
2688 227 818 13 2497
2689 990 1011 2462 2473
2690 962 2477 972 2519
2691 923 850 205 2520
2692 939 237 236 2476
2693 698 699 701 2491
2694 805 818 2468 2497
2695 1006 1007 1008 836
2696 839 2461 838 2462
2697 188 1052 787 1033
2698 1032 2459 2476 2496
2699 99 723 729 783
2700 978 240 967 2481
2701 977 976 229 2481
2702 769 1043 193 801
2703 755 159 160 781
2704 198 197 844 898
2705 835 223 1060 2514
2706 772 167 168 896
2707 851 205 850 2520
2708 884 889 848 2485
2709 1034 2481 1038 2512
2710 91 687 821 820
2711 894 920 902 2499
2712 920 894 903 2498
2713 832 158 742 751
2714 746 152 766 750
2715 758 853 856 2516
2716 822 2458 820 2459
2717 800 1059 190 796
2718 839 837 990 2462
2719 956 951 957 2515
2720 879 860 859 2501
2721 686 856 855 2516
2722 824 764 763 2500
2723 1042 193 1043 801
2724 1049 221 222 834
2725 1024 1006 243 2478
2726 978 973 977 2481
2727 1038 18 247 2487
2728 740 736 89 804
2729 177 912 918 2511
2730 686 855 685 2516
2731 923 205 916 2520
2732 743 3 864 704
2733 798 697 79 786
2734 870 858 129 692
2735 745 794 2 705
2736 719 788 86 718
2737 838 141 691 892
2738 715 136 847 716
2739 992 1010 1017 2518
2740 712 714 711 2489
2741 2458 2481 2459 2512
2742 990 837 1001 2473
2743 32 744 706 704
2744 758 756 755 2516
2745 811 174 921 925
2746 825 78 785 684
2747 733 93 94 802
2748 744 705 32 706
2749 948 180 179 770
2750 799 798 786 2509
2751 881 850 205 923
2752 171 761 792 911
2753 1032 1031 237 2476
2754 175 921 778 811
2755 920 901 902 2499
2756 17 919 226 2495
2757 830 893 829 2513
2758 900 920 903 2498
2759 2458 2462 2461 2468
2760 1019 989 1020 2518
2761 1025 1018 212 836
2762 732 145 144 884
2763 948 947 180 770
2764 231 230 964 2519
2765 693 870 130 692
2766 201 862 909 908
2767 696 697 80 798
2768 722 138 843 726
2769 87 776 720 718
2770 751 831 158 752
2771 716 137 842 722
2772 720 777 88 724
2773 152 765 750 748
2774 1050 220 221 867
2775 800 802 787 2512
2776 1019 1016 1028 2518
2777 684 825 78 683
2778 232 231 949 2519
2779 969 979 238 2496
2780 806 805 804 2497
2781 869 854 835 2514
2782 177 918 806 2511
2783 1034 2481 2459 2496
2784 822 2459 820 2477
2785 856 149 686 855
2786 954 981 951 2515
2787 818 948 770 2468
2788 702 82 813 809
2789 882 879 132 703
2790 712 711 713 2489
2791 1045 162 1046 760
2792 1032 238 239 2496
2793 955 942 941 2477
2794 1022 988 246 2487
2795 685 686 149 855
2796 716 721 722 2506
2797 922 926 927 2517
2798 142 141 688 838
2799 993 992 1017 2518
2800 758 856 757 2516
2801 146 145 731 865
2802 742 864 157 832
2803 763 761 172 933
2804 3 126 864 704
2805 800 188 1052 787
2806 139 873 738 739
2807 746 151 794 766
2808 940 958 966 2496
2809 720 721 718 2505
2810 691 688 141 838
2811 794 76 2 705
2812 731 95 96 795
2813 92 734 689 823
2814 233 2468 2462 2519
2815 960 942 961 2477
2816 919 17 928 2495
2817 733 144 143 848
2818 147 148 869 728
2819 177 817 912 2511
2820 756 757 686 2516
2821 876 139 873 738
2822 928 918 912 2511
2823 974 2496 959 2519
2824 723 6 44 754
2825 829 828 830 2513
2826 870 131 859 693
2827 81 696 798 789
2828 728 97 98 803
2829 1034 1032 239 2496
2830 83 813 814 713
2831 882 133 883 709
2832 947 770 972 2477
2833 818 948 179 770
2834 218 1054 1035 889
2835 91 687 727 821
2836 1053 1034 1038 2512
2837 792 819 170 904
2838 914 913 915 2508
2839 807 89 736 804
2840 931 893 203 927
2841 909 827 201 932
2842 12 163 1045 887
2843 916 915 923 2520
2844 811 824 174 925
2845 224 1039 872 853
2846 1051 192 191 768
2847 82 702 699 809
2848 703 879 132 700
2849 771 1031 787 2476
2850 743 864 157 742
2851 200 907 891 908
2852 1013 1017 1010 2518
2853 935 934 771 2476
2854 829 202 827 932
2855 746 794 151 745
2856 157 158 742 832
2857 746 152 151 766
2858 1013 1015 1016 2518
2859 870 130 131 693
2860 985 1001 986 837
2861 140 739 691 892
2862 80 81 696 798
2863 193 192 1043 769
2864 853 164 758 856
2865 1038 1034 241 2481
2866 687 91 92 820
2867 730 96 97 812
2868 820 805 818 2468
2869 756 686 723 2516
2870 765 9 900 748
2871 927 881 204 923
2872 147 146 730 866
2873 968 958 967 2496
2874 957 971 961 2477
2875 217 218 1035 889
2876 837 990 209 839
2877 963 952 956 2515
2878 977 228 241 2481
2879 94 95 732 797
2880 734 143 142 849
2881 801 1058 194 781
2882 978 241 240 2481
2883 927 923 922 2517
2884 1018 836 1025 2473
2885 984 209 990 839
2886 817 177 806 2511
2887 79 80 697 798
2888 129 130 870 692
2889 822 820 770 2477
2890 946 2468 945 2519
2891 929 763 172 933
2892 806 13 818 2497
2893 1039 224 225 853
2894 787 802 822 2512
2895 816 84 814 712
2896 883 134 888 710
2897 875 15 207 919
2898 1029 1024 244 2478
2899 929 173 824 925
2900 754 723 6 784
2901 85 816 788 719
2902 847 888 135 715
2903 1032 2476 238 2496
2904 820 2468 770 2477
2905 770 2468 972 2477
2906 745 2 31 705
2907 743 33 3 704
2908 984 226 15 839
2909 1022 246 1023 2487
2910 138 876 726 738
2911 1034 240 241 2481
2912 84 816 719 712
2913 813 83 702 713
2914 715 888 134 710
2915 133 882 703 709
2916 2459 2481 1034 2512
2917 165 164 758 853
2918 705 31 747 744
2919 904 171 792 911
2920 686 757 856 2516
2921 33 744 704 741
2922 1008 994 1025 836
2923 736 88 807 724
2924 961 962 960 2519
2925 851 206 205 916
2926 872 835 854 2514
2927 166 9 900 765
2928 203 829 893 931
2929 969 980 966 2496
2930 243 242 1036 2478
2931 864 156 3 743
2932 2 150 794 745
2933 806 177 13 918
2934 1053 1033 1034 2512
2935 839 838 837 2462
2936 1047 219 220 885
2937 135 136 847 715
2938 967 240 968 2496
2939 808 817 806 2511
2940 86 85 788 719
2941 202 829 931 932
2942 853 855 856 2516
2943 863 126 127 707
2944 1037 1038 246 2487
2945 747 745 31 705
2946 704 743 33 741
2947 793 77 76 708
2948 787 822 2459 2512
2949 820 818 770 2468
2950 757 758 164 856
2951 921 175 174 811
2952 934 235 14 771
2953 893 881 204 927
2954 1056 1041 1044 2514
2955 14 1031 771 235
2956 760 1045 163 887
2957 816 85 84 719
2958 45 686 756 757
2959 134 135 888 715
2960 723 99 6 784
2961 1058 195 194 781
2962 787 1032 1031 1033
2963 1038 2481 18 2487
2964 245 244 1037 2478
2965 9 153 900 748
2966 831 901 10 752
2967 1035 1036 868 2478
2968 734 92 93 823
2969 944 950 178 818
2970 903 167 166 767
2971 127 128 857 680
2972 18 241 228 2481
2973 984 208 209 839
2974 175 176 779 913
2975 955 957 942 2477
2976 933 761 171 911
2977 862 201 200 908
2978 941 980 2476 2496
2979 685 723 686 2516
2980 1012 1006 1008 836
2981 964 949 231 2519
2982 178 13 944 818
2983 765 152 9 748
2984 161 162 759 1057
2985 805 806 818 2497
2986 824 763 173 929
2987 194 1042 1058 801
2988 739 140 873 892
2989 223 222 835 1060
2990 1003 229 2470 2487
2991 977 241 978 2481
2992 1044 1060 1056 2514
2993 954 951 953 2515
2994 771 2476 822 2515
2995 837 2462 838 2473
2996 992 991 2470 2518
2997 905 170 819 904
2998 868 217 1035 889
2999 744 32 33 704
3000 32 31 705 744
3001 840 2462 2460 2473
3002 907 199 200 891
3003 78 77 785 684
3004 199 198 886 899
3005 876 138 139 738
3006 849 868 840 2460
3007 1024 243 244 2478
3008 987 2478 245 2487
3009 833 197 196 902
3010 245 2478 1037 2487
3011 1020 993 1017 2518
3012 1036 16 868 242
3013 975 2470 982 2481
3014 1059 190 189 800
3015 240 2481 1034 2496
3016 1025 836 994 2473
3017 713 814 84 712
3018 134 883 709 710
3019 756 686 45 723
3020 935 953 952 2515
3021 173 174 824 925
3022 961 942 957 2477
3023 960 964 965 2519
3024 975 2481 974 2519
3025 969 966 979 2496
3026 756 758 757 2516
3027 787 1031 187 1033
3028 815 168 169 897
3029 202 201 827 932
3030 877 128 129 681
3031 84 83 814 713
3032 883 133 134 709
3033 153 154 900 748
3034 994 995 2473 2478
3035 205 204 881 923
3036 154 155 901 752
3037 82 83 702 813
3038 132 133 882 703
3039 7 686 757 856
3040 770 822 2477 2515
3041 137 138 843 722
3042 1016 1019 1020 2518
3043 972 2477 2468 2519
3044 88 87 777 720
3045 1016 1017 1013 2518
3046 901 155 10 752
3047 825 79 78 683
3048 88 89 736 807
3049 958 968 966 2496
3050 873 139 140 739
3051 136 137 842 716
3052 776 87 86 718
3053 1055 191 190 796
3054 10 158 831 752
3055 987 1028 2478 2518
3056 149 148 685 855
3057 984 15 208 839
3058 1045 225 12 887
3059 163 12 760 887
3060 979 239 238 2496
3061 901 10 196 831
3062 893 204 203 927
3063 740 89 90 804
3064 244 1036 1037 2478
3065 1035 1036 217 868
3066 759 826 11 1057
3067 1028 2473 995 2478
3068 157 156 864 743
3069 150 151 794 745
3070 838 2462 840 2473
3071 987 2487 989 2518
3072 211 1018 985 837
3073 1039 1056 224 872
3074 934 185 184 771
3075 999 2462 2470 2519
3076 171 172 761 933
3077 968 979 966 2496
3078 963 941 2476 2477
3079 44 756 723 754
3080 1015 2473 1028 2518
3081 141 140 691 892
3082 207 206 890 917
3083 1007 994 836 2478
3084 1005 2487 1003 2518
3085 770 771 822 2515
3086 131 132 879 700
3087 81 82 699 809
3088 228 18 2481 2487
3089 244 243 1036 2478
3090 982 2470 229 2481
3091 990 2462 837 2473
3092 829 203 202 931
3093 954 953 182 2515
3094 960 962 949 2519
3095 999 2470 2462 2518
3096 940 2477 959 2496
3097 837 838 840 2473
3098 228 2481 229 2487
3099 172 173 763 929
3100 247 246 1038 2487
3101 686 7 149 856
3102 169 170 819 905
3103 45 44 756 723
3104 1018 211 212 837
3105 759 11 161 1057
3106 90 91 727 821
3107 1054 218 219 889
3108 817 176 177 912
3109 952 951 956 2515
3110 189 1052 1059 800
3111 826 195 11 1057
3112 170 171 792 904
3113 1020 1017 1016 2518
3114 1000 2473 1015 2518
3115 964 960 949 2519
3116 1001 837 985 2473
3117 952 953 951 2515
3118 238 2476 970 2496
3119 963 955 2477 2515
3120 975 230 2470 2519
3121 242 868 1036 2478
3122 11 160 826 759
3123 934 14 185 771
3124 974 2481 973 2496
3125 189 188 1052 800
3126 1056 223 224 872
3127 1042 194 193 801
3128 2460 2462 2458 2470
3129 98 99 729 783
3130 970 2476 969 2496
3131 771 770 183 2515
3132 957 981 2477 2515
3133 2458 2468 2477 2519
3134 937 2476 935 2515
3135 760 12 165 887
3136 16 1036 868 216
3137 2462 2468 2458 2470
3138 686 45 7 757
3139 2458 2477 2459 2519
3140 968 239 979 2496
3141 950 179 178 818
3142 961 2477 962 2519
3143 771 1031 186 787
3144 1012 16 242 836
3145 836 1018 212 837
3146 2470 2481 2460 2487
3147 940 941 2477 2496
3148 969 2476 980 2496
3149 968 240 239 2496
3150 1045 163 162 760
3151 986 209 210 837
3152 963 2476 937 2515
3153 757 164 7 856
3154 754 6 159 784
3155 183 953 935 2515
3156 770 981 181 954
3157 2460 2470 2458 2481
3158 1008 1025 213 836
3159 1006 1007 836 2478
3160 242 1006 836 2478
3161 986 210 985 837
3162 989 2487 1005 2518
3163 947 981 181 770
3164 959 2477 960 2519
3165 967 973 2481 2496
3166 1036 216 217 868
3167 187 186 1031 787
3168 1031 14 771 186
3169 840 2460 868 2478
3170 967 2481 240 2496
3171 787 187 188 1033
3172 771 935 2476 2515
3173 974 2481 2496 2519
3174 836 837 840 2473
3175 2468 2470 2462 2519
3176 2458 2470 2468 2519
3177 836 1018 837 2473
3178 1012 215 16 836
3179 961 960 2477 2519
3180 182 953 183 2515
3181 1025 212 213 836
3182 1008 214 1012 836
3183 955 957 2477 2515
3184 987 2478 2487 2518
3185 840 868 836 2478
3186 1003 2487 2470 2518
3187 182 183 770 2515
3188 836 2473 840 2478
3189 959 2496 2477 2519
3190 181 180 947 770
3191 210 211 985 837
3192 954 770 981 2515
3193 994 2473 836 2478
3194 2458 2459 2470 2519
3195 229 2481 2470 2487
3196 2473 2478 1028 2518
3197 2470 2481 975 2519
3198 2460 2473 2470 2518
3199 840 2473 2460 2478
3200 2462 2470 2460 2473
3201 2470 2473 2462 2518
3202 770 181 182 954
3203 963 2477 2476 2515
3204 2459 2458 2470 2481
3205 2476 2477 941 2496
3206 2470 2459 2481 2519
3207 981 770 2477 2515
3208 1012 214 215 836
3209 1008 213 214 836
3210 954 182 770 2515
3211 2459 2481 2477 2496
3212 2477 2496 2481 2519
3213 2477 2481 2459 2519
3214 2460 2487 2478 2518
3215 2460 2470 2487 2518
3216 2460 2478 2473 2518
3217 2459 2477 2476 2496
3218 2461 691 739 892
3219 2461 739 691 690
3220 2461 873 892 739
3221 2461 892 873 874
3222 992 999 2470 997
3223 992 2470 999 2518
3224 2516 783 781 2475
3225 2516 781 783 784
3226 2512 848 868 2485
3227 2512 868 848 2460
3228 917 2511 2495 928
3229 2495 2511 917 2469
3230 2509 774 2483 786
3231 2509 2483 774 2466
3232 1003 991 2470 1027
3233 1003 2470 991 2518
3234 731 812 2472 795
3235 2472 812 731 730
3236 2460 734 840 849
3237 2460 840 734 2458
3238 689 734 840 2458
3239 2468 234 2497 943
3240 2468 2497 234 2461
3241 2475 803 769 2472
3242 2475 769 803 782
3243 1057 755 162 759
3244 1057 162 755 1046
3245 2511 779 912 2508
3246 2511 912 779 817
3247 2513 926 927 931
3248 2513 927 926 2471
3249 1060 834 2514 1049
3250 1060 2514 834 835
3251 2462 984 990 839
3252 2462 990 984 983
3253 2511 807 2469 2474
3254 2511 2469 807 808
3255 821 740 805 727
3256 821 805 740 804
3257 805 740 2497 727
3258 805 2497 740 804
3259 2497 740 2474 727
3260 2497 2474 740 804
3261 696 809 2491 789
3262 2491 809 696 699
3263 859 700 131 879
3264 131 700 859 693
3265 854 2516 685 855
3266 685 2516 854 2475
3267 2514 834 869 2472
3268 2514 869 834 835
3269 972 2519 946 962
3270 946 2519 972 2468
3271 881 2520 852 850
3272 852 2520 881 2517
3273 230 2519 997 2470
3274 230 997 2519 231
3275 999 997 2519 2470
3276 999 2519 997 231
3277 2518 1011 2462 1009
3278 2518 2462 1011 2473
3279 2514 223 872 835
3280 2514 872 223 1056
3281 2518 1011 1000 2473
3282 2518 1000 1011 1013
3283 2476 934 235 936
3284 2476 235 934 771
3285 235 2476 1031 771
3286 1031 2476 235 236
3287 2473 985 1018 837
3288 2473 1018 985 1002
3289 2477 947 981 971
3290 2477 981 947 770
3291 2477 2458 820 2468
3292 2477 820 2458 2459
3293 183 771 935 184
3294 183 935 771 2515
3295 242 868 836 16
3296 242 836 868 2478
3297 2476 822 787 771
3298 2476 787 822 2459
3299 2477 2476 822 2459
3300 2477 822 2476 2515
3301 734 840 142 689
3302 734 142 840 849
3303 1159 2539 2522 2541
3304 1176 2521 2527 2547
3305 1176 2525 2521 2547
3306 1185 2532 2523 2545
3307 1105 2522 2535 2542
3308 1166 1176 2521 2527
3309 1113 1111 1112 2521
3310 1112 2521 896 2531
3311 287 2523 1185 2532
3312 1176 2527 2525 2547
3313 1176 1169 2525 2527
3314 896 2521 1112 2538
3315 1111 1112 2521 2538
3316 1113 2521 1112 2531
3317 1101 287 1178 2523
3318 908 2524 1175 2536
3319 1159 2526 2522 2539
3320 2523 2539 1146 2541
3321 2521 2525 1176 2537
3322 2525 2527 1169 2528
3323 911 1108 933 2535
3324 1101 1177 287 2523
3325 1073 1133 1074 2537
3326 2524 2527 1165 2536
3327 287 2523 1177 2539
3328 1116 2535 2524 2542
3329 922 925 921 2523
3330 1125 1085 1086 2534
3331 1188 2523 287 2539
3332 1162 2521 1176 2537
3333 1176 1168 1169 2527
3334 286 287 1185 2532
3335 1087 2529 2530 2534
3336 1105 2535 1116 2542
3337 1177 2523 1101 2539
3338 922 2523 921 2532
3339 287 1178 2523 2532
3340 907 908 1175 2536
3341 1133 2525 1074 2537
3342 1161 898 2536 2540
3343 1165 2527 2524 2530
3344 1147 1185 2523 2545
3345 1159 1146 2539 2541
3346 927 2523 922 2545
3347 1083 2527 1082 2534
3348 1166 2527 2521 2536
3349 916 914 917 2545
3350 1064 1074 1061 2525
3351 912 1184 914 2532
3352 1102 2522 1105 2542
3353 2521 2536 898 2540
3354 286 2532 1185 2545
3355 905 1092 2524 2538
3356 1083 2530 2527 2534
3357 1186 1191 285 2545
3358 1166 1176 1162 2521
3359 1102 2526 2522 2542
3360 1165 2530 2524 2542
3361 906 905 2524 2538
3362 1126 1086 2528 2534
3363 923 927 922 2545
3364 913 912 914 2532
3365 1101 1178 287 1177
3366 1108 2522 933 2535
3367 1087 2530 1081 2534
3368 914 1184 285 2532
3369 911 1116 1108 2535
3370 920 901 1071 2540
3371 1090 1116 2524 2542
3372 1097 2526 1088 2529
3373 1161 898 899 2536
3374 1164 2524 1165 2536
3375 1168 1169 2527 2528
3376 905 1092 904 2524
3377 1165 2527 1166 2536
3378 1135 1061 1074 2525
3379 1067 1071 1070 2540
3380 1082 2527 2528 2534
3381 1067 2531 920 2540
3382 930 2522 929 2541
3383 930 933 929 2522
3384 2524 1089 2530 2544
3385 1085 2529 1087 2534
3386 1087 2529 1088 2530
3387 1150 2523 927 2545
3388 1094 1184 912 1095
3389 1147 1185 287 2523
3390 1168 2527 1139 2528
3391 1186 1155 1191 2545
3392 905 904 906 2524
3393 1174 1175 908 2524
3394 2526 2529 1097 2546
3395 1071 1067 920 2540
3396 1147 287 1188 2523
3397 2524 2538 1092 2544
3398 1165 1140 2527 2530
3399 1101 1178 1109 2523
3400 1102 2530 2526 2542
3401 1140 2527 2530 2534
3402 1126 1125 1086 2534
3403 913 1095 912 2532
3404 1140 1139 1168 2527
3405 1143 2529 2526 2546
3406 1139 2528 2527 2534
3407 1085 1125 2529 2534
3408 925 1117 921 2523
3409 1170 1161 2536 2540
3410 1067 2537 2531 2540
3411 1147 2523 1188 2539
3412 1117 921 2523 2532
3413 910 906 904 2524
3414 1067 1070 2537 2540
3415 1161 899 1171 2536
3416 912 1095 1184 2532
3417 1170 2536 2521 2540
3418 904 910 2524 2535
3419 1074 1133 1135 2525
3420 1099 1180 1098 2546
3421 1109 2523 1178 2532
3422 1090 2530 1102 2542
3423 1090 1102 1105 2542
3424 929 2522 1108 2541
3425 1105 1116 1090 2542
3426 1107 2522 2526 2539
3427 1183 285 1184 2532
3428 1187 1188 288 2539
3429 1112 896 903 2531
3430 1088 2529 2526 2530
3431 923 1150 927 2545
3432 1106 1107 2523 2541
3433 906 2524 2536 2538
3434 1071 1142 1070 2540
3435 1081 1083 1082 2534
3436 906 910 908 2524
3437 1140 1139 2527 2534
3438 1154 2526 2529 2530
3439 898 2521 895 2536
3440 1087 1088 1081 2530
3441 2524 2530 1090 2542
3442 926 922 927 2523
3443 1062 1064 2525 2543
3444 1116 904 2524 2535
3445 1166 2521 1170 2536
3446 1113 2521 2531 2543
3447 2525 2528 1134 2533
3448 1089 1090 2524 2530
3449 1143 1154 2526 2529
3450 1180 2539 1098 2546
3451 1062 1075 1064 2543
3452 1115 1097 2529 2546
3453 910 908 2524 2535
3454 2521 2543 1113 2547
3455 1134 2525 1169 2528
3456 1175 2524 1164 2536
3457 1115 1097 1088 2529
3458 1103 2525 2528 2547
3459 1147 1157 1185 2545
3460 898 894 2521 2540
3461 1086 1119 1124 2528
3462 1114 1112 903 2531
3463 1085 1081 1086 2534
3464 1114 1113 1112 2531
3465 1127 2529 1125 2534
3466 894 2521 896 2538
3467 1126 2528 1138 2534
3468 922 926 925 2523
3469 1081 2528 1086 2534
3470 896 2521 894 2531
3471 1158 1160 2522 2542
3472 1167 2522 932 2541
3473 1099 1181 1180 2546
3474 924 911 933 2535
3475 1150 927 2523 2541
3476 289 1187 2539 2546
3477 1082 2528 2527 2547
3478 1106 2523 925 2541
3479 1116 911 904 2535
3480 1099 2526 1097 2546
3481 924 933 2522 2535
3482 289 2539 1180 2546
3483 1166 1168 1176 2527
3484 2527 2528 2525 2547
3485 1168 1139 1169 2528
3486 1099 1098 2526 2546
3487 1124 2528 1119 2533
3488 1092 1116 904 2524
3489 1097 1099 1098 2526
3490 1187 1144 1188 2539
3491 289 1180 1181 2546
3492 924 930 932 2522
3493 929 1106 925 2541
3494 930 924 933 2522
3495 1164 1165 1166 2536
3496 925 2523 926 2541
3497 1118 1111 1113 2521
3498 1174 2524 908 2535
3499 1106 929 1108 2541
3500 1187 1144 2539 2546
3501 285 914 2532 2545
3502 2522 2526 1158 2542
3503 1142 2537 1070 2540
3504 1083 1081 2530 2534
3505 1118 1111 2521 2538
3506 922 2523 2532 2545
3507 895 2536 2521 2538
3508 1185 1186 286 2545
3509 1077 1062 2525 2543
3510 926 2523 927 2541
3511 1163 901 902 2540
3512 901 1142 1071 2540
3513 1098 2539 2526 2546
3514 1159 1144 2526 2539
3515 1081 1085 1087 2534
3516 933 1108 929 2522
3517 287 1185 1147 1188
3518 1184 1095 1183 2532
3519 1107 1100 2523 2539
3520 1130 2528 1124 2533
3521 23 1182 276 2529
3522 1102 1107 2522 2526
3523 1061 2525 1135 2533
3524 1089 2524 1092 2544
3525 1062 2525 1064 2533
3526 1166 1162 1170 2521
3527 1115 1182 1181 2546
3528 1083 2530 1089 2544
3529 1126 1138 1127 2534
3530 1061 1064 2525 2533
3531 1121 276 1182 2529
3532 1160 2535 2522 2542
3533 932 2522 930 2541
3534 932 2522 1172 2535
3535 1135 2525 1134 2533
3536 1083 2527 2530 2544
3537 1163 1142 901 2540
3538 2526 2530 1154 2542
3539 932 924 2522 2535
3540 1154 2530 2529 2534
3541 1161 1171 1170 2536
3542 1115 2529 1182 2546
3543 2521 1118 2538 2544
3544 1121 1087 1085 2529
3545 1090 1116 1089 2524
3546 1165 2524 1173 2542
3547 1064 2537 2525 2543
3548 1077 1075 1062 2543
3549 2526 2539 1144 2546
3550 1146 2523 1147 2539
3551 2521 2537 1162 2540
3552 1062 1077 2525 2533
3553 1158 1160 1159 2522
3554 894 895 898 2521
3555 1104 1103 2525 2528
3556 1082 2528 1081 2534
3557 894 895 2521 2538
3558 904 911 910 2535
3559 1147 1188 1144 2539
3560 1082 1103 2528 2547
3561 1072 1065 1123 2533
3562 932 1167 1172 2522
3563 1164 1175 1174 2524
3564 1104 2528 2525 2533
3565 2527 2536 2524 2544
3566 1137 1127 1138 2534
3567 1170 2521 1162 2540
3568 2521 2536 2527 2544
3569 894 2531 2521 2540
3570 2524 2530 2527 2544
3571 1173 2524 2535 2542
3572 1113 2543 1076 2547
3573 1100 1101 2523 2539
3574 1158 2522 1159 2526
3575 1064 1069 2537 2543
3576 929 925 926 2541
3577 1130 1132 2528 2533
3578 290 1181 1182 2546
3579 287 286 1178 2532
3580 894 896 895 2538
3581 1138 2528 1139 2534
3582 914 912 284 1184
3583 23 275 1189 1128
3584 1129 1085 1125 2529
3585 1118 1111 2538 2544
3586 1169 1134 1176 2525
3587 1153 1128 1137 2529
3588 1126 1127 1125 2534
3589 1086 1124 1126 2528
3590 288 1188 287 2539
3591 1123 1080 1072 2533
3592 289 1187 288 2539
3593 1105 1102 1107 2522
3594 1150 1149 927 2541
3595 284 285 914 1184
3596 290 1182 2529 2546
3597 285 2532 1186 2545
3598 899 898 895 2536
3599 1173 2524 1174 2535
3600 1167 1159 2522 2541
3601 1159 1146 1144 2539
3602 1185 1157 1186 2545
3603 1129 1121 1085 2529
3604 1118 2521 1113 2547
3605 1128 1127 1137 2529
3606 2521 1118 2544 2547
3607 1089 1116 1092 2524
3608 1160 1172 2522 2535
3609 1106 1107 1100 2523
3610 1104 2525 1077 2533
3611 2525 2537 2521 2543
3612 1152 2529 1143 2546
3613 1191 284 285 914
3614 1158 2526 1154 2542
3615 1186 285 286 2532
3616 1119 1080 1123 2533
3617 915 922 921 2532
3618 1076 2543 2525 2547
3619 1127 1137 2529 2534
3620 2525 2543 2521 2547
3621 1087 1115 1088 2529
3622 1117 925 1106 2523
3623 23 276 1129 2529
3624 1099 1097 1115 2546
3625 1143 1152 1154 2529
3626 1088 2526 1102 2530
3627 1093 2538 1111 2544
3628 1121 1129 276 2529
3629 1167 932 931 2541
3630 1066 2531 1069 2543
3631 1145 1190 1189 2546
3632 1148 2537 1142 2540
3633 1127 1129 1125 2529
3634 1165 1154 2530 2542
3635 1186 2532 286 2545
3636 1101 1109 1100 2523
3637 1168 1165 1140 2527
3638 1102 1107 2526 2539
3639 1160 1172 2535 2542
3640 1067 1069 2531 2537
3641 1069 1066 1067 2531
3642 1132 1134 2528 2533
3643 1104 1119 2528 2533
3644 1122 1131 1130 2533
3645 1076 1077 2525 2543
3646 920 902 901 2540
3647 1069 2531 2537 2543
3648 1119 1123 1124 2533
3649 900 1114 903 2531
3650 1189 23 1128 2529
3651 1102 1088 1097 2526
3652 1099 1115 1181 2546
3653 1117 2523 1109 2532
3654 1146 1147 1144 2539
3655 1133 1176 2525 2537
3656 1173 1165 1164 2524
3657 1089 1083 1090 2530
3658 1189 275 1153 1128
3659 1138 1126 1132 2528
3660 920 1068 900 2531
3661 1160 1167 1159 2522
3662 1189 1128 1153 2529
3663 1082 1086 1081 2528
3664 1062 1079 1077 2533
3665 1165 1154 1140 2530
3666 1133 1134 1135 2525
3667 1122 1136 1131 2533
3668 1122 1065 1136 2533
3669 1061 1062 1064 2533
3670 1126 1124 1130 2528
3671 1167 1160 1172 2522
3672 1091 897 1112 2538
3673 922 2532 915 2545
3674 1147 1151 1157 2545
3675 1140 2530 1154 2534
3676 1151 1150 923 2545
3677 1103 1076 2525 2547
3678 1189 290 23 2529
3679 1189 2529 1152 2546
3680 1190 1145 1187 2546
3681 1091 1112 1111 2538
3682 1137 1154 2529 2534
3683 900 1120 1114 2531
3684 1132 1126 1130 2528
3685 290 1182 23 2529
3686 1067 1068 920 2531
3687 1078 1075 1077 2543
3688 1170 1162 1161 2540
3689 1122 1123 1065 2533
3690 1102 2526 1098 2539
3691 897 896 1112 2538
3692 1115 1121 1182 2529
3693 1088 1083 1081 2530
3694 1082 2527 1084 2547
3695 1064 1075 1069 2543
3696 1104 1103 1077 2525
3697 1142 1141 1070 2537
3698 1134 1169 1132 2528
3699 1119 1086 1104 2528
3700 1118 1113 1076 2547
3701 1166 1165 1168 2527
3702 903 896 894 2531
3703 1082 1083 1084 2527
3704 932 930 931 2541
3705 1104 1077 1079 2533
3706 1104 1082 1103 2528
3707 921 1117 1096 2532
3708 1118 1093 1111 2544
3709 1144 1187 1145 2546
3710 1165 1173 1154 2542
3711 2521 2538 2536 2544
3712 1098 1102 1097 2526
3713 1189 290 2529 2546
3714 1164 1174 1173 2524
3715 928 912 284 914
3716 288 1180 289 2539
3717 2521 2544 2527 2547
3718 2536 2538 2524 2544
3719 1072 1063 1065 2533
3720 900 1068 1120 2531
3721 1143 1154 1158 2526
3722 1133 1176 1134 2525
3723 2521 2537 2531 2543
3724 1103 1076 1077 2525
3725 1126 1138 1132 1130
3726 1090 1088 1102 2530
3727 1084 2527 1083 2544
3728 1072 1080 1063 2533
3729 287 1177 288 2539
3730 1122 1124 1123 2533
3731 1152 1145 1189 2546
3732 1073 1064 1069 2537
3733 1128 1129 1127 2529
3734 1120 1068 1066 2531
3735 1143 2526 1144 2546
3736 1102 1098 1107 2539
3737 1113 2531 1110 2543
3738 1130 1131 1132 2533
3739 268 1124 1086 1119
3740 1148 1141 1142 2537
3741 1177 1101 1180 2539
3742 916 917 206 1156
3743 1093 1092 2538 2544
3744 1173 2535 1172 2542
3745 1189 1153 1152 2529
3746 1131 1135 1134 2533
3747 906 2536 895 2538
3748 1105 1107 1108 2522
3749 1175 1171 907 2536
3750 1154 1152 1137 2529
3751 1133 1162 1176 2537
3752 1110 2531 1066 2543
3753 932 1172 909 2535
3754 2531 2537 2521 2540
3755 1146 1150 2523 2541
3756 909 1174 908 2535
3757 1110 1120 1066 2531
3758 914 915 913 2532
3759 1113 1114 1110 2531
3760 1063 1079 1062 2533
3761 1061 1136 1065 2533
3762 915 921 913 2532
3763 1131 1061 1135 2533
3764 1145 1143 1144 2546
3765 915 2532 914 2545
3766 1066 1068 1067 2531
3767 1132 1131 1134 2533
3768 1067 1070 1069 2537
3769 1144 1158 1159 2526
3770 1148 1162 2537 2540
3771 1172 1173 1174 2535
3772 257 1073 1133 1074
3773 1160 1173 1172 2542
3774 1117 1106 1109 2523
3775 1122 1130 1124 2533
3776 1128 23 1129 2529
3777 1098 1180 1101 2539
3778 1187 1144 281 1188
3779 921 1096 913 2532
3780 923 204 927 1150
3781 920 900 903 2531
3782 1078 1110 1066 2543
3783 1124 1126 268 1086
3784 1155 916 206 1156
3785 1181 1115 266 1182
3786 1189 1145 283 1190
3787 909 1172 1174 2535
3788 1100 1109 1106 2523
3789 931 927 1149 2541
3790 1137 1138 1139 2534
3791 1158 1144 1143 2526
3792 1061 1131 1136 2533
3793 1190 1187 289 2546
3794 286 285 1183 2532
3795 166 903 900 1114
3796 262 1178 1183 2532
3797 1167 1146 1159 2541
3798 1091 1092 905 2538
3799 1157 1155 1186 2545
3800 910 911 924 2535
3801 907 1171 899 2536
3802 1104 1086 1082 2528
3803 1163 901 196 902
3804 1101 264 1177 1180
3805 907 895 906 2536
3806 907 899 895 2536
3807 1086 1125 269 1085
3808 1147 1146 1150 2523
3809 1142 901 196 1163
3810 1093 1089 1092 2544
3811 1121 270 1129 1085
3812 932 909 924 2535
3813 1146 1149 1150 2541
3814 1161 1163 902 2540
3815 1084 2527 2544 2547
3816 1153 1137 1152 2529
3817 1067 154 920 1068
3818 1120 166 900 1114
3819 894 920 2531 2540
3820 1184 912 260 1094
3821 931 1149 1167 2541
3822 1115 1087 1121 2529
3823 1163 1148 1142 2540
3824 1114 1120 1110 2531
3825 262 1183 1095 2532
3826 269 1126 1125 1086
3827 1161 898 198 899
3828 1133 1073 1141 2537
3829 1090 1083 1088 2530
3830 1138 1132 1139 2528
3831 930 929 926 2541
3832 898 1161 902 2540
3833 1184 912 284 1179
3834 1117 1109 1096 2532
3835 1080 1079 1063 2533
3836 1145 282 1190 1187
3837 1067 920 154 1071
3838 1189 1190 290 2546
3839 1116 171 911 1108
3840 198 1171 1161 899
3841 1094 261 1184 1095
3842 249 1078 1110 1066
3843 897 1091 905 2538
3844 1113 1110 1076 2543
3845 911 171 933 1108
3846 1078 1066 1075 2543
3847 1096 1095 913 2532
3848 1184 260 912 1179
3849 1173 1158 1154 2542
3850 1125 1129 270 1085
3851 264 1101 1098 1180
3852 1132 1169 1139 2528
3853 283 1152 1145 1189
3854 1183 1178 286 2532
3855 1080 1119 1079 2533
3856 250 1077 1078 1075
3857 1175 1164 1171 2536
3858 1099 1115 266 1181
3859 197 1161 1163 902
3860 1138 273 1126 1127
3861 1144 1147 281 1188
3862 273 1138 1137 1127
3863 1135 257 1133 1074
3864 1107 1098 1100 2539
3865 267 1123 1119 1080
3866 154 900 920 1068
3867 925 929 173 1106
3868 262 1109 1178 2532
3869 288 1177 1180 2539
3870 912 928 1179 918
3871 261 1183 1184 1095
3872 910 909 908 2535
3873 1104 1079 1119 2533
3874 932 931 202 1167
3875 1191 917 919 928
3876 1070 1141 1073 2537
3877 1093 1092 1091 2538
3878 1061 1063 1062 2533
3879 1137 1140 1154 2534
3880 1191 919 1192 928
3881 1076 1078 1077 2543
3882 1161 197 898 902
3883 1130 271 1131 1122
3884 1126 272 1138 1130
3885 1061 1065 1063 2533
3886 920 901 154 1071
3887 928 284 912 1179
3888 1077 250 1062 1075
3889 1167 1149 1146 2541
3890 1123 1124 267 1119
3891 168 1112 1091 897
3892 1158 1173 1160 2542
3893 1082 1084 1103 2547
3894 916 915 914 2545
3895 167 903 1114 1112
3896 894 920 903 2531
3897 20 254 1136 1122
3898 1084 1083 1089 2544
3899 167 903 1112 896
3900 204 923 1151 1150
3901 894 902 920 2540
3902 1093 1091 1111 2538
3903 254 1136 1122 1065
3904 1084 2544 1118 2547
3905 1133 1148 1162 2537
3906 271 1136 1131 1122
3907 262 1095 1109 2532
3908 272 1132 1138 1130
3909 1131 1136 1135 1061
3910 263 1178 1101 1177
3911 1166 1170 1164 2536
3912 1180 1099 265 1181
3913 1191 1192 284 928
3914 1069 1070 1073 2537
3915 168 1112 897 896
3916 1152 1143 1145 2546
3917 909 910 924 2535
3918 906 895 905 2538
3919 1101 1178 263 1109
3920 282 1145 1144 1187
3921 909 201 1174 1172
3922 1066 1069 1075 2543
3923 249 1078 1066 1075
3924 922 915 923 2545
3925 931 926 927 2541
3926 207 917 1191 1156
3927 1167 202 932 1172
3928 205 916 1155 2545
3929 912 177 260 1094
3930 1106 929 173 1108
3931 1136 254 20 1065
3932 897 895 896 2538
3933 1115 1121 266 1182
3934 908 909 201 1174
3935 1062 1063 251 1079
3936 919 207 917 1191
3937 1072 1065 253 1123
3938 1148 1161 1162 2540
3939 1116 171 904 911
3940 1079 251 1062 1077
3941 1139 1140 1137 2534
3942 916 205 923 2545
3943 265 1098 1099 1180
3944 204 927 1150 1149
3945 277 207 1191 1156
3946 1100 1098 1101 2539
3947 1084 1093 1118 2544
3948 1147 1185 280 1188
3949 201 909 932 1172
3950 1091 169 905 1092
3951 897 905 895 2538
3952 170 904 1092 1116
3953 199 907 1175 1171
3954 1133 1073 257 1141
3955 1126 269 268 1086
3956 1161 1148 1163 2540
3957 931 930 926 2541
3958 925 173 174 1117
3959 1133 1141 1148 2537
3960 1129 276 21 1121
3961 1153 1152 283 1189
3962 1170 1171 1164 2536
3963 198 197 898 1161
3964 1167 931 203 1149
3965 1091 905 169 897
3966 1103 1118 1076 2547
3967 1096 176 913 1095
3968 173 925 1106 1117
3969 931 203 202 1167
3970 898 902 894 2540
3971 172 929 933 1108
3972 1096 1109 1095 2532
3973 1120 249 1110 1066
3974 901 196 10 1142
3975 251 1080 1063 252
3976 289 1181 290 2546
3977 1071 901 10 1142
3978 927 203 931 1149
3979 1084 1118 1103 2547
3980 1157 1185 280 1147
3981 1137 274 273 1127
3982 1136 258 1135 1061
3983 1155 1186 278 1157
3984 251 1080 1079 1063
3985 1121 276 21 1182
3986 1066 1120 248 1068
3987 904 905 170 1092
3988 933 171 172 1108
3989 9 166 900 1120
3990 205 1151 923 2545
3991 1136 271 20 1122
3992 1065 1122 253 1123
3993 923 915 916 2545
3994 199 907 1171 899
3995 205 1155 1151 2545
3996 900 153 9 1068
3997 271 1131 1132 1130
3998 1076 1110 1078 2543
3999 1157 1151 1155 2545
4000 1120 900 9 1068
4001 900 154 153 1068
4002 279 1186 1185 1157
4003 1112 168 167 896
4004 1070 1071 255 1142
4005 19 1072 1123 1080
4006 1136 20 259 1065
4007 251 250 1062 1077
4008 273 272 1138 1126
4009 265 264 1098 1180
4010 901 155 154 1071
4011 929 172 173 1108
4012 1120 248 249 1066
4013 1074 1135 258 1061
4014 202 201 932 1172
4015 1129 21 270 1121
4016 267 19 1123 1080
4017 1153 22 275 1189
4018 262 263 1178 1109
4019 290 1190 289 2546
4020 1071 10 255 1142
4021 913 921 175 1096
4022 908 201 200 1174
4023 1186 279 278 1157
4024 904 170 171 1116
4025 206 205 916 1155
4026 923 205 204 1151
4027 1142 256 1070 1141
4028 1073 1070 256 1141
4029 1174 200 908 1175
4030 200 907 908 1175
4031 1089 1093 1084 2544
4032 1147 280 281 1188
4033 1121 21 266 1182
4034 1061 1136 259 1065
4035 1179 13 260 918
4036 10 155 901 1071
4037 260 261 1184 1094
4038 1192 277 15 919
4039 281 282 1144 1187
4040 1070 255 256 1142
4041 1153 275 22 1128
4042 169 170 905 1092
4043 1192 17 284 928
4044 1120 9 248 1068
4045 1135 258 257 1074
4046 1136 259 258 1061
4047 928 17 284 1179
4048 1124 268 267 1119
4049 1179 928 17 918
4050 17 1192 919 928
4051 272 271 1132 1130
4052 907 200 199 1175
4053 252 1063 1072 1080
4054 903 166 167 1114
4055 913 175 176 1096
4056 283 22 1153 1189
4057 927 204 203 1149
4058 925 174 921 1117
4059 1185 280 279 1157
4060 256 257 1073 1141
4061 1072 19 252 1080
4062 1191 278 277 1156
4063 917 207 206 1156
4064 176 177 912 1094
4065 1163 196 197 902
4066 1078 249 250 1075
4067 13 177 260 918
4068 277 207 15 919
4069 1179 17 227 918
4070 1117 175 921 1096
4071 1072 253 19 1123
4072 1171 198 199 899
4073 1192 226 17 919
4074 1153 22 274 1128
4075 169 168 1091 897
4076 1099 266 265 1181
4077 1183 261 262 1095
4078 1122 253 254 1065
4079 282 283 1145 1190
4080 174 175 921 1117
4081 270 269 1125 1085
4082 1179 227 13 918
4083 1192 15 226 919
4084 1101 264 263 1177
4085 1074 2537 1064 1073
4086 1064 2537 1074 2525
4087 2539 2541 1107 2522
4088 1107 2541 2539 2523
4089 2536 908 906 907
4090 2536 906 908 2524
4091 2535 1105 1108 2522
4092 2535 1108 1105 1116
4093 914 1191 2545 285
4094 914 2545 1191 917
4095 2541 1107 1108 1106
4096 2541 1108 1107 2522
4097 1095 912 176 913
4098 1095 176 912 1094
4099 1155 1191 278 1186
4100 278 1191 1155 1156
4101 2545 1150 1147 1151
4102 2545 1147 1150 2523
4103 1128 1137 274 1153
4104 1128 274 1137 1127
4105 1156 1191 2545 917
4106 2545 1191 1156 1155
4107 2545 916 1156 917
4108 1156 916 2545 1155
4109 928 1191 914 284
4110 928 914 1191 917
4111 260 918 912 1179
4112 912 918 260 177
4113 277 919 1191 207
4114 1191 919 277 1192
4115 2668 2808 1850 2927
4116 1369 2647 2769 3016
4117 1827 2641 2714 2803
4118 1218 2617 1209 2821
4119 2682 2738 2598 3006
4120 2558 2840 2679 3152
4121 1866 2770 2855 3087
4122 1625 2875 2634 2916
4123 2591 2693 2844 2856
4124 1234 2731 1267 3094
4125 2597 2855 2770 3087
4126 1566 2738 2682 3006
4127 2712 2751 2632 2890
4128 2550 2742 2624 2897
4129 1829 2714 2641 2824
4130 2674 2759 2566 2869
4131 2603 2759 2674 2869
4132 1204 2640 2578 2853
4133 1628 2930 963 3084
4134 2684 2806 2688 3013
4135 1381 2728 2633 2784
4136 1764 2668 1765 3089
4137 1686 1866 2855 3087
4138 2630 2889 2916 2986
4139 1686 2855 2597 3087
4140 2732 2643 2833 3044
4141 2725 2729 2677 2906
4142 2637 2785 2769 2906
4143 2647 2686 1369 2769
4144 1685 2944 2672 3087
4145 1277 2608 2812 2901
4146 2550 2649 2742 2897
4147 1267 2731 2701 3094
4148 1285 1283 2670 2857
4149 330 2747 2848 3139
4150 2733 3043 1413 3077
4151 1497 2670 1283 2857
4152 2682 2695 2598 2738
4153 2550 2742 2649 3005
4154 2677 2725 2593 2729
4155 1850 2668 2716 2808
4156 1827 2803 2714 2892
4157 2578 2685 2912 3003
4158 2603 2674 2566 2869
4159 2631 2844 1910 2928
4160 2801 3017 2713 3088
4161 1381 2784 2633 2979
4162 2597 2944 2672 2977
4163 1910 2631 2758 3056
4164 2586 2688 2684 2734
4165 2701 2731 2991 3094
4166 1218 2797 2617 2865
4167 2680 2558 2840 2904
4168 2581 2614 2714 3035
4169 2614 2829 2714 3035
4170 2603 2807 1896 2886
4171 1625 1537 2634 2875
4172 1267 2701 2731 2991
4173 1285 1283 1284 2670
4174 1837 2809 2689 3096
4175 1890 2603 1896 2886
4176 1273 2790 3057 3138
4177 2575 2861 2667 2911
4178 2650 2837 1717 2939
4179 2656 2731 1234 3094
4180 2727 2795 2997 3107
4181 2674 2759 2603 2883
4182 2688 2806 2638 3013
4183 2602 2715 2680 2754
4184 1218 1209 2617 2853
4185 2548 2883 2818 2884
4186 2612 3062 2826 3125
4187 2647 2785 2637 3091
4188 2694 2966 2766 3102
4189 2568 2727 2795 2997
4190 1285 2857 2670 2865
4191 2767 2927 2564 2974
4192 2567 2688 2684 2806
4193 1517 2802 2659 2929
4194 2578 2640 2596 2775
4195 2594 2839 1700 2876
4196 2608 2614 2862 3024
4197 1725 2650 1717 2939
4198 2733 2797 1413 3043
4199 1630 2816 2697 3043
4200 2577 2759 2618 3103
4201 1764 1801 1765 2668
4202 2586 2643 2707 2734
4203 1896 2603 1890 3009
4204 1507 2706 2618 2888
4205 2744 2791 1639 3118
4206 2657 2792 1592 3123
4207 2632 2712 2580 2751
4208 2677 2736 2610 2933
4209 1313 2723 2629 3072
4210 1883 2896 2831 2951
4211 2790 2867 1372 3057
4212 2704 2825 2682 3006
4213 2698 2997 2615 3020
4214 1497 1284 1283 2670
4215 2564 2767 2696 2927
4216 1829 1827 2641 2714
4217 1728 2607 1730 2773
4218 1452 2705 1201 2874
4219 2557 2611 2765 2768
4220 2556 2619 2646 2936
4221 2580 2632 2858 3040
4222 1761 2668 1850 2927
4223 2679 2840 2680 3152
4224 2591 2628 2693 2856
4225 1697 2718 2681 3022
4226 2640 2733 1317 2893
4227 1388 2894 2848 2953
4228 2732 2833 2752 3044
4229 2662 2687 2926 2966
4230 2618 2706 1507 2816
4231 2552 2997 2698 3020
4232 2751 2890 1273 3138
4233 2558 2680 2840 3152
4234 2567 2684 2688 2734
4235 2632 2751 2580 2858
4236 2647 2769 2637 2785
4237 2563 2733 2697 3043
4238 2555 2769 2785 2906
4239 2598 2704 2682 3006
4240 1872 2770 2624 2876
4241 2712 2812 2608 2862
4242 2712 2751 1676 3034
4243 1648 2682 2825 3006
4244 1910 2844 2631 3056
4245 1905 2768 2658 3028
4246 2580 2812 2712 2862
4247 2816 2818 2563 3103
4248 2737 2771 2655 3015
4249 2550 2624 2742 2815
4250 2604 2927 2767 2974
4251 2762 2811 2771 2958
4252 1553 2792 2689 3144
4253 1496 2843 2670 2857
4254 2550 2662 2687 2926
4255 2554 2741 2911 2968
4256 2577 2923 2759 3103
4257 2696 2767 2564 2788
4258 2742 2958 2649 3005
4259 1480 2710 2616 2802
4260 2608 2794 2782 2901
4261 2803 2892 2809 3031
4262 2653 2883 2548 2884
4263 940 2870 1652 2955
4264 2624 2770 1872 2851
4265 2549 2645 2740 2919
4266 2610 2809 2689 2826
4267 2604 2696 2767 2927
4268 1896 2807 2603 3009
4269 1537 2722 2634 2875
4270 2570 2737 2623 2771
4271 2551 2765 2652 2806
4272 2633 2931 1291 2979
4273 2689 2809 2589 2826
4274 2618 2818 2816 3103
4275 1638 2791 2690 3068
4276 2616 2710 1480 2804
4277 2581 2798 2614 3035
4278 2630 2916 2756 2986
4279 2633 2728 1381 3004
4280 2697 3043 2733 3077
4281 2571 2897 2742 2958
4282 2563 2797 2733 3043
4283 2769 2894 1369 2953
4284 1273 2890 2790 3138
4285 2641 2829 2803 3025
4286 2550 2624 2720 2897
4287 2568 2646 2619 2936
4288 2701 2817 2728 2971
4289 1685 2672 1784 3087
4290 1730 2773 2743 2918
4291 2765 2806 2611 3134
4292 1516 2706 2616 2804
4293 2580 2712 2632 3040
4294 1885 2809 1837 3096
4295 2707 2734 2643 2869
4296 2634 2822 1537 2823
4297 2759 2869 2603 2883
4298 2600 2784 2744 2881
4299 2697 2733 2563 3052
4300 2695 2738 2682 2987
4301 2721 2815 2662 3027
4302 2599 2827 2757 2999
4303 2727 2739 1236 3061
4304 1470 2889 2823 3086
4305 2593 2729 2692 2836
4306 2684 2688 2586 3013
4307 2769 2785 2647 3062
4308 1905 2658 2768 2855
4309 2623 2751 2632 2858
4310 2786 2787 2561 3050
4311 2774 2862 2614 3024
4312 2755 2942 2940 2943
4313 2653 2548 2818 2884
4314 2564 2767 2974 3002
4315 2682 3097 2556 3106
4316 1648 1566 2682 3006
4317 2765 2789 2746 2806
4318 2728 2909 2701 2971
4319 2574 2713 2782 2794
4320 1822 2807 1896 3076
4321 1799 2718 2622 2779
4322 2631 2693 2559 2762
4323 2677 2729 2593 2933
4324 2555 2785 2769 3062
4325 2618 2563 2816 2818
4326 1480 2722 2710 2802
4327 2571 2811 2762 2958
4328 2634 2722 1537 2822
4329 2682 2695 2556 2704
4330 2732 2753 2752 2833
4331 2759 2923 2618 3103
4332 2562 2729 2650 2836
4333 2743 2758 2571 2811
4334 2559 2758 2631 2897
4335 2638 2746 2789 2806
4336 2549 2767 2653 2780
4337 2743 2758 2631 3056
4338 2782 2794 1423 2901
4339 2742 2897 2649 2958
4340 1597 1576 1591 2663
4341 2727 2997 2630 3107
4342 2577 2618 2759 2843
4343 2653 2788 2548 2883
4344 2596 2640 2578 2827
4345 2614 2798 2712 2862
4346 2653 2788 2767 2996
4347 2662 2926 2805 2966
4348 2640 2780 2775 2905
4349 1399 2812 2750 3121
4350 2599 2757 2827 2852
4351 2598 2695 2682 2704
4352 2677 2965 2736 2984
4353 1516 2616 2706 2910
4354 1728 1518 2607 2773
4355 2558 2726 2680 2931
4356 2811 3056 2671 3109
4357 1230 2630 2756 2986
4358 2766 2966 2755 3102
4359 1480 2802 2616 2910
4360 1638 2656 2791 3068
4361 2643 2833 2799 3059
4362 2614 2712 2608 2862
4363 2599 2661 2757 2859
4364 2756 2828 2576 2916
4365 1329 2739 2727 2871
4366 1901 2758 2743 3056
4367 2556 2936 2730 3078
4368 2610 2736 2677 2965
4369 1658 1295 1312 2747
4370 2593 2736 2677 2933
4371 2631 2758 2743 2811
4372 2652 2806 2765 3134
4373 2636 2554 2862 2983
4374 2643 2799 2833 3044
4375 2630 2828 2756 2916
4376 2636 2782 1223 2901
4377 2733 3052 2697 3077
4378 1697 2621 2718 3022
4379 2631 2844 2693 2856
4380 2617 2685 1209 2821
4381 2564 2974 2706 3002
4382 2622 2682 2730 3106
4383 2671 2841 2811 3109
4384 1629 963 1628 2930
4385 2563 2818 2618 2884
4386 2723 2847 2655 2957
4387 2714 2824 2581 3035
4388 2568 2739 2727 2997
4389 2578 2685 1202 2853
4390 1800 2779 2622 3019
4391 2608 1423 2794 2901
4392 2731 2577 2821 2923
4393 2566 2674 2603 2807
4394 2631 2671 2811 3056
4395 2731 2821 2577 2865
4396 1850 2668 1801 2716
4397 2570 2867 2790 3057
4398 2556 2695 2682 2987
4399 1332 2733 2640 2853
4400 2889 2986 2630 3107
4401 1285 2857 2865 3075
4402 1372 2790 2777 2867
4403 1215 2880 2667 2994
4404 2555 2939 2933 3125
4405 2618 2818 2548 2883
4406 1567 2682 2663 2730
4407 2593 2650 2729 2836
4408 1591 2663 1576 2778
4409 2574 2782 2745 2794
4410 1597 2663 1591 2795
4411 2655 2723 2582 2847
4412 1730 2607 2743 2773
4413 2553 2771 2811 3049
4414 2666 2636 2983 2994
4415 1218 1219 2797 2865
4416 1687 2944 1685 3087
4417 2561 2601 2732 3080
4418 1593 2930 1628 3084
4419 1690 2824 2641 2937
4420 1822 1896 2807 2886
4421 2631 2811 2762 2897
4422 2633 1261 2931 3004
4423 2799 2833 2731 3094
4424 2685 2613 2912 3003
4425 2591 2641 2741 2945
4426 2636 2862 2666 2983
4427 2641 2741 2945 3035
4428 2567 2724 2688 3100
4429 2757 2859 2661 3038
4430 2664 2771 2811 2958
4431 2642 2575 2911 3110
4432 2572 2722 2644 3010
4433 2630 1230 2756 2849
4434 1411 1413 3043 3077
4435 2618 2816 2563 2884
4436 2670 2857 2577 2865
4437 2729 2769 2585 3001
4438 2555 2729 2677 2933
4439 2577 2759 2669 2832
4440 1861 2809 2803 2892
4441 2557 2765 2678 3104
4442 2679 2765 2590 2917
4443 2641 2824 2714 3035
4444 2638 2665 2651 2789
4445 2662 2721 2550 2815
4446 2699 2749 2740 2982
4447 2593 2729 2650 2933
4448 2869 2883 2759 3116
4449 2767 2788 2696 2996
4450 2713 2745 2574 2801
4451 2732 2752 2643 3044
4452 2579 2622 2779 2885
4453 2618 2923 2818 3103
4454 2554 2741 2667 2911
4455 1785 2699 1903 3033
4456 1591 2663 2778 2795
4457 2566 2734 2707 2869
4458 2663 2682 1567 2738
4459 1510 2706 1507 2888
4460 1487 2745 2608 2794
4461 2567 2734 2724 2735
4462 2808 2883 2716 3009
4463 2603 2566 2807 2869
4464 2601 2753 2732 2833
4465 2622 2718 2579 2779
4466 1250 1267 2701 3094
4467 2576 2849 2783 2859
4468 1906 3028 2969 3128
4469 2730 2936 2615 3078
4470 2574 2745 2782 3024
4471 2549 2852 2645 2919
4472 1910 2758 2631 2928
4473 2610 2810 2826 3125
4474 1580 2823 2885 3086
4475 2567 2688 2724 2734
4476 2550 2721 2662 2926
4477 2595 2645 2852 2919
4478 2548 2759 2618 2883
4479 2595 2740 2645 2919
4480 1545 976 1547 2955
4481 2672 2944 2597 3087
4482 1382 2728 2784 2971
4483 2657 2689 1554 2792
4484 2680 2691 2558 2904
4485 1801 2668 1590 2716
4486 2581 2714 2614 2872
4487 2823 2889 2615 3086
4488 1585 1566 1584 3006
4489 2630 2739 2727 3061
4490 2655 2771 2737 2935
4491 1221 2739 2661 3061
4492 2550 2720 2649 2897
4493 958 940 1652 2955
4494 1547 976 973 2955
4495 1488 2792 2614 3123
4496 1517 1475 2802 2929
4497 2554 2798 2614 2862
4498 2600 2881 2744 2891
4499 1482 2744 2690 2791
4500 2610 2810 2809 2826
4501 2663 2682 2556 2730
4502 2617 2821 1218 2865
4503 2701 2817 2833 2909
4504 2557 2662 2687 2978
4505 2759 2818 2618 2923
4506 2583 2752 2833 3044
4507 2564 2808 2668 2927
4508 2613 2796 3003 3048
4509 2618 2843 2577 3103
4510 1234 2731 2656 3075
4511 2565 3003 2796 3048
4512 2564 2706 2974 3055
4513 963 2930 952 3084
4514 2560 2799 2833 3059
4515 2876 2934 2839 3028
4516 1873 230 229 982
4517 2556 2730 2682 3106
4518 1311 1312 2747 2848
4519 1590 2716 2668 3055
4520 1890 2603 2886 3136
4521 1261 1381 2633 2931
4522 1662 2756 1264 3120
4523 2716 2808 2564 2883
4524 2882 2949 2683 3098
4525 2577 2865 2821 2923
4526 2622 3097 2682 3106
4527 2612 2933 2939 3125
4528 2638 2772 2665 3065
4529 2769 2953 1369 3016
4530 1332 2640 1317 2853
4531 1910 2758 1901 3056
4532 1487 2794 2608 3034
4533 2583 2752 2685 2753
4534 2583 2753 2685 3074
4535 2662 2557 2687 2966
4536 2741 2591 2899 2938
4537 2854 3097 2718 3106
4538 1459 2813 2607 3124
4539 1209 2685 2617 2853
4540 2554 2636 2667 2983
4541 2608 2782 2745 3024
4542 2578 2912 2617 3135
4543 1311 2848 2747 2953
4544 2612 2810 2933 3125
4545 1891 2689 1835 3144
4546 1786 2763 2611 3045
4547 2681 2749 2699 2982
4548 2572 2830 2722 3010
4549 1250 1234 1267 3094
4550 1646 2672 2627 2773
4551 1230 2986 1297 3061
4552 2577 2799 2731 3094
4553 2839 2969 1906 3028
4554 1381 2633 1291 2979
4555 2628 2693 2631 2762
4556 2618 2759 2548 2818
4557 2651 2665 2638 2772
4558 2729 2692 3001 3064
4559 1411 2733 1413 3077
4560 2721 2805 2662 2926
4561 2561 2787 2786 3112
4562 2744 2784 2569 2881
4563 1801 1850 1761 2668
4564 1382 2728 1381 2784
4565 1856 2624 1872 2851
4566 2577 2759 2832 2843
4567 2556 2663 2730 2936
4568 2628 2762 2631 2856
4569 1388 2848 2894 3122
4570 2572 2699 2681 2749
4571 2550 2720 2624 2815
4572 2807 2886 2869 3076
4573 2583 2685 2752 3133
4574 2552 2749 3021 3022
4575 1538 2916 2889 2986
4576 1498 1497 1283 2857
4577 2572 2830 3010 3126
4578 1585 2990 1566 3006
4579 2634 2889 1625 2916
4580 1867 2770 2658 2855
4581 2554 2614 2774 2862
4582 2667 2911 2741 2968
4583 2550 2687 2662 2978
4584 972 2646 2717 3030
4585 1196 2901 2666 2994
4586 1573 1576 1567 2738
4587 2572 2644 2740 3126
4588 2611 2557 2765 2846
4589 2589 2809 2689 2892
4590 1267 1269 2701 2991
4591 2670 2797 1302 2865
4592 2777 2790 2570 2867
4593 1687 1685 1784 3087
4594 1236 2727 1329 2739
4595 2710 2722 2644 2932
4596 2628 2591 2847 2856
4597 2757 2852 2595 2964
4598 963 2930 1629 3111
4599 1628 937 1619 3084
4600 2813 1459 2995 3124
4601 2606 2893 2780 2903
4602 2572 2644 2722 2932
4603 2604 2767 2740 2932
4604 1217 1218 2821 2865
4605 1905 2702 2768 3045
4606 2564 2716 2668 2808
4607 1517 2929 2659 3141
4608 1302 2797 2670 3043
4609 2658 2770 1874 2876
4610 2580 2812 2751 3034
4611 2577 2799 3094 3101
4612 2935 3008 2655 3071
4613 2558 3119 2931 3152
4614 2660 2741 2591 2847
4615 2650 2729 2555 2933
4616 2631 2693 2628 2856
4617 2689 2809 2610 3096
4618 2554 2642 2911 3025
4619 2597 2944 1686 3087
4620 2554 2774 2911 3024
4621 947 3030 2639 3105
4622 2618 2816 1507 2843
4623 2552 2698 2997 3038
4624 2727 2739 2630 2997
4625 2572 2740 2699 2749
4626 2580 2712 2798 2862
4627 2736 2965 1636 2984
4628 2716 2883 2674 3009
4629 2579 2622 3078 3106
4630 1803 2825 2704 3006
4631 1517 2659 1519 3141
4632 2608 2745 2614 3024
4633 1223 2782 2636 2842
4634 2731 2799 2583 2833
4635 2585 2769 2729 2906
4636 2615 2828 2634 3020
4637 2596 2775 2640 2852
4638 1291 2633 1381 2931
4639 2591 2693 2628 2899
4640 973 1604 1547 2955
4641 2561 2651 2601 3080
4642 2677 2785 2637 2906
4643 2622 2718 3097 3106
4644 2667 2861 1226 2994
4645 2746 2611 2765 2806
4646 2689 2809 1863 2892
4647 2663 2795 1597 3086
4648 2556 2695 2646 3007
4649 2574 2745 2713 2794
4650 1837 2689 2975 3096
4651 2615 2730 2663 2936
4652 2608 2712 2614 2745
4653 980 1578 1656 3111
4654 2743 3056 2811 3109
4655 2631 2811 2671 2856
4656 1284 2670 1512 3043
4657 2614 2792 1488 2872
4658 2710 2802 2722 2932
4659 2682 2704 2556 3097
4660 2653 2564 2767 2788
4661 1250 2656 1234 3094
4662 330 2848 1433 3139
4663 1875 1835 2689 2892
4664 2756 2916 1538 2986
4665 1803 3006 2704 3150
4666 2634 2828 2615 2889
4667 2615 2698 2619 2997
4668 2568 2936 2739 2997
4669 2677 2913 2801 2965
4670 1647 1664 1660 2860
4671 2550 2721 2720 2815
4672 2555 2677 2729 2906
4673 2616 2706 2974 3002
4674 2609 2949 2573 3098
4675 1488 1592 2792 3123
4676 2728 2817 2914 2981
4677 2737 2655 2935 3015
4678 2632 2841 2664 3049
4679 2548 2759 2883 3116
4680 1567 2730 1469 3054
4681 2588 2762 2649 2882
4682 980 963 1629 3111
4683 2572 2740 2749 3126
4684 1487 2712 2608 2745
4685 2603 2808 1890 3009
4686 1764 1590 1801 2668
4687 2952 3026 2675 3145
4688 2649 2762 2771 2958
4689 2567 2806 2684 2891
4690 1748 2688 1750 2763
4691 2551 2638 2806 3013
4692 2687 2587 2926 2966
4693 2750 2751 2580 2812
4694 2581 2614 2798 2873
4695 2664 2811 2771 3049
4696 2586 2707 2643 3014
4697 1817 2681 1697 2718
4698 2728 2784 2600 2981
4699 2670 2843 2577 2857
4700 2557 2702 2611 2768
4701 1512 2670 2816 3043
4702 2650 2729 2562 3000
4703 1275 1423 2608 2901
4704 2760 3105 954 3140
4705 2572 3010 2644 3126
4706 1307 2909 2728 2971
4707 2783 2859 2849 3137
4708 1580 2885 2730 3086
4709 2567 2763 2688 2806
4710 2811 2841 2671 2856
4711 2695 949 3007 3042
4712 2654 2949 2926 3012
4713 1690 2937 2641 2980
4714 1730 2743 2607 3109
4715 2607 2664 2632 2841
4716 2600 2817 2728 2981
4717 2641 2968 2829 3025
4718 1629 980 1577 963
4719 2558 2691 2680 2726
4720 2555 2785 2677 2906
4721 1437 334 2879 2896
4722 2558 2931 2680 3152
4723 2879 2950 1446 3064
4724 2677 2736 2593 2984
4725 1785 2868 2699 3033
4726 2579 2622 2885 3078
4727 2624 2720 2594 2815
4728 2653 2796 3003 3135
4729 2793 2870 2709 3129
4730 2640 2549 2775 2780
4731 2744 2881 2652 2891
4732 2732 2833 2643 3059
4733 1652 958 1656 940
4734 2848 2894 2585 2953
4735 2784 2881 2600 2981
4736 2603 2869 2807 2886
4737 2572 2740 2644 2932
4738 2554 2667 2636 2911
4739 2623 2737 2570 3057
4740 1516 2616 1480 2804
4741 2921 2979 2694 3073
4742 2694 2587 2766 2966
4743 2550 2742 3005 3114
4744 1905 2768 2702 2855
4745 1872 2624 1868 2876
4746 2593 2836 2831 2951
4747 1646 2773 2627 2959
4748 2556 2619 2698 2719
4749 1625 1624 1537 2875
4750 2619 2646 2568 2700
4751 2733 2780 2606 2893
4752 2869 2886 2707 3076
4753 1861 2803 2809 3031
4754 2597 2855 1686 2944
4755 1891 1553 2689 3144
4756 1795 2866 2860 2976
4757 2611 2846 2765 3134
4758 1488 2614 2745 3123
4759 2615 2619 2936 2997
4760 2692 1446 2864 3064
4761 1665 1640 2706 2804
4762 1750 2763 2688 3100
4763 2771 3049 2623 3108
4764 2688 2763 2638 2806
4765 1511 2697 1630 2816
4766 2638 2789 2651 3013
4767 1409 1273 2751 2890
4768 2559 2631 2762 2897
4769 2568 2717 2646 3081
4770 976 1545 2866 2955
4771 1905 1867 2658 2855
4772 1389 1279 2713 2782
4773 2561 2732 2601 2753
4774 2607 2811 2664 2841
4775 2709 2870 2793 2925
4776 1905 1911 2702 3045
4777 2601 2651 2715 2914
4778 1822 1890 1896 2886
4779 1786 1788 2763 3045
4780 1215 2667 1226 2994
4781 2554 2636 2862 3024
4782 2551 2638 2789 2806
4783 1624 2875 1625 2916
4784 2809 2892 2589 3031
4785 2610 2689 2657 2826
4786 2603 1890 2808 3136
4787 1381 2728 1233 3004
4788 2555 2729 2769 2906
4789 2553 3040 2858 3049
4790 2554 2911 2636 3024
4791 2571 2627 2773 2958
4792 1829 2641 1690 2824
4793 2660 2580 2798 2983
4794 1874 2658 1867 2770
4795 2569 2766 2755 3102
4796 1800 1799 2622 2779
4797 1834 1828 1795 2866
4798 2937 2938 2641 2980
4799 2744 2784 2600 3118
4800 2619 2556 2646 2719
4801 2765 2917 2678 3104
4802 2638 2763 2746 2806
4803 1822 2886 2807 3076
4804 1487 2614 2712 2745
4805 2640 2853 2733 2905
4806 1764 1765 1763 3089
4807 2657 2689 2589 2826
4808 2864 3001 2692 3064
4809 2583 2752 2753 2833
4810 1590 2668 1764 3089
4811 2639 2717 947 3090
4812 2810 2933 2650 2939
4813 1507 2618 1502 2888
4814 966 1656 958 940
4815 1435 2864 2950 3122
4816 2604 2740 2767 2996
4817 1905 2658 1898 3028
4818 1785 1831 1830 3033
4819 1827 2714 1907 2892
4820 2771 2935 2655 2957
4821 1261 2633 1381 3004
4822 2750 2812 2580 3121
4823 2714 2803 2641 2829
4824 1399 2751 2750 2812
4825 2572 2929 2675 2952
4826 1758 2868 2645 2982
4827 2557 2678 2966 3104
4828 2662 2815 2658 2934
4829 1578 980 1656 966
4830 2586 2734 2707 3143
4831 2615 3078 2823 3086
4832 1480 1476 2722 2802
4833 2630 2986 1230 3061
4834 1353 1264 2756 3120
4835 1486 2745 2713 2801
4836 1504 2674 2877 3079
4837 981 3090 1299 3140
4838 2707 2869 2643 3014
4839 1381 1383 2784 2979
4840 1454 2709 2870 3111
4841 1573 2682 1566 2738
4842 1698 1519 2659 3141
4843 2551 2652 2765 2846
4844 2564 2716 2883 2888
4845 2703 2946 1913 3136
4846 1785 1903 1831 3033
4847 2600 2744 2690 2891
4848 2656 2731 2577 3075
4849 2603 2883 2808 3009
4850 2684 2567 2891 2895
4851 2683 3012 2962 3098
4852 980 1629 1578 3111
4853 1478 2690 2735 3068
4854 2623 2771 2737 3015
4855 2793 2925 2870 2990
4856 2577 2731 2656 3094
4857 2704 3006 2598 3150
4858 2568 2795 2936 2997
4859 2581 2714 2872 2995
4860 2608 2712 1487 3034
4861 1486 2713 2745 2794
4862 1399 2750 1406 3121
4863 2641 2803 2968 3025
4864 2860 2866 2648 2976
4865 2593 2729 2725 3064
4866 2570 2771 2623 3108
4867 2585 2950 2864 3122
4868 1592 2657 1554 2792
4869 2548 2788 2653 2796
4870 2841 2856 2660 2945
4871 2715 2728 2633 3004
4872 2578 2640 2775 2905
4873 2559 2631 2758 2928
4874 2629 2908 2573 2920
4875 1773 2809 2612 3031
4876 2579 2718 2622 3106
4877 1277 2608 1275 2812
4878 1630 1512 2816 3043
4879 2670 2816 2563 3103
4880 2556 2646 2695 2987
4881 2692 2831 2593 2836
4882 2602 2680 2679 2840
4883 973 976 974 2955
4884 2867 2962 2683 3012
4885 1573 1567 2682 2738
4886 1517 1477 2659 2802
4887 1276 1211 2812 3034
4888 2774 2972 2911 3024
4889 2674 2883 2716 2888
4890 2615 2936 2795 2997
4891 2740 2767 2549 2932
4892 1332 1317 2733 2893
4893 1567 2682 2730 3054
4894 2609 2926 2949 3012
4895 1250 2701 2791 3094
4896 2859 2903 2783 3058
4897 2577 2669 2759 2799
4898 2651 2772 2638 3013
4899 2548 2796 2653 3135
4900 1279 2713 2782 2834
4901 2591 2937 2641 2945
4902 2775 2780 2653 2905
4903 1218 1304 2617 2797
4904 2554 2968 2642 3025
4905 1582 1537 2822 2823
4906 1511 2804 2697 2816
4907 2805 2835 2609 2921
4908 1480 2616 1516 2910
4909 2724 2800 1771 3100
4910 2598 2738 2695 2793
4911 2612 2826 2810 3125
4912 1628 1629 1577 963
4913 2616 2974 2767 3002
4914 1275 2608 1277 2901
4915 2587 2835 2805 2921
4916 1772 2724 1771 3100
4917 2594 2720 2721 2815
4918 2575 2647 2972 3062
4919 2746 2763 2611 2806
4920 1258 1639 2791 3118
4921 2612 2933 2810 2939
4922 2551 2846 2678 2881
4923 2591 2847 2741 2899
4924 2640 2578 2853 2905
4925 1850 2808 1849 2927
4926 2751 2812 1211 3034
4927 1695 2952 2681 3026
4928 2816 2843 2618 3103
4929 2715 2914 2651 3036
4930 1665 2706 1516 2804
4931 1664 2648 1660 2860
4932 2745 2774 2614 3024
4933 1372 2867 2777 3047
4934 2615 2823 2634 2889
4935 334 2879 2896 2984
4936 2590 2765 2679 2789
4937 1278 2812 1406 3121
4938 2551 2765 2678 2846
4939 1286 2979 2921 3073
4940 1909 2714 2824 2995
4941 2658 2876 1874 3028
4942 2571 2672 2627 2742
4943 1409 2790 1273 2890
4944 1664 1653 2648 2955
4945 1374 2962 2867 3012
4946 2553 2771 2762 2811
4947 2563 2797 2818 2905
4948 2671 2844 1865 3056
4949 1576 2663 1567 2738
4950 1399 1406 2812 3121
4951 1546 1613 1547 976
4952 2707 2734 2724 3143
4953 2831 2896 2593 2951
4954 1503 2674 2716 2888
4955 2557 2855 2658 2978
4956 2603 2883 2869 3116
4957 2564 2706 2884 3002
4958 1659 3032 3083 3140
4959 1653 1655 1660 2648
4960 2685 2753 1257 3074
4961 1798 3006 1803 3150
4962 2817 2600 2891 2981
4963 2685 2912 2752 3133
4964 1230 2849 2630 3061
4965 2585 2848 2950 3122
4966 1872 2624 1856 3051
4967 2583 2799 2731 2923
4968 2633 2728 2715 2981
4969 1508 1507 2706 2816
4970 3068 3094 2799 3101
4971 1573 1567 1566 2682
4972 2560 2799 3068 3094
4973 2731 2799 2577 2923
4974 1343 1300 2717 2871
4975 1369 2769 2686 2894
4976 965 2648 2870 2955
4977 2658 2557 2768 2855
4978 2588 2737 2771 2935
4979 1295 2953 2747 3018
4980 2622 3019 2885 3054
4981 1369 1367 2647 3016
4982 2653 2565 2788 2996
4983 2628 2582 2723 2847
4984 2580 2751 2712 3034
4985 2624 2815 2594 2876
4986 2548 2869 2759 3116
4987 2574 2782 2834 2972
4988 2704 2825 1803 3097
4989 2766 2694 2979 3073
4990 2849 2859 2661 3137
4991 1250 1267 1269 2701
4992 1648 2682 1493 2825
4993 2634 2823 2615 3020
4994 1502 2618 2832 2888
4995 2660 2841 2553 2856
4996 2559 2649 2762 2882
4997 2591 2741 2641 2968
4998 2567 2806 2891 3134
4999 1665 2910 2706 3055
5000 2574 2647 2834 3091
5001 1625 1581 2634 2823
5002 2628 2559 2693 2762
5003 1482 1639 2744 2791
5004 2617 2685 2578 2853
5005 2697 2816 2563 3043
5006 1550 2727 2986 3107
5007 1659 3083 2760 3140
5008 2653 2775 2549 2780
5009 1273 2790 1409 3057
5010 2765 2846 2652 3134
5011 947 2717 2639 3030
5012 2571 2627 2672 2773
5013 2601 2753 2909 2922
5014 1630 2697 1359 3043
5015 2672 2773 1878 2918
5016 2653 3003 2578 3135
5017 2574 2801 2785 3091
5018 961 2870 2793 3129
5019 1412 1411 3043 3077
5020 2553 2856 2762 2957
5021 1517 2659 1477 3089
5022 1454 2902 2709 3083
5023 2838 2949 2882 3098
5024 2891 2895 2567 2915
5025 2824 2945 2581 3035
5026 2815 2876 2658 2934
5027 2588 2935 2771 2957
5028 1725 1743 2650 2810
5029 1786 2611 3029 3045
5030 2609 2835 2805 2926
5031 2842 2948 2647 2972
5032 1275 2812 2608 3034
5033 2611 2702 2557 2940
5034 1890 2886 1821 3136
5035 1437 2879 2831 2896
5036 2550 2687 2978 3114
5037 2568 2700 2646 2717
5038 2552 2859 2757 3038
5039 1639 2820 2744 3118
5040 330 1434 1433 2848
5041 2688 2763 2567 3100
5042 1554 2689 1553 2792
5043 2649 2762 2588 2771
5044 1454 2870 2709 2925
5045 2549 2653 2767 2775
5046 1801 1761 1765 2668
5047 1655 2648 1653 2870
5048 1591 2795 2778 3011
5049 2566 2724 2707 2734
5050 2663 1576 2778 3147
5051 2616 2974 2706 3055
5052 2586 2688 2734 3143
5053 2611 2763 1786 2764
5054 2580 2862 2798 2983
5055 2782 2842 2834 2972
5056 1866 2770 1867 2855
5057 2681 3026 2952 3145
5058 2583 2731 2821 2923
5059 1519 1698 2659 3089
5060 2678 2966 2917 3119
5061 2574 2785 2657 3148
5062 2660 2945 2741 3035
5063 2673 2826 2612 3062
5064 2551 2789 2638 3013
5065 2571 2773 2743 2811
5066 2728 2817 2601 2914
5067 2647 2637 3016 3091
5068 2793 2870 2648 2990
5069 1566 1493 1648 2682
5070 2805 2835 2587 2926
5071 2745 2782 2608 2794
5072 1905 1911 1846 2855
5073 2580 2751 2750 2858
5074 2549 2780 2640 2903
5075 2617 2818 2797 2905
5076 2563 2818 2797 3103
5077 2917 2966 2678 3104
5078 2639 3105 3030 3129
5079 2548 2643 2759 3115
5080 2675 2572 2952 3145
5081 2692 2850 1450 3154
5082 1580 1468 2730 2885
5083 2548 2759 2643 3044
5084 2574 3062 2647 3091
5085 1653 2870 2648 2955
5086 2567 2800 2724 3100
5087 1389 2782 2713 2794
5088 2549 2767 2740 2996
5089 2564 2884 2767 3002
5090 2699 2952 2572 3145
5091 2687 2755 2557 2941
5092 2637 2769 2647 3016
5093 1228 2731 1234 3075
5094 2584 2695 2738 2793
5095 2762 2811 2571 2897
5096 1304 2617 2797 2853
5097 2568 2646 2987 3081
5098 2611 2557 2846 2940
5099 2593 2692 2729 3064
5100 1905 2702 1911 2855
5101 2650 2836 2593 2951
5102 1369 2647 1336 2686
5103 1724 2831 2836 2951
5104 2618 2759 2674 2883
5105 1911 2702 1846 2855
5106 2577 2670 2865 3103
5107 2556 3078 2730 3106
5108 1634 2965 2677 2984
5109 2679 2789 2765 3149
5110 2758 2851 1853 2918
5111 1567 1576 1597 2663
5112 2659 2952 1726 3141
5113 2688 2763 1748 2989
5114 2557 2658 2768 3104
5115 1218 1209 1216 2821
5116 2603 2674 2883 3009
5117 2580 2712 2812 3034
5118 1450 2692 1446 2864
5119 2594 2815 2721 3027
5120 1421 1284 1512 3043
5121 1296 1550 2727 2986
5122 2628 2847 2723 2957
5123 2614 2554 2774 2829
5124 1539 1538 2756 2916
5125 1697 2681 2982 3022
5126 1724 1883 2831 2951
5127 1332 1317 2640 2733
5128 2548 2818 2759 2923
5129 2690 2744 2652 2891
5130 1468 1580 2730 3086
5131 2801 2913 1635 2965
5132 1910 1744 2758 2928
5133 1519 2659 1517 3089
5134 2870 2925 1655 2990
5135 2563 2797 2670 3103
5136 1901 2758 1853 2918
5137 938 1577 980 963
5138 1747 1910 2844 2928
5139 2557 2941 2855 2978
5140 2581 2872 2614 2873
5141 2639 2709 3105 3129
5142 2714 2829 2641 3035
5143 1898 1905 1867 2658
5144 2619 2997 2698 3038
5145 2553 2847 2856 2957
5146 2553 2841 2660 3040
5147 2601 2833 2817 2909
5148 2549 2775 2645 2852
5149 1849 2808 2696 2927
5150 2811 2841 2607 3109
5151 2553 2632 2841 3040
5152 2746 2765 2611 2768
5153 2619 2698 2615 2936
5154 2725 2950 2879 3064
5155 2582 2723 2655 3071
5156 1750 2688 1748 2989
5157 2615 2889 2828 2997
5158 2559 2720 2624 2897
5159 2724 2734 2688 3143
5160 2762 2882 2588 2907
5161 2623 2858 2632 3049
5162 2667 2983 2636 2994
5163 1471 2877 2674 2973
5164 2638 1748 2763 2989
5165 1275 1277 1423 2901
5166 2632 2553 2841 3049
5167 2585 2894 2848 3122
5168 2612 2809 2810 2826
5169 1668 1664 2860 2866
5170 2737 2867 1378 2962
5171 2643 2869 2759 3115
5172 2591 2641 2938 2968
5173 1467 2663 1597 3086
5174 2653 2563 2780 3002
5175 2553 2632 3040 3049
5176 2926 2949 2654 3005
5177 2624 2876 2711 3051
5178 2783 2849 1402 3137
5179 1311 2747 1295 2953
5180 2556 2682 2663 2987
5181 2724 2734 2566 2735
5182 2728 2817 2600 2971
5183 2683 2949 2654 3012
5184 1419 2867 1372 3047
5185 2641 2945 2824 3035
5186 2551 2652 2846 2881
5187 2587 2654 2776 2954
5188 2615 2997 2828 3020
5189 2682 2738 2663 2987
5190 2687 2941 2557 2978
5191 2921 2931 2694 2979
5192 2640 2780 2893 2903
5193 1507 1502 2618 2832
5194 2638 2763 2688 2989
5195 2912 3133 2617 3135
5196 2628 2847 2591 2899
5197 1507 2832 2618 2843
5198 1236 1297 2986 3061
5199 1408 2791 2701 2971
5200 1695 2699 2681 2952
5201 2577 2832 2669 3101
5202 2648 2860 1664 2866
5203 1526 2710 1480 2722
5204 1455 2930 2709 3111
5205 1754 2813 1459 2995
5206 1493 1567 1469 3054
5207 2583 2833 2799 3044
5208 1826 1690 2641 2980
5209 2637 3017 2801 3088
5210 2755 2766 2587 2966
5211 2829 2968 2641 3035
5212 2554 2911 2642 2968
5213 2803 2829 2714 2892
5214 2662 2658 2815 2978
5215 1786 3029 1787 3045
5216 2725 2950 2747 3139
5217 2627 2672 2597 2742
5218 2644 2903 2859 3058
5219 2604 2767 2696 2996
5220 2726 2805 2609 2921
5221 1446 2879 1441 2950
5222 2574 2713 2801 3091
5223 2612 2809 1864 2810
5224 2660 2983 2798 3035
5225 1634 1636 2965 2984
5226 1538 2986 2889 3107
5227 1807 2622 2718 3097
5228 2633 2784 2728 2981
5229 2612 3062 2939 3110
5230 1581 1625 2634 2889
5231 2755 2940 2557 2941
5232 2577 2731 2865 3075
5233 2635 2869 2707 3014
5234 961 2709 2870 3129
5235 2638 2989 2688 3013
5236 1345 2819 2766 3073
5237 2558 2726 2931 3119
5238 1494 3019 1557 3054
5239 2612 2673 3062 3110
5240 2640 2780 2733 2893
5241 2744 2791 2600 3060
5242 1740 2896 1883 2951
5243 2692 2879 1446 3064
5244 2666 2812 1196 3121
5245 2574 2834 2647 2972
5246 2570 2737 2867 3057
5247 1287 1345 2766 3073
5248 2643 2734 2586 3059
5249 1282 2713 1280 3017
5250 1664 1603 1653 2955
5251 1819 1546 1545 976
5252 2577 2843 2832 3101
5253 2776 2654 2878 3047
5254 1218 2617 1304 2853
5255 1664 2648 2866 2955
5256 1343 2717 2700 2871
5257 2788 2883 2653 2884
5258 1863 2689 1837 2809
5259 2739 2936 2619 2997
5260 2567 2735 2724 2800
5261 2557 2978 2658 3104
5262 1876 2877 2807 3079
5263 1690 2938 2937 2980
5264 1493 2825 2682 3054
5265 1546 1547 1545 976
5266 1221 2739 2700 2947
5267 2639 2902 2709 3129
5268 2683 2654 3005 3153
5269 2648 2870 1655 2990
5270 2727 2739 2568 2871
5271 2631 2811 2743 3056
5272 1470 1581 2823 2889
5273 2647 2834 1367 2842
5274 2692 2864 1450 2874
5275 2563 2653 2780 2905
5276 2595 2645 2740 2868
5277 2644 2722 2710 3010
5278 1665 1516 1640 2804
5279 2602 2665 2651 3050
5280 2567 2891 2652 3134
5281 2906 2953 2769 3018
5282 1493 2682 1567 3054
5283 1875 2689 1863 2892
5284 2548 3044 2643 3115
5285 2561 2752 2732 2753
5286 2706 2804 1640 2816
5287 2663 2730 2615 3086
5288 2759 2869 2643 2956
5289 2659 2910 1477 3089
5290 1905 2768 3028 3128
5291 2663 2738 1576 3147
5292 2611 2768 2702 3045
5293 2556 3097 2704 3106
5294 2579 2779 2718 3026
5295 2566 2869 2759 2956
5296 2855 2941 2702 2944
5297 2670 2843 2816 3103
5298 1478 2735 2669 3068
5299 2940 2941 2755 2943
5300 2670 2563 2816 3043
5301 2690 2895 2891 2915
5302 1826 1690 1829 2641
5303 2550 2662 2815 2978
5304 2571 2672 2742 2851
5305 2563 2816 2706 2884
5306 1632 2995 2872 3144
5307 2552 2828 2997 3020
5308 2551 2806 2684 3013
5309 2750 2751 2623 2858
5310 2725 2906 2747 2950
5311 2548 2759 2869 3115
5312 2709 2930 955 3111
5313 2696 2946 2703 3136
5314 1659 1463 3032 3140
5315 2914 3013 2732 3080
5316 1294 3017 3018 3088
5317 2757 2661 2999 3038
5318 1470 2823 1580 3086
5319 2610 2965 2689 2975
5320 1660 2648 1655 2990
5321 1666 3041 2675 3142
5322 1279 2782 1265 2834
5323 1909 2714 1829 2824
5324 2641 2968 2741 3035
5325 1850 2808 2716 3009
5326 334 2896 1544 2984
5327 2683 2867 2654 3153
5328 2618 2706 2816 2884
5329 1668 2860 1796 2866
5330 1312 1295 1311 2747
5331 1505 2713 3017 3088
5332 2680 2726 1357 2931
5333 1812 1846 2702 2855
5334 2638 2989 2772 3065
5335 1674 1281 1282 2713
5336 2556 2646 2719 3007
5337 2707 2566 2869 3076
5338 2558 2917 2662 2966
5339 2559 2897 2624 3051
5340 2610 2933 2736 3096
5341 2657 2574 2745 2801
5342 1412 1411 1413 3043
5343 2590 2969 2839 3028
5344 1834 2866 1795 2976
5345 2654 2949 2683 3005
5346 2637 2785 2677 2801
5347 2571 2672 2851 2918
5348 2641 2937 2591 2938
5349 1523 1480 2710 2804
5350 1516 2706 1665 2910
5351 1568 2712 2614 2872
5352 2607 2773 1518 3063
5353 1216 2821 2685 3074
5354 1567 1597 1467 2663
5355 2776 2777 2654 3047
5356 1285 2670 1302 2865
5357 2637 2801 2677 2913
5358 2746 2763 1788 3045
5359 1903 2699 2952 3033
5360 2675 2929 2822 3041
5361 1604 1596 973 1547
5362 2563 2670 2797 3043
5363 2563 2653 2818 2884
5364 2563 2816 2804 3002
5365 2591 2660 2847 2856
5366 2807 2869 2566 3076
5367 2674 2807 2566 2877
5368 1488 2614 1568 2745
5369 1413 2797 2733 2853
5370 2767 2775 2653 2996
5371 1257 2685 1256 2753
5372 2581 2841 2660 2945
5373 2939 3062 2863 3110
5374 2553 2660 2858 3040
5375 2712 2614 2872 2873
5376 2807 2877 2674 3079
5377 2707 2961 2635 3014
5378 2912 3003 2796 3135
5379 2587 2805 2694 2921
5380 2705 2585 2864 3122
5381 2729 3000 2769 3001
5382 1239 2647 1367 2842
5383 1204 2578 1202 2853
5384 2594 2711 2624 2876
5385 2564 2653 2767 2884
5386 2682 2825 2704 3097
5387 1332 2733 1400 2893
5388 2756 2998 1353 3120
5389 2558 2917 2966 3119
5390 1559 2889 3086 3107
5391 2658 2934 2876 3028
5392 2590 2839 2969 3130
5393 2595 2868 2740 2982
5394 2715 2728 2601 2981
5395 1874 2770 1871 2876
5396 1467 2730 2663 3086
5397 2548 2653 2818 3135
5398 2885 3019 1598 3054
5399 1525 2676 2710 2875
5400 2587 2654 2835 2878
5401 2650 2810 1736 2951
5402 2571 2758 2743 2918
5403 1590 1588 2716 3055
5404 1874 1867 1871 2770
5405 1798 1803 2704 3150
5406 2600 2784 2728 2971
5407 2587 2926 2654 2954
5408 2577 2865 2857 3075
5409 2689 2610 2975 3096
5410 1317 2827 2640 3037
5411 2662 2966 2917 3104
5412 2587 2776 2654 2878
5413 2797 2818 2617 3103
5414 2551 2765 2789 3149
5415 2554 2968 2829 3035
5416 2911 2972 2636 3024
5417 1261 1291 1381 2931
5418 2549 2775 2767 2996
5419 2638 2763 1748 3065
5420 1296 2727 1236 2986
5421 1647 2860 1660 2990
5422 2619 2739 2568 2936
5423 2597 2770 2658 2978
5424 2657 2610 2826 3125
5425 2641 2803 1827 2980
5426 2634 2823 1581 2889
5427 1382 1381 1383 2784
5428 2744 2915 2652 2942
5429 2658 2662 2934 3104
5430 1885 1863 1837 2809
5431 1868 2624 1872 3051
5432 2574 3062 2785 3148
5433 2993 2998 2783 3058
5434 2578 2685 2617 2912
5435 2697 2563 2816 3052
5436 2891 2914 2817 2981
5437 2688 2989 2586 3013
5438 1728 1518 1459 2607
5439 2556 2698 2619 2936
5440 2563 3002 2804 3052
5441 2727 1534 3011 3107
5442 1437 2831 1424 2896
5443 1421 1630 1359 3043
5444 1584 1647 1585 2860
5445 2616 2802 2710 2932
5446 1895 1896 2807 3076
5447 940 966 1656 3111
5448 2558 2662 2805 2966
5449 1807 2718 2854 3097
5450 2595 2740 2749 2982
5451 2652 2744 2569 2881
5452 1787 3029 1810 3045
5453 2586 2961 2707 3014
5454 1735 2836 2650 2951
5455 2574 2972 2647 3062
5456 1730 1902 2743 3109
5457 2694 2931 2726 3119
5458 1547 1604 1545 2955
5459 2563 2818 2653 2905
5460 1275 2608 1423 2794
5461 2723 2935 2655 3071
5462 1338 1386 2894 2953
5463 1736 1735 2650 2951
5464 1861 2809 1773 3031
5465 1906 2969 1888 3128
5466 1659 2760 1463 3140
5467 2681 2952 2699 3145
5468 2572 2722 2802 2932
5469 1817 2681 2718 3026
5470 2554 2829 2968 3025
5471 2617 2853 2578 3135
5472 2652 2551 2806 2891
5473 2839 2876 2594 2934
5474 2611 2746 2768 3045
5475 1710 2665 2772 3065
5476 2618 2832 2759 2843
5477 2933 2951 2736 3096
5478 2574 2657 2785 2801
5479 2660 2845 2580 2983
5480 2559 2628 2693 2907
5481 2752 3044 2912 3115
5482 2805 2966 2694 3119
5483 1773 3031 2612 3099
5484 1761 1850 1849 2927
5485 2684 2891 2817 2895
5486 1772 1770 1771 2724
5487 1353 1662 1264 3120
5488 2595 3022 2757 3023
5489 1353 1264 1231 2756
5490 1369 2894 1386 2953
5491 2617 2912 2685 3133
5492 2671 2856 2841 2945
5493 1402 2849 2783 2998
5494 2671 2824 1691 2937
5495 2647 3062 2785 3091
5496 1539 2756 1538 2986
5497 2637 2906 2769 3018
5498 1503 2716 2674 3079
5499 2652 2891 2567 2915
5500 2572 2749 2681 3145
5501 2564 2788 2653 2884
5502 2550 3005 2954 3114
5503 956 2930 2760 3084
5504 2724 2735 2566 2877
5505 1409 2751 1210 2890
5506 1898 2658 1874 3028
5507 2597 2941 2687 2978
5508 2678 2765 2557 2846
5509 2597 2627 2742 3114
5510 1477 2659 2802 2910
5511 1250 2791 2656 3094
5512 1816 2675 2952 3026
5513 2571 2851 2742 2897
5514 2582 2741 2847 2899
5515 2803 2642 2968 3025
5516 1471 1504 2674 2877
5517 1404 2820 2784 2979
5518 1502 2832 2674 2888
5519 2855 2941 2597 2978
5520 1568 2614 1487 2745
5521 1345 2878 2819 3073
5522 1307 1193 2728 2909
5523 2623 3057 2570 3108
5524 2590 2969 3028 3128
5525 2613 2752 2685 2912
5526 1905 3045 2768 3128
5527 1559 3086 2795 3107
5528 2658 2770 2597 2855
5529 1882 2696 1881 3053
5530 1697 2681 1694 2982
5531 2552 2634 2828 3020
5532 1829 1907 1827 2714
5533 2557 2755 2687 2966
5534 2548 2788 2796 3116
5535 1388 1338 2894 2953
5536 2710 2606 3046 3052
5537 2690 2791 2744 3060
5538 1468 1470 1580 3086
5539 2684 2732 2586 3059
5540 1196 2812 2666 2901
5541 1850 1848 2808 3009
5542 2634 2828 3010 3126
5543 2577 3094 2656 3101
5544 2653 2780 2767 3002
5545 1872 1871 2770 2876
5546 2669 2799 2560 2956
5547 1799 2718 2779 3026
5548 1770 1771 2724 2800
5549 2594 1700 2711 2876
5550 1482 2690 1638 2791
5551 2607 2743 2773 2811
5552 2556 2936 2646 2987
5553 1296 1550 1536 2727
5554 976 2866 974 2955
5555 1815 1697 2621 2718
5556 2573 2949 2838 3098
5557 1856 2624 2851 3051
5558 1441 2879 2725 2950
5559 2686 2769 2647 2863
5560 2587 2755 2687 2943
5561 1849 2696 1882 2927
5562 2568 2619 2700 2739
5563 2563 2884 2706 3002
5564 1577 938 1628 963
5565 2727 3011 2795 3107
5566 2702 2941 1460 2944
5567 1204 1317 2640 2853
5568 2634 2552 2828 3126
5569 2573 2609 2721 2949
5570 1302 2670 1284 3043
5571 2639 3081 2902 3129
5572 2552 2749 3022 3039
5573 2588 2907 2723 2957
5574 2805 2926 2587 2966
5575 2559 2758 2897 3051
5576 2728 2909 1193 2922
5577 2655 2935 2723 2957
5578 1849 2696 2808 3136
5579 2572 2722 2822 2929
5580 1384 1372 2867 3057
5581 2574 2782 2713 2834
5582 2640 2733 2780 2905
5583 2582 2845 2660 2983
5584 2817 2833 2732 3059
5585 2657 2689 2610 2965
5586 1613 1546 1819 976
5587 2804 2816 2563 3052
5588 1290 2931 2921 2979
5589 2568 2987 2778 3081
5590 2804 2816 2706 3002
5591 2580 2798 2712 3040
5592 1664 2866 1603 2955
5593 2557 2768 2765 3104
5594 2604 2767 2932 2974
5595 1267 1234 1228 2731
5596 2668 2927 1760 3033
5597 1523 1516 1480 2804
5598 1878 2773 1730 2918
5599 2567 2763 2806 3134
5600 2564 2696 2808 2927
5601 2627 2571 2742 2958
5602 1554 2657 1592 2689
5603 2765 2590 2917 3104
5604 2552 2634 3020 3126
5605 2838 2882 2683 3098
5606 2715 2922 2728 3004
5607 2550 2949 2926 3005
5608 1590 2668 1515 3055
5609 1545 1819 976 2866
5610 2591 2741 2660 2945
5611 2623 2890 2751 3138
5612 2723 2935 2588 2957
5613 2676 2998 2993 3058
5614 1398 2901 1196 2994
5615 2557 2966 2662 3104
5616 2575 2863 2647 3062
5617 1888 1906 2839 2969
5618 2551 2881 2678 3149
5619 2607 3063 1459 3124
5620 2638 2665 2789 3065
5621 1658 1622 1295 2747
5622 1374 2962 3012 3098
5623 2753 2991 2909 3074
5624 2572 2822 2722 2830
5625 2579 2718 2681 3026
5626 1567 2663 1467 2730
5627 1288 2766 1363 2820
5628 1660 2860 2648 2990
5629 1341 1556 2819 2878
5630 1868 2876 2624 3051
5631 2574 2785 3062 3091
5632 2622 2730 2682 3054
5633 2632 2751 2623 2890
5634 1599 2779 2885 3041
5635 2627 2958 2742 3005
5636 2741 2983 2660 3035
5637 1819 1869 1613 976
5638 2669 3068 2799 3101
5639 2595 2852 2757 2919
5640 1336 2686 2647 2948
5641 1578 1629 980 1577
5642 1588 2888 2716 3055
5643 1510 1507 1502 2888
5644 1234 2656 2857 3075
5645 1178 2626 2573 2691
5646 1403 2756 2849 2998
5647 1505 2801 2713 3088
5648 2600 2791 2744 3118
5649 330 1622 1658 2747
5650 1657 1600 2779 3019
5651 1812 2855 2702 2944
5652 2697 2816 2804 3052
5653 2747 2953 2906 3018
5654 2666 2862 2580 2983
5655 2665 3036 2789 3130
5656 2601 2753 2833 2909
5657 1451 1450 2850 3154
5658 2729 2906 2725 3064
5659 2581 2660 2841 3040
5660 1466 2712 2632 2890
5661 1515 2668 2910 3055
5662 1349 3008 2935 3071
5663 2553 2660 2847 2858
5664 2551 2789 2765 2806
5665 1517 1475 1477 2802
5666 1875 1835 1863 2689
5667 1713 2703 2886 3117
5668 2697 3077 2606 3092
5669 2581 2660 2798 3035
5670 2582 2741 2660 2847
5671 2650 2593 2933 2951
5672 1520 2697 1511 2804
5673 2587 2776 2687 2954
5674 966 980 1656 3111
5675 2566 2759 2674 2973
5676 1398 2636 1223 2901
5677 2559 2882 2762 2907
5678 2795 3011 1534 3107
5679 1250 2701 1408 2791
5680 2609 2573 2721 3066
5681 2604 2868 2740 2996
5682 1307 2701 2909 2971
5683 2663 2778 2568 2987
5684 2558 2694 2726 3119
5685 2579 2779 3026 3041
5686 2671 2813 1691 2824
5687 2608 2812 2712 3034
5688 2678 2881 2569 3102
5689 2558 2691 2726 3066
5690 2742 2627 3005 3114
5691 2653 2884 2563 3002
5692 2565 2653 2796 3003
5693 1217 1219 1218 2865
5694 1497 1512 1284 2670
5695 2551 2652 2881 2891
5696 2736 2965 2610 2975
5697 2830 3020 2634 3126
5698 2569 2784 2744 2820
5699 1503 2716 1588 2888
5700 2749 2982 2681 3022
5701 2747 2906 2585 2950
5702 1877 1835 2892 3144
5703 2664 2773 2571 2811
5704 1593 1570 1628 2930
5705 2617 2905 2853 3135
5706 1219 1302 2797 2865
5707 1338 1369 1386 2953
5708 1566 1585 1572 2990
5709 2599 2757 2661 2999
5710 2556 2698 2936 3078
5711 2744 2820 2784 3118
5712 2815 2978 2597 3114
5713 1209 1203 1202 2853
5714 2567 2800 2764 2915
5715 1231 2756 1403 2998
5716 2606 2710 2676 3058
5717 2627 2672 1646 2977
5718 2657 2826 2785 3125
5719 2696 2788 2565 2996
5720 2564 2927 2668 2974
5721 2622 2779 2885 3019
5722 1653 1660 1664 2648
5723 2690 2744 2600 3060
5724 2596 2640 2827 2852
5725 1566 1572 2738 2990
5726 2666 2812 2580 2862
5727 1901 1853 1900 2918
5728 2593 2725 2677 2984
5729 1609 2896 2736 2984
5730 2583 2833 2753 2991
5731 2785 2965 2657 3125
5732 2555 2769 2729 3000
5733 1222 2700 1221 2739
5734 1910 1858 2844 3056
5735 2549 2767 2780 2963
5736 2580 2845 2660 2858
5737 1634 1542 1636 2984
5738 2801 2913 2637 3088
5739 2684 2586 2734 3059
5740 1815 2718 2621 2854
5741 2549 2740 2645 2996
5742 1454 2709 2902 2925
5743 1286 2766 2979 3073
5744 2611 2764 1786 3029
5745 2881 2891 2600 2981
5746 2699 2868 2604 3033
5747 2563 2706 2816 3002
5748 2560 2833 2799 3094
5749 2558 2726 2694 2805
5750 1837 2689 1836 2975
5751 2584 2987 2695 3030
5752 1577 938 1610 1628
5753 1773 1864 2612 2809
5754 1599 2779 1600 2885
5755 1378 2737 1384 2867
5756 2564 2668 2716 3055
5757 2759 2799 2643 3044
5758 2795 2615 2997 3107
5759 1510 1508 1507 2706
5760 2597 2815 2770 2978
5761 2693 2844 2631 2928
5762 1282 1505 2713 3017
5763 2674 2832 2618 2888
5764 2658 2855 2597 2978
5765 1371 2777 2878 3047
5766 2655 3008 2935 3015
5767 2661 2849 1292 3061
5768 1901 2743 1899 3056
5769 2591 2844 2693 2898
5770 1236 1230 1297 3061
5771 2624 2711 2594 2720
5772 2728 2914 2601 2981
5773 1827 1826 1829 2641
5774 2702 2940 1460 2941
5775 958 1656 1491 1652
5776 1353 2998 2676 3120
5777 1635 2913 2801 3088
5778 1398 2636 2901 2994
5779 2640 2893 1317 3037
5780 2783 2849 2576 2998
5781 2637 2713 3017 3091
5782 1463 2760 1244 3140
5783 2548 2883 2788 3116
5784 1779 2724 1776 3076
5785 2555 2863 2769 3000
5786 1282 3017 1294 3088
5787 2587 2687 2776 2943
5788 1801 1590 1802 2716
5789 2777 2867 2654 3047
5790 2577 2799 2759 2923
5791 2724 1779 2877 3076
5792 2559 2720 2649 2882
5793 2677 2801 2785 2965
5794 2664 2632 3049 3108
5795 1444 2705 1452 2874
5796 1221 2661 2739 2947
5797 2559 2693 2631 2928
5798 1798 2704 1681 3150
5799 2564 2808 2788 2883
5800 2636 2842 2782 2972
5801 1635 2801 1643 3088
5802 1761 1760 2668 2927
5803 2681 2699 2572 3145
5804 2833 2909 2753 2991
5805 1665 2706 1510 3055
5806 2580 2858 2660 3040
5807 2553 2811 2762 2856
5808 1691 1865 2671 2937
5809 2656 2577 2857 3075
5810 1357 2680 2931 3004
5811 1897 2764 1886 3029
5812 2780 2963 2767 3002
5813 1412 3043 2697 3077
5814 1618 2690 2744 2915
5815 1570 1629 1628 2930
5816 2553 2847 2660 2856
5817 1772 2688 2724 3100
5818 2640 2852 2549 2903
5819 2560 2833 2817 3059
5820 2584 2738 2695 2987
5821 2835 2878 2654 3047
5822 1269 2909 2701 2991
5823 2650 2836 1735 2837
5824 1455 2709 2930 3083
5825 1863 2809 1861 2892
5826 2552 3022 3021 3039
5827 1487 2614 1568 2712
5828 2568 2717 2708 2871
5829 333 2725 2879 2984
5830 2705 2814 1201 2874
5831 2610 2657 2965 3125
5832 2844 2898 2591 2937
5833 2822 2929 1530 3041
5834 1694 2681 1695 2699
5835 2722 2802 1476 2929
5836 2591 2898 2693 2899
5837 2692 2831 1445 2879
5838 1895 1822 1896 3076
5839 1492 2735 2690 2915
5840 1440 1446 2950 3064
5841 2670 2577 2843 3103
5842 2689 2792 2657 3123
5843 2783 2998 2576 3058
5844 1399 1406 1278 2812
5845 2582 2660 2741 2983
5846 1799 1807 2622 2718
5847 1382 2784 1366 2971
5848 1488 1592 1554 2792
5849 2597 2770 2815 3114
5850 2698 2719 2619 3039
5851 2678 3119 2917 3149
5852 2666 2580 2812 3121
5853 2606 2676 2710 3046
5854 1550 1551 2727 3107
5855 2555 2729 2650 3000
5856 2568 2739 2700 2871
5857 2660 2798 2580 3040
5858 1564 2940 2942 2943
5859 1748 2989 2638 3065
5860 1403 2756 1230 2849
5861 2583 2731 2833 2991
5862 2576 2916 2828 3010
5863 2634 2828 2916 3010
5864 2558 2966 2805 3119
5865 2565 2653 2788 2796
5866 2695 2793 949 3042
5867 2700 2717 2568 2871
5868 1258 1639 1249 2791
5869 1227 1217 2821 2865
5870 2579 2681 2718 3021
5871 1454 2870 1571 3111
5872 1876 1504 2877 3079
5873 2587 2835 2654 2926
5874 1884 2659 1698 3089
5875 1849 1851 2696 3136
5876 2684 2817 2732 3059
5877 2822 2823 2634 2830
5878 2566 2724 2877 3076
5879 1288 1345 1363 2766
5880 2591 2937 2898 2938
5881 1447 2864 1435 3122
5882 1511 1630 1512 2816
5883 1231 1353 2756 2998
5884 1687 1686 2944 3087
5885 1209 2685 1216 2821
5886 2803 2589 2892 3031
5887 2769 2894 2585 3001
5888 1453 2902 1454 3083
5889 2740 2644 2919 3126
5890 2562 2692 2729 2836
5891 1625 1582 1581 2823
5892 2615 3020 2823 3078
5893 1244 2760 1314 3140
5894 2560 2799 2669 3068
5895 1323 2731 2821 2991
5896 2549 2932 2767 2963
5897 2566 2759 2669 2956
5898 2560 2684 2817 2895
5899 2715 2601 2914 2981
5900 2784 2820 2569 2979
5901 1367 2834 2647 3016
5902 2695 2584 3030 3129
5903 2722 2822 2634 2830
5904 2666 2862 2636 2901
5905 2559 2711 2624 2720
5906 1530 2675 1666 3041
5907 1606 2689 2657 2965
5908 1826 2641 1827 2980
5909 2736 2896 1740 2951
5910 2601 2715 2651 2754
5911 2553 2841 2811 2856
5912 1896 1890 1908 3009
5913 2554 2911 2774 3025
5914 1454 2709 1455 3083
5915 2798 2873 2712 3040
5916 981 1299 1321 3140
5917 1851 1882 1849 2696
5918 1816 2952 1695 3026
5919 2633 2881 2784 2981
5920 2636 1224 2861 2994
5921 2607 2813 1729 3109
5922 2550 2649 2720 2949
5923 2640 2775 2549 2852
5924 2726 2921 2609 3127
5925 2652 2891 2806 3134
5926 2599 2661 2859 3137
5927 2732 2817 2684 2914
5928 2576 2859 2783 3058
5929 2558 2679 2840 2917
5930 1395 2909 2753 2922
5931 2697 2606 3046 3092
5932 1493 1566 1567 2682
5933 1384 2867 2737 3057
5934 1600 2779 1599 3041
5935 1525 2710 2676 3046
5936 2651 2789 2665 3036
5937 2773 2958 2627 2959
5938 2697 3046 2606 3052
5939 2692 2593 2831 2879
5940 1403 1231 1230 2756
5941 1408 1250 1269 2701
5942 2732 2817 2601 2833
5943 1636 2965 2736 2975
5944 1901 1910 1744 2758
5945 3022 3023 2621 3039
5946 2682 2622 3054 3097
5947 2559 2649 2720 2897
5948 2658 2978 2662 3104
5949 2639 3030 2717 3081
5950 2742 2815 2770 3114
5951 2817 2895 2891 3060
5952 2549 2645 2775 2996
5953 1281 1280 1282 2713
5954 2785 3062 2826 3148
5955 1868 1700 2876 3051
5956 1814 2854 2704 3097
5957 2589 2792 2829 2892
5958 2609 2573 2960 3098
5959 2604 3033 2868 3053
5960 1249 1639 1638 2791
5961 2680 2691 1357 2726
5962 2550 2649 2949 3005
5963 2609 2949 2683 3012
5964 1712 2772 2786 2961
5965 1292 2849 2661 3137
5966 2553 2858 2847 2957
5967 2594 2876 2815 2934
5968 2712 2872 1568 2873
5969 1775 2707 2886 3076
5970 1178 2573 1339 2691
5971 1284 1302 1285 2670
5972 2572 2952 2699 3095
5973 2659 3033 2952 3095
5974 2743 2773 2571 2918
5975 2821 2865 2731 3075
5976 2766 2569 2820 2979
5977 1657 1601 1600 3019
5978 1724 1883 1722 2831
5979 1724 2831 1722 2836
5980 1812 1684 1846 2855
5981 2684 2734 2567 2895
5982 1388 2894 1385 3122
5983 1388 2848 1311 2953
5984 2581 2824 2671 2945
5985 1526 1480 1476 2722
5986 2774 2911 2673 3025
5987 2571 2851 2758 2918
5988 1526 2710 2722 2875
5989 2564 2883 2788 2884
5990 1435 2950 2848 3122
5991 1196 2812 1278 3121
5992 2565 2703 2696 2946
5993 2581 2798 2660 3040
5994 1419 3012 2867 3047
5995 1381 1291 1383 2979
5996 2554 2798 2983 3035
5997 1700 2594 1841 2839
5998 2632 2664 2607 3063
5999 976 1869 1613 977
6000 2579 2823 2822 2830
6001 1342 2878 1345 3073
6002 2585 2894 2769 2953
6003 2740 2919 2749 3126
6004 2571 2758 2851 2897
6005 1685 1531 2672 2944
6006 1382 1233 2728 2971
6007 2714 2829 2792 2892
6008 2776 2819 1556 2878
6009 1532 2672 1646 2773
6010 1409 1273 1210 2751
6011 2735 2800 2567 2915
6012 1366 2971 2784 3118
6013 2568 2708 2717 3081
6014 2630 2986 2727 3107
6015 2821 2865 2617 2923
6016 1219 1302 1303 2797
6017 2652 2690 2891 2915
6018 2952 3033 2699 3095
6019 2703 2886 2603 3136
6020 2607 2773 2664 2811
6021 2588 2649 2771 3153
6022 2646 2936 2568 2987
6023 2573 2882 2838 2949
6024 2833 2991 2731 3094
6025 1639 1641 2744 2820
6026 2660 2845 2582 2847
6027 1345 2766 2819 2992
6028 2628 2762 2856 2957
6029 1867 1874 1898 2658
6030 2712 2798 2614 2873
6031 1472 2669 2735 2973
6032 2702 2768 2557 2855
6033 2581 2813 2671 2824
6034 1885 2810 2809 3096
6035 2684 2806 2551 2891
6036 2707 2724 2566 3076
6037 965 2866 2648 2955
6038 2698 2718 2621 3021
6039 2591 2660 2856 2945
6040 2694 2805 2726 2921
6041 2675 1530 2929 3041
6042 2554 2862 2774 3024
6043 2668 2659 2974 3033
6044 1780 2825 1527 3019
6045 958 1604 1596 973
6046 2604 2974 2932 3095
6047 1209 1202 2685 2853
6048 1878 1728 1730 2773
6049 2581 2873 2798 3040
6050 1478 2690 1492 2735
6051 2695 2987 2646 3030
6052 1375 1374 2867 3012
6053 2614 2792 2714 2829
6054 2762 2811 2631 2856
6055 1458 2873 2995 3124
6056 2572 2675 2929 3145
6057 2710 3046 2804 3052
6058 1514 2668 1590 3089
6059 2776 2878 2777 3047
6060 1478 1638 2690 3068
6061 2953 3016 2769 3018
6062 2632 2712 2873 3040
6063 1341 2819 1345 2878
6064 1593 1628 1619 3084
6065 1585 2860 1647 2990
6066 1727 3141 2675 3142
6067 2579 3078 2698 3106
6068 2742 2851 2624 2897
6069 1849 2808 1851 3136
6070 1606 2689 2965 2975
6071 2551 2678 2765 3149
6072 2632 2607 2841 3124
6073 1491 958 1652 2955
6074 2858 3040 2632 3049
6075 1766 2868 1758 2982
6076 2624 2711 2559 3051
6077 1508 2706 1640 2816
6078 1454 1655 2870 2925
6079 2643 3014 2869 3115
6080 2579 3026 2681 3145
6081 2559 2762 2649 2897
6082 1378 2867 1375 2962
6083 1604 973 958 2955
6084 1591 1576 1560 2778
6085 2676 3046 2606 3092
6086 2917 3119 2679 3149
6087 2687 2755 2941 2943
6088 2759 2923 2799 3044
6089 2889 2997 2615 3107
6090 1663 3032 2708 3151
6091 2630 2889 2828 2916
6092 1764 1763 1514 3089
6093 2634 2830 2823 3020
6094 1568 2614 1488 2872
6095 2685 2821 2617 3133
6096 1741 2736 1650 2896
6097 1588 1510 2888 3055
6098 2586 2732 2684 3013
6099 1728 1459 1729 2607
6100 2657 2826 2589 3148
6101 2788 2808 2603 2883
6102 981 954 3105 3140
6103 2694 2587 2921 3073
6104 1850 2716 1880 3009
6105 1367 2834 1266 2842
6106 2552 2757 2749 3039
6107 1244 1463 1316 2760
6108 2597 2742 2672 3087
6109 1287 1342 1345 3073
6110 2710 2932 2644 2963
6111 2706 2888 1510 3055
6112 2755 2943 2819 2992
6113 2566 2674 2877 2973
6114 2548 2923 2759 3044
6115 2566 2877 2807 3076
6116 2696 2703 2565 2788
6117 1290 2921 1286 2979
6118 2600 2891 2690 3060
6119 2585 2705 2894 3122
6120 1809 2920 2711 3082
6121 1559 2889 1470 3086
6122 2588 2882 2649 3153
6123 1533 2822 2722 2929
6124 2593 2736 2933 2951
6125 2575 2642 2592 3110
6126 2653 2905 2818 3135
6127 2564 2696 2788 2808
6128 2581 3040 2841 3124
6129 2690 2895 2735 3068
6130 2637 2801 2713 3091
6131 1597 2795 1565 3086
6132 980 941 963 3111
6133 2628 2856 2847 2957
6134 2725 2585 2906 2950
6135 2673 2911 2774 2972
6136 2616 2932 2710 2963
6137 2703 2788 2696 3136
6138 2574 2782 2972 3024
6139 2616 2767 2932 2963
6140 1852 2672 2918 3087
6141 1337 3016 2953 3018
6142 2550 2926 2687 2954
6143 1670 2607 1518 3063
6144 1868 1872 1856 3051
6145 2568 2778 2663 2795
6146 1271 2737 3015 3057
6147 1227 2865 2821 3075
6148 2576 2875 3058 3120
6149 2647 2842 1239 2948
6150 2569 2678 2755 2846
6151 2673 2826 2589 3031
6152 1323 2821 2731 3075
6153 2783 2903 2606 3058
6154 1701 1700 2839 2876
6155 1723 2836 2831 3154
6156 2581 2945 2660 3035
6157 1659 1463 1464 3032
6158 2642 2592 3110 3146
6159 2724 2800 2735 2877
6160 2810 2951 2933 3096
6161 2593 2879 2692 3064
6162 1230 1232 1297 2986
6163 2674 2759 2618 2832
6164 2574 2657 2745 3148
6165 2645 2946 1768 2964
6166 1633 2776 2627 2977
6167 2694 2766 2587 3073
6168 964 2648 2866 2976
6169 1698 2659 1726 3141
6170 960 2793 2648 2976
6171 2659 2802 2974 3095
6172 2578 2775 2653 2905
6173 2585 2705 2864 3001
6174 1697 2982 1693 3022
6175 2579 2823 2830 3020
6176 1371 2777 1341 2878
6177 1597 1591 1565 2795
6178 2679 2917 2558 3119
6179 2656 3094 3068 3101
6180 1759 1752 2763 3065
6181 1689 2824 1690 2937
6182 2575 2667 2592 2911
6183 2597 2672 2627 2977
6184 1649 2825 1805 3006
6185 2845 2847 2660 2858
6186 2572 2802 2929 3095
6187 2571 2773 2664 2958
6188 1244 1316 1314 2760
6189 2608 2794 1275 3034
6190 2637 2747 2906 3018
6191 1494 1598 3019 3054
6192 1436 1437 334 2879
6193 1332 1400 1317 2893
6194 2560 2817 2684 3059
6195 2713 2834 1279 3017
6196 2585 2848 2747 2950
6197 2637 2769 3016 3018
6198 1292 1402 2849 3137
6199 1913 2946 2703 3048
6200 2763 2764 2567 3100
6201 2645 2868 2595 2982
6202 2589 2689 2657 3123
6203 1301 2871 2708 3090
6204 1375 2867 1374 2962
6205 2912 3044 2752 3133
6206 1661 3083 3032 3151
6207 2642 2673 2911 3025
6208 1770 2800 2724 2877
6209 2666 2580 2845 2983
6210 1836 1835 1891 2689
6211 2610 2677 2933 3125
6212 2627 2776 1633 3113
6213 1663 1326 2708 3032
6214 1878 2672 1532 2773
6215 1323 2991 2821 3074
6216 1741 1740 2736 2896
6217 2588 2771 2762 2957
6218 1666 2675 1549 3142
6219 1413 2797 1303 3043
6220 2570 2790 2777 2959
6221 2606 2710 2963 3052
6222 2765 2768 2590 3104
6223 1553 1552 1891 2689
6224 2558 2805 2694 3119
6225 2689 2792 2589 2892
6226 2634 2875 2722 3010
6227 2704 2854 1682 3007
6228 1355 1205 2602 2680
6229 1788 1786 1787 3045
6230 2551 2684 2914 3013
6231 1564 2941 2940 2943
6232 1691 2813 2671 3109
6233 1821 2886 2703 3136
6234 1349 2935 2723 3071
6235 2898 2899 2591 2938
6236 2709 2902 2639 3083
6237 1445 2831 2692 3154
6238 1529 1353 2676 3120
6239 2581 2671 2841 2945
6240 1440 2864 1446 3064
6241 1622 3018 2747 3088
6242 330 1622 2747 3139
6243 2895 2956 2735 3068
6244 2590 2765 2746 2768
6245 1631 2792 1553 3144
6246 1788 2746 1759 2763
6247 2587 2687 2926 2954
6248 2847 2858 2655 2957
6249 2653 2775 2578 3003
6250 1882 1913 1881 2696
6251 1674 1282 1505 2713
6252 2630 2849 2828 3061
6253 2591 2938 2741 2968
6254 2610 2810 2933 3096
6255 1412 2697 1360 3077
6256 1856 2851 2758 3051
6257 2567 2764 2763 3134
6258 2613 2752 2912 3115
6259 2665 2970 2761 3131
6260 2560 2701 2817 2833
6261 2663 2615 2795 3086
6262 2677 2965 2785 3125
6263 1502 2674 1503 2888
6264 2602 2840 2679 3130
6265 955 2709 957 2930
6266 2802 2910 2659 2974
6267 1483 1275 2794 3034
6268 1218 1219 1304 2797
6269 2747 2848 2585 2953
6270 2929 2952 2659 3141
6271 1307 1193 1233 2728
6272 2804 2963 2710 3052
6273 1685 1531 1784 2672
6274 2759 2832 2674 2973
6275 2557 2662 2978 3104
6276 2575 2592 2642 2911
6277 2659 2929 2802 3095
6278 1909 2824 1756 2995
6279 958 973 974 2955
6280 2635 2787 2703 2796
6281 2635 2869 3014 3115
6282 952 2930 956 3084
6283 1354 1522 2676 3092
6284 2717 3030 2646 3081
6285 1729 1730 2607 3109
6286 2954 3005 2627 3114
6287 2664 2811 2571 2958
6288 942 961 2709 2870
6289 2661 2997 2828 3061
6290 1540 1625 2889 2916
6291 2635 2886 2703 3117
6292 2646 2700 948 2717
6293 2784 2971 2600 3118
6294 2683 2949 2649 3005
6295 1908 1890 2808 3009
6296 1369 2953 1337 3016
6297 2770 2815 2658 2978
6298 1389 1265 1279 2782
6299 1726 3033 2659 3089
6300 2597 2742 2770 3114
6301 2554 2983 2741 3035
6302 2548 2912 3044 3115
6303 2643 2799 2759 2956
6304 2580 2666 2845 3121
6305 1200 2705 1438 3122
6306 1836 1891 1552 2689
6307 2572 2929 2822 3145
6308 2828 2859 2552 3038
6309 1232 1264 1662 2756
6310 1296 1536 1328 2727
6311 2615 2936 2698 3078
6312 2648 2793 2598 2976
6313 2671 2813 2581 2841
6314 2612 3099 3031 3110
6315 2853 2905 2578 3135
6316 1773 2612 1769 3099
6317 1494 2885 1598 3054
6318 1183 2602 1205 2754
6319 2664 2958 2773 2959
6320 2709 3083 2639 3105
6321 1300 2717 2871 3090
6322 2701 2600 2817 2971
6323 2839 2970 2969 3130
6324 1628 1610 1619 937
6325 2740 2868 2699 2982
6326 938 1610 1628 937
6327 1505 1643 2801 3088
6328 1805 1649 1528 2825
6329 2631 2844 2671 3056
6330 964 2866 1834 2976
6331 957 3105 2709 3129
6332 2642 2911 2673 3110
6333 2560 2956 2799 3059
6334 1837 2975 1838 3096
6335 2669 2799 2577 3101
6336 2609 2805 2726 3066
6337 1514 1590 1764 3089
6338 1347 1385 2705 3122
6339 2576 3058 2676 3120
6340 1736 2650 1743 2810
6341 1400 2893 2733 3077
6342 1642 1359 2697 3092
6343 2935 3008 1349 3015
6344 2549 2644 2932 2963
6345 2663 2795 2615 2936
6346 3032 3083 2639 3151
6347 963 938 1628 937
6348 2672 2944 1531 2977
6349 2584 2663 2778 3147
6350 2603 2808 2788 3136
6351 2554 2667 2741 2983
6352 1684 2855 1812 2944
6353 2606 2783 2893 2903
6354 1482 1638 1639 2791
6355 1676 2751 1484 3034
6356 3030 3081 2639 3129
6357 1592 2657 1606 2689
6358 2681 2699 1694 2982
6359 2587 2687 2755 2966
6360 1398 1224 2636 2994
6361 2565 2653 2775 2996
6362 2694 2979 2633 3102
6363 956 2760 951 3084
6364 2713 2801 2637 3017
6365 2673 2589 2826 3148
6366 2559 2928 2758 3051
6367 2671 3056 1865 3109
6368 2584 2778 2987 3081
6369 1230 2756 1232 2986
6370 1399 1417 2750 3138
6371 1727 2675 1816 3142
6372 1267 2731 1323 2991
6373 2643 2799 2956 3059
6374 1446 2692 1445 2879
6375 2601 2817 2732 2914
6376 1196 2666 1198 2994
6377 1509 1512 2670 2816
6378 2583 2752 3044 3133
6379 2651 2665 2772 3050
6380 966 941 980 3111
6381 2575 2972 2673 3062
6382 2601 2909 2728 2922
6383 1853 2918 2851 3087
6384 2621 2718 2698 3106
6385 1535 1561 2708 3011
6386 2587 2694 2805 2966
6387 1752 1788 1759 2763
6388 1323 1227 2821 3075
6389 2562 2836 2650 2837
6390 1727 2952 2675 3141
6391 1347 1388 1385 3122
6392 2648 2793 960 2870
6393 2655 2845 2582 3008
6394 2696 2946 1881 3053
6395 1630 1421 1512 3043
6396 2616 2706 2910 3055
6397 2616 2974 2802 3095
6398 2561 2732 2752 3080
6399 2654 2926 2835 3012
6400 1857 2672 1878 2918
6401 2582 2667 2880 2983
6402 2568 2778 2708 3081
6403 1747 1910 1858 2844
6404 2634 2828 2889 2916
6405 1441 333 2725 2879
6406 2606 2697 3052 3077
6407 1838 1837 1836 2975
6408 2616 2802 2932 3095
6409 1307 2701 1269 2909
6410 1505 2713 1486 2794
6411 1217 1323 1227 2821
6412 2588 2683 2838 2882
6413 1184 2561 2787 3050
6414 2635 3112 2796 3115
6415 1533 2722 1476 2929
6416 1519 1884 1698 3089
6417 2840 2917 2590 2934
6418 1750 1751 2688 2989
6419 2807 2877 1779 3076
6420 2590 2746 2765 2789
6421 2582 2847 2628 2899
6422 1665 1515 2910 3055
6423 2803 2641 2968 2980
6424 1696 1903 1785 2699
6425 2628 2723 2582 3072
6426 2678 2846 2569 2881
6427 1632 1755 2995 3144
6428 2548 2912 2796 3135
6429 1420 2726 1415 2921
6430 1233 2728 1193 2922
6431 1542 1634 1635 2984
6432 1205 2680 2715 2754
6433 2575 2948 2842 2972
6434 2574 2774 2972 3148
6435 2616 2710 2804 2963
6436 2574 2774 2745 3024
6437 2686 2863 2647 2948
6438 2675 3026 1816 3142
6439 2579 2698 2718 3106
6440 1486 2657 2745 2801
6441 1836 2689 1552 2975
6442 976 1613 1547 977
6443 2616 2963 2804 3052
6444 1598 1557 1494 3019
6445 1800 2622 1807 3097
6446 1602 1668 1796 2866
6447 2610 2933 2810 3125
6448 2570 2737 2771 3153
6449 2659 2910 2668 2974
6450 1618 2915 2744 2942
6451 2668 3033 1760 3089
6452 2735 2895 2690 2915
6453 2618 2818 2883 2884
6454 1814 1807 2854 3097
6455 2834 2842 2647 2972
6456 1786 1810 1787 3029
6457 2597 2770 2742 3087
6458 2630 2828 2889 2997
6459 1770 2724 1779 2877
6460 965 2870 959 2955
6461 2560 2684 2895 3059
6462 1595 1316 1463 2760
6463 1197 1196 1278 3121
6464 1477 2802 1480 2910
6465 1200 1347 2705 3122
6466 2622 2730 3078 3106
6467 2633 2694 2931 2979
6468 2630 2828 2997 3061
6469 1729 2607 1459 2813
6470 1582 1548 1675 2823
6471 1285 1229 2857 3075
6472 2839 2840 2590 2934
6473 1224 1223 1398 2636
6474 1423 2782 1389 2794
6475 2599 2852 2640 2903
6476 1407 2835 2878 3073
6477 2599 2783 2859 2903
6478 1523 2710 1521 2804
6479 947 971 3030 3105
6480 1850 1880 1848 3009
6481 1728 1729 1730 2607
6482 2588 2838 2683 2962
6483 2675 2929 1530 3141
6484 1882 2927 2696 3053
6485 2616 2932 2974 3095
6486 1361 2960 2838 3098
6487 2676 3058 2875 3120
6488 1295 2747 1622 3018
6489 1560 1575 1465 3147
6490 1649 1805 1804 3006
6491 2628 2723 2629 2907
6492 2661 2859 2828 3038
6493 1415 2921 2726 3127
6494 1321 2760 954 3140
6495 2790 2959 2570 3108
6496 1243 3032 1463 3140
6497 1535 3011 2708 3069
6498 1878 1518 1728 2773
6499 2702 2855 2557 2941
6500 2793 2976 949 3042
6501 2665 2602 3036 3130
6502 2589 2826 2809 3031
6503 2743 2811 2607 3109
6504 2732 3014 2752 3080
6505 2613 2912 2796 3115
6506 2589 2829 2792 3123
6507 966 1656 1491 958
6508 2652 2915 2887 2942
6509 2646 2695 946 3007
6510 2554 2798 2862 2983
6511 1353 1352 2676 2998
6512 2559 2762 2628 2907
6513 2584 2738 2663 3147
6514 2616 3002 2963 3052
6515 2611 2763 2746 3045
6516 1727 1816 2675 2952
6517 1346 1426 1434 2848
6518 2677 2785 2555 3125
6519 1537 2722 1533 2822
6520 2702 3029 2611 3045
6521 1912 1775 2707 2886
6522 2628 2723 2907 2957
6523 2568 2708 2778 3011
6524 959 2870 940 2955
6525 1281 2713 1674 2794
6526 1857 1852 2672 2918
6527 2560 2895 2817 3060
6528 2835 2926 2609 3012
6529 1303 2797 1302 3043
6530 2643 2586 3014 3059
6531 1405 1288 1363 2820
6532 1799 1807 1800 2622
6533 2578 2905 2653 3135
6534 2902 3081 2584 3129
6535 2565 2775 2653 3003
6536 2664 2959 2773 3063
6537 2582 2741 2667 2983
6538 1440 2950 2864 3064
6539 2636 2972 2782 3024
6540 1853 1852 2918 3087
6541 2598 2976 2793 3042
6542 2609 2805 2721 2926
6543 1767 2946 2868 3053
6544 2588 2882 2838 2907
6545 2837 2939 2650 3000
6546 2699 2740 2604 2868
6547 2872 2873 2581 2995
6548 2581 2873 3040 3124
6549 1723 2831 1721 3154
6550 1872 2770 1854 2851
6551 2673 2589 3025 3031
6552 1707 2860 1667 3006
6553 2669 2735 2956 3068
6554 2575 3062 2673 3110
6555 1853 2758 1856 2851
6556 1735 1724 2836 2951
6557 1645 2773 1646 2959
6558 2566 2735 2734 2956
6559 2704 3042 1681 3150
6560 2616 2804 2706 3002
6561 1609 2736 1636 2984
6562 1465 1560 2778 3151
6563 1530 1549 1666 2675
6564 1663 2708 1326 3069
6565 2584 2902 2709 2925
6566 1550 1551 1536 2727
6567 1798 1803 1681 2704
6568 2758 2851 2624 3051
6569 1410 2790 1372 3057
6570 1478 2656 1638 3068
6571 2739 2947 2661 3038
6572 2572 2802 2722 2929
6573 2707 2635 2961 3117
6574 2708 2871 2717 3090
6575 1472 2669 1478 2735
6576 2616 2932 2767 2974
6577 2670 2797 2865 3103
6578 1251 2791 1408 2971
6579 1569 2760 1659 3083
6580 2649 2958 2771 3153
6581 1759 2763 2746 3065
6582 2598 2990 2860 3006
6583 2589 2792 2689 3123
6584 1561 2708 3011 3151
6585 2652 2744 2690 2915
6586 2638 2772 2989 3013
6587 3031 3099 2642 3110
6588 2590 2840 2839 3130
6589 1352 2993 2676 2998
6590 2698 3078 2556 3106
6591 1205 2602 2680 2754
6592 1669 2764 2800 2915
6593 1463 1659 1569 2760
6594 1250 1416 2656 2791
6595 1529 1354 1522 2676
6596 1739 2975 2736 3096
6597 1776 1779 1770 2724
6598 1574 2738 1572 2925
6599 1825 1719 2836 2837
6600 1663 2708 1561 3151
6601 1624 2875 2916 3120
6602 2603 2788 2703 3136
6603 1551 1534 2727 3107
6604 1629 1656 1578 3111
6605 1882 2696 1851 3136
6606 1279 1265 1266 2834
6607 2606 2780 2733 3052
6608 2620 2827 2757 2852
6609 1569 2930 2760 3083
6610 2595 2982 2749 3022
6611 2681 3021 2579 3145
6612 2621 3021 2718 3022
6613 1618 2690 1482 2744
6614 2697 3046 1642 3092
6615 2701 2791 2600 2971
6616 2682 3054 2825 3097
6617 2586 2989 2772 3013
6618 2614 2714 2792 2872
6619 2766 2979 2694 3102
6620 2587 2819 2755 2943
6621 1689 1691 2824 2937
6622 2583 2991 2753 3074
6623 2746 3045 1759 3128
6624 2667 2741 2582 2900
6625 1572 2925 2738 2990
6626 1375 1378 1384 2867
6627 2674 2618 2883 2888
6628 1885 1742 2810 3096
6629 2785 2801 2657 2965
6630 2738 2793 2598 2990
6631 2859 2903 2644 2919
6632 2635 2707 2869 2886
6633 2551 2789 3013 3036
6634 1265 2782 1423 2901
6635 1754 1632 1755 2995
6636 2621 2854 2718 3106
6637 2671 2844 2631 2856
6638 2585 2906 2729 3064
6639 2703 2565 2796 3048
6640 1286 2921 1289 3073
6641 2974 3033 2659 3095
6642 2766 1363 2820 2992
6643 2568 2795 2663 2936
6644 1760 1765 1761 2668
6645 2791 3060 2690 3068
6646 955 2930 963 3111
6647 1478 2656 3068 3101
6648 2563 2733 2780 3052
6649 1903 2952 1726 3033
6650 2558 2805 2662 3027
6651 2818 2905 2617 3135
6652 981 1321 954 3140
6653 1648 1584 1566 3006
6654 1759 2746 1788 3045
6655 2566 2669 2759 2973
6656 2572 2822 2830 3145
6657 960 2793 961 2870
6658 2589 2829 2803 2892
6659 1359 2697 1412 3043
6660 2574 2745 2774 3148
6661 2893 2903 2783 3037
6662 1698 1884 1726 2659
6663 2632 2664 3063 3108
6664 2732 3014 2586 3059
6665 2588 2683 2882 3153
6666 2769 2863 2686 3000
6667 1205 2715 2680 3004
6668 2634 3010 2830 3126
6669 2703 2787 2635 3117
6670 1800 1807 1806 3097
6671 2550 2721 2926 2949
6672 1205 2922 2715 3004
6673 2616 2804 3002 3052
6674 956 952 963 2930
6675 1486 2657 1592 2745
6676 1526 2722 1537 2875
6677 2775 2781 2578 3003
6678 1892 1650 1741 2736
6679 1696 2699 1785 2868
6680 2561 2601 2651 2754
6681 1488 2792 1631 2872
6682 1487 1485 2745 2794
6683 2645 2565 2775 2996
6684 1829 1909 1907 2714
6685 2549 2903 2644 2963
6686 2621 2719 2698 3039
6687 1713 1705 2703 3117
6688 2606 2903 2963 3058
6689 1353 1354 1529 2676
6690 1691 2671 1865 3109
6691 2574 2834 2713 3091
6692 1401 1234 2656 2857
6693 2586 3013 2772 3080
6694 1909 1907 2714 3144
6695 2703 2886 2635 3116
6696 1910 1901 1899 3056
6697 2732 2914 2684 3013
6698 1786 2764 2763 3100
6699 2584 2778 2663 2987
6700 2812 2862 2666 2901
6701 2711 2876 1700 3051
6702 2636 2901 2862 3024
6703 1591 2778 1560 3011
6704 1525 2676 2875 3120
6705 1706 2860 1707 3006
6706 2551 2914 2891 2981
6707 2575 2842 2861 2972
6708 1514 2910 2668 3089
6709 1876 1779 2807 2877
6710 2569 2784 2979 3102
6711 2550 2978 2815 3114
6712 1275 1276 2812 3034
6713 2909 2991 1324 3074
6714 2668 2910 2659 3089
6715 1481 2690 1618 2915
6716 1861 1847 2803 3031
6717 2569 2846 2652 2881
6718 2561 3070 2787 3112
6719 1553 1554 1552 2689
6720 1408 2701 1307 2971
6721 2762 2907 2588 2957
6722 2582 2655 3008 3071
6723 1276 1277 1275 2812
6724 1459 2607 1670 3063
6725 1385 2894 2705 3122
6726 2649 2882 2683 3153
6727 1323 2731 1228 3075
6728 2623 2632 2890 3049
6729 1754 369 1632 2995
6730 1407 2921 2835 3073
6731 2578 3003 2912 3135
6732 2638 2789 2746 3065
6733 1796 1820 1602 2866
6734 1495 1527 2825 3019
6735 2686 3000 2814 3001
6736 2651 3013 2914 3080
6737 2673 3025 2642 3031
6738 1582 2822 1548 2823
6739 1648 2825 1649 3006
6740 1503 2674 1504 3079
6741 1590 1515 1588 3055
6742 2651 2665 2602 3036
6743 1689 1829 1690 2824
6744 1521 2710 1526 2875
6745 1409 1673 2790 2890
6746 1747 2844 2693 2928
6747 2887 2940 2652 2942
6748 1226 2667 1214 2861
6749 1589 1802 1590 2716
6750 1383 1366 1382 2784
6751 2645 2740 2868 2996
6752 2575 2647 2948 2972
6753 2589 2673 3025 3148
6754 1892 2736 1739 2975
6755 1827 1862 2803 2892
6756 1420 1357 2726 2931
6757 1730 2743 1900 2918
6758 1279 2834 1364 3017
6759 1409 1210 1673 2890
6760 334 1609 1544 2896
6761 2891 2895 2690 3060
6762 1563 1655 2925 2990
6763 2624 2851 2758 2897
6764 1294 3018 1622 3088
6765 2676 2606 2993 3092
6766 1912 2707 2961 3117
6767 2735 2877 1587 2973
6768 2608 2862 2812 2901
6769 1717 1725 1743 2650
6770 332 1441 2725 3139
6771 1548 1582 1537 2822
6772 332 2725 1543 3139
6773 1307 2728 1233 2971
6774 2552 3021 2698 3039
6775 1316 2760 1595 3084
6776 2588 2771 2737 3153
6777 1668 1602 1664 2866
6778 2672 2742 2851 3087
6779 1725 2612 1864 2810
6780 2576 3010 2859 3058
6781 1794 1786 2763 3100
6782 2695 2704 2598 3042
6783 1726 2952 2659 3033
6784 2683 2654 2867 3012
6785 2635 2886 2869 3116
6786 1675 1580 2823 2885
6787 1848 1908 1890 2808
6788 2668 2974 2927 3033
6789 2584 2793 2738 2925
6790 2747 2585 2906 2953
6791 1649 1648 1528 2825
6792 1815 1817 1697 2718
6793 2579 2718 2698 3021
6794 942 2709 955 3111
6795 1452 1201 1442 2874
6796 2803 2968 2642 2980
6797 2746 2789 2590 2969
6798 1345 1363 2766 2992
6799 2741 2899 2582 2900
6800 2624 2770 2742 2815
6801 1509 2816 2670 2843
6802 1792 1587 2800 2877
6803 2550 2926 2954 3005
6804 2650 2933 2555 2939
6805 2652 2940 2846 2942
6806 2825 3019 1806 3097
6807 2644 2963 2903 3058
6808 2784 2881 2633 3102
6809 1491 1604 958 2955
6810 2644 3010 2710 3058
6811 2839 2934 2590 3028
6812 1771 2800 2764 3100
6813 2683 3005 2649 3153
6814 2826 3062 2673 3148
6815 1892 1607 2736 2975
6816 2674 2603 2807 3009
6817 1418 2726 2691 2960
6818 1544 2896 1609 2984
6819 2654 2777 2776 3113
6820 1515 2668 1514 2910
6821 2722 2830 2634 3010
6822 2643 2752 2732 3014
6823 2695 2793 2584 3129
6824 1686 1866 1845 2855
6825 1448 1450 2864 2874
6826 1751 1772 1750 2688
6827 1560 2778 1576 3147
6828 1440 1446 1441 2950
6829 2653 2767 2884 3002
6830 2666 2901 2636 2994
6831 1294 3017 1365 3018
6832 2630 2997 2889 3107
6833 2646 3030 2987 3081
6834 2619 2700 2739 2947
6835 2639 3083 3032 3140
6836 2661 2599 2999 3137
6837 1760 1765 2668 3089
6838 2549 2644 2919 2932
6839 2586 2989 2688 3143
6840 1746 2758 1744 2928
6841 1465 2778 3147 3151
6842 2548 2818 2923 3135
6843 2917 2934 2840 3027
6844 982 976 1819 2866
6845 1756 2824 2813 2995
6846 1484 2751 1211 3034
6847 2649 3005 2958 3153
6848 1792 2800 1770 2877
6849 2559 2907 2693 3082
6850 2616 2767 2963 3002
6851 2755 2846 2557 2940
6852 2640 2599 2903 3037
6853 2736 2896 2593 2984
6854 1657 1839 1601 3019
6855 2570 2959 2777 3113
6856 2558 2662 2917 3027
6857 1726 2659 1884 3089
6858 2572 2749 2830 3126
6859 2568 2778 2795 3011
6860 1343 1222 1331 2871
6861 2727 2871 2568 3011
6862 1549 2675 1530 3141
6863 2568 2795 2727 3011
6864 2757 3022 2749 3039
6865 2586 2786 2772 2961
6866 2655 2847 2845 2858
6867 1271 2737 1274 3015
6868 2714 2581 2824 2995
6869 1476 2802 1475 2929
6870 2655 2582 2845 2847
6871 1383 1404 2784 2979
6872 1450 1446 1440 2864
6873 1723 1722 2831 2836
6874 1590 1514 1515 2668
6875 2611 2940 2887 3029
6876 2593 2725 2879 3064
6877 2672 2571 2773 2918
6878 2789 2969 2746 3065
6879 2562 2692 2864 3001
6880 2590 2679 2917 3130
6881 2722 2875 2710 3010
6882 2759 2799 2669 2956
6883 2575 2863 3062 3110
6884 2828 2849 2661 3061
6885 2840 2970 2839 3130
6886 1812 2702 1460 2944
6887 2651 2754 2602 3050
6888 2675 2952 2929 3141
6889 954 2760 951 3105
6890 964 2648 965 2866
6891 2650 2562 2837 3000
6892 2813 2841 2671 3109
6893 1492 2800 2735 2915
6894 1203 1204 1202 2853
6895 1421 1302 1284 3043
6896 2580 2845 2750 3121
6897 1509 1507 2816 2843
6898 2710 2875 2676 3058
6899 2569 2979 2766 3102
6900 1694 1695 1696 2699
6901 2867 2962 2737 3153
6902 2708 2568 2871 3011
6903 2797 2617 2865 3103
6904 1243 1464 1463 3032
6905 1907 2892 2714 3144
6906 1722 1721 1723 2831
6907 1447 2705 2864 3122
6908 1609 1650 2736 2896
6909 2584 2987 3030 3081
6910 1719 1735 2836 2837
6911 1667 2860 1584 3006
6912 2595 2852 2645 2964
6913 2568 2936 2663 2987
6914 1720 2831 1883 2896
6915 2570 2771 2958 3153
6916 2586 2961 2772 2989
6917 2702 2940 2611 3029
6918 2560 2701 2833 3094
6919 1735 1743 1736 2650
6920 1494 1469 1468 3054
6921 2636 2861 2842 2972
6922 2593 2896 2736 2951
6923 1697 1817 1694 2681
6924 1891 1835 1877 3144
6925 2629 1392 2838 2988
6926 2654 2954 2926 3005
6927 2587 2776 2819 2943
6928 1768 2645 1758 2868
6929 1875 1863 1861 2892
6930 2763 2611 2806 3134
6931 1721 2831 1425 3154
6932 1508 1665 1640 2706
6933 2747 2950 2848 3139
6934 1911 1787 1810 3045
6935 1505 1486 2713 2801
6936 1683 2976 1797 3150
6937 1563 2925 1572 2990
6938 947 1299 981 3090
6939 1861 2803 1862 2892
6940 2579 2822 3041 3145
6941 2609 2926 2721 2949
6942 2671 2844 2591 2937
6943 1204 1332 1317 2853
6944 2735 2800 1587 2877
6945 1672 2959 2790 3108
6946 2574 2972 2774 3024
6947 949 2976 1683 3042
6948 2582 2880 2845 2983
6949 1375 2867 1419 3012
6950 2828 2859 3010 3126
6951 2562 2729 2692 3001
6952 1794 2763 1750 3100
6953 1382 1233 1381 2728
6954 1417 1406 1399 2750
6955 2601 2728 2715 2922
6956 1701 2876 2839 3028
6957 1359 1630 1642 2697
6958 1641 2744 2820 2992
6959 1481 1492 2690 2915
6960 2934 3028 2658 3104
6961 1491 958 1604 1596
6962 1463 1244 1243 3140
6963 1539 2916 2756 3120
6964 1526 1537 1624 2875
6965 2594 2721 2720 2920
6966 2634 2916 2875 3010
6967 1534 2795 1591 3011
6968 2624 2742 2770 2851
6969 2548 2923 3133 3135
6970 2696 1913 2946 3136
6971 1530 2822 1533 2929
6972 2563 2780 2733 2905
6973 2659 3033 2668 3089
6974 1834 975 1818 2866
6975 2604 2932 2740 3095
6976 2563 2733 2797 2905
6977 2657 2589 3123 3148
6978 1894 1876 2807 3079
6979 2776 2777 1633 3113
6980 1624 2916 1627 3120
6981 1640 2804 1511 2816
6982 2551 2684 2891 2914
6983 1447 2864 2705 2874
6984 2550 2720 2721 2949
6985 2823 2885 2579 3041
6986 2887 2915 1618 2942
6987 1506 3017 1282 3088
6988 1748 1753 2989 3065
6989 2694 2921 2726 2931
6990 2640 2903 2893 3037
6991 2655 2858 2750 3015
6992 2673 2972 2774 3148
6993 1866 1686 1687 3087
6994 1740 1739 2736 3096
6995 1762 1760 2927 3033
6996 2588 2723 2907 2988
6997 2822 2929 2675 3145
6998 2560 2669 2956 3068
6999 2570 2867 2737 3153
7000 2636 2911 2861 2972
7001 2694 2966 2678 3119
7002 1389 1279 1281 2713
7003 1848 1908 2808 3009
7004 2554 2741 2968 3035
7005 1819 1545 1820 2866
7006 1844 2665 1710 3065
7007 2629 2723 2628 3072
7008 2678 3102 2694 3119
7009 1751 1772 2688 3143
7010 2845 2880 2666 2983
7011 2676 2576 2998 3058
7012 2594 2840 2839 2934
7013 1857 1878 1730 2918
7014 1890 1822 1821 2886
7015 2643 3014 2732 3059
7016 1810 3029 2702 3045
7017 2734 2735 2567 2895
7018 1551 2795 1534 3107
7019 2569 2744 2652 2942
7020 2620 2852 2757 2964
7021 1650 1892 1607 2736
7022 2612 2826 2673 3031
7023 2625 2939 2863 3110
7024 2576 2828 2859 3010
7025 2738 2925 2793 2990
7026 1323 2821 1322 3074
7027 2570 2958 3005 3153
7028 2826 3062 2785 3125
7029 957 2930 2709 3105
7030 1560 1465 2778 3147
7031 1434 1312 1346 2848
7032 1375 1376 1374 3012
7033 2591 2856 2671 2945
7034 1234 1250 1416 2656
7035 965 2648 960 2870
7036 2707 3076 1775 3143
7037 2609 2921 2835 3127
7038 1450 1445 1446 2692
7039 1912 2886 2707 3117
7040 2846 2940 2755 2942
7041 2797 2853 2617 2905
7042 1515 1665 1510 3055
7043 369 1754 1459 2995
7044 2558 2904 2691 3066
7045 1445 2831 1425 2879
7046 2803 3031 1847 3099
7047 1478 1481 1492 2690
7048 2686 2894 2769 3001
7049 1299 947 2717 3090
7050 2587 2766 2755 2819
7051 1905 1845 1867 2855
7052 1913 1881 2696 2946
7053 2654 2867 2777 3113
7054 1367 1336 1369 2647
7055 2959 3063 2664 3108
7056 2584 2663 2738 2987
7057 1343 1300 1356 2717
7058 2683 2962 2838 3098
7059 1805 2825 1804 3006
7060 2840 2917 2679 3130
7061 2590 2768 2746 3128
7062 2639 2708 3032 3151
7063 2859 3010 2644 3058
7064 1183 2602 2626 2680
7065 1474 2669 2832 3101
7066 1835 1837 1863 2689
7067 2604 3033 2974 3095
7068 1661 1659 3032 3083
7069 1301 1327 2708 2871
7070 1424 2831 1720 2896
7071 1541 2756 1539 2986
7072 1573 1576 2738 3147
7073 1817 2718 1799 3026
7074 1458 2995 1459 3124
7075 1353 1352 1354 2676
7076 2772 2786 2586 3080
7077 2783 2993 1246 2998
7078 2591 2671 2937 2945
7079 1524 2929 1517 3141
7080 1775 2886 1822 3076
7081 1730 1902 1900 2743
7082 1441 2950 2725 3139
7083 1563 1574 1572 2925
7084 2567 2895 2735 2915
7085 1240 3098 3012 3127
7086 1350 1349 3008 3015
7087 2548 2796 2912 3115
7088 1882 1913 2696 3136
7089 1486 2745 1485 2794
7090 1886 2764 1461 3029
7091 1453 1454 1455 3083
7092 2707 2961 2586 3143
7093 1505 3017 1506 3088
7094 2606 3052 2733 3077
7095 1761 1762 1760 2927
7096 2698 3021 2621 3039
7097 2675 3041 2822 3145
7098 1520 2697 2804 3046
7099 2591 2844 2671 2856
7100 2609 2960 2573 3066
7101 1292 1330 2661 3061
7102 2865 2923 2577 3103
7103 2681 2718 3021 3022
7104 1511 1520 1630 2697
7105 2572 2699 2740 3095
7106 1355 2680 2626 2691
7107 1380 318 1275 2794
7108 1221 2661 1330 3061
7109 2848 2950 1433 3139
7110 2633 2931 2694 3119
7111 2825 3019 2622 3054
7112 2590 3028 2768 3128
7113 972 2646 948 2717
7114 1394 2784 1404 2820
7115 2677 2555 2933 3125
7116 1750 1749 1751 2989
7117 1619 937 935 3084
7118 1685 1687 1686 2944
7119 2639 2760 3083 3140
7120 2661 3038 2997 3061
7121 2652 2915 2567 3134
7122 1781 1527 1780 2825
7123 1517 1477 1513 3089
7124 333 1543 2725 2984
7125 1554 1553 1631 2792
7126 1530 1548 2822 3041
7127 1527 1781 1528 2825
7128 2627 1633 2959 3113
7129 2809 2810 2610 3096
7130 2602 2679 2680 3152
7131 1584 1667 1647 2860
7132 1880 1850 1801 2716
7133 1400 2733 1411 3077
7134 1559 1565 2795 3086
7135 1771 2764 1793 3100
7136 1860 2898 2844 2937
7137 1675 1599 1580 2885
7138 2590 2746 2969 3128
7139 2588 2907 2838 2988
7140 1662 1541 1232 2756
7141 2835 2921 2587 3073
7142 2766 2819 2587 3073
7143 1465 3147 2902 3151
7144 1332 1413 2733 2853
7145 2639 3081 2708 3151
7146 1866 1867 1845 2855
7147 1232 2756 1541 2986
7148 1839 1782 1800 3019
7149 1683 3042 2976 3150
7150 1897 1886 1461 3029
7151 2610 2965 2677 3125
7152 1523 1480 1521 2710
7153 1473 2877 1471 2973
7154 1525 2710 1521 2875
7155 2577 2656 2857 3101
7156 2809 2826 2612 3031
7157 1471 1473 1504 2877
7158 2702 2557 2940 2941
7159 1695 2681 1817 3026
7160 1221 1330 2661 2999
7161 2770 2815 2624 2876
7162 1872 1868 1702 2876
7163 1755 2714 1909 2995
7164 2792 2829 2614 3123
7165 1359 1360 1412 2697
7166 1529 1662 1353 3120
7167 1619 935 1621 3084
7168 1527 1528 1495 2825
7169 2890 3049 2632 3108
7170 947 1356 1299 2717
7171 1663 1535 1561 2708
7172 1595 2760 1569 3084
7173 1259 1381 1233 3004
7174 1318 2827 1317 3037
7175 2750 2858 2623 3015
7176 2768 2658 3028 3104
7177 2654 2570 2867 3113
7178 1727 1737 3141 3142
7179 951 2760 956 2930
7180 2678 2966 2694 3102
7181 2764 2567 2915 3134
7182 2709 2925 2793 3129
7183 1832 2961 2707 3143
7184 1441 333 332 2725
7185 2694 3102 2633 3119
7186 1841 2594 1700 2711
7187 1663 1535 2708 3069
7188 2633 2979 2784 3102
7189 1296 1329 1236 2727
7190 1407 2835 1340 2878
7191 2604 2927 2974 3033
7192 1556 2777 2776 2878
7193 1837 1835 1836 2689
7194 2617 2923 2818 3135
7195 1368 1369 1337 3016
7196 1412 1413 1303 3043
7197 1861 1773 1847 3031
7198 1286 2766 1288 2979
7199 1221 2661 2947 2999
7200 2604 2740 2699 3095
7201 2573 2691 2626 2904
7202 953 954 1315 2760
7203 1277 2812 1196 2901
7204 2902 3083 1453 3151
7205 1741 1855 1740 2896
7206 2785 2826 2657 3148
7207 2703 2788 2603 3116
7208 2701 2991 2833 3094
7209 2675 3141 1549 3142
7210 1570 1629 2930 3111
7211 2635 2961 2786 3014
7212 1403 2849 1402 2998
7213 1912 2707 1832 2961
7214 1536 1328 2727 3069
7215 1595 1569 1593 3084
7216 1887 2969 2746 3128
7217 1280 2713 1279 3017
7218 2760 2639 3083 3105
7219 2604 2696 2927 3053
7220 1294 1295 1622 3018
7221 2648 2598 2793 2990
7222 1354 2676 1352 3092
7223 2598 2860 2648 2976
7224 1555 2777 2790 2959
7225 1567 1467 1469 2730
7226 1588 1502 1503 2888
7227 1399 2750 2751 3138
7228 2566 2735 2956 2973
7229 1782 2779 1800 3019
7230 2831 2836 2692 3154
7231 1469 2730 1468 3054
7232 1562 1591 1560 3011
7233 1738 1736 1742 2810
7234 1746 1901 1744 2758
7235 2757 2859 2552 3126
7236 1395 2753 2754 2922
7237 2595 2749 2740 2919
7238 1281 1389 2713 2794
7239 2755 2766 2569 2992
7240 3030 3105 971 3129
7241 1419 1372 1371 3047
7242 2619 2947 2739 3038
7243 2822 2823 2579 3041
7244 2624 2897 2758 3051
7245 952 956 951 3084
7246 1231 1232 1230 2756
7247 2832 2843 1479 3101
7248 2637 2906 2747 2913
7249 2606 2993 2783 3058
7250 1212 1483 1211 3034
7251 2651 2602 2715 3036
7252 958 959 940 2955
7253 2573 2629 1339 2838
7254 2606 2903 2780 2963
7255 2655 2845 2750 2858
7256 2699 3033 2604 3095
7257 2585 2729 3001 3064
7258 1802 2716 1589 3079
7259 1286 1288 1404 2979
7260 942 2870 2709 3111
7261 1282 1506 1505 3017
7262 2635 2796 2703 3116
7263 2642 2911 2592 2968
7264 1740 1738 1739 3096
7265 2551 2891 2881 2981
7266 1614 2819 2776 2943
7267 1382 1307 1233 2971
7268 1225 2842 1223 2861
7269 2589 2803 2829 3025
7270 1542 1609 1636 2984
7271 1285 1229 1283 2857
7272 2583 2923 2821 3133
7273 1350 3008 2750 3015
7274 1301 1300 2871 3090
7275 1402 2783 1246 2998
7276 2632 2712 1466 2873
7277 1454 2902 1456 2925
7278 1424 1437 1425 2831
7279 1556 1341 2777 2878
7280 2573 2838 2960 3098
7281 2556 2704 2695 3007
7282 1222 2739 1329 2871
7283 2573 2720 2882 2949
7284 1416 1401 1234 2656
7285 2616 2910 2974 3055
7286 1477 2910 1514 3089
7287 2683 2962 2867 3153
7288 1367 1364 2834 3016
7289 1507 1501 2832 2843
7290 2898 2937 1860 2938
7291 1488 1568 1487 2745
7292 1251 2971 1397 3118
7293 1426 1433 1434 2848
7294 1372 2777 1371 3047
7295 1423 1265 1389 2782
7296 1760 3033 1726 3089
7297 2703 2796 2787 3048
7298 1532 1784 1531 2672
7299 2673 3031 2642 3110
7300 1413 1304 2797 2853
7301 2620 3022 2757 3039
7302 2598 2793 2695 3042
7303 1548 1533 1530 2822
7304 1759 1753 1752 3065
7305 2789 2651 3013 3036
7306 2590 2917 2840 3130
7307 1838 1836 1552 2975
7308 2566 2956 2669 2973
7309 2585 3001 2864 3064
7310 2683 2882 2649 2949
7311 2757 2919 2859 3126
7312 1521 2804 2710 3046
7313 1599 1600 1598 2885
7314 2662 2805 2721 3027
7315 2791 2971 1251 3118
7316 2585 2725 2906 3064
7317 1682 2704 3007 3042
7318 1232 1231 1264 2756
7319 2570 2654 3005 3113
7320 1664 1647 1668 2860
7321 332 333 1543 2725
7322 1234 2857 1229 3075
7323 2665 2969 2789 3065
7324 2619 2967 2947 3039
7325 2589 3025 2774 3148
7326 1267 1323 1268 2991
7327 2770 2851 2742 3087
7328 1606 2657 1592 2965
7329 2616 2910 2802 2974
7330 2575 2861 2911 2972
7331 1821 1713 2703 2886
7332 2763 2764 2611 3134
7333 1793 2764 1786 3100
7334 1343 1356 2700 2717
7335 2602 2715 2679 3152
7336 2726 2960 1415 3127
7337 1738 1736 2810 2951
7338 2733 2893 2606 3077
7339 2613 2787 2796 3048
7340 2981 3036 2715 3149
7341 2746 2763 2638 3065
7342 2622 2885 2730 3054
7343 1601 1598 1600 3019
7344 1269 1307 1408 2701
7345 1461 2764 1669 2887
7346 1794 1793 1786 3100
7347 2699 2868 1696 2982
7348 2608 2862 2901 3024
7349 2600 2791 2701 3060
7350 1509 2670 1496 2843
7351 2658 2815 2770 2876
7352 2632 2873 1457 3124
7353 2710 3010 2875 3058
7354 1781 2825 1780 3019
7355 2667 2861 2636 2911
7356 2586 2961 2989 3143
7357 1479 2843 1496 2857
7358 2828 2997 2661 3038
7359 2552 2997 2828 3038
7360 2549 2780 2903 2963
7361 2746 2969 1887 3065
7362 2593 2896 2879 2984
7363 2606 2676 2993 3058
7364 1503 1588 2716 3079
7365 2946 2996 2868 3053
7366 1368 3016 1337 3018
7367 2572 2830 2749 3145
7368 2555 2650 2939 3000
7369 1901 1856 1853 2758
7370 1750 1748 1749 2989
7371 2632 3063 2890 3108
7372 2585 2894 2705 3001
7373 1404 1394 1383 2784
7374 2594 2840 2934 3027
7375 2764 2915 2887 3134
7376 2997 3038 2739 3061
7377 1802 1880 1801 2716
7378 1251 1408 1397 2971
7379 2577 2857 2843 3101
7380 2704 3097 2854 3106
7381 2831 2879 2593 2896
7382 2552 3020 2830 3126
7383 1530 1666 1548 3041
7384 1708 1707 1667 3006
7385 2589 2774 2829 3123
7386 1637 2801 1635 2965
7387 1477 1476 1480 2802
7388 1275 1483 1212 3034
7389 2549 2919 2740 2932
7390 2786 2787 1712 3117
7391 2841 3040 2632 3124
7392 2597 2977 2627 3114
7393 1781 1806 2825 3019
7394 2749 2757 2552 3126
7395 2601 2561 2753 2754
7396 1594 1333 1595 3084
7397 2824 2937 2671 2945
7398 1181 2625 289 2837
7399 1867 1866 1871 2770
7400 1458 1632 369 2995
7401 2787 3070 2613 3112
7402 2701 2560 2817 3060
7403 1588 1515 1510 3055
7404 2769 2906 2585 2953
7405 2686 2769 3000 3001
7406 2705 2874 2864 3001
7407 2640 2827 2599 3037
7408 2606 3077 2993 3092
7409 1193 2909 1395 2922
7410 2750 2845 2580 2858
7411 2817 2891 2684 2914
7412 2840 2558 2917 3027
7413 1631 2872 2792 3144
7414 2685 2753 2752 3070
7415 2721 2904 2594 3027
7416 1451 1450 1448 2874
7417 1681 3042 1683 3150
7418 1751 2688 2989 3143
7419 1790 2928 2711 3051
7420 1570 1593 1569 2930
7421 1378 2935 2737 2962
7422 1727 1816 1737 3142
7423 1354 1358 1522 3092
7424 1819 1873 982 2866
7425 2617 2923 2865 3103
7426 2594 1841 2839 3132
7427 2715 3004 2633 3152
7428 1706 1707 1708 3006
7429 1372 1375 1384 2867
7430 2551 3013 2914 3036
7431 2550 2954 2687 3114
7432 1508 1510 1665 2706
7433 1518 1670 1459 2607
7434 2785 2801 2637 3091
7435 1906 1904 3028 3128
7436 1642 2697 1520 3046
7437 1569 1595 1463 2760
7438 2556 2704 2854 3106
7439 1577 980 1578 969
7440 1820 1546 1545 1819
7441 2869 2886 2603 3116
7442 2931 3004 2680 3152
7443 1802 1880 2716 3079
7444 1796 1828 1820 2866
7445 1536 1551 1534 2727
7446 1290 1420 1415 2921
7447 1559 2795 1565 3107
7448 1846 1845 1905 2855
7449 1525 1521 2710 3046
7450 1360 2697 1359 3092
7451 1384 2737 1271 3057
7452 2730 2885 2622 3078
7453 1360 3077 2697 3092
7454 2711 2928 2559 3051
7455 2553 2762 2771 2957
7456 2724 3076 2707 3143
7457 2709 2902 2584 3129
7458 2740 2919 2644 2932
7459 1433 331 330 3139
7460 2773 2959 1645 3063
7461 2599 2903 2859 2919
7462 1652 2870 1653 2955
7463 1241 1415 2960 3127
7464 1716 1717 2837 2939
7465 2819 2878 2587 3073
7466 2685 3074 2821 3133
7467 1899 1901 1900 2743
7468 2676 2998 2576 3120
7469 2902 2639 3083 3151
7470 1618 1481 1482 2690
7471 2838 2962 1396 3098
7472 1903 2699 1695 2952
7473 1398 1196 1198 2994
7474 2550 2815 2742 3114
7475 2558 2726 2805 3066
7476 2607 2632 3063 3124
7477 1717 2650 1735 2837
7478 1291 2931 1290 2979
7479 1619 1621 1594 3084
7480 1437 335 334 2896
7481 1245 2835 1407 2921
7482 955 963 941 3111
7483 1864 2809 1885 2810
7484 1477 1475 1476 2802
7485 1285 1302 1219 2865
7486 2777 2867 2570 3113
7487 1640 1516 1523 2804
7488 2573 2720 2721 2920
7489 2598 3042 2704 3150
7490 1872 1702 1871 2876
7491 334 333 1436 2879
7492 2603 2886 2703 3116
7493 1661 1453 3083 3151
7494 1466 2632 1457 2890
7495 2576 2875 2916 3010
7496 1269 1270 2909 2991
7497 1641 2942 2744 2992
7498 1531 1646 2672 2977
7499 1558 2944 2941 2977
7500 2573 2721 2720 2949
7501 1697 2621 3022 3023
7502 1756 1691 2813 2824
7503 1367 1239 1336 2647
7504 2607 2841 2813 3109
7505 2617 3133 2923 3135
7506 1416 1638 1651 2656
7507 2560 2956 2895 3068
7508 1183 1355 2602 2680
7509 1825 2837 2836 2850
7510 1483 1275 318 2794
7511 1587 1843 1792 2800
7512 976 975 974 2866
7513 1820 1545 1602 2866
7514 2786 2635 3112 3117
7515 1225 1223 1224 2861
7516 962 2695 2646 3030
7517 1385 1388 1338 2894
7518 2641 2937 2824 2945
7519 1844 2969 2665 3065
7520 1435 2848 1430 3122
7521 2609 2683 2949 3098
7522 2601 2754 2753 2922
7523 1575 1560 1576 3147
7524 1289 2921 1407 3073
7525 2715 2754 2601 2922
7526 1364 2834 3016 3017
7527 2687 2941 2597 2977
7528 2685 2752 2613 3070
7529 1372 1373 2777 2790
7530 1691 1893 2813 3109
7531 1565 2795 1551 3107
7532 2863 2939 2555 3062
7533 2620 2967 2719 3039
7534 1774 3076 2724 3143
7535 2600 2701 2817 3060
7536 1205 2754 2715 2922
7537 1730 1734 1902 3109
7538 2632 3040 2873 3124
7539 1716 1725 1717 2939
7540 1911 1810 2702 3045
7541 2703 2946 2565 3048
7542 3021 3022 2621 3039
7543 2564 2974 2668 3055
7544 1491 1652 1604 2955
7545 1506 1282 1294 3088
7546 1773 1864 1725 2612
7547 2735 2895 2734 2956
7548 1473 1876 1504 2877
7549 2615 2730 3078 3086
7550 2702 1460 2940 3029
7551 1420 1263 1357 2931
7552 1218 1304 1209 2853
7553 2579 2885 2779 3041
7554 1540 2889 1538 2916
7555 1292 2661 1330 3137
7556 2981 3149 2715 3152
7557 1236 2739 1222 3061
7558 1794 1748 1750 2763
7559 2669 2956 2735 2973
7560 1802 1590 1801 1764
7561 1488 1486 1592 2745
7562 2715 2981 2914 3036
7563 1807 2718 1815 2854
7564 1865 2844 1858 3056
7565 1300 1343 1331 2871
7566 1300 1299 2717 3090
7567 1378 1375 1374 2962
7568 1340 2878 2835 3047
7569 2552 2830 3021 3126
7570 2651 2715 2602 2754
7571 1445 2692 1450 3154
7572 1478 3068 2669 3101
7573 1448 2864 1447 2874
7574 1329 2871 2727 3069
7575 1657 2779 1583 3142
7576 2678 2881 3102 3149
7577 1198 2880 2666 3121
7578 2757 2852 2599 2919
7579 1832 2707 1775 3143
7580 2622 3019 2825 3097
7581 1563 1660 1655 2990
7582 2583 2799 2923 3044
7583 1621 1333 1594 3084
7584 2726 2609 2960 3127
7585 1512 1497 1509 2670
7586 1281 1674 1380 2794
7587 1789 1759 3045 3128
7588 2947 3038 2619 3039
7589 2687 2597 2978 3114
7590 1581 1470 1559 2889
7591 1703 2787 2786 3050
7592 2707 2886 2635 3117
7593 1878 1532 1518 2773
7594 1374 1396 2962 3098
7595 1736 1724 1735 2951
7596 2752 2613 3112 3115
7597 2685 2583 3074 3133
7598 1784 1857 1852 2672
7599 2606 2893 2783 2993
7600 2647 3016 2834 3091
7601 2564 2884 2706 2888
7602 2575 2647 2863 2948
7603 1345 1341 313 2819
7604 1371 2878 1340 3047
7605 1775 1832 1912 2707
7606 2549 2644 2903 2919
7607 1837 1838 1885 3096
7608 1368 3017 3016 3018
7609 1315 954 1321 2760
7610 2645 2775 2565 2924
7611 1699 1737 1549 3141
7612 1227 1323 1228 3075
7613 2669 2832 2759 2973
7614 2935 2962 1414 2988
7615 1750 2688 1772 3100
7616 1905 1789 3045 3128
7617 1424 1855 335 2896
7618 2749 3021 2830 3126
7619 1422 2835 3012 3047
7620 1639 1393 1671 2820
7621 2927 3033 2604 3053
7622 2760 2930 951 3105
7623 1525 1529 2676 3120
7624 1554 1592 1606 2689
7625 1496 1509 1497 2670
7626 2625 2814 1181 2985
7627 2558 2679 3119 3152
7628 2639 3105 2760 3140
7629 2757 2749 2919 3126
7630 1354 1352 1379 3092
7631 2632 1457 3063 3124
7632 2755 2819 2766 2992
7633 1820 345 1546 1819
7634 1657 1600 1583 2779
7635 1454 1655 1571 2870
7636 1589 2716 1588 3079
7637 1847 3031 1773 3099
7638 2611 2887 2764 3029
7639 1746 2758 2928 3051
7640 2637 2913 2747 3088
7641 2554 2774 2829 3025
7642 2733 2853 2797 2905
7643 1817 1695 1694 2681
7644 2636 2861 2667 2994
7645 2645 2868 1768 2946
7646 1247 2893 1248 2993
7647 1615 2941 2943 2977
7648 2917 2934 2662 3104
7649 1633 2627 1646 2977
7650 1357 2691 1418 2726
7651 2637 2677 2906 2913
7652 2881 2633 3102 3149
7653 942 957 955 2709
7654 2585 2950 2725 3064
7655 2776 2627 2954 3113
7656 1845 1846 1684 2855
7657 1478 1638 1482 2690
7658 2825 3054 2622 3097
7659 2796 3112 2613 3115
7660 2710 2963 2644 3058
7661 1804 2825 1803 3006
7662 2623 2751 2750 3138
7663 2941 2944 2597 2977
7664 2828 2552 2859 3126
7665 973 1596 958 967
7666 1786 1788 1794 2763
7667 1451 1443 1432 2850
7668 2556 2719 2854 3007
7669 2633 2981 2715 3152
7670 2902 3147 2778 3151
7671 1452 1444 1438 2705
7672 2827 2999 2599 3037
7673 1239 1367 1266 2842
7674 1376 1374 3012 3098
7675 2851 2918 2672 3087
7676 2750 3008 2655 3015
7677 2589 2829 2774 3025
7678 1433 2848 1435 2950
7679 1366 2784 1394 3118
7680 2552 3038 2757 3039
7681 3016 3017 2834 3091
7682 2599 2827 2640 2852
7683 1548 1537 1533 2822
7684 1792 1843 1770 2800
7685 1691 1688 1865 2937
7686 2709 2930 3083 3105
7687 2576 2756 2916 3120
7688 2583 2821 2731 2991
7689 1856 2758 1746 3051
7690 2860 3006 1706 3150
7691 2584 2925 2709 3129
7692 1539 1627 2916 3120
7693 2786 2961 2635 3117
7694 2606 2963 2710 3058
7695 1771 1886 2764 2800
7696 2643 2956 2734 3059
7697 2648 2860 2598 2990
7698 1561 3011 1562 3151
7699 953 2760 1315 3084
7700 1667 1707 1668 2860
7701 1267 1228 1323 2731
7702 1458 2872 1632 2995
7703 1723 2850 2836 3154
7704 1376 3012 1240 3098
7705 2564 2883 2884 2888
7706 1495 3019 2825 3054
7707 1783 3026 2779 3142
7708 2582 2723 3071 3072
7709 1875 1877 1835 2892
7710 1657 1782 2779 3142
7711 2599 2783 2903 3037
7712 345 1546 1545 1820
7713 1834 1818 1828 2866
7714 2788 2808 2696 3136
7715 2662 2934 2917 3027
7716 2565 2788 2703 2796
7717 1327 1326 2708 3069
7718 1345 1288 1287 2766
7719 1845 1684 1686 2855
7720 1352 1246 2993 2998
7721 1603 2866 1545 2955
7722 2752 2643 3044 3115
7723 2548 3115 2869 3116
7724 1848 1890 1851 2808
7725 1552 2689 1606 2975
7726 1519 1517 1513 3089
7727 1390 1201 2705 2814
7728 2564 2716 2888 3055
7729 372 1607 1838 2975
7730 1831 1762 1830 3033
7731 2772 2989 1710 3065
7732 307 1283 1497 1284
7733 1743 1735 1717 2650
7734 1405 1394 1404 2820
7735 2881 2981 2633 3149
7736 1317 2893 1247 3037
7737 1737 1549 3141 3142
7738 2696 2604 2996 3053
7739 1282 1365 1294 3017
7740 1252 2861 1253 2948
7741 2814 3000 2562 3001
7742 1703 2761 2787 3050
7743 1424 335 1437 2896
7744 1850 1848 1849 2808
7745 1457 2632 1672 2890
7746 2618 2706 2884 2888
7747 1407 2878 1342 3073
7748 1306 1299 3090 3140
7749 1696 1694 2699 2982
7750 975 974 2866 2955
7751 1298 1550 1296 2986
7752 1535 1562 1561 3011
7753 1471 1504 1503 2674
7754 335 1855 1608 2896
7755 2649 2882 2720 2949
7756 1304 1219 1303 2797
7757 1222 1236 1329 2739
7758 1495 2825 1493 3054
7759 2644 2859 2919 3126
7760 1896 1894 2807 3009
7761 1316 1315 2760 3084
7762 1552 372 1838 2975
7763 1564 2819 2943 2992
7764 1755 2714 2995 3144
7765 2757 2827 2620 2999
7766 1773 1725 1769 2612
7767 1474 2669 1472 2973
7768 1571 2870 1652 3111
7769 2639 2708 3081 3090
7770 1521 1480 1526 2710
7771 1583 2779 1600 3041
7772 1274 2737 2935 3015
7773 2701 2909 2833 2991
7774 2723 2588 2935 2988
7775 1292 1235 1330 3061
7776 2620 2596 2827 2852
7777 2567 2764 2800 3100
7778 2639 3032 2708 3090
7779 1412 1360 1411 3077
7780 2735 2566 2877 2973
7781 1742 1864 1885 2810
7782 1741 1739 1892 2736
7783 2600 2971 2791 3118
7784 1295 1337 2953 3018
7785 2737 2962 2588 3153
7786 1380 1485 318 2794
7787 1419 1375 1372 2867
7788 1388 1311 1338 2953
7789 2813 2824 2581 2995
7790 1215 2667 2880 2900
7791 1651 2656 1478 3101
7792 943 2719 2620 2967
7793 2576 2849 2756 2998
7794 2599 3037 2999 3137
7795 1790 2928 1745 3082
7796 1274 2737 1378 2935
7797 1344 1310 944 2827
7798 2630 2997 2739 3061
7799 1377 1414 2962 2988
7800 1851 2808 1890 3136
7801 2871 3011 2727 3069
7802 2614 2829 2774 3123
7803 2549 2903 2852 2919
7804 1872 1871 1854 2770
7805 1814 2704 1803 3097
7806 1747 1744 1910 2928
7807 2628 2582 2899 3072
7808 1252 2842 1225 2861
7809 1479 2843 2857 3101
7810 1651 1401 2656 2857
7811 2931 3119 2633 3152
7812 1569 1455 2930 3083
7813 1905 1789 1911 3045
7814 2586 2732 3013 3080
7815 1271 1384 1274 2737
7816 1856 1901 1746 2758
7817 940 941 966 3111
7818 2594 2904 2840 3027
7819 2599 2859 2783 3137
7820 2654 2776 2954 3113
7821 2715 3149 3036 3152
7822 1333 1316 1595 3084
7823 2821 3074 2583 3133
7824 2635 2787 2796 3112
7825 1639 1671 1641 2820
7826 1447 1435 1430 3122
7827 1572 1573 1566 2738
7828 2774 3025 2673 3148
7829 2617 2821 2923 3133
7830 1376 1375 1419 3012
7831 1539 1540 1538 2916
7832 949 2793 960 2976
7833 2581 2995 2873 3124
7834 2570 3057 2790 3108
7835 2618 2884 2883 2888
7836 2560 3060 2701 3094
7837 1631 1488 1554 2792
7838 1754 1729 1459 2813
7839 1854 2851 2770 3087
7840 1346 1426 2848 3122
7841 1525 1521 1526 2875
7842 2552 3021 2749 3126
7843 2784 2820 1394 3118
7844 1252 2842 2861 2948
7845 2652 2846 2569 2942
7846 1618 2744 1641 2942
7847 1909 2714 1755 3144
7848 1581 1540 1625 2889
7849 2569 2846 2755 2942
7850 2592 2899 2898 2938
7851 1313 1213 2723 3072
7852 1819 1820 1818 2866
7853 1255 2947 1310 2999
7854 1705 1714 2703 3048
7855 1796 1668 1707 2860
7856 1854 2770 1866 3087
7857 2621 2719 943 3093
7858 1415 2726 1418 2960
7859 2714 2892 2792 3144
7860 1438 2705 1447 3122
7861 1637 2657 1486 2801
7862 1422 1340 1407 2835
7863 1806 1781 2825 3097
7864 1798 1804 1803 3006
7865 1274 2935 1349 3015
7866 1588 1510 1502 2888
7867 2581 2841 2813 3124
7868 2586 2786 2961 3014
7869 1394 1366 1383 2784
7870 1565 1591 1534 2795
7871 2807 3009 1894 3079
7872 2646 946 2719 3007
7873 2602 2680 2715 3152
7874 975 2866 965 2955
7875 1878 1784 1532 2672
7876 2778 2708 3081 3151
7877 1759 2746 1887 3065
7878 1840 1888 1906 2839
7879 2708 3011 2871 3069
7880 1645 1532 1646 2773
7881 1672 3063 2959 3108
7882 1297 1296 1236 2986
7883 1520 1642 1630 2697
7884 1598 1601 1557 3019
7885 2753 2909 1324 3074
7886 2595 2964 2645 2982
7887 1681 1683 1797 3150
7888 2593 2879 2725 2984
7889 1691 1893 1756 2813
7890 2947 2999 2661 3038
7891 293 1595 1594 1333
7892 2609 3012 2683 3098
7893 2565 2645 2946 2996
7894 2717 3081 2708 3090
7895 2687 2954 2776 2977
7896 2661 2739 3038 3061
7897 2645 2924 2565 2946
7898 2612 3031 2673 3110
7899 2614 2774 2745 3123
7900 2609 2721 2805 3066
7901 1486 1487 1485 2745
7902 1720 1425 1721 2831
7903 2608 2901 2782 3024
7904 1335 2783 1402 3137
7905 2776 2954 2627 2977
7906 2868 2996 2604 3053
7907 1399 1278 1276 2812
7908 2633 3004 2931 3152
7909 1738 2951 2810 3096
7910 2750 2845 2655 3008
7911 1286 1287 2766 3073
7912 1557 3019 1495 3054
7913 1688 1860 2844 2937
7914 2683 2588 2962 3153
7915 1280 1279 1364 3017
7916 2552 2830 3020 3021
7917 1552 1607 372 2975
7918 953 951 954 2760
7919 2611 2764 2887 3134
7920 1357 1262 2680 3004
7921 1636 2736 1607 2975
7922 1524 1475 1517 2929
7923 960 2648 964 2976
7924 1445 1425 1436 2879
7925 1642 1358 1359 3092
7926 964 975 1834 2866
7927 2635 2869 3115 3116
7928 2656 2791 3060 3094
7929 2772 3013 2651 3080
7930 2734 2895 2684 3059
7931 1838 2975 1739 3096
7932 2599 2859 2757 2919
7933 2587 2819 2776 2878
7934 2679 2715 2602 3036
7935 1453 1456 1454 2902
7936 1751 1774 1772 3143
7937 1271 3015 1272 3138
7938 1491 958 1596 967
7939 2579 2823 3020 3078
7940 1903 1696 1695 2699
7941 2594 2904 2721 2920
7942 1889 1821 2703 3136
7943 2556 2854 2704 3007
7944 1356 1300 1299 2717
7945 1784 2672 1852 3087
7946 2750 3008 1350 3121
7947 2679 3036 2602 3130
7948 944 2620 2596 2827
7949 1774 1770 1772 2724
7950 2747 2913 2725 3139
7951 1478 2669 1474 3101
7952 1609 1650 1636 2736
7953 1267 1268 1269 2991
7954 1540 1624 1625 2916
7955 1248 2893 1400 3077
7956 1672 2890 2632 3063
7957 1366 1397 2971 3118
7958 369 1459 1458 2995
7959 1330 2661 2999 3137
7960 2836 2837 2562 2850
7961 2656 3060 2791 3068
7962 2679 3036 3149 3152
7963 981 971 947 3105
7964 1789 1759 1788 3045
7965 1416 1651 1401 2656
7966 2573 2691 2904 3066
7967 1551 1565 1534 2795
7968 2719 2967 2619 3039
7969 1258 2791 1251 3118
7970 1505 1506 1643 3088
7971 1340 2835 1422 3047
7972 1637 2657 2801 2965
7973 1590 1588 1589 2716
7974 2667 2592 2911 2968
7975 1814 1678 2704 2854
7976 1624 1540 1627 2916
7977 2625 2814 2686 3000
7978 1534 3011 1535 3069
7979 1285 2865 1227 3075
7980 1603 1545 1604 2955
7981 2595 2757 2749 2919
7982 2620 2827 1310 2999
7983 1760 1726 1884 3089
7984 2749 2757 2595 3022
7985 1539 1541 1662 2756
7986 1505 1486 1485 2794
7987 1559 1565 1551 3107
7988 1767 1881 2946 3053
7989 2697 2804 3046 3052
7990 2626 2680 2840 2904
7991 2830 3021 2749 3145
7992 1490 966 1656 1491
7993 2650 2933 2810 2951
7994 2548 3133 2912 3135
7995 1474 2832 1479 3101
7996 2738 2925 1574 3147
7997 1827 1907 1862 2892
7998 2623 3049 2890 3108
7999 1502 1471 2674 2832
8000 1398 1265 1423 2901
8001 953 951 2760 3084
8002 1876 1779 1894 2807
8003 1517 1519 1524 3141
8004 2778 3011 2708 3151
8005 1319 2781 1204 2827
8006 1838 1836 372 1552
8007 1783 1816 3026 3142
8008 2745 3123 2774 3148
8009 966 1578 980 969
8010 1656 1571 1652 3111
8011 2747 3018 2637 3088
8012 1215 1214 1226 2667
8013 972 2717 947 3030
8014 948 2700 1356 2717
8015 1637 1592 2657 2965
8016 1683 1682 232 3042
8017 1468 2730 1467 3086
8018 1327 2708 2871 3069
8019 1333 935 1621 1334
8020 2747 2906 2725 2913
8021 1705 2787 2703 3117
8022 1509 1511 1512 2816
8023 1314 2760 1321 3140
8024 1621 935 1333 3084
8025 1290 1289 1286 2921
8026 2701 3060 2791 3094
8027 1649 1708 1667 3006
8028 2681 2749 3021 3145
8029 2803 2980 2642 3099
8030 1470 1581 1580 2823
8031 2792 2872 2714 3144
8032 1477 1480 1516 2910
8033 2642 2980 2968 3146
8034 2664 2773 2607 3063
8035 1200 1438 1348 3122
8036 1271 3057 3015 3138
8037 1478 1472 1474 2669
8038 2645 2775 2596 2852
8039 1766 1768 1758 2868
8040 1701 1874 2876 3028
8041 2589 2803 3025 3031
8042 2556 2663 2936 2987
8043 1181 2625 2837 3067
8044 1871 1866 1854 2770
8045 1839 1780 1527 3019
8046 1725 1864 1743 2810
8047 1421 1359 1412 3043
8048 2582 2880 2667 2900
8049 2615 2698 3020 3078
8050 1345 312 1363 2992
8051 1516 1665 1515 2910
8052 2725 2913 1543 3139
8053 1329 2727 1328 3069
8054 1528 1781 1805 2825
8055 2875 3010 2576 3058
8056 1693 2982 1758 3023
8057 1337 1311 1295 2953
8058 2612 1725 2748 2939
8059 1435 2864 1440 2950
8060 1245 2921 1415 3127
8061 2912 2548 3044 3133
8062 2737 2935 2588 2962
8063 1712 1833 2772 2961
8064 2569 2881 2784 3102
8065 2654 2867 3012 3047
8066 1774 1775 3076 3143
8067 1483 318 1485 2794
8068 1495 1648 1493 2825
8069 1788 1752 1794 2763
8070 2637 3017 3016 3091
8071 2764 2887 1461 3029
8072 2993 3077 1248 3092
8073 2575 2861 2842 2948
8074 1860 2937 1690 2938
8075 1738 2810 1742 3096
8076 2777 2959 1633 3113
8077 2573 2626 1178 2920
8078 1897 1786 2764 3029
8079 2628 2907 2762 2957
8080 1221 1330 1235 3061
8081 2782 2901 2636 3024
8082 1281 1279 1280 2713
8083 1483 1484 1211 3034
8084 1247 2893 2783 3037
8085 2692 2562 2864 2874
8086 1277 1278 1196 2812
8087 1683 949 1813 2976
8088 1541 1539 1538 2986
8089 966 1656 1578 1490
8090 1331 1222 1329 2871
8091 2736 2975 2610 3096
8092 957 971 3105 3129
8093 1320 1369 1336 2686
8094 2852 2903 2599 2919
8095 1458 1457 2873 3124
8096 2725 2913 2677 2984
8097 2575 2911 2673 2972
8098 2834 3017 2713 3091
8099 1899 1900 1902 2743
8100 1479 1496 1498 2857
8101 2576 2916 2875 3120
8102 1814 1681 1803 2704
8103 1601 1839 1527 3019
8104 1550 299 1296 1536
8105 1497 1283 307 1498
8106 1346 2848 1388 3122
8107 2579 2830 2822 3145
8108 1352 1351 1246 2998
8109 1270 1307 1269 2909
8110 1306 1321 1299 3140
8111 1778 2665 2969 2970
8112 1799 2779 1783 3026
8113 1301 1327 1326 2708
8114 1301 1300 1327 2871
8115 346 1820 1602 1796
8116 1474 2832 2669 2973
8117 1742 1743 1864 2810
8118 1681 2704 1682 3042
8119 1573 1574 1576 3147
8120 1644 2913 2747 3139
8121 1348 1438 1431 3122
8122 1377 1374 1396 2962
8123 1640 1520 1511 2804
8124 1403 1402 1351 2998
8125 1198 2666 2880 2994
8126 2836 2850 2692 3154
8127 1621 1619 1620 935
8128 2561 2754 2651 3050
8129 1712 2961 2786 3117
8130 980 1577 938 969
8131 1853 2851 1854 3087
8132 1314 1315 1321 2760
8133 2666 2880 2845 3121
8134 2721 3027 2805 3066
8135 2845 2880 2582 3008
8136 2592 2741 2899 2938
8137 1892 1739 1838 2975
8138 1384 1410 1372 3057
8139 1238 1349 2723 3071
8140 1794 1752 1748 2763
8141 1536 1534 1535 3069
8142 2703 2796 2788 3116
8143 1650 1607 1636 2736
8144 1663 1305 1326 3032
8145 964 965 975 2866
8146 2813 2995 2581 3124
8147 1308 2999 2827 3037
8148 2623 3015 2737 3057
8149 2590 2969 2789 3130
8150 2626 2691 2680 2904
8151 2752 3014 2643 3115
8152 1305 1663 1464 3032
8153 1778 2665 1844 2969
8154 2760 3083 2930 3105
8155 1252 1239 1225 2842
8156 1524 1530 2929 3141
8157 1289 1245 1407 2921
8158 2590 2789 2679 3130
8159 1479 2832 1501 2843
8160 1222 2739 1221 3061
8161 1183 1355 1205 2602
8162 1706 3006 1798 3150
8163 2564 2888 2706 3055
8164 1913 2703 1714 3048
8165 288 2748 2592 3146
8166 2569 2766 2820 2992
8167 2868 2946 2645 2996
8168 2639 2902 3081 3151
8169 2579 2885 2823 3078
8170 1458 2873 2872 2995
8171 965 960 959 2870
8172 955 956 963 2930
8173 1849 1848 1851 2808
8174 1762 1849 1882 2927
8175 2880 2900 2582 3071
8176 1878 1857 1784 2672
8177 2938 2980 1731 3146
8178 1494 1468 1598 2885
8179 1635 1543 1542 2984
8180 2723 1213 3071 3072
8181 935 1619 1620 937
8182 1815 2621 1677 2854
8183 2569 2820 2744 2992
8184 2656 3060 3068 3094
8185 2555 2785 3062 3125
8186 1216 2685 1257 3074
8187 1880 3009 2716 3079
8188 1675 1548 1599 3041
8189 1652 1655 1653 2870
8190 1367 1364 1266 2834
8191 1310 2620 944 2827
8192 1350 1274 1349 3015
8193 1244 1314 1243 3140
8194 2609 2726 2960 3066
8195 2552 3020 2698 3021
8196 2569 2744 2942 2992
8197 1430 2848 1426 3122
8198 1558 1460 2941 2944
8199 2603 2788 2883 3116
8200 1684 1686 2855 2944
8201 1644 2747 1622 3139
8202 2813 2841 2607 3124
8203 2642 3099 2980 3146
8204 2646 2700 2619 2967
8205 1583 2779 3041 3142
8206 1468 1467 1470 3086
8207 1912 1822 1775 2886
8208 1269 1268 1270 2991
8209 1887 1888 2969 3128
8210 1606 1552 1554 2689
8211 1714 1713 1705 2703
8212 1841 2594 2711 3132
8213 1573 2738 1574 3147
8214 1742 1736 1743 2810
8215 1859 2693 1747 2844
8216 1472 2735 1587 2973
8217 1251 1250 1408 2791
8218 1238 1349 1391 2723
8219 951 2930 956 3105
8220 1882 1762 2927 3053
8221 1535 1326 1325 3069
8222 1585 1647 1660 2990
8223 1396 1361 2838 3098
8224 1311 1346 1312 2848
8225 2968 2980 2938 3146
8226 2558 2805 3027 3066
8227 1465 2902 1453 3151
8228 1231 1403 1351 2998
8229 1637 1643 1635 2801
8230 330 331 1622 3139
8231 1905 3028 1904 3128
8232 1774 1776 2724 3076
8233 1740 1739 1741 2736
8234 1669 2800 1492 2915
8235 1492 1472 1478 2735
8236 962 2695 3030 3129
8237 2597 2941 2855 2944
8238 1507 1501 1502 2832
8239 1443 2850 1451 2874
8240 1887 2746 1759 3128
8241 2590 2934 2917 3104
8242 1906 1888 1904 3128
8243 2755 2569 2942 2992
8244 1883 1740 1855 2896
8245 1883 1720 1722 2831
8246 1663 1326 1535 3069
8247 975 965 974 2955
8248 1667 1668 1647 2860
8249 2572 2740 2932 3095
8250 2756 2576 2998 3120
8251 1296 1328 1329 2727
8252 1522 1358 1642 3092
8253 948 2700 2646 2967
8254 2840 2904 2558 3027
8255 1324 1257 2753 3074
8256 293 1595 1333 1316
8257 1461 1669 1616 2887
8258 2679 2715 3036 3152
8259 1286 1291 1290 2979
8260 2716 3009 2674 3079
8261 1856 1872 1854 2851
8262 310 1249 1639 1638
8263 1880 1894 3009 3079
8264 1522 1642 3046 3092
8265 1771 1843 1886 2800
8266 1606 2965 1636 2975
8267 957 2709 961 3129
8268 2602 2626 2680 2840
8269 1444 1447 1438 2705
8270 1232 1264 301 1662
8271 1336 2647 1239 2948
8272 1371 1556 1341 2777
8273 1895 2807 1779 3076
8274 1315 1314 1316 2760
8275 1602 1603 1664 2866
8276 1522 3046 2676 3092
8277 2729 2562 3000 3001
8278 942 960 961 2870
8279 1454 1563 1655 2925
8280 1766 1696 1785 2868
8281 1795 2976 2860 3150
8282 1889 1890 1821 3136
8283 1855 1424 1720 2896
8284 1426 1430 1433 2848
8285 947 948 1356 2717
8286 2872 2995 2714 3144
8287 1345 2819 1614 2992
8288 2835 2921 1245 3127
8289 1816 1695 1817 3026
8290 1857 1853 1852 2918
8291 1637 1592 1486 2657
8292 333 1544 1543 2984
8293 1263 2931 1261 3004
8294 2588 2838 2962 2988
8295 2642 3025 2803 3031
8296 1258 1249 1639 310
8297 1547 973 976 977
8298 2560 2895 3060 3068
8299 1727 1726 2952 3141
8300 1770 1779 1792 2877
8301 2573 2721 2904 2920
8302 1372 1410 1373 2790
8303 1774 1776 1770 2724
8304 1609 1608 1650 2896
8305 1318 1319 1317 2827
8306 1350 1272 3015 3138
8307 2673 2911 2575 3110
8308 2734 2956 2895 3059
8309 1861 1862 1875 2892
8310 1430 1435 1433 2848
8311 1876 1473 1792 2877
8312 1672 2632 1457 3063
8313 2619 2739 2997 3038
8314 1350 3015 2750 3138
8315 1250 1249 1416 2791
8316 1785 1830 1767 3053
8317 1615 2776 1633 2977
8318 1535 1325 1536 3069
8319 1857 1730 1900 2918
8320 1587 2735 1492 2800
8321 2579 3020 2698 3078
8322 1248 2993 2893 3077
8323 1471 2674 2832 2973
8324 1756 2813 1754 2995
8325 1847 1862 1861 2803
8326 1560 1561 1562 3151
8327 1714 2703 1913 3136
8328 318 1212 1275 1483
8329 1457 1459 3063 3124
8330 1478 1651 1638 2656
8331 1848 1880 1908 3009
8332 2646 2619 2719 2967
8333 1708 1798 1706 3006
8334 1584 1649 1667 3006
8335 1377 2962 1396 2988
8336 1513 1477 1514 3089
8337 2587 2878 2835 3073
8338 2561 2752 3014 3080
8339 1525 1529 1522 2676
8340 945 3007 949 3042
8341 2639 3081 2717 3090
8342 1768 2868 1767 2946
8343 1691 1734 1893 3109
8344 2579 2698 3020 3021
8345 2635 3014 3112 3115
8346 2821 2991 2583 3074
8347 1436 1446 1445 2879
8348 2573 2960 2691 3066
8349 1471 1503 1502 2674
8350 1773 1861 1864 2809
8351 1602 1668 346 1796
8352 1439 1433 2950 3139
8353 1512 1284 1421 306
8354 1819 1818 1873 2866
8355 1609 334 335 2896
8356 1825 1719 1723 2836
8357 1783 2779 1782 3142
8358 1522 1525 2676 3046
8359 1700 1702 1868 2876
8360 1719 1717 1735 2837
8361 1324 2909 1270 2991
8362 1308 2999 3037 3137
8363 1328 1536 1325 3069
8364 1406 2750 1350 3121
8365 1378 1414 2935 2962
8366 1526 1476 1533 2722
8367 1711 2761 2665 2970
8368 1583 1600 1599 3041
8369 1846 1911 1810 2702
8370 2789 3036 2679 3130
8371 1693 3022 2982 3023
8372 2565 2946 2696 2996
8373 1852 1853 1854 3087
8374 2677 2725 2906 2913
8375 2594 2920 2711 3132
8376 1646 2627 1633 2959
8377 2595 2982 3022 3023
8378 1275 1423 1389 2794
8379 1503 1589 1588 3079
8380 2573 2904 2721 3066
8381 1246 1247 1248 2993
8382 1379 2993 1248 3092
8383 1756 1755 1909 2995
8384 1771 1886 1793 2764
8385 1895 1896 1894 2807
8386 1360 1248 3077 3092
8387 1407 1340 1342 2878
8388 1441 1436 333 2879
8389 942 940 2870 3111
8390 1440 1448 1450 2864
8391 1723 1724 1722 2836
8392 2600 2817 2891 3060
8393 1369 1338 1337 2953
8394 1705 2703 2787 3048
8395 2654 3012 2835 3047
8396 2680 3004 2715 3152
8397 1538 2889 1559 3107
8398 2674 3009 2807 3079
8399 1635 2913 1543 2984
8400 2780 2606 2963 3052
8401 1558 2940 1564 2941
8402 2560 2895 2956 3059
8403 2778 3081 2902 3151
8404 1526 1533 1537 2722
8405 1306 1305 3032 3090
8406 1882 1851 1913 3136
8407 1227 1219 1217 2865
8408 966 1490 968 1491
8409 1461 1886 1669 2764
8410 1508 1640 1511 2816
8411 1558 1460 2940 2941
8412 1462 2887 2940 3029
8413 1402 1246 1351 2998
8414 1411 1332 1413 2733
8415 1451 1449 1450 3154
8416 1543 2913 2725 2984
8417 1199 1198 1197 3121
8418 1523 1520 2804 3046
8419 1378 1274 1384 2737
8420 1424 1425 1720 2831
8421 1810 1812 2702 3029
8422 1758 2645 2964 2982
8423 1183 2602 2754 2761
8424 232 949 1683 3042
8425 1245 1422 1407 2835
8426 1306 3090 3032 3140
8427 2835 3012 2609 3127
8428 2597 2687 2977 3114
8429 2584 2793 2925 3129
8430 1539 1627 1540 2916
8431 2958 2959 2664 3108
8432 1523 2804 1521 3046
8433 1716 2837 2625 2939
8434 2692 2836 2562 2850
8435 1644 1623 2747 2913
8436 1487 2712 1676 3034
8437 1425 2831 1445 3154
8438 2893 2993 2606 3077
8439 1495 1557 1527 3019
8440 1427 1721 1425 3154
8441 1635 1643 1623 3088
8442 1239 2842 1252 2948
8443 2665 2789 2969 3130
8444 1217 1218 1216 2821
8445 1635 1623 2913 3088
8446 2570 2959 2958 3108
8447 1522 1529 303 1354
8448 1376 1422 1240 3012
8449 1573 1572 1574 2738
8450 308 1498 1283 2857
8451 1332 1411 1400 2733
8452 3012 3098 2609 3127
8453 1281 1282 320 1674
8454 962 2793 2695 3129
8455 2687 2943 2941 2977
8456 2592 2938 1824 3146
8457 1792 1473 1587 2877
8458 1903 1726 1831 3033
8459 1441 1439 2950 3139
8460 2752 3112 3014 3115
8461 1298 299 1296 1550
8462 2768 3045 2746 3128
8463 1907 1877 2892 3144
8464 2633 3149 2981 3152
8465 1688 1858 1865 2844
8466 1689 1688 1691 2937
8467 1697 3022 1693 3023
8468 1383 1291 1404 2979
8469 1328 1296 299 1536
8470 2570 3005 2958 3113
8471 1490 1578 966 969
8472 363 1897 1886 1461
8473 1204 1203 1332 2853
8474 2938 2968 2641 2980
8475 1364 1279 1266 2834
8476 1678 1682 2704 2854
8477 964 960 965 2648
8478 1320 2686 1336 2948
8479 2584 2902 2778 3081
8480 2617 2818 2923 3103
8481 1724 1740 1883 2951
8482 2954 2977 2687 3114
8483 1311 1388 1346 2848
8484 1292 1335 1402 3137
8485 949 2695 962 2793
8486 2565 2924 2775 3003
8487 1651 2857 2656 3101
8488 962 946 2695 3007
8489 2592 2898 1824 2938
8490 2589 2774 3123 3148
8491 2776 2943 2687 2977
8492 2838 2907 2882 2908
8493 1641 2820 1671 2992
8494 345 1545 1602 1820
8495 2686 2863 2625 3000
8496 1790 1745 2928 3051
8497 946 2719 943 2967
8498 1896 1908 1894 3009
8499 957 956 2930 3105
8500 1390 2705 1385 2894
8501 2635 3115 2796 3116
8502 1316 1333 1315 3084
8503 1282 320 1674 1505
8504 956 955 957 2930
8505 1215 2900 2880 3071
8506 1345 313 1614 2819
8507 1210 1211 1484 2751
8508 305 1421 1630 1359
8509 1508 1509 1507 2816
8510 1672 2790 2890 3108
8511 1271 1274 1272 3015
8512 1276 1212 1211 3034
8513 2696 2996 2946 3053
8514 1368 1365 3017 3018
8515 2657 3123 2745 3148
8516 1746 2928 1745 3051
8517 1729 1734 1730 3109
8518 1184 2787 2761 3050
8519 1661 1465 1453 3151
8520 2623 2790 3057 3108
8521 1413 1304 1303 2797
8522 2619 2700 2947 2967
8523 1444 1447 2705 2874
8524 1200 327 1348 1438
8525 2923 3044 2548 3133
8526 1723 1842 2850 3154
8527 1710 2989 1753 3065
8528 1287 1288 1286 2766
8529 1886 1669 2764 2800
8530 1347 1385 1390 2705
8531 1888 1778 2969 2970
8532 1659 1464 1661 3032
8533 1487 1486 1488 2745
8534 2572 2932 2802 3095
8535 2551 2981 2881 3149
8536 2594 2720 2711 2920
8537 1245 1422 2835 3127
8538 1368 1364 3016 3017
8539 2958 3005 2627 3113
8540 1399 2751 1273 3138
8541 1800 1782 1799 2779
8542 1396 2962 2838 2988
8543 2623 2890 2790 3108
8544 1401 1229 1234 2857
8545 1248 1400 1411 3077
8546 1431 1348 327 1438
8547 1897 1810 1786 3029
8548 1902 1734 1899 3109
8549 2690 3060 2895 3068
8550 1239 1266 1223 2842
8551 1623 2747 2913 3088
8552 1366 1251 1397 3118
8553 950 2947 2700 2967
8554 1681 1682 1683 3042
8555 2772 2961 1833 2989
8556 2644 3010 2859 3126
8557 1504 1876 1879 3079
8558 2582 3008 2880 3071
8559 314 1371 1373 2777
8560 1447 1440 1435 2864
8561 953 952 951 3084
8562 1894 1779 1895 2807
8563 1584 1648 1649 3006
8564 1528 1527 350 1781
8565 1533 1476 1475 2929
8566 1702 1874 1871 2876
8567 1457 2632 1466 2873
8568 1467 1468 1469 2730
8569 962 946 2646 2695
8570 1672 2890 3063 3108
8571 1281 1380 1389 2794
8572 1247 1317 1400 2893
8573 1661 1453 1659 3083
8574 1808 1814 1803 3097
8575 2780 2963 3002 3052
8576 1481 1478 1482 2690
8577 962 2646 972 3030
8578 317 1211 1212 1483
8579 1456 2925 2902 3147
8580 2693 2844 1859 2898
8581 2586 3014 2732 3080
8582 2667 2741 2592 2968
8583 1180 2625 1181 2985
8584 1456 1574 2925 3147
8585 1347 1390 1200 2705
8586 2695 3007 2704 3042
8587 2860 2976 2598 3150
8588 1583 353 1657 3142
8589 2778 2902 2584 3147
8590 1810 1812 1846 2702
8591 1645 2959 1672 3063
8592 2596 2578 2781 2827
8593 1339 2573 1178 2629
8594 1678 1682 2854 3007
8595 1826 1731 1690 2980
8596 1431 328 1348 1426
8597 1569 1455 1570 2930
8598 1379 1248 1360 3092
8599 1633 2776 1556 2777
8600 1893 1754 1756 2813
8601 1532 1531 1646 2672
8602 1216 1322 2821 3074
8603 1766 1696 2868 2982
8604 1823 2693 2605 3082
8605 1782 1783 1799 2779
8606 2585 2864 2950 3064
8607 1797 2976 1795 3150
8608 1305 1306 3032 3140
8609 1258 1249 1251 2791
8610 1410 1273 1409 3057
8611 2562 2837 2814 3067
8612 1310 2947 2620 2999
8613 2602 2840 3130 3131
8614 982 975 976 2866
8615 1761 1849 1762 2927
8616 1369 1368 1367 3016
8617 1284 1512 1497 306
8618 2586 2786 3014 3080
8619 2969 2970 2665 3130
8620 1731 2938 1690 2980
8621 1523 1520 1640 2804
8622 1357 1415 1420 2726
8623 2679 3149 3119 3152
8624 1639 1393 311 1671
8625 1842 1432 1449 339
8626 1616 1618 2887 2915
8627 1563 1456 1574 2925
8628 2583 3044 2923 3133
8629 952 935 937 3084
8630 1397 1382 1366 2971
8631 2613 2796 2787 3112
8632 2570 2958 2959 3113
8633 1614 1556 2776 2819
8634 1209 1304 1203 2853
8635 2561 2752 2753 3070
8636 2637 3018 3017 3088
8637 1231 1351 1353 2998
8638 1892 1838 1607 2975
8639 1274 1378 1414 2935
8640 2924 2946 2645 2964
8641 2592 2741 2938 2968
8642 2681 3021 2749 3022
8643 1216 1322 1323 2821
8644 2627 2977 2954 3114
8645 1387 1320 2686 2894
8646 2629 2723 1313 2988
8647 1571 1655 1652 2870
8648 1398 1198 1224 2994
8649 1855 1720 1883 2896
8650 945 1682 3007 3042
8651 1332 1304 1413 2853
8652 1378 1377 1414 2962
8653 1183 2626 1355 2680
8654 1410 1409 2790 3057
8655 1178 2920 2626 3132
8656 1462 2887 1618 2942
8657 1804 1708 1649 3006
8658 1785 1767 2868 3053
8659 1723 1825 2836 2850
8660 1524 1530 1475 2929
8661 1313 2629 263 3072
8662 1734 1865 3056 3109
8663 1535 1325 298 1536
8664 1361 1242 2960 3098
8665 1227 1285 1219 2865
8666 289 2837 1718 3067
8667 1370 1241 1415 2960
8668 2620 3023 3022 3039
8669 1777 1183 3131 3132
8670 1632 2872 1631 3144
8671 2560 3068 3060 3094
8672 301 1232 1662 1541
8673 2609 3098 2960 3127
8674 1346 1348 328 1426
8675 1350 2750 1417 3138
8676 1757 2946 1715 3048
8677 1568 1488 1631 2872
8678 2561 1184 2787 3070
8679 1842 1723 1721 3154
8680 957 942 961 2709
8681 1380 1674 1485 2794
8682 1275 1212 1276 3034
8683 1705 1712 2787 3117
8684 1474 1501 1479 2832
8685 1393 311 1258 1639
8686 2563 2780 3002 3052
8687 1723 1735 1724 2836
8688 1677 2854 2621 3093
8689 2864 2874 2562 3001
8690 308 1283 1401 2857
8691 1608 1650 1741 374
8692 1238 2723 1213 3071
8693 1610 1620 1619 937
8694 2620 2757 3022 3023
8695 3016 3017 2637 3018
8696 1904 1905 1898 3028
8697 1731 1824 2938 3146
8698 1810 1811 1812 3029
8699 1305 1663 296 1464
8700 1564 2940 1462 2942
8701 1328 298 1325 1536
8702 1223 1225 1239 2842
8703 1392 2629 1313 2988
8704 1358 1522 303 1354
8705 1783 1737 1816 3142
8706 1770 1843 1771 2800
8707 1491 968 966 958
8708 1634 1636 1606 2965
8709 1701 2839 1906 3028
8710 2845 3008 2750 3121
8711 1305 3032 1243 3140
8712 1362 262 1339 2691
8713 2880 3008 2845 3121
8714 2548 2796 3115 3116
8715 1263 1420 1290 2931
8716 1559 1470 1565 3086
8717 1842 1449 2850 3154
8718 2559 2711 2720 2908
8719 1578 1579 1577 969
8720 1555 1633 2777 2959
8721 2579 3021 2830 3145
8722 1782 1657 353 3142
8723 2551 3036 2981 3149
8724 1894 1879 1876 3079
8725 1216 1209 1257 2685
8726 1399 1273 1417 3138
8727 1790 2711 2928 3082
8728 1294 1622 1506 3088
8729 1623 1622 1644 2747
8730 1720 1721 1722 2831
8731 1710 1748 1753 2989
8732 1514 1763 1764 357
8733 3014 3080 2786 3112
8734 1699 1727 1737 3141
8735 1882 1830 1762 3053
8736 2980 3099 1732 3146
8737 1528 1648 1495 2825
8738 1425 1720 1721 337
8739 1199 2880 1198 3121
8740 1799 1817 1815 2718
8741 1622 2747 1623 3088
8742 1746 1744 1745 2928
8743 1621 935 934 1334
8744 2584 3081 3030 3129
8745 1678 3007 2854 3093
8746 1241 1245 1415 3127
8747 1763 1884 356 3089
8748 1563 1572 1585 2990
8749 1519 1513 1884 3089
8750 1806 1808 1781 3097
8751 1645 1518 1532 2773
8752 1415 1245 1290 2921
8753 943 3023 2621 3093
8754 1614 2776 1615 2943
8755 1242 1241 1370 2960
8756 2575 2863 2625 2985
8757 1734 1691 1865 3109
8758 1734 3056 1899 3109
8759 1263 1290 1291 2931
8760 1432 1842 1449 2850
8761 315 1409 1673 2790
8762 2902 2925 2584 3147
8763 1524 1549 1530 3141
8764 1697 1677 1815 2621
8765 1833 2989 2961 3143
8766 1658 1295 1622 322
8767 1876 1792 1779 2877
8768 1538 1540 1581 2889
8769 309 1416 1249 1638
8770 1232 1541 1298 2986
8771 1796 1707 1795 2860
8772 1286 1289 1287 3073
8773 1344 2596 1207 2827
8774 1272 1350 1417 3138
8775 1582 1580 1581 2823
8776 322 1658 1295 1312
8777 1781 1527 350 1780
8778 1329 1327 2871 3069
8779 1699 1549 1524 3141
8780 1909 1755 1907 3144
8781 1426 329 1346 1434
8782 2555 2939 2863 3000
8783 1221 2947 1309 2999
8784 1895 1775 1822 3076
8785 1193 1307 1270 2909
8786 2814 2837 2625 3067
8787 1178 2629 2573 2920
8788 981 954 951 3105
8789 2692 2850 2562 2874
8790 2565 2946 2924 3048
8791 958 974 959 2955
8792 2976 3042 2598 3150
8793 2551 2914 2981 3036
8794 1641 1617 2942 2992
8795 2582 2900 2899 3072
8796 1723 1719 1735 2836
8797 1416 309 1651 1638
8798 1345 1614 312 2992
8799 1285 1227 1229 3075
8800 2627 2959 2958 3113
8801 1768 1758 2645 2964
8802 1353 1351 1352 2998
8803 1894 1908 1880 3009
8804 1217 1216 1323 2821
8805 2579 3020 2830 3021
8806 1444 1448 1447 2874
8807 1889 1714 1913 3136
8808 2559 2908 2907 3082
8809 1335 1247 1246 2783
8810 1406 1417 1350 2750
8811 1408 1307 1397 2971
8812 2914 3013 2651 3036
8813 1668 1667 347 1707
8814 1599 1598 1580 2885
8815 1349 1274 1414 2935
8816 1601 1527 1839 351
8817 1261 1381 1259 3004
8818 1204 1202 2578 2781
8819 1701 1898 1874 3028
8820 1897 1461 363 3029
8821 1666 1599 1548 3041
8822 1627 1662 1529 3120
8823 2738 2584 2925 3147
8824 1462 2940 2887 2942
8825 1268 1324 1270 2991
8826 1439 1433 1435 2950
8827 1594 1595 1593 3084
8828 1624 1525 1526 2875
8829 2642 3031 2803 3099
8830 1527 1839 351 1780
8831 1678 1682 1814 2704
8832 365 1812 1460 2944
8833 1201 1200 1390 2705
8834 1242 3098 1240 3127
8835 1889 2703 1714 3136
8836 1310 227 1344 944
8837 288 2592 1824 3146
8838 2668 2974 2910 3055
8839 1228 1234 1229 3075
8840 1403 1230 1292 2849
8841 2880 3008 1237 3071
8842 1373 1409 315 2790
8843 1221 2700 1220 2947
8844 1570 1571 1629 3111
8845 1263 1291 1261 2931
8846 1862 1907 1875 2892
8847 1741 1855 1608 374
8848 1863 1885 1864 2809
8849 2861 2948 2575 3085
8850 1907 1877 1875 2892
8851 1198 2880 1215 2994
8852 2561 3014 2752 3112
8853 1733 288 1824 3146
8854 1448 1440 1447 2864
8855 1795 1707 1706 2860
8856 1376 1240 1242 3098
8857 1335 1247 2783 3037
8858 1781 1803 2825 3097
8859 1727 1698 1726 3141
8860 350 1805 1528 1781
8861 1558 1531 2944 2977
8862 1568 2872 1458 2873
8863 1357 1418 1415 2726
8864 1305 1464 1243 3032
8865 1387 1386 1320 2894
8866 1731 2980 1732 3146
8867 1618 1482 1641 2744
8868 1341 1345 1342 2878
8869 1394 2820 1393 3118
8870 2620 2596 2852 2964
8871 1547 1596 973 1626
8872 2750 3015 2623 3138
8873 1377 1391 1414 2988
8874 1402 1335 1246 2783
8875 2787 3112 2635 3117
8876 2620 2757 2999 3038
8877 366 1784 1685 1531
8878 1755 1754 369 1632
8879 1308 2827 1318 3037
8880 1475 1530 1533 2929
8881 1644 1622 331 3139
8882 1795 2860 1706 3150
8883 2970 3130 2840 3131
8884 2667 2861 2575 3085
8885 1714 1821 1713 2703
8886 962 961 2793 3129
8887 2626 2573 2904 2920
8888 1873 1818 982 2866
8889 1854 1853 1856 2851
8890 1221 1309 1330 2999
8891 1681 1814 1682 2704
8892 1666 1583 3041 3142
8893 1303 1302 1412 3043
8894 1534 1591 1562 3011
8895 335 1608 1609 2896
8896 1562 1535 1534 3011
8897 1200 1348 1347 3122
8898 1708 1804 1798 3006
8899 1897 1786 1886 2764
8900 1669 1492 1616 2915
8901 178 950 2620 2947
8902 1702 1700 1701 2876
8903 1308 3037 1335 3137
8904 1732 1827 2803 2980
8905 1300 1331 1327 2871
8906 1641 1482 1639 2744
8907 1602 1545 1603 2866
8908 1802 1879 1880 3079
8909 1777 2761 2970 3131
8910 2628 2605 2693 2907
8911 1471 2832 1474 2973
8912 286 1809 2920 3132
8913 1858 1859 1747 2844
8914 2596 2578 2775 2781
8915 1630 1512 1421 305
8916 1756 1689 1691 2824
8917 1458 1459 1457 3124
8918 1350 1272 1274 3015
8919 1671 1363 312 2992
8920 1683 1813 1797 2976
8921 370 1553 1891 3144
8922 1781 1808 1803 3097
8923 1350 3008 1199 3121
8924 1357 2680 1355 2691
8925 1396 1242 1361 3098
8926 1681 1797 1798 3150
8927 1250 1251 1249 2791
8928 1451 2850 1449 3154
8929 1237 3008 1349 3071
8930 373 1741 1892 1650
8931 1460 2702 1812 3029
8932 1760 1831 1726 3033
8933 1363 1671 1393 2820
8934 1880 1879 1894 3079
8935 2678 3102 3119 3149
8936 1577 938 1611 1610
8937 1671 2820 1363 2992
8938 1684 1812 365 2944
8939 1324 2991 1268 3074
8940 2633 3119 3102 3149
8941 1264 1353 302 1662
8942 1580 1598 1468 2885
8943 360 1504 1473 1876
8944 1202 2685 2578 2781
8945 1183 2754 1184 2761
8946 1256 1209 1202 2685
8947 1633 1646 1615 2977
8948 1528 1649 1805 349
8949 1277 1276 1278 2812
8950 2561 3080 3014 3112
8951 2625 2939 2837 3000
8952 1619 1594 1593 3084
8953 1220 2700 950 2947
8954 1737 1699 1549 354
8955 1821 1822 1713 2886
8956 1762 1831 1760 3033
8957 2559 2928 2711 3082
8958 1870 1716 1180 2625
8959 1615 2941 1558 2943
8960 1842 1427 1449 3154
8961 1340 1371 1341 2878
8962 1494 1557 1495 3054
8963 3015 3057 2623 3138
8964 1211 317 1484 1483
8965 1818 975 982 2866
8966 1823 1824 2605 2898
8967 1734 1865 1899 3056
8968 1259 1233 1195 2922
8969 1885 1838 1739 3096
8970 973 1547 1626 977
8971 1242 1240 1241 3127
8972 1466 1457 1672 2890
8973 265 2814 1260 2985
8974 1308 1310 2827 2999
8975 1710 1749 1748 2989
8976 2964 2982 2595 3023
8977 1796 1668 347 1707
8978 1587 1472 1492 2735
8979 1687 1784 1852 3087
8980 1235 1222 1221 3061
8981 1909 1829 1756 2824
8982 2711 2920 2908 3082
8983 1715 2946 1913 3048
8984 942 959 960 2870
8985 1245 1240 1422 3127
8986 1814 1807 1678 2854
8987 2796 2912 2613 3003
8988 1466 2712 1568 2873
8989 1402 1403 1292 2849
8990 1900 1853 1857 2918
8991 2723 2629 2907 2988
8992 1766 1767 1768 2868
8993 1727 1695 1816 2952
8994 1473 1792 360 1876
8995 1556 1371 314 2777
8996 1840 2839 1841 2970
8997 2561 2754 1184 3070
8998 1555 2777 1373 2790
8999 1802 1589 1879 3079
9000 1726 1903 1695 2952
9001 1644 1543 2913 3139
9002 1220 1221 1222 2700
9003 2783 3037 2599 3137
9004 2786 3112 2787 3117
9005 1335 3037 2783 3137
9006 2620 2947 2967 3039
9007 2665 2761 2602 3131
9008 1886 1843 1669 2800
9009 1887 1904 1888 3128
9010 1457 1459 1670 3063
9011 372 1892 1838 1607
9012 1613 1626 1547 977
9013 1698 1524 1519 3141
9014 2621 2854 2719 3093
9015 1637 1606 1592 2965
9016 2598 3006 2860 3150
9017 1312 1346 329 1434
9018 1454 1456 1563 2925
9019 1714 1889 1821 2703
9020 942 940 959 2870
9021 1678 1815 1677 2854
9022 2588 2962 2935 2988
9023 1644 332 1543 3139
9024 2720 2882 2559 2908
9025 1699 355 1698 3141
9026 1799 1815 1807 2718
9027 1650 1892 373 1607
9028 2757 3038 2620 3039
9029 3032 3090 2639 3140
9030 2602 2626 2840 3131
9031 2602 2761 2665 3050
9032 1697 1694 1693 2982
9033 1483 1676 1484 3034
9034 2627 3005 2954 3113
9035 1367 1368 1364 3016
9036 1441 1446 1436 2879
9037 1868 1790 1700 3051
9038 1632 1631 1553 3144
9039 314 1373 1555 2777
9040 1353 1529 302 1662
9041 1183 1205 261 2754
9042 1615 1558 2941 2977
9043 1538 1581 1559 2889
9044 1347 1346 1388 3122
9045 1709 2786 2772 3050
9046 2582 3071 2900 3072
9047 2839 2840 2594 3132
9048 1751 2989 1833 3143
9049 2726 2691 2960 3066
9050 2620 2999 2947 3038
9051 1692 2964 944 3023
9052 1324 2753 1395 2909
9053 2602 3130 2665 3131
9054 1550 1298 1541 2986
9055 1462 2940 1460 3029
9056 2753 2754 2561 3070
9057 2954 3005 2654 3113
9058 2787 2924 2613 3070
9059 1587 361 1792 1843
9060 1305 1243 1306 3140
9061 1392 1396 2838 2988
9062 1863 1864 1861 2809
9063 1661 1464 1663 3032
9064 1442 1444 1452 2874
9065 2652 2887 2915 3134
9066 1524 355 1699 3141
9067 1273 1399 1210 2751
9068 2772 3050 2786 3080
9069 1370 1415 1418 2960
9070 2854 3007 2719 3093
9071 947 972 948 2717
9072 1372 1373 1371 2777
9073 1309 2947 1255 2999
9074 2904 3027 2721 3066
9075 1360 1248 1411 3077
9076 1424 1855 25 335
9077 1478 1474 1479 3101
9078 2573 2629 2838 2908
9079 1392 1339 2629 2838
9080 1440 1441 1439 2950
9081 1409 1373 1410 2790
9082 1538 1559 1551 3107
9083 1790 2711 1700 3051
9084 2578 2781 2685 3003
9085 1784 366 1532 1531
9086 2573 2838 2882 2908
9087 1199 1237 2880 3008
9088 320 1282 1506 1505
9089 2719 3007 945 3093
9090 1390 2814 2705 2894
9091 939 1610 938 937
9092 1406 1350 1199 3121
9093 1618 1641 1617 2942
9094 1438 1447 1430 3122
9095 1805 1803 1804 2825
9096 1710 2665 1711 2772
9097 2575 2948 2863 2985
9098 936 935 1620 937
9099 1382 1397 1307 2971
9100 1205 2680 1262 3004
9101 263 2629 2605 3072
9102 1854 1866 1687 3087
9103 1860 1859 2844 2898
9104 1181 2814 2625 3067
9105 1895 1779 1776 3076
9106 1544 1609 1542 2984
9107 1666 1583 1599 3041
9108 2573 2882 2720 2908
9109 1912 1713 2886 3117
9110 1277 1196 1398 2901
9111 1273 3057 1271 3138
9112 1479 1651 1478 3101
9113 2596 2781 2775 3003
9114 1200 326 1438 1452
9115 1781 1780 1806 3019
9116 1295 1294 1622 322
9117 2754 2761 2602 3050
9118 24 1658 1312 1434
9119 1763 1513 1514 3089
9120 1549 1737 353 3142
9121 1374 1242 1396 3098
9122 1557 1601 1527 3019
9123 949 960 964 2976
9124 1311 1337 1338 2953
9125 1391 1313 2723 2988
9126 1563 1585 1660 2990
9127 1552 1606 1607 2975
9128 1788 1787 1789 3045
9129 1427 1425 1721 337
9130 1385 1338 1386 2894
9131 1387 2686 2814 2894
9132 1790 1746 1745 3051
9133 2561 3050 2651 3080
9134 2772 2651 3050 3080
9135 1271 1273 1410 3057
9136 1732 2980 2803 3099
9137 2558 3027 2904 3066
9138 308 1651 1498 2857
9139 1467 1597 1565 3086
9140 1421 1412 1302 3043
9141 943 2719 945 3093
9142 1669 1843 1587 2800
9143 1507 1509 1501 2843
9144 1596 1500 1491 967
9145 1637 1635 1634 2965
9146 1515 1514 1477 2910
9147 335 1855 25 1608
9148 1682 945 232 3042
9149 1881 1768 1767 2946
9150 1713 1822 1912 2886
9151 1333 1621 292 1334
9152 1376 1242 1374 3098
9153 945 949 232 3042
9154 2635 3014 2786 3112
9155 1682 3007 1678 3093
9156 1260 1387 1320 2686
9157 1886 1786 1793 2764
9158 1247 1400 1248 2893
9159 1620 1621 935 934
9160 1673 316 1210 1409
9161 1617 1564 2942 2992
9162 1564 2819 1614 2943
9163 1232 300 1298 1541
9164 1879 1504 360 1876
9165 2882 2907 2559 2908
9166 938 1611 1610 939
9167 1673 1672 2790 2890
9168 1862 1732 1827 2803
9169 1306 1301 1305 3090
9170 2592 2741 2667 2900
9171 1515 1477 1516 2910
9172 1494 1495 1493 3054
9173 1398 1423 1277 2901
9174 1766 1785 1767 2868
9175 2605 2900 263 3072
9176 1494 1493 1469 3054
9177 296 1663 1305 1326
9178 1210 1399 1211 2751
9179 1368 1365 1364 3017
9180 1834 231 964 2976
9181 1755 1632 370 3144
9182 1177 1824 2592 2898
9183 1782 353 1737 3142
9184 1632 1553 370 3144
9185 1505 1637 1486 2801
9186 1299 181 981 1321
9187 1774 1775 1776 3076
9188 1856 1746 1868 3051
9189 1452 1201 325 1442
9190 261 2754 1208 3070
9191 370 1891 1877 3144
9192 2838 2907 2629 2988
9193 1181 1180 289 2625
9194 1236 1235 1230 3061
9195 1745 1747 1791 2928
9196 2592 2642 2968 3146
9197 332 1439 1441 3139
9198 966 979 1490 969
9199 1756 1754 1755 2995
9200 1283 1229 1401 2857
9201 1298 1296 1297 2986
9202 1465 1561 1560 3151
9203 1569 1659 1455 3083
9204 1232 1298 1297 2986
9205 1777 3131 2970 3132
9206 1629 1571 1656 3111
9207 1649 1804 1805 349
9208 1198 1215 1226 2994
9209 1361 1242 1370 2960
9210 1745 1744 1747 2928
9211 2592 2899 2741 2900
9212 1523 1521 1520 3046
9213 1594 1621 292 1333
9214 1558 2941 1564 2943
9215 1885 1738 1742 3096
9216 1558 1462 1564 2940
9217 1308 1330 2999 3137
9218 359 1879 1589 3079
9219 1465 1456 1453 2902
9220 1808 1806 1807 3097
9221 1431 1430 1426 3122
9222 1293 1201 2814 2874
9223 1889 1851 1890 3136
9224 957 961 971 3129
9225 1508 1511 1509 2816
9226 1828 1818 1820 2866
9227 1529 303 1354 1353
9228 942 941 940 3111
9229 305 1630 1642 1359
9230 1809 1178 2920 3082
9231 1197 1278 1406 3121
9232 1716 2625 1870 2748
9233 1590 1802 358 1764
9234 1193 1270 1395 2909
9235 2561 2786 3080 3112
9236 1684 1685 1686 2944
9237 1767 1882 1881 3053
9238 2814 2874 2705 3001
9239 970 1579 938 1611
9240 356 1519 1513 1884
9241 304 1642 1522 1358
9242 1697 1677 2621 3023
9243 1603 1652 1653 2955
9244 1199 3008 2880 3121
9245 1509 1496 1501 2843
9246 1214 2861 2667 3085
9247 1758 2982 2964 3023
9248 1899 1858 1910 3056
9249 1343 1220 1222 2700
9250 1658 24 330 1434
9251 1483 1487 1676 3034
9252 945 3007 1682 3093
9253 1513 356 1884 3089
9254 1789 1887 1759 3128
9255 1513 1763 356 3089
9256 1262 1263 1261 3004
9257 1368 1337 1365 3018
9258 1270 1324 1395 2909
9259 1575 1576 1574 3147
9260 1286 1404 1291 2979
9261 1290 1245 1289 2921
9262 1435 1440 1439 2950
9263 1813 1683 232 949
9264 1760 1763 1765 3089
9265 2665 3130 2970 3131
9266 1701 1700 1841 2839
9267 1502 1501 1471 2832
9268 1360 1359 1358 3092
9269 2705 2894 2814 3001
9270 1401 1651 308 2857
9271 1777 1183 2761 3131
9272 1615 1614 1556 2776
9273 1181 2837 289 3067
9274 324 1293 266 1442
9275 339 1842 1432 1680
9276 1462 1461 2887 3029
9277 949 231 1813 2976
9278 1834 1813 231 2976
9279 1774 1832 1775 3143
9280 2645 2852 2596 2964
9281 1525 1627 1529 3120
9282 1183 261 1184 2754
9283 261 1184 2754 3070
9284 1756 1829 1689 2824
9285 1327 1329 1328 3069
9286 265 1293 1260 2814
9287 1614 2819 1564 2992
9288 1860 1859 1688 2844
9289 1842 1721 1427 3154
9290 1874 1702 1701 2876
9291 1541 1538 1550 2986
9292 288 1870 2748 3146
9293 1805 1781 1803 2825
9294 949 964 231 2976
9295 1401 1416 309 1651
9296 972 946 948 2646
9297 1313 1213 1238 2723
9298 1807 1815 1678 2854
9299 1726 1695 1727 2952
9300 2620 3038 2947 3039
9301 965 959 974 2955
9302 1606 1636 1607 2975
9303 1712 2772 1709 2786
9304 950 943 2620 2967
9305 2748 3099 2612 3110
9306 960 949 962 2793
9307 1649 348 1667 1708
9308 1672 1645 1633 2959
9309 1462 1616 1618 2887
9310 1580 1582 1675 2823
9311 1215 1214 2667 2900
9312 2693 2907 2605 3082
9313 1847 1732 2803 3099
9314 1499 241 240 978
9315 1795 1813 1834 2976
9316 1331 1329 1327 2871
9317 2685 2781 2613 3003
9318 1380 1281 319 1674
9319 1352 1246 1379 2993
9320 1678 2854 1677 3093
9321 1318 1317 1247 3037
9322 1347 1348 1346 3122
9323 1590 1514 1764 357
9324 286 2626 1183 3132
9325 2573 2908 2720 2920
9326 1235 1236 1222 3061
9327 1215 2880 1237 3071
9328 1791 1823 287 3082
9329 1654 1610 939 937
9330 1292 1330 1335 3137
9331 1844 1887 2969 3065
9332 1371 1340 1419 3047
9333 1243 1305 296 1464
9334 1720 1425 1424 337
9335 1754 1729 369 1459
9336 1757 1768 2946 2964
9337 1504 359 1589 3079
9338 1847 1732 1862 2803
9339 2559 2693 2928 3082
9340 2596 2775 2645 2924
9341 945 2719 946 3007
9342 1524 1549 1699 354
9343 288 1733 1870 3146
9344 1213 1313 263 3072
9345 1293 1442 1201 2874
9346 1698 1519 356 1884
9347 1905 1904 1789 3128
9348 950 2700 948 2967
9349 2839 2970 2840 3132
9350 957 951 956 3105
9351 1180 1716 289 2625
9352 368 1728 1518 1459
9353 1213 263 2900 3072
9354 1394 1393 1258 3118
9355 958 1491 968 967
9356 1738 1724 1736 2951
9357 1308 1335 1330 3137
9358 1505 1643 1637 2801
9359 1737 1783 1782 3142
9360 1431 1438 1430 3122
9361 1556 1371 1341 314
9362 1679 1825 1680 2850
9363 1800 1780 1839 3019
9364 1797 1813 1795 2976
9365 1275 1389 1380 2794
9366 1911 1789 1787 3045
9367 1738 1740 1724 2951
9368 1432 1680 1842 2850
9369 1886 363 1461 1669
9370 1808 1807 1814 3097
9371 365 1460 1558 2944
9372 2720 2908 2711 2920
9373 960 962 961 2793
9374 1194 1208 261 2754
9375 1671 312 1614 2992
9376 1479 2857 1651 3101
9377 1751 1749 1833 2989
9378 1184 1703 2761 2787
9379 1295 1294 1365 3018
9380 1834 230 1818 975
9381 1449 1427 1842 339
9382 1612 1613 1869 977
9383 1550 1298 300 1541
9384 2613 3003 2924 3048
9385 1549 353 1583 3142
9386 1178 286 2920 3132
9387 941 942 955 3111
9388 287 1809 1791 3082
9389 1723 1842 1825 2850
9390 1419 1340 1422 3047
9391 1484 1466 1672 2890
9392 1833 2961 1832 3143
9393 1899 1865 1858 3056
9394 1504 1879 359 3079
9395 1471 1501 1474 2832
9396 1757 1768 1715 2946
9397 1395 2754 1194 2922
9398 1645 1646 1633 2959
9399 1888 1840 1778 2970
9400 1199 1350 1349 3008
9401 1470 1467 1565 3086
9402 1634 1606 1637 2965
9403 1672 1555 1673 2790
9404 1639 311 1258 310
9405 1363 1393 1405 2820
9406 1210 316 1673 1484
9407 234 1692 944 3023
9408 304 1359 1642 1358
9409 2948 2985 2575 3085
9410 1295 1365 1337 3018
9411 1210 1211 317 1484
9412 1729 1728 368 1459
9413 1473 1471 1472 2973
9414 315 1673 1555 2790
9415 1558 1460 1462 2940
9416 1255 1309 1221 2947
9417 1442 266 324 1429
9418 2575 2592 2748 3110
9419 1556 314 1555 2777
9420 227 1179 2596 2964
9421 1754 1893 1729 2813
9422 945 943 946 2719
9423 938 1579 1577 1611
9424 1257 1256 1208 2753
9425 1522 1642 1520 3046
9426 1757 2924 2946 3048
9427 2596 2620 944 2964
9428 1289 1407 1342 3073
9429 1522 1521 1525 3046
9430 938 1577 1579 969
9431 1615 1556 1633 2776
9432 1716 2748 1725 2939
9433 1439 331 1433 3139
9434 1490 979 966 968
9435 1778 1711 2665 2970
9436 1356 180 947 1299
9437 2907 2908 2629 3082
9438 1321 181 981 954
9439 1496 1479 1501 2843
9440 1703 1184 284 2787
9441 2612 2939 2748 3110
9442 1238 1391 1313 2723
9443 1238 1237 1349 3071
9444 948 2646 946 2967
9445 1646 1531 1615 2977
9446 1833 1710 2772 2989
9447 1906 1701 1840 2839
9448 1564 1614 1615 2943
9449 1445 1450 1449 3154
9450 1300 1301 1299 3090
9451 1688 1689 1690 2937
9452 1731 1860 1690 2938
9453 1620 1610 936 937
9454 1666 1549 1583 3142
9455 1184 2924 2787 3070
9456 1555 1373 315 2790
9457 1249 310 309 1638
9458 1603 1604 1652 2955
9459 1797 1795 1706 3150
9460 1332 1203 1304 2853
9461 227 17 1179 2964
9462 1327 1325 1326 3069
9463 2686 2948 1320 2985
9464 1432 1449 1451 2850
9465 1524 1698 355 3141
9466 1226 1214 1253 2861
9467 1615 1531 1558 2977
9468 1199 1349 1237 3008
9469 304 1522 303 1358
9470 17 1757 1179 2964
9471 1870 2625 1180 2748
9472 1195 1233 1193 2922
9473 1244 1243 295 1463
9474 265 1181 2814 2985
9475 1178 2626 286 3132
9476 1322 1324 1268 3074
9477 1877 1755 370 3144
9478 1881 1913 1715 2946
9479 1688 1690 1860 2937
9480 1769 2612 2748 3099
9481 1442 1293 266 3067
9482 1183 2626 2602 3131
9483 1766 1758 1693 2982
9484 1313 1392 1339 2629
9485 1800 1806 1780 3019
9486 306 1421 1512 305
9487 1490 1579 1578 969
9488 1284 1497 307 306
9489 1443 1451 1448 2874
9490 1885 1739 1738 3096
9491 952 953 935 3084
9492 1390 1385 1387 2894
9493 2686 2814 2625 2985
9494 1553 371 1891 1552
9495 1184 284 2787 2924
9496 1811 1897 363 3029
9497 1178 262 2626 2691
9498 1487 1466 1676 2712
9499 1825 2837 2850 3067
9500 1252 1253 1254 2948
9501 1485 1380 319 1674
9502 1427 1425 1445 3154
9503 1473 361 1792 1587
9504 1344 13 227 1310
9505 2626 3131 1183 3132
9506 1912 2961 1712 3117
9507 1836 1891 371 1552
9508 944 227 2596 2964
9509 1456 1575 1574 3147
9510 1615 2943 2776 2977
9511 2863 2939 2625 3000
9512 2625 2748 2575 2985
9513 1772 1771 1793 3100
9514 946 2646 2719 2967
9515 947 181 981 1299
9516 1709 1703 2786 3050
9517 1802 1589 1590 358
9518 1543 1544 1542 2984
9519 1696 1766 1694 2982
9520 1823 2605 2693 2898
9521 978 1500 1596 967
9522 1253 2948 2861 3085
9523 1243 1314 1306 3140
9524 2686 2814 2894 3001
9525 1490 1489 968 1491
9526 1708 348 1667 1707
9527 972 947 971 3030
9528 1464 295 1243 1463
9529 934 935 1620 936
9530 1750 1772 1794 3100
9531 365 1531 1685 2944
9532 25 1855 1424 1720
9533 1319 1207 2781 2827
9534 1519 1524 1698 355
9535 1745 2928 1791 3082
9536 2592 2968 2938 3146
9537 2748 3110 2592 3146
9538 1487 1568 1466 2712
9539 950 2620 2947 2967
9540 1257 1209 1256 2685
9541 1790 1745 1791 3082
9542 1471 1474 1472 2973
9543 1377 1396 1391 2988
9544 1177 2605 1824 2898
9545 1688 1859 1858 2844
9546 1709 2772 1711 3050
9547 1869 1613 1612 343
9548 229 1869 1819 976
9549 354 1549 1737 353
9550 1282 1280 1365 3017
9551 266 1429 1442 3067
9552 1817 1799 1783 3026
9553 1610 1654 936 937
9554 1587 1492 1669 2800
9555 286 1841 1809 3132
9556 1328 299 298 1536
9557 1503 1504 1589 3079
9558 1767 1830 1882 3053
9559 1479 1498 1651 2857
9560 1769 2612 1725 2748
9561 308 307 1283 1498
9562 2633 3119 3149 3152
9563 338 1842 1427 339
9564 1418 2691 1362 2960
9565 1377 1378 1374 2962
9566 1677 2621 3023 3093
9567 1904 1701 1906 3028
9568 962 945 946 3007
9569 1365 1280 1364 3017
9570 1755 1877 1907 3144
9571 962 3030 971 3129
9572 1232 301 300 1541
9573 261 1183 1355 1205
9574 2863 2948 2686 2985
9575 311 1393 1363 1671
9576 1844 1759 1887 3065
9577 1715 1913 1714 3048
9578 1777 2761 1711 2970
9579 1178 1339 262 2691
9580 1790 1868 1746 3051
9581 962 946 972 2646
9582 1833 1832 1751 3143
9583 1579 970 938 969
9584 981 957 971 3105
9585 1703 1712 2786 2787
9586 1783 1816 1817 3026
9587 1595 293 294 1316
9588 1429 341 290 342
9589 1216 1257 1322 3074
9590 1841 2970 2839 3132
9591 1811 1460 1812 3029
9592 1362 1418 1357 2691
9593 1354 1379 1358 3092
9594 261 1208 260 3070
9595 1198 1226 1224 2994
9596 2562 2850 2837 3067
9597 1631 1632 1458 2872
9598 303 1529 302 1353
9599 1673 1484 1672 2890
9600 1812 364 365 1460
9601 1355 1357 1262 2680
9602 349 1649 1804 1708
9603 1712 1912 1832 2961
9604 1616 1481 1618 2915
9605 365 1558 1531 2944
9606 944 1692 17 2964
9607 1356 1220 1343 2700
9608 1202 1256 2685 2781
9609 1183 1184 285 2761
9610 1287 1289 1342 3073
9611 2592 2667 2575 3085
9612 1776 1775 1895 3076
9613 1733 1732 3099 3146
9614 1757 2924 1179 2964
9615 1177 2592 288 3085
9616 1204 1319 1207 2781
9617 1405 1393 1394 2820
9618 978 973 1596 1626
9619 944 2964 2620 3023
9620 1424 336 1720 337
9621 1760 1884 1763 3089
9622 1355 2626 262 2691
9623 1587 1669 361 1843
9624 1699 1698 1727 3141
9625 2628 2629 2605 2907
9626 1260 1387 2686 2814
9627 2605 2629 2628 3072
9628 1391 1392 1313 2988
9629 2575 2985 2748 3085
9630 1341 1342 1340 2878
9631 1596 973 978 967
9632 1198 1199 1215 2880
9633 1645 1672 1670 3063
9634 1844 1711 1710 2665
9635 1622 1506 321 1294
9636 2605 2629 1178 3082
9637 1809 2711 1790 3082
9638 1466 1568 1458 2873
9639 2602 2761 1183 3131
9640 1309 1255 1310 2999
9641 1823 2605 287 3082
9642 950 946 943 2967
9643 1809 1841 1700 2711
9644 1680 2850 1432 3067
9645 2561 2786 3050 3080
9646 359 1802 1589 1879
9647 1888 1778 1844 2969
9648 1345 313 312 1614
9649 2711 2908 2559 3082
9650 1208 2754 2753 3070
9651 362 1669 1886 1843
9652 1325 298 297 1535
9653 234 944 943 3023
9654 1763 1514 1513 357
9655 365 1685 1684 2944
9656 1878 1784 366 1532
9657 1179 1207 2596 2781
9658 1294 321 1622 322
9659 1366 1258 1251 3118
9660 1200 326 327 1438
9661 976 229 1869 977
9662 936 1654 939 937
9663 1631 1458 1568 2872
9664 1823 1747 1859 2693
9665 1913 1851 1889 3136
9666 1228 1229 1227 3075
9667 1366 1394 1258 3118
9668 1716 2625 2748 2939
9669 1897 1811 1810 3029
9670 1243 296 295 1464
9671 1429 341 1428 3067
9672 287 1178 1809 3082
9673 1644 1543 1623 2913
9674 230 1834 964 975
9675 1179 2924 2596 2964
9676 1852 1854 1687 3087
9677 1308 1318 1335 3037
9678 292 293 1594 1333
9679 1904 1898 1701 3028
9680 1520 1521 1522 3046
9681 1178 286 1809 2920
9682 2924 3003 2565 3048
9683 944 17 227 2964
9684 1380 319 318 1485
9685 261 260 1184 3070
9686 1392 1391 1396 2988
9687 2899 2900 2605 3072
9688 1564 1462 1617 2942
9689 2596 2775 2924 3003
9690 1733 3099 1769 3146
9691 1392 1396 1339 2838
9692 1777 286 1183 3132
9693 326 1200 1201 1452
9694 1406 1199 1197 3121
9695 1782 1657 352 353
9696 2781 2924 1179 3070
9697 1617 1462 1618 2942
9698 234 3023 943 3093
9699 2685 2781 1256 3070
9700 1339 1396 1361 2838
9701 1299 1301 1306 3090
9702 1813 232 231 949
9703 1615 1558 1564 2943
9704 1179 17 284 1757
9705 2629 2605 2907 3082
9706 1824 2898 1860 2938
9707 1825 1718 1719 2837
9708 1306 1314 1321 3140
9709 1677 3023 234 3093
9710 1844 1887 1888 2969
9711 1561 1465 1661 3151
9712 1555 1633 1556 2777
9713 1820 1602 345 346
9714 1273 1271 1272 3138
9715 1772 1793 1794 3100
9716 2562 2874 2814 3001
9717 1623 1543 1635 2913
9718 1823 2693 1859 2898
9719 1410 1384 1271 3057
9720 1177 2899 2592 2900
9721 1390 1387 2814 2894
9722 287 1823 1824 2605
9723 1659 1453 1455 3083
9724 361 1669 362 1843
9725 367 1728 1878 1518
9726 1180 1870 289 1716
9727 2628 2693 2605 2899
9728 1310 13 227 944
9729 1711 1844 1778 2665
9730 1248 1379 1246 2993
9731 347 346 1668 1796
9732 329 1346 328 1426
9733 323 324 266 1429
9734 1443 2850 2874 3067
9735 1179 260 2781 3070
9736 1385 1386 1387 2894
9737 1693 1694 1766 2982
9738 1504 360 359 1879
9739 178 950 944 2620
9740 1755 369 370 1632
9741 1616 1492 1481 2915
9742 1178 287 2605 3082
9743 1703 284 1704 2787
9744 373 1741 1650 374
9745 1184 1179 2924 3070
9746 1732 1826 1827 2980
9747 943 944 2620 3023
9748 316 1210 317 1484
9749 24 1658 322 1312
9750 1703 285 284 1184
9751 368 369 1729 1459
9752 1325 1327 1328 3069
9753 1309 1308 1330 2999
9754 1260 2686 1320 2985
9755 321 1506 1282 1294
9756 299 1298 300 1550
9757 265 1181 1293 2814
9758 1180 1181 265 2985
9759 1701 1841 1840 2839
9760 1703 285 1184 2761
9761 1721 1842 1427 338
9762 1669 1886 363 362
9763 1341 313 1556 314
9764 180 947 948 1356
9765 261 1205 1194 2754
9766 284 1704 2787 2924
9767 308 1401 309 1651
9768 2838 2629 2907 2908
9769 1672 1457 1670 3063
9770 1731 1733 1824 3146
9771 1182 290 23 342
9772 286 285 1777 1183
9773 2626 2904 2840 3132
9774 1622 1623 1506 3088
9775 336 25 1424 1720
9776 1179 1184 260 3070
9777 1205 1262 1259 3004
9778 1657 1601 1839 351
9779 1177 1178 287 2605
9780 178 944 1310 2620
9781 1869 228 1612 977
9782 2596 2924 2645 2964
9783 289 288 1870 1180
9784 1358 1379 1360 3092
9785 2625 2863 2686 2985
9786 1757 2946 2924 2964
9787 291 1621 934 1334
9788 1532 367 1878 1518
9789 1699 1524 354 355
9790 1663 296 297 1326
9791 1462 1461 1616 2887
9792 1183 286 1178 2626
9793 1833 1749 1710 2989
9794 1904 1887 1789 3128
9795 1237 1215 1199 2880
9796 1177 1824 288 2592
9797 357 1513 1763 356
9798 1847 1773 1769 3099
9799 1751 1832 1774 3143
9800 1679 289 1718 3067
9801 943 945 233 3093
9802 1731 1824 1860 2938
9803 1769 1733 1732 3099
9804 957 981 951 3105
9805 1617 1614 1564 2992
9806 1215 1237 1213 3071
9807 1462 1460 1461 3029
9808 962 971 961 3129
9809 944 234 17 1692
9810 1355 262 1362 2691
9811 1245 1241 1240 3127
9812 1370 1418 1362 2960
9813 1293 1181 266 3067
9814 1460 1811 363 3029
9815 1641 1671 1617 2992
9816 361 1792 360 1473
9817 1252 1225 1253 2861
9818 1706 1798 1797 3150
9819 1336 1239 1252 2948
9820 1429 290 341 3067
9821 317 1212 318 1483
9822 290 1429 1182 3067
9823 1610 1654 1620 936
9824 2613 2924 2787 3048
9825 356 1519 1698 355
9826 352 1839 1657 1782
9827 347 1667 348 1707
9828 1777 1183 285 2761
9829 290 1182 1181 3067
9830 1678 1677 233 3093
9831 1177 287 288 1824
9832 332 331 1439 3139
9833 1178 2605 263 2629
9834 1769 3099 2748 3146
9835 315 316 1673 1409
9836 2970 3131 2840 3132
9837 1844 1753 1759 3065
9838 1395 1194 1193 2922
9839 289 290 1181 1679
9840 1458 1457 1466 2873
9841 1825 1842 1680 2850
9842 1181 1293 2814 3067
9843 1613 1869 344 343
9844 1312 329 24 1434
9845 2625 2748 2939 3110
9846 1869 1612 228 343
9847 1825 1718 2837 3067
9848 290 1679 341 3067
9849 1370 1362 1361 2960
9850 1335 1318 1247 3037
9851 372 373 1892 1607
9852 1309 1310 1308 2999
9853 1769 1732 1847 3099
9854 1373 314 1555 315
9855 1613 1612 1626 977
9856 1712 1709 1703 2786
9857 1836 371 372 1552
9858 1184 1179 284 2924
9859 2596 2781 1207 2827
9860 971 962 972 3030
9861 1357 1355 1362 2691
9862 284 1179 1757 2924
9863 1273 1272 1417 3138
9864 2900 3071 1213 3072
9865 1809 287 286 1178
9866 2685 2613 2781 3070
9867 1180 2748 2625 2985
9868 1460 363 1461 3029
9869 1444 1442 1443 2874
9870 1709 1712 1833 2772
9871 1429 23 1182 276
9872 23 1429 1182 342
9873 1255 1221 1220 2947
9874 1260 2814 2686 2985
9875 1757 17 1692 2964
9876 1611 938 970 939
9877 312 311 1363 1671
9878 233 1682 1678 3093
9879 1179 260 13 1207
9880 1881 1715 1768 2946
9881 1214 2667 2900 3085
9882 2605 2628 2899 3072
9883 1912 1705 1713 3117
9884 1693 1758 1692 3023
9885 1626 978 973 977
9886 1444 1443 1448 2874
9887 1254 1320 1336 2948
9888 1621 1620 291 934
9889 1671 1614 1617 2992
9890 1390 1293 1201 2814
9891 948 950 179 2700
9892 1359 1642 305 304
9893 978 1596 1500 1626
9894 233 945 1682 3093
9895 1442 1429 1428 3067
9896 1293 325 1201 1442
9897 230 982 1818 975
9898 179 1356 948 2700
9899 1215 1213 2900 3071
9900 287 1824 1177 2605
9901 349 348 1649 1708
9902 1697 1693 1677 3023
9903 2693 2898 2605 2899
9904 365 366 1685 1531
9905 1757 1715 1704 3048
9906 1839 352 1657 351
9907 1809 1700 1790 2711
9908 1225 1226 1253 2861
9909 319 1281 320 1674
9910 344 1546 345 1819
9911 1608 1855 25 374
9912 323 266 21 1182
9913 1768 1757 1758 2964
9914 1605 291 1620 934
9915 260 1207 1179 2781
9916 1506 1623 1643 3088
9917 1705 1704 1714 3048
9918 1712 1832 1833 2961
9919 1429 21 1182 323
9920 1180 288 1870 2748
9921 1443 2874 1442 3067
9922 1644 331 332 3139
9923 1733 1731 1732 3146
9924 1259 1262 1261 3004
9925 1208 1324 1257 2753
9926 1703 1705 1712 2787
9927 233 1677 234 3093
9928 1709 2761 1703 3050
9929 233 234 943 3093
9930 1177 2605 2899 2900
9931 320 1506 1282 321
9932 21 1429 1182 276
9933 1182 1429 290 342
9934 950 943 944 2620
9935 367 1728 1518 368
9936 1753 1844 1710 3065
9937 1254 1180 2985 3085
9938 1194 2754 1205 2922
9939 1180 1177 288 3085
9940 1705 2787 1704 3048
9941 1732 1731 1826 2980
9942 1344 1308 1310 2827
9943 1237 1238 1213 3071
9944 1310 178 13 944
9945 1254 2985 2948 3085
9946 1355 1262 1205 2680
9947 263 2605 1177 2900
9948 979 1490 1489 968
9949 1428 1432 1680 340
9950 264 1180 1254 3085
9951 2613 2924 2781 3070
9952 1339 263 1313 2629
9953 1195 1193 1194 2922
9954 265 266 1293 1181
9955 1178 1177 263 2605
9956 302 301 1264 1662
9957 1777 1841 286 3132
9958 295 294 1244 1463
9959 1220 179 950 2700
9960 284 1757 1704 2924
9961 1809 1790 1791 3082
9962 1214 1253 2861 3085
9963 1445 1449 1427 3154
9964 1610 1611 1654 939
9965 1206 2781 260 3070
9966 1819 982 229 976
9967 1429 266 323 1182
9968 1704 2787 2924 3048
9969 1355 1183 262 2626
9970 1679 1181 289 3067
9971 1195 1194 1205 2922
9972 2575 2748 2592 3085
9973 1840 1841 1777 2970
9974 291 292 1621 1334
9975 1204 1207 1202 2781
9976 1183 1178 262 2626
9977 370 371 1891 1553
9978 1428 1680 1432 3067
9979 337 1721 1427 338
9980 1254 1180 265 2985
9981 1764 358 1590 357
9982 233 232 1682 945
9983 1490 1586 979 1489
9984 367 1878 366 1532
9985 1757 1704 2924 3048
9986 1912 1712 1705 3117
9987 978 1499 1500 967
9988 351 350 1527 1780
9989 260 1206 1207 2781
9990 1206 1256 2781 3070
9991 1833 1710 1709 2772
9992 1206 260 1208 3070
9993 1253 1254 2948 3085
9994 1254 264 265 1180
9995 364 1811 363 1460
9996 1718 1717 1719 2837
9997 1220 1356 179 2700
9998 1841 1777 2970 3132
9999 1339 1178 263 2629
10000 2626 2920 2904 3132
10001 950 948 946 2967
10002 1202 1206 1256 2781
10003 1308 1344 1318 2827
10004 1208 1395 1324 2753
10005 1805 350 1528 349
10006 1319 1344 1207 2827
10007 1181 1679 290 3067
10008 982 229 1873 1819
10009 1180 2748 2985 3085
10010 2562 2874 2850 3067
10011 358 1802 1589 359
10012 262 261 1183 1355
10013 2667 2592 2900 3085
10014 1769 1725 1716 2748
10015 1213 264 1214 2900
10016 1778 1777 1711 2970
10017 1257 1324 1322 3074
10018 1711 1777 285 2761
10019 1586 238 1579 969
10020 1758 2964 1692 3023
10021 1177 1180 264 3085
10022 1703 1709 285 2761
10023 1500 1499 978 1626
10024 1873 230 982 1818
10025 1825 2850 1679 3067
10026 1834 231 230 964
10027 2781 2924 2613 3003
10028 1179 2781 2596 2924
10029 1254 1320 2948 2985
10030 1260 1254 265 2985
10031 2814 2874 2562 3067
10032 238 1579 970 1611
10033 1709 1710 1711 2772
10034 1254 1336 1252 2948
10035 1206 1208 1256 3070
10036 1586 979 238 969
10037 1677 1692 234 3023
10038 364 1812 1811 1460
10039 1432 339 1680 340
10040 325 1293 324 1442
10041 1709 1711 2761 3050
10042 264 1254 1253 3085
10043 1680 341 1428 340
10044 1443 1442 1428 3067
10045 1693 1692 1677 3023
10046 970 1579 238 969
10047 1718 1716 1717 2837
10048 1679 2850 1680 3067
10049 1177 2900 2592 3085
10050 1777 1778 1840 2970
10051 1704 1715 1714 3048
10052 1824 1859 1860 2898
10053 180 181 947 1299
10054 1757 1692 1758 2964
10055 1825 1679 1718 3067
10056 2596 2924 2781 3003
10057 1344 1319 1318 2827
10058 1348 327 328 1431
10059 1220 179 178 950
10060 954 1315 182 953
10061 1709 1711 285 2761
10062 934 1605 235 936
10063 1620 1605 934 936
10064 1215 1213 1214 2900
10065 1605 1620 1654 936
10066 1703 1704 1705 2787
10067 1823 1859 1824 2898
10068 1178 263 262 1339
10069 1293 1390 1387 2814
10070 1293 1387 1260 2814
10071 1214 2900 264 3085
10072 1315 182 1321 954
10073 935 953 183 3084
10074 935 183 1333 3084
10075 2626 2840 3131 3132
10076 1177 264 2900 3085
10077 228 241 1612 977
10078 1500 240 1489 967
10079 229 228 1869 977
10080 1260 1320 1254 2985
10081 326 1201 325 1452
10082 979 238 239 1586
10083 968 1489 240 967
10084 1202 1207 1206 2781
10085 241 1626 1612 977
10086 236 1654 939 936
10087 1333 184 935 1334
10088 1499 240 1500 967
10089 179 180 948 1356
10090 1769 1716 1870 2748
10091 1214 264 1253 3085
10092 1654 236 1605 936
10093 240 1499 978 967
10094 1626 241 978 977
10095 970 237 238 1611
10096 934 935 184 1334
10097 1611 237 1654 939
10098 1605 236 235 936
10099 978 1499 241 1626
10100 1612 18 228 343
10101 1611 970 237 939
10102 1605 14 291 934
10103 1489 239 979 968
10104 182 181 1321 954
10105 1586 239 979 1489
10106 1654 237 236 939
10107 228 241 18 1612
10108 240 239 1489 968
10109 1605 235 14 934
10110 185 291 934 1334
10111 935 183 184 1333
10112 1315 183 182 953
10113 185 291 14 934
10114 934 184 185 1334
10115 2811 2758 2897 2631
10116 2811 2897 2758 2571
10117 2553 3049 2957 2771
10118 2553 2957 3049 2858
10119 2655 2957 3049 2771
10120 2655 3049 2957 2858
10121 3144 2689 2892 2792
10122 3144 2892 2689 1835
10123 3006 2738 2990 1566
10124 3006 2990 2738 2598
10125 2885 3086 3078 2730
10126 3078 3086 2885 2823
10127 3138 2790 2623 2890
10128 3138 2623 2790 3057
10129 2857 1497 1496 1498
10130 2857 1496 1497 2670
10131 963 3084 937 1628
10132 937 3084 963 952
10133 2828 2756 2849 2630
10134 2828 2849 2756 2576
10135 3097 1800 3019 1806
10136 3097 3019 1800 2622
10137 2958 2897 2762 2571
10138 2958 2762 2897 2649
10139 2823 1625 1537 2634
10140 2823 1537 1625 1582
10141 2866 1795 1796 1828
10142 2866 1796 1795 2860
10143 2918 1901 2743 1900
10144 2918 2743 1901 2758
10145 2771 3015 3049 2655
10146 2771 3049 3015 2623
10147 2858 3049 3015 2655
10148 2858 3015 3049 2623
10149 1204 2827 1317 1319
10150 1317 2827 1204 2640
10151 2814 2837 3000 2625
10152 3000 2837 2814 2562
10153 3153 2654 2570 2867
10154 3153 2570 2654 3005
10155 3006 1585 2860 1584
10156 3006 2860 1585 2990
10157 1450 2850 2874 1451
10158 2874 2850 1450 2692
10159 2812 1211 1399 2751
10160 2812 1399 1211 1276
10161 2909 2817 2728 2701
10162 2909 2728 2817 2601
10163 3027 2815 2934 2594
10164 3027 2934 2815 2662
10165 2811 3049 2841 2553
10166 2841 3049 2811 2664
10167 2939 3125 3062 2612
10168 3062 3125 2939 2555
10169 2885 1675 3041 2823
10170 2885 3041 1675 1599
10171 2965 2913 1634 2677
10172 2965 1634 2913 1635
10173 2984 1634 2913 2677
10174 2984 2913 1634 1635
10175 2827 2578 1204 2640
10176 2827 1204 2578 2781
10177 3123 1592 2745 1488
10178 3123 2745 1592 2657
10179 2922 1259 1205 1195
10180 2922 1205 1259 3004
10181 1339 2691 2960 1362
10182 2960 2691 1339 2573
10183 2960 1361 1339 1362
10184 2859 2849 2828 2576
10185 2859 2828 2849 2661
10186 1819 1613 344 1546
10187 1819 344 1613 1869
10188 2984 334 333 1544
10189 2984 333 334 2879
10190 2929 3095 2952 2572
10191 2952 3095 2929 2659
10192 2755 3102 2678 2569
10193 2678 3102 2755 2966
10194 2791 1416 1638 1249
10195 2791 1638 1416 2656
10196 2820 1288 1404 1405
10197 3035 2614 2554 2798
10198 3035 2554 2614 2829
10199 1233 3004 2922 1259
10200 2922 3004 1233 2728
10201 2861 1223 2636 2842
10202 2861 2636 1223 1224
10203 2986 3061 2727 1236
10204 2727 3061 2986 2630
10205 3004 1263 1357 1262
10206 3004 1357 1263 2931
10207 3065 1752 1748 1753
10208 3065 1748 1752 2763
10209 2937 1865 2844 1688
10210 2937 2844 1865 2671
10211 2810 2939 1725 2612
10212 1725 2939 2810 2650
10213 3019 1782 1657 1839
10214 3019 1657 1782 2779
10215 2956 2869 2734 2566
10216 2956 2734 2869 2643
10217 1344 2596 944 227
10218 1344 944 2596 2827
10219 3105 3140 3090 981
10220 3090 3140 3105 2639
10221 3090 947 3105 981
10222 3105 947 3090 2639
10223 3086 3107 2615 2795
10224 2615 3107 3086 2889
10225 2917 3149 2765 2678
10226 2765 3149 2917 2679
10227 2769 3062 2863 2555
10228 2863 3062 2769 2647
10229 3111 1454 1455 1571
10230 3111 1455 1454 2709
10231 2942 2943 2992 1564
10232 2992 2943 2942 2755
10233 2823 1548 3041 2822
10234 2823 3041 1548 1675
10235 2914 3080 2601 2651
10236 2601 3080 2914 2732
10237 2834 1265 2842 2782
10238 2834 2842 1265 1266
10239 1223 2842 1265 2782
10240 1223 1265 2842 1266
10241 2890 1210 1484 2751
10242 2890 1484 1210 1673
10243 3038 2698 3039 2552
10244 3038 3039 2698 2619
10245 2611 2940 3134 2887
10246 2611 3134 2940 2846
10247 2652 3134 2940 2887
10248 2652 2940 3134 2846
10249 2901 1265 1223 1398
10250 2901 1223 1265 2782
10251 1652 3111 940 1656
10252 940 3111 1652 2870
10253 3121 1196 1198 1197
10254 3121 1198 1196 2666
10255 2755 2678 2557 2846
10256 2557 2678 2755 2966
10257 3143 1772 2724 1774
10258 3143 2724 1772 2688
10259 2751 2890 1466 1484
10260 1466 2890 2751 2712
10261 1466 1676 2751 1484
10262 2751 1676 1466 2712
10263 3041 3145 3026 2579
10264 3026 3145 3041 2675
10265 2885 1600 3019 2779
10266 2885 3019 1600 1598
10267 2983 2994 2880 2666
10268 2880 2994 2983 2667
10269 3026 3041 3142 2675
10270 3142 3041 3026 2779
10271 2921 1420 2931 1290
10272 2921 2931 1420 2726
10273 2837 1716 289 1718
10274 2837 289 1716 2625
10275 3069 1534 2727 1536
10276 3069 2727 1534 3011
10277 2794 1505 1674 1485
10278 2794 1674 1505 2713
10279 3053 1785 3033 2868
10280 3053 3033 1785 1830
10281 2979 1288 2820 2766
10282 2979 2820 1288 1404
10283 1899 3109 2743 1902
10284 2743 3109 1899 3056
10285 1316 1463 294 1595
10286 1316 294 1463 1244
10287 3053 1762 3033 1830
10288 3053 3033 1762 2927
10289 3106 2621 2556 2698
10290 3106 2556 2621 2854
10291 2719 2556 2621 2698
10292 2719 2621 2556 2854
10293 2879 1425 1437 2831
10294 2879 1437 1425 1436
10295 3107 1550 1538 2986
10296 3107 1538 1550 1551
10297 2789 3149 3036 2551
10298 3036 3149 2789 2679
10299 3028 3104 2590 2768
10300 2590 3104 3028 2934
10301 2972 3148 3062 2574
10302 3062 3148 2972 2673
10303 3092 1352 2993 2676
10304 3092 2993 1352 1379
10305 2887 1669 2915 2764
10306 2887 2915 1669 1616
10307 3108 2664 2771 3049
10308 1560 3011 3151 1562
10309 3151 3011 1560 2778
10310 3096 1740 2951 2736
10311 3096 2951 1740 1738
10312 3120 1539 1662 2756
10313 3120 1662 1539 1627
10314 3084 1569 2930 2760
10315 3084 2930 1569 1593
10316 3127 1422 3012 1240
10317 3127 3012 1422 2835
10318 3151 1663 1661 1561
10319 3151 1661 1663 3032
10320 2993 1247 2783 1246
10321 2993 2783 1247 2893
10322 1468 3054 2885 1494
10323 2885 3054 1468 2730
10324 1419 3012 1422 1376
10325 1419 1422 3012 3047
10326 1222 2700 2871 1343
10327 1222 2871 2700 2739
10328 3111 1455 1570 1571
10329 3111 1570 1455 2930
10330 1268 3074 1323 1322
10331 1323 3074 1268 2991
10332 2794 1483 1487 1485
10333 2794 1487 1483 3034
10334 3147 1465 1456 1575
10335 3147 1456 1465 2902
10336 2958 3108 2771 2570
10337 2771 3108 2958 2664
10338 2894 1320 1369 1386
10339 2894 1369 1320 2686
10340 1518 3063 1645 1670
10341 1645 3063 1518 2773
10342 3120 1624 1525 1627
10343 3120 1525 1624 2875
10344 2819 313 1556 1341
10345 2819 1556 313 1614
10346 2947 1310 178 1255
10347 2947 178 1310 2620
10348 2959 1555 1672 2790
10349 2959 1672 1555 1633
10350 1608 1741 2896 1855
10351 1608 2896 1741 1650
10352 2947 178 1220 1255
10353 2947 1220 178 950
10354 3109 1893 1729 1734
10355 3109 1729 1893 2813
10356 3127 1242 2960 1241
10357 3127 2960 1242 3098
10358 2711 3132 1809 1841
10359 1809 3132 2711 2920
10360 1292 3061 1230 1235
10361 1230 3061 1292 2849
10362 1426 1348 3122 1346
10363 1426 3122 1348 1431
10364 2970 1888 2839 2969
10365 2970 2839 1888 1840
10366 3082 1823 2928 1791
10367 3082 2928 1823 2693
10368 1747 2928 1823 1791
10369 1747 1823 2928 2693
10370 3007 962 949 2695
10371 3007 949 962 945
10372 1224 2861 1226 1225
10373 1224 1226 2861 2994
10374 1587 2973 1473 1472
10375 1473 2973 1587 2877
10376 2753 1256 3070 2685
10377 2753 3070 1256 1208
10378 1452 1200 2705 1438
10379 1452 2705 1200 1201
10380 3112 3070 2752 2561
10381 3112 2752 3070 2613
10382 3023 2757 2964 2620
10383 3023 2964 2757 2595
10384 3090 1305 2708 1301
10385 3090 2708 1305 3032
10386 1326 2708 1305 1301
10387 1326 1305 2708 3032
10388 1326 1535 297 1663
10389 1326 297 1535 1325
10390 3118 1393 1639 2820
10391 3118 1639 1393 1258
10392 2719 3039 943 2620
10393 2719 943 3039 2621
10394 3023 943 3039 2620
10395 3023 3039 943 2621
10396 2723 2988 1349 1391
10397 2723 1349 2988 2935
10398 1414 1349 2988 1391
10399 1414 2988 1349 2935
10400 1658 1434 2848 1312
10401 2848 1434 1658 330
10402 2848 2747 1658 1312
10403 1658 2747 2848 330
10404 3050 1184 2754 2761
10405 3050 2754 1184 2561
10406 1179 227 1207 13
10407 1179 1207 227 2596
10408 1344 1207 227 13
10409 1344 227 1207 2596
10410 3110 3146 3099 2642
10411 3099 3146 3110 2748
10412 3132 2904 2594 2920
10413 3132 2594 2904 2840
10414 2920 2629 3082 1178
10415 2920 3082 2629 2908
10416 2874 1293 3067 2814
10417 2874 3067 1293 1442
10418 3110 2625 2575 2863
10419 3110 2575 2625 2748
10420 2754 1395 1208 2753
10421 2754 1208 1395 1194
10422 288 3085 2748 1180
10423 2748 3085 288 2592
10424 3050 1711 2665 2772
10425 3050 2665 1711 2761
10426 2899 1177 2898 2605
10427 2899 2898 1177 2592
10428 1182 3067 266 1181
10429 266 3067 1182 1429
10430 967 1489 1491 968
10431 967 1491 1489 1500
10432 263 2900 264 1213
10433 264 2900 263 1177
10434 1432 3067 1443 1428
10435 1443 3067 1432 2850
10436 3146 1870 1769 1733
10437 3146 1769 1870 2748
10438 969 1586 1490 1579
10439 969 1490 1586 979
10440 341 3067 1680 1428
10441 1680 3067 341 1679
10442 3084 183 1315 953
10443 3084 1315 183 1333
10444 1339 2960 2838 1361
10445 2838 2960 1339 2573
10446 3252 3177 3408 3585
10447 2116 3418 3403 3752
10448 3177 3355 3252 3408
10449 1019 3530 2389 3606
10450 3218 3338 1927 3349
10451 1693 3352 3315 3427
10452 3246 3688 3342 3699
10453 3157 3227 3380 3424
10454 3168 3272 3459 3460
10455 3158 3332 3204 3641
10456 3166 3294 3266 3298
10457 2156 3401 3236 3735
10458 2227 3306 3519 3698
10459 3196 3235 3444 3643
10460 3403 3418 3203 3752
10461 3235 3318 3247 3444
10462 3196 3235 3247 3444
10463 3279 3280 1949 3575
10464 1770 3330 3381 3468
10465 3234 3475 1931 3623
10466 3170 3227 3314 3427
10467 3249 3350 2192 3613
10468 3266 3294 3174 3298
10469 3170 3314 3227 3380
10470 1835 3247 3600 3663
10471 3216 3448 3461 3487
10472 2156 3236 2170 3735
10473 3246 3342 3426 3699
10474 3324 3515 3457 3597
10475 3269 3320 3268 3413
10476 3189 3315 1693 3352
10477 2058 3395 3436 3520
10478 2222 3311 3222 3504
10479 3268 3423 3231 3424
10480 3223 3548 3388 3695
10481 3272 3327 1910 3574
10482 3248 3335 1735 3607
10483 3185 3269 3289 3470
10484 1023 247 246 2372
10485 3448 3461 3245 3730
10486 2309 3526 3276 3600
10487 3160 3252 3408 3585
10488 2289 3389 3395 3603
10489 1985 3346 3301 3382
10490 3210 3187 3357 3611
10491 3183 3392 3339 3440
10492 3264 3411 2171 3629
10493 2074 3520 3307 3734
10494 3155 3457 3515 3597
10495 3183 3258 3392 3440
10496 3170 3271 3314 3380
10497 3170 3314 3315 3427
10498 3336 3452 3405 3673
10499 3535 3589 3215 3620
10500 3209 3282 3231 3350
10501 3242 3496 3292 3541
10502 3159 3296 3260 3678
10503 1949 3280 3279 3507
10504 3192 3437 3400 3542
10505 2157 2170 3236 3479
10506 3241 3364 3242 3544
10507 1994 2171 3264 3411
10508 1770 3262 3330 3468
10509 3227 3309 3170 3380
10510 1815 3591 3453 3608
10511 1771 3308 3262 3670
10512 2003 3283 3477 3592
10513 3324 3254 3515 3597
10514 3196 3303 3621 3766
10515 2142 3233 3587 3628
10516 3220 3495 3181 3690
10517 1999 3277 1998 3445
10518 2227 2311 3306 3698
10519 3172 3405 3336 3452
10520 3163 3331 3332 3571
10521 2007 3185 3269 3289
10522 3390 3529 2363 3687
10523 3172 3346 3336 3405
10524 3302 3507 1957 3695
10525 1689 3614 3319 3660
10526 2180 3322 3338 3710
10527 3155 3254 3278 3459
10528 3184 3268 3231 3424
10529 2106 3321 3491 3569
10530 3368 3215 3589 3620
10531 3196 3444 3247 3500
10532 3304 3511 3439 3667
10533 2289 3389 3277 3395
10534 1927 3379 3218 3736
10535 2332 2097 3283 3477
10536 3433 3528 1754 3614
10537 1874 3589 3535 3620
10538 1931 3484 3234 3623
10539 3168 3385 3278 3618
10540 3196 3444 3500 3643
10541 3260 3319 3614 3660
10542 3218 3349 1927 3665
10543 3157 3423 3268 3424
10544 1958 3302 3223 3410
10545 3157 3372 3223 3692
10546 3157 3314 3271 3380
10547 3198 3395 3389 3603
10548 3227 3314 3157 3380
10549 3272 3457 3327 3476
10550 2090 3338 3322 3518
10551 1030 245 244 2383
10552 2107 1927 1923 3349
10553 3160 3461 3448 3487
10554 3155 3278 3254 3490
10555 1939 3422 3225 3761
10556 3218 3665 1927 3736
10557 3282 3304 3231 3350
10558 1958 3223 3302 3695
10559 2112 3243 3491 3728
10560 3198 3436 3395 3520
10561 3157 3223 3423 3692
10562 3319 3449 3260 3614
10563 1815 3352 3591 3608
10564 3201 3292 3242 3565
10565 3273 3174 3294 3704
10566 3155 3515 3254 3597
10567 3233 2144 3341 3564
10568 3297 3612 3310 3725
10569 3243 3377 3336 3442
10570 2309 3276 3596 3600
10571 1906 3274 3589 3763
10572 1927 3338 3218 3379
10573 3418 3501 2104 3744
10574 3206 3234 3299 3508
10575 2107 1927 3349 3665
10576 1719 3236 1723 3607
10577 3266 3200 3429 3430
10578 3183 3392 3258 3714
10579 3200 3496 3292 3565
10580 1697 3189 1693 3352
10581 3165 3299 3234 3508
10582 3350 3693 3304 3717
10583 3328 3369 2087 3697
10584 3237 3338 2308 3379
10585 1770 3381 1776 3468
10586 3248 3404 3196 3553
10587 3402 3446 3263 3495
10588 3282 3350 3209 3703
10589 3271 3372 3157 3380
10590 3247 3444 3318 3600
10591 3412 3413 3184 3554
10592 3167 3294 3275 3704
10593 3249 3693 3350 3717
10594 3439 3511 3270 3667
10595 3220 3181 3446 3690
10596 3212 3455 3262 3468
10597 3187 3210 3357 3371
10598 2217 3247 3235 3318
10599 3188 3280 3279 3575
10600 3322 3338 3175 3518
10601 3228 3324 3319 3457
10602 2393 2312 3267 3698
10603 2312 3300 3267 3698
10604 3339 3392 3199 3440
10605 3162 3522 3248 3572
10606 2097 2353 3283 3646
10607 3252 3408 3355 3412
10608 3219 3501 3418 3744
10609 3238 3215 3356 3620
10610 1742 3404 1743 3553
10611 2107 1927 3665 3736
10612 3188 3279 3280 3407
10613 3247 3318 2217 3600
10614 2116 3403 2114 3752
10615 1910 3327 3272 3563
10616 1949 3302 3280 3507
10617 3279 3280 3180 3507
10618 3182 3470 3216 3487
10619 3555 3599 3190 3734
10620 1939 3225 3422 3729
10621 2363 3390 3362 3529
10622 3159 3260 3296 3467
10623 3419 3458 1797 3616
10624 3218 3360 3237 3515
10625 2020 3341 2144 3564
10626 1835 1836 1891 3247
10627 3263 3446 3220 3495
10628 1742 1743 1736 3553
10629 3331 3581 3332 3608
10630 1891 1835 3247 3600
10631 3254 3278 3169 3287
10632 1998 3277 2200 3445
10633 3161 3225 3365 3664
10634 3283 3646 3284 3695
10635 2227 2311 2229 3306
10636 3337 3635 3212 3670
10637 3297 3191 3612 3725
10638 3260 3614 3276 3660
10639 2007 3269 2070 3289
10640 3276 3260 3449 3614
10641 1719 3335 3236 3607
10642 3216 3289 3182 3531
10643 3160 3464 3252 3585
10644 1719 1735 3335 3607
10645 3321 3491 3243 3728
10646 1743 3404 3248 3553
10647 2289 2341 3277 3389
10648 3353 3455 3344 3464
10649 3166 3294 3298 3325
10650 3332 3482 3361 3641
10651 3263 3356 3238 3495
10652 3454 3501 3418 3662
10653 3205 3444 3256 3663
10654 3161 3392 3225 3664
10655 3303 3522 3196 3621
10656 3231 3282 3209 3423
10657 2328 3362 3317 3696
10658 3328 3339 3199 3440
10659 3265 3466 3370 3648
10660 3180 3280 3279 3407
10661 3418 3484 3203 3752
10662 3158 3562 3581 3608
10663 3221 3262 3212 3455
10664 1800 3453 3374 3579
10665 3197 3335 1716 3636
10666 3157 3372 3271 3713
10667 3336 3405 3186 3673
10668 3165 3234 3299 3345
10669 3268 3320 3269 3447
10670 3444 3500 3256 3663
10671 2116 3484 3418 3752
10672 3170 3314 3271 3651
10673 2289 3277 2341 3395
10674 3250 3345 3165 3471
10675 3350 3613 3249 3717
10676 3231 3424 3423 3492
10677 3183 3339 3328 3440
10678 3199 3437 3258 3542
10679 3209 3350 3231 3492
10680 3245 3448 3160 3461
10681 2275 3435 3419 3696
10682 1770 3330 1779 3381
10683 3205 3256 3451 3663
10684 3324 3515 3254 3738
10685 3396 3446 3181 3690
10686 3317 3362 2328 3530
10687 3185 3413 3269 3470
10688 3181 3446 3402 3495
10689 1937 1949 3280 3575
10690 3336 3346 3186 3405
10691 3195 3241 279 3305
10692 1980 3280 2105 3302
10693 3182 3487 3216 3531
10694 1960 3388 3548 3695
10695 3207 3458 3419 3616
10696 3160 3268 3408 3412
10697 3162 3533 3522 3572
10698 2227 3306 2229 3519
10699 1791 3343 3312 3486
10700 3188 3316 3279 3407
10701 1814 3230 3334 3425
10702 3277 3389 3198 3395
10703 1937 3280 3434 3575
10704 3278 3459 3254 3597
10705 2240 3532 3375 3611
10706 3246 3210 3611 3661
10707 2020 3286 3341 3564
10708 2193 3304 3282 3350
10709 2021 3474 3286 3518
10710 3159 3506 3296 3678
10711 3288 3495 3290 3497
10712 3174 3273 3294 3430
10713 3342 3688 1726 3699
10714 3194 3365 3225 3422
10715 3418 3501 3454 3516
10716 2192 3350 3249 3693
10717 1993 3264 2171 3479
10718 2193 3350 3282 3703
10719 2360 3414 3249 3613
10720 2223 3222 3439 3504
10721 3217 3272 3327 3476
10722 3211 3361 3332 3482
10723 3322 3175 3338 3710
10724 3221 3405 2232 3545
10725 1999 1998 3277 3395
10726 2311 3390 3306 3698
10727 1948 3299 3232 3341
10728 2136 3346 1985 3382
10729 3372 3380 3271 3509
10730 3157 3423 3223 3447
10731 1797 3370 1706 3419
10732 3236 3479 2170 3735
10733 3280 3291 1950 3434
10734 3206 3299 3234 3475
10735 3173 3468 3330 3545
10736 3167 3356 3263 3573
10737 3219 3418 3501 3662
10738 3200 3292 3266 3429
10739 3165 3303 3250 3409
10740 3188 3361 3383 3482
10741 3215 3368 3356 3620
10742 2157 3479 3236 3505
10743 3228 3319 3327 3457
10744 3205 3296 3256 3444
10745 2232 3405 3221 3558
10746 3168 3272 3406 3459
10747 3243 3491 3442 3747
10748 3237 3360 3155 3515
10749 1980 3224 3280 3302
10750 1754 3276 1755 3433
10751 3310 3612 3191 3725
10752 3332 3540 3163 3582
10753 3214 3453 1807 3579
10754 3217 3327 3457 3476
10755 1770 1779 1776 3381
10756 3276 3433 1754 3614
10757 3231 3177 3304 3408
10758 3363 3461 3160 3487
10759 3160 3408 3252 3412
10760 3228 3327 3272 3459
10761 2040 3442 3285 3491
10762 3173 3381 3330 3468
10763 3319 3324 3179 3457
10764 3189 3352 1697 3608
10765 1957 1958 3302 3695
10766 3240 3542 3258 3709
10767 1807 3425 3214 3579
10768 3294 3440 3258 3469
10769 3249 3613 3414 3717
10770 3191 3360 3237 3379
10771 3350 3656 3209 3703
10772 3245 3304 3177 3408
10773 3298 3377 3266 3617
10774 1794 1750 3337 3635
10775 3186 3336 3377 3442
10776 3290 3495 3238 3497
10777 3164 3258 3437 3542
10778 1726 3426 3342 3699
10779 3292 3496 3242 3565
10780 1719 1723 1735 3607
10781 3252 3355 1822 3576
10782 3284 3507 3302 3695
10783 2192 3304 3350 3693
10784 2040 3442 3491 3747
10785 3415 3416 3230 3624
10786 3222 3311 2222 3741
10787 3191 3297 3365 3725
10788 3231 3268 3184 3408
10789 1801 1802 2352 3249
10790 3160 3363 3245 3461
10791 3345 3471 1946 3655
10792 3175 3515 3324 3738
10793 1697 3352 1817 3591
10794 3220 3356 3167 3573
10795 3211 3383 3361 3482
10796 3219 3501 3454 3662
10797 2151 3479 2167 3505
10798 3155 3254 3459 3597
10799 3247 3500 3444 3663
10800 3169 3278 3254 3597
10801 3161 3225 3392 3683
10802 3292 3430 3266 3541
10803 3368 3589 1867 3620
10804 3565 3609 3202 3712
10805 3250 3165 3347 3471
10806 3210 3246 3488 3661
10807 3240 3392 3258 3542
10808 3180 3279 3316 3407
10809 3265 3529 2238 3648
10810 3157 3380 3372 3509
10811 3159 3260 3449 3678
10812 3158 3482 3332 3641
10813 3160 3363 3464 3585
10814 3299 3341 2053 3473
10815 3270 3330 3173 3585
10816 3211 3163 3540 3685
10817 3294 3174 3298 3325
10818 1815 3453 3334 3608
10819 2362 2327 2363 3390
10820 3237 3379 2308 3546
10821 3230 3571 3570 3624
10822 3266 3292 3200 3430
10823 3299 3345 3234 3655
10824 3336 3346 3301 3442
10825 3211 3331 3163 3685
10826 3411 3615 3264 3744
10827 3167 3356 3220 3469
10828 2157 3236 2156 3401
10829 3181 3220 3446 3495
10830 3212 3221 3455 3543
10831 3199 3258 3437 3440
10832 2306 3465 3265 3466
10833 3362 3267 3530 3668
10834 3155 3237 3515 3672
10835 3161 3495 3288 3497
10836 1792 1770 3262 3330
10837 3264 2032 3411 3744
10838 3275 3294 3167 3325
10839 3167 3294 3258 3469
10840 2124 3385 3367 3625
10841 2201 2289 2341 3395
10842 2222 3222 2223 3504
10843 3238 3290 3181 3495
10844 3265 2292 3466 3648
10845 3164 3274 3273 3499
10846 3258 3294 3167 3499
10847 3161 3365 3225 3366
10848 2262 3637 3389 3700
10849 3250 3303 3165 3345
10850 2030 3628 3287 3665
10851 3327 3457 3272 3459
10852 3162 3522 3303 3621
10853 2309 3433 3276 3526
10854 3302 3692 3284 3695
10855 3218 3237 3338 3515
10856 1828 3419 3435 3458
10857 3252 3173 3381 3585
10858 2157 3236 1842 3505
10859 3218 3254 3349 3665
10860 3200 3496 3430 3541
10861 3165 3250 3347 3409
10862 3354 3264 3615 3744
10863 3217 3457 3326 3672
10864 3615 3662 3261 3765
10865 3455 3464 3353 3609
10866 3234 3165 3508 3748
10867 1828 3419 1796 3435
10868 2142 2144 3233 3564
10869 1942 1939 3422 3625
10870 2096 3339 3328 3534
10871 1743 3248 1736 3553
10872 3267 2328 3362 3530
10873 3157 3423 3424 3492
10874 3367 3422 1939 3625
10875 1931 1933 3484 3623
10876 3199 3258 3392 3542
10877 3192 3400 3523 3542
10878 3190 3519 3431 3555
10879 1792 3262 2230 3330
10880 2196 3186 3405 3558
10881 3155 3360 3237 3672
10882 2070 3269 1961 3289
10883 2349 3439 3304 3511
10884 1028 1019 2389 3606
10885 2200 3277 1998 3395
10886 3181 3290 3238 3604
10887 3277 3445 1999 3675
10888 1899 1910 3327 3574
10889 3356 3215 3499 3704
10890 3157 3447 3223 3713
10891 3223 3372 3157 3713
10892 3177 3231 3304 3450
10893 3166 3298 3266 3617
10894 2237 3293 3465 3733
10895 1872 3485 3238 3535
10896 3264 3354 2032 3744
10897 3162 3662 3615 3765
10898 3266 3298 3174 3764
10899 3400 3437 3199 3542
10900 3272 3459 3457 3476
10901 2070 3269 3185 3549
10902 3172 3270 3405 3452
10903 1797 1798 1706 3370
10904 3328 3339 2096 3768
10905 1748 3337 1750 3635
10906 3166 3377 3298 3617
10907 3220 3263 3356 3573
10908 3203 3303 3345 3586
10909 3234 3345 3165 3586
10910 3245 3408 3160 3650
10911 3370 3466 2292 3648
10912 3245 3504 3363 3667
10913 3302 3372 3223 3410
10914 1753 3428 3337 3438
10915 3336 3442 3301 3747
10916 3264 2171 3479 3629
10917 3173 3464 3381 3724
10918 3200 3430 3292 3541
10919 3283 3284 3646 3703
10920 3225 3365 3194 3366
10921 3296 3559 3260 3678
10922 3556 3658 1848 3677
10923 3258 3542 3164 3709
10924 3263 3368 1845 3620
10925 3258 3437 3294 3499
10926 3489 3707 3291 3722
10927 3177 3450 3304 3693
10928 3156 3259 3336 3455
10929 3284 1957 3507 3695
10930 3217 3432 3326 3457
10931 3269 3413 3268 3448
10932 3217 3179 3432 3457
10933 3161 3366 3225 3683
10934 3233 3341 2144 3587
10935 3285 3377 3243 3442
10936 3226 3559 3472 3719
10937 2017 2308 3338 3379
10938 3283 2117 3646 3695
10939 3418 3516 3454 3662
10940 3236 3335 3248 3607
10941 3203 3345 3303 3560
10942 2325 3501 3418 3516
10943 3187 3246 3611 3661
10944 3494 3590 1883 3607
10945 3309 3380 3227 3424
10946 3231 3184 3424 3450
10947 3211 3685 3540 3733
10948 3173 3252 3381 3464
10949 2232 3262 3221 3545
10950 3374 3453 3214 3579
10951 1794 3635 3337 3670
10952 3226 3659 3347 3726
10953 3220 3356 3263 3495
10954 3261 3662 3454 3765
10955 3275 3294 3174 3704
10956 3181 3288 3476 3760
10957 1810 1811 3275 3384
10958 3347 3659 3619 3726
10959 3173 3252 3464 3585
10960 3160 3408 3363 3585
10961 3268 3184 3412 3413
10962 2050 3285 2054 3369
10963 1874 1867 3589 3620
10964 3216 3448 3289 3595
10965 3205 3256 3296 3559
10966 3177 3249 3450 3693
10967 1753 3428 3438 3578
10968 3163 3332 3211 3540
10969 3238 3356 3263 3620
10970 3245 3461 3363 3504
10971 3310 3601 2132 3625
10972 3172 3363 3461 3504
10973 3196 3247 3235 3502
10974 3167 3356 3258 3499
10975 2217 3235 2391 3318
10976 3162 3572 3248 3602
10977 2275 2283 3419 3435
10978 3225 3367 3194 3422
10979 3218 3254 3287 3490
10980 3163 3331 3211 3332
10981 3259 3363 3160 3487
10982 3282 3283 3176 3657
10983 3252 3480 3177 3585
10984 3450 3556 3359 3658
10985 3223 3692 3302 3695
10986 3356 3368 3215 3704
10987 3238 3497 3495 3598
10988 1996 3422 3310 3625
10989 3167 3263 3356 3368
10990 2196 3405 3186 3640
10991 3168 3406 3278 3459
10992 3361 3482 3188 3641
10993 2058 3395 3520 3632
10994 3291 3707 2005 3722
10995 2242 3399 3316 3654
10996 3288 3490 3406 3760
10997 2054 3369 3285 3593
10998 3317 3362 3530 3668
10999 3176 3283 3282 3627
11000 3282 3304 3245 3650
11001 3183 3664 3392 3714
11002 3218 3349 3254 3515
11003 1771 1886 3262 3308
11004 2232 3221 3262 3421
11005 3252 3355 3177 3480
11006 3204 3291 3158 3641
11007 3215 3238 3535 3620
11008 2237 2238 3465 3529
11009 2020 2145 2144 3341
11010 3197 3404 3472 3727
11011 3157 3423 3509 3692
11012 2011 3474 2021 3518
11013 1897 3483 3308 3557
11014 3176 3282 3423 3627
11015 3181 3288 3290 3476
11016 2203 3656 3350 3703
11017 3191 3310 3360 3379
11018 3259 3452 3336 3455
11019 2227 3519 3431 3698
11020 1822 3355 1821 3576
11021 3198 3277 3361 3540
11022 3187 3371 3357 3581
11023 3308 3337 1794 3557
11024 1779 3381 3330 3480
11025 3437 3192 3541 3542
11026 3232 3299 1948 3471
11027 3177 3408 3231 3450
11028 3214 3331 3374 3633
11029 3215 3238 3356 3598
11030 3457 3515 3324 3652
11031 3236 3248 3602 3607
11032 1996 3310 3422 3612
11033 1696 3426 3352 3427
11034 1794 3337 3308 3670
11035 3243 3377 3285 3568
11036 3367 3422 3225 3729
11037 3292 3353 3156 3429
11038 1891 1836 2259 3247
11039 2112 3243 3728 3747
11040 3361 3383 3211 3637
11041 3164 3437 3258 3499
11042 3211 3540 3389 3733
11043 1822 3355 3252 3480
11044 3199 3392 3258 3440
11045 3173 3344 3455 3464
11046 3252 3480 3381 3724
11047 3254 3490 3218 3515
11048 3183 3440 3328 3697
11049 2108 2104 3418 3501
11050 3381 3464 3252 3724
11051 3218 3237 3360 3379
11052 3173 3455 3344 3468
11053 3194 3385 3366 3618
11054 3197 3472 3404 3636
11055 3155 3515 3326 3672
11056 3212 3262 3221 3543
11057 3415 3624 3230 3762
11058 2013 3520 3436 3582
11059 3329 3373 1971 3534
11060 3416 3540 3624 3647
11061 3288 3360 3490 3760
11062 3213 3590 3494 3607
11063 3339 3392 3183 3664
11064 3186 3405 3346 3640
11065 3238 3402 3263 3495
11066 3217 3327 3272 3574
11067 3167 3356 3499 3704
11068 3319 3324 3228 3443
11069 3170 3309 3227 3427
11070 3535 3536 3215 3589
11071 3297 3422 3310 3612
11072 3230 3624 3570 3762
11073 3214 3633 3374 3732
11074 1985 3382 3301 3716
11075 2238 3265 3465 3529
11076 3359 3658 3556 3677
11077 3188 3434 3280 3575
11078 3210 3488 3371 3661
11079 3184 3408 3268 3412
11080 3243 3336 3377 3568
11081 1872 3238 3485 3604
11082 2096 3328 2095 3534
11083 2020 3341 3286 3473
11084 2344 1876 3330 3481
11085 3231 3304 3282 3650
11086 3168 3460 3312 3486
11087 2311 2379 2229 3306
11088 2058 3395 2092 3436
11089 2312 2329 3267 3300
11090 3344 3455 3212 3468
11091 2332 2002 2097 3477
11092 2180 3322 2090 3338
11093 3172 3301 3346 3382
11094 2003 3477 2002 3592
11095 3283 3646 2353 3703
11096 1736 3553 3248 3590
11097 3371 3482 3357 3581
11098 3266 3430 3294 3437
11099 3319 3179 3327 3457
11100 2170 2156 2157 3236
11101 2157 2167 2170 3479
11102 3261 3454 2169 3594
11103 3285 3491 3243 3568
11104 3357 3371 3210 3482
11105 3256 3500 3444 3643
11106 3436 3520 3198 3582
11107 3277 3389 3361 3540
11108 3328 3329 2095 3534
11109 1786 1897 3308 3557
11110 1894 3480 3330 3481
11111 3216 3461 3448 3730
11112 1970 3373 3297 3534
11113 3310 3379 3191 3612
11114 3311 3346 2136 3382
11115 2148 3655 3234 3752
11116 2157 1842 3236 3401
11117 2238 3265 2306 3465
11118 3219 3454 3261 3662
11119 2317 3270 3439 3511
11120 3209 3231 3423 3492
11121 3245 3177 3304 3667
11122 3205 3559 3296 3678
11123 3236 3261 3602 3615
11124 1902 3528 3537 3574
11125 3267 3300 2329 3606
11126 3224 3302 1980 3410
11127 3240 3195 3305 3544
11128 3426 3653 3342 3720
11129 3397 3587 3233 3628
11130 3270 3172 3405 3504
11131 3476 3672 3181 3760
11132 3521 3646 3284 3703
11133 3205 3451 3256 3559
11134 2388 2389 1019 2365
11135 3166 3298 3377 3584
11136 3467 3493 3260 3719
11137 3179 3324 3319 3449
11138 3257 3526 3524 3527
11139 3209 3423 3282 3627
11140 3228 3457 3327 3459
11141 3174 3294 3275 3325
11142 2311 2379 3306 3390
11143 3283 3592 3176 3657
11144 3354 3630 2082 3744
11145 3243 3442 3336 3747
11146 3281 3502 3196 3621
11147 3266 3292 3156 3429
11148 3180 3316 3279 3669
11149 3361 3211 3389 3637
11150 3359 3556 3450 3677
11151 1883 1722 3494 3607
11152 3196 3404 3256 3500
11153 1872 3238 1854 3620
11154 3308 3421 3262 3543
11155 2092 3395 3277 3436
11156 3431 3519 2060 3555
11157 3248 3196 3404 3522
11158 1755 3276 2309 3433
11159 3155 3459 3457 3597
11160 3175 3324 3547 3738
11161 1892 3281 2250 3645
11162 3174 3557 3273 3757
11163 2262 3383 3637 3700
11164 2061 3305 3241 3769
11165 2353 2332 2097 3283
11166 3155 3490 3254 3515
11167 2112 3491 2106 3728
11168 1783 3374 3453 3591
11169 3200 3292 3496 3541
11170 2142 3564 3233 3628
11171 2329 2393 2312 3267
11172 1000 3300 3267 3606
11173 3182 3289 3216 3470
11174 2059 3436 2013 3520
11175 2327 3362 2363 3390
11176 3245 3160 3448 3650
11177 3181 3290 3288 3495
11178 2275 3317 3435 3696
11179 3246 3187 3375 3661
11180 3293 3603 2233 3687
11181 2228 3431 2227 3519
11182 3352 3661 3426 3699
11183 3160 3268 3412 3413
11184 3308 3337 3212 3670
11185 3207 3370 3265 3616
11186 3172 3363 3259 3487
11187 3406 3490 3288 3618
11188 3296 3444 3165 3726
11189 2287 3603 3395 3632
11190 3256 3444 3296 3726
11191 3218 3287 3254 3665
11192 3280 3180 3507 3681
11193 3330 3468 3262 3545
11194 2274 3445 3277 3637
11195 2169 3454 3261 3644
11196 3384 3483 3275 3580
11197 3491 3568 3285 3617
11198 3270 3330 3585 3667
11199 3326 3432 3179 3457
11200 1729 3528 3432 3537
11201 3267 3503 3390 3679
11202 3336 3455 3452 3673
11203 2265 1008 2320 3737
11204 3319 3327 1865 3671
11205 3205 3247 3444 3663
11206 1996 3310 2132 3625
11207 3212 3337 3308 3543
11208 1779 1895 3381 3480
11209 3265 3616 3230 3762
11210 3297 3373 3183 3534
11211 2105 3280 1949 3302
11212 2017 2308 3379 3546
11213 3216 3382 3301 3487
11214 3370 3425 1803 3466
11215 3206 3234 3508 3748
11216 3210 3371 3271 3407
11217 1939 3422 3367 3729
11218 3278 3287 3254 3490
11219 2044 3311 3382 3689
11220 3198 3389 3277 3540
11221 1769 3472 3197 3636
11222 1901 3272 3574 3639
11223 3242 3496 3541 3544
11224 2265 3577 1008 3737
11225 3277 3389 2341 3637
11226 3396 3634 3446 3754
11227 3318 3444 3205 3600
11228 3161 3495 3497 3598
11229 3186 3313 2184 3640
11230 3160 3259 3487 3706
11231 1970 3297 3373 3612
11232 2352 3249 1802 3481
11233 3419 3435 3317 3696
11234 1978 1957 3302 3507
11235 3241 3541 3192 3542
11236 3214 3265 3465 3466
11237 3405 3452 3221 3673
11238 3416 3540 3163 3624
11239 3217 3326 3432 3672
11240 2223 3439 3222 3477
11241 3167 3368 3356 3704
11242 2380 3418 3484 3516
11243 2390 2255 3551 3637
11244 3200 3438 3428 3578
11245 3285 3442 3243 3491
11246 3351 3292 3565 3609
11247 1807 3334 3214 3425
11248 3288 3618 3490 3725
11249 1965 3301 3531 3716
11250 3187 3532 3357 3611
11251 3188 3383 3361 3637
11252 3173 3344 3464 3724
11253 1992 2040 3285 3491
11254 3186 3346 3336 3442
11255 1726 3342 3426 3653
11256 3272 3327 3228 3563
11257 1781 3466 3425 3579
11258 3158 3291 3280 3641
11259 3267 3362 2327 3390
11260 1871 1872 1854 3620
11261 3183 3373 3329 3534
11262 1872 1854 3238 3604
11263 1805 3370 1803 3466
11264 2310 3433 3432 3528
11265 3231 3350 3304 3717
11266 3266 3294 3166 3437
11267 2281 3521 3376 3669
11268 3156 3455 3336 3673
11269 2108 3418 2346 3501
11270 3306 3190 3519 3698
11271 3164 3430 3273 3496
11272 3172 3301 3336 3346
11273 3184 3231 3408 3450
11274 1691 3327 3319 3614
11275 3371 3407 3210 3482
11276 2180 3338 2308 3710
11277 3320 3340 3268 3413
11278 3188 3407 3280 3641
11279 3408 3585 3177 3667
11280 3180 3376 3284 3521
11281 3156 3377 3336 3568
11282 3246 3552 2240 3611
11283 2281 3399 3521 3669
11284 1915 3313 3329 3697
11285 2033 1994 2171 3264
11286 3200 3353 3292 3429
11287 3189 3332 3331 3571
11288 2135 2133 2134 3403
11289 3406 3476 3288 3760
11290 2382 3275 1811 3384
11291 3196 3256 3404 3643
11292 3164 3274 3499 3709
11293 3203 3403 3345 3560
11294 2328 2327 3267 3362
11295 3172 3259 3363 3452
11296 2148 3234 1931 3752
11297 3271 3371 3210 3488
11298 2229 3519 3306 3632
11299 2097 3283 2117 3646
11300 3260 3451 3660 3678
11301 3250 3409 3303 3533
11302 1806 3425 1807 3579
11303 3217 3272 3476 3574
11304 3164 3273 3274 3496
11305 3165 3345 3303 3586
11306 3175 3338 3326 3515
11307 2391 3235 2218 3318
11308 3289 3448 3269 3595
11309 3400 3199 3523 3542
11310 3235 3247 2217 3502
11311 1779 3330 1894 3480
11312 3337 3428 3200 3438
11313 2262 3389 2261 3700
11314 3473 3475 2051 3655
11315 3413 3448 3269 3470
11316 3363 3585 3408 3667
11317 3332 3361 3204 3641
11318 3326 3515 3237 3672
11319 1822 3480 3252 3724
11320 2011 2021 2081 3518
11321 3170 3371 3271 3488
11322 3324 3443 3319 3449
11323 2295 3376 2121 3751
11324 2390 3551 3445 3637
11325 1748 3438 3337 3635
11326 3194 3225 3366 3367
11327 3382 3689 3461 3730
11328 3306 3520 3519 3679
11329 3331 3214 3374 3453
11330 3268 3340 3184 3413
11331 3323 3397 3233 3420
11332 3194 3278 3385 3618
11333 2013 3307 3520 3582
11334 3176 3423 3282 3650
11335 3180 3279 3376 3669
11336 2316 3435 2322 3686
11337 3261 3615 3219 3662
11338 3209 3521 3284 3703
11339 2389 3530 2367 3606
11340 3202 3565 3353 3609
11341 3386 3391 1857 3402
11342 3297 1995 3422 3612
11343 1994 3264 2033 3411
11344 3163 3333 3332 3582
11345 1851 1848 3658 3677
11346 3356 3368 3263 3620
11347 995 3606 2213 3737
11348 3439 3504 3245 3667
11349 3188 3316 3407 3482
11350 2328 3317 2276 3696
11351 3215 3499 3274 3709
11352 3519 3555 3190 3734
11353 1783 3375 3374 3591
11354 3337 3438 3212 3635
11355 1922 1921 1923 3349
11356 1797 3370 3419 3616
11357 2360 3249 2192 3613
11358 1015 3267 3530 3606
11359 3294 3499 3273 3704
11360 1797 3458 3417 3616
11361 2381 3251 2182 3613
11362 3396 3672 3360 3760
11363 3425 3466 3265 3570
11364 3401 3494 1722 3607
11365 3164 3541 3496 3544
11366 3295 3580 3325 3583
11367 3386 3391 3181 3476
11368 3282 3423 3231 3650
11369 2011 3322 3474 3518
11370 3234 3475 3299 3655
11371 3418 3630 3219 3744
11372 1829 1826 3260 3493
11373 1802 3249 1880 3481
11374 3183 3329 3328 3534
11375 3391 3402 3181 3446
11376 1901 3272 1910 3574
11377 2283 1796 3419 3435
11378 1693 3427 3315 3513
11379 2236 2363 3529 3687
11380 3311 3346 3172 3405
11381 3223 3410 3372 3713
11382 3237 3218 3338 3379
11383 2044 3311 3689 3741
11384 3231 3450 3424 3717
11385 3162 3615 3261 3765
11386 3591 3661 3352 3699
11387 2305 2238 3529 3648
11388 2237 2233 3293 3733
11389 1695 3352 1696 3426
11390 3232 3619 3347 3659
11391 2250 3502 2335 3645
11392 3166 3584 3377 3617
11393 1785 3309 1903 3426
11394 2382 3483 3384 3580
11395 3218 3490 3360 3515
11396 3472 3719 3559 3749
11397 1886 3308 1897 3483
11398 2242 3316 2343 3701
11399 3157 3509 3372 3692
11400 3293 2235 3603 3733
11401 3294 3430 3273 3499
11402 2364 3390 2363 3687
11403 3164 3294 3430 3437
11404 3217 3391 3386 3476
11405 3207 3616 3265 3762
11406 2393 3267 3390 3698
11407 3261 3594 2169 3674
11408 1686 3263 1845 3620
11409 3254 3287 3169 3397
11410 1996 3422 1995 3612
11411 1815 1697 3352 3608
11412 3180 3521 3284 3692
11413 2128 1949 3279 3507
11414 1693 1694 3352 3427
11415 1822 3381 3480 3724
11416 1693 3315 3189 3489
11417 3164 3430 3266 3437
11418 3191 3373 3297 3612
11419 2247 3383 3316 3551
11420 3460 3485 3290 3639
11421 3221 3262 3421 3543
11422 3172 3259 3336 3487
11423 3308 3337 3174 3543
11424 3243 3491 3321 3569
11425 3304 3450 3231 3717
11426 3173 3381 3344 3724
11427 2042 1980 3302 3410
11428 3160 3363 3259 3464
11429 3234 3206 3475 3748
11430 3312 3343 3168 3486
11431 2135 2134 3345 3403
11432 3214 3334 3331 3570
11433 3156 3266 3429 3764
11434 1811 1810 3275 3483
11435 3288 3490 3360 3725
11436 3180 3509 3521 3692
11437 2223 3477 3222 3741
11438 3420 3547 3324 3738
11439 3416 3582 3307 3723
11440 3317 3435 993 3550
11441 3448 3245 3650 3730
11442 2382 3275 3384 3483
11443 3172 3363 3270 3452
11444 2058 3520 2056 3632
11445 3362 3503 3267 3668
11446 1978 3302 1949 3507
11447 1985 1987 3301 3346
11448 3256 3165 3444 3726
11449 1811 3275 2382 3483
11450 2095 3328 2087 3697
11451 1801 3249 2360 3414
11452 3454 3501 2324 3516
11453 3288 3406 3290 3476
11454 3211 3482 3332 3581
11455 1723 3236 3401 3607
11456 3274 3273 3589 3763
11457 3194 3287 3490 3601
11458 3257 3449 3179 3678
11459 3159 3323 3443 3467
11460 3299 3475 3473 3655
11461 3235 3623 3318 3748
11462 1927 1922 3338 3379
11463 2341 2274 3277 3637
11464 3158 3271 3371 3407
11465 3377 3442 3285 3584
11466 3168 3272 3290 3406
11467 3159 3449 3324 3652
11468 2076 2054 2050 3285
11469 3174 3298 3325 3421
11470 3216 3289 3448 3470
11471 3183 3373 3297 3478
11472 2381 3251 3613 3656
11473 3174 3273 3430 3757
11474 3200 3567 3438 3578
11475 2234 2233 3603 3687
11476 3222 3689 3311 3741
11477 3186 3558 3313 3584
11478 3230 3416 3571 3624
11479 3158 3407 3280 3681
11480 1851 3658 3359 3677
11481 3254 3420 3324 3738
11482 1985 3301 1965 3716
11483 2054 3285 2076 3593
11484 3174 3294 3266 3430
11485 2011 2081 3322 3518
11486 3281 3502 2250 3645
11487 3214 3358 3633 3732
11488 3273 3275 3174 3704
11489 3214 3466 3425 3570
11490 3465 3529 3265 3624
11491 3172 3270 3363 3504
11492 3261 3615 3236 3629
11493 3157 3271 3314 3713
11494 3172 3336 3259 3452
11495 3311 3405 3172 3504
11496 3298 3421 3174 3543
11497 3222 3382 3311 3689
11498 3196 3500 3256 3643
11499 3285 3568 3377 3617
11500 3203 3418 3403 3630
11501 3303 3662 3162 3766
11502 3202 3462 3393 3706
11503 3282 3477 3283 3657
11504 1961 3289 3269 3595
11505 1987 3301 3346 3747
11506 2226 3519 2229 3632
11507 3237 3360 3191 3396
11508 1828 1795 3419 3458
11509 3328 3339 3183 3534
11510 3175 3324 3515 3652
11511 3161 3478 3495 3714
11512 2327 2393 3267 3390
11513 1810 3483 1897 3557
11514 1978 1957 1958 3302
11515 1853 3386 1857 3402
11516 1850 3556 3249 3658
11517 3206 3473 3299 3475
11518 3165 3444 3296 3508
11519 2184 3313 3186 3558
11520 2059 2058 3436 3520
11521 3230 3265 3425 3616
11522 3370 3425 3265 3616
11523 3158 3407 3371 3482
11524 3241 3192 3523 3542
11525 3254 3349 3665 3738
11526 2104 3630 3418 3744
11527 1927 2016 1922 3379
11528 3155 3360 3672 3760
11529 3344 3353 3212 3455
11530 3269 2069 3595 3676
11531 3172 3461 3363 3487
11532 3178 3390 3503 3679
11533 3172 3346 3311 3382
11534 3284 3376 3180 3507
11535 3241 3305 3195 3544
11536 3214 3334 1807 3453
11537 1781 2369 3466 3579
11538 3409 3522 3303 3533
11539 3156 3429 3455 3764
11540 3158 3204 3332 3562
11541 3262 3455 3221 3545
11542 1845 3368 3263 3384
11543 3161 3288 3365 3618
11544 3219 3354 3615 3744
11545 3297 3191 3478 3754
11546 3218 3310 3360 3490
11547 3173 3330 3270 3545
11548 3404 3472 1725 3636
11549 1901 1910 3272 3639
11550 3160 3487 3470 3706
11551 2306 3265 2292 3466
11552 2046 3519 2226 3632
11553 3315 3352 3170 3427
11554 1691 3528 3327 3614
11555 2007 3185 2070 3269
11556 3199 3392 3305 3542
11557 3304 3439 3245 3667
11558 2272 3374 3375 3532
11559 1874 1867 1898 3589
11560 3400 3746 3523 3768
11561 2239 3342 3246 3688
11562 3331 3332 3189 3608
11563 3220 3356 3495 3714
11564 2226 2228 2227 3519
11565 3159 3324 3547 3652
11566 1739 3281 1892 3645
11567 3158 3332 3482 3581
11568 3247 3205 3444 3600
11569 3253 3463 3462 3470
11570 3474 3206 3680 3756
11571 1858 3327 3563 3671
11572 3221 3421 2232 3558
11573 3174 3430 3337 3757
11574 3265 3230 3570 3762
11575 3277 3395 3198 3436
11576 3477 3592 3283 3657
11577 3188 3361 3277 3637
11578 3180 3399 3316 3669
11579 3194 3490 3278 3618
11580 3344 3381 3173 3468
11581 3181 3238 3402 3604
11582 2233 3529 3293 3687
11583 3156 3292 3266 3568
11584 3295 3440 3294 3469
11585 3405 3452 3270 3545
11586 985 3599 3555 3734
11587 3212 3429 3337 3543
11588 3242 3541 3241 3544
11589 3217 3179 3457 3528
11590 3211 3358 3685 3733
11591 3319 3327 3179 3614
11592 3301 3442 3346 3747
11593 3200 3496 3565 3578
11594 3461 3689 3222 3730
11595 2223 3222 2222 3741
11596 3214 3265 3466 3570
11597 1013 3530 3267 3668
11598 3290 3272 3460 3639
11599 3205 3296 3444 3508
11600 2027 3223 1958 3695
11601 3353 3565 3292 3609
11602 1815 3352 1697 3591
11603 3233 3341 3286 3564
11604 1946 3471 3345 3649
11605 3157 3320 3268 3447
11606 1886 1843 1771 3262
11607 2267 3431 3300 3698
11608 2327 2362 2393 3390
11609 1935 3279 1949 3575
11610 2308 3338 3237 3710
11611 3286 3474 3322 3518
11612 3173 3455 3259 3464
11613 2143 3354 1925 3403
11614 3287 3628 3254 3665
11615 3214 3425 3334 3570
11616 3283 3388 3176 3592
11617 2275 3419 2277 3696
11618 3281 3553 3196 3645
11619 3158 3271 3407 3681
11620 3293 3529 3465 3624
11621 3170 3271 3380 3488
11622 3159 3257 3449 3652
11623 3174 3275 3273 3557
11624 2112 3491 3243 3747
11625 2076 3285 3442 3593
11626 3188 3280 3434 3641
11627 2243 3375 2240 3532
11628 2259 3247 1836 3645
11629 2196 3346 3405 3640
11630 3260 3493 1826 3719
11631 1910 3460 3272 3639
11632 2076 3285 2040 3442
11633 3188 3383 3316 3482
11634 1865 3319 1691 3327
11635 2108 2104 3501 3744
11636 3382 3216 3689 3730
11637 3158 3315 3562 3608
11638 3331 3453 3374 3633
11639 3259 3464 3455 3609
11640 3253 3413 3412 3554
11641 3165 3256 3444 3643
11642 3353 3429 3212 3455
11643 2329 2328 3267 3530
11644 2292 3265 2238 3648
11645 3363 3504 3270 3667
11646 2021 3286 2022 3564
11647 2124 2041 3385 3625
11648 3177 3245 3408 3667
11649 1858 3327 1910 3563
11650 1845 3263 1686 3384
11651 1835 1837 3645 3663
11652 3291 3434 3280 3641
11653 2344 3481 3330 3511
11654 3243 3336 3568 3758
11655 3155 3360 3490 3515
11656 3164 3294 3437 3499
11657 3289 3269 3448 3470
11658 3267 3300 3190 3698
11659 3186 3377 3336 3673
11660 3294 3295 3167 3325
11661 3170 3315 3314 3651
11662 3172 3336 3301 3487
11663 1900 3391 3386 3574
11664 3251 3193 3380 3720
11665 3302 3507 3284 3692
11666 2162 2166 3494 3674
11667 3217 3432 3179 3528
11668 1695 3352 3426 3699
11669 3244 3162 3662 3766
11670 2130 3376 3284 3507
11671 3235 3642 3623 3748
11672 3202 3353 3344 3464
11673 3382 3461 3216 3730
11674 3305 3392 3240 3542
11675 2200 3277 2274 3445
11676 3310 3490 3218 3601
11677 2030 3397 3287 3628
11678 3159 3323 3420 3443
11679 3278 3490 3406 3618
11680 3180 3280 3407 3681
11681 3306 3390 3190 3698
11682 3282 3304 2349 3439
11683 3248 3335 3236 3602
11684 2108 3501 3743 3744
11685 2060 3555 3519 3734
11686 2332 3477 3283 3703
11687 1999 1998 1941 3445
11688 3166 3295 3294 3325
11689 3494 3594 3213 3674
11690 1814 3230 3425 3616
11691 1842 1723 3236 3401
11692 3156 3429 3353 3455
11693 2237 2233 2238 3529
11694 3424 3450 3359 3717
11695 1894 3330 1876 3481
11696 3179 3449 3276 3678
11697 3293 3603 3389 3733
11698 1748 1794 1750 3337
11699 3198 3361 3277 3436
11700 3159 3547 3257 3652
11701 2108 414 2159 3501
11702 3222 3394 3592 3657
11703 1800 1807 3453 3579
11704 3192 3568 3491 3617
11705 3260 3296 3467 3559
11706 3193 3380 3309 3424
11707 3212 3262 3543 3670
11708 1805 2294 1804 3370
11709 3265 3425 3370 3466
11710 3319 3538 3228 3671
11711 3300 3431 2267 3577
11712 3213 3594 3494 3638
11713 1741 2351 3281 3755
11714 2380 3516 3484 3642
11715 2292 3370 2294 3466
11716 3205 3526 3276 3678
11717 3326 3515 3457 3652
11718 3205 3660 3451 3678
11719 3201 3609 3565 3712
11720 3336 3156 3568 3758
11721 3167 3295 3294 3469
11722 2142 3587 2031 3628
11723 2250 2335 2259 3645
11724 2162 2154 3401 3494
11725 1962 2098 3289 3531
11726 3457 3459 3155 3476
11727 3177 3585 3511 3667
11728 3337 3429 3212 3438
11729 2057 1931 3475 3623
11730 3220 3495 3478 3714
11731 3176 3592 3394 3657
11732 3165 3345 3299 3471
11733 1793 3308 1771 3670
11734 1801 1880 1802 3249
11735 3239 3240 3195 3739
11736 3315 3489 1693 3513
11737 2236 2364 2363 3687
11738 3185 3413 3253 3731
11739 3282 3627 3283 3703
11740 3292 3156 3353 3609
11741 3157 3268 3340 3424
11742 3222 3394 3657 3730
11743 2280 1998 2200 3445
11744 3395 3603 3198 3632
11745 3400 3437 3192 3617
11746 3202 3609 3393 3712
11747 3351 3609 3182 3758
11748 2084 3388 3283 3592
11749 3250 3197 3347 3409
11750 3270 3173 3363 3585
11751 1958 3223 2027 3410
11752 2021 3518 3286 3564
11753 3230 3425 3265 3570
11754 2106 3491 3321 3728
11755 2255 3383 3551 3637
11756 3298 3166 3325 3583
11757 3396 3181 3672 3760
11758 3374 3375 3187 3591
11759 3258 3294 3437 3440
11760 418 3494 2166 3594
11761 2305 2363 3362 3529
11762 3243 3336 3301 3747
11763 3280 3507 3302 3681
11764 3183 3295 3440 3697
11765 3217 3457 3327 3528
11766 3227 3340 3314 3513
11767 3265 3370 3207 3648
11768 2261 3700 3389 3733
11769 3216 3487 3301 3531
11770 1942 3422 1939 3761
11771 3167 3258 3356 3469
11772 2346 3418 2325 3501
11773 3417 3458 3207 3616
11774 2231 3330 3270 3511
11775 1754 3433 1729 3528
11776 3174 3421 3308 3543
11777 2195 3405 3311 3504
11778 3388 3394 3176 3592
11779 1915 2087 3369 3697
11780 3157 3268 3423 3447
11781 1695 3591 3352 3699
11782 2204 3251 3399 3654
11783 2304 3419 3370 3648
11784 3174 3337 3308 3557
11785 3193 3251 3492 3613
11786 3435 3550 2322 3686
11787 3271 3488 3210 3694
11788 3301 3382 3172 3487
11789 2044 3311 1984 3382
11790 3222 3461 3382 3689
11791 3326 3338 3237 3515
11792 3180 3509 3399 3521
11793 3162 3621 3244 3765
11794 1939 3225 3729 3761
11795 3254 3515 3349 3738
11796 3282 3209 3627 3703
11797 3527 3680 3206 3756
11798 1741 2351 1892 3281
11799 3279 3180 3376 3507
11800 2040 3491 2112 3747
11801 3368 3384 1846 3682
11802 1883 3590 3494 3755
11803 1815 3334 3189 3608
11804 3362 3390 3178 3529
11805 3205 3318 3506 3508
11806 3184 3227 3424 3517
11807 3234 3623 3484 3642
11808 3342 3246 3426 3720
11809 2323 3454 3244 3638
11810 2329 3530 3267 3606
11811 3191 3379 3237 3546
11812 3157 3423 3492 3509
11813 2157 2156 2155 3401
11814 3248 3522 3335 3572
11815 2235 2233 3293 3603
11816 3494 3594 2303 3638
11817 1973 3346 2196 3640
11818 3160 3464 3259 3706
11819 3260 3449 3443 3467
11820 3213 3494 3401 3607
11821 3275 3483 1810 3557
11822 1785 3426 1903 3427
11823 1806 1781 3425 3579
11824 3215 3535 3238 3598
11825 1785 3309 3426 3427
11826 1893 1754 3528 3614
11827 3238 3485 3290 3497
11828 3337 3429 3174 3543
11829 1984 2136 1985 3382
11830 3355 3554 1821 3576
11831 3184 3340 3268 3424
11832 1698 3342 2356 3688
11833 2226 2227 2229 3519
11834 2108 3501 2159 3743
11835 2023 2021 2022 3564
11836 3210 3488 3246 3611
11837 3161 3366 3683 3739
11838 3196 3248 3553 3621
11839 2285 3603 2287 3632
11840 2378 2377 3465 3691
11841 1967 3341 3232 3587
11842 3181 3402 3238 3495
11843 3387 3446 3396 3634
11844 3312 3459 3278 3597
11845 1778 3274 1888 3578
11846 3319 3443 3228 3538
11847 2045 2222 3311 3741
11848 2192 3304 2193 3350
11849 3345 3403 2134 3649
11850 2196 3346 3311 3405
11851 2157 2167 3479 3505
11852 3270 3585 3363 3667
11853 3194 3422 3367 3625
11854 3244 3502 3281 3621
11855 3268 3447 3269 3448
11856 3158 3280 3651 3681
11857 3383 3700 2331 3701
11858 3269 3548 2069 3676
11859 3273 3496 3428 3763
11860 2203 3350 2193 3703
11861 2021 2020 2022 3286
11862 3161 3495 3356 3714
11863 3273 3430 3428 3496
11864 3179 3528 3433 3614
11865 2182 3251 3552 3613
11866 2117 3283 2084 3695
11867 3228 3563 3327 3671
11868 2289 2290 3389 3603
11869 3234 3586 3165 3748
11870 3220 3167 3469 3573
11871 1850 3249 1801 3658
11872 3330 3480 3177 3481
11873 3358 3465 2377 3691
11874 3363 3408 3245 3667
11875 3266 3377 3298 3764
11876 3279 3316 3188 3551
11877 3251 3613 3193 3720
11878 1945 3299 3473 3655
11879 3161 3497 3288 3618
11880 2281 2357 3376 3521
11881 3387 3391 3181 3446
11882 3243 3568 3491 3569
11883 3260 3319 3443 3449
11884 3245 3304 3282 3439
11885 1013 3267 3503 3668
11886 1700 3239 1841 3486
11887 3207 3419 3370 3616
11888 3199 3400 3328 3440
11889 3193 3309 3380 3720
11890 2134 3403 2133 3649
11891 1852 1853 1857 3402
11892 3316 3654 3210 3701
11893 3209 3509 3423 3692
11894 3330 3177 3480 3585
11895 3261 3454 3219 3644
11896 2322 3550 2373 3686
11897 1854 3238 3402 3620
11898 1941 1999 3445 3675
11899 3334 3425 3230 3570
11900 1689 1690 1829 3493
11901 3429 3543 3455 3764
11902 3277 3361 3188 3675
11903 2353 2332 3283 3703
11904 3402 3446 3391 3626
11905 1835 3645 3247 3663
11906 2373 3550 1005 3686
11907 3270 3405 2194 3504
11908 3245 3461 3504 3657
11909 3316 3399 3210 3654
11910 3299 3471 3345 3655
11911 3254 3665 3628 3738
11912 3230 3417 3415 3616
11913 3210 3399 3316 3694
11914 2329 3300 2268 3606
11915 1895 1779 1894 3480
11916 3228 3459 3272 3563
11917 1987 3346 3442 3747
11918 3470 3487 3182 3706
11919 1686 1687 3263 3620
11920 1945 3299 2053 3473
11921 3258 3240 3709 3740
11922 3159 3449 3260 3467
11923 3233 3397 3323 3587
11924 3405 3558 3186 3673
11925 3306 3647 3520 3679
11926 2237 2291 2233 3733
11927 3416 3582 3540 3647
11928 3183 3339 3297 3534
11929 3351 3728 3243 3758
11930 3192 3292 3541 3569
11931 2328 2327 2329 3267
11932 2011 3322 2010 3474
11933 2138 1914 2078 3640
11934 3245 3363 3160 3408
11935 3278 3194 3385 3490
11936 2295 2120 2121 3376
11937 1687 3402 3263 3620
11938 2045 3311 2044 3741
11939 1964 2007 3289 3525
11940 3380 3488 3271 3694
11941 2053 3299 1948 3341
11942 1973 3311 2196 3346
11943 3228 3327 3319 3671
11944 3558 3583 3313 3584
11945 1839 3374 2273 3579
11946 1822 3252 1912 3724
11947 1922 3338 1921 3349
11948 2381 3399 3251 3656
11949 3193 3251 3380 3492
11950 3247 3196 3500 3645
11951 3249 3481 2352 3693
11952 3277 2064 3436 3675
11953 3283 3388 2084 3695
11954 1698 1726 3342 3688
11955 3273 3274 3496 3763
11956 3400 3523 3199 3768
11957 3290 3460 3168 3485
11958 2275 2283 2277 3419
11959 3258 3392 3240 3740
11960 3212 3429 3353 3438
11961 994 1007 2320 3737
11962 2375 2213 3606 3737
11963 3326 3338 3175 3710
11964 3214 3465 3265 3570
11965 3156 3568 3266 3764
11966 1950 3280 1980 3291
11967 3196 3235 3643 3766
11968 2253 3262 1886 3308
11969 1854 3402 3238 3604
11970 1821 3554 3355 3677
11971 2022 2020 2144 3564
11972 1931 3234 2052 3475
11973 2034 2032 3264 3354
11974 2264 2295 2121 3751
11975 3246 3342 2239 3552
11976 1755 2309 3276 3596
11977 2126 3328 2096 3768
11978 2185 3325 3580 3583
11979 3522 3533 3335 3572
11980 2292 2306 2238 3265
11981 3565 3567 3200 3578
11982 3184 3408 3355 3450
11983 2022 3286 2020 3564
11984 1796 1828 1795 3419
11985 3462 3470 3393 3706
11986 1794 1750 3635 3670
11987 1017 3317 3530 3668
11988 1912 3252 3576 3724
11989 3211 3358 3331 3685
11990 3309 1831 3426 3653
11991 3186 3442 3377 3584
11992 3250 3197 3409 3533
11993 3169 3323 3229 3610
11994 2058 2000 3395 3632
11995 3191 3288 3360 3725
11996 1814 3334 3230 3759
11997 3181 3396 3387 3446
11998 2042 3302 1958 3410
11999 1880 3249 1850 3556
12000 1953 3595 2069 3676
12001 3207 3458 3417 3668
12002 2305 3529 3362 3648
12003 1953 3388 3394 3676
12004 1892 2351 2250 3281
12005 3243 3301 3336 3758
12006 3465 3293 3624 3685
12007 3474 3527 3206 3756
12008 3214 3358 3331 3633
12009 3194 3490 3618 3725
12010 3519 3679 3520 3734
12011 3235 3196 3502 3766
12012 2148 2052 3234 3655
12013 3175 3547 3324 3652
12014 3173 3452 3259 3455
12015 3280 3407 3158 3641
12016 3415 3417 3207 3616
12017 3207 3417 3415 3668
12018 3380 3271 3509 3694
12019 3306 3390 2379 3687
12020 3161 3495 3478 3690
12021 3193 3492 3350 3613
12022 2182 3251 2204 3654
12023 2323 2302 3454 3638
12024 1792 1779 1770 3330
12025 3219 3630 3354 3744
12026 3436 3540 3361 3582
12027 2135 3403 3345 3752
12028 1970 3373 2088 3612
12029 3184 3554 3413 3731
12030 3359 3424 3184 3450
12031 3244 3454 2323 3516
12032 2274 2200 2341 3277
12033 3404 3500 3196 3553
12034 3263 3573 3446 3626
12035 1801 2352 2360 3249
12036 3249 3414 1801 3658
12037 1015 3267 1013 3530
12038 1984 3311 2136 3382
12039 3262 3308 2253 3421
12040 2272 3374 1782 3375
12041 2119 2128 3279 3507
12042 3234 3484 1931 3752
12043 3266 3174 3429 3764
12044 1810 1812 1811 3384
12045 2043 3431 2228 3519
12046 3280 3291 3224 3707
12047 3202 3353 3464 3609
12048 3198 3389 3293 3603
12049 3165 3256 3643 3726
12050 3401 3674 3602 3735
12051 2302 3594 3454 3638
12052 3162 3533 3354 3560
12053 1957 2130 3284 3507
12054 1016 1019 3530 3550
12055 2048 2060 3519 3734
12056 3265 3570 3624 3762
12057 2023 3518 2021 3564
12058 2173 2171 3411 3629
12059 1752 1794 3337 3557
12060 2312 2268 2329 3300
12061 3223 3627 3423 3692
12062 3318 3206 3506 3508
12063 3276 3433 3179 3678
12064 3200 3429 3337 3438
12065 3317 3435 3419 3458
12066 3229 3348 1824 3510
12067 3362 3668 3317 3696
12068 1976 3442 3346 3640
12069 3220 2187 3446 3573
12070 3267 3599 3503 3679
12071 1686 1866 1687 3620
12072 3285 3369 2050 3721
12073 1726 3426 1831 3653
12074 3160 3268 3413 3448
12075 2012 3434 3204 3436
12076 1925 3354 3250 3403
12077 3212 3438 3344 3635
12078 3169 3420 3323 3610
12079 1713 1822 1821 3576
12080 3308 3543 3262 3670
12081 2162 3494 3401 3674
12082 3327 3457 3179 3528
12083 3421 3558 3298 3583
12084 3205 3506 3296 3508
12085 3280 3291 3158 3651
12086 3168 3290 3272 3460
12087 3354 3533 3162 3572
12088 3425 3466 3214 3579
12089 3170 3380 3309 3720
12090 1799 3374 1800 3453
12091 2392 2328 2279 3362
12092 1746 3485 3460 3639
12093 3156 3336 3259 3758
12094 3305 3199 3542 3769
12095 1797 1798 3370 3616
12096 1961 3269 2069 3595
12097 1838 1892 2250 3645
12098 3164 3430 3496 3541
12099 1932 2380 3418 3484
12100 1815 3189 1697 3608
12101 3288 3497 3290 3618
12102 2113 2020 3286 3473
12103 2322 2373 2316 3686
12104 2115 2116 3418 3630
12105 3354 3572 3162 3615
12106 3192 3266 3568 3617
12107 1997 3379 3310 3612
12108 3192 3266 3541 3568
12109 1974 3346 1973 3640
12110 1874 3535 1871 3620
12111 3198 3520 3395 3632
12112 2074 3307 2073 3734
12113 1781 1803 3425 3466
12114 3287 3385 2041 3625
12115 3350 3492 3251 3613
12116 3426 3488 3246 3661
12117 1945 3473 2051 3655
12118 1793 3308 1794 3557
12119 3472 3559 3256 3749
12120 3159 3443 3449 3467
12121 3183 3258 3440 3469
12122 1781 1805 1803 3466
12123 3433 3524 3257 3526
12124 1743 3248 3404 3636
12125 2222 2195 3311 3504
12126 3247 3205 3600 3663
12127 2247 2254 3383 3551
12128 3299 3441 3206 3508
12129 2007 3185 277 3549
12130 1909 3596 3276 3660
12131 3199 3437 3400 3440
12132 3257 3206 3506 3527
12133 2247 3316 3383 3701
12134 3215 3536 3274 3589
12135 2024 3743 3411 3744
12136 2339 3532 3700 3732
12137 3177 3355 3408 3450
12138 3164 3430 3294 3499
12139 1770 1843 1792 3262
12140 3322 3524 3175 3710
12141 2294 1708 3370 3419
12142 3205 3444 3318 3508
12143 3267 3300 1000 3599
12144 3177 3450 3249 3556
12145 3180 3407 3316 3694
12146 3297 3339 3183 3664
12147 3170 3352 3315 3371
12148 1915 3369 3313 3697
12149 3188 3637 3277 3675
12150 3352 3170 3426 3661
12151 3221 3452 3405 3545
12152 3204 3434 3291 3641
12153 3298 3583 3558 3584
12154 1876 1894 1779 3330
12155 2165 418 2166 3594
12156 1782 3374 1839 3579
12157 1752 3337 1788 3557
12158 1880 1801 1850 3249
12159 3303 3345 3250 3560
12160 3309 3653 3359 3702
12161 2264 3376 2295 3751
12162 2017 3379 2091 3546
12163 3450 3556 3355 3677
12164 3170 3488 3426 3661
12165 3467 3260 3559 3719
12166 3158 3371 3271 3651
12167 1971 3329 2118 3373
12168 3178 3529 3390 3687
12169 1910 3272 3460 3563
12170 2289 3395 2287 3603
12171 3391 3537 3217 3574
12172 3164 3273 3430 3499
12173 3177 3249 3481 3556
12174 3203 3484 3418 3516
12175 2090 2017 2308 3338
12176 3165 3471 3299 3619
12177 2217 3318 2391 3600
12178 1921 3349 3338 3518
12179 1910 1744 3460 3639
12180 3180 3316 3399 3694
12181 3168 3278 3406 3618
12182 3236 3602 3572 3615
12183 3221 3558 3405 3673
12184 3222 3504 3461 3657
12185 3306 3198 3603 3632
12186 3360 3490 3310 3725
12187 2007 3208 3185 3289
12188 3270 3504 3439 3667
12189 3386 3402 1853 3604
12190 3257 3179 3433 3678
12191 3248 3572 3335 3602
12192 3160 3462 3252 3464
12193 3523 3542 3199 3769
12194 3181 3386 3290 3604
12195 2280 1941 1998 3445
12196 3201 3351 3565 3609
12197 3155 3406 3278 3490
12198 3609 3706 3182 3758
12199 3174 3308 3421 3483
12200 3268 3408 3231 3650
12201 1980 3291 3280 3707
12202 3166 3369 3285 3400
12203 3493 3538 3319 3671
12204 3296 3506 3205 3678
12205 3361 3436 3198 3540
12206 3401 3494 3213 3674
12207 3355 3556 1890 3677
12208 1891 1877 1835 3600
12209 2162 2165 2166 3674
12210 3183 3258 3469 3714
12211 2101 1008 2265 3577
12212 989 1020 2373 3550
12213 3333 3571 3189 3759
12214 1992 2040 2076 3285
12215 3265 3465 3624 3685
12216 3180 3507 3302 3692
12217 2136 3311 1973 3346
12218 3173 3259 3363 3464
12219 3156 3336 3377 3673
12220 3324 3228 3443 3597
12221 3176 3657 3394 3730
12222 3232 3341 3299 3441
12223 2358 3646 3521 3703
12224 3155 3278 3406 3459
12225 3415 3417 3230 3711
12226 1851 1849 3359 3658
12227 3163 3332 3333 3571
12228 2180 2090 2308 3338
12229 3273 3557 3275 3757
12230 3236 3335 1719 3505
12231 3309 3427 1785 3702
12232 1985 2136 1987 3346
12233 3234 3586 3484 3752
12234 3203 3484 3586 3752
12235 3230 3416 3415 3711
12236 3163 3570 3571 3624
12237 3181 3391 3386 3402
12238 3220 2187 3398 3754
12239 2294 3370 2304 3419
12240 2132 3601 3310 3736
12241 3179 3432 3326 3524
12242 3485 3497 3238 3598
12243 3327 3528 3179 3614
12244 3220 3398 2187 3573
12245 3194 3367 3366 3385
12246 3272 3386 3290 3476
12247 3272 3290 3406 3476
12248 2328 2392 2327 3362
12249 3259 3182 3487 3706
12250 3161 3365 3288 3690
12251 3173 3330 3381 3585
12252 3186 3298 3558 3584
12253 3352 3426 3170 3427
12254 1999 3277 2092 3395
12255 2224 2331 3700 3701
12256 1801 2360 1764 3414
12257 3233 3420 3254 3738
12258 1919 2258 3431 3577
12259 1970 1971 3373 3534
12260 3233 3254 3397 3738
12261 3159 3441 3296 3506
12262 2169 3454 416 3594
12263 3309 1762 3653 3702
12264 1954 3394 3388 3592
12265 1994 2158 2171 3411
12266 3325 3421 3298 3583
12267 3297 3478 3373 3754
12268 2198 3282 3439 3477
12269 1912 3252 1822 3576
12270 2366 3317 2328 3530
12271 3200 3353 3429 3438
12272 3297 3373 3191 3754
12273 3173 3363 3259 3452
12274 1965 3301 1985 3531
12275 1890 3556 1848 3677
12276 2085 3388 1954 3394
12277 3204 3436 3582 3723
12278 3224 3372 3302 3410
12279 1858 1899 1910 3327
12280 3334 3453 3331 3608
12281 3328 3329 3183 3697
12282 2281 3399 2359 3521
12283 3155 3457 3326 3515
12284 3193 3424 3359 3717
12285 3164 3542 3541 3544
12286 3207 3317 3668 3696
12287 3262 3212 3468 3670
12288 3161 3365 3366 3618
12289 3270 3363 3173 3452
12290 1967 1948 3232 3341
12291 2327 2392 2363 3362
12292 3216 3394 3689 3730
12293 3191 3365 3297 3478
12294 2204 3251 2381 3399
12295 3267 3190 3390 3698
12296 2138 3313 1914 3640
12297 2235 2234 2233 3603
12298 1933 2345 3484 3623
12299 3314 3427 3227 3513
12300 1784 3391 2206 3626
12301 2119 3279 3376 3507
12302 3266 3437 3166 3617
12303 3218 3360 3310 3379
12304 3494 3590 3213 3755
12305 3177 3330 3511 3585
12306 2366 2276 2328 3317
12307 3226 3472 3510 3719
12308 1976 3346 1974 3640
12309 3163 3540 3416 3582
12310 3540 3685 3293 3733
12311 3253 3462 3413 3470
12312 3434 3436 2064 3675
12313 3238 3495 3356 3598
12314 1980 3280 3224 3707
12315 2003 2084 3283 3592
12316 3203 3418 3630 3662
12317 3206 3257 3506 3680
12318 3373 3546 2088 3612
12319 2044 3382 1984 3689
12320 3385 3601 3194 3625
12321 2113 2020 2021 3286
12322 2128 1949 1935 3279
12323 3319 3493 3443 3538
12324 2325 3418 2380 3516
12325 3203 3586 3345 3752
12326 3158 3562 3332 3581
12327 3208 3393 3201 3712
12328 3162 3248 3522 3621
12329 3302 3372 3180 3692
12330 3156 3455 3673 3764
12331 3460 3485 1746 3486
12332 2378 2354 2377 3691
12333 3359 3653 1762 3702
12334 3399 3521 3509 3656
12335 2211 3526 2209 3600
12336 3270 3330 2231 3545
12337 3511 3585 3330 3667
12338 3163 3570 3331 3571
12339 3204 3361 3434 3641
12340 3299 3441 3341 3473
12341 1773 3404 3500 3749
12342 3359 3424 3309 3702
12343 2164 3501 3454 3644
12344 2240 3375 2243 3688
12345 3166 3328 3400 3440
12346 3220 3446 3263 3573
12347 2354 3358 2377 3691
12348 3232 3659 3347 3666
12349 1742 1864 3404 3553
12350 3161 3288 3495 3690
12351 2095 3329 3328 3697
12352 3303 3560 3162 3662
12353 3316 3210 3482 3701
12354 2305 2236 2363 3529
12355 2255 3383 2254 3551
12356 2187 3220 3446 3754
12357 3374 3187 3453 3591
12358 3261 3629 3236 3735
12359 2064 2092 3277 3436
12360 2264 3669 3376 3751
12361 2157 2155 1842 3401
12362 3281 3553 1739 3590
12363 3212 3353 3344 3438
12364 3182 3728 3351 3758
12365 2262 2261 2260 3700
12366 2218 3642 3235 3718
12367 3355 3408 3184 3412
12368 3232 3587 3341 3745
12369 3303 3533 3162 3560
12370 2105 1949 1978 3302
12371 2230 1792 1843 3262
12372 1015 1000 3267 3606
12373 1829 1690 1826 3493
12374 2095 2086 2087 3328
12375 2246 3432 3387 3537
12376 3301 3487 3336 3758
12377 2196 3186 2184 3640
12378 2272 1737 2387 3375
12379 3192 3491 3378 3523
12380 3277 3361 3389 3637
12381 3232 3348 3347 3471
12382 3288 3290 3406 3618
12383 2159 3501 2160 3743
12384 2325 2324 3501 3516
12385 2327 2393 2329 3267
12386 3371 3488 3170 3661
12387 3207 3668 3362 3696
12388 3406 3459 3272 3476
12389 3212 3455 3429 3543
12390 3185 3289 3208 3470
12391 3331 3334 3214 3453
12392 3174 3266 3429 3430
12393 3404 3409 3256 3472
12394 2226 2043 2228 3519
12395 3338 3349 3218 3515
12396 3188 3482 3407 3641
12397 3333 3582 3416 3723
12398 3292 3378 3242 3541
12399 1847 3719 3472 3749
12400 2044 3689 2080 3741
12401 3286 3341 3233 3745
12402 1736 1738 3553 3590
12403 1735 3335 3248 3636
12404 3249 3177 3481 3693
12405 3172 3461 3382 3504
12406 1851 1848 1849 3658
12407 2085 1953 3388 3394
12408 3159 3257 3547 3680
12409 3309 3359 3193 3424
12410 3227 3340 3184 3424
12411 3196 3404 3409 3643
12412 3315 3427 3314 3513
12413 3451 3559 3719 3749
12414 2240 3246 2239 3552
12415 1937 1935 1949 3575
12416 3263 3402 3238 3620
12417 2074 2013 3307 3520
12418 3297 3422 1995 3761
12419 3199 3339 3328 3768
12420 2235 2291 2290 3733
12421 3245 3504 3439 3657
12422 1729 2310 3432 3528
12423 3239 3535 1700 3536
12424 3294 3295 3166 3440
12425 2159 414 2160 3501
12426 3164 3499 3258 3709
12427 3217 3432 3387 3672
12428 1953 2079 3388 3676
12429 2192 3249 2360 3693
12430 3219 3615 3560 3662
12431 1919 3431 1920 3577
12432 3332 3361 3211 3540
12433 3529 3648 3265 3762
12434 3256 3409 3404 3643
12435 3543 3673 3455 3764
12436 3266 3568 3377 3764
12437 3633 3700 3532 3732
12438 1866 1686 1845 3620
12439 3168 3459 3312 3460
12440 3431 3555 1920 3577
12441 1931 2057 1933 3623
12442 1811 1897 1810 3483
12443 3302 3507 3180 3681
12444 3236 3615 3572 3629
12445 3209 3492 3423 3509
12446 3490 3601 3310 3725
12447 3162 3602 3621 3765
12448 3155 3406 3490 3760
12449 3206 3441 3299 3473
12450 2213 2389 2375 3606
12451 2058 2056 2000 3632
12452 3243 3728 3301 3758
12453 2328 2279 3362 3696
12454 2042 1980 2105 3302
12455 3324 3443 3420 3597
12456 1767 1785 3427 3702
12457 3247 3502 3196 3645
12458 3288 3181 3495 3690
12459 3229 3323 3588 3666
12460 2140 3310 3379 3736
12461 3189 3334 3331 3608
12462 3185 3320 3269 3413
12463 3207 3265 3648 3762
12464 3281 3196 3502 3645
12465 993 1017 3317 3550
12466 2119 3376 3279 3751
12467 3292 3351 3156 3609
12468 3354 3403 2143 3630
12469 1804 1803 1805 3370
12470 1781 1780 2369 3579
12471 2127 3484 2116 3752
12472 3237 3396 3191 3634
12473 3306 3603 2285 3632
12474 3474 3680 3286 3756
12475 3213 3602 3401 3674
12476 2347 1943 2380 3418
12477 2024 2152 3411 3743
12478 3204 3361 3332 3540
12479 1763 3342 1760 3414
12480 2255 2247 2254 3383
12481 1768 3227 3517 3702
12482 3251 3552 3613 3720
12483 3209 3251 3492 3509
12484 2330 1792 2230 3330
12485 2365 989 2373 3550
12486 2139 2385 1973 3311
12487 2316 2315 2322 3435
12488 1953 3394 3595 3676
12489 3315 3371 3352 3608
12490 3275 3325 3167 3580
12491 2281 2359 2357 3521
12492 1903 1785 1831 3309
12493 3324 3420 3159 3547
12494 2242 3316 3399 3669
12495 3157 3340 3227 3424
12496 3364 3486 3239 3498
12497 2387 2241 3375 3688
12498 2176 3261 2169 3674
12499 3210 3316 3407 3694
12500 3190 3300 3267 3599
12501 3276 3660 3205 3678
12502 3175 3524 3322 3756
12503 1705 3554 3253 3576
12504 3321 3393 3201 3525
12505 3206 3526 3506 3527
12506 1684 2205 3384 3626
12507 3330 3481 3177 3511
12508 3392 3664 3161 3714
12509 3200 3292 3353 3565
12510 2289 2290 2341 3389
12511 3233 3397 3254 3420
12512 2027 3410 3223 3548
12513 2217 2218 2391 3235
12514 2365 1019 2388 989
12515 3181 3402 3386 3604
12516 1931 2148 2052 3234
12517 2064 3277 1999 3675
12518 2387 3375 1737 3688
12519 3210 3407 3316 3482
12520 2250 2259 1838 3645
12521 3386 3476 3272 3574
12522 3174 3337 3557 3757
12523 3454 3638 3594 3765
12524 3226 3347 3659 3666
12525 3242 3496 3274 3578
12526 1932 3418 2116 3484
12527 2343 3551 3316 3669
12528 3217 3476 3457 3672
12529 2079 3548 3388 3676
12530 2194 2232 3405 3545
12531 3381 3468 3344 3724
12532 2293 1781 2369 3466
12533 3172 3382 3461 3487
12534 2164 3454 2169 3644
12535 3181 3290 3386 3476
12536 2108 1943 2346 3418
12537 3159 3506 3257 3680
12538 1701 1906 3274 3589
12539 2127 2116 2114 3752
12540 1838 1739 1892 3645
12541 3287 3385 3194 3490
12542 3457 3476 3155 3672
12543 3167 3499 3294 3704
12544 1896 1890 3480 3556
12545 3292 3541 3266 3568
12546 3366 3367 3225 3683
12547 3182 3531 3525 3728
12548 1987 3346 1976 3442
12549 3184 3424 3359 3517
12550 1005 2373 1020 3550
12551 3162 3244 3662 3765
12552 3214 3570 3331 3685
12553 3382 3461 3222 3504
12554 1975 2196 2138 3640
12555 2003 2117 2097 3283
12556 3223 3447 3388 3548
12557 2002 3592 3477 3741
12558 3157 3314 3227 3340
12559 3310 3422 3194 3625
12560 3208 3289 2007 3525
12561 3260 3443 3319 3493
12562 992 993 3317 3435
12563 1822 3381 1895 3480
12564 2272 3375 2243 3532
12565 3169 3254 3420 3597
12566 3330 3480 3381 3585
12567 3310 3194 3601 3625
12568 1960 3388 2079 3548
12569 2250 2351 2249 3281
12570 3172 3382 3311 3504
12571 2361 2120 3376 3646
12572 3290 3485 3168 3497
12573 2098 3525 3531 3728
12574 3217 3537 3528 3574
12575 3190 3679 3519 3734
12576 3220 3478 3495 3690
12577 1846 3275 1911 3682
12578 3182 3351 3321 3393
12579 1809 3486 3364 3498
12580 2194 3405 3270 3545
12581 3383 3188 3551 3637
12582 3261 3674 2176 3735
12583 3382 3689 3216 3716
12584 1815 1697 1817 3591
12585 1000 3503 3267 3599
12586 3179 3276 3449 3614
12587 2119 2121 3376 3751
12588 3231 3424 3492 3717
12589 3335 3572 3236 3602
12590 3275 3384 3368 3682
12591 2253 1843 1886 3262
12592 1946 2135 2134 3345
12593 3239 3536 3240 3739
12594 1810 3275 1846 3384
12595 2184 3186 2196 3558
12596 3223 3447 3320 3713
12597 2112 3728 1988 3747
12598 3210 3407 3271 3694
12599 3243 3351 3321 3728
12600 3541 3542 3241 3544
12601 1948 3299 1945 3655
12602 1709 3565 3567 3712
12603 2258 2267 3431 3577
12604 1902 3537 1730 3574
12605 1825 1842 3236 3505
12606 3394 3222 3689 3730
12607 3450 3658 3359 3717
12608 3222 3592 3394 3689
12609 2259 1836 1838 3645
12610 3174 3421 3325 3483
12611 1739 3553 3281 3645
12612 2213 1028 2389 3606
12613 3432 3433 3179 3528
12614 3331 3570 3334 3571
12615 1708 1706 3370 3419
12616 3596 3600 3205 3663
12617 3205 3276 3596 3660
12618 2369 2371 3466 3579
12619 3167 3263 3368 3384
12620 3329 3373 3183 3398
12621 1737 2272 1782 3375
12622 1741 1892 1739 3281
12623 2346 1943 2347 3418
12624 3166 3400 3437 3440
12625 2041 3601 3287 3625
12626 3345 3403 3203 3752
12627 2317 3439 2338 3511
12628 2120 2295 2361 3376
12629 3198 3293 3389 3540
12630 2135 3345 3655 3752
12631 3290 3386 3272 3639
12632 3356 3495 3161 3598
12633 3283 3284 3627 3695
12634 3309 3653 3426 3720
12635 3187 3374 3453 3633
12636 1857 3386 1900 3391
12637 1799 1783 3374 3453
12638 3286 3518 3322 3756
12639 3379 3546 3191 3612
12640 2182 3552 3251 3654
12641 3257 3179 3449 3652
12642 3297 3365 3422 3664
12643 3491 3568 3192 3569
12644 3270 3511 3330 3667
12645 3362 3648 3529 3762
12646 3216 3689 3394 3716
12647 3224 3271 3372 3713
12648 2012 3436 3204 3723
12649 3166 3328 3369 3400
12650 416 3454 2164 3501
12651 3160 3413 3412 3462
12652 2293 2292 2294 3466
12653 2128 1935 1944 3279
12654 1903 3309 1831 3426
12655 2190 3313 3583 3697
12656 1720 3401 2154 3494
12657 2113 3473 3286 3474
12658 3293 3624 3540 3647
12659 3345 3403 3250 3560
12660 3159 3420 3324 3443
12661 3400 3721 3523 3746
12662 3175 3547 3286 3564
12663 3462 3463 3393 3470
12664 3187 3375 3374 3532
12665 3473 3474 2051 3475
12666 2113 3286 2021 3474
12667 1880 3481 3249 3556
12668 3357 3482 3211 3581
12669 3324 3457 3228 3597
12670 3191 3360 3288 3396
12671 1696 3352 1694 3427
12672 2084 1954 3388 3592
12673 2115 2114 2116 3630
12674 3282 3477 2198 3703
12675 2137 3349 1955 3564
12676 3389 3700 3211 3733
12677 3331 3334 3189 3571
12678 2132 3601 2123 3625
12679 2356 3342 2239 3688
12680 3337 3430 3428 3757
12681 3166 3400 3285 3617
12682 2190 3580 3295 3583
12683 3366 3385 3367 3498
12684 1806 1808 1807 3425
12685 3256 3559 3226 3726
12686 2363 2364 2362 3390
12687 1932 2380 1943 3418
12688 3325 3275 3483 3580
12689 2092 1999 2064 3277
12690 3318 3506 3206 3526
12691 3166 3285 3369 3584
12692 3168 3278 3312 3459
12693 1752 1794 1748 3337
12694 3445 3551 3188 3637
12695 3399 3509 3251 3656
12696 1782 3374 1783 3375
12697 3278 3385 3287 3490
12698 2198 3282 2349 3439
12699 3167 3469 3573 3580
12700 3237 3191 3546 3634
12701 1984 2044 2136 3311
12702 3163 3416 3333 3582
12703 1760 3414 3342 3653
12704 1786 3308 1793 3557
12705 3294 3166 3437 3440
12706 1833 3344 3438 3635
12707 3159 3443 3324 3449
12708 2239 3246 2240 3688
12709 3158 3651 3271 3681
12710 3276 3449 3260 3678
12711 1783 3453 1799 3591
12712 2230 3262 2232 3545
12713 1005 3550 993 3686
12714 2098 3525 3289 3531
12715 3311 3382 3222 3504
12716 3352 3371 3170 3661
12717 3251 3209 3492 3656
12718 2260 2224 2331 3700
12719 3209 3521 3509 3692
12720 1688 3493 3319 3671
12721 3234 3475 3623 3748
12722 3175 3349 3338 3515
12723 3347 3471 3165 3619
12724 3203 3484 3516 3642
12725 3345 3586 3234 3752
12726 2333 3691 3579 3732
12727 3275 1846 3384 3682
12728 3252 3464 3456 3724
12729 3203 3630 3560 3662
12730 2213 995 1028 3606
12731 2230 1843 2253 3262
12732 3218 3379 3310 3736
12733 3209 3251 3509 3656
12734 3193 3359 3658 3717
12735 2069 3548 2079 3676
12736 3394 3595 3676 3730
12737 3262 3468 1770 3670
12738 3257 3206 3527 3680
12739 3357 3581 3211 3633
12740 3445 3575 3551 3751
12741 1924 2034 3264 3354
12742 2079 2085 1953 3388
12743 2361 2129 2120 3646
12744 3208 3253 3185 3413
12745 3353 3565 3202 3567
12746 1688 3319 1865 3671
12747 2309 2209 3526 3600
12748 3251 3380 3488 3720
12749 3192 3491 3523 3721
12750 3297 3422 3225 3664
12751 3176 3388 3283 3627
12752 2069 3269 2070 3548
12753 1702 1872 1871 3535
12754 2229 3306 2285 3632
12755 2209 3524 3433 3526
12756 2375 2220 2213 3737
12757 3298 3377 3186 3673
12758 3245 3439 3282 3657
12759 3226 3472 3256 3726
12760 3389 3540 3293 3733
12761 1766 1768 1767 3427
12762 1938 3742 3729 3769
12763 3178 3624 3415 3762
12764 3281 3590 1739 3755
12765 1903 3426 1696 3427
12766 3184 3340 3227 3517
12767 1741 3281 1739 3755
12768 2184 3313 3558 3583
12769 2349 2338 3439 3511
12770 3223 3372 3302 3692
12771 3190 3306 3519 3679
12772 2289 2235 2290 3603
12773 3225 3742 3729 3761
12774 3206 3623 3475 3748
12775 1972 3339 3534 3761
12776 3439 3504 3222 3657
12777 3276 3526 3433 3678
12778 2381 2204 2182 3251
12779 3254 3287 3397 3628
12780 3207 3419 3317 3696
12781 3155 3459 3406 3476
12782 1974 1976 1987 3346
12783 3163 3331 3570 3685
12784 3457 3459 3228 3597
12785 3237 3338 3326 3710
12786 3229 3443 3323 3467
12787 3257 3506 3526 3527
12788 1778 3242 1840 3274
12789 3434 3575 3188 3675
12790 3157 3492 3380 3509
12791 2242 3399 2281 3669
12792 3350 3613 3251 3656
12793 3163 3571 3416 3624
12794 3196 3553 3281 3621
12795 3284 3209 3627 3692
12796 2382 1811 1812 3384
12797 3165 3299 3508 3619
12798 2087 2077 1915 3369
12799 1736 3248 1724 3590
12800 3189 3571 3334 3759
12801 1842 2155 1721 3401
12802 3156 3259 3455 3609
12803 1785 1903 1696 3427
12804 1735 3248 1743 3636
12805 3386 3574 3272 3639
12806 3193 3359 3309 3653
12807 3191 3360 3310 3725
12808 3179 3524 3326 3652
12809 2185 3558 3421 3583
12810 3360 3396 3237 3672
12811 1787 3682 3557 3757
12812 3257 3680 3527 3756
12813 2249 3281 2351 3755
12814 3233 3547 3420 3738
12815 1756 3276 3614 3660
12816 3252 3412 3355 3576
12817 3456 3464 3344 3724
12818 993 3550 3435 3686
12819 3243 3321 3351 3569
12820 1919 2258 2263 3431
12821 1818 991 1834 3435
12822 2126 3746 3328 3768
12823 1735 1736 1743 3248
12824 2211 3318 3526 3600
12825 2346 2347 2325 3418
12826 2125 3339 2096 3534
12827 1794 3308 1793 3670
12828 2169 3261 2168 3644
12829 2313 3431 2267 3698
12830 3183 3469 3398 3478
12831 3227 3427 3309 3702
12832 1762 3653 3359 3658
12833 418 2303 3494 3594
12834 2031 3587 3397 3628
12835 1963 3531 3289 3595
12836 2344 1876 2330 3330
12837 2218 3623 3235 3642
12838 2207 3237 3546 3634
12839 2349 3282 2193 3304
12840 3239 3485 1700 3535
12841 3248 3522 3404 3636
12842 1696 1695 1694 3352
12843 3158 3291 3204 3562
12844 3162 3261 3602 3765
12845 3282 3650 3245 3657
12846 3213 3401 3602 3607
12847 2315 2322 3435 3550
12848 3162 3602 3248 3621
12849 2050 1992 2076 3285
12850 1946 2135 3345 3655
12851 3340 3512 3227 3517
12852 3217 3387 3432 3537
12853 2138 2184 3313 3640
12854 2237 3465 2377 3733
12855 3326 3175 3524 3710
12856 1768 3517 1881 3702
12857 1974 2136 1973 3346
12858 3184 3413 3340 3731
12859 2209 3433 2309 3526
12860 3284 3376 2130 3646
12861 3157 3268 3320 3340
12862 3212 3543 3308 3670
12863 2190 3329 3313 3697
12864 2140 3310 1997 3379
12865 3180 3284 3507 3692
12866 3243 3351 3568 3569
12867 1915 2095 2087 3697
12868 995 2213 2220 3737
12869 3162 3572 3602 3615
12870 3228 3459 3312 3597
12871 3248 3590 3553 3621
12872 3225 3422 3297 3761
12873 3209 3509 3521 3656
12874 3437 3541 3192 3617
12875 3286 3233 3547 3745
12876 3201 3393 3609 3712
12877 1709 3567 3565 3578
12878 3211 3361 3389 3540
12879 3355 3480 1890 3556
12880 1786 1810 1897 3557
12881 3531 3595 1963 3716
12882 3279 3575 1944 3751
12883 3204 3540 3332 3582
12884 3268 3423 3176 3650
12885 2205 1684 1685 3626
12886 3210 3654 3399 3694
12887 2377 3465 3358 3733
12888 1017 3530 3317 3550
12889 3164 3437 3266 3541
12890 1956 1955 2137 3349
12891 3227 3309 3424 3702
12892 2292 2304 3370 3648
12893 3448 3676 3595 3730
12894 2052 3475 3234 3655
12895 3216 3461 3382 3487
12896 3295 3325 3166 3583
12897 1996 2132 2123 3625
12898 3242 3274 1778 3578
12899 3452 3455 3173 3545
12900 3256 3451 3663 3749
12901 3190 3555 3300 3599
12902 1902 3528 1730 3537
12903 2035 3195 279 3305
12904 3174 3429 3337 3430
12905 3259 3487 3182 3758
12906 3357 2339 3532 3700
12907 3344 3468 3212 3635
12908 3213 3602 3674 3765
12909 3226 3256 3472 3559
12910 3428 3430 3273 3757
12911 3386 3391 3217 3574
12912 3300 3577 2267 3737
12913 3628 3665 3349 3738
12914 1773 3472 3404 3749
12915 3196 3522 3248 3621
12916 3227 3512 3340 3513
12917 1822 1775 3381 3724
12918 2032 3354 2082 3744
12919 3176 3650 3282 3657
12920 1851 1890 1848 3677
12921 3259 3336 3487 3758
12922 3308 3483 3174 3557
12923 3205 3596 3451 3660
12924 3226 3510 3559 3719
12925 3266 3192 3541 3617
12926 1953 2069 2079 3676
12927 2190 3583 3295 3697
12928 3269 3548 3320 3549
12929 3316 3482 3383 3701
12930 1884 1698 1726 3342
12931 3231 3423 3268 3650
12932 3202 3463 3456 3567
12933 3160 3412 3252 3462
12934 1896 1908 1890 3556
12935 3165 3444 3586 3643
12936 3206 3318 3527 3623
12937 3538 3563 3228 3671
12938 1694 3352 1695 3591
12939 3157 3320 3447 3713
12940 3164 3266 3430 3541
12941 3303 3522 3162 3533
12942 1774 3468 3381 3724
12943 1995 3297 1970 3612
12944 2304 3419 3648 3696
12945 1752 1788 1794 3557
12946 2315 3435 3317 3550
12947 1985 3301 2099 3531
12948 2206 3446 3387 3634
12949 3223 3320 3410 3713
12950 2310 1754 1755 3433
12951 3251 3488 3552 3720
12952 3182 3301 3487 3531
12953 3312 3460 1791 3486
12954 3404 3472 3256 3749
12955 2043 2226 2046 3519
12956 2317 3270 2194 3504
12957 1781 2293 1805 3466
12958 3225 3422 3365 3664
12959 3295 3183 3329 3697
12960 3188 3445 3637 3675
12961 3290 3168 3406 3618
12962 2181 2240 3552 3611
12963 1729 3433 2310 3528
12964 1774 3344 3468 3724
12965 3359 3424 3227 3517
12966 3242 3565 3496 3578
12967 3223 3320 3447 3548
12968 3250 3354 3533 3560
12969 1828 3435 1834 3458
12970 2178 2169 3594 3674
12971 3371 3608 3187 3661
12972 1915 3313 2190 3329
12973 2347 2380 2325 3418
12974 3182 3321 3351 3728
12975 2294 2296 1708 3419
12976 3219 3615 3411 3744
12977 3199 3305 3392 3742
12978 3540 3582 3198 3647
12979 3560 3662 3303 3766
12980 3162 3560 3615 3662
12981 3233 3397 3628 3738
12982 1864 3500 3404 3553
12983 1726 1760 3342 3653
12984 2185 3421 3325 3583
12985 3250 3533 3303 3560
12986 277 3185 2007 3208
12987 3180 3372 3681 3694
12988 3180 3509 3372 3694
12989 3454 3244 3638 3765
12990 2151 2167 2150 3505
12991 1797 3419 1795 3458
12992 3208 3566 3463 3712
12993 3286 3680 3341 3745
12994 3161 3478 3365 3690
12995 1846 1905 3368 3682
12996 3254 3628 3397 3738
12997 1830 3309 1785 3702
12998 2273 3579 3374 3732
12999 3301 3182 3487 3758
13000 3202 3393 3462 3463
13001 3201 3351 3292 3565
13002 2382 3384 2248 3580
13003 2358 2353 3646 3703
13004 3261 3602 3674 3735
13005 3202 3456 3344 3567
13006 1007 994 2320 1008
13007 1742 1736 1738 3553
13008 3194 3385 3287 3601
13009 1013 3267 1000 3503
13010 1788 3337 1752 3757
13011 1722 3401 1720 3494
13012 2357 3376 3521 3646
13013 3216 3595 3531 3716
13014 3213 3638 3494 3755
13015 3241 3542 3523 3769
13016 1698 1884 2356 3342
13017 3198 3306 3520 3632
13018 2259 3247 2217 3600
13019 2010 3322 2179 3474
13020 3285 3584 3442 3593
13021 1910 3460 1744 3563
13022 3175 3326 3524 3652
13023 3287 3218 3490 3601
13024 3499 3589 3273 3704
13025 1915 2190 2122 3329
13026 3225 3297 3664 3761
13027 2095 2096 2086 3328
13028 2312 2267 3300 3698
13029 1875 3596 3451 3663
13030 2366 3317 3530 3550
13031 2192 2191 3304 3693
13032 2222 2223 2195 3504
13033 2317 3439 3270 3504
13034 3187 3581 3357 3633
13035 2218 3318 3235 3623
13036 3448 3595 3216 3730
13037 3251 3488 3380 3694
13038 2305 2363 2392 3362
13039 3183 3373 3478 3754
13040 1929 3523 3746 3768
13041 1771 3262 1770 3670
13042 3441 3341 3680 3745
13043 3287 3601 2131 3665
13044 3223 3410 3320 3548
13045 3200 3337 3429 3430
13046 3215 3589 3499 3704
13047 3195 3364 3241 3544
13048 1900 1730 3391 3574
13049 2142 2137 3564 3628
13050 3357 3700 3383 3701
13051 2050 3721 3369 3746
13052 2271 1869 2336 3686
13053 1980 3224 3410 3707
13054 1946 3345 2134 3649
13055 3441 3508 3299 3619
13056 3169 3312 3278 3597
13057 1996 1997 3310 3612
13058 3335 3197 3533 3636
13059 3205 3506 3318 3526
13060 3445 1936 3575 3751
13061 2228 2043 1918 3431
13062 3344 3438 3353 3567
13063 3456 3463 3462 3576
13064 1756 1909 3276 3660
13065 2343 3316 2247 3701
13066 3156 3377 3568 3764
13067 1765 1764 1763 3414
13068 3235 3586 3444 3643
13069 3398 3469 3220 3478
13070 1845 1686 1684 3384
13071 2132 3310 2140 3736
13072 2082 3354 2143 3630
13073 3228 3538 3312 3563
13074 3388 3548 3447 3676
13075 1760 1763 1884 3342
13076 2103 3743 2024 3744
13077 3286 3473 3206 3474
13078 2242 2343 3316 3669
13079 3332 3333 3204 3582
13080 2099 3531 3301 3728
13081 3234 3623 3642 3748
13082 1937 3575 3434 3675
13083 3181 3396 3288 3760
13084 2246 3387 3432 3750
13085 3156 3351 3292 3568
13086 3204 3361 3540 3582
13087 3194 3601 3490 3725
13088 3251 3380 3509 3694
13089 3286 3518 3175 3564
13090 3361 3277 3436 3675
13091 3189 3333 3332 3571
13092 3211 3332 3331 3581
13093 2168 3261 3629 3644
13094 3273 3275 3682 3757
13095 3729 3742 3305 3769
13096 1729 3432 2310 3537
13097 3230 3571 3416 3711
13098 2211 2391 3318 3600
13099 3179 3257 3433 3652
13100 2090 3322 2089 3518
13101 2168 3629 3411 3644
13102 3206 3441 3473 3680
13103 3264 3572 3354 3615
13104 1723 1719 1825 3236
13105 3344 3456 3202 3464
13106 3444 3165 3586 3748
13107 3246 3488 3426 3720
13108 3194 3366 3365 3618
13109 2216 2242 2343 3701
13110 3176 3448 3268 3650
13111 3372 3509 3271 3694
13112 3248 1724 3590 3607
13113 1992 3285 2050 3721
13114 2193 3282 2198 3703
13115 1774 3468 3344 3635
13116 3391 3446 2206 3626
13117 3230 3711 3417 3759
13118 3219 3615 3261 3644
13119 2120 2119 2121 3376
13120 3354 3560 3219 3615
13121 2226 2229 2286 3632
13122 3155 3490 3360 3760
13123 3178 3416 3415 3624
13124 2350 3445 3551 3751
13125 2089 3322 2081 3518
13126 3214 3331 3358 3685
13127 1691 1734 3327 3528
13128 1992 3491 3285 3721
13129 3225 3683 3367 3729
13130 3196 3409 3404 3522
13131 983 3333 3189 3759
13132 996 3300 1000 3606
13133 2350 1936 3445 3751
13134 3167 3295 3469 3580
13135 1935 1944 3279 3575
13136 1697 1677 1693 3189
13137 3394 3216 3595 3730
13138 2070 3548 3269 3549
13139 2240 2215 3532 3611
13140 3239 3364 1841 3486
13141 3283 3477 3282 3703
13142 3286 3474 3206 3680
13143 3186 3377 3298 3584
13144 1764 2355 1763 3414
13145 3372 3410 3224 3713
13146 2345 3484 3623 3642
13147 3312 3538 1823 3563
13148 1800 1806 1807 3579
13149 3400 3617 3192 3721
13150 2202 3613 3350 3656
13151 1787 1911 3275 3682
13152 2387 1737 1699 3688
13153 3190 3431 3519 3698
13154 3306 3198 3520 3647
13155 1942 2110 1939 3625
13156 3206 3318 3526 3527
13157 2285 3603 3306 3687
13158 3270 3452 3173 3545
13159 2003 2084 2117 3283
13160 1845 1846 3368 3384
13161 3349 3564 2137 3628
13162 3246 3342 3552 3720
13163 1768 3227 3512 3517
13164 1833 3438 1749 3635
13165 1768 3227 3427 3513
13166 3456 3576 3252 3724
13167 1986 2099 3301 3728
13168 3187 3608 3591 3661
13169 1886 2253 3308 3483
13170 3192 3541 3292 3568
13171 3203 3403 3560 3630
13172 3354 3219 3560 3630
13173 2116 1932 1943 3418
13174 3170 3426 3488 3720
13175 1915 3329 2095 3697
13176 2095 3329 1971 3534
13177 1762 3309 1830 3702
13178 3256 3663 3500 3749
13179 3351 3393 3182 3609
13180 3260 3467 3443 3493
13181 3232 3341 3441 3745
13182 3359 3450 3184 3677
13183 2369 2293 1805 1781
13184 3241 3305 3542 3769
13185 1722 1723 3401 3607
13186 3176 3447 3268 3448
13187 1814 3334 1807 3425
13188 3290 3485 3238 3604
13189 3357 2224 3700 3701
13190 2189 3373 3329 3398
13191 2046 2226 2286 3632
13192 1025 3555 3300 3577
13193 1959 3284 2130 3646
13194 3326 3457 3155 3672
13195 1970 3297 1972 3534
13196 3317 3419 3207 3458
13197 1025 3577 3300 3737
13198 1806 1781 1808 3425
13199 2220 2320 1007 3737
13200 2380 2326 3516 3642
13201 3209 3423 3627 3692
13202 3287 3601 3385 3625
13203 2279 2305 2392 3362
13204 3275 3167 3384 3580
13205 2164 416 2169 3454
13206 3168 3486 3343 3498
13207 3239 3486 3485 3497
13208 3158 3315 3371 3651
13209 2110 3367 1939 3625
13210 1937 3280 1950 3434
13211 1734 1865 1691 3327
13212 3175 3652 3524 3756
13213 2275 3317 2315 3435
13214 1774 1776 3381 3468
13215 3194 3422 3310 3725
13216 3213 3281 3590 3621
13217 2190 3295 3329 3697
13218 3322 3474 3286 3756
13219 1950 1937 1949 3280
13220 3484 3586 3234 3642
13221 3252 3381 3480 3585
13222 2178 2169 416 3594
13223 3280 3302 3224 3681
13224 3536 3739 3598 3740
13225 3271 3224 3372 3681
13226 2241 2243 3375 3688
13227 3232 3441 3299 3619
13228 1763 2355 3342 3414
13229 3161 3365 3478 3714
13230 3357 3482 3210 3701
13231 3307 3198 3520 3582
13232 2066 2143 1925 3403
13233 2103 2159 2153 3743
13234 3297 3534 3339 3761
13235 3284 3521 3209 3692
13236 3361 3434 3188 3675
13237 2344 1879 1876 3481
13238 3322 3518 3175 3756
13239 3176 3423 3268 3447
13240 3277 3637 3445 3675
13241 3275 3174 3325 3483
13242 3288 3396 3181 3690
13243 2379 2285 3306 3687
13244 3186 3558 3298 3673
13245 3301 3728 3182 3758
13246 1890 1821 1822 3355
13247 3221 3421 3298 3543
13248 2168 3261 2176 3735
13249 2077 3313 1915 3369
13250 2033 2171 1993 3264
13251 2020 2053 3341 3473
13252 3271 3681 3372 3694
13253 2202 2381 3613 3656
13254 2169 2176 2168 3261
13255 1787 3275 3557 3682
13256 1825 3236 1719 3505
13257 2158 2173 2171 3411
13258 3201 3393 3351 3609
13259 3203 3586 3484 3642
13260 2195 2194 3405 3504
13261 3166 3285 3584 3617
13262 3285 3400 3369 3721
13263 3273 3757 3682 3763
13264 2202 2381 2182 3613
13265 2027 1958 1960 3695
13266 3315 3352 3189 3608
13267 3392 3714 3161 3740
13268 3215 3368 3589 3704
13269 3433 3526 3257 3678
13270 3200 3428 3337 3430
13271 1999 2001 1998 3395
13272 1996 1942 3422 3625
13273 3161 3664 3365 3714
13274 1934 3575 1937 3675
13275 1888 3274 1906 3763
13276 3344 3353 3202 3567
13277 3387 3396 3181 3672
13278 1725 3404 1773 3472
13279 2296 2294 2304 3419
13280 3286 3547 3233 3564
13281 3385 3498 3366 3618
13282 3288 3191 3690 3725
13283 3257 3524 3322 3527
13284 3220 3469 3356 3714
13285 1787 3275 1810 3557
13286 1786 1793 1794 3557
13287 1971 2118 2067 3373
13288 2283 1820 1796 3435
13289 3180 3372 3302 3681
13290 3335 3533 3522 3636
13291 1821 1889 3554 3677
13292 3179 3433 3432 3524
13293 3415 3668 3503 3762
13294 2354 3358 3691 3732
13295 1771 1793 1886 3308
13296 1899 1901 1910 3574
13297 1796 1707 2283 3419
13298 3219 3630 3418 3662
13299 1701 3536 3535 3589
13300 3195 3305 2035 3729
13301 3439 3477 3282 3657
13302 1025 1008 3577 3737
13303 3560 3630 3219 3662
13304 992 991 3435 3458
13305 1957 1977 2130 3507
13306 3296 3441 3159 3659
13307 3206 3473 3286 3680
13308 3210 3488 3654 3694
13309 1965 1985 2099 3531
13310 2387 2241 2243 3375
13311 1833 3344 3456 3567
13312 2225 3357 2339 3532
13313 2215 3357 2225 3532
13314 3211 3357 3383 3482
13315 1994 2033 2025 3411
13316 2232 3262 2253 3421
13317 3222 3477 3439 3657
13318 3179 3433 3276 3614
13319 1987 2136 1974 3346
13320 2273 1839 1782 3374
13321 1740 1739 3590 3755
13322 1797 1813 3417 3458
13323 1972 3339 2125 3534
13324 3300 3431 3190 3698
13325 3297 3183 3478 3664
13326 1756 3276 1754 3614
13327 1738 1739 3553 3590
13328 1959 1957 3284 3695
13329 3289 3531 3216 3595
13330 2093 1920 3555 3577
13331 3187 3453 3331 3633
13332 3196 3553 3500 3645
13333 1948 1945 1946 3655
13334 3199 3392 3339 3742
13335 1682 3417 3230 3616
13336 3179 3449 3319 3614
13337 3378 3491 3192 3569
13338 3357 3611 2215 3701
13339 3173 3464 3363 3585
13340 2324 3454 416 3501
13341 1986 2099 1985 3301
13342 1697 1693 1694 3352
13343 2272 2387 2243 3375
13344 1858 1865 3327 3671
13345 3307 3582 2013 3723
13346 2071 3434 2012 3436
13347 3223 3447 3423 3627
13348 3160 3413 3462 3470
13349 3466 3579 2371 3691
13350 1981 2005 3707 3722
13351 3235 3444 3586 3748
13352 3236 3572 3479 3629
13353 2136 2139 1973 3311
13354 3412 3554 3355 3576
13355 2220 2320 2368 1007
13356 3260 3660 3276 3678
13357 3168 3498 3385 3618
13358 3263 3402 1687 3626
13359 2142 2137 2144 3564
13360 2302 416 3454 3594
13361 2157 1842 1680 3505
13362 2335 2217 3247 3502
13363 3242 3292 3201 3378
13364 3322 3527 3474 3756
13365 2389 2367 2375 3606
13366 3191 3546 3373 3612
13367 1701 3274 3536 3589
13368 3415 3207 3668 3762
13369 3258 3709 3499 3740
13370 2219 3235 2217 3502
13371 3246 3552 3488 3720
13372 2115 3418 2104 3630
13373 2284 1820 2283 3435
13374 1912 1822 1713 3576
13375 2290 2261 2262 3389
13376 3265 3570 3465 3685
13377 1753 3438 1710 3578
13378 2123 3601 2041 3625
13379 1730 3537 3391 3574
13380 2175 3401 2156 3735
13381 2051 3473 2113 3474
13382 1686 3263 1687 3626
13383 1005 2373 989 1020
13384 1911 1846 1810 3275
13385 2279 3648 3362 3696
13386 3286 3547 3175 3756
13387 3251 3654 3488 3694
13388 1860 1731 3493 3538
13389 1980 1950 2105 3280
13390 3159 3323 3467 3659
13391 3227 3424 3359 3702
13392 3213 3590 3607 3621
13393 2106 3491 3378 3569
13394 3254 3397 3169 3420
13395 3193 3359 3653 3658
13396 2328 2276 2279 3696
13397 3241 3242 3378 3541
13398 1972 3534 3297 3761
13399 2033 3264 2032 3411
13400 3175 3547 3564 3738
13401 2013 3582 3436 3723
13402 3296 3659 3226 3726
13403 992 3435 3317 3458
13404 3298 3421 3221 3558
13405 3401 3602 3236 3735
13406 1788 3557 3337 3757
13407 3335 3522 3248 3636
13408 3451 3596 3205 3663
13409 3539 3588 3169 3622
13410 2045 2044 2037 3741
13411 994 2320 1008 3737
13412 2268 3300 2267 3737
13413 1985 3301 1987 3747
13414 3386 3604 1853 3639
13415 2330 2230 2231 3330
13416 1908 1894 3481 3556
13417 2267 3577 2266 3737
13418 3324 3420 3254 3597
13419 1731 3510 3493 3538
13420 1761 3414 1765 3653
13421 2264 2281 3376 3669
13422 2273 2333 3579 3732
13423 2098 1964 1962 3289
13424 3377 3568 3266 3617
13425 2168 3411 2161 3644
13426 2359 3399 2381 3656
13427 3224 3651 3280 3681
13428 1880 1908 3481 3556
13429 1789 3682 3757 3763
13430 1763 2355 1884 3342
13431 3357 3532 2215 3611
13432 3233 3420 3547 3745
13433 2109 2321 2265 1008
13434 2341 3389 2290 3637
13435 3185 3208 1192 3514
13436 3259 3182 3706 3758
13437 3182 3609 3393 3706
13438 2158 1994 2025 3411
13439 2086 3328 2126 3746
13440 3206 3508 3318 3748
13441 1956 3349 2137 3628
13442 2304 2277 3419 3696
13443 1986 3728 3301 3747
13444 3443 3493 3467 3510
13445 3191 3396 3288 3690
13446 1682 3230 1814 3616
13447 3186 3593 3313 3640
13448 1955 1923 1921 3349
13449 1842 1721 1723 3401
13450 2367 3530 2329 3606
13451 1831 1785 1830 3309
13452 2324 2323 3454 3516
13453 2207 3237 2308 3546
13454 1825 1842 1723 3236
13455 3398 3469 3295 3580
13456 1895 1822 1775 3381
13457 3193 3492 3424 3717
13458 3188 3434 3361 3641
13459 3289 3525 3182 3531
13460 3398 3573 3469 3580
13461 1784 1878 2206 3391
13462 3161 3366 3497 3618
13463 3167 3325 3295 3580
13464 3222 3592 3477 3657
13465 2206 3391 1878 3537
13466 3316 3383 3188 3551
13467 1927 2107 2146 3736
13468 1192 3549 3185 3767
13469 1010 3458 3317 3668
13470 3361 3436 3434 3675
13471 3167 3384 3368 3704
13472 3281 3502 3244 3638
13473 1801 3414 1761 3658
13474 2268 2312 2267 3300
13475 2047 3519 2046 3632
13476 1879 2352 1802 3481
13477 3387 3672 3432 3750
13478 1773 3500 1864 3749
13479 3290 3497 3168 3618
13480 1948 2053 1945 3299
13481 3485 3486 3168 3497
13482 3193 3414 3613 3717
13483 1829 1827 3660 3719
13484 1734 3528 1902 3574
13485 3252 3462 3456 3464
13486 3232 3323 3587 3745
13487 1763 1760 1765 3414
13488 414 2108 2346 3501
13489 3310 3601 3218 3736
13490 1886 1897 2253 3483
13491 3412 3413 3253 3462
13492 3192 3523 3400 3721
13493 3358 3211 3700 3733
13494 2108 2104 1943 3418
13495 3263 3384 3167 3573
13496 3365 3664 3478 3714
13497 1005 1020 993 3550
13498 1706 1798 1708 3370
13499 3305 3240 3392 3683
13500 2168 3629 3261 3735
13501 2259 2335 2217 3247
13502 2310 1755 2309 3433
13503 2208 2067 3373 3546
13504 2028 3397 2030 3628
13505 3183 3478 3398 3754
13506 3170 3426 3309 3427
13507 3253 3413 3554 3731
13508 3197 3522 3409 3533
13509 3224 3314 3271 3713
13510 2250 3281 2251 3502
13511 3251 3492 3350 3656
13512 2199 2201 2200 3395
13513 1753 3337 1748 3438
13514 2262 2290 3389 3637
13515 3256 3500 3404 3749
13516 3174 3298 3543 3764
13517 3376 3669 3279 3751
13518 3159 3547 3420 3745
13519 1923 1956 2107 3349
13520 2040 1992 2112 3491
13521 2224 3357 2215 3701
13522 3189 3334 1677 3759
13523 3165 3508 3296 3619
13524 3156 3259 3609 3758
13525 2049 2050 2054 3369
13526 399 2308 2017 3546
13527 2250 2249 2251 3281
13528 1901 3574 3386 3639
13529 3485 3604 3290 3639
13530 3191 3396 3690 3754
13531 3205 3526 3318 3600
13532 3217 3476 3386 3574
13533 3224 3291 3280 3651
13534 2029 2028 2030 3628
13535 2305 2292 2238 3648
13536 1742 1864 1743 3404
13537 2097 2147 2353 3646
13538 2051 3475 2052 3655
13539 3160 3448 3413 3470
13540 3298 3673 3543 3764
13541 1800 1807 1799 3453
13542 3197 3255 1716 3335
13543 1955 3349 3518 3564
13544 2011 2081 2089 3322
13545 1791 1747 3460 3563
13546 2251 3502 3638 3718
13547 1951 3595 3394 3716
13548 1692 226 3171 3489
13549 1786 1897 1886 3308
13550 3217 3391 3387 3537
13551 993 1017 992 3317
13552 3275 3174 3483 3557
13553 3467 3510 3493 3719
13554 2344 3330 2330 3511
13555 1778 1840 1888 3274
13556 2279 2305 3362 3648
13557 3454 3594 3261 3765
13558 2033 1994 1993 2171
13559 3499 3709 3215 3740
13560 1840 3274 3242 3364
13561 3369 3721 3400 3746
13562 3211 3383 3357 3700
13563 1000 1013 1015 3267
13564 1915 2122 2095 3329
13565 2300 1877 1891 3600
13566 2206 3387 3391 3537
13567 3350 3492 3209 3656
13568 3485 3238 3535 3598
13569 2163 2154 2162 3494
13570 3165 3347 3619 3726
13571 2085 1954 1953 3394
13572 3286 3175 3518 3756
13573 1691 3319 1689 3614
13574 1693 3189 1677 3489
13575 2268 3606 3300 3737
13576 2125 3742 3339 3761
13577 3318 3444 3235 3748
13578 2074 2059 2013 3520
13579 3213 3607 3602 3621
13580 3480 3481 1894 3556
13581 2227 3431 2313 3698
13582 1942 1995 3422 3761
13583 2275 2276 3317 3696
13584 1883 1722 1720 3494
13585 1708 1804 2294 3370
13586 2384 3521 3656 3703
13587 1736 1735 1724 3248
13588 3352 3608 3371 3661
13589 1765 1761 1801 3414
13590 2292 2304 2294 3370
13591 3536 3598 3215 3740
13592 1905 1845 1846 3368
13593 3359 3517 1882 3677
13594 2207 3546 3373 3634
13595 2229 2379 2285 3306
13596 2249 3638 3281 3755
13597 3293 3685 3465 3733
13598 3187 3532 3374 3633
13599 2236 2305 2238 3529
13600 1694 1817 3352 3591
13601 2314 2310 3432 3537
13602 3293 3163 3540 3624
13603 3415 3417 1009 3668
13604 1734 3327 3528 3574
13605 2067 2088 3373 3546
13606 1766 3427 1693 3513
13607 3211 3331 3358 3633
13608 3256 3472 3409 3727
13609 1691 1865 1688 3319
13610 2130 3376 2120 3646
13611 1979 3684 3549 3707
13612 1962 3289 1963 3531
13613 3221 3455 3452 3545
13614 3218 3601 3287 3665
13615 2272 2334 3374 3532
13616 2366 2315 3317 3550
13617 2098 3321 3525 3728
13618 3244 3638 3502 3718
13619 3442 3584 3186 3593
13620 3295 3329 3183 3398
13621 1002 3555 985 3599
13622 3241 3523 2061 3769
13623 1800 3374 1782 3579
13624 1867 1845 3368 3620
13625 2390 2274 2255 3637
13626 3194 3310 3601 3725
13627 3236 3505 3479 3572
13628 1760 1884 1726 3342
13629 3517 3554 3184 3731
13630 1759 3337 1753 3428
13631 1025 994 1008 3737
13632 1820 2284 2336 3686
13633 3523 3721 1929 3746
13634 3232 3441 3659 3745
13635 1833 3438 3344 3567
13636 3318 3623 3206 3748
13637 3572 3615 3264 3629
13638 2387 1699 2241 3688
13639 3256 3726 3472 3727
13640 3194 3365 3422 3725
13641 2313 2258 2267 3431
13642 3284 3692 3627 3695
13643 2054 2077 3369 3593
13644 3298 3558 3221 3673
13645 3196 3643 3303 3766
13646 1950 1949 2105 3280
13647 2390 2255 2254 3551
13648 2299 3524 3322 3710
13649 3170 3309 3426 3720
13650 1959 2117 2084 3695
13651 3380 3492 3251 3509
13652 1833 1751 3344 3635
13653 3365 3618 3288 3725
13654 2010 2011 2089 3322
13655 3281 3213 3590 3755
13656 3285 3617 3400 3721
13657 3217 3528 3327 3574
13658 3479 3572 3264 3629
13659 2390 3445 2274 3637
13660 2343 2282 3551 3669
13661 3357 3532 3633 3700
13662 3239 3497 3485 3598
13663 3256 3296 3559 3726
13664 2280 2350 1936 3445
13665 3168 3343 3278 3385
13666 3355 3184 3450 3677
13667 1833 3344 1832 3456
13668 3206 3623 3527 3753
13669 3263 3446 3402 3626
13670 1820 1828 1796 3435
13671 2029 2142 2031 3628
13672 2070 3185 2007 3549
13673 3304 3511 3177 3693
13674 2138 2196 2184 3640
13675 2133 2143 2066 3403
13676 2178 2176 2169 3674
13677 2359 3521 3399 3656
13678 1975 1973 2196 3640
13679 3338 3349 3175 3518
13680 2167 1680 2150 3505
13681 1919 2094 2257 2258
13682 1691 1893 3528 3614
13683 3455 3543 3221 3673
13684 3300 3555 1002 3599
13685 1737 1782 1783 3375
13686 3193 3658 3414 3717
13687 3383 3482 3357 3701
13688 3358 3214 3691 3732
13689 3328 3166 3369 3697
13690 1732 3510 3472 3719
13691 2323 3638 3244 3718
13692 3159 3441 3506 3680
13693 3202 3463 3567 3712
13694 2218 3235 2219 3718
13695 2100 3431 2043 3519
13696 3219 3411 3615 3644
13697 3454 3501 3219 3644
13698 3162 3602 3261 3615
13699 3257 3527 3322 3756
13700 2126 2086 2096 3328
13701 3380 3424 3193 3492
13702 1966 3689 3382 3716
13703 3368 3275 3682 3704
13704 3221 3543 3298 3673
13705 1800 1782 1839 3579
13706 1771 1843 1770 3262
13707 1911 1810 1787 3275
13708 1831 1830 1762 3309
13709 1818 1834 1828 3435
13710 3409 3643 3256 3726
13711 2323 3244 3516 3718
13712 1724 3248 1735 3607
13713 3261 3674 3602 3765
13714 1762 3359 1849 3658
13715 1710 3438 3567 3578
13716 3296 3506 3441 3508
13717 2044 1984 2080 3689
13718 2360 3249 2352 3693
13719 3171 3291 3224 3651
13720 2005 3291 3204 3434
13721 2046 2286 2055 3632
13722 3214 3465 3358 3691
13723 3301 3728 3243 3747
13724 1972 3297 1995 3761
13725 2130 1959 1957 3284
13726 2045 2037 2222 3741
13727 3166 3437 3400 3617
13728 3365 3690 3191 3725
13729 1858 1865 1899 3327
13730 3165 3409 3347 3726
13731 2107 3349 1956 3665
13732 2000 2307 3395 3632
13733 3202 3567 3565 3712
13734 1853 3402 1854 3604
13735 1685 1684 1686 3626
13736 3409 3472 3404 3727
13737 3164 3544 3274 3709
13738 3164 3496 3274 3544
13739 1759 1752 1753 3337
13740 3156 3455 3353 3609
13741 3177 3511 3304 3667
13742 3208 3253 3413 3470
13743 1860 3538 3493 3671
13744 3452 3455 3221 3673
13745 3296 3467 3226 3659
13746 3165 3619 3296 3726
13747 1017 3530 1013 3668
13748 3243 3568 3351 3758
13749 1028 2214 2213 2389
13750 1951 1953 3394 3595
13751 3210 3611 3357 3701
13752 1810 1846 1812 3384
13753 2001 2200 1998 3395
13754 3176 3447 3388 3627
13755 3210 3654 3611 3701
13756 3536 3215 3709 3740
13757 2275 2366 2315 3317
13758 2101 2265 2257 3577
13759 2034 2082 2032 3354
13760 3199 3742 3339 3768
13761 3451 3256 3559 3749
13762 2373 1005 2337 3686
13763 2186 3405 2232 3558
13764 1801 1764 1765 3414
13765 2131 3665 3601 3736
13766 3365 3478 3191 3690
13767 2348 3494 2303 3638
13768 1972 2125 3339 3761
13769 2356 1884 2355 3342
13770 3204 3436 3361 3582
13771 3166 3369 3313 3584
13772 2313 2227 2228 3431
13773 3342 3613 3552 3720
13774 3328 3440 3166 3697
13775 3333 3416 3163 3571
13776 1773 3404 1864 3500
13777 3253 3462 3463 3576
13778 2072 2033 1993 3264
13779 2359 2281 2242 3399
13780 2064 1937 3434 3675
13781 3409 3522 3196 3643
13782 3157 3424 3380 3492
13783 1797 1706 1795 3419
13784 2168 2176 2174 3735
13785 399 2017 2091 3546
13786 3239 3485 3535 3598
13787 2251 3502 3281 3638
13788 1700 3485 3239 3486
13789 1921 3338 2090 3518
13790 2187 3446 3634 3754
13791 2042 1958 2027 3410
13792 1996 1995 1997 3612
13793 2231 2194 3270 3545
13794 3228 3312 3459 3563
13795 3163 3293 3540 3685
13796 1986 3301 1985 3747
13797 1955 3349 1921 3518
13798 1753 1752 1748 3337
13799 3168 3485 3460 3486
13800 3244 3621 3281 3638
13801 3194 3618 3365 3725
13802 3177 3355 3450 3556
13803 2090 2180 2089 3322
13804 3432 3672 3326 3750
13805 3320 3269 3447 3548
13806 3351 3568 3156 3758
13807 1700 1841 3239 3536
13808 3244 3718 3502 3766
13809 3184 3355 3412 3554
13810 3245 3657 3650 3730
13811 3340 3517 3184 3731
13812 2320 2265 2321 1008
13813 2175 3674 3401 3735
13814 3225 3392 3683 3742
13815 2217 2219 2218 3235
13816 2357 2361 3376 3646
13817 2309 2211 2209 3600
13818 2077 3313 3369 3593
13819 3180 3399 3509 3694
13820 2179 3474 3322 3527
13821 2379 3390 2364 3687
13822 1872 3485 1868 3604
13823 2285 2289 2287 3603
13824 1787 1810 1786 3557
13825 3183 3398 3373 3754
13826 2145 2020 2053 3341
13827 2345 2380 3484 3642
13828 2045 2222 2385 3311
13829 3432 3524 2256 3750
13830 3271 3314 3224 3651
13831 287 3312 1791 3343
13832 3198 3540 3436 3582
13833 2231 2230 2232 3545
13834 3223 3388 3447 3627
13835 1919 1920 2094 3577
13836 3278 3312 3169 3343
13837 2340 3358 3700 3733
13838 3324 3179 3457 3652
13839 1903 1831 1726 3426
13840 1863 3645 1837 3663
13841 2329 2367 2328 3530
13842 3553 3590 3281 3621
13843 1761 1765 1760 3653
13844 3387 3396 3237 3634
13845 3199 3305 3742 3769
13846 1186 3241 3195 3364
13847 1851 3359 1882 3677
13848 1916 3555 2060 3734
13849 2231 2330 3330 3511
13850 3183 3440 3295 3469
13851 2189 3634 3373 3754
13852 2070 2069 1961 3269
13853 1774 3344 1751 3635
13854 2049 2050 3369 3746
13855 1759 3337 3428 3757
13856 3179 3433 3524 3652
13857 3184 3355 3554 3677
13858 3536 3240 3739 3740
13859 1756 1909 1755 3276
13860 3249 3556 3450 3658
13861 2007 2070 1961 3289
13862 983 3189 1677 3759
13863 2287 3395 2307 3632
13864 3296 3226 3467 3559
13865 3197 3404 3409 3522
13866 1025 1008 2101 3577
13867 1912 3576 3456 3724
13868 1850 1848 3556 3658
13869 2057 3623 3475 3753
13870 1919 2094 2258 3577
13871 3185 3340 3320 3413
13872 2193 2349 2198 3282
13873 2168 2174 3629 3735
13874 1859 3563 3538 3671
13875 3187 3591 3375 3661
13876 1862 3663 3451 3749
13877 2014 3204 3722 3723
13878 1831 3309 1762 3653
13879 3342 3414 3193 3653
13880 991 3435 1027 3686
13881 1940 3742 2125 3761
13882 2393 2362 2311 3390
13883 3176 3394 3388 3676
13884 2248 1684 2205 3384
13885 2388 2365 989 2374
13886 1025 2093 3555 3577
13887 3411 3629 3615 3644
13888 1882 3517 3359 3702
13889 2275 2276 2366 3317
13890 1724 1883 3590 3607
13891 3373 3546 3191 3754
13892 3345 3234 3655 3752
13893 3261 3615 3629 3644
13894 3520 3647 3307 3679
13895 3164 3542 3544 3709
13896 2154 1720 1721 3401
13897 3162 3560 3354 3615
13898 3213 3674 3594 3765
13899 1765 3414 1760 3653
13900 3210 3488 3611 3654
13901 3441 3506 3206 3508
13902 1015 996 1000 3606
13903 2096 2095 1971 3534
13904 3522 3533 3197 3636
13905 2010 3474 2179 3753
13906 2131 2041 2123 3601
13907 3274 3544 3536 3709
13908 3220 3469 3398 3573
13909 3213 3281 3621 3638
13910 1797 3417 1683 3616
13911 3240 3544 3542 3709
13912 2204 2381 2359 3399
13913 3206 3475 3623 3753
13914 1978 1958 2042 3302
13915 2295 2264 2281 3376
13916 3313 3369 3166 3697
13917 1820 2336 1819 3686
13918 2384 3656 2203 3703
13919 3369 3400 3328 3746
13920 2012 2013 3436 3723
13921 2340 2339 3700 3732
13922 993 3435 991 3686
13923 3176 3447 3448 3676
13924 1694 1695 1817 3591
13925 2131 3287 2041 3601
13926 3326 3457 3179 3652
13927 1833 1749 1751 3635
13928 2207 2244 3237 3634
13929 2024 2152 2025 3411
13930 3359 3517 3227 3702
13931 3591 3608 3352 3661
13932 3300 3555 3431 3577
13933 3274 3364 1840 3536
13934 2067 2088 1970 3373
13935 2218 2326 3642 3718
13936 1970 1995 1972 3297
13937 1762 1761 3653 3658
13938 2157 1680 2167 3505
13939 2283 1707 2296 3419
13940 2384 2358 3521 3703
13941 3428 3430 3200 3496
13942 992 997 991 3458
13943 3307 3647 3178 3679
13944 3178 3416 3624 3647
13945 2204 3399 2242 3654
13946 1735 1717 3335 3636
13947 3226 3559 3296 3726
13948 2365 989 2374 2373
13949 3342 3414 2355 3613
13950 1705 3463 3456 3576
13951 3273 3682 3589 3763
13952 3371 3581 3187 3608
13953 2323 2302 2324 3454
13954 3467 3559 3510 3719
13955 2296 1707 1708 3419
13956 2323 2251 3638 3718
13957 3234 3642 3586 3748
13958 1774 1776 1775 3381
13959 2306 3465 3466 3691
13960 1859 1823 3538 3563
13961 1791 3460 3312 3563
13962 3177 3480 3355 3556
13963 2213 2214 1028 1026
13964 2211 2391 2210 3318
13965 3296 3159 3467 3659
13966 2207 2208 3373 3546
13967 3240 3305 3195 3683
13968 1733 1824 3348 3510
13969 3370 3419 3207 3648
13970 3324 3449 3179 3652
13971 2377 3358 2340 3733
13972 2393 3390 2311 3698
13973 2236 2238 2233 3529
13974 3729 3742 1938 3761
13975 3214 3358 3465 3685
13976 3444 3508 3165 3748
13977 2271 1004 1869 3686
13978 3249 3414 3658 3717
13979 2122 2190 2118 3329
13980 2179 3474 3527 3753
13981 3321 3351 3201 3393
13982 3240 3536 3544 3709
13983 3296 3508 3441 3619
13984 1829 1826 1827 3719
13985 2184 3558 2185 3583
13986 2249 2251 3281 3638
13987 3157 3314 3340 3713
13988 3190 3431 3300 3555
13989 2348 3494 3638 3755
13990 1832 3456 3344 3724
13991 3229 3323 3169 3588
13992 2131 2107 3665 3736
13993 2334 3532 2339 3732
13994 1916 985 3555 3734
13995 2128 1977 1949 3507
13996 3170 3488 3380 3720
13997 1755 3276 1909 3596
13998 3399 3654 3251 3694
13999 2190 3398 3295 3580
14000 3314 3224 3684 3713
14001 3158 3482 3371 3581
14002 1792 1876 1779 3330
14003 3288 3396 3360 3760
14004 1862 3451 3719 3749
14005 2010 2089 2179 3322
14006 3350 3492 3193 3717
14007 2047 3520 3519 3632
14008 3223 3627 3692 3695
14009 1770 3468 1772 3670
14010 2367 2366 3530 3550
14011 3198 3293 3540 3647
14012 3456 3463 1712 3567
14013 3339 3392 3225 3742
14014 3220 3398 3478 3754
14015 3415 3711 3416 3715
14016 3265 3624 3570 3685
14017 3683 3739 3240 3740
14018 2357 3521 2358 3646
14019 2275 2315 2283 3435
14020 3219 3743 3501 3744
14021 1752 3337 1759 3757
14022 2030 3287 2131 3665
14023 999 3417 3458 3668
14024 3339 3742 2125 3768
14025 3240 3239 3364 3536
14026 3251 3509 3399 3694
14027 1966 1984 3382 3689
14028 3203 3516 3418 3662
14029 3178 3390 3679 3687
14030 3283 3627 3388 3695
14031 3307 3520 3198 3647
14032 2131 2146 2107 3736
14033 2245 3710 3237 3750
14034 277 3185 1192 3549
14035 2219 3235 3502 3718
14036 2229 2285 2286 3632
14037 3373 3634 3546 3754
14038 3175 3564 3349 3738
14039 3220 3478 3469 3714
14040 2369 2370 2371 3579
14041 1705 3253 3463 3576
14042 1955 3518 2023 3564
14043 2003 1954 2084 3592
14044 3378 3541 3292 3569
14045 2304 2277 2296 3419
14046 2129 2130 2120 3646
14047 3265 3624 3529 3762
14048 3552 3611 3488 3654
14049 3284 3521 3376 3646
14050 3414 3653 1761 3658
14051 2199 2000 2307 3395
14052 3331 3453 3187 3608
14053 3163 3624 3293 3685
14054 3214 3465 3570 3685
14055 2135 2114 3403 3752
14056 2001 2199 2200 3395
14057 3368 3384 3275 3704
14058 3316 3551 3279 3669
14059 3256 3409 3726 3727
14060 1792 2330 1876 3330
14061 3177 3481 3480 3556
14062 1818 3435 1820 3686
14063 2005 3204 2012 3434
14064 3257 3524 3433 3652
14065 2252 3325 3421 3483
14066 3168 3312 3278 3343
14067 2183 2239 3342 3552
14068 3236 3602 3401 3607
14069 1693 1766 1694 3427
14070 1762 1882 3359 3702
14071 3165 3643 3409 3726
14072 2261 3389 2290 3733
14073 3557 3682 3275 3757
14074 3315 3189 3562 3608
14075 3326 3524 3432 3750
14076 1880 1908 1894 3481
14077 3465 3685 3358 3733
14078 2112 2106 2111 3728
14079 3232 3659 3323 3745
14080 1017 1010 3317 3668
14081 2243 2240 2215 3532
14082 2185 3580 2190 3583
14083 3378 3491 1991 3523
14084 3279 3551 3188 3575
14085 3488 3552 3246 3611
14086 3225 3683 3729 3742
14087 1738 1740 1739 3590
14088 2382 2253 1897 3483
14089 1729 1754 2310 3433
14090 2180 2299 3322 3710
14091 2103 2108 2159 3743
14092 2284 1820 3435 3686
14093 1941 2064 1999 3675
14094 3232 3299 3471 3619
14095 3174 3543 3429 3764
14096 3346 3442 3186 3640
14097 2375 3606 2268 3737
14098 2366 2322 2315 3550
14099 1862 3719 1847 3749
14100 1002 1000 3300 3599
14101 2350 3445 2390 3551
14102 3345 3471 3250 3649
14103 1900 1857 1853 3386
14104 2311 2364 2379 3390
14105 1939 3729 1938 3761
14106 1900 3386 1901 3574
14107 3206 3474 3473 3475
14108 2028 3287 2030 3397
14109 3456 3462 3202 3464
14110 1723 1721 1722 3401
14111 2268 2267 2266 3737
14112 3203 3662 3560 3766
14113 3307 3416 3178 3647
14114 1862 1875 3451 3663
14115 3197 3409 3404 3727
14116 3303 3409 3165 3643
14117 3464 3609 3259 3706
14118 3193 3414 3342 3613
14119 2211 3318 2210 3526
14120 1921 1922 2090 3338
14121 2078 1914 2077 3593
14122 3232 3471 3347 3619
14123 990 3722 3333 3723
14124 2066 2133 3403 3649
14125 3190 3390 3306 3679
14126 3269 3595 3448 3676
14127 3295 3166 3440 3697
14128 1010 992 3317 3458
14129 3333 3711 3571 3759
14130 3167 3275 3384 3704
14131 3209 3656 3521 3703
14132 1691 1688 1689 3319
14133 3551 3669 2282 3751
14134 2253 3421 3308 3483
14135 3198 3603 3293 3647
14136 3295 3583 3166 3697
14137 3269 3448 3447 3676
14138 1774 3381 1775 3724
14139 3288 3690 3365 3725
14140 1708 1707 1706 3419
14141 3195 3240 3364 3544
14142 3293 3529 3647 3687
14143 3303 3196 3522 3643
14144 3261 3594 3674 3765
14145 3286 3547 3680 3745
14146 3177 3511 3481 3693
14147 3392 3683 3240 3740
14148 2192 2191 2193 3304
14149 3331 3211 3581 3633
14150 1850 1801 1761 3658
14151 2155 2156 2175 3401
14152 2258 2094 2257 3577
14153 2265 2266 2257 3577
14154 3261 3236 3602 3735
14155 2195 2317 2194 3504
14156 3160 3462 3464 3706
14157 1769 1725 3472 3636
14158 1755 1877 2309 3596
14159 2114 2143 3403 3630
14160 3175 3515 3326 3652
14161 415 416 2164 3501
14162 3356 3714 3258 3740
14163 416 417 2178 3594
14164 2067 1970 1971 3373
14165 1768 3427 1766 3513
14166 2182 3552 2183 3613
14167 1952 3394 3689 3716
14168 2262 2331 2255 3383
14169 1803 3425 3370 3616
14170 1936 1941 2280 3445
14171 3159 3420 3323 3745
14172 2370 1780 1839 3579
14173 3204 3434 3361 3436
14174 1966 3382 1984 3716
14175 3362 3529 3178 3762
14176 2200 2274 2280 3445
14177 3474 3475 3206 3753
14178 3298 3166 3583 3584
14179 2085 2084 1954 3388
14180 3407 3482 3158 3641
14181 1766 1767 1785 3427
14182 1789 3757 1887 3763
14183 3296 3619 3659 3726
14184 2337 2373 2270 1005
14185 2314 3432 2246 3537
14186 1840 1701 1906 3274
14187 3233 3323 3420 3745
14188 1869 1819 2336 3686
14189 2073 3307 2013 3723
14190 3191 3634 3396 3754
14191 3331 3187 3581 3608
14192 3175 3518 3349 3564
14193 1009 3503 3415 3668
14194 1828 1834 1795 3458
14195 3375 3246 3661 3699
14196 1857 1900 1730 3391
14197 2181 2240 2239 3552
14198 3213 3281 3638 3755
14199 2032 2025 3411 3744
14200 1972 2125 2096 3534
14201 3219 3644 3501 3743
14202 2382 2288 3483 3580
14203 3349 3515 3175 3738
14204 3348 3510 3229 3666
14205 1936 2350 2006 3751
14206 3215 3598 3356 3740
14207 1846 1911 1905 3682
14208 3259 3706 3609 3758
14209 2224 2339 2225 3357
14210 3443 3493 3229 3538
14211 3240 3536 3709 3740
14212 3481 3511 2344 3693
14213 2216 3611 3654 3701
14214 1875 1907 3451 3596
14215 1901 3386 1853 3639
14216 2257 2094 2101 3577
14217 1856 1853 3604 3639
14218 1688 1860 3493 3671
14219 3461 3657 3245 3730
14220 3249 3658 3450 3717
14221 1952 3394 3592 3689
14222 2308 3237 2245 3710
14223 3303 3586 3203 3766
14224 2082 2143 2083 3630
14225 3266 3541 3437 3617
14226 1904 3589 3682 3763
14227 3228 3443 3597 3610
14228 2298 3433 2209 3524
14229 1844 1888 3428 3578
14230 3273 3682 3275 3704
14231 1753 1844 3428 3578
14232 1790 3460 1746 3486
14233 2255 2262 3383 3637
14234 1715 3554 3517 3731
14235 2119 1977 2128 3507
14236 1835 1863 1837 3663
14237 1959 2130 2117 3646
14238 2135 2114 2133 3403
14239 3176 3423 3447 3627
14240 3290 3604 3386 3639
14241 1899 3327 1734 3574
14242 2023 2081 2021 3518
14243 1726 3688 1727 3699
14244 3269 3320 3185 3549
14245 2154 1721 2155 3401
14246 2110 2124 3367 3625
14247 1832 3344 1774 3724
14248 3239 3598 3536 3739
14249 3228 3312 3538 3610
14250 1740 3590 1883 3755
14251 2093 1025 2101 3577
14252 3228 3597 3312 3610
14253 1854 1853 1852 3402
14254 1943 405 2347 2380
14255 1726 1831 1760 3653
14256 3356 3469 3258 3714
14257 3301 3531 3182 3728
14258 1952 3394 1954 3592
14259 1902 1734 1730 3528
14260 3432 3433 2256 3524
14261 1811 2382 1897 3483
14262 1867 1874 1871 3620
14263 3323 3348 3232 3587
14264 3443 3420 3597 3610
14265 2212 2220 2368 1007
14266 3214 3466 3465 3691
14267 2210 3526 3318 3527
14268 2206 3391 3387 3446
14269 1004 2337 2270 1005
14270 3512 3517 3340 3731
14271 3343 3367 2039 3385
14272 2131 3601 2132 3736
14273 2079 2027 1960 3548
14274 1827 3451 3660 3719
14275 415 2324 416 3501
14276 2252 3325 2185 3421
14277 3233 3564 3547 3738
14278 2302 417 416 3594
14279 1694 1817 1697 3352
14280 1990 1991 2106 3491
14281 2308 2017 2090 400
14282 3519 3520 3306 3632
14283 3318 3508 3444 3748
14284 2074 3519 3520 3734
14285 2090 2089 2081 3518
14286 3546 3634 3191 3754
14287 1776 1779 1895 3381
14288 2287 2289 2201 3395
14289 1824 3348 3229 3539
14290 2337 1004 2271 3686
14291 3176 3388 3447 3676
14292 2339 3357 2224 3700
14293 1719 1735 1717 3335
14294 2322 2365 2373 3550
14295 2388 1019 2389 987
14296 2091 3379 1997 3612
14297 1822 1895 1896 3480
14298 2320 2368 1007 1008
14299 3183 3295 3398 3469
14300 3193 3613 3350 3717
14301 3225 3392 3339 3664
14302 2076 3442 1976 3593
14303 3248 3607 3590 3621
14304 3293 3647 3603 3687
14305 3230 3417 1682 3759
14306 2024 2153 2152 3743
14307 3202 3462 3456 3463
14308 3178 3679 3503 3715
14309 1814 3425 1681 3616
14310 2249 2348 3638 3755
14311 3180 3372 3509 3692
14312 3231 3492 3350 3717
14313 2073 986 3307 3723
14314 2215 2224 2225 3357
14315 2136 2044 2139 3311
14316 3520 3679 3307 3734
14317 1993 3264 3479 3705
14318 1192 3185 277 3208
14319 3502 3718 3235 3766
14320 3349 3628 1956 3665
14321 2373 2337 2316 3686
14322 3185 3208 3413 3470
14323 2250 2251 2335 3502
14324 3187 3357 3532 3633
14325 2162 3401 2175 3674
14326 1768 1881 1767 3702
14327 2059 2058 2015 3436
14328 3334 3570 3230 3571
14329 2220 1007 995 3737
14330 1946 1947 2135 3655
14331 3183 3469 3478 3714
14332 3317 3458 3207 3668
14333 2183 3552 3342 3613
14334 1965 3531 1963 3716
14335 3302 3372 3224 3681
14336 1951 1963 3595 3716
14337 1764 1802 358 2352
14338 2014 2012 3204 3723
14339 2237 2377 2291 3733
14340 1882 1849 1762 3359
14341 2317 2349 2338 3439
14342 1889 1913 3554 3677
14343 1872 1868 1856 3604
14344 3322 3524 2297 3527
14345 2015 2058 2092 3436
14346 3500 3553 1885 3645
14347 2368 2320 2321 1008
14348 3222 3657 3461 3730
14349 3454 3516 3244 3662
14350 2033 2032 2025 3411
14351 3454 3662 3244 3765
14352 3229 3493 3443 3510
14353 3250 3403 3354 3560
14354 2036 3367 2065 3729
14355 1782 1799 1783 3374
14356 3182 3393 3321 3525
14357 3193 3653 3414 3658
14358 2234 3603 2285 3687
14359 1851 1849 1882 3359
14360 2196 1973 2385 3311
14361 2202 2192 3350 3613
14362 2064 3434 2071 3436
14363 3313 3186 3584 3593
14364 990 983 3333 3722
14365 3165 3586 3303 3643
14366 1819 1818 1820 3686
14367 3342 3653 3193 3720
14368 2295 2357 2361 3376
14369 2099 2098 3531 3728
14370 1942 1939 1940 3761
14371 3342 3193 3613 3720
14372 1815 1677 3189 3334
14373 2343 2282 2254 3551
14374 3155 3476 3406 3760
14375 3203 3560 3303 3766
14376 3375 3591 1816 3699
14377 1879 1802 1880 3481
14378 1682 1814 3230 3759
14379 3226 3472 3726 3727
14380 2108 3743 2103 3744
14381 2273 3374 2334 3732
14382 2098 2111 3321 3728
14383 2367 2366 2328 3530
14384 2340 3700 2261 3733
14385 1997 2140 2132 3310
14386 1903 1695 1696 3426
14387 1997 2132 1996 3310
14388 3169 3343 3539 3622
14389 2334 3374 3532 3732
14390 3224 3291 3171 3707
14391 1920 3431 2060 3555
14392 1967 3232 1969 3587
14393 1950 3291 2005 3434
14394 3236 3629 3479 3735
14395 1952 1951 3394 3716
14396 2112 1988 2040 3747
14397 2057 1931 2052 3475
14398 1933 2345 1932 3484
14399 3199 3742 3768 3769
14400 1960 2084 3388 3695
14401 3367 3385 3194 3625
14402 1977 1978 1949 3507
14403 3394 3595 3216 3716
14404 3229 3443 3467 3510
14405 1914 3313 2077 3593
14406 2100 1918 2043 3431
14407 2073 2074 2013 3307
14408 1681 3425 1803 3616
14409 1714 3554 1705 3576
14410 3305 3683 3392 3742
14411 2382 1812 2248 3384
14412 1679 1718 289 3505
14413 1885 3500 1864 3553
14414 1786 1886 1793 3308
14415 378 1919 2257 2258
14416 1864 3500 1861 3749
14417 2064 1934 1937 3675
14418 1692 3171 1757 3513
14419 3322 3524 3257 3756
14420 2049 3369 2087 3746
14421 2337 1005 1004 3686
14422 3285 3369 3584 3593
14423 3204 3333 3332 3562
14424 1840 1701 3274 3536
14425 3178 3529 3624 3762
14426 3291 3489 3171 3707
14427 3219 3644 3743 3744
14428 3260 3660 3451 3719
14429 3362 3648 3207 3696
14430 3358 2340 3700 3732
14431 1192 1757 3171 3767
14432 991 1818 1027 3435
14433 1862 1875 3663 3749
14434 2000 2055 2307 3632
14435 1874 1702 1871 3535
14436 3161 3714 3356 3740
14437 1823 3312 1791 3539
14438 1987 3442 2040 3747
14439 1945 2051 2052 3655
14440 2210 3527 3318 3623
14441 3602 3607 3248 3621
14442 1701 1700 3535 3536
14443 1764 2360 2355 3414
14444 3157 3340 3320 3713
14445 400 2090 2308 2180
14446 992 991 993 3435
14447 2364 2311 2362 3390
14448 2073 3307 986 3734
14449 1025 1002 3300 3555
14450 3235 3586 3643 3766
14451 3237 3396 3387 3672
14452 2047 2046 2055 3632
14453 3307 3599 1001 3734
14454 2360 2355 3414 3613
14455 2106 3378 3321 3569
14456 3298 3377 3673 3764
14457 1976 2076 2040 3442
14458 1905 1867 1845 3368
14459 2097 2117 2147 3646
14460 2140 3379 1927 3736
14461 2135 3655 1947 3752
14462 2174 2176 3674 3735
14463 3404 3522 3197 3636
14464 2148 1931 2127 3752
14465 3529 3624 3293 3647
14466 1919 2257 2094 378
14467 1963 3289 1961 3595
14468 1906 3589 1904 3763
14469 3307 3198 3582 3647
14470 2032 2083 2102 3744
14471 2300 2259 2217 3600
14472 397 2067 2118 3373
14473 2331 2247 2255 3383
14474 3335 3505 3236 3572
14475 3307 3582 3416 3647
14476 2032 2033 2034 3264
14477 3178 3679 3647 3687
14478 993 991 1003 3686
14479 3415 1014 3711 3715
14480 2130 2119 2120 3376
14481 2342 1933 2057 3623
14482 2145 3341 1967 3587
14483 2091 3546 3379 3612
14484 3601 3665 3218 3736
14485 1836 372 2259 1838
14486 1826 3493 1731 3719
14487 3500 3645 1863 3663
14488 2005 3204 3291 3722
14489 2356 1884 1763 2355
14490 3250 3533 3354 3561
14491 2074 3519 2047 3520
14492 3411 2161 3644 3743
14493 2054 2077 2087 3369
14494 2263 1918 1919 3431
14495 3187 3453 3591 3608
14496 3207 3648 3419 3696
14497 1928 3523 3768 3769
14498 287 3312 3343 3539
14499 1899 1865 1734 3327
14500 3375 3661 3591 3699
14501 3252 3462 3412 3576
14502 1880 1850 1848 3556
14503 2183 3342 2355 3613
14504 3183 3478 3664 3714
14505 3180 3681 3407 3694
14506 3182 3525 3321 3728
14507 1799 1782 1800 3374
14508 2206 2187 3446 3634
14509 1737 3375 1727 3688
14510 1837 1838 1836 3645
14511 1917 2060 1916 3555
14512 3332 3333 3189 3562
14513 3161 3356 3598 3740
14514 2067 397 2208 3373
14515 1783 1816 3375 3591
14516 1996 1942 1995 3422
14517 2044 2045 2139 3311
14518 2056 3520 2047 3632
14519 1722 1721 1720 3401
14520 3474 3206 3527 3753
14521 3176 3448 3650 3730
14522 3252 3456 3462 3576
14523 3432 3528 3217 3537
14524 2163 1720 2154 3494
14525 3213 3621 3602 3765
14526 372 2250 2259 1838
14527 1700 3485 1868 3535
14528 2003 2002 2004 3592
14529 1004 2270 2337 2271
14530 1028 995 2213 1026
14531 1886 2253 362 1843
14532 1913 1882 3517 3677
14533 3341 3587 3233 3745
14534 1787 1789 3682 3757
14535 3192 3541 3378 3569
14536 3159 3441 3680 3745
14537 2098 1964 3289 3525
14538 2283 346 1820 2284
14539 2345 3623 2218 3642
14540 2342 2345 1933 3623
14541 2273 1782 2272 3374
14542 3415 3503 3178 3762
14543 1798 1803 3370 3616
14544 3201 3565 3242 3566
14545 1789 1904 3682 3763
14546 3309 3193 3653 3720
14547 2065 3367 3195 3729
14548 3377 3584 3285 3617
14549 3516 3662 3203 3766
14550 1884 1763 356 2356
14551 3397 3420 3323 3588
14552 3202 3609 3464 3706
14553 2280 2006 1936 2350
14554 1967 2053 1948 3341
14555 2265 2101 2109 1008
14556 2195 2196 3311 3405
14557 2190 3329 3295 3398
14558 2238 2306 2237 3465
14559 1796 346 1820 2283
14560 1814 1803 1681 3425
14561 3159 3323 3659 3745
14562 2206 3387 2244 3634
14563 3446 3573 2205 3626
14564 1899 1734 1902 3574
14565 2106 1991 3378 3491
14566 1773 1847 3472 3749
14567 2337 2271 2336 3686
14568 2202 2360 2192 3613
14569 1905 3589 3368 3682
14570 991 1027 1003 3686
14571 2172 3479 2171 3629
14572 1943 2104 2115 3418
14573 3410 3684 1979 3707
14574 1996 2123 1942 3625
14575 1025 3300 996 3737
14576 3178 3647 3529 3687
14577 2002 3477 2221 3741
14578 3501 3644 2164 3743
14579 3411 3264 3615 3629
14580 2209 3526 2210 3527
14581 985 1001 3599 3734
14582 3257 3652 3547 3756
14583 1774 1770 1776 3468
14584 2009 3474 2010 3753
14585 3240 3683 3195 3739
14586 2168 2173 3411 3629
14587 1988 3728 1986 3747
14588 405 1943 1932 2380
14589 2377 2237 2378 3465
14590 2232 2230 2253 3262
14591 3390 3306 3679 3687
14592 2264 2282 3669 3751
14593 3354 3560 3403 3630
14594 2241 2240 2243 3688
14595 3198 3306 3603 3647
14596 2346 2325 2324 3501
14597 1708 1798 1804 3370
14598 2197 3477 2332 3703
14599 3339 3742 3225 3761
14600 2262 2341 2290 3637
14601 2369 1780 2370 3579
14602 1825 1680 1842 3505
14603 1902 1730 1900 3574
14604 2197 2198 3477 3703
14605 2244 3237 3387 3750
14606 3161 3497 3366 3739
14607 3503 3679 3599 3715
14608 3447 3548 3269 3676
14609 2284 3435 2316 3686
14610 3214 3579 3466 3691
14611 1953 2075 2069 3595
14612 2284 345 1820 2336
14613 3274 3536 3215 3709
14614 2244 3387 3237 3634
14615 2231 2232 2194 3545
14616 2123 2041 2124 3625
14617 1768 3512 3227 3513
14618 2298 2209 2297 3524
14619 2208 2068 2067 3546
14620 362 2253 2230 1843
14621 2105 1978 2042 3302
14622 1907 3451 3596 3660
14623 3203 3642 3516 3766
14624 3201 3351 3321 3569
14625 2371 3579 2370 3691
14626 2196 3405 2186 3558
14627 3199 3768 3523 3769
14628 2286 2285 2287 3632
14629 3176 3650 3657 3730
14630 3339 3664 3297 3761
14631 1016 1020 1019 3550
14632 3187 3331 3581 3633
14633 1917 1916 985 3555
14634 2331 2247 3383 3701
14635 1956 1923 1955 3349
14636 2367 2365 2366 3550
14637 1750 1749 1748 3635
14638 1771 1770 1772 3670
14639 1014 1009 3415 3417
14640 3393 3463 3202 3712
14641 3292 3192 3568 3569
14642 2210 3318 2391 3623
14643 2375 2329 2268 3606
14644 2283 2296 2277 3419
14645 3297 3478 3365 3664
14646 3358 3700 3633 3732
14647 3247 3645 3500 3663
14648 1028 2214 2389 987
14649 2004 3592 2002 3741
14650 2221 3477 2223 3741
14651 3323 3233 3587 3745
14652 1695 1816 3591 3699
14653 1016 1015 3530 3606
14654 3517 3554 1913 3677
14655 3258 3714 3392 3740
14656 1724 1722 1883 3607
14657 2272 2243 2334 3532
14658 2221 2002 2332 3477
14659 2371 2293 2369 3466
14660 2357 2358 2361 3646
14661 3189 3333 983 3489
14662 1943 2347 406 2346
14663 2192 2360 2191 3693
14664 1998 384 2280 2200
14665 2199 2307 2287 3395
14666 3204 3582 3333 3723
14667 1981 3707 984 3722
14668 2306 2378 3465 3691
14669 2132 2131 2123 3601
14670 2288 3325 3483 3580
14671 2185 3325 2288 3580
14672 2352 1879 2344 3481
14673 1901 1900 1853 3386
14674 3250 3403 3345 3649
14675 1960 2085 2079 3388
14676 2207 2244 2308 3237
14677 279 3195 1186 3241
14678 1835 1877 1875 3663
14679 2048 3519 2074 3734
14680 1827 3451 1907 3660
14681 3160 3470 3462 3706
14682 2207 3373 2189 3634
14683 1976 3593 3442 3640
14684 2152 2158 2025 3411
14685 2106 2112 1990 3491
14686 1942 1940 1995 3761
14687 1867 1866 1845 3620
14688 983 3489 3333 3722
14689 2345 2326 2380 3642
14690 1687 3402 1852 3626
14691 1005 989 2373 1022
14692 3374 3633 3532 3732
14693 2045 2385 2139 3311
14694 2064 2015 2092 3436
14695 3182 3289 3470 3525
14696 1986 1985 1987 3747
14697 2094 2093 2101 3577
14698 2154 2155 2162 3401
14699 2009 2051 3474 3475
14700 3524 3652 3257 3756
14701 3407 3681 3271 3694
14702 1925 3250 1926 3649
14703 1832 1751 1774 3344
14704 2261 2377 2340 3733
14705 3257 3547 3680 3756
14706 2140 2016 1927 3379
14707 1025 2093 1018 3555
14708 2114 2083 2143 3630
14709 2198 3439 2223 3477
14710 1868 3485 1700 3486
14711 3224 3271 3651 3681
14712 3313 3166 3583 3697
14713 2207 2308 399 3546
14714 1885 3553 1739 3645
14715 2189 3373 3398 3754
14716 1762 1849 1761 3658
14717 2228 380 2043 2226
14718 1808 1781 1803 3425
14719 2019 2007 277 3549
14720 2085 1960 2084 3388
14721 3375 1727 3688 3699
14722 2356 2183 2239 3342
14723 2059 2015 2013 3436
14724 2359 2384 3521 3656
14725 1967 2145 2053 3341
14726 1795 1707 1796 3419
14727 3237 3326 3672 3750
14728 3224 3684 3410 3707
14729 3500 3663 1863 3749
14730 3178 3624 3529 3647
14731 2280 385 2006 2350
14732 2206 366 1784 3626
14733 3176 3394 3676 3730
14734 2284 2283 2315 3435
14735 3167 3573 3384 3580
14736 1786 1794 1788 3557
14737 1756 1829 1909 3660
14738 3415 3416 3178 3715
14739 3313 3583 3166 3584
14740 2071 2005 2012 3434
14741 2065 3343 3195 3367
14742 17 1692 226 3171
14743 2193 2198 2197 3703
14744 1717 1735 1743 3636
14745 1915 2184 2190 3313
14746 2163 2162 2166 3494
14747 1186 3242 3241 3364
14748 2313 2263 2258 3431
14749 1010 992 1017 3317
14750 1932 2345 2380 3484
14751 1934 2064 1941 3675
14752 1940 1938 3742 3761
14753 989 2376 2373 1022
14754 2067 2068 2088 3546
14755 1683 1797 1813 3417
14756 1192 1757 226 3171
14757 2202 3350 2203 3656
14758 995 2212 2220 2213
14759 2215 3611 2216 3701
14760 3219 3411 3644 3744
14761 2120 2129 2361 388
14762 2391 3318 2218 3623
14763 2375 2367 2329 3606
14764 996 1002 1000 3300
14765 1961 1964 2007 3289
14766 2350 3551 2282 3751
14767 3184 3517 3359 3677
14768 3242 3378 3201 3566
14769 1962 2099 2098 3531
14770 3384 3573 2248 3580
14771 3357 3633 3211 3700
14772 3202 3393 3609 3706
14773 1929 1928 3523 3768
14774 1877 3596 1875 3663
14775 3303 3643 3586 3766
14776 2093 1920 2060 3555
14777 385 2006 1936 2280
14778 3251 3552 3488 3654
14779 1692 1693 3489 3513
14780 1931 1933 1932 3484
14781 1007 2368 1006 1008
14782 2220 2212 995 1007
14783 1952 1953 1954 3394
14784 995 996 3606 3737
14785 2215 2225 2243 3532
14786 1920 1919 1918 3431
14787 2352 3481 2344 3693
14788 1918 2263 2228 3431
14789 344 1869 2336 2271
14790 1841 3364 3239 3536
14791 413 2103 2159 2153
14792 3195 3240 3239 3364
14793 1854 1866 1871 3620
14794 3192 3241 3378 3541
14795 1893 1754 1729 3528
14796 1989 1929 3523 3721
14797 3169 3420 3397 3588
14798 1903 1726 1695 3426
14799 380 2046 2043 2226
14800 3176 3676 3448 3730
14801 3415 3178 3503 3715
14802 2306 3466 2371 3691
14803 1691 1893 1734 3528
14804 1723 1724 1735 3607
14805 1787 3557 1788 3757
14806 1812 1684 2248 3384
14807 3305 3729 3683 3742
14808 2321 1006 2368 1008
14809 1975 1974 1973 3640
14810 418 419 2166 3494
14811 2016 2091 2017 3379
14812 3334 3571 3230 3759
14813 387 2295 2120 2121
14814 1814 1807 1808 3425
14815 2336 345 1820 1819
14816 414 415 2160 3501
14817 2178 418 2165 3594
14818 3225 3664 3339 3761
14819 3169 3312 3597 3610
14820 2375 2268 2220 3737
14821 2300 370 1891 1877
14822 1920 2100 2060 3431
14823 1941 3445 1936 3575
14824 1019 1028 2389 987
14825 983 1677 3189 3489
14826 2074 2048 2047 3519
14827 1840 1906 1888 3274
14828 3156 3609 3351 3758
14829 1774 1772 1770 3468
14830 3213 3638 3621 3765
14831 1695 3426 1726 3699
14832 1998 384 1941 2280
14833 2178 3594 2165 3674
14834 1767 1830 1785 3702
14835 3239 3535 3536 3598
14836 3155 3672 3476 3760
14837 1796 347 2283 1707
14838 3206 3506 3441 3680
14839 3647 3679 3306 3687
14840 2007 1964 2008 3525
14841 1901 1744 1910 3639
14842 3524 3710 2299 3750
14843 1894 1876 1879 3481
14844 1931 3484 2127 3752
14845 2264 2295 387 2121
14846 1951 2075 1953 3595
14847 2216 2204 2242 3654
14848 3289 3208 3470 3525
14849 2325 2380 2326 3516
14850 1943 406 2108 2346
14851 3388 3627 3223 3695
14852 3235 3586 3642 3748
14853 2001 1999 2092 3395
14854 2370 1839 2273 3579
14855 3201 3378 3292 3569
14856 3169 3323 3420 3588
14857 2161 3411 2152 3743
14858 2340 3358 2354 3732
14859 2301 2323 2251 3638
14860 3239 3195 3498 3739
14861 2301 2303 3594 3638
14862 1741 374 2351 3755
14863 3303 3522 3409 3643
14864 2333 2370 3579 3691
14865 2379 2234 2285 3687
14866 1875 1907 1862 3451
14867 1940 1939 1938 3761
14868 1992 1990 3491 3721
14869 2160 3501 2164 3743
14870 2161 2168 2173 3411
14871 2184 2190 3313 3583
14872 1924 1925 2034 3354
14873 381 2055 2046 2286
14874 1762 1830 1882 3702
14875 1913 1851 1882 3677
14876 3451 3559 3260 3719
14877 1017 1016 3530 3550
14878 1969 3232 1948 3471
14879 2301 3594 2302 3638
14880 1749 3438 1748 3635
14881 3215 3536 3535 3598
14882 2294 1805 1804 349
14883 3468 3635 1772 3670
14884 2244 2245 2308 3237
14885 1952 1951 1953 3394
14886 3171 3224 3314 3651
14887 2091 2140 1997 3379
14888 2358 2197 2353 3703
14889 372 1892 2250 1838
14890 3493 3510 3229 3538
14891 2324 2302 416 3454
14892 3442 3593 3186 3640
14893 1772 3468 1774 3635
14894 3159 3659 3441 3745
14895 1698 2356 2239 3688
14896 2354 2340 2377 3358
14897 1715 3517 3512 3731
14898 2106 3321 2111 3728
14899 2120 2361 2295 388
14900 2055 2286 2307 3632
14901 2197 2384 2203 3703
14902 2361 389 2129 3646
14903 2186 2232 3421 3558
14904 2390 2350 2280 3445
14905 3158 3291 3562 3651
14906 1757 1692 17 3171
14907 2248 3384 2205 3573
14908 2199 2001 2000 3395
14909 2172 3629 2174 3735
14910 1773 1864 1861 3749
14911 2244 2245 3237 3750
14912 3211 3633 3358 3700
14913 2059 2056 2058 3520
14914 2173 2172 2171 3629
14915 2207 2208 2189 3373
14916 2086 2049 2087 3746
14917 3158 3562 3315 3651
14918 2181 2216 3611 3654
14919 2368 1024 2212 1007
14920 3315 3562 3489 3651
14921 2187 2205 3446 3573
14922 2103 2153 2024 3743
14923 2344 1879 360 1876
14924 2273 2272 2334 3374
14925 3224 3171 3684 3707
14926 1887 3757 3428 3763
14927 1895 1775 1776 3381
14928 1772 3635 1750 3670
14929 2170 3479 2172 3735
14930 3212 3635 3468 3670
14931 1845 1684 1846 3384
14932 1005 2373 2376 1022
14933 984 3707 3489 3722
14934 1737 1816 1727 3375
14935 1901 1853 1856 3639
14936 3551 3575 3279 3751
14937 1727 3375 1816 3699
14938 1936 1944 3575 3751
14939 1808 1803 1814 3425
14940 2205 1685 1684 365
14941 1790 1745 3460 3486
14942 2044 2080 2037 3741
14943 1732 3472 1847 3719
14944 2235 2285 2234 3603
14945 2203 2192 2193 3350
14946 1756 1755 1754 3276
14947 2191 2349 2193 3304
14948 3428 3496 3200 3578
14949 208 2014 3722 3723
14950 1702 1700 1868 3535
14951 1804 1798 1803 3370
14952 1939 3367 2036 3729
14953 3397 3587 2031 3588
14954 987 1028 2214 1026
14955 995 2212 2213 1026
14956 2301 2303 2302 3594
14957 3274 3496 3242 3544
14958 3164 3437 3541 3542
14959 1961 1963 1962 3289
14960 2256 3524 2299 3750
14961 3244 3662 3516 3766
14962 3411 3743 3644 3744
14963 1890 1908 1848 3556
14964 1699 355 2241 3688
14965 1909 1907 3596 3660
14966 1924 2034 2033 3264
14967 2090 1922 2017 3338
14968 3362 3178 3503 3762
14969 396 2122 1915 2190
14970 2058 2000 2092 3395
14971 1952 3689 1966 3716
14972 1941 1936 1934 3575
14973 2179 2089 2180 3322
14974 3368 3682 3589 3704
14975 3416 3571 3333 3711
14976 3226 3510 3467 3559
14977 2048 1916 2060 3734
14978 1966 2080 1984 3689
14979 2138 1975 394 2196
14980 370 2300 2309 1877
14981 2218 2219 2326 3718
14982 3642 3718 3516 3766
14983 2246 3432 2256 3750
14984 3279 3669 3551 3751
14985 1961 2069 2075 3595
14986 1914 2184 1915 3313
14987 2007 2008 3208 3525
14988 1978 1977 1957 3507
14989 2138 2184 1914 3313
14990 2094 1920 2093 3577
14991 3527 3623 2210 3753
14992 3589 3682 3273 3704
14993 3159 3680 3547 3745
14994 3242 3566 3565 3578
14995 3497 3598 3239 3739
14996 1677 1697 1815 3189
14997 1807 3334 1815 3453
14998 2197 2203 2193 3703
14999 3188 3551 3445 3575
15000 1744 3460 1747 3563
15001 2175 2174 3674 3735
15002 2316 2284 2315 3435
15003 1882 1881 3517 3702
15004 2012 2005 2014 3204
15005 1678 1677 3334 3759
15006 3410 3549 1979 3684
15007 2188 2187 3398 3573
15008 2289 2285 2235 3603
15009 3192 3378 3241 3523
15010 2172 3479 3629 3735
15011 3366 3195 3683 3739
15012 2312 2313 2267 3698
15013 2108 2103 2104 3744
15014 1704 1705 3253 3463
15015 2005 2014 3204 3722
15016 360 2330 2344 1876
15017 3246 3375 3688 3699
15018 1861 3663 1875 3749
15019 3232 1969 3348 3471
15020 3208 3201 3631 3712
15021 1987 1976 2040 3442
15022 3477 3592 3222 3741
15023 2004 3689 3592 3741
15024 2270 2373 2376 1005
15025 397 2189 2208 3373
15026 3428 3757 3273 3763
15027 1698 1727 1726 3688
15028 2299 2297 3322 3524
15029 1794 1772 1750 3670
15030 3323 3587 3397 3588
15031 1763 1764 357 2355
15032 2334 2225 2339 3532
15033 2075 1951 1963 3595
15034 2199 2287 2201 3395
15035 2301 2249 2348 3638
15036 2301 2302 2323 3638
15037 2317 2231 2194 3270
15038 1704 3253 3554 3731
15039 287 1791 3312 3539
15040 1718 1716 3255 3335
15041 3201 3292 3351 3569
15042 2143 2082 1925 3354
15043 3412 3462 3253 3576
15044 2137 1955 2023 3564
15045 3226 3726 3347 3727
15046 2226 381 2046 2286
15047 3300 3606 996 3737
15048 1805 350 2369 1781
15049 3242 3364 3274 3544
15050 1833 1751 1832 3344
15051 3175 3547 3652 3756
15052 404 1932 1933 2345
15053 999 3458 1010 3668
15054 3169 3343 3312 3539
15055 3178 3307 3679 3715
15056 3326 3710 3524 3750
15057 1926 3471 1969 3649
15058 1878 1728 367 3537
15059 3161 3598 3497 3739
15060 3291 3489 3562 3651
15061 2306 2292 2293 3466
15062 1025 1002 996 3300
15063 1885 1864 1742 3553
15064 2009 2051 2113 3474
15065 3237 3672 3387 3750
15066 1757 17 226 3171
15067 1966 1984 1965 3716
15068 2263 2313 2228 3431
15069 3313 3584 3369 3593
15070 1819 1873 1818 3686
15071 2283 347 2296 1707
15072 2231 2338 2330 3511
15073 2129 389 2147 3646
15074 2162 2175 2165 3674
15075 1893 1756 1754 3614
15076 2345 2218 2326 3642
15077 1715 1913 3517 3554
15078 2382 2248 2288 3580
15079 1741 1739 1740 3755
15080 2041 2131 2030 3287
15081 1963 1961 2075 3595
15082 2011 2113 2021 3474
15083 3156 3673 3377 3764
15084 2384 2197 2358 3703
15085 3441 3619 3232 3659
15086 3292 3568 3351 3569
15087 2186 2194 2232 3405
15088 2182 2183 2202 3613
15089 3426 3661 3246 3699
15090 1713 1821 1714 3576
15091 2091 2068 399 3546
15092 2112 2111 1988 3728
15093 3213 3594 3638 3765
15094 1678 3334 1814 3759
15095 1961 1962 1964 3289
15096 1955 1921 2023 3518
15097 2143 2133 2114 3403
15098 2078 3593 1976 3640
15099 2298 2256 3433 3524
15100 1959 1958 1957 3695
15101 2202 2203 2381 3656
15102 3296 3619 3441 3659
15103 3229 3510 1824 3538
15104 3393 3470 3182 3706
15105 1855 419 2348 3494
15106 2303 2301 2348 3638
15107 350 2369 1781 1780
15108 1768 1715 1881 3517
15109 2286 2287 2307 3632
15110 1851 1889 1890 3677
15111 2348 418 2303 3494
15112 1844 1778 1888 3578
15113 1737 2272 2387 353
15114 1789 1887 1904 3763
15115 3207 3648 3362 3762
15116 994 995 1007 3737
15117 3185 3340 3413 3731
15118 1737 1783 1816 3375
15119 2294 2293 1805 349
15120 2049 2054 2087 3369
15121 1722 1724 1723 3607
15122 2015 2064 2071 3436
15123 1791 3460 1745 3486
15124 1745 1791 1747 3460
15125 3366 3367 3195 3498
15126 1699 1698 355 3688
15127 3564 3628 3349 3738
15128 1691 1689 1756 3614
15129 2008 277 2007 3208
15130 1185 3364 3195 3498
15131 1017 1016 1013 3530
15132 3320 3684 3410 3713
15133 2148 1947 3655 3752
15134 3410 3684 3224 3713
15135 2293 1805 350 2369
15136 2171 2151 2149 3479
15137 1746 3460 1744 3639
15138 2236 2234 2364 3687
15139 3320 3548 3410 3549
15140 3516 3718 3244 3766
15141 401 2010 2089 2179
15142 1897 1886 2253 363
15143 359 1802 1879 2352
15144 1925 3250 3354 3561
15145 1937 1934 1935 3575
15146 2344 3511 2338 3693
15147 2004 1952 3592 3689
15148 2353 2197 2332 3703
15149 1888 1887 3428 3763
15150 1706 1707 1795 3419
15151 2197 2198 2332 3477
15152 2288 3325 2252 3483
15153 2124 2039 3367 3385
15154 1737 1727 1699 3688
15155 2221 2223 2222 3741
15156 2151 2170 2167 3479
15157 3493 3510 1731 3719
15158 2307 382 2000 2199
15159 1917 985 1018 3555
15160 1696 1694 1766 3427
15161 3171 3314 3315 3651
15162 1918 2100 1920 3431
15163 1186 3241 3242 3378
15164 2304 3648 2279 3696
15165 3178 3416 3307 3715
15166 2370 2273 2333 3579
15167 2041 2030 2028 3287
15168 2253 2382 1897 363
15169 1872 1856 1854 3604
15170 3185 3549 3320 3684
15171 2175 2162 2155 3401
15172 2015 2012 2013 3436
15173 3592 3689 3222 3741
15174 3169 3287 3278 3622
15175 2135 2127 2114 3752
15176 3599 3679 3307 3715
15177 2037 2002 391 3741
15178 2190 397 2118 3329
15179 2189 3398 2187 3754
15180 2376 2374 989 2373
15181 25 2163 419 3494
15182 2118 1971 2095 3329
15183 2151 3479 3505 3705
15184 3253 3208 3463 3470
15185 2051 1945 2053 3473
15186 2088 2091 1997 3612
15187 2184 2196 2186 3558
15188 2344 2330 2338 3511
15189 2113 2053 2020 3473
15190 3203 3586 3642 3766
15191 999 1009 3417 3668
15192 1952 1966 1951 3716
15193 3201 3525 3393 3631
15194 385 1936 1941 2280
15195 2339 2224 2260 3700
15196 2005 1981 208 3722
15197 3343 3367 3385 3498
15198 1980 2042 1979 3410
15199 3205 3506 3526 3678
15200 2148 1947 2052 3655
15201 2295 2281 2357 3376
15202 3229 3467 3323 3666
15203 1682 1814 1681 3616
15204 1863 3500 1885 3645
15205 2237 2306 2378 3465
15206 2360 2202 2355 3613
15207 2326 3516 3642 3718
15208 3188 3575 3445 3675
15209 2181 3611 3552 3654
15210 2190 2188 3398 3580
15211 1755 370 2309 1877
15212 2164 3644 2161 3743
15213 2116 1943 2115 3418
15214 2088 3546 2091 3612
15215 2031 2142 2141 3587
15216 3182 3470 3393 3525
15217 2142 2029 2137 3628
15218 2211 2217 2391 3600
15219 2206 3446 2205 3626
15220 1910 1744 1747 3563
15221 2164 2169 2168 3644
15222 1821 3554 1714 3576
15223 1904 3589 1905 3682
15224 2360 2352 2191 3693
15225 2057 2342 3623 3753
15226 3232 3323 3659 3666
15227 3255 3335 3197 3533
15228 1862 3451 1827 3719
15229 2043 2046 2047 3519
15230 2124 2041 2039 3385
15231 2242 2204 2359 3399
15232 2159 2160 2153 3743
15233 990 209 984 3723
15234 1743 3404 1725 3636
15235 2077 1914 1915 3313
15236 1916 986 985 3734
15237 3603 3647 3306 3687
15238 1827 1862 1907 3451
15239 1950 1980 2005 3291
15240 2264 2282 2281 3669
15241 2324 2325 2323 3516
15242 3565 3566 3201 3712
15243 2350 2390 2254 3551
15244 2041 3385 3287 3622
15245 1809 3364 1185 3498
15246 2359 2381 2384 3656
15247 1917 1018 2093 3555
15248 2185 2186 3421 3558
15249 2211 2210 2209 3526
15250 2333 2273 2334 3732
15251 2189 2187 3634 3754
15252 1784 366 2206 1878
15253 3257 3526 3506 3678
15254 1855 1720 2163 3494
15255 1894 1896 1895 3480
15256 1855 374 1741 3755
15257 1880 1848 1908 3556
15258 1940 1938 2125 3742
15259 2314 2310 2256 3432
15260 2224 2215 2216 3701
15261 2119 1944 2121 3751
15262 2172 2168 2174 3629
15263 995 2212 1024 1007
15264 2055 2056 2047 3632
15265 1812 1811 2382 364
15266 1869 344 2336 1819
15267 1861 1863 3663 3749
15268 1859 3538 1860 3671
15269 3195 3367 3366 3683
15270 2152 2173 2158 3411
15271 376 2109 2321 2265
15272 2181 3552 2182 3654
15273 2332 390 2097 2002
15274 1790 1745 1746 3460
15275 1185 1186 3195 3364
15276 1980 3410 1979 3707
15277 2180 2308 2299 3710
15278 3566 3631 3201 3712
15279 2159 2108 26 414
15280 3202 3464 3462 3706
15281 3184 3554 3517 3677
15282 399 2068 2207 3546
15283 3364 3536 3274 3544
15284 2190 2189 3329 3398
15285 2061 3241 1186 3378
15286 1692 984 226 3489
15287 1856 1853 1854 3604
15288 3621 3638 3244 3765
15289 1788 1752 1759 3757
15290 3233 3628 3564 3738
15291 2351 374 2348 3755
15292 2360 1764 358 2352
15293 1806 1780 1781 3579
15294 1017 1013 1010 3668
15295 1015 1013 1016 3530
15296 1679 2150 1680 3505
15297 1855 1883 3494 3755
15298 2156 2170 2172 3735
15299 1721 2155 1842 338
15300 2033 2072 1924 3264
15301 2345 404 1932 2380
15302 1928 3742 1938 3769
15303 3201 3321 3525 3631
15304 1932 2116 2127 3484
15305 3169 3278 3343 3622
15306 2340 2334 2339 3732
15307 1939 2110 2036 3367
15308 2071 2064 1937 3434
15309 2389 2214 2386 987
15310 2228 2043 380 1918
15311 1775 1822 1912 3724
15312 2310 2256 3432 3433
15313 2078 1975 2138 3640
15314 2065 3195 2035 3729
15315 1850 1849 1848 3658
15316 2131 2132 2146 3736
15317 1861 3500 1863 3749
15318 3314 3340 3713 3767
15319 3169 3597 3420 3610
15320 2009 3475 3474 3753
15321 1797 1681 1798 3616
15322 1878 3391 1730 3537
15323 2245 2299 3710 3750
15324 1763 356 2356 2355
15325 2158 2025 2024 2152
15326 1993 3479 2171 3705
15327 1970 1972 1971 3534
15328 1705 1712 3456 3463
15329 3171 3314 3224 3684
15330 377 2094 2101 2257
15331 2265 377 2101 2257
15332 2083 2115 2104 3630
15333 1963 1965 2099 3531
15334 2048 2100 2043 3519
15335 3253 3554 3412 3576
15336 2009 2010 402 3753
15337 1016 1028 1015 3606
15338 355 2239 2241 3688
15339 1787 1789 1911 3682
15340 3367 3683 3195 3729
15341 3326 3237 3710 3750
15342 2279 2304 2305 3648
15343 2273 1839 352 1782
15344 1718 3255 289 3505
15345 1768 3512 1715 3517
15346 2005 208 2014 3722
15347 3232 3348 1969 3587
15348 2114 2115 2083 3630
15349 2356 2355 2183 3342
15350 393 1973 2139 2385
15351 1692 3489 3171 3513
15352 1683 1813 999 3417
15353 998 3417 3415 3711
15354 1980 2005 3291 3707
15355 1881 1913 1882 3517
15356 2066 1925 1926 3649
15357 1855 25 419 3494
15358 1011 1013 3503 3668
15359 3314 3713 3684 3767
15360 2054 2076 2077 3593
15361 1813 1797 1795 3458
15362 2004 2080 3689 3741
15363 1747 1744 1745 3460
15364 1681 1797 1683 3616
15365 2299 2297 2180 3322
15366 1857 1878 1784 3391
15367 2242 2282 2343 3669
15368 2388 2389 2386 987
15369 2297 2209 2210 3527
15370 1858 3563 1859 3671
15371 1813 1834 997 3458
15372 351 1839 2370 1780
15373 1698 2239 355 3688
15374 1784 1687 1852 3626
15375 1891 371 2259 1836
15376 2103 2108 413 2159
15377 1921 2090 2081 3518
15378 1760 1762 1761 3653
15379 3571 3711 3230 3759
15380 2164 2168 2161 3644
15381 1946 1945 1947 3655
15382 3240 3536 3364 3544
15383 1769 1725 1773 3472
15384 2183 2355 2202 3613
15385 1972 1940 2125 3761
15386 2144 2137 2022 3564
15387 2082 2034 1925 3354
15388 2175 2174 2176 3674
15389 2306 2371 2378 3691
15390 2258 2266 2267 3577
15391 3278 3385 3343 3622
15392 1983 3343 2039 3622
15393 2145 1967 2141 3587
15394 1692 1693 1677 3489
15395 2359 2358 2357 3521
15396 1804 2294 349 1708
15397 1992 1990 2112 3491
15398 1684 2248 2205 365
15399 1766 1693 1758 3513
15400 1862 1861 1875 3749
15401 983 3711 3333 3759
15402 2254 2282 2350 3551
15403 2216 2215 2181 3611
15404 2003 2004 1954 3592
15405 3235 3642 3586 3766
15406 392 2045 2037 2222
15407 1912 1705 3456 3576
15408 1960 1959 2084 3695
15409 2323 3516 2326 3718
15410 1929 3746 2126 3768
15411 1962 1963 2099 3531
15412 2305 2304 2292 3648
15413 2078 2076 1976 3593
15414 2249 2301 2251 3638
15415 1021 2270 2376 1005
15416 3347 3348 3226 3727
15417 2065 2039 3343 3367
15418 3467 3659 3323 3666
15419 1899 1900 1901 3574
15420 1768 1758 3512 3513
15421 2274 2390 2280 3445
15422 1745 1744 1746 3460
15423 1679 289 1190 3505
15424 2206 2244 2187 3634
15425 1728 2314 367 3537
15426 1879 1880 1894 3481
15427 2272 1737 1782 353
15428 2293 2371 2306 3466
15429 3463 3566 1703 3712
15430 1935 1936 1944 3575
15431 1855 2163 25 3494
15432 1815 1678 1677 3334
15433 1799 1807 1815 3453
15434 1863 1864 1885 3500
15435 2264 2350 2282 3751
15436 1187 1716 3197 3255
15437 1186 1777 3242 3364
15438 2055 381 2307 2286
15439 2219 2217 2335 3502
15440 2109 1012 2321 1008
15441 1987 2040 1988 3747
15442 2353 389 2361 3646
15443 2009 2011 2010 3474
15444 1956 2137 2029 3628
15445 2122 396 2118 2190
15446 2297 2179 3322 3527
15447 2188 3573 3398 3580
15448 2245 2256 2299 3750
15449 3163 3570 3624 3685
15450 1855 3494 2348 3755
15451 1001 3599 3307 3715
15452 1019 2388 989 987
15453 1701 1904 1906 3589
15454 1995 1970 1997 3612
15455 3228 3538 3443 3610
15456 1028 995 996 3606
15457 1791 1823 1747 3563
15458 1940 1972 1995 3761
15459 1992 1989 1990 3721
15460 1833 3456 1712 3567
15461 1724 1883 1740 3590
15462 2221 2222 2037 3741
15463 1860 1690 1688 3493
15464 2061 279 1186 3241
15465 2015 2071 2012 3436
15466 3348 3587 3323 3588
15467 2222 2195 2385 3311
15468 3235 3718 3642 3766
15469 2055 2000 2056 3632
15470 415 2164 2160 3501
15471 1852 1687 1854 3402
15472 2122 2118 2095 3329
15473 2291 2261 2290 3733
15474 3197 3347 3409 3727
15475 3171 3489 3315 3513
15476 414 2108 26 2346
15477 417 418 2178 3594
15478 1705 1704 3253 3554
15479 2057 3475 2009 3753
15480 1714 1821 1889 3554
15481 1736 1724 1738 3590
15482 1732 1733 3472 3510
15483 2184 2186 2185 3558
15484 2336 2284 2316 3686
15485 2393 2311 2312 3698
15486 2184 2185 2190 3583
15487 2353 2332 390 2097
15488 2188 2248 3573 3580
15489 989 2374 2376 1022
15490 2346 2324 415 3501
15491 2010 2179 402 3753
15492 2185 2288 2190 3580
15493 1912 3456 1832 3724
15494 2296 348 2294 1708
15495 1967 1948 1969 3232
15496 2385 2195 2196 3311
15497 1828 1820 1818 3435
15498 2314 2256 2246 3432
15499 1759 3428 1887 3757
15500 1813 999 3417 3458
15501 1809 1700 1841 3486
15502 2125 3742 1928 3768
15503 994 1025 996 3737
15504 2152 2161 2173 3411
15505 2227 2313 2311 3698
15506 1000 1011 3503 3599
15507 2249 2351 2348 3755
15508 3241 3378 2061 3523
15509 1817 1695 1816 3591
15510 2019 277 1192 3549
15511 1749 1833 1710 3438
15512 1885 1739 1838 3645
15513 1835 1875 1863 3663
15514 1753 1710 1844 3578
15515 2181 2182 2204 3654
15516 1868 1700 1790 3486
15517 3340 3320 3713 3767
15518 1855 2348 374 3755
15519 2333 2371 2370 3691
15520 1798 1681 1803 3616
15521 3185 3253 3514 3731
15522 2179 3527 2210 3753
15523 1718 3335 3255 3505
15524 3305 3195 3683 3729
15525 998 3417 3711 3759
15526 1729 1730 3528 3537
15527 2303 418 417 3594
15528 2181 2239 2183 3552
15529 2190 2189 397 3329
15530 2346 415 414 3501
15531 1975 1973 394 2196
15532 1794 1793 1772 3670
15533 2147 389 2353 3646
15534 1683 3417 1682 3616
15535 2001 2000 382 2199
15536 2366 2365 2322 3550
15537 2176 2178 2165 3674
15538 2320 2220 2266 3737
15539 208 984 209 3723
15540 1738 1739 1885 3553
15541 2004 1952 1954 3592
15542 2255 2274 2262 3637
15543 3204 3333 3722 3723
15544 1950 2005 2071 3434
15545 1863 1861 1864 3500
15546 3191 3690 3478 3754
15547 2352 1879 359 2344
15548 1187 3197 1716 3605
15549 1839 1780 1800 3579
15550 986 3307 1001 3734
15551 998 1682 3417 3759
15552 1725 1743 1864 3404
15553 1991 1930 2061 3523
15554 2203 2202 2192 3350
15555 1192 3208 1191 3514
15556 1878 1857 1730 3391
15557 386 2350 2264 3751
15558 1011 3415 1009 3503
15559 1915 1914 395 2184
15560 354 1737 1699 2387
15561 1904 1905 1789 3682
15562 2210 2391 2218 3623
15563 1014 3415 998 3417
15564 1760 1831 1762 3653
15565 2006 2350 386 3751
15566 1916 2073 986 3734
15567 1947 1945 2052 3655
15568 3549 3708 3684 3767
15569 1742 1738 1885 3553
15570 1817 1783 1799 3591
15571 2198 2349 2223 3439
15572 2331 2224 2247 3701
15573 1188 3539 3343 3622
15574 1703 3463 1191 3566
15575 993 1020 1017 3550
15576 373 2250 1892 2351
15577 1003 1005 993 3686
15578 1917 2093 2060 3555
15579 2387 1699 354 2241
15580 1787 1788 1789 3757
15581 1691 1756 1893 3614
15582 2057 2009 402 3753
15583 2384 2358 2359 3521
15584 1011 3503 1009 3668
15585 2354 3691 2333 3732
15586 2103 413 2024 2153
15587 1721 2154 2155 337
15588 2022 2137 2023 3564
15589 1930 3523 1928 3769
15590 1708 2296 348 1707
15591 25 2348 1855 419
15592 3598 3739 3161 3740
15593 2057 402 2342 3753
15594 1011 3415 3503 3715
15595 1932 2127 1931 3484
15596 2185 2252 2288 3325
15597 3204 3333 3562 3722
15598 2198 2223 2221 3477
15599 3684 3713 3320 3767
15600 2150 1189 290 342
15601 1951 1965 1963 3716
15602 2207 2068 2208 3546
15603 360 1792 2330 1876
15604 2175 2156 2174 3735
15605 3220 3478 3690 3754
15606 391 2002 2221 3741
15607 417 2302 2303 3594
15608 1898 1904 1701 3589
15609 2168 2172 2173 3629
15610 1025 1018 1002 3555
15611 3208 3631 3566 3712
15612 2360 357 1764 2355
15613 2056 2074 2047 3520
15614 2148 2135 1947 3752
15615 2206 2205 366 3626
15616 1755 1909 1907 3596
15617 1192 3708 3549 3767
15618 3287 3169 3397 3622
15619 394 2184 2138 2196
15620 2019 1979 3549 3707
15621 3208 3393 3463 3470
15622 1011 1013 1000 3503
15623 2035 3729 3305 3769
15624 2107 2030 2131 3665
15625 1758 1692 1757 3513
15626 2160 2164 2161 3743
15627 2325 2326 2323 3516
15628 3232 3348 3323 3666
15629 1791 3312 1823 3563
15630 3168 3343 3385 3498
15631 3171 3315 3314 3513
15632 1748 1710 1753 3438
15633 2361 2358 2353 3646
15634 2313 2312 2311 3698
15635 1702 1701 1700 3535
15636 1001 1002 985 3599
15637 2370 2369 351 1780
15638 1730 1734 1729 3528
15639 2018 3410 2027 3548
15640 1812 2382 2248 364
15641 1709 3566 3565 3712
15642 2196 2194 2186 3405
15643 2244 3387 2246 3750
15644 3410 3548 2018 3549
15645 1746 1901 1856 3639
15646 3229 3588 3348 3666
15647 352 2272 2273 1782
15648 1878 1730 1728 3537
15649 3565 3566 1709 3578
15650 1711 3242 1778 3578
15651 2304 2279 2277 3696
15652 1695 1726 1727 3699
15653 1710 3438 1833 3567
15654 2179 2089 401 2180
15655 3287 3385 3278 3622
15656 999 232 1683 3417
15657 1787 1786 1788 3557
15658 2219 3502 2251 3718
15659 1840 1778 1777 3242
15660 1005 2376 1021 1022
15661 1692 1758 1693 3513
15662 2271 1869 228 343
15663 3226 3659 3467 3666
15664 3320 3549 3410 3684
15665 3343 3385 2039 3622
15666 1889 1913 1714 3554
15667 1819 1003 1873 3686
15668 2037 391 2221 3741
15669 1004 1005 1003 3686
15670 1704 1715 3512 3731
15671 355 1698 2356 2239
15672 1749 1750 1751 3635
15673 2261 2291 2377 3733
15674 2215 2240 2181 3611
15675 1809 1841 3364 3486
15676 1901 1746 1744 3639
15677 1812 1846 1684 3384
15678 1842 2155 2157 338
15679 1929 3721 2050 3746
15680 2275 2277 2276 3696
15681 2214 2213 2212 1026
15682 990 3416 3307 3723
15683 1704 3554 1715 3731
15684 3366 3498 3497 3618
15685 2166 419 2163 3494
15686 2140 1927 2146 3736
15687 1728 1729 368 3537
15688 1766 1785 1696 3427
15689 280 1188 3343 3622
15690 1929 1928 1930 3523
15691 2266 2220 2268 3737
15692 2177 1189 2150 342
15693 1685 1686 1687 3626
15694 2354 2378 2333 3691
15695 3286 3680 3547 3756
15696 1840 1841 1701 3536
15697 2258 2257 2266 3577
15698 3189 3333 3489 3562
15699 1728 368 2314 3537
15700 1926 1969 2026 3649
15701 1748 1749 1710 3438
15702 2000 2055 382 2307
15703 1683 1682 1681 3616
15704 1989 1929 1930 3523
15705 2109 376 2101 2265
15706 369 2310 1729 1754
15707 232 1682 1683 3417
15708 2103 2102 2104 3744
15709 3229 3539 3169 3610
15710 3239 3486 3497 3498
15711 2187 2188 2205 3573
15712 1692 234 984 3489
15713 2030 2107 1956 3665
15714 418 2348 419 3494
15715 280 1982 3588 3622
15716 2259 2300 371 1891
15717 3315 3489 3171 3651
15718 2184 396 1915 2190
15719 3204 3562 3291 3722
15720 3291 3171 3489 3651
15721 1750 1772 1751 3635
15722 1832 1774 1775 3724
15723 3307 3416 990 3715
15724 3168 3497 3498 3618
15725 1792 361 2230 1843
15726 2172 2174 2156 3735
15727 3229 3169 3539 3588
15728 2341 2262 2274 3637
15729 2180 2297 2179 3322
15730 2181 2204 2216 3654
15731 1719 3335 1718 3505
15732 1004 2270 1021 1005
15733 1930 1991 1989 3523
15734 1833 1832 1712 3456
15735 3229 3539 3348 3588
15736 2065 279 2035 3195
15737 1678 1807 1814 3334
15738 1795 1834 1813 3458
15739 2051 2053 2113 3473
15740 999 1010 1009 3668
15741 2018 2069 2070 3548
15742 1892 1741 373 2351
15743 1688 1859 1860 3671
15744 3347 3726 3409 3727
15745 2110 1942 2123 3625
15746 2225 2334 2243 3532
15747 3189 3489 3315 3562
15748 1747 1858 1910 3563
15749 366 2205 1685 3626
15750 1700 1701 1841 3536
15751 1772 1774 1751 3635
15752 2089 2090 400 2180
15753 1855 1740 1883 3755
15754 2374 989 2388 987
15755 3201 3321 3378 3569
15756 2308 2245 2299 3710
15757 3208 3201 3393 3631
15758 1017 1020 1016 3550
15759 1867 1871 1866 3620
15760 2323 2219 2251 3718
15761 1191 3463 1703 3514
15762 1981 984 208 3722
15763 2191 2344 2338 3693
15764 1959 1960 1958 3695
15765 1006 2321 1012 1008
15766 2209 2310 2309 3433
15767 2066 2134 2133 3649
15768 1003 1027 1873 3686
15769 3226 3348 3347 3666
15770 2205 2206 2187 3446
15771 2340 2260 2261 3700
15772 1725 1864 1773 3404
15773 1921 2081 2023 3518
15774 2009 2052 2051 3475
15775 1971 1972 2096 3534
15776 2211 2309 2300 3600
15777 1858 1688 1865 3671
15778 2216 2343 2247 3701
15779 1710 3567 1709 3578
15780 3185 3253 3208 3514
15781 378 2263 1919 2258
15782 1847 1773 1861 3749
15783 985 986 1001 3734
15784 1861 1863 1875 3663
15785 2299 2256 2298 3524
15786 1732 1826 1731 3719
15787 2091 2016 2140 3379
15788 1806 1800 1780 3579
15789 2004 2080 1952 3689
15790 2242 2281 2282 3669
15791 1973 393 2196 2385
15792 2092 2000 2001 3395
15793 2191 2352 2344 3693
15794 406 26 2108 2346
15795 1705 1714 1704 3554
15796 2165 2175 2176 3674
15797 1001 3307 986 3715
15798 2147 2117 2130 3646
15799 3201 3566 3378 3631
15800 1191 1192 277 3208
15801 1793 1771 1772 3670
15802 1855 25 2163 1720
15803 1823 1859 1747 3563
15804 2077 2076 2078 3593
15805 1777 1840 3242 3364
15806 1841 1840 3364 3536
15807 1792 361 2330 2230
15808 2317 2223 2349 3439
15809 2018 3548 2070 3549
15810 1812 2248 1684 365
15811 3232 3347 3348 3666
15812 995 994 996 3737
15813 2253 2252 3421 3483
15814 1823 3538 3312 3539
15815 1933 2057 403 2342
15816 1970 2088 1997 3612
15817 1185 1186 279 3195
15818 1783 1817 1816 3591
15819 2340 2354 2334 3732
15820 3168 3497 3486 3498
15821 2195 2194 2196 3405
15822 3197 3605 3347 3727
15823 1732 1731 3510 3719
15824 3255 3533 3354 3572
15825 2147 2353 390 2097
15826 1191 3463 3208 3566
15827 1704 3463 3253 3514
15828 3472 3605 3197 3727
15829 2172 2151 2171 3479
15830 2217 2211 2300 3600
15831 1884 356 1698 2356
15832 1185 287 1791 3343
15833 990 3333 3416 3723
15834 1717 1716 3335 3636
15835 1738 1724 1740 3590
15836 3171 3489 226 3708
15837 228 2269 2271 343
15838 2234 2379 2364 3687
15839 1192 3171 3708 3767
15840 2222 2037 392 2221
15841 1731 1824 3510 3538
15842 1733 3510 3348 3605
15843 3250 3471 3347 3561
15844 3471 3561 3250 3649
15845 2179 2210 2342 3753
15846 2342 2210 3623 3753
15847 3195 3364 3239 3498
15848 3467 3510 3226 3666
15849 983 234 1677 3489
15850 1731 1860 1824 3538
15851 2374 2388 2386 987
15852 3320 3185 3684 3767
15853 1991 2061 3378 3523
15854 1915 395 396 2184
15855 1192 17 226 1757
15856 2093 213 2101 1025
15857 1715 1714 1913 3554
15858 1185 286 1186 3364
15859 1768 1766 1758 3513
15860 1186 1191 278 3631
15861 2004 2002 2037 3741
15862 1928 3768 3742 3769
15863 2288 2252 2382 3483
15864 2348 25 1855 374
15865 1188 3588 3539 3622
15866 2011 2009 2113 3474
15867 2342 403 1933 2345
15868 1677 233 983 3759
15869 232 998 1682 3417
15870 1900 1899 1902 3574
15871 1855 1883 1720 3494
15872 1790 1791 1745 3486
15873 349 2294 348 1708
15874 1946 2134 2026 3649
15875 1862 1732 1847 3719
15876 1938 3729 2035 3769
15877 384 385 1941 2280
15878 2041 3287 2028 3622
15879 2132 2140 2146 3736
15880 369 370 2309 1755
15881 1983 280 3343 3622
15882 1692 17 226 984
15883 1874 1701 1702 3535
15884 998 3415 1014 3711
15885 1905 1904 1898 3589
15886 1993 2072 3264 3705
15887 2071 1937 1950 3434
15888 2008 3208 3525 3631
15889 1028 996 1015 3606
15890 2028 3287 3397 3622
15891 1988 2111 1986 3728
15892 2342 402 2179 3753
15893 1190 289 3255 3505
15894 1837 1863 1885 3645
15895 1186 3242 1777 3566
15896 3229 3443 3538 3610
15897 1733 1824 288 3348
15898 3208 3463 3393 3712
15899 1192 3185 3514 3767
15900 1185 3195 2065 3343
15901 1826 1690 1731 3493
15902 1813 997 999 3458
15903 1844 1888 1887 3428
15904 3229 3510 3467 3666
15905 2246 2256 2245 3750
15906 1951 1966 1965 3716
15907 2244 2206 2246 3387
15908 2293 350 1805 349
15909 229 1819 1869 3686
15910 280 3588 1188 3622
15911 3255 3354 3264 3572
15912 290 1189 2150 3705
15913 1192 2019 3549 3708
15914 1987 1988 1986 3747
15915 2065 1185 279 3195
15916 1699 1727 1698 3688
15917 983 990 3333 3711
15918 1875 1877 1907 3596
15919 2279 2276 2277 3696
15920 1809 286 1185 3364
15921 990 984 3722 3723
15922 2056 2059 2074 3520
15923 404 405 1932 2380
15924 2188 2190 2288 3580
15925 3171 3707 3489 3708
15926 2032 2102 2103 3744
15927 2297 2210 2179 3527
15928 1975 2078 1976 3640
15929 2323 2326 2219 3718
15930 1897 2382 1811 363
15931 2028 2031 1982 3397
15932 2189 2188 2187 3398
15933 2017 2308 399 400
15934 2171 3479 2149 3705
15935 2207 2189 2187 3634
15936 1191 3208 3463 3514
15937 2374 988 989 987
15938 1734 1893 1729 3528
15939 1924 1925 3354 3561
15940 2186 2232 2253 3421
15941 1677 1678 233 3759
15942 1882 1767 1881 3702
15943 3253 3463 3208 3514
15944 2153 2161 2152 3743
15945 1192 3171 226 3708
15946 2248 2205 2188 3573
15947 2008 1191 277 3208
15948 1983 280 2039 3343
15949 208 3722 984 3723
15950 2150 1679 290 3705
15951 278 2062 2061 3378
15952 2219 2335 2251 3502
15953 2151 3505 2150 3705
15954 1976 1974 1975 3640
15955 2336 2316 2337 3686
15956 1747 1859 1858 3563
15957 1849 1850 1761 3658
15958 1692 1677 234 3489
15959 1011 1009 1013 3668
15960 1912 1713 1705 3576
15961 2129 2147 2130 3646
15962 1692 234 17 984
15963 2239 2240 2241 3688
15964 287 1823 1791 3539
15965 1928 2125 1938 3742
15966 1025 213 2101 1008
15967 2190 2188 2189 3398
15968 1186 3378 3242 3566
15969 1186 285 1191 3566
15970 1024 2212 995 1026
15971 2221 390 2002 391
15972 1721 1720 2154 337
15973 1758 1757 3512 3513
15974 2342 2210 2218 3623
15975 985 1002 1018 3555
15976 1759 1753 1844 3428
15977 366 1685 1784 3626
15978 1006 2319 2321 2368
15979 2257 377 2094 378
15980 990 3416 3333 3711
15981 229 1869 1004 3686
15982 232 1683 1813 999
15983 2049 1929 2050 3746
15984 395 1914 2138 2184
15985 1885 1838 1837 3645
15986 379 2228 380 1918
15987 1688 1858 1859 3671
15988 360 359 1879 2344
15989 3347 3471 3348 3561
15990 379 2263 2228 1918
15991 1986 2111 2099 3728
15992 386 2006 385 2350
15993 341 290 2150 1679
15994 288 3348 1824 3539
15995 2252 2185 2186 3421
15996 2098 3321 2063 3525
15997 373 1892 2250 372
15998 1759 1887 1789 3757
15999 1715 1913 1881 3517
16000 1011 3503 3599 3715
16001 2057 2052 2009 3475
16002 2332 2198 2221 3477
16003 2310 369 1729 368
16004 2110 2124 2039 3367
16005 1913 1889 1851 3677
16006 2065 2039 280 3343
16007 2371 2333 2378 3691
16008 2150 3505 1679 3705
16009 1968 3587 3348 3588
16010 336 2163 25 1720
16011 2106 2062 3321 3378
16012 2065 2035 2036 3729
16013 1934 1936 1935 3575
16014 1769 1732 1733 3472
16015 1825 1719 1718 3505
16016 1782 352 2272 353
16017 1878 366 2206 367
16018 2244 2246 2245 3750
16019 2310 2298 2256 3433
16020 1824 3229 3538 3539
16021 341 2150 290 342
16022 287 3343 1185 3539
16023 2048 2043 2047 3519
16024 2221 390 2332 2002
16025 1981 984 3707 3708
16026 3343 3195 3367 3498
16027 1924 3264 3255 3354
16028 2121 387 2264 386
16029 3549 3684 3185 3767
16030 1839 2370 2273 351
16031 1827 1907 1829 3660
16032 1916 2074 2073 3734
16033 2253 2252 2186 3421
16034 1847 1732 1769 3472
16035 1886 2253 363 362
16036 2004 2037 2080 3741
16037 2321 1012 2318 2319
16038 3264 3479 3255 3572
16039 1011 1014 3415 3715
16040 1992 2050 1989 3721
16041 2135 2148 2127 3752
16042 1187 3255 3197 3561
16043 1789 1905 1911 3682
16044 2099 2111 2098 3728
16045 1014 998 1009 3417
16046 1918 379 2263 1919
16047 1004 1869 228 2271
16048 1718 1716 289 3255
16049 2037 391 392 2221
16050 2050 1929 1989 3721
16051 1714 1715 1704 3554
16052 1716 1725 1769 3636
16053 1936 2006 1944 3751
16054 2214 1029 2212 2383
16055 3208 3393 3525 3631
16056 1832 1912 1712 3456
16057 392 2045 2222 2385
16058 2032 2103 2025 3744
16059 1185 3195 3343 3498
16060 1784 1685 1687 3626
16061 2048 2074 1916 3734
16062 357 1764 358 2360
16063 372 2259 371 1836
16064 2187 2244 2207 3634
16065 2160 2161 2153 3743
16066 2182 2181 2183 3552
16067 2247 2224 2216 3701
16068 405 2347 406 1943
16069 396 397 2118 2190
16070 388 2129 2361 389
16071 1713 1714 1705 3576
16072 2188 2288 2248 3580
16073 990 3307 986 3723
16074 402 403 2057 2342
16075 1887 1759 1844 3428
16076 3497 3498 3366 3739
16077 284 17 1192 1757
16078 2068 399 2207 398
16079 2041 2039 3385 3622
16080 3239 3498 3497 3739
16081 1682 1678 1814 3759
16082 1966 1952 2080 3689
16083 2150 1189 2177 3705
16084 2214 2212 1029 1026
16085 233 1682 998 3759
16086 1695 1727 1816 3699
16087 1882 1830 1767 3702
16088 1929 2086 2126 3746
16089 1705 1712 1912 3456
16090 2382 2252 2253 3483
16091 1709 1703 3566 3712
16092 3201 3378 3321 3631
16093 2158 410 1994 2171
16094 1912 1832 1775 3724
16095 1012 375 2109 2321
16096 2079 2069 2018 3548
16097 1678 1815 1807 3334
16098 2260 2340 2339 3700
16099 2207 2208 2068 398
16100 1680 2167 2150 340
16101 1907 1877 1755 3596
16102 387 2120 2295 388
16103 2299 2298 2297 3524
16104 2184 2138 395 394
16105 1729 1728 1730 3537
16106 2109 375 376 2321
16107 347 348 2296 1707
16108 1741 1740 1855 3755
16109 1926 3561 3471 3649
16110 999 998 232 3417
16111 2121 1944 2006 3751
16112 1870 1187 289 1716
16113 2271 344 1869 343
16114 2354 2333 2334 3732
16115 404 1933 403 2345
16116 1192 284 1757 3514
16117 1789 1788 1759 3757
16118 280 1983 1982 3622
16119 1014 1009 1011 3415
16120 3320 3340 3185 3767
16121 2172 2170 2151 3479
16122 381 2046 380 2226
16123 1185 3343 1188 3539
16124 2014 2013 2012 3723
16125 3348 3588 3323 3666
16126 2027 1979 2042 3410
16127 3366 3498 3195 3739
16128 3312 3539 3538 3610
16129 987 2214 1030 1026
16130 337 2155 1721 338
16131 2018 1979 3410 3549
16132 2342 2218 2345 3623
16133 229 1003 1819 3686
16134 991 230 1818 1834
16135 285 1703 1191 3566
16136 1010 1013 1009 3668
16137 1929 2126 1928 3768
16138 2063 3525 3321 3631
16139 1829 1907 1909 3660
16140 1769 3197 3472 3605
16141 1186 286 1777 3364
16142 229 1004 1003 3686
16143 1030 2214 1029 1026
16144 990 986 3307 3715
16145 2010 401 402 2179
16146 2368 1006 1024 1007
16147 3489 3707 984 3708
16148 1185 279 280 2065
16149 2106 1991 2062 3378
16150 1189 23 290 342
16151 992 1010 999 3458
16152 228 2269 1004 2271
16153 2062 3378 278 3631
16154 2098 2063 1964 3525
16155 2110 2123 2124 3625
16156 1190 1679 3505 3705
16157 2321 1012 2319 1006
16158 289 288 1187 1870
16159 1993 2171 2149 3705
16160 3489 3562 3333 3722
16161 2024 411 2025 2158
16162 1743 1725 1717 3636
16163 2310 2209 2298 3433
16164 1186 3566 1191 3631
16165 1185 287 1809 1791
16166 1191 285 284 1703
16167 2031 3587 1968 3588
16168 2036 2110 2039 3367
16169 3226 3510 3605 3666
16170 3171 3513 3314 3767
16171 1741 373 2351 374
16172 1982 3397 2031 3588
16173 2028 3397 1982 3622
16174 1809 1841 286 3364
16175 2300 370 371 1891
16176 1824 1859 1823 3538
16177 2062 3321 3378 3631
16178 2068 2208 2067 398
16179 1685 2205 366 365
16180 3255 3479 3505 3572
16181 3250 3347 3197 3561
16182 1968 1967 1969 3587
16183 1919 379 2263 378
16184 289 1716 1187 3255
16185 1698 356 355 2356
16186 1847 1861 1862 3749
16187 1834 991 230 997
16188 990 986 209 3723
16189 1711 3566 3242 3578
16190 999 997 992 3458
16191 23 2177 1189 275
16192 3226 3510 3472 3605
16193 280 1188 1185 3343
16194 1769 1773 1847 3472
16195 1004 2269 2270 2271
16196 2147 390 2353 389
16197 2008 278 1191 3631
16198 1682 232 233 998
16199 408 2177 407 3705
16200 383 2001 382 2199
16201 1809 286 287 1185
16202 1888 1906 1904 3763
16203 2098 2111 2063 3321
16204 990 984 983 3722
16205 1796 347 346 2283
16206 2273 352 1839 351
16207 2049 2086 1929 3746
16208 1968 1969 3348 3587
16209 2212 1024 1029 1026
16210 2019 1981 1979 3707
16211 290 289 1190 1679
16212 359 358 1802 2352
16213 1012 2318 375 2321
16214 3171 3314 3684 3767
16215 384 1998 383 2200
16216 2381 2203 2384 3656
16217 3185 3340 3731 3767
16218 3197 1187 3561 3605
16219 3512 3731 3340 3767
16220 280 1982 1188 3588
16221 3684 3707 3171 3708
16222 2018 1979 2027 3410
16223 2248 1812 364 365
16224 1939 2036 1938 3729
16225 285 286 1777 1186
16226 1973 393 394 2196
16227 1192 277 2019 3708
16228 277 278 1191 2008
16229 2386 2214 1030 987
16230 345 1820 346 2284
16231 410 1993 1994 2171
16232 1704 3512 3514 3731
16233 285 1186 1777 3566
16234 1862 1827 1732 3719
16235 3197 3533 3250 3561
16236 999 1009 998 3417
16237 3169 3588 3397 3622
16238 1029 2214 1030 2383
16239 413 2108 26 2159
16240 2157 1842 339 1680
16241 2008 1191 3208 3631
16242 1718 1719 1717 3335
16243 2212 1024 2278 1029
16244 408 2149 2177 3705
16245 2018 2027 2079 3548
16246 376 377 2101 2265
16247 2024 412 2152 2153
16248 393 2139 2045 2385
16249 2055 381 382 2307
16250 356 1763 357 2355
16251 1704 3514 3253 3731
16252 1834 231 1813 997
16253 2072 3255 1924 3264
16254 2036 2039 2065 3367
16255 278 2061 1186 3378
16256 1964 2063 2008 3525
16257 1860 1731 1690 3493
16258 2158 412 2152 2024
16259 1888 1904 1887 3763
16260 2065 280 1185 3343
16261 1928 1938 2035 3769
16262 1187 1716 1870 3605
16263 1704 1703 1705 3463
16264 2376 2374 988 1022
16265 401 2089 400 2180
16266 3393 3470 3208 3525
16267 2177 23 1189 342
16268 3229 3538 3539 3610
16269 288 1188 3348 3539
16270 2368 1006 2278 1024
16271 360 1792 361 2330
16272 1001 1000 1002 3599
16273 2369 350 351 1780
16274 1030 244 1029 2383
16275 1824 1860 1859 3538
16276 364 1811 2382 363
16277 2111 2106 2063 3321
16278 1728 367 2314 368
16279 3312 3169 3539 3610
16280 2126 2125 1928 3768
16281 1024 2278 2368 2212
16282 290 1190 1189 3705
16283 2336 344 345 1819
16284 1928 2035 2038 3769
16285 2062 2063 3321 3631
16286 2072 1993 408 2149
16287 336 2154 2163 1720
16288 2070 2007 2019 3549
16289 409 1993 2171 2149
16290 2025 411 1994 2158
16291 362 2230 361 1843
16292 1777 1841 1840 3364
16293 2372 2270 1021 2269
16294 407 22 283 1189
16295 1825 1679 1680 3505
16296 1682 233 1678 3759
16297 2157 1842 338 339
16298 1190 290 1679 3705
16299 1188 1187 288 3348
16300 1982 3397 3588 3622
16301 1790 1700 1809 3486
16302 1187 1190 289 3255
16303 244 2212 1029 2383
16304 15 2019 277 3708
16305 1191 1703 284 3514
16306 1757 1768 1758 3512
16307 1823 287 1824 3539
16308 286 1841 1777 3364
16309 3514 3731 3512 3767
16310 1733 1732 1731 3510
16311 3354 3533 3255 3561
16312 1982 281 1188 3588
16313 2387 354 1737 353
16314 3291 3562 3489 3722
16315 985 1916 210 986
16316 2149 3479 2151 3705
16317 2270 1021 2269 1004
16318 1186 278 3378 3631
16319 283 408 407 3705
16320 983 984 234 3489
16321 998 1014 990 3711
16322 355 354 1699 2241
16323 998 3711 983 3759
16324 2374 989 988 1022
16325 1192 15 277 3708
16326 1711 1777 1778 3242
16327 1827 1826 1732 3719
16328 984 3489 983 3722
16329 1703 3463 1704 3514
16330 284 1192 1191 3514
16331 2158 412 2024 411
16332 287 1185 1188 3539
16333 281 280 1982 1188
16334 2091 2088 2068 3546
16335 2150 341 1679 1680
16336 1704 1715 1757 3512
16337 1731 1824 1733 3510
16338 1186 3378 3566 3631
16339 999 1813 231 997
16340 1677 233 234 983
16341 208 209 2014 3723
16342 1711 1777 3242 3566
16343 1720 336 2154 337
16344 2008 3525 2063 3631
16345 1186 278 279 2061
16346 208 984 1981 3708
16347 1924 2072 282 3255
16348 3416 3711 990 3715
16349 983 998 990 3711
16350 1982 1968 281 3588
16351 283 407 2177 3705
16352 2041 2028 1983 3622
16353 1733 3348 288 3605
16354 231 232 1813 999
16355 2214 1030 2383 2386
16356 984 226 3489 3708
16357 3348 3471 1969 3561
16358 2208 397 2067 398
16359 1926 3250 3561 3649
16360 3185 3731 3514 3767
16361 2026 2066 1926 3649
16362 2109 2101 214 1008
16363 1705 1703 1712 3463
16364 1191 3566 3208 3631
16365 233 998 983 3759
16366 2269 247 228 1004
16367 1718 1717 1716 3335
16368 2177 2149 2150 3705
16369 3255 3479 3264 3705
16370 22 407 2177 1189
16371 412 2024 413 2153
16372 1824 3538 1823 3539
16373 2368 1006 2319 2278
16374 1916 2073 210 986
16375 1187 1188 281 3348
16376 2063 2106 2062 3321
16377 3684 3708 3171 3767
16378 1190 3505 3255 3705
16379 1190 3255 2072 3705
16380 1711 1709 3566 3578
16381 2072 283 282 1190
16382 2041 1983 2039 3622
16383 1190 1187 282 3255
16384 1968 3348 281 3588
16385 2177 275 22 1189
16386 1704 3512 1757 3514
16387 2072 1190 282 3255
16388 1980 1981 2005 3707
16389 230 991 1818 1027
16390 1014 990 3711 3715
16391 1930 1928 2038 3769
16392 1926 282 281 1187
16393 1000 1001 1011 3599
16394 1790 1809 1791 3486
16395 1979 1981 1980 3707
16396 1710 1833 1709 3567
16397 2073 209 986 3723
16398 1011 3599 1001 3715
16399 3197 3255 3533 3561
16400 1003 1873 229 1819
16401 1938 2036 2035 3729
16402 1012 2109 214 1008
16403 285 1709 1703 3566
16404 1991 2061 2062 3378
16405 1993 2149 2072 3705
16406 1926 1969 3471 3561
16407 2045 392 393 2385
16408 3226 3605 3472 3727
16409 3348 3605 3510 3666
16410 1968 2031 2141 3587
16411 2019 1981 3707 3708
16412 1712 1709 1833 3567
16413 1680 2157 2167 340
16414 1917 1916 211 985
16415 1926 282 1187 3561
16416 1704 1757 284 3514
16417 3335 3533 3255 3572
16418 2269 1021 247 1004
16419 1825 1718 1679 3505
16420 3472 3510 1733 3605
16421 1993 409 408 2149
16422 1967 1968 2141 3587
16423 3255 3264 2072 3705
16424 1757 1715 1768 3512
16425 1925 1926 3250 3561
16426 2278 1006 243 1024
16427 242 2318 1012 2319
16428 2134 2066 2026 3649
16429 1192 226 15 3708
16430 1680 339 2157 340
16431 1030 245 2386 987
16432 1189 283 2177 3705
16433 2072 408 283 3705
16434 1188 3348 3539 3588
16435 3255 3505 3335 3572
16436 990 1001 986 3715
16437 988 2394 245 987
16438 2028 1982 1983 3622
16439 226 984 15 3708
16440 281 3348 1188 3588
16441 1926 1187 281 3561
16442 1189 1190 283 3705
16443 2149 2151 2150 3705
16444 15 208 1981 3708
16445 1710 1709 1711 3578
16446 410 1994 411 2158
16447 15 984 208 3708
16448 2073 2013 209 3723
16449 2150 341 1680 340
16450 2383 1030 245 2386
16451 2177 407 283 1189
16452 1993 410 409 2171
16453 2376 1023 2372 2270
16454 1716 1717 1725 3636
16455 1711 285 1777 3566
16456 284 1703 1704 3514
16457 2270 2376 1023 1021
16458 1924 3354 3255 3561
16459 2394 2386 245 987
16460 283 1190 2072 3705
16461 3255 3505 3479 3705
16462 282 3255 1187 3561
16463 1917 211 1018 985
16464 1844 1710 1711 3578
16465 1818 1873 230 1027
16466 2072 2149 408 3705
16467 2212 2278 244 1029
16468 3197 3561 3347 3605
16469 1023 2372 2270 1021
16470 2319 1012 242 1006
16471 288 3348 1187 3605
16472 1968 1969 281 3348
16473 1003 229 1873 1027
16474 1711 1709 285 3566
16475 2319 242 243 1006
16476 1778 1844 1711 3578
16477 2019 15 1981 3708
16478 1011 1001 990 3715
16479 1982 2031 1968 3588
16480 1870 288 1187 3605
16481 1924 3255 282 3561
16482 1011 990 1014 3715
16483 1926 1924 282 3561
16484 1021 2376 1023 1022
16485 1769 3472 1733 3605
16486 3347 3605 3348 3727
16487 1187 3348 281 3561
16488 2018 2019 1979 3549
16489 2093 1018 212 1025
16490 1006 243 2319 2278
16491 3348 3605 3226 3727
16492 1925 1924 1926 3561
16493 2372 1023 247 1021
16494 2062 278 2063 3631
16495 2013 2014 209 3723
16496 2008 2063 278 3631
16497 2018 2070 2019 3549
16498 1021 247 2372 2269
16499 1024 244 2278 1029
16500 213 214 2101 1008
16501 988 246 2394 2374
16502 1834 230 231 997
16503 2374 988 246 2376
16504 1916 210 211 985
16505 228 229 1869 1004
16506 1917 1018 212 2093
16507 2376 988 246 1022
16508 3226 3605 3348 3666
16509 243 244 2278 1024
16510 2269 228 18 343
16511 1870 1733 288 3605
16512 1870 1716 1769 3605
16513 2073 209 210 986
16514 3347 3561 3348 3605
16515 215 375 2109 1012
16516 2093 212 213 1025
16517 1769 1733 1870 3605
16518 246 2376 1023 2372
16519 18 247 228 2269
16520 1023 2376 246 1022
16521 3348 3561 1187 3605
16522 245 246 2394 988
16523 375 215 2318 1012
16524 2109 214 215 1012
16525 212 211 1018 1917
16526 2318 16 242 1012
16527 215 16 2318 1012
16528 215 16 375 2318
16529 230 1873 229 1027
16530 3608 3158 3371 3581
16531 3608 3371 3158 3315
16532 3600 3276 3205 3526
16533 3600 3205 3276 3596
16534 3660 1689 3260 3319
16535 3660 3260 1689 1829
16536 3493 3260 1689 3319
16537 3493 1689 3260 1829
16538 3661 3210 3187 3371
16539 3661 3187 3210 3611
16540 3548 3695 2027 1960
16541 2027 3695 3548 3223
16542 3305 3544 3542 3240
16543 3542 3544 3305 3241
16544 3477 2003 2097 3283
16545 3477 2097 2003 2002
16546 3446 3690 3754 3220
16547 3754 3690 3446 3396
16548 3725 3297 3422 3310
16549 3725 3422 3297 3365
16550 3620 1872 3535 1871
16551 3620 3535 1872 3238
16552 3487 3448 3470 3216
16553 3487 3470 3448 3160
16554 3606 1019 1016 1028
16555 3606 1016 1019 3530
16556 3621 3766 3502 3196
16557 3502 3766 3621 3244
16558 3769 2035 2061 3305
16559 3769 2061 2035 2038
16560 3545 3468 3455 3173
16561 3545 3455 3468 3262
16562 3611 3375 3187 3532
16563 3611 3187 3375 3246
16564 2341 3395 2200 2201
16565 2200 3395 2341 3277
16566 3529 2237 3293 3465
16567 3529 3293 2237 2233
16568 3651 3170 3371 3271
16569 3651 3371 3170 3315
16570 3521 3669 3180 3376
16571 3180 3669 3521 3399
16572 3589 3499 3274 3215
16573 3589 3274 3499 3273
16574 3767 1757 3513 3512
16575 3767 3513 1757 3171
16576 3762 3616 3415 3207
16577 3762 3415 3616 3230
16578 3608 3332 3562 3581
16579 3608 3562 3332 3189
16580 3646 3695 1959 3284
16581 1959 3695 3646 2117
16582 3603 2290 3733 2235
16583 3603 3733 2290 3389
16584 3645 1835 1836 1837
16585 3645 1836 1835 3247
16586 3630 2116 3403 2114
16587 3630 3403 2116 3418
16588 3650 3304 3408 3231
16589 3650 3408 3304 3245
16590 3660 1689 1756 1829
16591 3660 1756 1689 3614
16592 3459 3460 3563 3312
16593 3563 3460 3459 3272
16594 3716 3301 3216 3382
16595 3716 3216 3301 3531
16596 3737 2265 2266 2320
16597 3737 2266 2265 3577
16598 3476 3391 3672 3217
16599 3476 3672 3391 3181
16600 3387 3672 3391 3217
16601 3387 3391 3672 3181
16602 3246 2240 3375 3611
16603 3246 3375 2240 3688
16604 3717 3693 3450 3249
16605 3717 3450 3693 3304
16606 3589 1874 1701 1898
16607 3589 1701 1874 3535
16608 3390 3503 3362 3178
16609 3362 3503 3390 3267
16610 3349 1922 1927 1923
16611 3349 1927 1922 3338
16612 3567 3200 3353 3565
16613 3567 3353 3200 3438
16614 3678 3159 3257 3449
16615 3678 3257 3159 3506
16616 1944 3279 2119 2128
16617 1944 2119 3279 3751
16618 3766 3162 3621 3244
16619 3766 3621 3162 3303
16620 3768 3400 3328 3199
16621 3768 3328 3400 3746
16622 3678 3451 3559 3260
16623 3678 3559 3451 3205
16624 3674 2166 3594 2165
16625 3674 3594 2166 3494
16626 3649 1925 3403 2066
16627 3649 3403 1925 3250
16628 1890 3480 1822 1896
16629 1822 3480 1890 3355
16630 3545 2230 3330 2231
16631 3545 3330 2230 3262
16632 3645 2335 3247 3502
16633 3645 3247 2335 2259
16634 1946 3649 1948 3471
16635 1946 1948 3649 2026
16636 1969 1948 3649 3471
16637 1969 3649 1948 2026
16638 3680 3341 3473 3286
16639 3680 3473 3341 3441
16640 3650 3160 3268 3408
16641 3650 3268 3160 3448
16642 2060 3519 2100 2048
16643 2100 3519 2060 3431
16644 3637 3211 3700 3383
16645 3637 3700 3211 3389
16646 3719 1829 3260 3660
16647 3719 3260 1829 1826
16648 3458 991 1834 997
16649 3458 1834 991 3435
16650 2294 3466 1805 2293
16651 1805 3466 2294 3370
16652 3655 1948 3471 1946
16653 3655 3471 1948 3299
16654 3305 2061 279 2035
16655 3305 279 2061 3241
16656 3499 3740 3356 3258
16657 3356 3740 3499 3215
16658 3600 1877 2309 2300
16659 3600 2309 1877 3596
16660 3716 1985 1984 1965
16661 3716 1984 1985 3382
16662 3379 1922 2017 2016
16663 3379 2017 1922 3338
16664 2082 3744 2083 2032
16665 2083 3744 2082 3630
16666 3679 3267 3190 3390
16667 3679 3190 3267 3599
16668 3733 2233 2235 2291
16669 3733 2235 2233 3293
16670 3551 2343 2247 2254
16671 3551 2247 2343 3316
16672 3701 2242 3654 2216
16673 3701 3654 2242 3316
16674 2096 3768 2125 2126
16675 2125 3768 2096 3339
16676 3587 2144 2142 2141
16677 3587 2142 2144 3233
16678 3734 3679 3599 3190
16679 3734 3599 3679 3307
16680 3702 1768 3427 1767
16681 3702 3427 1768 3227
16682 1868 3535 1872 1702
16683 1872 3535 1868 3485
16684 3384 1686 3626 3263
16685 3384 3626 1686 1684
16686 3593 1914 3640 2078
16687 3593 3640 1914 3313
16688 3527 2209 3524 2297
16689 3527 3524 2209 3526
16690 3600 2259 1891 2300
16691 3600 1891 2259 3247
16692 3591 1815 1799 1817
16693 3591 1799 1815 3453
16694 1801 2352 1764 2360
16695 1764 2352 1801 1802
16696 1689 3493 1688 1690
16697 1688 3493 1689 3319
16698 3769 1930 2061 2038
16699 3769 2061 1930 3523
16700 3550 989 1019 2365
16701 3550 1019 989 1020
16702 3513 3340 3767 3512
16703 3513 3767 3340 3314
16704 2087 3746 3328 2086
16705 3328 3746 2087 3369
16706 3589 1867 1905 3368
16707 3589 1905 1867 1898
16708 3491 3617 3721 3192
16709 3721 3617 3491 3285
16710 2331 3700 2262 2260
16711 2262 3700 2331 3383
16712 3511 2349 3693 3304
16713 3511 3693 2349 2338
16714 2191 3693 2349 3304
16715 2191 2349 3693 2338
16716 3620 1687 1854 1866
16717 3620 1854 1687 3402
16718 1019 3550 2389 3530
16719 1019 2389 3550 2365
16720 2367 2389 3550 3530
16721 2367 3550 2389 2365
16722 3677 1821 1890 3355
16723 3677 1890 1821 1889
16724 3732 3579 3214 3691
16725 3732 3214 3579 3374
16726 3740 3683 3161 3392
16727 3740 3161 3683 3739
16728 3507 2119 2130 3376
16729 3507 2130 2119 1977
16730 3556 1896 1894 3480
16731 3556 1894 1896 1908
16732 3626 3573 3384 3263
16733 3626 3384 3573 2205
16734 3687 2233 2236 2234
16735 3687 2236 2233 3529
16736 3627 3703 3284 3283
16737 3284 3703 3627 3209
16738 3767 1757 3514 1192
16739 3767 3514 1757 3512
16740 3668 3762 3362 3503
16741 3362 3762 3668 3207
16742 3511 2317 2231 2338
16743 3511 2231 2317 3270
16744 2024 3744 2025 2103
16745 2025 3744 2024 3411
16746 3504 2223 2317 3439
16747 3504 2317 2223 2195
16748 3587 2145 2144 2141
16749 3587 2144 2145 3341
16750 2030 3628 1956 2029
16751 1956 3628 2030 3665
16752 3663 1877 3600 1835
16753 3663 3600 1877 3596
16754 3575 1941 3675 1934
16755 3575 3675 1941 3445
16756 3744 2083 2104 3630
16757 3744 2104 2083 2102
16758 3628 2028 2031 2029
16759 3628 2031 2028 3397
16760 1755 2310 369 1754
16761 1755 369 2310 2309
16762 3763 1888 3578 3428
16763 3578 1888 3763 3274
16764 3578 3496 3763 3428
16765 3763 3496 3578 3274
16766 3626 3391 1857 1784
16767 1857 3391 3626 3402
16768 1857 1852 3626 1784
16769 3626 1852 1857 3402
16770 3486 1868 1746 1790
16771 3486 1746 1868 3485
16772 3610 3323 3443 3420
16773 3610 3443 3323 3229
16774 2246 3537 2206 2314
16775 2206 3537 2246 3387
16776 3686 1818 1027 1873
16777 3686 1027 1818 3435
16778 3604 1868 3639 3485
16779 3604 3639 1868 1856
16780 1746 3639 1868 3485
16781 1746 1868 3639 1856
16782 3329 397 3373 2189
16783 3329 3373 397 2118
16784 3498 1809 3343 1185
16785 3498 3343 1809 3486
16786 1791 3343 1809 1185
16787 1791 1809 3343 3486
16788 3549 3707 3708 2019
16789 3708 3707 3549 3684
16790 367 3537 2206 1878
16791 2206 3537 367 2314
16792 2200 2001 383 2199
16793 2200 383 2001 1998
16794 3721 1990 3523 1989
16795 3721 3523 1990 3491
16796 1991 3523 1990 1989
16797 1991 1990 3523 3491
16798 368 3537 2310 2314
16799 2310 3537 368 1729
16800 386 3751 2121 2006
16801 2121 3751 386 2264
16802 3712 1703 3567 1709
16803 3712 3567 1703 3463
16804 1712 3567 1703 1709
16805 1712 1703 3567 3463
16806 2394 987 2374 2386
16807 2374 987 2394 988
16808 3539 288 287 1824
16809 3539 287 288 1188
16810 3561 1969 281 1926
16811 3561 281 1969 3348
16812 1716 3197 1769 3605
16813 1769 3197 1716 3636
$EndElements
