$MeshFormat
4.1 0 8
$EndMeshFormat
$PhysicalNames
11
0 1 "nodeset:x_lock"
0 2 "nodeset:z_lock"
0 3 "nodeset:base"
2 1 "boundary:x_max"
2 2 "boundary:x_min"
2 3 "boundary:z_min"
2 4 "boundary:z_max"
2 5 "boundary:base"
2 6 "boundary:slope_surface"
2 7 "boundary:crest"
3 1 "region:slope_mass"
$EndPhysicalNames
$Entities
3 0 7 1
1 10 0 0 1 1
2 -10 10 0 1 2
3 7.5 0 0.8660254037844386 1 3
1 10 0 0 10 20 5 1 1 0
2 -30 0 0 -30 10 5 1 2 0
3 -30 0 0 10 20 0 1 3 0
4 -30 0 4.999999999999999 10 20 5.000000000000001 1 4 0
5 -30 0 0 10 0 5 1 5 0
6 -30 5 0 10 20 5.000000000000001 1 6 0
7 -5.000000000000002 20 0 10 20 5 1 7 0
1 -30 0 0 10 20 5.000000000000001 1 1 0
$EndEntities
$Nodes
11 3718 1 3718
0 1 0 236
1
2
3
4
5
6
7
8
9
10
11
12
19
20
27
28
29
30
31
32
33
34
35
36
37
38
39
40
41
42
43
44
45
46
47
48
49
50
51
52
53
54
55
56
57
58
215
216
217
218
219
220
221
222
223
224
225
226
227
228
229
230
231
232
233
234
235
236
237
238
325
326
327
328
329
330
331
332
333
334
335
336
337
338
339
340
341
342
343
344
345
346
469
470
471
472
473
474
475
476
477
478
479
480
481
482
483
484
485
486
487
488
489
490
491
492
493
494
495
496
497
498
499
500
501
502
503
504
505
506
507
508
509
510
511
512
513
514
515
516
1312
1313
1314
1315
1316
1317
1318
1319
1320
1321
1322
1323
1324
1325
1326
1327
1328
1329
1330
1331
1332
1333
1334
1335
1336
1337
1338
1339
1340
1341
1342
1343
1344
1345
1346
1347
1348
1349
1350
1351
1352
1353
1354
1355
1356
1357
1358
1359
1960
1961
1962
1963
1964
1965
1966
1967
1968
1969
1970
1971
1972
1973
1974
1975
1976
1977
1978
1979
1980
1981
1982
1983
1984
1985
1986
1987
1988
1989
1990
1991
1992
1993
1994
1995
1996
1997
1998
1999
2000
2001
2002
2003
2004
2005
2006
2007
10 0 0
10 5 0
10 5 5
10 0 5
-30 0 0
-30 5 0
-30 5 5
-30 0 5
10 10 0
10 10 5
-30 10 0
-30 10 5
10 20 0
10 20 5
10 1 0
10 2 0
10 3 0
10 4 0
10 5 1
10 5 2
10 5 3
10 5 4
10 1 5
10 2 5
10 3 5
10 4 5
10 0 1
10 0 2
10 0 3
10 0 4
-30 1 0
-30 2 0
-30 3 0
-30 4 0
-30 5 1
-30 5 2
-30 5 3
-30 5 4
-30 1 5
-30 2 5
-30 3 5
-30 4 5
-30 0 1
-30 0 2
-30 0 3
-30 0 4
10 6 0
10 7 0
10 8 0
10 9 0
10 10 1
10 10 2
10 10 3
10 10 4
10 6 5
10 7 5
10 8 5
10 9 5
-30 6 0
-30 7 0
-30 8 0
-30 9 0
-30 10 1
-30 10 2
-30 10 3
-30 10 4
-30 6 5
-30 7 5
-30 8 5
-30 9 5
10 11 0
10 12 0
10 13 0
10 14 0
10 15 0
10 16 0
10 17 0
10 18 0
10 19 0
10 20 1
10 20 2
10 20 3
10 20 4
10 11 5
10 12 5
10 13 5
10 14 5
10 15 5
10 16 5
10 17 5
10 18 5
10 19 5
10 2.5 0.8660254037844386
10 2.530407742065421 4.338119784648299
10 0.8185330602412858 2.556674571293666
10 4.181466939758714 2.556674571293666
10 1.504237369280876 0.8467720450558318
10 1.982244292230488 1.64716198258741
10 3.015502651354739 1.636222738211934
10 2.499999999999999 2.598076211353316
10 3.497645885547445 0.8481155325734534
10 0.8469107173838683 3.499432116976144
10 4.153089282616133 3.499432116976144
10 3.421077193411223 4.067360928262858
10 0.9412258104503012 1.581952675513018
10 4.088311474745032 1.571569353839583
10 1.570386569529884 4.137576786939674
10 3.392692830380432 3.06309642562596
10 1.656387044983293 3.053427906241974
10 2.615539990974387 3.41207850754179
10 4.267949192431124 4.267949192431124
10 4.267949192431122 0.7320508075688774
10 0.7320508075688774 0.7320508075688776
10 0.7320508075688776 4.267949192431122
10 1.551515143830581 2.291009322085341
10 3.448484856169419 2.291009322085342
-30 2.530407742065421 4.338119784648299
-30 2.5 0.8660254037844386
-30 0.8185330602412858 2.556674571293666
-30 4.181466939758714 2.556674571293666
-30 1.504237369280876 0.8467720450558318
-30 1.982244292230488 1.64716198258741
-30 3.015502651354739 1.636222738211934
-30 2.499999999999999 2.598076211353316
-30 3.497645885547445 0.8481155325734534
-30 0.8469107173838683 3.499432116976144
-30 4.153089282616133 3.499432116976144
-30 3.421077193411223 4.067360928262858
-30 0.9412258104503012 1.581952675513018
-30 4.088311474745032 1.571569353839583
-30 1.570386569529884 4.137576786939674
-30 3.392692830380432 3.06309642562596
-30 1.656387044983293 3.053427906241974
-30 2.615539990974387 3.41207850754179
-30 4.267949192431124 4.267949192431124
-30 4.267949192431122 0.7320508075688774
-30 0.7320508075688774 0.7320508075688776
-30 0.7320508075688776 4.267949192431122
-30 1.551515143830581 2.291009322085341
-30 3.448484856169419 2.291009322085342
10 7.45166047252571 4.186224219100394
10 7.443325428706333 0.8185330602412857
10 5.667542648054294 2.540259921725069
10 9.133974596215561 2.5
10 9.153227954944168 1.504237369280876
10 8.352838017412589 1.982244292230487
10 8.363842790784034 3.01554702883877
10 7.401923788646685 2.499999999999998
10 9.151887310382429 3.497647810851313
10 6.500567883023857 0.8469107173838683
10 5.940455020111311 3.423825435843587
10 5.872601997714322 1.579450474660993
10 8.418047324486981 0.9412258104503008
10 6.528861516320674 4.191846160094676
10 8.429328257359094 4.088828806075008
10 6.926897395370236 1.658111816510902
10 6.944376540951735 3.400484739843491
10 6.588418483031611 2.617057567561171
10 5.732050807568878 0.7320508075688776
10 9.267949192431125 0.7320508075688765
10 5.732050807568878 4.267949192431122
10 9.267949192431121 4.267949192431122
10 7.70899067791466 1.551515143830581
10 7.709383851890472 3.448751121073604
-30 7.45166047252571 4.186224219100394
-30 7.443325428706333 0.8185330602412857
-30 5.667542648054294 2.540259921725069
-30 9.133974596215561 2.5
-30 9.153227954944168 1.504237369280876
-30 8.352838017412589 1.982244292230487
-30 8.363842790784034 3.01554702883877
-30 7.401923788646685 2.499999999999998
-30 9.151887310382429 3.497647810851313
-30 6.500567883023857 0.8469107173838683
-30 5.940455020111311 3.423825435843587
-30 5.872601997714322 1.579450474660993
-30 8.418047324486981 0.9412258104503008
-30 6.528861516320674 4.191846160094676
-30 8.429328257359094 4.088828806075008
-30 6.926897395370236 1.658111816510902
-30 6.944376540951735 3.400484739843491
-30 6.588418483031611 2.617057567561171
-30 5.732050807568878 0.7320508075688776
-30 9.267949192431125 0.7320508075688765
-30 5.732050807568878 4.267949192431122
-30 9.267949192431121 4.267949192431122
-30 7.70899067791466 1.551515143830581
-30 7.709383851890472 3.448751121073604
10 19.2713535858386 2.5
10 12.41327434529342 4.103703875044571
10 14.53159709371657 4.152217186778433
10 16.5 4.17384268487818
10 13.48461497791618 0.9065940844254138
10 15.38726742238856 0.9452294130098348
10 10.86130670986561 2.508173017612776
10 17.49892947484522 0.8157273238869713
10 11.5918256190574 0.9056972474407931
10 18.49576263071912 4.153227954944168
10 10.84648543828234 3.496259048212611
10 11.81411268236503 3.156626370703119
10 11.73205080756888 2.000000000000001
10 12.59807621135332 2.500000000000001
10 12.56177820517225 1.497027385490669
10 13.46147084123731 1.983936911652681
10 13.46410161513776 3
10 14.31540539020717 2.505609244407372
10 14.39081850907598 1.502942543899231
10 15.19615242270663 1.999999999999999
10 16.1629391926439 1.703397614239216
10 16.00092739213443 2.658799733907649
10 16.95746046248852 2.260992144298919
10 13.47101611070888 3.994183955993528
10 15.50526618228609 4.178035785075524
10 15.10556157762147 3.192324618906106
10 17.49929377178652 4.149320183787669
10 18.00860248204961 3.368681787066493
10 18.49569760854014 0.8437170110484538
10 17.85746041210532 1.734325432073748
10 16.93622906422007 3.249074514167938
10 19.10504280651576 3.424221783111852
10 10.82473163341813 1.531382443600765
10 11.49090651513496 4.168336513064272
10 19.06671593011603 1.596673463937319
10 16.50508487368441 0.8163180093848653
10 14.5 0.6762856099000877
10 12.52764376042917 0.6618637434713752
10 12.69855715851499 3.325961894323342
10 16.00959684325241 3.490415467387079
10 18.39664458488464 2.523944037845293
10 16.99637488315347 1.466152104776744
10 14.17753635747837 3.368867001217088
10 19.26794919243113 4.267949192431123
10 10.73205080756888 4.267949192431122
10 19.26794919243112 0.732050807568877
10 10.73205080756888 0.7320508075688774
10 17.63127940114963 2.627403583090478
0 2 0 1527
13
14
15
16
21
22
24
26
59
60
61
62
63
64
65
66
67
68
69
70
71
72
73
74
75
76
77
78
79
80
81
82
83
84
85
86
87
88
89
90
91
92
93
94
95
96
97
98
99
100
101
102
103
104
105
106
107
108
109
110
111
112
113
114
115
116
117
118
119
120
121
122
123
124
125
126
127
128
129
130
131
132
133
134
135
136
137
138
139
140
141
142
143
144
145
146
147
148
149
150
151
152
153
154
155
156
157
158
159
160
161
162
163
164
165
166
167
168
169
170
171
172
173
174
175
176
177
178
179
180
181
182
183
184
185
186
187
188
189
190
191
192
193
194
195
196
197
198
199
200
201
202
203
204
205
206
207
208
209
210
211
212
213
214
239
240
241
242
243
244
245
246
247
248
249
250
251
252
253
254
255
256
257
258
259
260
261
262
263
264
265
266
267
268
269
270
271
272
273
274
275
276
277
278
279
280
281
282
283
284
285
286
287
288
289
290
291
292
293
294
295
296
297
298
299
300
301
302
303
304
305
306
307
308
309
310
311
312
347
348
349
350
351
352
353
354
355
356
357
358
359
360
361
362
363
364
365
366
367
368
369
370
371
372
373
374
375
376
377
378
383
384
385
386
387
388
389
390
391
392
393
394
395
396
411
412
413
414
415
416
417
418
419
420
421
422
423
424
425
426
427
428
449
450
451
452
453
454
455
456
457
458
459
460
461
462
463
464
465
466
517
518
519
520
521
522
523
524
525
526
527
528
529
530
531
532
533
534
535
536
537
538
539
540
541
542
543
544
545
546
547
548
549
550
551
552
553
554
555
556
557
558
559
560
561
562
563
564
565
566
567
568
569
570
571
572
573
574
575
576
577
578
579
580
581
582
583
584
585
586
587
588
589
590
591
592
593
594
595
596
597
598
599
600
601
602
603
604
605
606
607
608
609
610
611
612
613
614
615
616
617
618
619
620
621
622
623
624
625
626
627
628
629
630
631
632
633
634
635
636
637
638
639
640
641
642
643
644
645
646
647
648
649
650
651
652
653
654
655
656
657
658
659
660
661
662
663
664
665
666
667
668
669
670
671
672
673
674
675
676
677
678
679
680
681
682
683
684
685
686
687
688
689
690
691
692
693
694
695
696
697
698
699
700
701
702
703
704
705
706
707
708
709
710
711
712
713
714
715
716
717
718
719
720
721
722
723
724
725
726
727
728
729
730
731
732
733
734
735
736
737
738
739
740
741
742
743
744
745
746
747
748
749
750
751
752
753
754
755
756
757
758
759
760
761
762
763
764
765
766
767
768
769
770
771
772
773
774
775
776
777
778
779
780
781
782
783
784
785
786
787
788
789
790
791
792
793
794
795
796
797
798
799
800
801
802
803
804
805
806
807
808
809
810
811
812
813
814
815
816
817
818
819
820
821
822
823
824
825
826
827
828
829
830
831
832
833
834
835
836
837
838
839
840
841
842
843
844
845
846
847
848
849
850
851
852
853
854
855
856
857
858
859
860
861
862
863
864
865
866
867
868
869
870
871
872
873
874
875
876
877
878
879
880
881
882
883
884
885
886
887
888
889
890
891
892
893
894
895
896
897
898
899
900
901
902
903
904
905
906
907
908
909
910
911
912
913
914
1360
1361
1362
1363
1364
1365
1366
1367
1368
1369
1370
1371
1372
1373
1374
1375
1376
1377
1378
1379
1380
1381
1382
1383
1384
1385
1386
1387
1388
1389
1390
1391
1392
1393
1394
1395
1396
1397
1398
1399
1400
1401
1402
1403
1404
1405
1406
1407
1408
1409
1410
1411
1412
1413
1414
1415
1416
1417
1418
1419
1420
1421
1422
1423
1424
1425
1426
1427
1428
1429
1430
1431
1432
1433
1434
1435
1436
1437
1438
1439
1440
1441
1442
1443
1444
1445
1446
1447
1448
1449
1450
1451
1452
1453
1454
1455
1456
1457
1458
1459
1460
1461
1462
1463
1464
1465
1466
1467
1468
1469
1470
1471
1472
1473
1474
1475
1476
1477
1478
1479
1480
1481
1482
1483
1484
1485
1486
1487
1488
1489
1490
1491
1492
1493
1494
1495
1496
1497
1498
1499
1500
1501
1502
1503
1504
1505
1506
1507
1508
1509
1510
1511
1512
1513
1514
1515
1516
1517
1518
1519
1520
1521
1522
1523
1524
1525
1526
1527
1528
1529
1530
1531
1532
1533
1534
1535
1536
1537
1538
1539
1540
1541
1542
1543
1544
1545
1546
1547
1548
1549
1550
1551
1552
1553
1554
1555
1556
1557
1558
1559
1560
1561
1562
1563
1564
1565
1566
1567
1568
1569
1570
1571
1572
1573
1574
1575
1576
1577
1578
1579
1580
1581
1582
1583
1584
1585
1586
1587
1588
1589
1590
1591
1592
1593
1594
1595
1596
1597
1598
1599
1600
1601
1602
1603
1604
1605
1606
1607
1608
1609
1610
1611
1612
1613
1614
1615
1616
1617
1618
1619
1620
1621
1622
1623
1624
1625
1626
1627
1628
1629
1630
1631
1632
1633
1634
1635
1636
1637
1638
1639
1640
1641
1642
1643
1644
1645
1646
1647
1648
1649
1650
1651
1652
1653
1654
1655
1656
1657
1658
1659
1660
1661
1662
1663
1664
1665
1666
1667
1668
1669
1670
1671
1672
1673
1674
1675
1676
1677
1678
1679
1680
1681
1682
1683
1684
1685
1686
1687
1688
1689
1690
1691
1692
1693
1694
1695
1696
1697
1698
1699
1700
1701
1702
1703
1704
1705
1706
1707
1708
1709
1710
1711
1712
1713
1714
1715
1716
1717
1718
1719
1720
1721
1722
1723
1724
1725
1726
1727
1728
1729
1730
1731
1732
1733
1734
1735
1736
1737
1738
1739
1740
1741
1742
1743
1744
1745
1746
1747
1748
1749
1750
1751
1752
1753
1754
1755
1756
1757
2008
2009
2010
2011
2012
2013
2014
2015
2016
2017
2018
2019
2020
2021
2022
2023
2024
2025
2026
2027
2028
2029
2030
2031
2032
2033
2034
2035
2036
2037
2038
2039
2040
2041
2042
2043
2044
2045
2046
2047
2048
2049
2050
2051
2052
2053
2054
2055
2056
2057
2058
2059
2060
2061
2062
2063
2064
2065
2066
2067
2068
2069
2070
2071
2072
2073
2074
2075
2076
2077
2078
2079
2080
2081
2082
2083
2084
2085
2086
2087
2088
2089
2090
2091
2092
2093
2094
2095
2096
2097
2098
2099
2100
2101
2102
2103
2104
2105
2106
2107
2108
2109
2110
2111
2112
2113
2114
2115
2116
2117
2118
2119
2120
2121
2122
2123
2124
2125
2126
2127
2128
2129
2130
2131
2132
2133
2134
2135
2136
2137
2138
2139
2140
2141
2142
2143
2144
2145
2146
2147
2148
2149
2150
2151
2152
2153
2154
2155
2156
2157
2158
2159
2160
2161
2162
2163
2164
2165
2166
2219
2220
2221
2222
2223
2224
2225
2226
2227
2228
2229
2230
2231
2232
2233
2234
2235
2236
2237
2238
2239
2240
2241
2242
2243
2244
2245
2246
2247
2248
2249
2250
2251
2252
2253
2254
2255
2256
2257
2258
2259
2260
2261
2262
2263
2264
2265
2266
2267
2268
2269
2270
2271
2272
2273
2274
2275
2276
2277
2278
2279
2280
2281
2282
2283
2284
2285
2286
2287
2288
2289
2290
2291
2292
2293
2294
2295
2296
2297
2298
2299
2300
2301
2302
2303
2304
2305
2306
2307
2308
2309
2310
2311
2312
2313
2314
2315
2316
2317
2318
2319
2320
2321
2322
2323
2324
2325
2326
2327
2328
2329
2330
2331
2332
2333
2334
2335
2336
2337
2338
2339
2340
2341
2342
2343
2344
2345
2346
2347
2348
2349
2350
2351
2352
2353
2354
2355
2356
2357
2358
2359
2360
2361
2362
2363
2364
2365
2366
2367
2368
2369
2370
2371
2372
2373
2374
2375
2376
2377
2443
2444
2445
2446
2447
2448
2449
2450
2451
2452
2453
2454
2455
2456
2457
2458
2459
2460
2461
2462
2463
2464
2465
2466
2467
2468
2469
2470
2471
2472
2473
2474
2475
2476
2477
2478
2479
2480
2481
2482
2483
2484
2485
2486
2487
2488
2489
2584
2585
2586
2587
2588
2589
2590
2591
2592
2593
2594
2595
2596
2597
2598
2599
2600
2601
2602
2603
2604
2605
2606
2607
2608
2609
2610
2611
2612
2613
2614
2615
2616
2617
2618
2619
2620
2621
2622
2623
2624
2625
2626
2627
2628
2629
-10 10 0
-15 10 0
-10 10 5
-15 10 5
0 20 0
0 20 5
-5 20 0
-5 20 5
9 0 0
8 0 0
7 0 0
6 0 0
5 0 0
4 0 0
3 0 0
2 0 0
1 0 0
0 0 0
-1 0 0
-2 0 0
-3 0 0
-4 0 0
-5 0 0
-6 0 0
-7 0 0
-8 0 0
-9 0 0
-10 0 0
-11 0 0
-12 0 0
-13 0 0
-14 0 0
-15 0 0
-16 0 0
-17 0 0
-18 0 0
-19 0 0
-20 0 0
-21 0 0
-22 0 0
-23 0 0
-24 0 0
-25 0 0
-26 0 0
-27 0 0
-28 0 0
-29 0 0
9 5 0
8 5 0
7 5 0
6 5 0
5 5 0
4 5 0
3 5 0
2 5 0
1 5 0
0 5 0
-1 5 0
-2 5 0
-3 5 0
-4 5 0
-5 5 0
-6 5 0
-7 5 0
-8 5 0
-9 5 0
-10 5 0
-11 5 0
-12 5 0
-13 5 0
-14 5 0
-15 5 0
-16 5 0
-17 5 0
-18 5 0
-19 5 0
-20 5 0
-21 5 0
-22 5 0
-23 5 0
-24 5 0
-25 5 0
-26 5 0
-27 5 0
-28 5 0
-29 5 0
9 0 5
8 0 5
7 0 5
6 0 5
5 0 5
4 0 5
3 0 5
2 0 5
1 0 5
0 0 5
-1 0 5
-2 0 5
-3 0 5
-4 0 5
-5 0 5
-6 0 5
-7 0 5
-8 0 5
-9 0 5
-10 0 5
-11 0 5
-12 0 5
-13 0 5
-14 0 5
-15 0 5
-16 0 5
-17 0 5
-18 0 5
-19 0 5
-20 0 5
-21 0 5
-22 0 5
-23 0 5
-24 0 5
-25 0 5
-26 0 5
-27 0 5
-28 0 5
-29 0 5
9 5 5
8 5 5
7 5 5
6 5 5
5 5 5
4 5 5
3 5 5
2 5 5
1 5 5
0 5 5
-1 5 5
-2 5 5
-3 5 5
-4 5 5
-5 5 5
-6 5 5
-7 5 5
-8 5 5
-9 5 5
-10 5 5
-11 5 5
-12 5 5
-13 5 5
-14 5 5
-15 5 5
-16 5 5
-17 5 5
-18 5 5
-19 5 5
-20 5 5
-21 5 5
-22 5 5
-23 5 5
-24 5 5
-25 5 5
-26 5 5
-27 5 5
-28 5 5
-29 5 5
9 10 0
8 10 0
7 10 0
6 10 0
5 10 0
4 10 0
3 10 0
2 10 0
1 10 0
0 10 0
-1 10 0
-2 10 0
-3 10 0
-4 10 0
-5 10 0
-6 10 0
-7 10 0
-8 10 0
-9 10 0
-11 10 0
-12 10 0
-13 10 0
-14 10 0
-16 10 0
-17 10 0
-18 10 0
-19 10 0
-20 10 0
-21 10 0
-22 10 0
-23 10 0
-24 10 0
-25 10 0
-26 10 0
-27 10 0
-28 10 0
-29 10 0
9 10 5
8 10 5
7 10 5
6 10 5
5 10 5
4 10 5
3 10 5
2 10 5
1 10 5
0 10 5
-1 10 5
-2 10 5
-3 10 5
-4 10 5
-5 10 5
-6 10 5
-7 10 5
-8 10 5
-9 10 5
-11 10 5
-12 10 5
-13 10 5
-14 10 5
-16 10 5
-17 10 5
-18 10 5
-19 10 5
-20 10 5
-21 10 5
-22 10 5
-23 10 5
-24 10 5
-25 10 5
-26 10 5
-27 10 5
-28 10 5
-29 10 5
-9.333333333333332 10.66666666666667 0
-8.666666666666668 11.33333333333333 0
-8 12 0
-7.333333333333332 12.66666666666667 0
-6.666666666666668 13.33333333333333 0
-6 14 0
-5.333333333333334 14.66666666666667 0
-4.666666666666668 15.33333333333333 0
-4 16 0
-3.333333333333334 16.66666666666666 0
-2.666666666666668 17.33333333333333 0
-2 18 0
-1.333333333333334 18.66666666666666 0
-0.6666666666666679 19.33333333333333 0
9 20 0
8 20 0
7 20 0
6 20 0
5 20 0
4 20 0
3 20 0
2 20 0
1 20 0
9 20 5
8 20 5
7 20 5
6 20 5
5 20 5
4 20 5
3 20 5
2 20 5
1 20 5
-9.333333333333336 10.66666666666667 5
-8.666666666666668 11.33333333333333 5
-8 12 5
-7.333333333333332 12.66666666666667 5
-6.666666666666664 13.33333333333333 5
-6 14 5
-5.333333333333332 14.66666666666667 5
-4.666666666666668 15.33333333333333 5
-4 16 5
-3.333333333333334 16.66666666666667 5
-2.666666666666668 17.33333333333333 5
-2 18 5
-1.333333333333336 18.66666666666667 5.000000000000001
-0.6666666666666679 19.33333333333333 5
-14.33333333333333 10.66666666666667 0
-13.66666666666667 11.33333333333333 0
-13 12 0
-12.33333333333333 12.66666666666667 0
-11.66666666666667 13.33333333333333 0
-11 14 0
-10.33333333333334 14.66666666666667 0
-9.666666666666668 15.33333333333333 0
-9 16 0
-8.333333333333336 16.66666666666666 0
-7.666666666666668 17.33333333333333 0
-7 18 0
-6.333333333333336 18.66666666666666 0
-5.666666666666668 19.33333333333333 0
-1 20 0
-2 20 0
-3 20 0
-4 20 0
-14.33333333333333 10.66666666666667 5
-13.66666666666667 11.33333333333333 5
-13 12 5
-12.33333333333333 12.66666666666667 5
-11.66666666666666 13.33333333333333 5
-11 14 5
-10.33333333333334 14.66666666666667 5
-9.666666666666664 15.33333333333333 5
-9 16 5
-8.333333333333336 16.66666666666667 5
-7.666666666666668 17.33333333333333 5
-7 18 5
-6.333333333333336 18.66666666666667 5.000000000000001
-5.666666666666666 19.33333333333333 5
-1 20 5
-2 20 5
-3 20 5
-4 20 5
9.186224219100396 2.548339527474289 0
6.486693610074405 4.158003079246599 0
4.5 4.133974596215563 0
2.5 4.133974596215562 0
0.5 4.133974596215562 0
-1.5 4.133974596215563 0
-3.490495435767432 0.8247894890289962 0
-5.5 0.8660254037844386 0
-7.5 0.8660254037844386 0
-9.5 0.8660254037844386 0
-11.5 0.8660254037844386 0
-13.5 0.8660254037844386 0
-15.5 0.8660254037844386 0
-17.5 0.8660254037844386 0
-19.5 0.8660254037844386 0
-21.51315034062438 0.8418953194347539 0
-23.5 0.8261573151218187 0
-25.46840290628343 0.847782813221567 0
-29.13869329013438 2.49182698238722 0
5.513306389925596 0.8419969207534015 0
3.5 0.8660254037844386 0
1.5 0.8660254037844386 0
-0.5 0.8660254037844386 0
-4.5 4.133974596215563 0
-6.5 4.133974596215563 0
-8.5 4.133974596215562 0
-10.5 4.133974596215563 0
-12.5 4.133974596215563 0
-14.5 4.133974596215557 0
-16.5 4.133974596215562 0
-18.5 4.133974596215568 0
-20.5 4.133974596215562 0
-22.50107052515479 4.184272676113022 0
-24.61273257761147 4.054770586990244 0
-26.51538502208385 4.093405915574666 0
7.5 0.8660254037844387 0
-27.58672565470658 0.8962961249554369 0
8.430574538662086 4.040489726883511 0
-28.40817438094261 4.094302752559222 0
-29.15351456171766 1.503740951787392 0
-28.18588731763499 1.843373629296905 0
-28.26794919243117 3.000000000000028 0
-27.40192378864671 2.500000000000074 0
-27.43822179482777 3.502972614509395 0
-26.53852915876271 3.016063088347441 0
-26.53589838486224 2.000000000000119 0
-25.68459460979285 2.494390755592805 0
-25.60918149092404 3.497057456100906 0
-24.80384757729343 3.000000000000286 0
-23.8370608073562 3.296602385760839 0
-23.99907260786575 2.34120026609242 0
-23.06057839838566 2.691359591690416 0
6.515524121579862 0.8543382088071145 0
7.015893743522239 1.722420493933839 0
8.02115527072073 1.64870029444037 0
7.581369421970216 2.57948299383372 0
6.508270677337793 2.553977181768178 0
8.497891122747482 0.8486568676173788 0
5.484475878420139 4.145661791192886 0
4.984106256477762 3.277579506066163 0
3.997351042746294 3.26955424470363 0
4.5 2.401923788646686 0
3.5 2.401923788646686 0
5.4990924921209 2.456199067315314 0
3.499558507124383 4.134242104927646 0
1.5 4.133974596215563 0
1.000000000000002 3.267949192431123 0
0 3.267949192431124 0
0.5000000000000018 2.401923788646685 0
1.500000000000002 2.401923788646685 0
-0.4999999999999982 2.401923788646684 0
2 3.267949192431124 0
-0.5 4.133974596215563 0
-1 3.267949192431124 0
-2 3.267949192431127 0
-1.500000000000002 2.418298411433135 0
-2.486693610074411 2.412335340249917 0
-2.997782268345738 3.269684451031666 0
-3.484106256477768 2.42797674004502 0
-1.971169488494546 1.605746888162738 0
-5.5 4.133974596215563 0
-6 3.267949192431124 0
-7 3.267949192431123 0
-6.5 2.401923788646686 0
-7.5 2.401923788646686 0
-5.5 2.401923788646685 0
-7.5 4.133974596215563 0
-9.5 4.133974596215563 0
-10 3.267949192431124 0
-11 3.267949192431124 0
-10.5 2.401923788646686 0
-9.5 2.401923788646685 0
-11.5 2.401923788646687 0
-11.5 4.133974596215562 0
-13.49999999999999 4.133974596215563 0
-13.99999999999998 3.267949192431123 0
-14.99999999999998 3.267949192431109 0
-14.49999999999996 2.401923788646674 0
-13.49999999999996 2.40192378864671 0
-15.49999999999996 2.401923788646648 0
-15.99999999999997 3.267949192431104 0
-16.49999999999998 2.401923788646659 0
-16.99999999999997 3.267949192431123 0
-17.49999999999998 2.40192378864672 0
-15.49999999999999 4.133974596215558 0
-17.49999999999999 4.133974596215568 0
-19.5 4.133974596215563 0
-20 3.267949192431126 0
-21 3.267949192431125 0
-20.5 2.401923788646685 0
-19.5 2.40192378864669 0
-21.4798302490948 2.452216727283123 0
4.500808211244266 0.8526519279743275 0
2.5 0.8660254037844386 0
0.5 0.8660254037844386 0
-4.499191788755734 0.8458393206669155 0
-6.5 0.8660254037844386 0
-8.5 0.8660254037844386 0
-10.5 0.8660254037844386 0
-12.5 0.8660254037844386 0
-14.5 0.8660254037844386 0
-16.5 0.8660254037844386 0
-18.5 0.8660254037844386 0
-20.50079873303112 0.8526457568543899 0
-22.51534206406178 0.8420829794846793 0
-24.4947338177139 0.8219642149244795 0
-24.89443842237856 1.807675381093974 0
-26.52898388929112 1.005816044006495 0
7.442838882189955 4.165939933065482 0
-8 3.267949192431124 0
-9 3.267949192431124 0
-8.500000000000004 2.401923788646685 0
-12 3.267949192431125 0
-21.50017842085913 4.142357609531805 0
2.999484924978447 3.268261285928555 0
2.5 2.401923788646685 0
-22.12116574217794 3.240169836780805 0
-5.000000000000002 3.267949192431125 0
-4.498648491197091 2.420818803451532 0
-19 3.267949192431134 0
-18.49999999999999 2.401923788646707 0
-2.499630378057624 4.13426380598232 0
-3.499568774400561 4.134312007610111 0
-4.000000000000012 3.267949192431126 0
-17.99999999999999 3.267949192431136 0
-12.99999999999998 3.267949192431133 0
-12.49999999999999 2.401923788646692 0
-23.06485350926885 1.766871157142598 0
9.204794770710885 3.476033243920855 0
-28.50909348486505 0.8316634869357404 0
-29.17526836658186 3.468617556399225 0
9.060281560867619 1.581194806458635 0
8.431913202653403 3.061013838116707 0
-23.49491512631562 4.183681990615138 0
-1.495194914749089 0.8122826800989765 0
-2.988744131802358 1.612100120127997 0
6.029011838025591 1.679666804590445 0
5.972741297559812 3.322756111858006 0
-21.97887593564538 1.665532976785145 0
-12.99999999999999 1.633974596215567 0
-17.99999999999999 1.633974596215565 0
-3.993531017333398 1.627583178256004 0
-18.99999999999999 1.633974596215564 0
-10 1.633974596215561 0
-20 1.633974596215557 0
-4.998561882881036 1.632694181836856 0
-11 1.633974596215562 0
-20.99833911919313 1.636667841351999 0
-8 1.633974596215561 0
3 1.633974596215562 0
-7 1.633974596215561 0
5.007036488552727 1.644402184249289 0
4.001307449966165 1.633483614919498 0
-5.999760313813505 1.633761193819111 0
6.95527983892257 3.368546781375054 0
2 1.633974596215562 0
-9 1.63397459621556 0
3.552713678800501e-15 1.634003183776457 0
-12 1.633974596215563 0
1 1.633979360809044 0
-16.99999999999999 1.633974596215542 0
-13.99999999999996 1.63397459621558 0
-15.99999999999998 1.633974596215551 0
-14.99999999999996 1.633974596215563 0
-2.49093399513557 0.8091531962364513 0
-0.9999999999999964 1.634146121580932 0
-25.50000000000001 4.323714390099998 0
-27.47235623957084 4.338136256528657 0
-27.30144284148503 1.674038105676697 0
-23.99061967144541 1.512773666875058 0
-23.00295811987804 3.519217296192044 0
-25.82246364252163 1.631132998782992 0
-22.30007945082249 2.456157081150156 0
-29.26794919243108 0.7320508075689176 0
9.267949192431123 4.267949192431123 0
9.267949192431123 0.7320508075688776 0
-29.26794919243112 4.267949192431121 0
7.739765144403236 3.431121388478338 0
8.456188735062472 2.283746292064744 0
9.186224219100394 2.451660472525711 5
6.5 4.133974596215562 5
4.5 0.8496507809979905 5
2.499999999999999 4.133974596215563 5
0.5 0.8660254037844386 5
-2.490495435767432 0.8247894890289943 5
-4.5 0.8660254037844386 5
-6.5 0.8660254037844386 5
-8.5 0.8660254037844386 5
-10.5 0.8660254037844386 5
-12.5 0.8660254037844386 5
-14.5 0.8660254037844386 5
-16.5 0.8660254037844386 5
-18.5 0.8660254037844386 5
-20.5 0.8660254037844386 5
-22.50097278372829 0.7975008817470743 5
-24.60819022292706 0.9336263623930672 5
-26.50920199901658 0.888543020718065 5
-0.5 4.13397459621556 5
-3.5 4.133974596215559 5
-5.5 4.133974596215563 5
-7.5 4.133974596215562 5
-9.5 4.133974596215563 5
-11.5 4.133974596215569 5
-13.5 4.13397459621556 5
-15.5 4.133974596215531 5
-17.5 4.133974596215481 5
-19.50000000000001 4.133974596215428 5
-21.50000000000001 4.133974596215336 5
-23.5 4.172271350764845 5
-25.46840290628343 4.152217186778427 5
-27.58672565470658 4.103703875044547 5
6.5 0.8660254037844386 5
2.513306389925595 0.8419969207534015 5
4.5 4.133974596215563 5
-29.13869329013438 2.508173017612753 5
8.430574538662086 0.9595102731164895 5
8.495762630719124 4.153227954944168 5
-28.40817438094261 0.9056972474407672 5
-29.15351456171763 3.496259048212588 5
-28.18588731763499 3.156626370703066 5
-28.2679491924312 1.999999999999911 5
-27.40192378864671 2.499999999999863 5
-27.42711486174423 1.495727767766181 5
-26.53272823870018 1.9741142740885 5
-26.53606421460174 2.968575916739232 5
-25.66987298107784 2.499999999999888 5
-25.60253435541637 1.490607162306841 5
-24.79521269077661 1.994796681325518 5
-23.83175398297278 1.695693008438507 5
-23.99857740763533 2.648525668630421 5
-23.22540905567572 2.333841786759476 5
5.5 4.133974596215563 5
6 3.267949192431124 5
6.999999999999999 3.267949192431122 5
6.499999999999998 2.401923788646685 5
5.499999999999999 2.401923788646685 5
7.576076705649792 2.407234030914346 5
-4.5 4.133974596215562 5
-4.000000000000002 3.267949192431123 5
-3.000000000000002 3.267949192431118 5
-3.500000000000007 2.401923788646683 5
-4.500000000000005 2.401923788646688 5
-2.486693610074406 2.425952271677717 5
-1.997782268345734 3.271953939602957 5
-1.484106256477766 2.414278441485977 5
-0.9969814208039161 3.270675759099642 5
-0.4968479462136148 2.420811948017765 5
-0.9702129205973709 1.606489661132851 5
-1.499127281524938 4.135096481855618 5
0.001028438830413592 3.271551646771054 5
0.5001813694214547 2.4114169929445 5
1.000201634708645 3.27013180220408 5
1.500016616519595 2.410940354521031 5
2.000036375204707 3.269815721705675 5
2.513315221879647 2.461467918495789 5
-2.499999999999998 4.133974596215552 5
-6.5 4.133974596215563 5
-6.999999999999996 3.267949192431123 5
-7.999999999999996 3.26794919243112 5
-7.499999999999996 2.401923788646683 5
-6.499999999999996 2.401923788646684 5
-8.499999999999996 2.401923788646681 5
-6 3.267949192431123 5
-8.999999999999993 3.267949192431118 5
-9.499999999999996 2.40192378864668 5
-9.999999999999989 3.267949192431124 5
-10.5 2.40192378864668 5
-11 3.267949192431133 5
-11.5 2.401923788646722 5
-8.5 4.133974596215561 5
-12.5 4.133974596215563 5
-13 3.267949192431124 5
-13.99999999999999 3.267949192431111 5
-13.49999999999996 2.401923788646678 5
-14.49999999999997 2.401923788646662 5
-14.99999999999999 3.267949192431076 5
-15.49999999999996 2.401923788646603 5
-15.99999999999998 3.267949192431033 5
-16.49999999999995 2.401923788646512 5
-16.99999999999999 3.267949192430981 5
-17.49999999999995 2.401923788646452 5
-17.99999999999998 3.267949192430939 5
-18.49999999999995 2.40192378864637 5
-18.99999999999999 3.267949192430875 5
-19.49999999999994 2.401923788646298 5
-19.99999999999999 3.26794919243081 5
-20.49999999999994 2.40192378864616 5
-20.99999999999999 3.267949192430707 5
-21.46514619756675 2.45473871131437 5
-21.95933723049458 3.301449332503946 5
-14.49999999999999 4.133974596215546 5
-16.49999999999999 4.133974596215504 5
-18.49999999999999 4.133974596215453 5
-20.5 4.13397459621538 5
-22.5 4.133974596215561 5
-24.4947338177139 4.177119774205506 5
-24.89103103445538 3.188620708858102 5
-26.52900757925391 3.98969480124197 5
8.030479536195175 3.353788586786502 5
7.445056613844219 0.838064814106359 5
5.5 0.856797539923094 5
1.500808211244266 0.8526519279743275 5
3.515524121579861 0.8516091050093733 5
4.029200133447834 1.661534846406415 5
-3.499191788755734 0.8458393206669148 5
-5.500000000000002 0.8660254037844386 5
-7.5 0.8660254037844386 5
-9.500000000000004 0.8660254037844386 5
-11.5 0.8660254037844386 5
-13.5 0.8660254037844386 5
-15.5 0.8660254037844386 5
-17.5 0.8660254037844386 5
-19.5 0.8660254037844386 5
-21.50008271970477 0.8435188608639861 5
3.5 4.133974596215563 5
4.013306389925595 3.292006263023056 5
0.5002050122565116 4.134938773567709 5
5.015524121579861 3.27964115200193 5
7.504373694485716 4.151490055062892 5
3.004442997834992 3.298568436836836 5
-5.000000000000004 3.267949192431125 5
1.500037671953219 4.134400898630499 5
-5.500000000000005 2.401923788646685 5
-11.99999999999999 3.267949192431134 5
-10.5 4.133974596215571 5
-12.49999999999998 2.401923788646695 5
-23.06774298274377 3.226143507440185 5
-29.17526836658187 1.531382443600763 5
9.061309528502774 3.419430008368282 5
9.204794770710885 1.523966756079144 5
-28.50909348486503 4.168336513064258 5
8.431031083266666 1.936772332674638 5
-23.49366115380927 0.809658220083832 5
3.011890977805489 1.658459152040985 5
4.509671774158882 2.461513441048941 5
-0.495035486766227 0.8124064755939951 5
-1.988584703819493 1.612210354434474 5
-7.999999999999996 1.633974596215565 5
-5.000000000000002 1.63397459621556 5
-7 1.633974596215562 5
6 1.633974596215561 5
6.960149743982874 1.619350207531509 5
2.0065562362291 1.643248478333516 5
-10.99999999999999 1.633974596215567 5
-6 1.633974596215561 5
-11.99999999999999 1.633974596215568 5
1.00126040556907 1.636404879856457 5
-8.999999999999996 1.633974596215567 5
-3.999999999999998 1.63397459621556 5
-2.99416092306951 1.624114970111724 5
-9.999999999999993 1.633974596215566 5
-12.99999999999999 1.633974596215561 5
-13.99999999999999 1.633974596215548 5
-14.99999999999996 1.633974596215538 5
-15.99999999999996 1.633974596215503 5
-16.99999999999994 1.633974596215474 5
-17.99999999999998 1.633974596215422 5
-19 1.633974596215365 5
-19.99999999999995 1.633974596215338 5
-21.96048593146169 1.626554218328318 5
-20.99999999999982 1.633974596215332 5
-1.490721424491753 0.8093159966983858 5
4.999999999999999 1.633803070850189 5
3.513637915842074 2.472258342975337 5
1.77635683940025e-15 1.634146121580933 5
-27.46889824834069 0.6579936071850027 5
-27.30144284148508 3.325961894323267 5
-23.99041704850968 3.482536201979812 5
-25.50000000000001 0.6525626353160052 5
-25.81887574313446 3.359821722723523 5
-22.88386001550808 1.630984836217601 5
-22.3881055545729 2.455726018719054 5
-29.2679491924311 4.267949192431094 5
-29.26794919243112 0.7320508075688774 5
9.267949192431123 4.267949192431123 5
9.267949192431123 0.7320508075688774 5
7.747265298682153 1.564533474117199 5
8.448751121073606 2.709383851890475 5
-9.5 9.133974596215563 0
-14.5 5.866025403784438 0
7.448430409697366 5.817749619601389 0
5.5 5.866025403784438 0
3.5 5.866025403784438 0
1.5 5.866025403784438 0
-0.5 5.866025403784438 0
-2.5 5.866025403784438 0
-4.5 5.866025403784438 0
-6.5 5.866025403784438 0
-11.49049543576743 5.824789489028994 0
-16.5 5.866025403784438 0
-18.5 5.866025403784438 0
-20.5 5.866025403784438 0
-22.50097278372829 5.813846916972676 0
-24.60819022292706 5.933626362393067 0
-26.50920199901658 5.888543020718065 0
-15.5 9.133974596215563 0
-8.5 5.866025403784438 0
6.500000000000001 9.133974596215563 0
4.5 9.133974596215561 0
2.5 9.133974596215557 0
0.5 9.133974596215552 0
-1.5 9.133974596215545 0
-3.500000000000004 9.133974596215529 0
-5.5 9.133974596215511 0
-7.5 9.133974596215538 0
-12.49999999999999 9.133974596215563 0
-17.5 9.133974596215557 0
-19.5 9.133974596215563 0
-21.5 9.133974596215566 0
-23.5 9.172271350764845 0
-25.46840290628343 9.152217186778424 0
-27.58672565470658 9.103703875044548 0
9.181466939758714 7.443325428706334 0
-29.13869329013438 7.508173017612753 0
-28.40817438094261 5.905697247440767 0
8.495762630719124 9.153227954944168 0
-29.15351456171763 8.496259048212588 0
-28.18588731763499 8.156626370703066 0
-28.2679491924312 6.999999999999911 0
-27.40192378864671 7.499999999999863 0
-27.42711486174423 6.495727767766181 0
-26.53272823870018 6.9741142740885 0
-26.53606421460173 7.96857591673923 0
-25.66987298107784 7.499999999999888 0
-25.60253435541637 6.490607162306841 0
-24.79521269077661 6.994796681325518 0
-23.83175398297278 6.695693008438507 0
-23.99857740763533 7.648525668630421 0
-23.0651493712659 7.321248997852249 0
-10.5 9.133974596215563 0
-10.00000000000001 8.267949192431123 0
-9.000000000000007 8.267949192431118 0
-11 8.267949192431129 0
-9.500000000000007 7.418298411433133 0
-8.500000000000004 7.411151652508025 0
-10.48669361007441 7.412335340249915 0
-11.48447587842013 7.427687530278253 0
-9.971169488494546 6.605746888162738 0
-14.5 9.133974596215566 0
-15 8.267949192431121 0
-16 8.267949192431123 0
-13.99999999999999 8.267949192431127 0
-15.50000000000001 7.401923788646684 0
-16.50000000000001 7.401923788646696 0
-14.50000000000002 7.401923788646645 0
-13.5 7.401923788646688 0
7.499293771786521 9.137183489336996 0
6.999882295297755 8.268484007951361 0
5.999980382549628 8.268038328351162 0
6.500000000000004 7.401923788646685 0
5.500000000000004 7.401923788646683 0
7.576006163109543 7.40715810578518 0
4.99999673042494 8.267964048417795 0
4.500000000000004 7.40192378864668 0
3.999999455070824 8.267951668428898 0
3.500000000000004 7.401923788646679 0
2.999999909178473 8.267949605097412 0
2.500000000000004 7.401923788646673 0
1.999999984863081 8.267949261208829 0
1.500000000000005 7.401923788646666 0
0.9999999974771825 8.267949203894059 0
0.5000000000000071 7.401923788646656 0
-4.204672165997181e-10 8.267949194341593 0
-0.4999999999999929 7.401923788646647 0
-1.000000000070074 8.267949192749507 0
-1.499999999999991 7.401923788646636 0
-2.000000000011676 8.267949192484153 0
-2.499999999999989 7.40192378864662 0
-3.000000000001942 8.267949192439914 0
-3.499999999999988 7.401923788646598 0
-4.000000000000323 8.267949192432519 0
-4.499999999999993 7.401923788646588 0
-5.00000000000005 8.267949192431278 0
-5.499999999999993 7.401923788646577 0
-6.000000000000007 8.267949192431086 0
-6.499999999999996 7.401923788646576 0
-6.999999999999996 8.267949192431036 0
-4.50000000000006 9.133974596215806 0
-7.5 7.410834150933486 0
5.499996185495762 9.133991928200015 0
3.499999894041549 9.133975077659571 0
1.499999997056712 9.133974609589 0
-0.5000000000817568 9.133974596587032 0
-2.500000000002268 9.133974596225857 0
-6.5 9.133974596215529 0
-7.999999999999986 8.26794919243112 0
-8.5 9.133974596215545 0
-16.5 9.133974596215561 0
-18.5 9.133974596215561 0
-19 8.267949192431118 0
-20 8.267949192431132 0
-19.50000000000001 7.401923788646688 0
-20.50000000000002 7.401923788646712 0
-18.50000000000001 7.401923788646672 0
-18 8.26794919243112 0
-22.5 9.144932189385141 0
-21.94848298889146 8.298378741735135 0
-24.49473381771389 9.177119774205504 0
-24.89103103445538 8.1886207088581 0
-26.52900757925391 8.989694801241965 0
6.5 5.866025403784438 0
4.5 5.866025403784438 0
2.5 5.866025403784439 0
0.5 5.866025403784439 0
-1.5 5.866025403784439 0
-3.5 5.866025403784439 0
-5.5 5.866025403784437 0
-7.5 5.866025403784439 0
-15.5 5.866025403784439 0
-17.5 5.866025403784439 0
-19.5 5.866025403784437 0
-21.50016213062138 5.840954366529369 0
-22.10900270304773 6.723543312223557 0
9.153089282616131 6.500567883023857 0
-17.50000000000001 7.401923788646692 0
-12.49919178875574 5.845839320666915 0
-13.49996493599697 5.856639622433606 0
8.030286079468482 8.354334355042617 0
-20.5 9.133974596215563 0
-13 8.26794919243112 0
-11.49999999999999 9.133974596215566 0
-17 8.267949192431121 0
-12.49867992163438 7.420794210784256 0
-11.99999999999999 8.267949192431145 0
-20.98883032732466 8.27445635536796 0
-13.49999999999999 9.133974596215563 0
-23.04042086295642 8.222233980518062 0
-29.17526836658187 6.531382443600762 0
8.421877839292035 5.945593255361569 0
9.060564242649551 8.418261087005558 0
-28.50909348486503 9.168336513064258 0
8.420090940801115 6.929069971354743 0
-23.49366115380927 5.811604176658308 0
-21.46950871536102 7.47201754480393 0
-9.495194914749092 5.812282680098978 0
-10.98880573545942 6.6120519185002 0
-16.00000000000001 6.633974596215566 0
-17 6.633974596215564 0
6.960676189444627 6.615935998561685 0
6 6.63397459621556 0
5.000000000000002 6.63397459621556 0
-20 6.633946008654672 0
-18 6.633974596215557 0
4 6.633974596215558 0
3.000000000000003 6.633974596215557 0
-19 6.633969831622077 0
2.000000000000005 6.633974596215555 0
-13.99999999999994 6.633974596215581 0
1.000000000000004 6.633974596215549 0
5.329070518200751e-15 6.633974596215547 0
-14.99999999999999 6.633974596215559 0
-0.9999999999999947 6.633974596215539 0
-11.99360812667286 6.6275228442457 0
-1.999999999999989 6.633974596215534 0
-12.99857412884332 6.631115730498791 0
-2.999999999999993 6.633974596215523 0
-3.999999999999996 6.633974596215514 0
-8.000000000000068 6.633974596215557 0
-5.999999999999996 6.633974596215507 0
-4.999999999999996 6.633974596215507 0
-7 6.633974596215509 0
-21.01311225817169 6.656401737440446 0
-10.49094426241174 5.809145162631818 0
-9.000000000000004 6.634146121580938 0
-27.46889824834069 5.657993607185003 0
-27.30144284148508 8.325961894323267 0
-23.98495262455221 8.481754296595387 0
-25.50000000000001 5.652562635316006 0
-25.81887574313446 8.35982172272352 0
-23.0001079989648 6.47318728242906 0
-22.28525539394617 7.527979101266812 0
-29.2679491924311 9.267949192431093 0
-29.26794919243112 5.732050807568878 0
9.267949192431123 5.732050807568878 0
9.267949192431123 9.267949192431123 0
7.765416308468938 6.543101390132913 0
8.453682873157481 7.710429789578886 0
9.186224219100396 7.54833952747429 5
-9.5 9.133974596215557 5
-15.5 5.866025403784438 5
6.5 5.866025403784438 5
4.5 5.86602540378444 5
2.5 5.866025403784444 5
0.5 5.86602540378445 5
-1.5 5.866025403784458 5
-3.5 5.866025403784463 5
-5.486693610074401 5.841996920753405 5
-7.5 5.866025403784438 5
-11.5 5.866025403784438 5
-13.5 5.866025403784438 5
-17.5 5.866025403784438 5
-19.5 5.866025403784438 5
-21.51315034062439 5.841895319434744 5
-23.5 5.826157315121818 5
-25.46840290628343 5.847782813221567 5
-27.58672565470658 5.896296124955437 5
-14.5 9.133974596215563 5
5.5 9.133974596215563 5
3.5 9.133974596215563 5
1.5 9.133974596215563 5
-0.5 9.133974596215563 5
-2.5 9.133974596215563 5
-4.513306389925607 9.158003079246603 5
-6.5 9.133974596215561 5
-12.5 9.133974596215563 5
-16.5 9.133974596215564 5
-18.5 9.133974596215563 5
-20.5 9.133974596215541 5
-22.50107052515479 9.184272676113009 5
-24.61273257761147 9.054770586990244 5
-26.51538502208385 9.093405915574666 5
-9.5 5.866025403784438 5
-29.13869329013438 7.49182698238722 5
7.456627524067207 9.177515997448982 5
8.495762630719124 5.846772045055832 5
-28.40817438094261 9.094302752559223 5
-29.15351456171766 6.503740951787393 5
-28.18588731763499 6.843373629296905 5
-28.26794919243117 8.000000000000028 5
-27.40192378864671 7.500000000000075 5
-27.43822179482777 8.502972614509396 5
-26.53852915876271 8.01606308834744 5
-26.53589838486224 7.000000000000119 5
-25.68459460979285 7.494390755592805 5
-25.60918149092404 8.497057456100906 5
-24.80384757729343 8.000000000000286 5
-23.8370608073562 8.296602385760838 5
-23.99907260786575 7.34120026609242 5
-23.06057839838566 7.691359591690414 5
-10.5 9.133974596215563 5
-10.00000000000001 8.267949192431123 5
-9.000000000000007 8.267949192431116 5
-11.00000000000001 8.267949192431129 5
-10.50000000000001 7.401923788646688 5
-11.50000000000002 7.401923788646698 5
-8.5 9.13397459621555 5
-8.000000000000007 8.267949192431109 5
-8.500000000000018 7.401923788646671 5
-7.500000000000018 7.401923788646658 5
-7.000000000000014 8.267949192431111 5
-6.500000000000014 7.40192378864667 5
-6.01330638992561 8.275631640236604 5
-5.501584094038773 7.461217063000514 5
-15.5 9.133974596215563 5
-15 8.267949192431125 5
-14 8.267949192431123 5
-14.5 7.401923788646685 5
-15.5 7.401923788646686 5
-13.5 7.401923788646685 5
7.499293771786521 5.862816510663004 5
6.999882295297754 6.731515992048638 5
5.999980382549627 6.731961671648838 5
6.500000000000002 7.598076211353316 5
5.500000000000002 7.598076211353317 5
7.57605989069233 7.592689566868478 5
4.999996730424939 6.732035951582207 5
4.500000000000003 7.598076211353321 5
3.999999455070824 6.732048331571104 5
3.500000000000004 7.598076211353325 5
2.999999909178472 6.73205039490259 5
2.500000000000004 7.59807621135333 5
1.999999984863081 6.732050738791174 5
1.500000000000005 7.598076211353339 5
0.9999999974771825 6.732050796105944 5
0.5000000000000053 7.598076211353352 5
-4.204689929565575e-10 6.732050805658411 5
-0.4999999999999964 7.59807621135336 5
-1.000000000070077 6.732050807250497 5
-1.499999999999995 7.598076211353371 5
-2.000000000011678 6.732050807515851 5
-2.499999999999995 7.59807621135339 5
-3.000000000001947 6.732050807560082 5
-3.499999999999998 7.598076211353393 5
-3.986693610074731 6.724368359761957 5
-4.498604488584949 7.545841660136723 5
5.499996185495761 5.866008071799987 5
-10.5 5.866025403784437 5
-14.5 5.866025403784439 5
8.424378470671686 9.046709927059712 5
6.5 9.133974596215563 5
4.499999999999999 9.133974596215563 5
2.499999999999999 9.133974596215563 5
0.5 9.133974596215563 5
-1.5 9.133974596215563 5
-3.500808211244264 9.147348072025679 5
-5.517741853234142 9.146942199160463 5
-13.5 9.133974596215563 5
-13 8.267949192431127 5
-17.5 9.133974596215564 5
-18 8.267949192431125 5
-18.99999999999999 8.267949192431111 5
-18.49999999999999 7.401923788646684 5
-17.49999999999999 7.401923788646691 5
-19.49999999999998 7.401923788646664 5
-19.99999999999999 8.267949192431093 5
-20.49999999999998 7.401923788646626 5
-20.99999999999999 8.267949192431088 5
-21.4798302490948 7.452216727283092 5
-22.12114025348378 8.238972263449899 5
-21.52036846310643 9.137528121368256 5
-19.5 9.133974596215552 5
-16 8.267949192431125 5
3.499999894041549 5.866024922340429 5
1.499999997056712 5.866025390411002 5
-0.5000000000817568 5.866025403412969 5
-2.50000000000227 5.866025403774142 5
-4.482258146765929 5.853057800839301 5
-6.499191788755731 5.852651927974328 5
-8.5 5.866025403784439 5
-12.5 5.866025403784437 5
-16.5 5.866025403784437 5
-18.5 5.866025403784439 5
-20.50079873303111 5.852645756854386 5
-22.51534206406178 5.842082979484675 5
-24.4947338177139 5.821964214924479 5
-24.89443842237856 6.807675381093974 5
-26.52898388929112 6.005816044006496 5
-9.500000000000011 7.401923788646687 5
8.030339411549644 6.645574728070356 5
-7.5 9.133974596215555 5
-16.49999999999999 7.401923788646672 5
-17 8.267949192431129 5
-11.5 9.133974596215566 5
-12 8.267949192431132 5
-12.50000000000001 7.401923788646693 5
-23.06485350926885 6.766871157142596 5
9.191911997574213 8.469610501199686 5
-28.50909348486505 5.83166348693574 5
9.06128951069627 6.580479036611268 5
-29.17526836658186 8.468617556399225 5
8.427848473919244 8.063181176531671 5
-23.49491512631562 9.183681990615137 5
-4.971931182691691 6.679375129818313 5
-5.028113717933072 8.322305518547502 5
-21.97887593564538 6.665532976785132 5
6 8.366025403784439 5
-15 6.633974596215563 5
-12.00000000000001 6.633974596215568 5
-13 6.633974596215563 5
-14 6.633974596215563 5
6.962075426527129 8.383233860691519 5
-10.00000000000001 6.633974596215564 5
-5.993233445926769 6.645189904401464 5
5.000000000000001 8.366025403784441 5
-17 6.633974596215566 5
-11.00000000000001 6.633974596215568 5
4.000000000000003 8.366025403784441 5
-17.99999999999999 6.633974596215564 5
3.000000000000002 8.366025403784445 5
-16 6.633974596215561 5
-6.998737539113755 6.633614901611521 5
2.000000000000002 8.36602540378445 5
-9.000000000000007 6.633974596215561 5
-18.99999999999998 6.633974596215567 5
1.000000000000005 8.366025403784452 5
-7.999789589852298 6.633914647114882 5
5.329070518200751e-15 8.366025403784457 5
-20.99833911919312 6.636667841351964 5
-0.9999999999999964 8.366025403784466 5
-19.99999999999991 6.633974596215566 5
-1.999999999999996 8.366025403784477 5
-4.006805467947979 8.356266657515729 5
-3.001268946532038 8.366627858708037 5
-25.50000000000001 9.323714390099997 5
-27.47235623957084 9.338136256528657 5
-27.30144284148503 6.674038105676697 5
-23.99061967144541 6.512773666875058 5
-23.00295302213921 8.518977781525859 5
-25.82246364252163 6.631132998782992 5
-22.30007945082249 7.456157081150162 5
-29.26794919243108 5.732050807568918 5
9.267949192431123 5.732050807568878 5
9.267949192431123 9.267949192431125 5
-29.26794919243112 9.267949192431121 5
7.739765144403236 8.431121388478337 5
8.448751121073604 7.290616148109527 5
-1.1936448773866 17.70314251052221 0
4.356136328273261 10.96741982730784 0
3.5 19.13397459621556 0
1.549512787523669 10.86520919473661 0
9.175497523288126 15.5 0
-3.146147509261368 15.81667672300549 0
-1.50277636774771 10.86437280061257 0
6.583381024963073 19.00495489975307 0
-5.157802744457149 13.58715707706791 0
1.423395962975128 19.11896044179387 0
9.03343343292328 13.40475435242112 0
6.500202185987996 10.8660851365426 0
-3.499183797746463 10.85049409752903 0
8.976132954857771 17.60821725086534 0
-5.491614974304641 10.86508633840679 0
8.461288562169427 10.84367534473224 0
-7.106843446253887 11.7028003498482 0
8.557646782190972 19.20707725799013 0
0.3197126643925934 19.05282466899501 0
0.9019687906657747 18.2690307246951 0
1.900294250653104 18.23632019577642 0
1.357212934582883 17.39452365961099 0
2.341070649981929 17.34073585965007 0
1.800548192356992 16.51462562625988 0
2.783412309121697 16.4577633885038 0
2.239855692741342 15.63246008403468 0
3.227366823992211 15.57563697739267 0
1.251808174656119 15.68274740769169 0
2.681940652320516 14.7487927300013 0
3.671562283673484 14.69165682019511 0
4.216137636241449 15.51950088521787 0
4.661903376912078 14.63372281347539 0
5.207056617941381 15.46361916782463 0
5.653838358102357 14.57561679603199 0
3.126759948257229 13.86473245377629 0
2.136842542358124 13.92212802039433 0
4.759960831389839 16.35058777559334 0
5.753006162685463 16.29533606298477 0
5.107413591649152 13.74486849099719 0
6.100999214410615 13.68617948709858 0
6.63035538819647 14.52441728038604 0
2.582202274920761 13.0376412740554 0
1.595863215916417 13.13688482877272 0
5.307106032264529 17.23278764615658 0
6.302390144940016 17.1854800210545 0
5.553529934594574 12.81544075901586 0
6.544076839175818 12.69734184397834 0
1.149592574299957 13.98600001768196 0
0.6101377232510536 13.20432637362965 0
0.1662335100204508 14.04399097632185 0
-0.3722867886166021 13.25228342262309 0
-0.8135737957203464 14.09777737073874 0
-1.349453965127616 13.31450873043754 0
0.053617314021567 12.35834701818617 0
-1.787581164853194 14.15439265871141 0
-2.321994846278992 13.36270330371533 0
-1.253819250658154 14.96032587683749 0
6.748463697795113 16.24850226971078 0
4.560937382065561 12.90972087785477 0
4.314593119230112 17.25881230859415 0
4.882516713676091 18.18032752511732 0
7.293554674773896 17.08259788741659 0
-2.723851898771834 14.18755320606557 0
-3.280277234335021 13.39028495461837 0
-2.718638450040348 12.54519031722526 0
-3.69840664368898 12.56632757676656 0
0.395404857942447 17.42363969095865 0
7.717056650010108 16.11505559902842 0
-3.57908054573085 14.26824740085241 0
2.076129305389273 12.28722210213432 0
3.032944627145176 12.16283754755991 0
4.997445326730228 11.89677071012291 0
6.845449112615689 17.96327282810951 0
7.857510880432287 17.79382460936192 0
2.899058849544328 18.20573150644169 0
2.416089280490836 11.41384703804035 0
3.303040542473972 11.28864420264307 0
0.7051707426320366 14.85667352147687 0
-4.497780891350482 10.84913621317519 0
-5.018275313622443 11.72901425013104 0
-6.007507022229412 11.70190016527064 0
-5.4828625585988 12.56399440367433 0
-6.517660907131322 10.85410297679921 0
-2.222176345554784 15.01548877817937 0
-1.692881364459101 15.80303175460081 0
-0.7254291997621856 15.76525559590911 0
-1.164929581914951 16.62604084329441 0
-0.2052681502116975 16.57282311074138 0
-2.499885915365851 10.84400638374666 0
-2.101836621486159 11.69845468363159 0
-1.009966960930791 11.72627107998335 0
-0.5052377716046301 10.83028408311965 0
0.5058289023984948 10.82413328754145 0
0.9039243363802338 11.66734383181584 0
-7.537520688576844 10.74847607300944 0
2.465406229651098 19.12193163549637 0
1.692217028792351 14.80459594063952 0
-0.2779217169507042 14.90694642591438 0
7.493618094595331 10.86228938971916 0
7.994748065297733 11.72628484639867 0
9.079162822759603 11.62852487558168 0
8.492172723077257 12.51423542093391 0
7.007790112477187 11.74570632517468 0
6.017254326836188 11.81464992017519 0
5.478506361304612 10.92415426569142 0
9.157903643435571 16.51964090531624 0
9.124138223512276 14.48412572540352 0
8.202535031330601 14.03009124384232 0
8.209716515550003 15.13983968918361 0
7.654784988366904 19.17313266186751 0
5.892818650073152 18.17880423791105 0
4.470971448410407 19.12392089047341 0
0.8089322835184518 16.55100245157747 0
6.198216862885628 15.40951613882488 0
7.218375000586345 13.60912547235818 0
3.770579614951206 16.40708166509671 0
-0.5119122882332476 18.37003775229314 0
7.173154931281124 15.32288849618896 0
4.116080146726178 13.80647114175931 0
0.2595486889803382 15.72257475221848 0
-2.347362092585421 16.44006184074175 0
3.571999566341577 12.97848095426079 0
3.88003342862231 18.2107059467882 0
3.331457995241932 17.3134717791791 0
3.982604645056274 12.04983713727274 0
7.513581755344141 12.59023111462615 0
8.25320759306269 16.85322270866475 0
-4.16900045692562 13.48338480691639 0
-4.022310227527965 11.68270653004414 0
5.479724742514611 19.11227359501284 0
9.191293082596966 18.54227739436112 0
-3.816831247573996 15.14601719299463 0
-6.41516792067873 12.5326371248528 0
-3.090043609309294 11.69786326482387 0
-1.861665250470384 17.20404267561392 0
-8.51420317649162 10.64552024432887 0
7.486827373388909 14.52527243639182 0
-1.734640844455964 12.53481891754086 0
-4.453785832447936 14.41413441297189 0
-4.59144299080349 12.60209744076673 0
-0.8825462490218801 12.6372458337542 0
9.326801130299236 12.50346316683212 0
-0.4113012430178529 17.387739227395 0
-0.01036683594702481 11.48127586012929 0
-5.944499978080268 13.20342438778567 0
8.066287221150903 13.23138175390477 0
-2.983273430977972 15.00187297101578 0
1.087449188285831 12.47670249670977 0
8.51708675486651 16 0
9.26794919243112 19.26794919243112 0
9.267949192431123 10.73205080756888 0
2.546686261570001 10.60878504483535 0
8.377272605443219 18.40798373462199 0
-2.410964391693041 15.69320571430366 0
1.680948562072359 11.60916947463358 0
3.484686751994857 10.54283675466849 0
0.2138883344859348 18.1236216125827 0
-7.983141041140392 11.31325849337543 0
7.418793678134178 18.45323074351747 0
-1.193644877386598 17.70314251052221 5
4.356136328273271 10.96741982730785 5
3.5 19.13397459621556 5
1.549512787523671 10.86520919473661 5
9.175497523288124 15.5 5
-3.146147509261361 15.81667672300549 5
-1.50277636774771 10.86437280061257 5
6.583381024963064 19.00495489975308 5
-5.157802744457145 13.58715707706793 5
1.423395962975128 19.11896044179387 5
9.033433432923282 13.40475435242112 5
6.500202185987996 10.8660851365426 5
-3.499183797746465 10.85049409752903 5
8.976132954857766 17.60821725086535 5
-5.491614974304634 10.86508633840679 5
8.461288562169427 10.84367534473224 5
-7.106843446253887 11.7028003498482 5
8.557646782190972 19.20707725799014 5
0.3197126643925952 19.05282466899501 5
0.9019687906657765 18.2690307246951 5
1.900294250653106 18.23632019577642 5
1.357212934582883 17.39452365961099 5
2.341070649981929 17.34073585965007 5
1.800548192356997 16.51462562625988 5
2.783412309121701 16.4577633885038 5
2.23985569274135 15.63246008403468 5
3.227366823992217 15.57563697739267 5
1.251808174656126 15.6827474076917 5
2.681940652320526 14.74879273000131 5
3.671562283673494 14.69165682019512 5
4.216137636241455 15.51950088521788 5
4.66190337691209 14.6337228134754 5
5.207056617941388 15.46361916782465 5
5.65383835810237 14.57561679603201 5
3.126759948257241 13.8647324537763 5
2.136842542358138 13.92212802039433 5
4.759960831389836 16.35058777559335 5
5.753006162685461 16.2953360629848 5
5.10741359164917 13.74486849099721 5
6.100999214410635 13.68617948709861 5
6.630355388196483 14.52441728038606 5
2.582202274920776 13.0376412740554 5
1.595863215916433 13.13688482877272 5
5.307106032264516 17.2327876461566 5
6.302390144940004 17.18548002105454 5
5.553529934594593 12.81544075901588 5
6.544076839175831 12.69734184397835 5
1.14959257429997 13.98600001768197 5
0.6101377232510696 13.20432637362965 5
0.166233510020465 14.04399097632186 5
-0.3722867886165862 13.2522834226231 5
-0.8135737957203322 14.09777737073875 5
-1.349453965127601 13.31450873043755 5
0.05361731402157588 12.35834701818617 5
-1.787581164853181 14.15439265871142 5
-2.321994846278983 13.36270330371535 5
-1.253819250658136 14.9603258768375 5
6.748463697795112 16.24850226971082 5
4.560937382065582 12.90972087785478 5
4.314593119230103 17.25881230859416 5
4.882516713676078 18.18032752511734 5
7.293554674773883 17.08259788741663 5
-2.723851898771816 14.18755320606559 5
-3.280277234335014 13.3902849546184 5
-2.718638450040348 12.54519031722527 5
-3.69840664368898 12.5663275767666 5
0.3954048579424487 17.42363969095866 5
7.717056650010102 16.11505559902845 5
-3.579080545730836 14.26824740085243 5
2.076129305389285 12.28722210213432 5
3.032944627145191 12.16283754755991 5
4.99744532673024 11.89677071012291 5
6.84544911261567 17.96327282810955 5
7.857510880432274 17.79382460936195 5
2.899058849544327 18.20573150644169 5
2.416089280490848 11.41384703804035 5
3.303040542473982 11.28864420264307 5
0.705170742632049 14.85667352147688 5
-4.49778089135048 10.8491362131752 5
-5.018275313622439 11.72901425013105 5
-6.007507022229408 11.70190016527065 5
-5.48286255859878 12.56399440367433 5
-6.517660907131319 10.85410297679921 5
-2.222176345554768 15.01548877817939 5
-1.692881364459081 15.80303175460081 5
-0.7254291997621678 15.76525559590912 5
-1.164929581914929 16.62604084329443 5
-0.205268150211678 16.57282311074139 5
-2.499885915365853 10.84400638374666 5
-2.101836621486159 11.69845468363159 5
-1.00996696093079 11.72627107998335 5
-0.5052377716046301 10.83028408311965 5
0.5058289023984948 10.82413328754145 5
0.9039243363802356 11.66734383181584 5
-7.537520688576851 10.74847607300944 5
2.465406229651097 19.12193163549638 5
1.692217028792362 14.80459594063953 5
-0.2779217169506918 14.90694642591439 5
7.493618094595331 10.86228938971916 5
7.994748065297735 11.72628484639867 5
9.079162822759603 11.62852487558168 5
8.49217272307726 12.51423542093391 5
7.00779011247719 11.74570632517468 5
6.017254326836195 11.81464992017519 5
5.478506361304618 10.92415426569142 5
9.157903643435565 16.51964090531626 5
9.124138223512276 14.48412572540352 5
8.202535031330607 14.03009124384233 5
8.209716515550003 15.13983968918362 5
7.654784988366901 19.17313266186752 5
5.892818650073137 18.17880423791107 5
4.470971448410404 19.12392089047341 5
0.8089322835184589 16.55100245157747 5
6.198216862885634 15.4095161388249 5
7.218375000586354 13.60912547235819 5
3.770579614951206 16.40708166509672 5
7.173154931281127 15.32288849618898 5
4.116080146726195 13.80647114175931 5
0.2595486889803489 15.72257475221849 5
-2.347362092585414 16.44006184074174 5
3.571999566341595 12.9784809542608 5
3.880033428622299 18.21070594678821 5
3.331457995241927 17.31347177917911 5
-0.5119122882332459 18.37003775229314 5
3.982604645056291 12.04983713727275 5
7.51358175534415 12.59023111462615 5
8.253207593062683 16.85322270866477 5
-4.169000456925614 13.48338480691642 5
-4.022310227527971 11.68270653004416 5
5.479724742514605 19.11227359501285 5
9.191293082596966 18.54227739436112 5
-3.816831247573987 15.14601719299464 5
-6.41516792067873 12.5326371248528 5
-3.090043609309294 11.69786326482389 5
-1.861665250470381 17.20404267561392 5
-8.514203176491637 10.64552024432888 5
7.486827373388914 14.52527243639184 5
-1.73464084445596 12.53481891754087 5
-4.453785832447929 14.4141344129719 5
-4.591442990803488 12.60209744076675 5
-0.882546249021873 12.63724583375421 5
9.326801130299236 12.50346316683212 5
-0.4113012430178511 17.38773922739501 5
-0.01036683594702481 11.48127586012929 5
-5.944499978080263 13.20342438778568 5
8.066287221150908 13.23138175390477 5
-2.983273430977956 15.00187297101578 5
1.08744918828584 12.47670249670977 5
8.517086754866501 16 5
9.26794919243112 19.26794919243112 5
9.267949192431123 10.73205080756888 5
2.546686261570002 10.60878504483535 5
8.377272605443222 18.40798373462199 5
-2.410964391693032 15.69320571430363 5
1.680948562072365 11.60916947463358 5
3.48468675199486 10.54283675466849 5
0.2138883344859455 18.12362161258269 5
-7.983141041140399 11.31325849337543 5
7.418793678134164 18.45323074351749 5
-6.056639426520057 17.74236219662945 0
-6.958455618077007 14.21664134244909 0
-9.631780877191463 11.58153941570042 0
-8.236885145832254 12.9085752495104 0
-3.636012678295328 17.63391549555422 0
-5.611715009172306 15.68792938384006 0
-10.06043305551568 13.63543396584627 0
-7.422649730810374 16.42264973081037 0
-11.42948522472356 12.41476881253562 0
-8.768829168601592 15.12651293278473 0
-4.466018626308001 19.08309641960144 0
-11.5 10.86602540378444 0
-2.308246587807824 19.06739110722604 0
-5.201520743227078 18.29414907317378 0
-5.137190784874976 17.3450278120227 0
-5.872385622610741 16.79825317604396 0
-12.9246193322168 11.06367663884136 0
-4.935599135707392 16.39226596765923 0
-6.494574224743165 16.01184453630328 0
-10.47332407632393 10.94616834221817 0
-10.5445261494405 11.87198540174014 0
-9.848702918293625 12.62056782308415 0
-6.412457657634594 15.06422601255319 0
-7.35599166251734 15.07397485064267 0
-7.812668948117242 14.32349488354845 0
-3.517234068560313 19.14385309565743 0
-8.927963542203745 12.29001092130068 0
-10.75598306414371 13.08931639747704 0
-9.183745645238456 13.29604970617577 0
-9.266792421488841 14.25400111645699 0
-8.011529694898872 15.722696209033 0
-2.918269823872235 18.27232909936926 0
-4.271690981871663 18.23209324105531 0
-12.09595541180312 11.61853305056052 0
-6.752152611891834 17.05140716218673 0
-4.251395739760071 16.93369882676689 0
-7.577964728409725 13.52861937953871 0
-13.58492386644336 10.61273532776827 0
-1.461649317561566 19.41347822144521 0
-8.459778658431855 13.72300480172431 0
-11.30362817430222 11.63696150763555 0
-8.058769143822563 14.97973638010185 0
-7.15114425337806 15.74333099400704 0
-8.526766631708362 14.43572695756578 0
-4.466238506349395 17.56431701869854 0
-3.600708844679039 18.444899848147 0
-12.2436285174123 10.69592553577492 0
-6.255445028757656 15.02975007701452 5
-8.755983064143706 15.08931639747704 5
-9.962770316755115 13.57748988415425 5
-5.368219122808537 18.41846058429958 5
-11.4295455407808 12.41490753065479 5
-6.768935690641896 17.06331993246533 5
-4.938501634515294 16.36666354139756 5
-3.570514775276447 17.58523118746438 5
-8.472405286367547 12.80793268100588 5
-9.630331797438902 11.58242246234308 5
-3.5 19.13397459621556 5
-11.5 10.86602540378444 5
-2.075380667783204 18.93632336115864 5
-12.9246193322168 11.06367663884135 5
-4.526675923676068 19.05383165778182 5
-4.455473850559496 18.12801459825985 5
-5.15111953004487 17.37978176145648 5
-10.47331567364402 10.94675126276137 5
-10.54576322931323 11.87502961777938 5.000000000000001
-9.839094031873994 12.53455067044691 5
-6.078499099878755 17.72767573313743 5
-9.401558717356721 14.3929008674788 5
-8.49425106169409 14.22666939068588 5
-7.802906863312884 14.76977423525944 5
-7.548819389535996 13.80875835473753 5
-2.904044588196875 18.38146694943948 5
-4.24401693585629 16.91068360252296 5
-5.85938037082418 16.72936842486942 5
-6.557581973260667 16.10090753820655 5
-5.637531753836978 15.71991559598839 5
-8.067725272773544 15.71969299636109 5
-8.95712789492806 13.57165652975829 5
-10.75598306414371 13.08931639747704 5
-8.972921660569529 12.18287797870011 5
-12.09598591139994 11.61857475045189 5
-7.063599524913837 15.34187182782586 5
-7.409640410264991 16.37096538247647 5
-6.867697396108223 14.34904060973261 5
-13.58492386644336 10.61273532776827 4.999999999999999
-1.415076133556642 19.38726467223173 5
-3.696371825697781 18.36303849236445 5
-11.30378135542268 11.63711468875601 5
-8.167348082644097 13.46478841188017 5
-2.756371482587703 19.30407446422508 5
-12.24363162961605 10.69592979086588 4.999999999999999
-9.24086383809885 12.93490154881309 5
0 3 0 198
915
916
917
918
919
920
921
922
923
924
925
926
927
928
929
930
931
932
933
934
935
936
937
938
939
940
941
942
943
944
945
946
947
948
949
950
951
952
953
954
955
956
957
958
959
960
961
962
963
964
965
966
967
968
969
970
971
972
973
974
975
976
977
978
979
980
981
982
983
984
985
986
987
988
989
990
991
992
993
994
995
996
997
998
999
1000
1001
1002
1003
1004
1005
1006
1007
1008
1009
1010
1011
1012
1013
1014
1015
1016
1017
1018
1019
1020
1021
1022
1023
1024
1025
1026
1027
1028
1029
1030
1031
1032
1033
1034
1035
1036
1037
1038
1039
1040
1041
1042
1043
1044
1045
1046
1047
1048
1049
1050
1051
1052
1053
1054
1055
1056
1057
1058
1059
1060
1061
1062
1063
1064
1065
1066
1067
1068
1069
1070
1071
1072
1073
1074
1075
1076
1077
1078
1079
1080
1081
1082
1083
1084
1085
1086
1087
1088
1089
1090
1091
1092
1093
1094
1095
1096
1097
1098
1099
1100
1101
1102
1103
1104
1105
1106
1107
1108
1109
1110
1111
1112
7.5 0 0.8660254037844386
5.5 0 4.133974596215562
3.500000000000001 0 4.133974596215561
1.500000000000002 0 4.133974596215562
-0.5 0 0.8660254037844368
-2.5 0 0.8660254037844393
-4.5 0 0.8660254037844469
-6.499999999999996 0 0.8660254037844531
-8.5 0 0.8660254037844409
-10.5 0 0.8660254037844386
-12.5 0 0.8660254037844386
-14.49999999999999 0 0.866025403784457
-16.5 0 0.866025403784437
-18.5 0 0.8660254037844404
-20.5 0 0.8660254037844385
-22.50107052515478 0 0.8157273238869834
-24.61273257761146 0 0.9452294130097735
-26.51538502208385 0 0.9065940844253471
4.509504564232569 0 0.8247894890289943
2.5 0 0.8660254037844386
-1.5 0 4.133974596215562
-3.5 0 4.133974596215562
-5.5 0 4.133974596215562
-7.5 0 4.133974596215562
-9.5 0 4.133974596215562
-11.5 0 4.133974596215562
-13.5 0 4.133974596215562
-15.5 0 4.133974596215562
-17.5 0 4.133974596215562
-19.5 0 4.133974596215562
-21.51315034062438 0 4.158104680565245
-23.5 0 4.173842684878179
-25.46840290628343 0 4.152217186778424
-27.58672565470657 0 4.103703875044562
7.44166199553184 0 4.167656058799239
9.133974596215561 0 2.5
-29.13869329013438 0 2.508173017612779
-28.40817438094261 0 0.9056972474407777
-29.15351456171766 0 3.496259048212607
-28.18588731763497 0 3.156626370703096
-28.26794919243117 0 1.999999999999972
-27.40192378864671 0 2.499999999999928
-27.43822179482777 0 1.497027385490608
-26.53852915876271 0 1.98393691165258
-26.53589838486224 0 2.99999999999989
-25.68459460979286 0 2.505609244407241
-25.60918149092405 0 1.502942543899121
-24.80384757729343 0 1.99999999999974
-23.83706080735619 0 1.703397614239178
-23.99907260786573 0 2.65879973390759
-23.06057839838564 0 2.308640408309595
6.490276999255308 0 4.139588173312841
5.998379499875885 0 3.268884788614003
4.999729916645982 0 3.268105125128269
5.51299129267924 0 2.409788157932173
6.58183247427826 0 2.468570699567298
4.515426591479801 0 2.427288988674826
6.092315283521195 0 1.64616066446269
4.002526084687632 0 3.272202714552003
3.501526588109478 0 2.421122015250054
3.000675445466186 0 3.271857817218497
2.500095534567875 0 2.411436286655212
2.000128496672344 0 3.270186046230441
1.486730948614442 0 2.461612294605613
3.500808211244266 0 0.8458393206669149
-1.5 0 0.8660254037844375
-1.999999999999995 0 1.732050807568875
-2.999999999999995 0 1.732050807568883
-2.499999999999988 0 2.598076211353318
-1.499999999999986 0 2.598076211353305
-3.499999999999988 0 2.598076211353329
-3.999999999999993 0 1.732050807568891
-4.499999999999988 0 2.598076211353344
-4.999999999999995 0 1.732050807568898
-5.499999999999989 0 2.598076211353352
-5.999999999999995 0 1.732050807568904
-6.499999999999993 0 2.598076211353356
-6.999999999999993 0 1.732050807568905
-7.499999999999989 0 2.598076211353364
-7.999999999999989 0 1.732050807568898
-8.499999999999993 0 2.598076211353344
-8.999999999999989 0 1.732050807568888
-9.5 0 2.598076211353314
-3.5 0 0.8660254037844433
-5.5 0 0.8660254037844501
-7.499999999999993 0 0.8660254037844495
-9.499999999999996 0 0.8660254037844406
-11.5 0 0.8660254037844387
-12 0 1.732050807568877
-13 0 1.732050807568878
-12.5 0 2.598076211353315
-13.5 0 2.598076211353315
-11.5 0 2.598076211353315
-15.5 0 0.8660254037844558
-16.00000000000001 0 1.7320508075689
-17.00000000000001 0 1.73205080756887
-16.50000000000004 0 2.598076211353312
-17.50000000000003 0 2.598076211353293
-15.50000000000004 0 2.598076211353365
-15 0 1.732050807568939
-14.50000000000003 0 2.598076211353411
-19.5 0 0.8660254037844398
-20 0 1.732050807568889
-21 0 1.732050807568878
-20.50000000000001 0 2.598076211353316
-19.50000000000001 0 2.598076211353332
-21.4798302490948 0 2.547783272716876
-19.00000000000001 0 1.732050807568891
-21.50017842085913 0 0.857642390468196
9.153227954944168 0 1.504237369280876
8.239530339953774 0 1.929801726450512
8.38961405060464 0 3.005635715099877
9.171274949640843 0 3.494546910481252
1.486693610074404 0 0.8419969207534006
-13.5 0 0.8660254037844459
-14 0 1.732050807568908
4.500376000222269 0 4.1347095053519
-2.500000000000002 0 4.133974596215561
-4.500000000000002 0 4.133974596215561
-6.5 0 4.133974596215561
-8.5 0 4.133974596215561
-10.5 0 4.133974596215564
-12.5 0 4.133974596215561
-14.5 0 4.133974596215564
-16.5 0 4.133974596215561
-18.5 0 4.133974596215562
-20.50079873303112 0 4.147354243145609
-22.51534206406178 0 4.157917020515319
-24.4947338177139 0 4.178035785075516
-24.89443842237856 0 3.192324618906027
-26.52898388929111 0 3.994183955993498
-22.12116574217793 0 1.759830163219199
-11 0 1.732050807568877
-10.5 0 2.598076211353315
-9.999999999999996 0 1.732050807568879
0.5 0 4.133974596215563
-0.5 0 4.15034921900201
-0.009504564232564405 0 3.31115488672845
7 0 3.267949192431124
0.4844758784201399 0 0.8543382088071136
-0.02920013344783179 0 1.698420598463695
2.500034878789156 0 4.134241215965436
0.9962258135090387 0 3.301845657560167
-17.5 0 0.8660254037844382
-1.018173078833563 0 1.718763324912525
-18.50000000000005 0 2.598076211353403
-18.00000000000001 0 1.73205080756886
-23.06485350926884 0 3.233128842857401
8.526784581221511 0 0.8386858845141174
7.23120622742547 0 1.783778987572441
8.431857507263418 0 4.08488944984404
-28.50909348486505 0 4.16833651306426
-29.17526836658186 0 1.531382443600774
-23.4949151263156 0 0.8163180093848699
0.9881167172768599 0 1.665085690701793
-0.5295821180288698 0 2.537802277955015
5.021706288652135 0 1.618296593896665
6.579838339553572 0 0.819930716951531
-21.97887593564538 0 3.334467023214852
-10 0 3.366025403784437
-13 0 3.366025403784437
2 0 1.633974596215561
-11 0 3.366025403784437
-12 0 3.366025403784437
3.000405055653604 0 1.635395369797956
4.00822954989531 0 1.628788629552569
-20.99833911919313 0 3.363332158647999
-1.999999999999995 0 3.366053991345334
-17.00000000000001 0 3.366025403784445
-20.00000000000001 0 3.366025403784429
-9 0 3.366025403784447
-2.999999999999995 0 3.366030168377927
-5.999999999999993 0 3.366025403784457
-3.999999999999995 0 3.366026197883364
-7.999999999999989 0 3.366025403784455
-4.999999999999995 0 3.366025536134273
-6.999999999999993 0 3.366025403784459
-18.00000000000003 0 3.366025403784448
-13.99999999999998 0 3.366025403784458
-16 0 3.366025403784481
-14.99999999999999 0 3.366025403784507
-19.00000000000004 0 3.366025403784447
-1.001695764015922 0 3.361868420529305
0.4837977772818469 0 2.495986901002455
5.533894079326579 0 0.8181962440566466
-25.5 0 0.6762856099000429
-27.47235623957084 0 0.6618637434713466
-27.30144284148496 0 3.325961894323308
-23.99061967144541 0 3.487226333124943
-23.00295811987803 0 1.480782703807965
-25.82246364252165 0 3.368867001217016
-22.3000794508225 0 2.543842918849839
-29.26794919243108 0 4.267949192431082
9.267949192431123 0 4.267949192431122
9.267949192431121 0 0.7320508075688774
-29.26794919243112 0 0.7320508075688774
7.523532195188307 0 2.649577020923579
7.714192052745752 0 3.440011852681194
2 1 0 0
2 2 0 0
2 3 0 0
2 4 0 0
2 5 0 0
2 6 0 637
17
18
23
25
313
314
315
316
317
318
319
320
321
322
323
324
379
380
381
382
397
398
399
400
401
402
403
404
405
406
407
408
409
410
429
430
431
432
433
434
435
436
437
438
439
440
441
442
443
444
445
446
447
448
467
468
1113
1114
1115
1116
1117
1118
1119
1120
1121
1122
1123
1124
1125
1126
1127
1128
1129
1130
1131
1132
1133
1134
1135
1136
1137
1138
1139
1140
1141
1142
1143
1144
1145
1146
1147
1148
1149
1150
1151
1152
1153
1154
1155
1156
1157
1158
1159
1160
1161
1162
1163
1164
1165
1166
1167
1168
1169
1170
1171
1172
1173
1174
1175
1176
1177
1178
1179
1180
1181
1182
1183
1184
1185
1186
1187
1188
1189
1190
1191
1192
1193
1194
1195
1196
1197
1198
1199
1200
1201
1202
1203
1204
1205
1206
1207
1208
1209
1210
1211
1212
1213
1214
1215
1216
1217
1218
1219
1220
1221
1222
1223
1224
1225
1226
1227
1228
1229
1230
1231
1232
1233
1234
1235
1236
1237
1238
1239
1240
1241
1242
1243
1244
1245
1246
1247
1248
1249
1250
1251
1252
1253
1254
1255
1256
1257
1258
1259
1260
1261
1262
1263
1264
1265
1266
1267
1268
1269
1270
1271
1272
1273
1274
1275
1276
1277
1278
1279
1280
1281
1282
1283
1284
1285
1286
1287
1288
1289
1290
1291
1292
1293
1294
1295
1296
1297
1298
1299
1300
1301
1302
1303
1304
1305
1306
1307
1308
1309
1310
1311
1758
1759
1760
1761
1762
1763
1764
1765
1766
1767
1768
1769
1770
1771
1772
1773
1774
1775
1776
1777
1778
1779
1780
1781
1782
1783
1784
1785
1786
1787
1788
1789
1790
1791
1792
1793
1794
1795
1796
1797
1798
1799
1800
1801
1802
1803
1804
1805
1806
1807
1808
1809
1810
1811
1812
1813
1814
1815
1816
1817
1818
1819
1820
1821
1822
1823
1824
1825
1826
1827
1828
1829
1830
1831
1832
1833
1834
1835
1836
1837
1838
1839
1840
1841
1842
1843
1844
1845
1846
1847
1848
1849
1850
1851
1852
1853
1854
1855
1856
1857
1858
1859
1860
1861
1862
1863
1864
1865
1866
1867
1868
1869
1870
1871
1872
1873
1874
1875
1876
1877
1878
1879
1880
1881
1882
1883
1884
1885
1886
1887
1888
1889
1890
1891
1892
1893
1894
1895
1896
1897
1898
1899
1900
1901
1902
1903
1904
1905
1906
1907
1908
1909
1910
1911
1912
1913
1914
1915
1916
1917
1918
1919
1920
1921
1922
1923
1924
1925
1926
1927
1928
1929
1930
1931
1932
1933
1934
1935
1936
1937
1938
1939
1940
1941
1942
1943
1944
1945
1946
1947
1948
1949
1950
1951
1952
1953
1954
1955
1956
1957
1958
1959
2378
2379
2380
2381
2382
2383
2384
2385
2386
2387
2388
2389
2390
2391
2392
2393
2394
2395
2396
2397
2398
2399
2400
2401
2402
2403
2404
2405
2406
2407
2408
2409
2410
2411
2412
2413
2414
2415
2416
2417
2418
2419
2420
2421
2422
2423
2424
2425
2426
2427
2428
2429
2430
2431
2432
2433
2434
2435
2436
2437
2438
2439
2440
2441
2442
2502
2503
2504
2505
2506
2507
2508
2509
2510
2511
2512
2513
2514
2515
2516
2517
2518
2519
2520
2521
2522
2523
2524
2525
2526
2527
2528
2529
2530
2531
2532
2533
2534
2535
2536
2537
2538
2539
2540
2541
2542
2543
2544
2545
2546
2547
2548
2549
2550
2551
2552
2553
2554
2555
2556
2557
2558
2559
2560
2561
2562
2563
2564
2565
2566
2567
2568
2569
2570
2571
2572
2573
2574
2575
2576
2577
2578
2579
2580
2581
2582
2583
2642
2643
2644
2645
2646
2647
2648
2649
2650
2651
2652
2653
2654
2655
2656
2657
2658
2659
2660
2661
2662
2663
2664
2665
2666
2667
2668
2669
2670
2671
2672
2673
2674
-10 10 2.5
-15 10 2.5
0 20 2.5
-5 20 2.5
-10 10 3.333333333333333
-10 10 4.166666666666667
-10 10 1.666666666666667
-10 10 0.8333333333333333
-14 10 2.5
-13 10 2.5
-12 10 2.5
-11 10 2.5
-15 10 0.8333333333333334
-15 10 1.666666666666667
-15 10 4.166666666666666
-15 10 3.333333333333333
0 20 3.333333333333333
0 20 4.166666666666667
0 20 1.666666666666667
0 20 0.8333333333333333
-9.333333333333332 10.66666666666667 2.5
-8.666666666666668 11.33333333333333 2.5
-8 12 2.5
-7.333333333333332 12.66666666666667 2.5
-6.666666666666668 13.33333333333333 2.5
-6 14 2.5
-5.333333333333334 14.66666666666667 2.5
-4.666666666666668 15.33333333333333 2.5
-4 16 2.5
-3.333333333333334 16.66666666666666 2.5
-2.666666666666668 17.33333333333333 2.5
-2 18 2.5
-1.333333333333334 18.66666666666666 2.5
-0.6666666666666679 19.33333333333333 2.5
-5 20 0.8333333333333334
-5 20 1.666666666666667
-4 20 2.5
-3 20 2.5
-2 20 2.5
-1 20 2.5
-14.33333333333333 10.66666666666667 2.5
-13.66666666666667 11.33333333333333 2.5
-13 12 2.5
-12.33333333333333 12.66666666666667 2.5
-11.66666666666667 13.33333333333333 2.5
-11 14 2.5
-10.33333333333334 14.66666666666667 2.5
-9.666666666666668 15.33333333333333 2.5
-9 16 2.5
-8.333333333333336 16.66666666666666 2.5
-7.666666666666668 17.33333333333333 2.5
-7 18 2.5
-6.333333333333336 18.66666666666666 2.5
-5.666666666666668 19.33333333333333 2.5
-5 20 4.166666666666666
-5.000000000000002 20 3.333333333333333
-29.13869329013438 5 2.508173017612779
7.448430409697364 5 0.8177496196013887
5.490495435767433 5 0.8247894890289948
3.500000000000001 5 4.133974596215561
1.5 5 4.133974596215557
-0.4904954357674303 5 0.8247894890289915
-2.513306389925596 5 0.8419969207533999
-4.5 5 0.866025403784439
-6.5 5 0.8660254037844386
-8.5 5 0.8660254037844398
-10.5 5 0.8660254037844386
-12.5 5 0.8660254037844386
-14.49999999999999 5 0.866025403784457
-16.5 5 0.866025403784437
-18.5 5 0.8660254037844404
-20.5 5 0.8660254037844385
-22.50107052515478 5 0.8157273238869834
-24.61273257761146 5 0.9452294130097735
-26.51538502208385 5 0.9065940844253471
2.473387220148811 5 0.8006412628822265
6.5 5 4.133974596215562
-1.5 5 4.133974596215559
-3.486693610074399 5 4.158003079246596
-5.5 5 4.133974596215562
-7.5 5 4.133974596215562
-9.5 5 4.133974596215562
-11.5 5 4.133974596215562
-13.5 5 4.133974596215562
-15.5 5 4.133974596215562
-17.5 5 4.133974596215562
-19.5 5 4.133974596215562
-21.51315034062438 5 4.158104680565245
-23.5 5 4.173842684878179
-25.46840290628343 5 4.152217186778424
9.181466939758714 5 2.443325428706333
-27.58672565470657 5 4.103703875044562
8.495762630719124 5 4.153227954944168
-28.40817438094261 5 0.9056972474407777
-29.15351456171766 5 3.496259048212607
-28.18588731763497 5 3.156626370703096
-28.26794919243117 5 1.999999999999972
-27.40192378864671 5 2.499999999999928
-27.43822179482777 5 1.497027385490608
-26.53852915876271 5 1.98393691165258
-26.53589838486224 5 2.99999999999989
-25.68459460979286 5 2.505609244407241
-25.60918149092405 5 1.502942543899121
-24.80384757729343 5 1.99999999999974
-23.83706080735619 5 1.703397614239178
-23.99907260786573 5 2.65879973390759
-23.06057839838564 5 2.308640408309595
7.499293771786521 5 4.137183489336996
6.999882295297755 5 3.268484007951362
5.999980382549627 5 3.268038328351162
6.500000000000002 5 2.401923788646685
5.486690340499345 5 2.425967127664395
4.997778453841496 5 3.271971271587415
4.48410507579788 5 2.414283806147835
7.576006163109542 5 2.407158105785179
3.996980588273232 5 3.270679541874028
3.496847610678521 5 2.420813472590474
3.970212667894877 5 1.606490809338613
2.99897136649196 5 3.271552531328904
2.485996772936153 5 2.429729696378876
1.997494689904686 5 3.273184066869449
1.483942187214545 5 2.415113033480583
0.9969061461865394 5 3.271019878976487
0.5101144454924462 5 2.412316225015372
-1.77635683940025e-15 5 3.267949192431111
-0.485007869158995 5 2.427684344405827
0.9990094387845012 5 1.587828456002955
-0.9975013115265003 5 3.272242618390976
-1.498512685432441 5 2.421159027118243
-1.986029276234229 5 3.279553084308509
-2.49815975734127 5 2.463973810922339
0.4994843576977566 5 4.134486377306454
4.499126507019122 5 4.135100000982094
6.489820974244134 5 0.8184147168435845
-1.500633637615502 5 0.8224559337022491
-3.51552412157986 5 0.8543382088071146
-4.015893743522234 5 1.722420493933839
-5.002648957253701 5 1.730445755296371
-4.499999999999989 5 2.598076211353319
-5.499999999999993 5 2.598076211353319
-3.501673035817076 5 2.54593795562403
-6.000441492875609 5 1.731783298856794
-6.499999999999993 5 2.598076211353311
-7.499999999999993 5 0.8660254037844399
-7.999999999999993 5 1.732050807568878
-8.999999999999993 5 1.732050807568881
-8.499999999999993 5 2.598076211353319
-9.5 5 2.598076211353308
-7.499999999999986 5 2.598076211353299
-9.5 5 0.866025403784439
-11.5 5 0.8660254037844387
-12 5 1.732050807568877
-13 5 1.732050807568878
-12.5 5 2.598076211353315
-13.5 5 2.598076211353315
-11.5 5 2.598076211353315
-15.5 5 0.8660254037844558
-16.00000000000001 5 1.7320508075689
-17.00000000000001 5 1.73205080756887
-16.50000000000004 5 2.598076211353312
-17.50000000000003 5 2.598076211353293
-15.50000000000004 5 2.598076211353365
-15 5 1.732050807568939
-14.50000000000003 5 2.598076211353411
-19.5 5 0.8660254037844398
-20 5 1.732050807568889
-21 5 1.732050807568878
-20.50000000000001 5 2.598076211353316
-19.50000000000001 5 2.598076211353332
-21.4798302490948 5 2.547783272716876
-19.00000000000001 5 1.732050807568891
-21.50017842085913 5 0.857642390468196
9.153089282616131 5 1.500567883023856
-13.5 5 0.8660254037844459
-14 5 1.732050807568908
2.5 5 4.133974596215563
-2.482147424459175 5 4.14759577317245
-4.499191788755732 5 4.147348072025671
-6.5 5 4.133974596215561
-8.5 5 4.133974596215561
-10.5 5 4.133974596215564
-12.5 5 4.133974596215561
-14.5 5 4.133974596215564
-16.5 5 4.133974596215561
-18.5 5 4.133974596215562
-20.50079873303112 5 4.147354243145609
-22.51534206406178 5 4.157917020515319
-24.4947338177139 5 4.178035785075516
-24.89443842237856 5 3.192324618906027
-26.52898388929111 5 3.994183955993498
-22.12116574217793 5 1.759830163219199
-11 5 1.732050807568877
-10.5 5 2.598076211353315
-10 5 1.732050807568877
8.030286079468482 5 3.354334355042617
5.500000000000001 5 4.133974596215563
-5.50051507502155 5 0.8657133102870072
-17.5 5 0.8660254037844382
-0.4996694923047897 5 4.134775464057349
-7.000073582145927 5 1.732006222783527
-18.50000000000005 5 2.598076211353403
-18.00000000000001 5 1.73205080756886
-23.06485350926884 5 3.233128842857401
8.421877839292033 5 0.9455932553615691
9.060564242649551 5 3.418261087005557
-28.50909348486505 5 4.16833651306426
-29.17526836658186 5 1.531382443600774
8.420090940801114 5 1.929069971354743
-23.4949151263156 5 0.8163180093848699
3.490599981340617 5 0.8015093101445873
-2.971796558213994 5 3.323189811582383
4.988583919993257 5 1.612213915910191
0.005603429891754885 5 1.609061796289073
-3.0281153646565 5 1.67963531857412
1.990389269847336 5 1.605872706231887
-21.97887593564538 5 3.334467023214852
-6.999999999999996 5 3.366025403784436
-10 5 3.366025403784438
-8.999999999999993 5 3.366025403784436
-5.999999999999996 5 3.366025403784438
-13 5 3.366025403784437
-12 5 3.366025403784437
-11 5 3.366025403784437
6.958979685151982 5 1.608000884071544
5.985761725942692 5 1.615218320360899
-20.99833911919313 5 3.363332158647999
-7.999999999999986 5 3.366025403784434
-3.99322583214353 5 3.356430088936074
-4.998736270149871 5 3.366655097278064
-0.9948410330137669 5 1.623187531126656
-2.005594811330845 5 1.642068090366168
-17.00000000000001 5 3.366025403784445
-20.00000000000001 5 3.366025403784429
-18.00000000000003 5 3.366025403784448
-13.99999999999998 5 3.366025403784458
-16 5 3.366025403784481
-14.99999999999999 5 3.366025403784507
-19.00000000000004 5 3.366025403784447
4.489982000832699 5 0.8075005874037311
1.5 5 0.7677776670657451
2.98457225380772 5 1.61084287626111
0.5012004619820445 5 0.7833211539698497
-25.5 5 0.6762856099000429
-27.47235623957084 5 0.6618637434713466
-27.30144284148496 5 3.325961894323308
-23.99061967144541 5 3.487226333124943
-23.00295811987803 5 1.480782703807965
-25.82246364252165 5 3.368867001217016
-22.3000794508225 5 2.543842918849839
-29.26794919243108 5 4.267949192431082
9.267949192431121 5 0.7320508075688774
9.267949192431123 5 4.267949192431123
-29.26794919243112 5 0.7320508075688774
7.765077007610407 5 1.541514367234885
8.453682873157481 5 2.710429789578886
-7.530995546165837 10 0.8158186221949389
7.453939399602159 10 0.7843092157275643
5.487041032218748 10 0.8309476305781228
3.48703704243834 10 0.8348407579096691
1.48184759528332 10 0.8278338806130368
-0.5254092166420889 10 0.8202309274310352
-2.525329875437764 10 0.8279155979853239
-4.515632583863681 10 0.8299743351145243
-9.286047672875977 10 2.916051016247143
-6.511681531485529 10 4.135202211198364
6.491239002072235 10 4.03881773336579
4.490289423248498 10 4.024111982828456
2.490425902613465 10 4.044821499383593
0.4905657286922693 10 4.065863759688094
-1.509268443097369 10 4.087250254313466
-3.510732412013237 10 4.107423730156312
9.102001542176744 10 2.48111464339664
-9.295755741223054 10 1.2577486243513
8.5 10 4.133974596215562
-8.553117708095282 10 4.136872057954054
-7.51747010653332 10 4.144060966925348
-7.021189846750282 10 3.285061878310047
-6.027745738556998 10 3.264219344277398
-6.541655711542454 10 2.433267231188531
-7.517821709142474 10 2.472587175422442
-5.549874354654133 10 2.417423072319449
-5.032247666567509 10 3.247659249487493
-4.555560980019052 10 2.382672040019071
-6.043166376971072 10 1.633936417868505
-4.035022060071451 10 3.229672788137614
-3.558142454470939 10 2.345298762680827
-3.033620932694607 10 3.207082230653693
-2.559111078416844 10 2.321067653185946
-2.033461540921397 10 3.187942966753181
-1.559631460496863 10 2.297026192852636
-1.033639638315151 10 3.165629745188382
-0.5600038070141835 10 2.273087278149649
-0.03386205009326915 10 3.146390401075355
0.4396807167012931 10 2.249173095045039
0.9659501753489614 10 3.12434217844551
1.439383971757779 10 2.225272132913608
1.965749913314724 10 3.10521163360315
2.43909453325071 10 2.201374210512298
2.965572727013818 10 3.083433055085271
3.438807515960974 10 2.177478019136323
3.965377297290832 10 3.064403826293186
4.438521459177352 10 2.153582208785122
4.965201817552259 10 3.042862982620824
5.438235722081029 10 2.129686630442462
5.965188013389655 10 3.029776039572067
6.43795011390131 10 2.105791100811374
6.96165663092186 10 3.005299104108399
7.431679275789575 10 2.106085142178176
8.142119781505603 10 3.002460508875434
5.485319709377109 10 4.02259478973119
7.505506283475452 10 3.975719473707072
3.485277558361103 10 4.036128393931751
-4.514282156448347 10 4.116802966181477
1.485448619994903 10 4.056706511853391
-7.961543513458551 10 3.311370251571346
-0.5143674004689203 10 4.077522360044216
-2.514513888121101 10 4.098283196979441
6.474834321135526 10 0.8002941579655225
4.478768618957869 10 0.8117511265496742
2.469403278251002 10 0.7971649856406327
0.4673255377970662 10 0.8023943743106094
-1.533848487526623 10 0.8100901755104697
-3.53197600754485 10 0.8193841739771731
9.150226378347911 10 1.502207356797384
-5.514326182176399 10 4.127313961857456
-8.452830734576711 10 2.496306097482858
-7.963856850929425 10 1.6469151734515
-9.319173111360229 10 3.718740085785358
-9.293714854762385 10 2.083906511902438
8.43978587090986 10 0.9302872729324125
9.162286759728529 10 3.450961894323342
-8.514402683024699 10 0.7892411074154314
-5.469878954391895 10 0.8309472687450611
-7.04272887511555 10 1.648938841916696
8.357532025799967 10 2
-6.565577915242141 10 0.8150192530095266
-5.072744131953394 10 1.644034240221037
-4.068960975679053 10 1.627789383550982
-3.059723362337049 10 1.601162504086708
-2.059117910894889 10 1.586477364421763
-1.052375528965266 10 1.562636457703127
-0.05117085979417801 10 1.547486127100973
0.9501382704611778 10 1.536342966752478
1.950606669961093 10 1.52373421020359
2.951455381362403 10 1.512924213043915
3.94469820120514 10 1.514901281390106
4.951845416042651 10 1.493491478231854
9.267949192431121 10 0.7320508075688774
9.267949192431123 10 4.267949192431123
5.952287834746835 10 1.478147352984291
-8.70683097565324 10 3.333333333333333
6.927259581111512 10 1.491425293153959
-8.71907523973994 10 1.662350644893357
-9.369042311536901 10 0.573815892822382
-9.374458163891106 10 4.404455762081215
7.758272050512685 10 1.471284854979748
-10.71874262023583 10 1.260930036142217
-14.28125737976416 10 1.260930036142219
-12.5 10 0.6840641772830639
-13.43830157860278 10 0.83040380358218
-11.56169842139721 10 0.8304038035821831
-13.59810021165064 10 1.796171871025499
-11.40189978834935 10 1.796171871025496
-12.49999999999999 10 1.618760480449092
-10.65608820832661 10 0.5849334346115467
-14.36904231153692 10 1.926184107177636
-10.63095768846309 10 1.92618410717762
-14.34391179167339 10 0.5849334346115466
-14.28125737976417 10 3.739069963857781
-10.71874262023583 10 3.739069963857784
-12.5 10 4.181340596450197
-11.56169842139721 10 4.169596196417822
-13.43830157860278 10 4.169596196417824
-13.59810021165064 10 3.203828128974501
-11.40189978834935 10 3.203828128974505
-12.5 10 3.240486720749043
-10.63095768846309 10 3.073815892822381
-14.34391179167339 10 4.415066565388455
-14.36904231153692 10 3.073815892822364
-10.65608820832661 10 4.415066565388455
-17.50616441900407 10 0.8409237660511409
-27.44332542870633 10 0.8185330602413036
-19.47205438897556 10 4.169169907342425
-21.5 10 0.8660254037844386
-24.5 10 0.8660254037844386
-15.72113518909119 10 2.908458820094264
-22.49999999999999 10 4.18197438715584
-25.49049543576744 10 4.175300539196918
-19.49660288015798 10 0.8534075333706919
-27.45149844631911 10 4.176748245839901
-17.51028081538716 10 4.138916794070994
-29.13869329013438 10 2.491826982387246
-15.70134976992394 10 1.275703282734088
-18.48481129147266 10 4.155346639717033
-17.99466808673731 10 3.306004962736357
-17.07651710972753 10 3.300150467087694
-17.52254553530729 10 2.469541700581131
-18.48891755324138 10 2.503336649581717
-16.55392700581462 10 2.463446741070936
-16.46429786667971 10 4.135512100238524
-18.49612141699866 10 0.8426179355618808
-29.15351456171763 10 1.503740951787412
-28.35367223419465 10 1.980799386379495
-28.37759445843648 10 3.001007952579196
-27.40192378864671 10 2.500000000000143
-20.49943381335966 10 0.8639224253821471
-20.99990563555994 10 1.731700311168495
-21.99998427259332 10 1.731992391502147
-21.49998165135887 10 2.581633436489013
-20.49998121448647 10 2.578902710022755
-22.49999852162086 10 2.588835414794224
-22.99999713236903 10 1.730500938797907
-23.49999927566498 10 2.579903144345188
-20.99999381097422 10 3.375397078241138
-23.999999401339 10 1.728763651605694
-24.48669338957507 10 2.586817059719277
-23.97116933102215 10 3.393812104461845
-22.49999690082706 10 0.8657573563114884
-23.49999890575584 10 0.865174558416588
-24.99778213181901 10 1.72962642296934
-25.47611677394122 10 2.567280482927983
-25.98766039459449 10 1.709217054191824
-25.49757375440225 10 0.8618157141216736
-26.4880932629505 10 0.8409184003526837
-26.49033231368109 10 4.177147642059632
-19.9976595818631 10 1.714727806947977
-19.48847992749792 10 2.546110295057664
-28.44574689130917 10 4.073498062321074
-16.44758675135413 10 0.8563883764862877
-15.711694439671 10 2.080157029538766
-15.68783872682121 10 3.717248060140627
-17.05393284011475 10 1.659040291235123
-18.00961928538011 10 1.662969665566909
-18.99446215707311 10 1.680098600836183
-26.46510089261815 10 2.546665254897387
-29.20499730538519 10 3.472380364953107
-28.41820744213777 10 0.9409484785439612
-18.98815520798747 10 3.340970388809045
-26.91584907423847 10 1.661141485585659
-26.91964101986328 10 3.369304606641438
-23.49519488850369 10 4.195643783828498
-24.98741248838431 10 3.387035693353733
-20.50864775658389 10 4.181748357841851
-21.50144026125968 10 4.184162283609647
-19.99288538441758 10 3.365383122885813
-24.49071202394626 10 4.191965353473499
-22.00006135660548 10 3.369443233904381
-22.99440389556952 10 3.384935344748329
-25.97965463383994 10 3.369405971094546
-16.31064161669322 10 3.333333333333361
-16.29375467319628 10 1.666666666666642
-29.2679491924311 10 0.7320508075689083
-29.26794919243113 10 4.267949192431124
-15.62978730425561 10 0.5930849985107417
-15.63042731870019 10 4.403885365409162
-27.70899067791466 10 1.55151514383061
-27.70899067791463 10 3.448484856169443
-9.489689636920172 10.51031036307983 1.25
-0.510310363079828 19.48968963692017 1.25
-4.333333333333334 15.66666666666667 0.8164965809277246
-3 17 1.683503419072275
-7 13 0.8164965809277241
-1.666666666666666 18.33333333333333 0.8164965809277241
-5.666666666666666 14.33333333333333 0.8164965809277253
-8.333333333333332 11.66666666666667 0.8164965809277258
-6.333333333333332 13.66666666666667 1.683503419072276
-5 15 1.683503419072275
-7.666666666666668 12.33333333333333 1.683503419072275
-3.666666666666666 16.33333333333333 0.8164965809277241
-2.333333333333332 17.66666666666667 0.8164965809277253
-7 13 1.765229440131016
-6.333333333333332 13.66666666666667 0.7347705598689834
-4.304410199453931 15.69558980054607 1.711026972110887
-1.697376423840836 18.30262357615916 1.712515940506423
-7.666666666666668 12.33333333333333 0.7347705598689831
-3 17 0.6954285908689254
-3.660882039890787 16.33911796010921 1.842205394422177
-5 15 0.7347705598689831
-5.666666666666666 14.33333333333333 1.781621927214374
-2.339475284768167 17.66052471523183 1.842503188101285
-8.325097142874316 11.67490285712568 1.843564709000409
-0.9430904473281512 19.05690955267185 0.7287114970578037
-9.056909552671847 10.94309044732815 0.728711497057804
-1.04118095229509 18.95881904770491 1.717823545002042
-8.95881904770491 11.04118095229509 1.717823545002043
-9.559615298072675 10.44038470192733 1.912051143582945
-0.440384701927325 19.55961529807267 0.5879488564170559
-9.559615298072675 10.44038470192733 0.5879488564170552
-0.440384701927325 19.55961529807267 1.912051143582944
-9.489689636920172 10.51031036307983 3.750000000000002
-0.510310363079828 19.48968963692017 3.749999999999999
-7 13 3.316496580927724
-5.666666666666666 14.33333333333333 4.183503419072276
-4.263046648649819 15.73695335135018 3.454437127468667
-3 17 3.316496580927725
-1.666666666666668 18.33333333333333 3.316496580927724
-8.333333333333336 11.66666666666667 3.316496580927726
-3.649978609513987 16.35002139048601 4.132444346994188
-2.333333333333336 17.66666666666667 4.183503419072276
-7.666666666666664 12.33333333333334 4.183503419072274
-5.060245729728724 14.93975427027128 3.474142919831658
-6.333333333333332 13.66666666666667 4.183503419072275
-4.666666666666666 15.33333333333333 4.092248358505102
-7 13 4.265229440131016
-5.710818294241705 14.2891817057583 3.303836742961811
-2.333333333333336 17.66666666666667 3.218378072785626
-1.674902857125685 18.32509714287431 4.343564709000409
-6.342163658848339 13.65783634115166 3.160767348592362
-2.998783669303741 17.00121633069626 4.261507933419786
-3.649271718299428 16.35072828170057 3.180675611078116
-7.666666666666664 12.33333333333333 3.234770559868983
-8.325097142874313 11.67490285712569 4.343564709000408
-0.9430904473281512 19.05690955267185 3.228711497057803
-9.056909552671847 10.94309044732815 3.228711497057804
-1.04118095229509 18.95881904770491 4.217823545002044
-8.958819047704907 11.04118095229509 4.217823545002043
-5.129534375326305 14.8704656246737 4.326514269056649
-4.194081949167735 15.80591805083226 4.318985987558925
-0.4403847019273268 19.55961529807267 4.412051143582943
-9.559615298072671 10.44038470192733 3.087948856417057
-0.440384701927325 19.55961529807267 3.087948856417055
-9.559615298072671 10.44038470192733 4.412051143582946
-14.48968963692017 10.51031036307983 1.25
-5.510310363079828 19.48968963692017 1.25
-8.666666666666664 16.33333333333333 1.683503419072277
-6.666666666666668 18.33333333333333 1.683503419072277
-11.33333333333333 13.66666666666667 1.683503419072276
-12.66666666666667 12.33333333333333 0.8164965809277253
-10 15 0.8164965809277253
-7.333333333333336 17.66666666666666 0.8164965809277253
-13.33333333333333 11.66666666666667 1.683503419072274
-9.333333333333332 15.66666666666667 1.683503419072276
-12 13 1.683503419072276
-10.66666666666667 14.33333333333333 0.8164965809277241
-8 17 0.8164965809277253
-6.674902857125684 18.32509714287431 0.6564352909995922
-8.695589800546067 16.30441019945393 0.7889730278891138
-11.36225646721273 13.63774353278727 0.7889730278891131
-9.339117960109213 15.66088203989079 0.6577946055778231
-10.63774353278727 14.36225646721273 1.711026972110887
-12.00578462677588 12.99421537322412 0.6577946055778228
-12.66666666666667 12.33333333333333 1.781621927214374
-9.994215373224119 15.00578462677588 1.842205394422177
-7.362256467212735 17.63774353278727 1.711026972110887
-8.005784626775881 16.99421537322412 1.842205394422178
-13.32509714287432 11.67490285712568 0.6564352909995913
-5.943090447328153 19.05690955267185 1.771288502942197
-14.05690955267185 10.94309044732815 1.771288502942196
-6.04118095229509 18.95881904770491 0.7821764549979582
-13.95881904770491 11.04118095229509 0.7821764549979574
-14.55961529807267 10.44038470192733 0.5879488564170553
-14.55961529807267 10.44038470192733 1.912051143582945
-5.440384701927325 19.55961529807267 1.912051143582944
-5.440384701927325 19.55961529807267 0.5879488564170559
-6.117479846463421 17.70581102386216 2.5
-8.089316397477042 15.75598306414371 2.5
-9.422649730810374 14.42264973081038 2.5
-9.63652170124282 11.57674134999125 2.5
-3.690176559772512 17.6124724727 2.5
-5.640788734788035 15.51196035521906 2.5
-7.603572539450237 13.64811825845755 2.5
-11.42653305922466 12.39145511899248 2.5
-4.662102830094204 19.1388807972606 2.5
-3.598506470390978 18.97029837695825 2.5
-11.5 10.86602540378444 2.5
-2.667993301891745 18.99669017928266 2.5
-12.92461933221679 11.06367663884136 2.5
-10.47606608361907 10.94373072348415 2.5
-10.55666616511755 11.97120273770219 2.5
-9.840380939977518 12.52050323835652 2.5
-8.926559622767659 12.262740780582 2.5
-9.243714948848819 12.99458837664562 2.5
-10.09244565957147 13.41158664736684 2.5
-4.245042438594071 18.31503766823049 2.5
-5.271320586921492 18.2758034976623 2.5
-5.272906773516915 17.13396977275657 2.5
-6.083485012671225 16.88444016989077 2.5
-8.75598306414371 15.08931639747704 2.5
-7.724281396005647 14.67304966674546 2.5
-7.189370243036596 15.47497628977387 2.5
-6.713562758657755 14.66478935208102 2.5
-8.477612542056235 14.10187421173552 2.5
-7.450410558821662 16.4239085015211 2.5
-4.914380399427042 16.23145004347895 2.5
-4.306873675045159 16.87789002703925 2.5
-8.38224212145996 13.07333867356765 2.5
-12.09652563549251 11.6161944845293 2.5
-6.450997613714915 16.13776673285469 2.5
-6.824042826657543 17.15737615999088 2.5
-2.93190951905331 18.16480073692781 2.5
-6.400187417080488 15.29247542636009 2.5
-10.76378208175964 12.93801351262523 2.5
-13.58492386644336 10.61273532776827 2.5
-1.392726807873409 19.39628597204393 2.5
-11.31057190562683 11.64390523896017 2.5
-1.903045931690366 19.0032146483475 2.5
-5.652725999433859 16.34849198135032 2.5
-3.617703200164087 18.26998965816849 2.5
-6.968196092469459 13.99635953078166 2.5
-12.24368670350305 10.69568690658806 2.5
-10.0026354557265 14.07948074280465 2.5
-4.603775531797274 17.63016221284481 2.5
-6.014329673467127 14.78309437201006 2.5
-9.218983920417337 13.72595668964971 2.5
-5.510310363079828 19.48968963692017 3.750000000000001
-14.48968963692017 10.51031036307983 3.75
-8.666666666666664 16.33333333333334 3.316496580927723
-11.92971331531648 13.07028668468351 3.454437127468667
-6.666666666666664 18.33333333333334 3.316496580927723
-10.66666666666667 14.33333333333334 4.183503419072276
-13.34418837560044 11.65581162439956 4.057839783553246
-7.333333333333332 17.66666666666667 4.183503419072275
-9.333333333333332 15.66666666666667 4.183503419072275
-10 15 3.316496580927725
-8 17 4.183503419072275
-12.72846311671926 12.27153688328074 3.456190971900369
-11.33333333333333 13.66666666666667 4.183503419072276
-11.28857183240098 13.71142816759902 3.302639841093312
-8.666666666666664 16.33333333333334 4.265229440131016
-7.333333333333332 17.66666666666667 3.231800822015459
-6.674902857125687 18.32509714287431 4.343564709000407
-10.6577143664802 14.3422856335198 3.160527968218663
-9.333333333333332 15.66666666666667 3.234770559868983
-10 15 4.281621927214374
-13.33962744133826 11.66037255866175 3.159241442090314
-12.33333333333333 12.66666666666667 4.092248358505102
-7.971076866120598 17.0289231338794 3.287066228831345
-5.943090447328153 19.05690955267185 3.228711497057803
-14.05871872638303 10.94128127361697 4.250344563689024
-6.041180952295093 18.95881904770491 4.217823545002042
-13.95881904770491 11.04118095229509 3.282176454997956
-12.80517235895822 12.19482764104178 4.315193259580518
-11.88109667108338 13.11890332891661 4.329885279060955
-5.440384701927327 19.55961529807267 3.087948856417057
-14.55961529807267 10.44038470192733 3.087948856417057
-5.440384701927325 19.55961529807267 4.412051143582945
-14.57634833932731 10.42365166067269 4.433402246071139
2 7 0 76
2167
2168
2169
2170
2171
2172
2173
2174
2175
2176
2177
2178
2179
2180
2181
2182
2183
2184
2185
2186
2187
2188
2189
2190
2191
2192
2193
2194
2195
2196
2197
2198
2199
2200
2201
2202
2203
2204
2205
2206
2207
2208
2209
2210
2211
2212
2213
2214
2215
2216
2217
2218
2490
2491
2492
2493
2494
2495
2496
2497
2498
2499
2500
2501
2630
2631
2632
2633
2634
2635
2636
2637
2638
2639
2640
2641
2.506164419004078 20 0.8409237660511429
6.5 20 0.8660254037844386
4.498667168826755 20 4.186554257304351
0.7211351890911821 20 2.908458820094263
7.461735058452919 20 4.189902944631784
4.496602880157983 20 0.8534075333706942
2.510280815387165 20 4.138916794071002
9.181466939758714 20 2.556674571293666
0.7013497699239348 20 1.275703282734094
8.495762630719124 20 0.8467720450558318
3.489246754781197 20 4.158244031377357
2.998725676832729 20 3.299638610955013
2.077193374743434 20 3.299089408457477
2.523334511159177 20 2.468303798845874
3.489725314232596 20 2.502069273995619
1.554003288658626 20 2.463327053421765
1.464394475967703 20 4.135360520434205
3.496121416998661 20 0.8426179355618829
5.499433813359665 20 0.8639224253821478
5.999905635559944 20 1.731700311168495
6.999984272593324 20 1.731992391502147
6.499981651358879 20 2.581633436489015
5.513287604412066 20 2.587594885003717
7.576016617628714 20 2.590535368951298
6.028824322479681 20 3.394230124033227
9.153089282616131 20 3.499432116976143
7.499291150552075 20 0.8628067746518823
8.030304381231865 20 1.645359001320526
4.999877313517372 20 1.716176502778139
4.499900268851194 20 2.535495019391206
1.447586751354137 20 0.8563883764862961
0.7117071534783364 20 2.080137081597243
0.687854828369197 20 3.717222796839904
2.054077049897401 20 1.658814026337725
3.009909443151081 20 1.662514408530452
3.998689439484815 20 1.685380112271332
8.423777010968507 20 4.055498857233385
9.060566857187178 20 1.581695106760606
4.009350587179674 20 3.350001353554732
8.420407470663681 20 3.070726330522414
6.498426563488768 20 4.197034880003054
5.008338325291563 20 3.38101632870358
6.967432388374927 20 3.397424083450503
5.505709396681128 20 4.193139265007368
1.310641616693196 20 3.333333333333341
1.293754673196267 20 1.666666666666674
9.267949192431123 20 0.7320508075688774
9.267949192431123 20 4.267949192431122
0.6297873042556148 20 0.5930849985107446
0.6304498608673814 20 4.403849996788155
7.76987370921775 20 3.460817516957877
8.448484856169419 20 2.29100932208534
-0.7187426202358314 20 1.260930036142218
-4.281257379764169 20 1.260930036142218
-2.5 20 0.7997130034559493
-1.561698421397214 20 0.8304038035821817
-3.438301578602784 20 0.8304038035821818
-3.598100211650644 20 1.796171871025496
-1.401899788349356 20 1.796171871025496
-2.5 20 1.759513279250956
-0.6560882083266097 20 0.5849334346115465
-4.369042311536909 20 1.926184107177623
-0.6309576884630914 20 1.926184107177623
-4.34391179167339 20 0.5849334346115466
-0.7187426202358296 20 3.760930036142218
-4.281257379764169 20 3.760930036142218
-2.5 20 3.318659403549803
-3.438301578602786 20 3.330403803582182
-1.561698421397214 20 3.330403803582182
-1.401899788349356 20 4.296171871025496
-3.598100211650642 20 4.296171871025496
-2.5 20 4.259513279250957
-0.6309576884630914 20 4.426184107177623
-4.369042311536907 20 4.426184107177623
-4.34391179167339 20 3.084933434611546
-0.656088208326608 20 3.084933434611547
3 1 0 1044
2675
2676
2677
2678
2679
2680
2681
2682
2683
2684
2685
2686
2687
2688
2689
2690
2691
2692
2693
2694
2695
2696
2697
2698
2699
2700
2701
2702
2703
2704
2705
2706
2707
2708
2709
2710
2711
2712
2713
2714
2715
2716
2717
2718
2719
2720
2721
2722
2723
2724
2725
2726
2727
2728
2729
2730
2731
2732
2733
2734
2735
2736
2737
2738
2739
2740
2741
2742
2743
2744
2745
2746
2747
2748
2749
2750
2751
2752
2753
2754
2755
2756
2757
2758
2759
2760
2761
2762
2763
2764
2765
2766
2767
2768
2769
2770
2771
2772
2773
2774
2775
2776
2777
2778
2779
2780
2781
2782
2783
2784
2785
2786
2787
2788
2789
2790
2791
2792
2793
2794
2795
2796
2797
2798
2799
2800
2801
2802
2803
2804
2805
2806
2807
2808
2809
2810
2811
2812
2813
2814
2815
2816
2817
2818
2819
2820
2821
2822
2823
2824
2825
2826
2827
2828
2829
2830
2831
2832
2833
2834
2835
2836
2837
2838
2839
2840
2841
2842
2843
2844
2845
2846
2847
2848
2849
2850
2851
2852
2853
2854
2855
2856
2857
2858
2859
2860
2861
2862
2863
2864
2865
2866
2867
2868
2869
2870
2871
2872
2873
2874
2875
2876
2877
2878
2879
2880
2881
2882
2883
2884
2885
2886
2887
2888
2889
2890
2891
2892
2893
2894
2895
2896
2897
2898
2899
2900
2901
2902
2903
2904
2905
2906
2907
2908
2909
2910
2911
2912
2913
2914
2915
2916
2917
2918
2919
2920
2921
2922
2923
2924
2925
2926
2927
2928
2929
2930
2931
2932
2933
2934
2935
2936
2937
2938
2939
2940
2941
2942
2943
2944
2945
2946
2947
2948
2949
2950
2951
2952
2953
2954
2955
2956
2957
2958
2959
2960
2961
2962
2963
2964
2965
2966
2967
2968
2969
2970
2971
2972
2973
2974
2975
2976
2977
2978
2979
2980
2981
2982
2983
2984
2985
2986
2987
2988
2989
2990
2991
2992
2993
2994
2995
2996
2997
2998
2999
3000
3001
3002
3003
3004
3005
3006
3007
3008
3009
3010
3011
3012
3013
3014
3015
3016
3017
3018
3019
3020
3021
3022
3023
3024
3025
3026
3027
3028
3029
3030
3031
3032
3033
3034
3035
3036
3037
3038
3039
3040
3041
3042
3043
3044
3045
3046
3047
3048
3049
3050
3051
3052
3053
3054
3055
3056
3057
3058
3059
3060
3061
3062
3063
3064
3065
3066
3067
3068
3069
3070
3071
3072
3073
3074
3075
3076
3077
3078
3079
3080
3081
3082
3083
3084
3085
3086
3087
3088
3089
3090
3091
3092
3093
3094
3095
3096
3097
3098
3099
3100
3101
3102
3103
3104
3105
3106
3107
3108
3109
3110
3111
3112
3113
3114
3115
3116
3117
3118
3119
3120
3121
3122
3123
3124
3125
3126
3127
3128
3129
3130
3131
3132
3133
3134
3135
3136
3137
3138
3139
3140
3141
3142
3143
3144
3145
3146
3147
3148
3149
3150
3151
3152
3153
3154
3155
3156
3157
3158
3159
3160
3161
3162
3163
3164
3165
3166
3167
3168
3169
3170
3171
3172
3173
3174
3175
3176
3177
3178
3179
3180
3181
3182
3183
3184
3185
3186
3187
3188
3189
3190
3191
3192
3193
3194
3195
3196
3197
3198
3199
3200
3201
3202
3203
3204
3205
3206
3207
3208
3209
3210
3211
3212
3213
3214
3215
3216
3217
3218
3219
3220
3221
3222
3223
3224
3225
3226
3227
3228
3229
3230
3231
3232
3233
3234
3235
3236
3237
3238
3239
3240
3241
3242
3243
3244
3245
3246
3247
3248
3249
3250
3251
3252
3253
3254
3255
3256
3257
3258
3259
3260
3261
3262
3263
3264
3265
3266
3267
3268
3269
3270
3271
3272
3273
3274
3275
3276
3277
3278
3279
3280
3281
3282
3283
3284
3285
3286
3287
3288
3289
3290
3291
3292
3293
3294
3295
3296
3297
3298
3299
3300
3301
3302
3303
3304
3305
3306
3307
3308
3309
3310
3311
3312
3313
3314
3315
3316
3317
3318
3319
3320
3321
3322
3323
3324
3325
3326
3327
3328
3329
3330
3331
3332
3333
3334
3335
3336
3337
3338
3339
3340
3341
3342
3343
3344
3345
3346
3347
3348
3349
3350
3351
3352
3353
3354
3355
3356
3357
3358
3359
3360
3361
3362
3363
3364
3365
3366
3367
3368
3369
3370
3371
3372
3373
3374
3375
3376
3377
3378
3379
3380
3381
3382
3383
3384
3385
3386
3387
3388
3389
3390
3391
3392
3393
3394
3395
3396
3397
3398
3399
3400
3401
3402
3403
3404
3405
3406
3407
3408
3409
3410
3411
3412
3413
3414
3415
3416
3417
3418
3419
3420
3421
3422
3423
3424
3425
3426
3427
3428
3429
3430
3431
3432
3433
3434
3435
3436
3437
3438
3439
3440
3441
3442
3443
3444
3445
3446
3447
3448
3449
3450
3451
3452
3453
3454
3455
3456
3457
3458
3459
3460
3461
3462
3463
3464
3465
3466
3467
3468
3469
3470
3471
3472
3473
3474
3475
3476
3477
3478
3479
3480
3481
3482
3483
3484
3485
3486
3487
3488
3489
3490
3491
3492
3493
3494
3495
3496
3497
3498
3499
3500
3501
3502
3503
3504
3505
3506
3507
3508
3509
3510
3511
3512
3513
3514
3515
3516
3517
3518
3519
3520
3521
3522
3523
3524
3525
3526
3527
3528
3529
3530
3531
3532
3533
3534
3535
3536
3537
3538
3539
3540
3541
3542
3543
3544
3545
3546
3547
3548
3549
3550
3551
3552
3553
3554
3555
3556
3557
3558
3559
3560
3561
3562
3563
3564
3565
3566
3567
3568
3569
3570
3571
3572
3573
3574
3575
3576
3577
3578
3579
3580
3581
3582
3583
3584
3585
3586
3587
3588
3589
3590
3591
3592
3593
3594
3595
3596
3597
3598
3599
3600
3601
3602
3603
3604
3605
3606
3607
3608
3609
3610
3611
3612
3613
3614
3615
3616
3617
3618
3619
3620
3621
3622
3623
3624
3625
3626
3627
3628
3629
3630
3631
3632
3633
3634
3635
3636
3637
3638
3639
3640
3641
3642
3643
3644
3645
3646
3647
3648
3649
3650
3651
3652
3653
3654
3655
3656
3657
3658
3659
3660
3661
3662
3663
3664
3665
3666
3667
3668
3669
3670
3671
3672
3673
3674
3675
3676
3677
3678
3679
3680
3681
3682
3683
3684
3685
3686
3687
3688
3689
3690
3691
3692
3693
3694
3695
3696
3697
3698
3699
3700
3701
3702
3703
3704
3705
3706
3707
3708
3709
3710
3711
3712
3713
3714
3715
3716
3717
3718
-1.993552218293242 2.449306063782618 2.554264161239872
-20.97865122715449 2.5 2.499999999999999
-11 2.5 2.5
-7.999999999999996 2.5 2.5
-16.00000000000004 2.5 2.500000000000019
-4.999999999999991 2.500000000000002 2.5
4.011981353404581 2.497152657380428 2.500864946638206
0.9967740753489629 2.500321547743534 2.502239441146855
-26.82320764651886 2.496451358011342 2.497634238674229
-13.50000000000002 2.502002341472864 2.497997658527136
-18.48932561357726 2.513112588260509 2.486887411739495
-23.513736707206 2.488007606645624 2.486019545198357
7.064843687320097 2.503510362035639 2.495803460344046
2.50481820586693 3.237339380817096 1.765007603634522
-9.499999999999996 1.757284274447471 3.242715725552525
-6.499999999999993 1.757284274447473 3.242715725552527
-9.5 3.240486720749043 1.759513279250959
-6.5 3.24039252246391 1.759484343452156
-0.5243905296804314 3.230215287885368 1.774462604674508
2.503942035810528 1.763785455209899 3.240238308986352
-3.494873764318317 1.764100149934214 1.757931527024679
5.507372870969629 3.241024960525938 3.24102915230868
-3.500000000000002 3.241818997545251 3.240077472393153
-0.4734282303205237 1.751684841831438 3.253873880052835
5.514674205818527 1.75911689382322 1.756642751448179
-25.36384224152863 3.253873456855958 3.252255997680819
8.160577439049764 3.385837648540269 1.608507106228679
-19.7253051764906 1.682332237130585 3.317667762869411
-25.1723304147374 1.843588962191977 1.864021529570583
-17.25332846443817 1.684001543044274 3.315998456955738
-19.74258826446433 3.32286394299964 1.677136057000361
-12.25130969051381 1.683401792988306 3.316598207011697
-14.74869030948622 1.683401792988303 3.316598207011691
-12.2486922526812 3.317387471807491 1.682612528192509
-14.75130774731884 3.317387471807487 1.682612528192517
-17.23607999884374 3.321246850608939 1.678753149391055
-19.65217971608448 3.358439204298506 3.35238160446806
-19.65217971608448 1.647618395531942 1.641560795701494
-22.24691875450905 1.689846545161887 3.314239707885341
-17.33438302496252 1.639980465859386 1.642417137265162
-17.33438302496254 3.357582862734843 3.360019534140637
-12.34324247674418 1.639639675357796 1.642095643796385
-12.34324247674418 3.357904356203615 3.360360324642206
-14.65675752325586 3.35790435620361 3.360360324642202
-14.65675752325584 1.639639675357788 1.64209564379639
-9.5 1.581399939196528 1.587153693501417
-9.499999999999996 3.412846306498581 3.418600060803468
-6.499999999999993 1.581399939196528 1.587153693501417
-6.499999999999996 3.412846306498582 3.418600060803471
-0.4980902562313823 3.423551846354029 3.423528014250871
2.498472225814816 3.419705143892531 3.419193684179393
-3.500000184955555 1.586607426253647 3.412610682370056
2.5 1.584707257842345 1.584707257842345
8.36806537788655 3.114960848308405 3.368287839520641
5.487251661722333 3.414100175639026 1.587549116526584
-28.31751239214194 3.346639916930854 2.6717092275407
-28.30455399336272 1.758326776026714 1.963363796859746
-0.5261225284389965 1.580329307516404 1.590168246158129
-3.526965737378532 3.417141637000924 1.586489411426624
5.500008827319008 1.582425197295015 3.412423922466081
-22.54533105528792 3.432563278079412 1.567436721920583
8.320449544900587 1.689650291923112 1.678156025549766
-22.22958277577916 1.793853213016789 1.646830604278964
-22.22716301890683 3.354912556330079 3.203824824752885
8.208417477995784 1.523792759321413 3.466191863702236
-25.75053161881542 1.632981107948055 3.378359444556461
-24.41967941169012 3.471729573540768 1.528270426459238
-23.67360696694014 3.538791860482543 3.538916554769772
-24.20543067790668 1.537886539937482 3.501036245250335
-27.70411912127772 1.542325432585205 3.427629339634961
-1.973655267034697 3.505245988817288 1.484315271670093
-8.082332082056059 3.546489030183992 1.453510969816008
-5.082445201447765 3.546197165133911 1.453421314804204
1.092330279591263 3.532453437184579 1.450129422237284
0.9707941686905777 3.547003187354856 3.547198082915684
-1.966899416153479 3.545467652765255 3.546829796676922
-8.035548726110022 3.536413418572657 3.549584053304063
-8.035548726110026 1.450415946695935 1.463586581427345
3.967319591205547 3.546136339807925 3.543227873466543
-8.088048021220377 1.460197984226462 3.53980201577354
-4.90870179117104 1.450365821248657 1.463749760996295
-5.035561835484335 3.536382238987215 3.549593631039047
-5.088048024603578 1.460197994680688 3.539802019394988
-26.21860032794077 3.536227644813471 1.463772355186534
3.917096394173488 1.451099711653825 3.541084097958919
-2.079571022064716 1.452078502395501 1.466324959178461
1.092170798334513 1.453625037673542 3.538328917836118
3.917715472279377 3.532099541019048 1.451308824708504
1.037543605965562 1.458140042024055 1.462025887216495
3.959898246279917 1.459985230316957 1.459682579288742
-27.11188132732204 3.533171000335761 3.53317100033578
-10.92923486320929 1.413851718265808 1.429092777825292
-10.92923486320929 3.570907222174704 3.586148281734187
-10.85650256360087 3.597831658345957 1.402168341654043
-23.65520303276788 1.446831725417876 1.441561565500452
-10.85943341455842 1.418308108839186 3.581691891160814
-1.849332633580451 1.426384098089383 3.569986631008947
-27.67998951493542 2.975315399432106 1.380970309127207
6.927606294460841 3.544116362418455 3.544206497091159
-26.77568882081874 1.501216247536641 1.386240419432515
-15.99564023847156 1.348947954541184 1.367864146043032
-15.99564023847157 3.632135853956961 3.65105204545883
6.845207649246613 1.327414060764323 3.646820768435065
-18.48884073078514 3.704443367728139 1.295556632271857
-13.50000000000002 3.70395690239874 1.296043097601256
-20.96291722492214 3.654200577696639 3.673968216370431
-13.50000000000001 1.294979044602748 3.705020955397252
-15.99246998200045 3.713304218843748 1.286695781156254
6.828502494022715 3.648468342615929 1.347916045570697
-21.13493505454392 3.592125891909185 1.606126192733702
-18.48878388425616 1.288569984588799 3.711430015411201
6.904990320848557 1.542283960258966 1.429158100854945
-20.98768039770304 1.32385493357462 3.675644187194609
-16.00118468963392 1.317657716944264 3.682342283055732
-20.84518703911285 2.081822955544211 1.244213218934999
-18.49479877950233 2.866102318988018 3.761520304507806
-18.49479877950231 1.238479695492236 2.133897681011932
-13.50000000000002 2.868827936197785 3.765673167387092
-13.50000000000001 1.23432683261291 2.131172063802223
-20.74286672511845 1.237235474693182 2.240947535441377
-23.25295962115265 2.35193398347269 3.727227286516079
-13.44448160856063 2.173281019815593 1.260163810019843
-13.44448160856063 3.739836189980156 2.826718980184405
-18.43425059338637 2.167503695297305 1.256150955866257
-18.43425059338643 3.743849044133733 2.832496304702767
-2.60541434657927 2.449055295090865 3.724548355443889
-28.75355385334603 3.734666534400437 1.22653192390045
0.3741435963439308 2.51237167186571 1.252024693877678
-7.392610772630835 3.749858455479483 2.487677143090025
-7.392700849169771 2.51232068120795 1.250107169667772
4.624877400490638 2.482051041281369 3.739284398886799
-4.382271865399254 3.745831887242096 2.487329301080433
-4.37145662917084 2.479889743912116 3.745769205851244
4.62746452769154 3.742708744111772 2.47966061449864
-5.64954278204241 2.443028649939837 1.247732253178312
-7.389452820600443 2.480324545503728 3.752736173351087
-7.389452820600443 1.247263826648912 2.519675454496273
-23.26060927265988 1.230502743920924 2.654526584079746
0.3842310988699662 3.754329613218098 2.45965859061915
-2.613142860161812 1.251969164101368 2.586865507690678
-5.656172836760673 1.234022293377994 2.445997854006726
1.672090015391808 3.768201618192036 2.534200513269185
-16.38047312062496 3.764433430930572 2.471504304576462
-16.38047312062496 2.528495695423543 1.235566569069425
-28.79139129835333 3.792669867701754 3.7905972146575
-4.344882020888631 1.239689863500022 2.559250949287818
4.632214461379192 2.50933563474463 1.251916231656981
4.631948270352736 1.257995737290782 2.513800105917781
1.680140660376313 2.541505452832851 3.769502025168502
-10.33156294671191 2.484841794159431 1.228503582128998
-10.33156294671191 3.771496417871004 2.515158205840567
-1.356725257994681 2.446157970927932 1.241029501942257
-4.357722735050046 2.550062970845908 1.236178162693169
0.4013786105290311 1.247131700454566 2.517179478422034
-8.677295116273463 2.483524119771588 1.224097187372805
-8.677295116273459 3.775902812627197 2.516475880228412
-21.40572804971655 2.49366085215422 3.757100409030501
-1.287005352404897 2.531174946181582 3.778451517564688
-2.630080590400995 3.761054181563955 2.513137347600204
0.4064171167574333 2.463136374766385 3.763611383395109
-10.31836461340754 1.218751460278959 2.487124123587289
-10.31836461340754 2.51287587641271 3.781248539721041
-16.4204429593142 1.231249768331287 2.522712527807383
-16.42044295931419 2.477287472192609 3.768750231668726
-5.677281854695702 3.7758739345443 2.516434392898283
-1.352187286693583 1.225187178027753 2.448531225966253
-8.686384697572553 2.512971931958437 3.783915945244394
-8.686384697572549 1.216084054755602 2.487028068041567
1.695507678380576 2.477283969906613 1.219263072961854
-5.686391385961631 2.512951494465785 3.78392724859736
-2.668087315436754 2.513981780363161 1.221033300867366
3.328532499696016 2.513088411040638 3.777608788072944
3.312700924401144 2.482333163746965 1.217109233817756
3.329391786952732 3.778501319142248 2.510200678403369
1.692350067962991 1.218984866938038 2.483153024584625
-26.72175067390438 1.221706141851704 2.641164566794287
3.317149490188702 1.219518099426703 2.486598378524105
-27.17583455577598 3.762672568871683 2.278404440519109
-1.346704486105002 3.780488529126697 2.508554601991745
-28.0804308298823 2.722449564717786 3.769641003416535
-11.53230429593322 1.206215029382889 2.462347282536685
-11.53230429593322 2.537652717463312 3.793784970617109
-11.544913453865 3.787624860964016 2.552945606808541
-11.544913453865 2.447054393191461 1.212375139035984
-26.75258827549915 2.327787211618467 3.763134106537978
7.417483950536804 1.244157917947466 2.534134676324416
-28.89146319897478 1.110196752390207 3.019701157954745
8.796427048351299 3.858458497788325 2.519255658970799
6.320709551182214 2.453498189839787 3.76607152564345
6.289812028487956 3.782938123521587 2.45231086271908
-23.49302901218934 3.721617803689574 2.320952550179891
-23.49242413407791 2.675289957061576 1.245677562122478
-20.41765380929747 3.804557716549334 2.543778437204053
-19.81571372487045 2.542430435811818 2.538095675381812
8.817425363586114 2.651449767804001 2.330989272420793
6.278673328443318 2.566767222065815 1.200515630892874
0.06873751431686337 3.952508395592508 1.071678947152853
-28.88643771484109 1.105599074398489 1.121037820316289
-24.47780182094436 2.67475565061715 3.871485153845813
-17.32863472497237 2.465879710214705 2.459747104391297
-12.15898251700373 2.451745802018487 2.451102337243836
-14.84101748299631 2.548897662756163 2.548254197981516
-23.14469204650227 1.094649198427774 3.839575907438843
6.211555349709805 1.14963484732562 2.535159133402039
7.596765746262937 3.81067794472281 2.581640821226602
-7 3.974393630976308 1.025606369023692
-20.26047588342804 2.534035016295304 3.880357338564542
-15.27624283687246 1.120922087644572 2.461988068274886
-15.27624283687245 2.538011931725107 3.879077912355421
-7.087773842568026 1.0574952758308 3.9425047241692
-2.95955570571949 3.967762591728722 3.955185951213324
5 3.973310305334966 3.973310305334965
-18.13382373078769 1.064010412920434 1.064010412920432
-18.13382373078777 3.935989587079551 3.935989587079523
-15.24709381208018 3.887867395548459 2.53880326977559
-15.24709381208017 2.461196730224404 1.112132604451558
8.972764843811035 2.279240236024954 3.881150301467865
-13.86120855925653 3.936684643603741 3.936684643603741
-13.13879144074351 1.063315356396267 1.063315356396265
-0.007026400624917883 1.015673241362353 3.989554682506386
-9.883352578624574 2.341316220105787 2.343545224909272
8.767563501855225 2.564048490198978 1.07414540816773
7.5090841759702 2.421859530821138 3.812284143673544
-6.883362256948079 2.656452897928827 2.658701449221986
-3.095764564164163 2.667554491145653 2.336290466413832
8.921038038138589 3.946854392864787 3.946854392864787
2.95767598456087 3.99265046836101 1.03721565393851
2.898269389261439 2.664697653385208 2.66680557094576
-9.041949776126767 3.974411686545153 1.025588313454847
-9.03994335322572 1.024354851922634 3.975645148077368
-0.8810779134756057 2.648176033165858 2.684465422366812
-3.036741361163157 1.026743641490373 1.023141367526558
4.953840303731182 1.04294503119248 1.045113189288898
8.912178366591268 1.241207506924966 2.578854426874337
2.049680456753584 1.031485080398347 3.980394936403754
-28.82431126019589 2.522379965771699 1.173738854163103
-24.42347594657586 1.090692971910695 2.413713478555652
-25.98956133427342 2.389741411571694 1.163282955553209
-1.058535526355538 3.982104705703131 1.027434977744823
-4.084714970627999 3.969516519608973 3.967225444499425
-21.39790285496325 1.065322916454951 1.301068116146286
8.963640558675976 3.893741247747025 1.012596154509429
5.128871085400272 2.3437681479301 2.652998052969599
-27.19680592049581 3.956571187044915 1.04342881295508
-21.85176874615894 1.071650747495835 2.44274890777668
-21.80292800927313 2.700186276223826 1.077719797463451
7.455717924262249 2.550439432725891 1.170458117176356
-28.86516536487633 2.312142218834217 2.953833008214566
-25.33148343273054 3.878263091125133 2.214581183192565
-5.980865331547514 0.9930651410531735 4.006934858946826
-24.63185445469765 2.335587869629189 2.769268321633069
-26.23611062795541 3.904904003459104 2.906524471802605
-22.09747925302535 2.472217591506689 2.527556324341115
-25.70875782987209 1.210836302095414 1.065740973257034
-24.69149424967966 3.907012451661701 3.906710929068653
-25.73645128808012 2.791697627555904 2.221126429648839
-19.875960864771 2.489467399660235 1.006511347988975
-21.88895608074933 3.979056197391559 2.337902924693342
-26.69575999156658 1.167577819233247 3.881653929621651
-20 0.947704055019211 4.052295944980787
-5.925927884145906 4.0185571684088 0.9812312344828904
-25.93672925638148 3.885651771523841 4.001122082846486
-17 0.9464308451553043 4.053569154844696
-2.767034552576421 1.033435554141893 3.978500269455115
-12 0.9458735259901364 4.054126474009863
-15 0.9458735259901345 4.054126474009865
-12 4.054853886585538 0.9451461134144618
-15 4.054853886585541 0.9451461134144628
-20 4.057201303691246 0.9427986963087545
-4.21382836671428 1.021413125507416 3.978586874492583
-5.784233498164232 1.020924642556057 1.020924642556055
-17 4.058359618880558 0.9416403811194463
-20.34312730854064 1.055876545833972 1.05269503741469
0.1738923507114762 1.013567086407261 1.009880733728096
-22.00649662841445 0.9503328121422954 4.057218612202181
-2.814088523399798 3.983444124542145 1.016146265291862
-24.46465880209459 2.127096197232 1.017461603750337
-22.73264187839168 0.984209518548797 1.1628745322804
8.982411377655787 1.084244547053628 1.017588622344214
4.78465852952687 3.992946152832992 1.022989600138304
-7.182568400470142 1.006506534257217 1.006506534257213
-7.182568400470142 3.993493465742787 3.993493465742787
2.004669453156454 2.283278652425525 2.223089047475041
4.791036129361263 1.019283237289117 3.983767832494041
6.077570146950547 4.014239254842488 4.014239254842488
-20 4.06519610999354 4.065196109993526
-1.220336368800302 1.018384489438525 1.008800395008716
7.831640702898483 3.974468845079455 3.975343692445835
-21.92815290239118 4.010127708578177 4.012817264385997
-8.997495806657469 2.720094652097029 2.790007519738278
-19.47179449452382 1.055146889899975 2.501709471883421
-3.991023405754403 2.23302535440554 2.720526111202625
-17.51999724824228 1.055230766406356 2.506120166965269
-17.51999724824228 2.493879833034733 3.944769233593669
1.898404077425708 4.038810923988084 0.9796526559093865
-0.002972985900555614 2.264813983220801 2.217656075676996
1.820514721963471 3.997145606003538 3.997199123705916
-12 4.068035500128586 4.068035500128586
-12 0.9319644998714147 0.9319644998714145
-15 4.068035500128587 4.068035500128589
-15 0.9319644998714098 0.9319644998714125
9.01760346537583 0.9769298463422171 3.906498854880351
-4.219670234436736 3.985455954355265 1.014544045644734
-17 0.930916600885069 0.9309166008850689
-17 4.069083399114938 4.069083399114934
-8.860357497023465 4.012136406556531 4.012136406556531
-8.860357497023468 0.9878635934434674 0.9878635934434671
-28.71923249074817 1.761090343484229 3.961223715097495
-5.997521899399208 2.222771746685938 2.267088408492245
-5.860357799460095 4.012136537906335 4.012136537906335
-19.20528154609435 4.07200368828757 2.190881720861288
-4.095817723974157 0.9756472017796526 0.9732336055560372
-17.45597575729461 2.503812045653728 1.049125832449889
-17.45597575729468 3.950874167550098 2.496187954346273
3.142463328556058 4.012413321537669 4.012413321537669
-10 4.072783872773448 4.072783872773448
-10 0.9272161272265478 0.9272161272265498
3.10623885601656 0.9778551134545079 4.031324040361324
-14.21359418291726 2.813917582246127 0.9277345487250256
-14.21359418291731 4.072265451274986 2.186082417753928
-1.144217342492379 4.01371385218013 4.013512277072412
1.860131056585756 0.9816866978787605 0.9911266655492367
3.138359741476544 0.9851661976351066 0.9885963210619875
0.147526259645355 4.013119768173236 4.013476675335239
6.031788162426796 1.125245168230173 0.9346429832811539
6.041116124991238 2.752032033306723 2.239364390002847
-12.86254494976986 2.091225491748268 4.065642543310833
-14.13745505023013 2.091225491748224 4.06564254331082
-12.86254494976986 0.9343574566891699 2.908774508251746
-14.13745505023012 0.9343574566891778 2.908774508251778
-1.052350387955617 0.9462979519412319 4.056068817305336
-19.13027379408171 2.095901098037538 4.071231032322117
-19.17415248419416 0.9866690424104788 0.9866690424104784
-23.4185774750725 4.014314945337267 1.274149212950912
-24.43727905923937 3.897147084423265 2.843394577618362
5.966873629786025 4.072082929866649 0.9275836774050287
-27.78110327967631 0.9786164632405919 1.092762103156123
-10.07083522491074 0.9415705324443602 4.058429467555639
-25.28595071693041 3.966819281304281 1.033180718695695
5.97803318506436 0.927848357991885 4.072859554891473
-12.73868942116964 2.841466656271304 0.905619132300628
-12.73868942116964 4.094380867699372 2.158533343728696
-10.06558475883772 4.066458899805721 0.9335411001942792
-25.66573276344099 1.080607589694412 2.451717380082454
-25.05646476049247 1.017578255752741 3.988009527473316
-24.662735070668 1.021552440138846 1.344416977450885
-27.76164243410775 1.008468920381664 2.501294068396717
-29.06595461557183 3.894587253569257 2.204190722139989
7.693647213261281 4.026987335143882 0.9742509721077429
-22.0043573345507 4.074177943473543 0.9258220565264521
-22.35928880695377 2.754187635893668 4.021625724305819
-8.974777863551314 7.510378246997488 2.497075476159933
-16.03319407476596 7.517475489214831 2.490697364447207
0.9967807749812252 7.50237877727462 2.499906679414901
-6.04457238789707 7.506641806700966 2.5
-20.98195578258101 7.499663769577109 2.500336230422899
4.000000000000004 7.503587616199646 2.49985925607814
-2.999999999999996 7.49740819711673 2.503932299812047
-13.52930239400153 7.540622107589195 2.5
-26.83518353446445 7.481622914938264 2.518377085061735
-18.50738992268832 7.473782063509396 2.526217936490602
-23.50657712776828 7.475775184098913 2.524224815901086
6.501964027524087 7.529790841123669 2.498831290867825
-11.2535036411342 7.28408496514928 2.715915034850723
-1.000630300117017 7.063626573578901 2.935541417650573
8.051369103154652 6.804617051791259 1.804950082910701
-10.36467212435841 8.322326185862297 1.676823104101956
-4.523546696889266 6.774865604064559 1.770431507462576
2.500000000000004 6.76007726407421 1.757339346147881
-7.51140178577435 6.745819829634176 3.254121370756383
-25.17034728249614 8.201360079959107 2.940543595034633
-7.507971181699556 8.251759552614965 1.740876404500608
-4.521035210588108 8.226807077132033 3.235289003509274
2.500000000000001 8.144821992475386 3.277506109106008
-14.60079781715338 8.403109027075036 1.592871112885813
-1.551853467584666 8.284043748733092 1.738959305062412
-14.60079781715338 8.403109027075036 3.407128887114186
8.211292273950779 8.003141062931631 3.181581180720693
-10.4131251331173 8.44879374737709 3.44097937709315
-14.77671687090713 6.710595432014942 3.312147789771516
-17.26777041209639 6.677789321351781 1.678085091759683
-19.72731229380864 8.316264182865179 1.68296462656835
-14.81736007399394 6.754398332275124 1.649388104039339
-17.27302596427939 8.316103681713438 3.327278728768768
-19.76169901300918 6.672782075904443 3.327217924095542
-10.13467590179729 6.678946340721096 1.649917269053925
-25.36300824901551 6.64030615488198 1.822908183677891
-12.38669675546684 6.641100805563907 1.641996637377568
-17.38838038936475 8.353334577035477 1.632765311428122
-19.67208654445776 8.346337683122696 3.358020830158046
-19.67156901932531 6.641545851506188 1.654039406142195
-17.31115518110716 6.643713903851725 3.350156085304633
5.260007510852623 6.686824891981917 3.312940103641303
-7.500000000000036 6.589012147448274 1.592135286785116
5.242092506246265 8.333487595802639 1.683678861123486
-7.488532099919464 8.40515225960376 3.399533917018651
2.451853034721464 8.415130627589402 1.59443531008279
-22.25980807814499 8.304908007531472 1.686981133186404
-12.5618486131088 6.582035983593126 3.417964016406875
-4.566531001366966 8.420752865414748 1.591130719014374
-28.29541892738886 8.047910637884959 1.741473923505151
-28.34718614637041 7.335582426164404 3.286690263096158
5.151193690617475 6.653398650245063 1.65491870097743
5.158344725298607 8.346489158660212 3.344594288232017
-25.71539244526121 6.635415443416122 3.364584556583877
-4.495428841818118 6.578313615217017 3.415845946736164
-0.09560343278532635 6.636260586546877 1.636831528302044
7.435825392298484 8.383690875459104 1.578616969813641
-12.05818716400455 8.366056316400478 1.690288757525841
-9.960284044393706 6.607775517470235 3.392224482529765
-1.906271709486154 6.636684072445509 1.637019543462636
-22.54545570615602 6.565976456028284 1.566397819636234
-12.38263951742779 8.185708096212752 3.434440982594754
-1.90186540822468 8.370862377864951 3.359515257457995
2.499999878383763 6.532459735688354 3.468249780990665
-0.1010915957256984 8.371909354404112 3.35973729871845
-22.2290196164378 6.682052382048624 3.317947617951376
-22.54552981100924 8.430990957287943 3.43512968078741
0.03621823265353186 8.403790556265932 1.59305793859839
-25.96048406649312 8.41767513965387 1.580405925179051
-24.35477222298424 8.442534613606583 1.562353889141897
-8.975615464567461 8.595370066307542 3.585437271300417
7.503478031418894 6.549289960318943 3.450710039681057
-16.00104547146576 8.622044686616331 1.465891848905186
0.4976030177616337 6.454542852715348 3.545457147099353
-2.337731559279952 6.50019934186215 3.498526052863565
-8.924027774789902 8.553269319798275 1.453855411223168
-24.19810062560411 6.512979565513406 3.487020434486594
-26.51825235910134 8.541877784579857 3.56824625443533
-6.034731325562756 6.452447250726619 1.465452913243646
-6.09146073595166 8.537972584142651 1.446912798277905
-6.024937249782365 8.549301320669725 3.547501194034204
-15.94953593633893 8.67624864421076 3.444658360189709
-6.092559392828921 6.461738961753141 3.539879036812835
-3.099207882368376 8.530125051536718 1.451206345095256
-27.96885779262921 6.537200824169055 1.993656328592017
6.626696874882131 6.456675544333706 1.455557743210415
-27.17696312464453 6.46152912518397 3.537682525664418
-21.10144742673622 8.557288371149834 3.48574948538691
3.86075727720402 8.575388535555023 1.39203261498071
6.622994102763482 8.587569278259339 3.554144052874562
3.906263047296554 6.37584570679187 3.624875024857018
-27.82730826024274 8.643869770983468 2.969550325163691
3.799407290927705 6.378094911307135 1.370509220526455
1.235232235182808 6.350357550558186 1.342932569447546
-3.251694914316205 6.348105646753267 1.352519804993572
3.789601408521678 8.665775347427608 3.616154221429559
-8.834339069927928 6.317597748556802 1.338257785014015
-3.248786089846517 8.676806752951418 3.646280676713316
-21.10103647829562 6.515500926094778 1.441177027500674
-11.25522863739478 6.299890093515441 3.700109906484558
1.2459941392139 8.672802740842306 3.646249444687805
-23.9594425935411 8.583415632503371 3.602452049739776
-16.02946003188315 6.324363208307576 3.675636791692431
-20.99586465479713 8.691772650105726 1.309712395200918
-8.7335567925536 6.272489976595226 2.959575521932784
-13.62111499966402 6.2614021479745 2.05752155766759
-16.03315552900809 6.279875775182638 1.302703132356877
-13.40751515605819 7.925877908290548 1.226034559489839
-18.46697920243794 6.222307455378522 2.056319229455101
-18.5445764788144 6.275600139896105 3.724399860103895
-18.47193512271546 7.93829736575241 3.777550972605577
-18.55888282277496 7.849554916590537 1.251236663646455
1.287175432755163 7.856399742931272 1.241516467162348
-27.20987537124712 8.761369877477039 1.258797760990638
-26.67369287055008 6.620255907453563 1.38286850863675
-11.23953939843804 7.367733092727065 1.319396189894694
-20.92267754186646 6.227252777311764 2.867714778824819
-20.99655673341126 7.180395779964395 3.788872922939059
-8.939274943538187 7.311304993219671 3.780557006515605
8.722631168345277 7.797728035561679 1.278360233478268
-23.96900634254174 6.40438215729512 1.405297869962455
-18.60886543687806 8.734922883641662 2.208104049647927
1.51367757183573 6.298605894540574 2.628454206409088
1.474559630666016 7.320968068470953 3.713205442448651
-3.401711380240835 7.24282779704595 3.733873466669451
6.390666195183931 8.777865383600371 1.251040233885796
-13.81406495616936 7.443918884125647 3.751991830899464
8.728834839865387 6.933994612379257 3.759376666844899
-3.399527199657756 6.282690542174429 2.769757330061218
-0.9996057868641159 6.151608435717727 3.848391564282267
-9.458438437430789 8.868239420693813 2.501531809851806
-13.81393125454263 8.760879398260895 2.5
8.688498120296755 8.740070009713815 2.198869807070697
1.354003638920627 8.710287013290333 2.209660888544389
-11.25448887207559 6.210336701190212 2.032521944798434
-16.38147516057006 7.532445289539199 3.751765809847557
-23.3229188450772 8.743081818495295 2.295270382946636
-13.71445966007993 6.18431807946304 3.749370888079
-8.343352271491863 7.464957573958985 1.240793423171201
-15.61203641786836 6.249948062880749 2.489495110953545
-16.40809880533352 7.466321632272296 1.240758040408598
-5.3984573193048 8.752121091347355 2.475189270993858
-5.395813429361697 7.511500357737209 1.246884121443764
-14.82165553686612 7.623668139837732 2.5
-5.384116697057568 6.250025715295576 2.522536453458279
6.383892482408882 7.087715340973333 3.815675569595023
-5.392748522644405 7.483196252325653 3.749166917207527
-23.32951417655251 7.684356559706066 1.236980262032521
-6.683692748355398 8.767528959835033 2.515808266023331
6.391552321980366 6.251672736064434 2.79777633026967
-0.9999999999999911 7.338253695286242 1.141195957606496
-6.694087980136484 7.524926053581381 3.777033872690614
-13.46382229239609 8.634195572817356 3.859837186560125
-11.00000000000002 7.480547855485464 3.89152018757076
-6.691064386035585 7.476054044757872 1.222862662156612
-6.714601482772817 6.212385981345744 2.471487426075356
-11.19410795793726 8.760545271517888 2.509904282041135
3.336657061919909 6.234802487169949 2.522016851825238
-28.81577307162649 6.256917912880922 3.790781935865439
-15.33018021436756 8.849528353862082 2.43299313155402
8.856535380893291 6.14346461910671 1.14346461910671
3.264356068979563 8.790639142279842 2.47924010295231
-28.80385210530299 8.835077694416183 3.745758074733247
-23.24420797461524 7.329142380569803 3.777174837322204
-23.24420797461524 6.222825162677796 2.670857619430198
-8.245028664113722 8.802889195531302 2.535081606630554
-10.138224377346 7.651284736359761 2.618424266509515
4.307495169286084 7.544798437050519 3.771562647561101
5.95586036245445 7.461147247156514 1.156366794654909
-3.693821623213479 7.484055751873832 1.209171206905351
-3.698454152511395 8.782962897811238 2.50101105553857
3.315461995961416 7.492801802746704 1.208586154654642
-16.61558603096499 8.811347248395482 2.467499589336928
-28.89753172163319 6.980364617077298 1.112381918962075
8.483912317887205 6.222227875438658 2.7924805043558
-9.57212002515281 7.603572937814286 1.167968411888283
-26.76966704537117 8.829924510160961 2.39321445415905
6.074589187525481 8.855134229055116 2.460440991205961
-1.001682679165235 8.86734895527853 2.676938829060465
-26.5086030556907 6.155433804430942 2.529210768727421
-0.9999999999999929 7.778618213957407 3.912400736683503
-1.001005654783754 6.08556399932603 2.222117747506536
-20.55026411870423 8.797253494751148 2.432587941107196
-20.55115872177185 7.569003262688211 1.199953618974194
-2.368938101908356 7.630433652117902 1.164322515220666
4.473721830820327 8.833485689590706 2.473641598934694
-27.29247716483351 7.63892080509986 3.800982151566383
4.506562813794994 7.539081036228835 1.184312854654209
-2.405281673300314 8.819197509700347 2.376365458173932
-17.19884670018133 7.546456438114876 2.453726593136789
-1 6.087228815093489 1.04379709913374
-18.94827502576551 8.940854455295128 1.06690778387389
-24.92478483770261 7.43896638820153 3.894484681983124
-28.889352781732 8.889211959684307 1.111348571530847
-19.67183630822085 7.522028551257605 2.534103550467143
4.520474963061941 6.178169902813425 2.538811025453876
8.849060485302878 8.836724073793588 3.849603014102893
-23.13044278179652 6.113509208077256 3.886490791922745
-23.14928719893894 8.875869723271725 1.112111529724212
-15.24257344669548 7.584365926968305 3.895108018390141
-12.87792771018477 8.967795213094091 1.100609404339341
-25.06907198603756 8.919510879725003 3.889589449109478
-11.43652942889581 8.593269078338569 3.972950146068848
-15.28782134069496 7.636821949151098 1.097464393823983
3.153749259135909 7.401020104962318 3.90017204668445
-12.39551054545514 7.337132480903678 2.561878800470351
7.486845658947615 8.905225432129212 2.708330762367394
-13.49884474198339 6.787485330865485 1.032889871158561
1.000000000870346 8.958852241078629 1.03041989579637
-9.79521563662076 9.074462417098195 1.25
-18 8.970566442803561 3.97501591014969
-28.85185833937708 8.852606329714876 2.410929621062625
-11 8.945599005300238 0.9894785168743221
-17.99912546605723 6.087798210797923 1.013247155515001
-5 6.028559994349423 1.028559994349422
8.923220878617087 8.932161733329544 1.067692045447319
-7.854493628001013 7.35705648171794 2.355668204764124
-8.151191948661239 6.072799877066427 3.927200122933572
-0.855636722363041 8.924528097334676 1.077820538007115
-1 8.944817697802444 3.962341582235461
-5.030165767308173 8.96217629170842 3.968012939855973
-7.974770577280953 8.979859764081784 1.013720376053155
-0.142179552579206 7.546368563923849 2.339898102846223
5.161802866674735 7.48161391663379 2.470443648693963
-16.74342768492633 6.110990517337745 2.517084737999814
7.693040842469465 8.840297045487425 3.917678176424187
6 5.990955803757832 3.845358886874443
-21.82713030203667 8.873152204477687 2.618685777696488
-21.0091832767516 6.055264066722215 3.995398327379579
-3.335849010666216 6.114530340618099 3.897515739585099
1.528356207804872 6.111821781785206 3.888178222106832
-22.13791628316706 7.649918487475235 2.656114293878676
0.07317545280734272 6.032709238827172 2.582059741561032
2.889158237878775 7.663530592080086 2.32514563078631
-27.35030485750334 7.580767461625618 1.187214699499224
-4.935137933789598 7.324987443116488 2.677866471089664
-21.70089772973625 7.456066210484836 1.133688789226039
-9.786369098904363 9.137668368586448 3.75
-7.026219329885773 6.013186307377178 3.986813692622822
7.114857699976599 7.437726714344225 1.066882575687562
0.07797794040643957 7.424828632424555 3.960114079019864
-2.136309416685714 8.965252523993065 1.054905548353418
7.769674048649882 6.006748670448364 1.108354452533137
-26.15862615602911 7.51913066292253 3.952353535590718
-24.63709534468212 7.201555649131042 2.649153197740538
-9.93624344942701 7.67048642739425 4.037443942360434
-7.865562800732231 7.525050476963739 3.959857171394097
8.841553390857017 7.438695115364107 2.38044750046561
-10.98798376692368 5.991781764617715 0.9765041652287497
-9.697902684758564 6.076015634859325 2.462905551391152
-15.22737659658685 9.158672848910355 1.25
-24.6637802570872 6.042579511234386 2.466844256352588
-12.65601493838049 8.887168716910717 2.544541007637009
-13.95180365174662 9.009778947932782 0.9752606717372279
-25.15970461859344 8.969721218814147 2.12978560283391
-25.15232806393885 7.716595436041959 1.060242724491308
-1.893036789107327 7.451890292300497 2.39502016314241
-2.065342304558646 7.464087888852373 3.984058007106474
-19.96990085318991 7.510818842998264 4.010274976720519
-2.059914634281158 6.015009208300192 2.541585923436732
-15.16665450525776 8.991739272122336 4.03552534540238
-21.88884228489861 6.028370482271006 2.314214454351267
-12.20608841707747 6.047475961179171 2.537669068025466
-19.08491472885642 5.998614338756964 0.9986143387569634
-19.92787412583968 5.995242538965508 2.49160695666939
-7.789249636855565 6.038497450483884 2.480521285980891
-9.234730281981751 6.037644451149683 3.962355548850317
2.826991960205533 6.008182401933259 1.033772690822397
0.2793010446875144 7.48332736084244 1.063627596591449
0.3200833545638169 8.937548973985486 2.513715952999223
-14.20800307739792 5.987888859579445 1.192389704335606
-4.027930520518408 7.713683920024221 2.219189500820602
-15 5.952613094701981 4.047386905298019
-27.58879345527084 6.052326495952745 1.049414641684069
-28.88247865933961 7.197077548260191 2.267244682871676
7.333256969026282 7.739701876320805 3.881878233157325
7.435024326659752 6.110905150712505 2.42602361574186
-20.00987900777219 9.048789727954828 0.9510991666099654
-19.08671380512552 8.996730917417116 4.003602801052843
-8.098355842210236 9.038289296503248 4.011611206728011
-22.02183273235018 7.585467245013219 3.931590145747339
2.005506063210964 7.245553051509228 2.778568163077385
-27.75152133096311 8.961902469363462 4.012502162261683
-12.06303123821927 7.332099135885592 4.01442375181819
-17.65163939793011 8.960960720345712 2.585331089041404
-22.00002132687783 9.04876406082224 0.9512359391777602
-17.58109353688294 7.48115665818142 1.056765846283402
-14.56626592900097 6.056896005195979 2.500110135754684
-3.925277048588439 9.01676569672108 0.9752612908425184
-6.863451125510867 5.989786297410439 0.9897862974104392
-5.218818856117979 6.022341816641207 3.978110542304248
2.999999984593743 9.055932606836798 0.9399019382118742
-16.86631126201472 9.029722566937215 0.99552795486798
-16.80258417088159 9.00260600877246 3.989137476401517
2.267216942020021 7.501819099940777 1.032368467515746
2.789844314481641 8.950223099727172 3.960260017697721
-17.52532976075712 7.493520800543455 3.945052979037501
-6.863183341901067 9.006336491068229 4.010981350984617
-17 5.931109685665027 4.068890314334973
5.74661483097766 6.019096300477466 1.030676653743162
-10.66193276443764 6.015001399609242 2.879473534430066
-25.17166525757438 8.946907339205131 1.03448085865804
4.999999420211807 9.057393136788548 0.9388841111065879
4.949025833208313 5.963903905763121 4.035514074801432
-6.943773308046445 8.812836965885655 0.8969025884845724
-12.40571011141524 7.555242618600968 1.067435182092781
-16.96065579231689 5.941762206456656 0.9417622064566562
-20.13660360147449 5.980572541200005 0.9805725412000054
-12.96259502484664 5.893146009708041 1.176296310853075
-19.96416091814732 5.942099657799967 4.057900342200033
-28.78158741566771 6.103697850208018 2.705468621141238
-25.75909264279014 6.04615755048448 1.032766976628078
-26.27532797323864 7.557449054766978 0.9806941866942085
7.585040459358194 7.61249538551134 2.375102375853634
7.887297613069057 9.053164976940437 1.089602615471485
-9.945392363312369 5.942508623189106 0.9336102128585503
-17.90298031566208 5.920945943857715 2.882447658578148
-25.87268500634028 9.05523585548284 2.906243746904327
8.248490354109411 6.016400132937602 3.983599867062398
-19.51820451980399 7.48083328386846 1.045081602980637
2.243809646173566 9.032130792120478 2.723736172462927
-17.9086073096388 8.947175805980661 0.9454366383347667
-20.25853179230194 8.986482689542132 3.97387903690066
-25.0476435498673 6.010974947501041 3.989025052498961
-25.79041043221353 7.613626799737742 2.280505800172091
-7.959213403240177 5.930805011459522 0.9308050114595255
5.343274942687889 7.512800438101647 3.961653504904374
-4.36705435667368 6.026786208128603 2.478976838857417
-29.05355484870114 7.82171021010754 3.901775217569549
0.01098794535291425 5.903407675980775 0.9124709192570868
-19.01777637121091 7.118432145943486 4.088105882140873
-7.003675959116872 7.810322020833721 2.714538005744716
-14.28503342708963 7.445092347854827 1.001717138067484
-10.20382229221637 9.195061312897799 2.067892922292978
-13.17022944208005 5.920728745130469 2.917132345237301
-4.378181654829012 7.506299971817223 3.969327745005757
-2.011125361918761 5.903423844324262 0.9126649688058007
-8.346066181313549 7.926043918110389 3.168178075877168
-5.242045714423606 8.986409989828791 1.011755134247136
6.99977586282958 5.904586161950496 4.095413838049504
4.687694748356384 5.994229645113667 1.008032994497542
-24.26848617850377 8.978930372267898 2.681957887866176
-18.98476023462574 5.900771224354973 2.879201723729236
3 5.897261250559564 4.102738705630182
-12.00330300328306 6.085737762212383 0.8702657196398269
-10.21762529510018 9.210142865130958 2.965665942869497
-19.54575793974275 8.97433379122921 2.554895008431551
-18.61054172518374 6.894207672867402 0.9037253984833331
-22.00045734422689 9.079159497185083 4.063132164996278
5 9.073685044988959 4.081608777813476
-27.86619835685374 9.072856930050998 2.014147414368589
-12.12626175724835 5.936824216324069 4.063175783675932
-2.014849200407488 9.095234531912048 4.088135848857537
9.074275605305903 7.856546186303062 4.031916826455058
-22.00321761199629 5.925244711225282 0.9250497329088858
1.997470832743915 8.943131234182507 0.8603589435174793
-24.25052125199891 7.391710770515171 1.678121455582759
-4.012965764762161 5.882761783079186 0.8827617830791855
-12.35276687112907 9.016197053239319 4.008012428365644
5.756538423784236 5.92287229339521 2.056265690880389
0 9.039729445608211 4.11971943168359
-18.4832827301845 9.145707873967094 3.114119507481812
-28.65768925288119 5.949972328490115 1.38286406869455
-22.05744499218559 5.945524110839563 4.054475889160442
-1.284598246154031 14.400991181517 2.499999999999998
1.661448136211721 14.23584849731736 2.499999999999999
4.183422184785813 14.94798259235545 2.499999999999999
1.313517207882462 16.77207029486228 2.5
6.614025637061296 15.73674108516075 2.499999999999997
3.510941433877887 12.50776094638848 2.513678675912762
-3.34721285820264 12.9061807526401 2.500000000000003
3.808230545703494 17.47009989018132 2.5
7.527440273587898 13.16236091974646 2.522630215128892
-0.05294643280276645 12.33454437397013 2.562743506412134
7.732003959140279 17.73004420947929 2.290662589471042
-0.6954133083444276 16.36437549826636 2.033664836602307
5.628149656207464 12.17201869562979 2.11537759716769
-5.151631688583683 11.99533877415662 2.12923924251337
5.728236044995707 18.02946984679368 2.143523220638355
1.745610216533944 11.90707406250297 1.930014234732098
-1.818266243766313 11.87523714569514 1.948002176359927
0.2397456081635312 15.23394967170318 3.194340519749897
5.803858752268412 14.09391614468052 1.870140506020141
2.748327828686328 15.85980323796588 3.233863224400366
0.8624401251974589 18.37652144300018 1.675912761664792
8.212265064138924 16.23700182927555 3.21889121037005
2.239737762297644 18.26880512253193 2.809693120334992
0.5557726323282512 18.20652809784895 3.338079071630419
5.065823021102977 16.36821456737426 3.209634456817112
-2.904499697888964 14.57848584745026 3.255975377531632
4.845853948051462 13.45680930647491 3.247795586287917
0.1614996700550382 13.83808909200791 1.723127990086613
8.167007514159545 14.83389998675101 1.985786479069957
-2.603155868317803 15.03277181956131 1.64845937545794
2.737212215860259 15.24786989786287 1.635864541001459
2.064262199722692 12.84107923824533 3.389851619920685
0.8109495137608747 15.39717570712487 1.60922424799582
-1.493281718703122 12.90057231717189 3.329444843345597
8.052895871351401 11.6961000296698 1.741316551683326
5.212713829302718 15.91556231858768 1.608273440105185
3.044220930012305 14.1606195960273 3.385328380723585
-1.291548088032744 15.74716129258489 3.420393527811663
0.4565834973688609 13.62822456086391 3.426472585468329
2.841154933440831 13.63728779909897 1.573336348290139
6.52251396851117 17.17761469970117 3.34280504048479
2.632794615938358 16.86404494921682 1.562240364075008
-2.678309439756026 11.63443223975375 3.371754491616192
8.398293051181975 16.43067702561148 1.567196478448144
-0.08072648671820382 16.7629863720607 3.434182296347686
6.097063122569812 14.49387373462858 3.428232125503322
6.867612802187626 11.72435123273629 3.260150838745838
-3.56538213964202 11.56436069859265 1.575057975897328
-2.204601459562003 13.50000298198809 1.57511064789453
-6.39739736201857 11.47843181059191 2.918441558846231
4.655024514991898 11.62148248184983 3.374471223698854
4.779443357443393 18.39878564861883 3.400527300975299
1.103449285429662 11.57112693167286 3.348608666655931
-4.513804036336172 13.29713362610966 1.522040023089373
8.227056720042823 18.54261504519593 3.485761247505378
-4.284540348860657 11.57730655310931 3.417145726858444
4.417927313789786 13.37564262686368 1.523044214232044
7.687754545398652 14.74672338475549 3.54302932143865
4.391227693483233 18.49455975767485 1.459859379416804
4.290745840197236 11.56012551318831 1.48983239444557
2.85096943415327 11.49833515432149 3.503805977368865
6.641759072936669 16.93767361008804 1.503285757257602
-0.2740118713429052 17.72058223489145 2.26722036707186
8.469405908499093 12.22191295092319 3.421081103058341
0.4014168533460509 11.43207864957732 1.446995859771135
-4.590889534536169 13.15243558082982 3.48602893367833
-0.5790602879636317 15.04267588945881 1.410087229725614
2.533017790219833 18.61856101770719 1.396018026433853
6.892562770621367 18.55846644073554 1.38608071529632
-0.8952310083703825 12.87830845727366 1.435980554157702
1.452403427888319 13.24036415755274 1.439704138565536
-6.347162255269868 11.44507103721309 1.428778098352206
8.609615343162394 13.69008727948406 3.437284911187395
0.4566098078760135 16.88748327199267 1.352051995625162
-1.095259860660363 11.48074465525599 3.180175381055195
6.777959671688034 18.59053711717636 3.012027578698919
1.594671289042736 15.11819210007071 3.614973668383141
2.900010205402384 17.25422744014165 3.613638397168524
3.842562977710111 16.18624169041881 1.885301283825697
8.575810811031189 13.08764803933963 1.424713834018
6.658624691003686 11.43384325991564 1.385669654120558
3.369019174659003 18.63942638697272 3.642120196849798
8.535145410036119 18.63096709058464 1.447002268612776
6.225099762526709 13.02283171208564 3.586584473768691
-3.646325059844804 14.22269318166562 2.120172136608568
4.868634005421089 15.0834740577962 3.701428111637246
-2.033046782686302 16.11387977771921 2.305999220260408
-0.6499836776059791 14.35075346148216 3.68709983002095
3.008033352241042 11.31347049757395 1.982409955816864
1.563147848529724 17.38152362754334 3.671765873630008
6.876019897284221 14.90166669925941 1.362664409462526
-2.803894234298571 13.28066488623078 3.710704765744972
4.703752833841591 17.1730469274776 1.521401547622193
6.608664185234103 12.97813133272578 1.418903757346393
4.183422184785813 14.94798259235545 1.184459308031936
8.76728545265988 17.42153182170281 3.047900413969762
6.21186173618261 15.94063563999049 3.765793062885296
3.396230134772298 12.50869499904043 1.209411998797157
-5.507315324175362 12.00364931821482 3.778222999835409
-1.276951157002687 16.96496600854109 3.009840871010542
3.937224222680865 16.00248074693882 3.765215030527582
1.792448849251338 14.46679655003028 1.239268668748054
3.679362603979166 13.05478955510851 3.694446725650677
1.782716114890556 15.57801386778785 2.430063294759639
3.441420370748816 18.70906177535839 2.326724717796553
1.021088709958867 16.23848084694066 3.787148803121581
1.831625585242728 15.97963416772461 1.144482666443406
-4.879202398278077 11.17899898559525 1.178823921158465
1.571799085769078 18.83544325068542 3.699019275677601
7.726050622325155 17.2832827144885 3.799587769394305
4.256685236395496 17.25311403762037 3.692964633625728
-3.284933465334683 12.87457614971429 1.197780064351879
-4.020640726239098 14.26859413504328 3.799199854988907
-2.550317208976448 15.77782360138952 3.403820738901374
1.572466369723291 17.44427857599857 1.233085670447309
0.3376863912356391 12.67794436320018 1.260461170434486
1.078193396217788 12.90009111427998 2.599378070218779
8.797827021018131 15.24444111029034 3.795002647420818
-0.8886130526555363 17.33177449842422 1.199317835475401
-1.833259082738918 14.67155716100118 3.873784531620242
-1.629819631825104 15.66684757681648 1.226700201276892
-0.8087564667656153 11.18019984646892 1.177333974938459
1.640029019253399 13.90477974370201 3.864425860252749
5.427870485990464 15.13366988118895 2.57306439062476
-0.5076571028190262 13.46842042780444 2.683665983251518
-0.01871990301417625 11.13537723359792 3.77178742941298
5.449959406351219 11.13087117723224 1.348427985166164
-1.191118162814769 14.02358556131058 1.153638474355216
7.519306086259339 13.1441023054974 3.841072733539375
3.709681059748446 13.82272948283686 2.415391868870418
3.417826060598111 17.75939286275111 1.168902122560073
-7.016639880962082 11.09414568681137 3.905286045042529
-0.3098796256428802 12.65056468568104 3.79196515760986
6.954223523944353 14.30753791132622 2.494776932834815
-0.06871298381925861 11.10060462516598 2.539022185561933
8.91195054649711 17.49350460879077 1.330899062592284
-0.8137579666078487 17.70376440733452 3.747826766346538
5.868815913991628 18.83855398235006 3.839577785408769
5.695768525755725 18.81785320898913 1.185883113855543
-2.470839325496453 11.17367710639988 1.181524374290404
5.700723128330964 16.81664700565827 2.269723354393331
-3.578872406547903 14.73938697645765 1.071771391900047
-2.237736914464316 13.72099618974742 2.751657259819727
1.110058524249398 18.94590695375978 2.64789614074988
2.178421373617759 11.11380206999078 1.137897769057128
7.47485879300071 16.55678099246649 2.325656598626923
7.98327466330719 11.15561051132629 3.883583168464835
4.128467974803314 14.17019196612154 3.869614916567174
8.893484200058333 18.85032222484116 2.555231380529543
-7.304225002731609 11.09321342544103 2.04694845284344
7.724655949837347 17.34362703587857 1.142512296909237
-5.298697042003973 11.06873319064956 2.837301991313975
5.806659000243171 11.22522309466669 3.791992871744962
0.3675958259897776 16.09822266352383 2.425529586647156
5.354246983893524 14.86303470968674 1.101188803650603
8.909002193054135 11.10860145831034 1.089456754424804
7.548866925390614 13.82273993632872 1.21776289935771
-5.858528853159967 12.59265727180135 1.209136989470629
5.017273893288104 18.95155313135367 2.353810581047547
2.40716044027843 12.80759593396223 2.272941877523619
-5.592825608225331 12.92615894155866 2.662347017068873
0.9820509839151015 12.6463886040189 3.831858835313154
-0.152039523790684 18.23791226558254 1.106889207190858
8.783946457196905 11.22451457497042 2.68148415506854
6.27749237963349 15.88841238736043 1.083586791532441
6.165460897993544 11.13384076325553 2.458549881165773
5.444474286513591 17.47236431672466 3.817557648941285
-3.485035292941916 11.13248725237286 2.670931268458269
-0.647434180240678 15.33534565327583 2.500346770495109
-1.676763887092536 16.68972796643366 3.957072222614713
3.235929519431121 15.12685173679546 3.954573914914998
7.366005373044654 15.83875706722744 3.919907357587153
2.259544511844721 12.50581757719578 1.105212595353615
5.036262748038967 12.42775059134686 1.08895567222942
-0.2633677545229975 16.0672268621125 1.020755764372992
-3.494168751157847 12.33439422953693 3.860352930408085
5.728446878892544 17.54864325172785 1.061008609560747
2.102361792912298 11.09186327281121 2.695875706739011
2.435500845422236 16.80186260627402 2.679976958575736
8.905625792449662 13.86494050684388 2.283236724230042
8.877617163529591 15.70531588770874 2.383805748578118
-0.3211161217879326 15.81270920102141 3.963200491894487
7.604997519312102 18.88721092874258 2.247140202530702
4.024846677281985 11.04368506189008 2.516993544317295
0.3783316144999898 19.08604959537901 1.010670300445006
2.106138577830263 16.44434638871029 3.931279775056827
3.169384932160096 16.06014056497258 1.003904657563447
0.6277802447259386 14.60979536753098 2.366018664917554
1.248235089262751 17.86316816200703 2.56265549574363
8.814932766237106 15.38837082046439 1.140133898621702
2.57507198872838 14.83950210739186 2.650047324812194
7.451170832204056 15.89708859298462 1.122915052369893
4.643763597502213 12.68657077806651 2.416811630783723
3.199861949051401 14.49343668804431 0.977304212418148
-2.052216151572999 10.97759850041501 2.606507825542737
4.909649650086102 17.45238636775132 2.783243431011912
-2.214002197245637 12.4754057227713 1.046765902040305
-4.384457369732313 12.22771581022196 1.082095790648093
5.193344276539177 12.5341610438586 3.906121444533809
0.7179610102099172 14.47436212207911 1.026428995814436
0.6994212261176713 14.56942801028238 3.939236918113732
7.211497484221522 18.91981574227991 3.997033238517109
1.039220020431687 11.05712241088617 2.305282256324812
-1.831907345293118 16.75745760932043 1.40703307344783
-3.383834572459612 15.16772925255275 4.016460542521886
-1.853656702271751 11.07850828687188 3.934031759677761
8.72688832335899 16.84256631395468 3.995174524888661
-2.140050507475491 15.0743698541706 2.643222175305006
8.857147789390769 12.35330347801057 2.309991090956389
-5.92054434661177 10.97419723576577 3.783843256077057
-6.596533890751441 12.09787475286615 3.797231595899717
-6.297973063022901 12.25879033594535 2.158266076250788
6.235651703471415 19.0075279812775 2.148250179192293
-4.609711232216164 13.7895544321721 2.543392706360852
1.659462287134538 19.0343801502715 1.771799835996722
0.1379571073144223 18.67722047535342 2.368635371649927
1.910959636989254 11.04315788000132 3.941617291708772
8.882730148138894 14.20129320437546 1.143017132666432
5.731006355099329 13.2063033818164 2.578234157889622
4.783869713039776 14.04332665708771 2.318201181208082
3.551969953017028 16.49125058526622 2.881069780338778
4.355908527818695 15.98690898765317 0.9599558186539545
-1.794046635164495 13.61680298559264 4.070621533965566
-2.338283059541714 12.48303244387624 2.728678093046878
0.3468716455425156 19.12512933737578 3.52000257839605
-4.078469971168749 12.0640284514558 2.43270536576037
-2.24976744927533 14.33894217046361 0.9330004218530183
7.085174098620252 12.14032384164102 2.20002475571521
-4.444267611511332 11.05865192102743 2.166792700232738
7.612096821842879 11.04796583864431 2.631548468302059
9.061480656319729 17.9984305000785 3.921190821081193
-3.447718521093423 11.08167668210888 3.927490235217488
2.321411743237712 18.0980981785348 4.000099532810377
5.58665583170762 13.41839856215913 0.9797849077019277
9.01996952154118 12.18886061258907 0.9973177898347884
1.189088619606215 12.04380194237994 0.9988611000706311
6.962077303138519 14.0987208944212 4.019068668100941
-3.181879733356885 15.303297820859 2.512616915683968
2.862615005871801 17.7720634256649 2.088733965246511
3.823309042139429 11.10281654029997 3.984677585941496
2.586075769506485 13.47945931352401 4.044442679287861
2.853447804978914 12.44932847473857 3.989358910686231
7.864221899714687 10.94962100162994 1.013450652180826
-1.968550795873021 12.28819019424661 4.048220643895927
-1.452235427492923 13.16285566194902 2.29801511943301
-2.672222513548665 15.93437312298842 1.033891386666995
5.257456687053986 14.11891074971609 3.996807999674394
0.5650265118374165 17.37938369563701 3.972422661134633
7.36035607228667 12.23708226524928 1.049856289015446
3.49886386783351 19.05366952924439 1.324078682409796
7.655946765491272 15.50862477487208 2.652450790250771
3.589573046848424 13.54227625274562 0.8664295363226734
6.67440211330212 17.57770172057304 2.361191761463843
-1.062209915966248 10.93750393674385 2.185161168703515
-7.215100912896428 11.00665505155812 0.9855701353293207
5.08471164581877 11.25979206731508 2.369138767802362
-0.09274470284043979 18.41256080126805 4.083140583079104
3.326966668779971 15.51167031750753 2.461378884511355
1.583286547153584 18.42730216093624 0.952887855512507
2.578359766259977 13.77902149332685 2.554800134510482
2.365053447812997 14.6013562611301 4.040902392663623
-4.896225877467373 10.97890223443057 4.032735675909329
9.038737573435586 12.90160420523617 4.038073856853009
3.454952447591995 11.05545822509856 1.038837427226776
9.11079869323931 17.91455937175042 2.231406057195621
9.071375944863059 14.55120544465317 3.057962557953549
-0.769838370530934 11.94301909294945 1.900289100997688
9.041536605573889 19.04407956808667 3.908946215687175
-4.439045761835876 14.18051464872617 1.001209282426438
6.585060802464844 18.05004300879228 3.963306266792517
0.471238242021391 17.25632156189475 2.755200772922058
-0.2504135477430882 14.25082211863906 0.8889567697052604
-5.560432314206009 10.86114901098986 1.877036048663058
4.630592880301558 15.86078093484971 2.441753662739357
-7.499172457082629 10.85951581862093 3.019210178485289
-0.2778049228880644 14.44090709107513 2.760881762286272
7.86350480942518 14.81261259059326 0.9596864442905875
1.814360847325544 12.06743876001348 4.025952925501381
4.693018333566727 14.11828744959205 0.87988854836862
3.81136089755794 16.85027376851641 0.91950257104331
-3.135928079624662 13.83798909024731 0.9032411602049117
-1.644350513949821 14.76258417959131 1.644339523469086
9.029099175212254 10.97090082478775 3.909038598258125
5.273165684283361 16.62279277299519 0.8558550897712317
0.7174352389958027 17.80861710937287 0.8670475192673561
1.177132904811032 10.97389053989712 0.9519689790779062
5.256637839455282 15.92883771830859 4.101863721735917
4.180432763281666 19.08240985810982 2.92910715401708
0.8677933073010511 16.0964375859552 0.8922644680456023
-8.138945946911488 14.57540256033091 1.252313497920992
-3.918654179484076 17.97040860641157 1.247441293335353
-6.912275996308985 15.09289866394875 1.255104566115386
-9.348842515765128 12.51438461288579 1.252832959238647
-5.770419427064583 17.30878621906288 1.251633922785623
-5.887435308116151 15.92679170605225 1.269968537909261
-8.351954497448091 13.31479859180638 1.20757531985813
-11.0412794165517 12.07849829832517 1.24651614651385
-2.893281215478432 18.8055228484609 1.210475917552378
-5.092592986126075 18.33391178228388 1.257196738924537
-12.01710010101343 11.17943930556006 1.249608404989095
-9.516743088578437 13.73786919256048 1.112919230941173
-10.00417275466343 11.55326144302162 1.388311507807201
-4.675251117792827 17.16722696439964 1.475287476164001
-7.068928521996774 16.33121239631202 1.313713842088315
-4.25454634061809 18.95581382617941 1.520750690713833
-10.38234874810576 13.02136355965022 1.406261268625286
-7.228242815262323 14.13061608405424 1.004268830399929
-7.853709925420432 15.61284599907115 1.073598356087941
-10.9487176476601 11.03046046455611 1.523820212267149
-3.954221049191922 17.97432888499204 3.753384365082105
-6.101001307779978 16.42928013510558 3.738191236193759
-9.348842515765128 12.51438461288579 3.739369285635479
-6.854137686567103 15.12704219504924 3.721317406330722
-8.96421240021083 14.2207771410939 3.743996209947925
-11.04121372432192 12.07863427255976 3.753510686394266
-8.149564418465129 15.23515595619247 3.794315960575307
-5.530412893892009 17.66326056811848 3.725553108319903
-12.04519531964021 11.17117987849412 3.750413810951054
-7.685163250403356 14.02967584622066 3.733030189909195
-3.05017384089399 18.87797856402582 3.828806163356735
-10.00466271979332 11.55278204363488 3.611337049177068
-4.831247175938811 16.70514504931882 3.860305714928595
-4.551003570024035 18.917803173625 3.599442115537097
-8.384861958948104 13.12656602742805 3.644622850729522
-9.939302765072075 13.54421259937426 3.671637403928602
-10.99661528915364 11.01920433561801 4.036792196226914
-7.225287989482158 16.21214857212517 3.609990798032236
-5.930947326753616 15.45794182000833 4.045079196368651
-5.339885493717635 15.93460521463587 3.343143852917592
$EndNodes
$Elements
11 23454 1 23454
0 1 15 236
21340 1
21341 2
21342 3
21343 4
21344 5
21345 6
21346 7
21347 8
21348 9
21349 10
21350 11
21351 12
21352 19
21353 20
21354 27
21355 28
21356 29
21357 30
21358 31
21359 32
21360 33
21361 34
21362 35
21363 36
21364 37
21365 38
21366 39
21367 40
21368 41
21369 42
21370 43
21371 44
21372 45
21373 46
21374 47
21375 48
21376 49
21377 50
21378 51
21379 52
21380 53
21381 54
21382 55
21383 56
21384 57
21385 58
21386 215
21387 216
21388 217
21389 218
21390 219
21391 220
21392 221
21393 222
21394 223
21395 224
21396 225
21397 226
21398 227
21399 228
21400 229
21401 230
21402 231
21403 232
21404 233
21405 234
21406 235
21407 236
21408 237
21409 238
21410 325
21411 326
21412 327
21413 328
21414 329
21415 330
21416 331
21417 332
21418 333
21419 334
21420 335
21421 336
21422 337
21423 338
21424 339
21425 340
21426 341
21427 342
21428 343
21429 344
21430 345
21431 346
21432 469
21433 470
21434 471
21435 472
21436 473
21437 474
21438 475
21439 476
21440 477
21441 478
21442 479
21443 480
21444 481
21445 482
21446 483
21447 484
21448 485
21449 486
21450 487
21451 488
21452 489
21453 490
21454 491
21455 492
21456 493
21457 494
21458 495
21459 496
21460 497
21461 498
21462 499
21463 500
21464 501
21465 502
21466 503
21467 504
21468 505
21469 506
21470 507
21471 508
21472 509
21473 510
21474 511
21475 512
21476 513
21477 514
21478 515
21479 516
21480 1312
21481 1313
21482 1314
21483 1315
21484 1316
21485 1317
21486 1318
21487 1319
21488 1320
21489 1321
21490 1322
21491 1323
21492 1324
21493 1325
21494 1326
21495 1327
21496 1328
21497 1329
21498 1330
21499 1331
21500 1332
21501 1333
21502 1334
21503 1335
21504 1336
21505 1337
21506 1338
21507 1339
21508 1340
21509 1341
21510 1342
21511 1343
21512 1344
21513 1345
21514 1346
21515 1347
21516 1348
21517 1349
21518 1350
21519 1351
21520 1352
21521 1353
21522 1354
21523 1355
21524 1356
21525 1357
21526 1358
21527 1359
21528 1960
21529 1961
21530 1962
21531 1963
21532 1964
21533 1965
21534 1966
21535 1967
21536 1968
21537 1969
21538 1970
21539 1971
21540 1972
21541 1973
21542 1974
21543 1975
21544 1976
21545 1977
21546 1978
21547 1979
21548 1980
21549 1981
21550 1982
21551 1983
21552 1984
21553 1985
21554 1986
21555 1987
21556 1988
21557 1989
21558 1990
21559 1991
21560 1992
21561 1993
21562 1994
21563 1995
21564 1996
21565 1997
21566 1998
21567 1999
21568 2000
21569 2001
21570 2002
21571 2003
21572 2004
21573 2005
21574 2006
21575 2007
0 2 15 1591
21576 1
21577 2
21578 3
21579 4
21580 5
21581 6
21582 7
21583 8
21584 9
21585 10
21586 11
21587 12
21588 13
21589 14
21590 15
21591 16
21592 19
21593 20
21594 21
21595 22
21596 24
21597 26
21598 27
21599 28
21600 29
21601 30
21602 35
21603 36
21604 37
21605 38
21606 43
21607 44
21608 45
21609 46
21610 51
21611 52
21612 53
21613 54
21614 59
21615 60
21616 61
21617 62
21618 63
21619 64
21620 65
21621 66
21622 67
21623 68
21624 69
21625 70
21626 71
21627 72
21628 73
21629 74
21630 75
21631 76
21632 77
21633 78
21634 79
21635 80
21636 81
21637 82
21638 83
21639 84
21640 85
21641 86
21642 87
21643 88
21644 89
21645 90
21646 91
21647 92
21648 93
21649 94
21650 95
21651 96
21652 97
21653 98
21654 99
21655 100
21656 101
21657 102
21658 103
21659 104
21660 105
21661 106
21662 107
21663 108
21664 109
21665 110
21666 111
21667 112
21668 113
21669 114
21670 115
21671 116
21672 117
21673 118
21674 119
21675 120
21676 121
21677 122
21678 123
21679 124
21680 125
21681 126
21682 127
21683 128
21684 129
21685 130
21686 131
21687 132
21688 133
21689 134
21690 135
21691 136
21692 137
21693 138
21694 139
21695 140
21696 141
21697 142
21698 143
21699 144
21700 145
21701 146
21702 147
21703 148
21704 149
21705 150
21706 151
21707 152
21708 153
21709 154
21710 155
21711 156
21712 157
21713 158
21714 159
21715 160
21716 161
21717 162
21718 163
21719 164
21720 165
21721 166
21722 167
21723 168
21724 169
21725 170
21726 171
21727 172
21728 173
21729 174
21730 175
21731 176
21732 177
21733 178
21734 179
21735 180
21736 181
21737 182
21738 183
21739 184
21740 185
21741 186
21742 187
21743 188
21744 189
21745 190
21746 191
21747 192
21748 193
21749 194
21750 195
21751 196
21752 197
21753 198
21754 199
21755 200
21756 201
21757 202
21758 203
21759 204
21760 205
21761 206
21762 207
21763 208
21764 209
21765 210
21766 211
21767 212
21768 213
21769 214
21770 215
21771 216
21772 217
21773 218
21774 223
21775 224
21776 225
21777 226
21778 227
21779 228
21780 229
21781 230
21782 235
21783 236
21784 237
21785 238
21786 239
21787 240
21788 241
21789 242
21790 243
21791 244
21792 245
21793 246
21794 247
21795 248
21796 249
21797 250
21798 251
21799 252
21800 253
21801 254
21802 255
21803 256
21804 257
21805 258
21806 259
21807 260
21808 261
21809 262
21810 263
21811 264
21812 265
21813 266
21814 267
21815 268
21816 269
21817 270
21818 271
21819 272
21820 273
21821 274
21822 275
21823 276
21824 277
21825 278
21826 279
21827 280
21828 281
21829 282
21830 283
21831 284
21832 285
21833 286
21834 287
21835 288
21836 289
21837 290
21838 291
21839 292
21840 293
21841 294
21842 295
21843 296
21844 297
21845 298
21846 299
21847 300
21848 301
21849 302
21850 303
21851 304
21852 305
21853 306
21854 307
21855 308
21856 309
21857 310
21858 311
21859 312
21860 325
21861 326
21862 327
21863 328
21864 329
21865 330
21866 331
21867 332
21868 333
21869 338
21870 339
21871 340
21872 341
21873 342
21874 343
21875 344
21876 345
21877 346
21878 347
21879 348
21880 349
21881 350
21882 351
21883 352
21884 353
21885 354
21886 355
21887 356
21888 357
21889 358
21890 359
21891 360
21892 361
21893 362
21894 363
21895 364
21896 365
21897 366
21898 367
21899 368
21900 369
21901 370
21902 371
21903 372
21904 373
21905 374
21906 375
21907 376
21908 377
21909 378
21910 383
21911 384
21912 385
21913 386
21914 387
21915 388
21916 389
21917 390
21918 391
21919 392
21920 393
21921 394
21922 395
21923 396
21924 411
21925 412
21926 413
21927 414
21928 415
21929 416
21930 417
21931 418
21932 419
21933 420
21934 421
21935 422
21936 423
21937 424
21938 425
21939 426
21940 427
21941 428
21942 449
21943 450
21944 451
21945 452
21946 453
21947 454
21948 455
21949 456
21950 457
21951 458
21952 459
21953 460
21954 461
21955 462
21956 463
21957 464
21958 465
21959 466
21960 517
21961 518
21962 519
21963 520
21964 521
21965 522
21966 523
21967 524
21968 525
21969 526
21970 527
21971 528
21972 529
21973 530
21974 531
21975 532
21976 533
21977 534
21978 535
21979 536
21980 537
21981 538
21982 539
21983 540
21984 541
21985 542
21986 543
21987 544
21988 545
21989 546
21990 547
21991 548
21992 549
21993 550
21994 551
21995 552
21996 553
21997 554
21998 555
21999 556
22000 557
22001 558
22002 559
22003 560
22004 561
22005 562
22006 563
22007 564
22008 565
22009 566
22010 567
22011 568
22012 569
22013 570
22014 571
22015 572
22016 573
22017 574
22018 575
22019 576
22020 577
22021 578
22022 579
22023 580
22024 581
22025 582
22026 583
22027 584
22028 585
22029 586
22030 587
22031 588
22032 589
22033 590
22034 591
22035 592
22036 593
22037 594
22038 595
22039 596
22040 597
22041 598
22042 599
22043 600
22044 601
22045 602
22046 603
22047 604
22048 605
22049 606
22050 607
22051 608
22052 609
22053 610
22054 611
22055 612
22056 613
22057 614
22058 615
22059 616
22060 617
22061 618
22062 619
22063 620
22064 621
22065 622
22066 623
22067 624
22068 625
22069 626
22070 627
22071 628
22072 629
22073 630
22074 631
22075 632
22076 633
22077 634
22078 635
22079 636
22080 637
22081 638
22082 639
22083 640
22084 641
22085 642
22086 643
22087 644
22088 645
22089 646
22090 647
22091 648
22092 649
22093 650
22094 651
22095 652
22096 653
22097 654
22098 655
22099 656
22100 657
22101 658
22102 659
22103 660
22104 661
22105 662
22106 663
22107 664
22108 665
22109 666
22110 667
22111 668
22112 669
22113 670
22114 671
22115 672
22116 673
22117 674
22118 675
22119 676
22120 677
22121 678
22122 679
22123 680
22124 681
22125 682
22126 683
22127 684
22128 685
22129 686
22130 687
22131 688
22132 689
22133 690
22134 691
22135 692
22136 693
22137 694
22138 695
22139 696
22140 697
22141 698
22142 699
22143 700
22144 701
22145 702
22146 703
22147 704
22148 705
22149 706
22150 707
22151 708
22152 709
22153 710
22154 711
22155 712
22156 713
22157 714
22158 715
22159 716
22160 717
22161 718
22162 719
22163 720
22164 721
22165 722
22166 723
22167 724
22168 725
22169 726
22170 727
22171 728
22172 729
22173 730
22174 731
22175 732
22176 733
22177 734
22178 735
22179 736
22180 737
22181 738
22182 739
22183 740
22184 741
22185 742
22186 743
22187 744
22188 745
22189 746
22190 747
22191 748
22192 749
22193 750
22194 751
22195 752
22196 753
22197 754
22198 755
22199 756
22200 757
22201 758
22202 759
22203 760
22204 761
22205 762
22206 763
22207 764
22208 765
22209 766
22210 767
22211 768
22212 769
22213 770
22214 771
22215 772
22216 773
22217 774
22218 775
22219 776
22220 777
22221 778
22222 779
22223 780
22224 781
22225 782
22226 783
22227 784
22228 785
22229 786
22230 787
22231 788
22232 789
22233 790
22234 791
22235 792
22236 793
22237 794
22238 795
22239 796
22240 797
22241 798
22242 799
22243 800
22244 801
22245 802
22246 803
22247 804
22248 805
22249 806
22250 807
22251 808
22252 809
22253 810
22254 811
22255 812
22256 813
22257 814
22258 815
22259 816
22260 817
22261 818
22262 819
22263 820
22264 821
22265 822
22266 823
22267 824
22268 825
22269 826
22270 827
22271 828
22272 829
22273 830
22274 831
22275 832
22276 833
22277 834
22278 835
22279 836
22280 837
22281 838
22282 839
22283 840
22284 841
22285 842
22286 843
22287 844
22288 845
22289 846
22290 847
22291 848
22292 849
22293 850
22294 851
22295 852
22296 853
22297 854
22298 855
22299 856
22300 857
22301 858
22302 859
22303 860
22304 861
22305 862
22306 863
22307 864
22308 865
22309 866
22310 867
22311 868
22312 869
22313 870
22314 871
22315 872
22316 873
22317 874
22318 875
22319 876
22320 877
22321 878
22322 879
22323 880
22324 881
22325 882
22326 883
22327 884
22328 885
22329 886
22330 887
22331 888
22332 889
22333 890
22334 891
22335 892
22336 893
22337 894
22338 895
22339 896
22340 897
22341 898
22342 899
22343 900
22344 901
22345 902
22346 903
22347 904
22348 905
22349 906
22350 907
22351 908
22352 909
22353 910
22354 911
22355 912
22356 913
22357 914
22358 1360
22359 1361
22360 1362
22361 1363
22362 1364
22363 1365
22364 1366
22365 1367
22366 1368
22367 1369
22368 1370
22369 1371
22370 1372
22371 1373
22372 1374
22373 1375
22374 1376
22375 1377
22376 1378
22377 1379
22378 1380
22379 1381
22380 1382
22381 1383
22382 1384
22383 1385
22384 1386
22385 1387
22386 1388
22387 1389
22388 1390
22389 1391
22390 1392
22391 1393
22392 1394
22393 1395
22394 1396
22395 1397
22396 1398
22397 1399
22398 1400
22399 1401
22400 1402
22401 1403
22402 1404
22403 1405
22404 1406
22405 1407
22406 1408
22407 1409
22408 1410
22409 1411
22410 1412
22411 1413
22412 1414
22413 1415
22414 1416
22415 1417
22416 1418
22417 1419
22418 1420
22419 1421
22420 1422
22421 1423
22422 1424
22423 1425
22424 1426
22425 1427
22426 1428
22427 1429
22428 1430
22429 1431
22430 1432
22431 1433
22432 1434
22433 1435
22434 1436
22435 1437
22436 1438
22437 1439
22438 1440
22439 1441
22440 1442
22441 1443
22442 1444
22443 1445
22444 1446
22445 1447
22446 1448
22447 1449
22448 1450
22449 1451
22450 1452
22451 1453
22452 1454
22453 1455
22454 1456
22455 1457
22456 1458
22457 1459
22458 1460
22459 1461
22460 1462
22461 1463
22462 1464
22463 1465
22464 1466
22465 1467
22466 1468
22467 1469
22468 1470
22469 1471
22470 1472
22471 1473
22472 1474
22473 1475
22474 1476
22475 1477
22476 1478
22477 1479
22478 1480
22479 1481
22480 1482
22481 1483
22482 1484
22483 1485
22484 1486
22485 1487
22486 1488
22487 1489
22488 1490
22489 1491
22490 1492
22491 1493
22492 1494
22493 1495
22494 1496
22495 1497
22496 1498
22497 1499
22498 1500
22499 1501
22500 1502
22501 1503
22502 1504
22503 1505
22504 1506
22505 1507
22506 1508
22507 1509
22508 1510
22509 1511
22510 1512
22511 1513
22512 1514
22513 1515
22514 1516
22515 1517
22516 1518
22517 1519
22518 1520
22519 1521
22520 1522
22521 1523
22522 1524
22523 1525
22524 1526
22525 1527
22526 1528
22527 1529
22528 1530
22529 1531
22530 1532
22531 1533
22532 1534
22533 1535
22534 1536
22535 1537
22536 1538
22537 1539
22538 1540
22539 1541
22540 1542
22541 1543
22542 1544
22543 1545
22544 1546
22545 1547
22546 1548
22547 1549
22548 1550
22549 1551
22550 1552
22551 1553
22552 1554
22553 1555
22554 1556
22555 1557
22556 1558
22557 1559
22558 1560
22559 1561
22560 1562
22561 1563
22562 1564
22563 1565
22564 1566
22565 1567
22566 1568
22567 1569
22568 1570
22569 1571
22570 1572
22571 1573
22572 1574
22573 1575
22574 1576
22575 1577
22576 1578
22577 1579
22578 1580
22579 1581
22580 1582
22581 1583
22582 1584
22583 1585
22584 1586
22585 1587
22586 1588
22587 1589
22588 1590
22589 1591
22590 1592
22591 1593
22592 1594
22593 1595
22594 1596
22595 1597
22596 1598
22597 1599
22598 1600
22599 1601
22600 1602
22601 1603
22602 1604
22603 1605
22604 1606
22605 1607
22606 1608
22607 1609
22608 1610
22609 1611
22610 1612
22611 1613
22612 1614
22613 1615
22614 1616
22615 1617
22616 1618
22617 1619
22618 1620
22619 1621
22620 1622
22621 1623
22622 1624
22623 1625
22624 1626
22625 1627
22626 1628
22627 1629
22628 1630
22629 1631
22630 1632
22631 1633
22632 1634
22633 1635
22634 1636
22635 1637
22636 1638
22637 1639
22638 1640
22639 1641
22640 1642
22641 1643
22642 1644
22643 1645
22644 1646
22645 1647
22646 1648
22647 1649
22648 1650
22649 1651
22650 1652
22651 1653
22652 1654
22653 1655
22654 1656
22655 1657
22656 1658
22657 1659
22658 1660
22659 1661
22660 1662
22661 1663
22662 1664
22663 1665
22664 1666
22665 1667
22666 1668
22667 1669
22668 1670
22669 1671
22670 1672
22671 1673
22672 1674
22673 1675
22674 1676
22675 1677
22676 1678
22677 1679
22678 1680
22679 1681
22680 1682
22681 1683
22682 1684
22683 1685
22684 1686
22685 1687
22686 1688
22687 1689
22688 1690
22689 1691
22690 1692
22691 1693
22692 1694
22693 1695
22694 1696
22695 1697
22696 1698
22697 1699
22698 1700
22699 1701
22700 1702
22701 1703
22702 1704
22703 1705
22704 1706
22705 1707
22706 1708
22707 1709
22708 1710
22709 1711
22710 1712
22711 1713
22712 1714
22713 1715
22714 1716
22715 1717
22716 1718
22717 1719
22718 1720
22719 1721
22720 1722
22721 1723
22722 1724
22723 1725
22724 1726
22725 1727
22726 1728
22727 1729
22728 1730
22729 1731
22730 1732
22731 1733
22732 1734
22733 1735
22734 1736
22735 1737
22736 1738
22737 1739
22738 1740
22739 1741
22740 1742
22741 1743
22742 1744
22743 1745
22744 1746
22745 1747
22746 1748
22747 1749
22748 1750
22749 1751
22750 1752
22751 1753
22752 1754
22753 1755
22754 1756
22755 1757
22756 2008
22757 2009
22758 2010
22759 2011
22760 2012
22761 2013
22762 2014
22763 2015
22764 2016
22765 2017
22766 2018
22767 2019
22768 2020
22769 2021
22770 2022
22771 2023
22772 2024
22773 2025
22774 2026
22775 2027
22776 2028
22777 2029
22778 2030
22779 2031
22780 2032
22781 2033
22782 2034
22783 2035
22784 2036
22785 2037
22786 2038
22787 2039
22788 2040
22789 2041
22790 2042
22791 2043
22792 2044
22793 2045
22794 2046
22795 2047
22796 2048
22797 2049
22798 2050
22799 2051
22800 2052
22801 2053
22802 2054
22803 2055
22804 2056
22805 2057
22806 2058
22807 2059
22808 2060
22809 2061
22810 2062
22811 2063
22812 2064
22813 2065
22814 2066
22815 2067
22816 2068
22817 2069
22818 2070
22819 2071
22820 2072
22821 2073
22822 2074
22823 2075
22824 2076
22825 2077
22826 2078
22827 2079
22828 2080
22829 2081
22830 2082
22831 2083
22832 2084
22833 2085
22834 2086
22835 2087
22836 2088
22837 2089
22838 2090
22839 2091
22840 2092
22841 2093
22842 2094
22843 2095
22844 2096
22845 2097
22846 2098
22847 2099
22848 2100
22849 2101
22850 2102
22851 2103
22852 2104
22853 2105
22854 2106
22855 2107
22856 2108
22857 2109
22858 2110
22859 2111
22860 2112
22861 2113
22862 2114
22863 2115
22864 2116
22865 2117
22866 2118
22867 2119
22868 2120
22869 2121
22870 2122
22871 2123
22872 2124
22873 2125
22874 2126
22875 2127
22876 2128
22877 2129
22878 2130
22879 2131
22880 2132
22881 2133
22882 2134
22883 2135
22884 2136
22885 2137
22886 2138
22887 2139
22888 2140
22889 2141
22890 2142
22891 2143
22892 2144
22893 2145
22894 2146
22895 2147
22896 2148
22897 2149
22898 2150
22899 2151
22900 2152
22901 2153
22902 2154
22903 2155
22904 2156
22905 2157
22906 2158
22907 2159
22908 2160
22909 2161
22910 2162
22911 2163
22912 2164
22913 2165
22914 2166
22915 2219
22916 2220
22917 2221
22918 2222
22919 2223
22920 2224
22921 2225
22922 2226
22923 2227
22924 2228
22925 2229
22926 2230
22927 2231
22928 2232
22929 2233
22930 2234
22931 2235
22932 2236
22933 2237
22934 2238
22935 2239
22936 2240
22937 2241
22938 2242
22939 2243
22940 2244
22941 2245
22942 2246
22943 2247
22944 2248
22945 2249
22946 2250
22947 2251
22948 2252
22949 2253
22950 2254
22951 2255
22952 2256
22953 2257
22954 2258
22955 2259
22956 2260
22957 2261
22958 2262
22959 2263
22960 2264
22961 2265
22962 2266
22963 2267
22964 2268
22965 2269
22966 2270
22967 2271
22968 2272
22969 2273
22970 2274
22971 2275
22972 2276
22973 2277
22974 2278
22975 2279
22976 2280
22977 2281
22978 2282
22979 2283
22980 2284
22981 2285
22982 2286
22983 2287
22984 2288
22985 2289
22986 2290
22987 2291
22988 2292
22989 2293
22990 2294
22991 2295
22992 2296
22993 2297
22994 2298
22995 2299
22996 2300
22997 2301
22998 2302
22999 2303
23000 2304
23001 2305
23002 2306
23003 2307
23004 2308
23005 2309
23006 2310
23007 2311
23008 2312
23009 2313
23010 2314
23011 2315
23012 2316
23013 2317
23014 2318
23015 2319
23016 2320
23017 2321
23018 2322
23019 2323
23020 2324
23021 2325
23022 2326
23023 2327
23024 2328
23025 2329
23026 2330
23027 2331
23028 2332
23029 2333
23030 2334
23031 2335
23032 2336
23033 2337
23034 2338
23035 2339
23036 2340
23037 2341
23038 2342
23039 2343
23040 2344
23041 2345
23042 2346
23043 2347
23044 2348
23045 2349
23046 2350
23047 2351
23048 2352
23049 2353
23050 2354
23051 2355
23052 2356
23053 2357
23054 2358
23055 2359
23056 2360
23057 2361
23058 2362
23059 2363
23060 2364
23061 2365
23062 2366
23063 2367
23064 2368
23065 2369
23066 2370
23067 2371
23068 2372
23069 2373
23070 2374
23071 2375
23072 2376
23073 2377
23074 2443
23075 2444
23076 2445
23077 2446
23078 2447
23079 2448
23080 2449
23081 2450
23082 2451
23083 2452
23084 2453
23085 2454
23086 2455
23087 2456
23088 2457
23089 2458
23090 2459
23091 2460
23092 2461
23093 2462
23094 2463
23095 2464
23096 2465
23097 2466
23098 2467
23099 2468
23100 2469
23101 2470
23102 2471
23103 2472
23104 2473
23105 2474
23106 2475
23107 2476
23108 2477
23109 2478
23110 2479
23111 2480
23112 2481
23113 2482
23114 2483
23115 2484
23116 2485
23117 2486
23118 2487
23119 2488
23120 2489
23121 2584
23122 2585
23123 2586
23124 2587
23125 2588
23126 2589
23127 2590
23128 2591
23129 2592
23130 2593
23131 2594
23132 2595
23133 2596
23134 2597
23135 2598
23136 2599
23137 2600
23138 2601
23139 2602
23140 2603
23141 2604
23142 2605
23143 2606
23144 2607
23145 2608
23146 2609
23147 2610
23148 2611
23149 2612
23150 2613
23151 2614
23152 2615
23153 2616
23154 2617
23155 2618
23156 2619
23157 2620
23158 2621
23159 2622
23160 2623
23161 2624
23162 2625
23163 2626
23164 2627
23165 2628
23166 2629
0 3 15 288
23167 1
23168 4
23169 5
23170 8
23171 39
23172 40
23173 41
23174 42
23175 55
23176 56
23177 57
23178 58
23179 59
23180 60
23181 61
23182 62
23183 63
23184 64
23185 65
23186 66
23187 67
23188 68
23189 69
23190 70
23191 71
23192 72
23193 73
23194 74
23195 75
23196 76
23197 77
23198 78
23199 79
23200 80
23201 81
23202 82
23203 83
23204 84
23205 85
23206 86
23207 87
23208 88
23209 89
23210 90
23211 91
23212 92
23213 93
23214 94
23215 95
23216 96
23217 97
23218 137
23219 138
23220 139
23221 140
23222 141
23223 142
23224 143
23225 144
23226 145
23227 146
23228 147
23229 148
23230 149
23231 150
23232 151
23233 152
23234 153
23235 154
23236 155
23237 156
23238 157
23239 158
23240 159
23241 160
23242 161
23243 162
23244 163
23245 164
23246 165
23247 166
23248 167
23249 168
23250 169
23251 170
23252 171
23253 172
23254 173
23255 174
23256 175
23257 915
23258 916
23259 917
23260 918
23261 919
23262 920
23263 921
23264 922
23265 923
23266 924
23267 925
23268 926
23269 927
23270 928
23271 929
23272 930
23273 931
23274 932
23275 933
23276 934
23277 935
23278 936
23279 937
23280 938
23281 939
23282 940
23283 941
23284 942
23285 943
23286 944
23287 945
23288 946
23289 947
23290 948
23291 949
23292 950
23293 951
23294 952
23295 953
23296 954
23297 955
23298 956
23299 957
23300 958
23301 959
23302 960
23303 961
23304 962
23305 963
23306 964
23307 965
23308 966
23309 967
23310 968
23311 969
23312 970
23313 971
23314 972
23315 973
23316 974
23317 975
23318 976
23319 977
23320 978
23321 979
23322 980
23323 981
23324 982
23325 983
23326 984
23327 985
23328 986
23329 987
23330 988
23331 989
23332 990
23333 991
23334 992
23335 993
23336 994
23337 995
23338 996
23339 997
23340 998
23341 999
23342 1000
23343 1001
23344 1002
23345 1003
23346 1004
23347 1005
23348 1006
23349 1007
23350 1008
23351 1009
23352 1010
23353 1011
23354 1012
23355 1013
23356 1014
23357 1015
23358 1016
23359 1017
23360 1018
23361 1019
23362 1020
23363 1021
23364 1022
23365 1023
23366 1024
23367 1025
23368 1026
23369 1027
23370 1028
23371 1029
23372 1030
23373 1031
23374 1032
23375 1033
23376 1034
23377 1035
23378 1036
23379 1037
23380 1038
23381 1039
23382 1040
23383 1041
23384 1042
23385 1043
23386 1044
23387 1045
23388 1046
23389 1047
23390 1048
23391 1049
23392 1050
23393 1051
23394 1052
23395 1053
23396 1054
23397 1055
23398 1056
23399 1057
23400 1058
23401 1059
23402 1060
23403 1061
23404 1062
23405 1063
23406 1064
23407 1065
23408 1066
23409 1067
23410 1068
23411 1069
23412 1070
23413 1071
23414 1072
23415 1073
23416 1074
23417 1075
23418 1076
23419 1077
23420 1078
23421 1079
23422 1080
23423 1081
23424 1082
23425 1083
23426 1084
23427 1085
23428 1086
23429 1087
23430 1088
23431 1089
23432 1090
23433 1091
23434 1092
23435 1093
23436 1094
23437 1095
23438 1096
23439 1097
23440 1098
23441 1099
23442 1100
23443 1101
23444 1102
23445 1103
23446 1104
23447 1105
23448 1106
23449 1107
23450 1108
23451 1109
23452 1110
23453 1111
23454 1112
2 1 2 256
15771 1 27 489
15772 39 1 489
15773 30 2 488
15774 2 31 488
15775 34 3 487
15776 3 38 487
15777 35 4 490
15778 4 42 490
15779 27 28 473
15780 27 473 489
15781 28 29 469
15782 28 469 473
15783 29 30 477
15784 469 29 477
15785 477 30 488
15786 31 32 482
15787 31 482 488
15788 32 33 472
15789 32 472 482
15790 33 34 479
15791 472 33 479
15792 479 34 487
15793 36 35 483
15794 483 35 490
15795 37 36 470
15796 470 36 483
15797 38 37 480
15798 37 470 480
15799 38 480 487
15800 40 39 481
15801 481 39 489
15802 41 40 471
15803 471 40 481
15804 42 41 478
15805 41 471 478
15806 42 478 490
15807 473 469 474
15808 474 469 475
15809 475 469 477
15810 480 470 486
15811 470 483 486
15812 478 471 485
15813 471 481 491
15814 485 471 491
15815 472 479 484
15816 482 472 492
15817 472 484 492
15818 473 474 481
15819 473 481 489
15820 474 475 476
15821 474 476 491
15822 481 474 491
15823 476 475 492
15824 475 477 482
15825 475 482 492
15826 476 484 486
15827 484 476 492
15828 485 476 486
15829 476 485 491
15830 482 477 488
15831 483 478 485
15832 478 483 490
15833 479 480 484
15834 480 479 487
15835 484 480 486
15836 483 485 486
17845 31 2 1330
17846 2 215 1330
17847 3 34 1332
17848 223 3 1332
17849 218 9 1331
17850 9 219 1331
17851 222 10 1333
17852 10 226 1333
17853 32 31 1323
17854 1323 31 1330
17855 33 32 1314
17856 1314 32 1323
17857 34 33 1322
17858 33 1314 1322
17859 34 1322 1332
17860 215 216 1321
17861 215 1321 1330
17862 216 217 1313
17863 216 1313 1321
17864 217 218 1324
17865 1313 217 1324
17866 1324 218 1331
17867 219 220 1316
17868 219 1316 1331
17869 220 221 1315
17870 220 1315 1316
17871 221 222 1320
17872 1315 221 1320
17873 1320 222 1333
17874 224 223 1325
17875 1325 223 1332
17876 225 224 1312
17877 1312 224 1325
17878 226 225 1326
17879 225 1312 1326
17880 226 1326 1333
17881 1312 1325 1328
17882 1326 1312 1335
17883 1312 1328 1335
17884 1321 1313 1327
17885 1313 1324 1334
17886 1327 1313 1334
17887 1322 1314 1329
17888 1314 1323 1329
17889 1316 1315 1317
17890 1317 1315 1318
17891 1318 1315 1320
17892 1316 1317 1324
17893 1316 1324 1331
17894 1317 1318 1319
17895 1317 1319 1334
17896 1324 1317 1334
17897 1319 1318 1335
17898 1318 1320 1326
17899 1318 1326 1335
17900 1327 1319 1329
17901 1319 1327 1334
17902 1319 1328 1329
17903 1328 1319 1335
17904 1326 1320 1333
17905 1323 1321 1327
17906 1321 1323 1330
17907 1325 1322 1328
17908 1322 1325 1332
17909 1328 1322 1329
17910 1323 1327 1329
19469 219 9 2006
19470 9 325 2006
19471 10 222 2004
19472 338 10 2004
19473 333 19 2005
19474 19 334 2005
19475 337 20 2003
19476 20 346 2003
19477 220 219 1992
19478 1992 219 2006
19479 221 220 1966
19480 1966 220 1992
19481 222 221 1970
19482 221 1966 1970
19483 222 1970 2004
19484 325 326 1968
19485 325 1968 2006
19486 326 327 1997
19487 1968 326 1997
19488 327 328 1964
19489 327 1964 1997
19490 328 329 1996
19491 1964 328 1996
19492 329 330 1965
19493 329 1965 1996
19494 330 331 1995
19495 1965 330 1995
19496 331 332 1967
19497 331 1967 1995
19498 332 333 1988
19499 1967 332 1988
19500 1988 333 2005
19501 334 335 1994
19502 334 1994 2005
19503 335 336 1960
19504 335 1960 1994
19505 336 337 1991
19506 1960 336 1991
19507 1991 337 2003
19508 339 338 1993
19509 1993 338 2004
19510 340 339 1961
19511 1961 339 1993
19512 341 340 1983
19513 340 1961 1983
19514 342 341 1962
19515 1962 341 1983
19516 343 342 1984
19517 342 1962 1984
19518 344 343 1963
19519 1963 343 1984
19520 345 344 1986
19521 344 1963 1986
19522 346 345 1969
19523 1969 345 1986
19524 346 1969 2003
19525 1960 1991 2000
19526 1994 1960 2000
19527 1971 1961 1993
19528 1961 1971 1998
19529 1983 1961 1998
19530 1962 1983 2002
19531 1984 1962 1985
19532 1985 1962 2002
19533 1963 1984 1999
19534 1986 1963 1990
19535 1990 1963 1999
19536 1974 1964 1975
19537 1964 1974 1997
19538 1975 1964 1978
19539 1978 1964 1996
19540 1978 1965 1979
19541 1965 1978 1996
19542 1979 1965 1980
19543 1980 1965 1995
19544 1970 1966 1971
19545 1971 1966 1972
19546 1972 1966 1992
19547 1967 1988 1989
19548 1967 1989 2001
19549 1995 1967 2001
19550 1972 1968 1974
19551 1968 1972 1992
19552 1974 1968 1997
19553 1968 1992 2006
19554 1969 1986 1987
19555 1969 1987 1991
19556 1969 1991 2003
19557 1970 1971 1993
19558 1970 1993 2004
19559 1971 1972 1973
19560 1971 1973 1998
19561 1973 1972 1974
19562 1973 1974 1975
19563 1973 1975 1976
19564 1973 1976 1998
19565 1976 1975 1977
19566 1977 1975 1978
19567 1976 1977 2002
19568 1976 1983 1998
19569 1983 1976 2002
19570 1977 1978 1979
19571 1977 1979 1985
19572 1977 1985 2002
19573 1979 1980 1981
19574 1979 1981 1985
19575 1981 1980 1982
19576 1982 1980 2001
19577 1980 1995 2001
19578 1981 1982 1990
19579 1985 1981 1999
19580 1981 1990 1999
19581 1989 1982 2001
19582 1982 1989 2007
19583 1990 1982 2007
19584 1984 1985 1999
19585 1987 1986 1990
19586 1987 1990 2007
19587 1991 1987 2000
19588 2000 1987 2007
19589 1989 1988 1994
19590 1994 1988 2005
19591 1989 1994 2000
19592 1989 2000 2007
2 2 2 132
15837 5 513 43
15838 55 513 5
15839 46 512 6
15840 6 512 47
15841 50 511 7
15842 7 511 54
15843 51 514 8
15844 8 514 58
15845 43 497 44
15846 43 513 497
15847 44 494 45
15848 44 497 494
15849 45 501 46
15850 494 501 45
15851 501 512 46
15852 47 506 48
15853 47 512 506
15854 48 496 49
15855 48 506 496
15856 49 503 50
15857 496 503 49
15858 503 511 50
15859 52 507 51
15860 507 514 51
15861 53 493 52
15862 493 507 52
15863 54 504 53
15864 53 504 493
15865 54 511 504
15866 56 505 55
15867 505 513 55
15868 57 495 56
15869 495 505 56
15870 58 502 57
15871 57 502 495
15872 58 514 502
15873 504 510 493
15874 493 510 507
15875 497 498 494
15876 498 499 494
15877 499 501 494
15878 502 509 495
15879 495 515 505
15880 509 515 495
15881 496 508 503
15882 506 516 496
15883 496 516 508
15884 497 505 498
15885 497 513 505
15886 498 500 499
15887 498 515 500
15888 505 515 498
15889 500 516 499
15890 499 506 501
15891 499 516 506
15892 500 510 508
15893 508 516 500
15894 509 510 500
15895 500 515 509
15896 506 512 501
15897 507 509 502
15898 502 514 507
15899 503 508 504
15900 504 511 503
15901 508 510 504
15902 507 510 509
17911 47 1354 6
17912 6 1354 227
17913 7 1356 50
17914 235 1356 7
17915 230 1355 11
17916 11 1355 231
17917 234 1357 12
17918 12 1357 238
17919 48 1347 47
17920 1347 1354 47
17921 49 1338 48
17922 1338 1347 48
17923 50 1346 49
17924 49 1346 1338
17925 50 1356 1346
17926 227 1345 228
17927 227 1354 1345
17928 228 1337 229
17929 228 1345 1337
17930 229 1348 230
17931 1337 1348 229
17932 1348 1355 230
17933 231 1340 232
17934 231 1355 1340
17935 232 1339 233
17936 232 1340 1339
17937 233 1344 234
17938 1339 1344 233
17939 1344 1357 234
17940 236 1349 235
17941 1349 1356 235
17942 237 1336 236
17943 1336 1349 236
17944 238 1350 237
17945 237 1350 1336
17946 238 1357 1350
17947 1336 1352 1349
17948 1350 1359 1336
17949 1336 1359 1352
17950 1345 1351 1337
17951 1337 1358 1348
17952 1351 1358 1337
17953 1346 1353 1338
17954 1338 1353 1347
17955 1340 1341 1339
17956 1341 1342 1339
17957 1342 1344 1339
17958 1340 1348 1341
17959 1340 1355 1348
17960 1341 1343 1342
17961 1341 1358 1343
17962 1348 1358 1341
17963 1343 1359 1342
17964 1342 1350 1344
17965 1342 1359 1350
17966 1351 1353 1343
17967 1343 1358 1351
17968 1343 1353 1352
17969 1352 1359 1343
17970 1350 1357 1344
17971 1347 1351 1345
17972 1345 1354 1347
17973 1349 1352 1346
17974 1346 1356 1349
17975 1352 1353 1346
17976 1347 1353 1351
2 3 2 1475
15903 27 1 712
15904 1 59 712
15905 2 30 711
15906 98 2 711
15907 5 43 710
15908 97 5 710
15909 46 6 713
15910 6 136 713
15911 28 27 668
15912 668 27 712
15913 29 28 517
15914 517 28 668
15915 30 29 665
15916 29 517 665
15917 30 665 711
15918 43 44 556
15919 43 556 710
15920 44 45 535
15921 44 535 556
15922 45 46 667
15923 535 45 667
15924 667 46 713
15925 59 60 574
15926 59 574 712
15927 60 61 552
15928 60 552 574
15929 61 62 569
15930 552 61 569
15931 62 63 536
15932 62 536 569
15933 63 64 629
15934 536 63 629
15935 64 65 537
15936 64 537 629
15937 65 66 630
15938 537 65 630
15939 66 67 538
15940 66 538 630
15941 67 68 631
15942 538 67 631
15943 68 69 539
15944 68 539 631
15945 69 70 671
15946 539 69 671
15947 70 71 701
15948 671 70 701
15949 71 72 523
15950 71 523 701
15951 72 73 632
15952 523 72 632
15953 73 74 524
15954 73 524 632
15955 74 75 633
15956 524 74 633
15957 75 76 525
15958 75 525 633
15959 76 77 634
15960 525 76 634
15961 77 78 526
15962 77 526 634
15963 78 79 635
15964 526 78 635
15965 79 80 527
15966 79 527 635
15967 80 81 636
15968 527 80 636
15969 81 82 528
15970 81 528 636
15971 82 83 637
15972 528 82 637
15973 83 84 529
15974 83 529 637
15975 84 85 638
15976 529 84 638
15977 85 86 530
15978 85 530 638
15979 86 87 639
15980 530 86 639
15981 87 88 531
15982 87 531 639
15983 88 89 640
15984 531 88 640
15985 89 90 532
15986 89 532 640
15987 90 91 641
15988 532 90 641
15989 91 92 533
15990 91 533 641
15991 92 93 642
15992 533 92 642
15993 93 94 534
15994 93 534 642
15995 94 95 644
15996 534 94 644
15997 95 96 553
15998 95 553 644
15999 96 97 666
16000 553 96 666
16001 666 97 710
16002 99 98 554
16003 554 98 711
16004 100 99 645
16005 99 554 645
16006 101 100 518
16007 518 100 645
16008 102 101 575
16009 101 518 575
16010 103 102 519
16011 519 102 575
16012 104 103 581
16013 103 519 581
16014 105 104 520
16015 520 104 581
16016 106 105 582
16017 105 520 582
16018 107 106 521
16019 521 106 582
16020 108 107 589
16021 107 521 589
16022 109 108 522
16023 522 108 589
16024 110 109 658
16025 109 522 658
16026 111 110 659
16027 110 658 659
16028 112 111 540
16029 540 111 659
16030 113 112 597
16031 112 540 597
16032 114 113 541
16033 541 113 597
16034 115 114 603
16035 114 541 603
16036 116 115 542
16037 542 115 603
16038 117 116 604
16039 116 542 604
16040 118 117 543
16041 543 117 604
16042 119 118 610
16043 118 543 610
16044 120 119 544
16045 544 119 610
16046 121 120 611
16047 120 544 611
16048 122 121 545
16049 545 121 611
16050 123 122 621
16051 122 545 621
16052 124 123 546
16053 546 123 621
16054 125 124 622
16055 124 546 622
16056 126 125 547
16057 547 125 622
16058 127 126 623
16059 126 547 623
16060 128 127 548
16061 548 127 623
16062 129 128 650
16063 128 548 650
16064 130 129 549
16065 549 129 650
16066 131 130 670
16067 130 549 670
16068 132 131 550
16069 550 131 670
16070 133 132 703
16071 132 550 703
16072 134 133 551
16073 551 133 703
16074 135 134 704
16075 134 551 704
16076 136 135 555
16077 555 135 704
16078 136 555 713
16079 665 517 669
16080 517 668 715
16081 669 517 715
16082 575 518 674
16083 518 645 691
16084 674 518 691
16085 519 575 576
16086 519 576 577
16087 519 577 581
16088 520 581 651
16089 582 520 588
16090 588 520 651
16091 521 582 583
16092 521 583 584
16093 521 584 589
16094 522 589 590
16095 522 590 591
16096 522 591 658
16097 523 632 678
16098 672 523 678
16099 523 672 701
16100 632 524 682
16101 524 633 690
16102 682 524 690
16103 633 525 687
16104 525 634 685
16105 525 685 687
16106 634 526 693
16107 526 635 680
16108 526 680 693
16109 635 527 683
16110 527 636 695
16111 683 527 695
16112 636 528 676
16113 528 637 698
16114 676 528 698
16115 637 529 700
16116 529 638 699
16117 529 699 700
16118 638 530 697
16119 530 639 677
16120 530 677 697
16121 639 531 679
16122 531 640 681
16123 679 531 681
16124 640 532 684
16125 532 641 675
16126 532 675 684
16127 641 533 664
16128 533 642 706
16129 664 533 706
16130 642 534 643
16131 643 534 708
16132 534 644 708
16133 556 535 557
16134 557 535 558
16135 558 535 667
16136 569 536 673
16137 536 629 688
16138 673 536 688
16139 629 537 689
16140 537 630 686
16141 537 686 689
16142 630 538 692
16143 538 631 696
16144 692 538 696
16145 631 539 694
16146 539 671 702
16147 694 539 702
16148 597 540 654
16149 654 540 660
16150 540 659 660
16151 541 597 598
16152 541 598 599
16153 541 599 603
16154 542 603 646
16155 604 542 647
16156 542 646 647
16157 543 604 605
16158 543 605 606
16159 543 606 610
16160 544 610 649
16161 611 544 662
16162 544 649 662
16163 545 611 612
16164 545 612 613
16165 545 613 621
16166 546 617 619
16167 617 546 621
16168 546 619 622
16169 547 622 661
16170 623 547 656
16171 656 547 661
16172 548 623 624
16173 548 624 625
16174 548 625 650
16175 549 650 653
16176 549 653 707
16177 670 549 707
16178 564 550 565
16179 550 564 703
16180 565 550 566
16181 566 550 670
16182 560 551 561
16183 551 560 704
16184 561 551 564
16185 564 551 703
16186 552 569 570
16187 552 570 571
16188 552 571 574
16189 557 553 666
16190 553 557 705
16191 644 553 705
16192 645 554 714
16193 554 665 669
16194 665 554 711
16195 554 669 714
16196 558 555 560
16197 555 558 667
16198 560 555 704
16199 555 667 713
16200 556 557 666
16201 556 666 710
16202 557 558 559
16203 557 559 705
16204 559 558 560
16205 559 560 561
16206 559 561 562
16207 559 562 705
16208 562 561 563
16209 563 561 564
16210 562 563 708
16211 562 644 705
16212 644 562 708
16213 563 564 565
16214 563 565 643
16215 563 643 708
16216 565 566 567
16217 565 567 643
16218 567 566 568
16219 568 566 707
16220 566 670 707
16221 567 568 664
16222 643 567 706
16223 567 664 706
16224 653 568 707
16225 568 653 709
16226 664 568 709
16227 570 569 673
16228 571 570 572
16229 572 570 573
16230 573 570 673
16231 571 572 715
16232 574 571 668
16233 668 571 715
16234 572 573 691
16235 669 572 714
16236 572 669 715
16237 572 691 714
16238 580 573 673
16239 573 580 674
16240 573 674 691
16241 574 668 712
16242 576 575 674
16243 577 576 578
16244 578 576 580
16245 580 576 674
16246 577 578 579
16247 577 579 651
16248 581 577 651
16249 579 578 689
16250 578 580 688
16251 578 688 689
16252 651 579 652
16253 652 579 686
16254 686 579 689
16255 580 673 688
16256 583 582 588
16257 584 583 585
16258 585 583 586
16259 586 583 588
16260 584 585 587
16261 584 587 590
16262 589 584 590
16263 585 586 696
16264 587 585 694
16265 694 585 696
16266 586 588 652
16267 586 652 692
16268 586 692 696
16269 590 587 592
16270 592 587 702
16271 587 694 702
16272 588 651 652
16273 591 590 592
16274 591 592 593
16275 591 593 594
16276 591 594 658
16277 593 592 596
16278 596 592 702
16279 594 593 595
16280 595 593 672
16281 593 596 672
16282 594 595 660
16283 658 594 659
16284 659 594 660
16285 595 655 660
16286 655 595 678
16287 595 672 678
16288 596 671 701
16289 671 596 702
16290 672 596 701
16291 598 597 654
16292 599 598 600
16293 600 598 602
16294 602 598 654
16295 599 600 601
16296 599 601 646
16297 603 599 646
16298 601 600 687
16299 600 602 690
16300 687 600 690
16301 646 601 648
16302 648 601 685
16303 685 601 687
16304 602 654 655
16305 602 655 682
16306 602 682 690
16307 605 604 647
16308 606 605 607
16309 607 605 608
16310 608 605 647
16311 606 607 609
16312 606 609 649
16313 610 606 649
16314 607 608 680
16315 609 607 683
16316 607 680 683
16317 608 647 648
16318 608 648 693
16319 680 608 693
16320 649 609 663
16321 663 609 695
16322 609 683 695
16323 612 611 662
16324 613 612 614
16325 614 612 615
16326 615 612 662
16327 613 614 616
16328 613 616 617
16329 613 617 621
16330 614 615 698
16331 616 614 700
16332 614 698 700
16333 615 662 663
16334 615 663 676
16335 615 676 698
16336 617 616 618
16337 618 616 699
16338 699 616 700
16339 617 618 619
16340 619 618 620
16341 620 618 697
16342 697 618 699
16343 619 620 661
16344 622 619 661
16345 620 657 661
16346 657 620 677
16347 677 620 697
16348 624 623 656
16349 625 624 626
16350 626 624 627
16351 627 624 656
16352 625 626 628
16353 625 628 653
16354 650 625 653
16355 626 627 681
16356 628 626 684
16357 626 681 684
16358 627 656 657
16359 627 657 679
16360 627 679 681
16361 653 628 709
16362 675 628 684
16363 628 675 709
16364 688 629 689
16365 686 630 692
16366 631 694 696
16367 678 632 682
16368 633 687 690
16369 685 634 693
16370 680 635 683
16371 636 676 695
16372 698 637 700
16373 638 697 699
16374 677 639 679
16375 681 640 684
16376 641 664 675
16377 642 643 706
16378 691 645 714
16379 647 646 648
16380 648 685 693
16381 662 649 663
16382 652 686 692
16383 655 654 660
16384 655 678 682
16385 657 656 661
16386 657 677 679
16387 676 663 695
16388 675 664 709
17977 2 98 1555
17978 215 2 1555
17979 136 6 1554
17980 6 227 1554
17981 9 218 1556
17982 239 9 1556
17983 230 11 1553
17984 11 275 1553
17985 13 257 1360
17986 258 13 1411
17987 13 1360 1411
17988 14 261 1420
17989 262 14 1377
17990 1377 14 1420
17991 98 99 1510
17992 98 1510 1555
17993 99 100 1362
17994 99 1362 1510
17995 100 101 1482
17996 1362 100 1482
17997 101 102 1363
17998 101 1363 1482
17999 102 103 1483
18000 1363 102 1483
18001 103 104 1364
18002 103 1364 1483
18003 104 105 1484
18004 1364 104 1484
18005 105 106 1365
18006 105 1365 1484
18007 106 107 1485
18008 1365 106 1485
18009 107 108 1366
18010 107 1366 1485
18011 108 109 1486
18012 1366 108 1486
18013 109 110 1367
18014 109 1367 1486
18015 110 111 1487
18016 1367 110 1487
18017 111 112 1368
18018 111 1368 1487
18019 112 113 1488
18020 1368 112 1488
18021 113 114 1369
18022 113 1369 1488
18023 114 115 1489
18024 1369 114 1489
18025 115 116 1378
18026 115 1378 1489
18027 116 117 1516
18028 1378 116 1516
18029 117 118 1544
18030 1516 117 1544
18031 118 119 1370
18032 118 1370 1544
18033 119 120 1497
18034 1370 119 1497
18035 120 121 1498
18036 1497 120 1498
18037 121 122 1361
18038 121 1361 1498
18039 122 123 1490
18040 1361 122 1490
18041 123 124 1371
18042 123 1371 1490
18043 124 125 1491
18044 1371 124 1491
18045 125 126 1372
18046 125 1372 1491
18047 126 127 1492
18048 1372 126 1492
18049 127 128 1373
18050 127 1373 1492
18051 128 129 1493
18052 1373 128 1493
18053 129 130 1374
18054 129 1374 1493
18055 130 131 1514
18056 1374 130 1514
18057 131 132 1375
18058 131 1375 1514
18059 132 133 1549
18060 1375 132 1549
18061 133 134 1376
18062 133 1376 1549
18063 134 135 1546
18064 1376 134 1546
18065 135 136 1396
18066 135 1396 1546
18067 1396 136 1554
18068 216 215 1495
18069 1495 215 1555
18070 217 216 1394
18071 1394 216 1495
18072 218 217 1511
18073 217 1394 1511
18074 218 1511 1556
18075 227 228 1509
18076 227 1509 1554
18077 228 229 1395
18078 228 1395 1509
18079 229 230 1398
18080 1395 229 1398
18081 1398 230 1553
18082 240 239 1397
18083 1397 239 1556
18084 241 240 1428
18085 240 1397 1428
18086 242 241 1379
18087 1379 241 1428
18088 243 242 1461
18089 242 1379 1461
18090 244 243 1380
18091 1380 243 1461
18092 245 244 1462
18093 244 1380 1462
18094 246 245 1381
18095 1381 245 1462
18096 247 246 1463
18097 246 1381 1463
18098 248 247 1382
18099 1382 247 1463
18100 249 248 1464
18101 248 1382 1464
18102 250 249 1383
18103 1383 249 1464
18104 251 250 1465
18105 250 1383 1465
18106 252 251 1384
18107 1384 251 1465
18108 253 252 1459
18109 252 1384 1459
18110 254 253 1385
18111 1385 253 1459
18112 255 254 1466
18113 254 1385 1466
18114 256 255 1386
18115 1386 255 1466
18116 257 256 1468
18117 256 1386 1468
18118 1360 257 1468
18119 259 258 1502
18120 258 1411 1502
18121 260 259 1387
18122 1387 259 1502
18123 261 260 1507
18124 260 1387 1507
18125 1420 261 1507
18126 263 262 1469
18127 262 1377 1469
18128 264 263 1388
18129 1388 263 1469
18130 265 264 1470
18131 264 1388 1470
18132 266 265 1389
18133 1389 265 1470
18134 267 266 1500
18135 266 1389 1500
18136 268 267 1390
18137 1390 267 1500
18138 269 268 1477
18139 268 1390 1477
18140 270 269 1391
18141 1391 269 1477
18142 271 270 1479
18143 270 1391 1479
18144 272 271 1392
18145 1392 271 1479
18146 273 272 1481
18147 272 1392 1481
18148 274 273 1393
18149 1393 273 1481
18150 275 274 1512
18151 274 1393 1512
18152 275 1512 1553
18153 1411 1360 1412
18154 1412 1360 1413
18155 1413 1360 1468
18156 1361 1490 1532
18157 1498 1361 1529
18158 1529 1361 1532
18159 1362 1482 1520
18160 1510 1362 1557
18161 1362 1520 1557
18162 1482 1363 1521
18163 1363 1483 1522
18164 1521 1363 1522
18165 1483 1364 1525
18166 1364 1484 1526
18167 1525 1364 1526
18168 1484 1365 1528
18169 1365 1485 1530
18170 1528 1365 1530
18171 1485 1366 1531
18172 1366 1486 1533
18173 1531 1366 1533
18174 1486 1367 1535
18175 1367 1487 1537
18176 1535 1367 1537
18177 1487 1368 1538
18178 1368 1488 1541
18179 1538 1368 1541
18180 1488 1369 1540
18181 1369 1489 1542
18182 1540 1369 1542
18183 1370 1497 1534
18184 1517 1370 1534
18185 1370 1517 1544
18186 1490 1371 1518
18187 1371 1491 1519
18188 1518 1371 1519
18189 1491 1372 1524
18190 1372 1492 1527
18191 1524 1372 1527
18192 1492 1373 1523
18193 1373 1493 1543
18194 1523 1373 1543
18195 1493 1374 1494
18196 1494 1374 1551
18197 1374 1514 1551
18198 1375 1406 1407
18199 1406 1375 1549
18200 1375 1407 1408
18201 1375 1408 1514
18202 1376 1402 1403
18203 1402 1376 1546
18204 1376 1403 1406
18205 1376 1406 1549
18206 1377 1420 1421
18207 1377 1421 1422
18208 1377 1422 1469
18209 1489 1378 1539
18210 1378 1516 1545
18211 1539 1378 1545
18212 1379 1428 1429
18213 1379 1429 1430
18214 1379 1430 1461
18215 1380 1434 1436
18216 1434 1380 1461
18217 1380 1436 1462
18218 1381 1438 1440
18219 1438 1381 1462
18220 1381 1440 1463
18221 1382 1442 1444
18222 1442 1382 1463
18223 1382 1444 1464
18224 1383 1446 1448
18225 1446 1383 1464
18226 1383 1448 1465
18227 1384 1450 1452
18228 1450 1384 1465
18229 1384 1452 1459
18230 1385 1454 1456
18231 1454 1385 1459
18232 1385 1456 1466
18233 1458 1386 1466
18234 1386 1458 1467
18235 1386 1467 1468
18236 1501 1387 1505
18237 1387 1501 1507
18238 1387 1502 1505
18239 1388 1469 1503
18240 1470 1388 1476
18241 1476 1388 1503
18242 1389 1470 1471
18243 1389 1471 1472
18244 1389 1472 1500
18245 1477 1390 1478
18246 1478 1390 1506
18247 1390 1500 1506
18248 1391 1477 1508
18249 1479 1391 1548
18250 1391 1508 1548
18251 1392 1479 1480
18252 1392 1480 1550
18253 1481 1392 1550
18254 1393 1399 1512
18255 1399 1393 1547
18256 1393 1481 1547
18257 1394 1495 1513
18258 1511 1394 1558
18259 1394 1513 1558
18260 1395 1398 1399
18261 1395 1399 1400
18262 1395 1400 1509
18263 1396 1400 1402
18264 1400 1396 1509
18265 1396 1402 1546
18266 1509 1396 1554
18267 1428 1397 1499
18268 1499 1397 1511
18269 1511 1397 1556
18270 1399 1398 1512
18271 1512 1398 1553
18272 1400 1399 1401
18273 1401 1399 1547
18274 1400 1401 1402
18275 1402 1401 1403
18276 1403 1401 1404
18277 1404 1401 1547
18278 1403 1404 1405
18279 1403 1405 1406
18280 1405 1404 1550
18281 1481 1404 1547
18282 1404 1481 1550
18283 1406 1405 1407
18284 1407 1405 1480
18285 1480 1405 1550
18286 1408 1407 1409
18287 1409 1407 1480
18288 1408 1409 1410
18289 1408 1410 1551
18290 1514 1408 1551
18291 1410 1409 1508
18292 1409 1480 1548
18293 1508 1409 1548
18294 1410 1494 1551
18295 1494 1410 1552
18296 1410 1508 1552
18297 1411 1412 1414
18298 1411 1414 1502
18299 1412 1413 1415
18300 1414 1412 1417
18301 1412 1415 1417
18302 1415 1413 1416
18303 1416 1413 1467
18304 1467 1413 1468
18305 1414 1417 1418
18306 1414 1418 1505
18307 1502 1414 1505
18308 1415 1416 1545
18309 1417 1415 1419
18310 1419 1415 1545
18311 1460 1416 1467
18312 1416 1460 1539
18313 1416 1539 1545
18314 1418 1417 1517
18315 1417 1419 1517
18316 1418 1504 1505
18317 1504 1418 1534
18318 1418 1517 1534
18319 1419 1516 1544
18320 1516 1419 1545
18321 1517 1419 1544
18322 1421 1420 1423
18323 1423 1420 1507
18324 1422 1421 1424
18325 1421 1423 1426
18326 1424 1421 1426
18327 1422 1424 1425
18328 1422 1425 1503
18329 1469 1422 1503
18330 1426 1423 1427
18331 1427 1423 1501
18332 1501 1423 1507
18333 1425 1424 1518
18334 1424 1426 1532
18335 1518 1424 1532
18336 1425 1496 1503
18337 1496 1425 1519
18338 1425 1518 1519
18339 1426 1427 1529
18340 1426 1529 1532
18341 1427 1501 1504
18342 1427 1504 1536
18343 1529 1427 1536
18344 1429 1428 1499
18345 1430 1429 1431
18346 1431 1429 1433
18347 1433 1429 1499
18348 1430 1431 1432
18349 1430 1432 1434
18350 1430 1434 1461
18351 1432 1431 1521
18352 1431 1433 1520
18353 1431 1520 1521
18354 1434 1432 1435
18355 1435 1432 1522
18356 1432 1521 1522
18357 1433 1499 1558
18358 1433 1513 1557
18359 1513 1433 1558
18360 1520 1433 1557
18361 1434 1435 1436
18362 1436 1435 1437
18363 1437 1435 1525
18364 1435 1522 1525
18365 1436 1437 1438
18366 1436 1438 1462
18367 1438 1437 1439
18368 1439 1437 1526
18369 1437 1525 1526
18370 1438 1439 1440
18371 1440 1439 1441
18372 1441 1439 1528
18373 1439 1526 1528
18374 1440 1441 1442
18375 1440 1442 1463
18376 1442 1441 1443
18377 1443 1441 1530
18378 1441 1528 1530
18379 1442 1443 1444
18380 1444 1443 1445
18381 1445 1443 1531
18382 1443 1530 1531
18383 1444 1445 1446
18384 1444 1446 1464
18385 1446 1445 1447
18386 1447 1445 1533
18387 1445 1531 1533
18388 1446 1447 1448
18389 1448 1447 1449
18390 1449 1447 1535
18391 1447 1533 1535
18392 1448 1449 1450
18393 1448 1450 1465
18394 1450 1449 1451
18395 1451 1449 1537
18396 1449 1535 1537
18397 1450 1451 1452
18398 1452 1451 1453
18399 1453 1451 1538
18400 1451 1537 1538
18401 1452 1453 1454
18402 1452 1454 1459
18403 1454 1453 1455
18404 1455 1453 1541
18405 1453 1538 1541
18406 1454 1455 1456
18407 1456 1455 1457
18408 1457 1455 1540
18409 1540 1455 1541
18410 1456 1457 1458
18411 1456 1458 1466
18412 1458 1457 1460
18413 1460 1457 1542
18414 1457 1540 1542
18415 1458 1460 1467
18416 1539 1460 1542
18417 1471 1470 1476
18418 1472 1471 1473
18419 1473 1471 1475
18420 1475 1471 1476
18421 1472 1473 1474
18422 1472 1474 1506
18423 1500 1472 1506
18424 1474 1473 1523
18425 1473 1475 1527
18426 1523 1473 1527
18427 1506 1474 1515
18428 1515 1474 1543
18429 1474 1523 1543
18430 1475 1476 1496
18431 1475 1496 1524
18432 1475 1524 1527
18433 1496 1476 1503
18434 1477 1478 1508
18435 1478 1506 1515
18436 1508 1478 1552
18437 1478 1515 1552
18438 1480 1479 1548
18439 1520 1482 1521
18440 1522 1483 1525
18441 1526 1484 1528
18442 1530 1485 1531
18443 1533 1486 1535
18444 1537 1487 1538
18445 1488 1540 1541
18446 1489 1539 1542
18447 1490 1518 1532
18448 1519 1491 1524
18449 1492 1523 1527
18450 1493 1494 1543
18451 1494 1515 1543
18452 1515 1494 1552
18453 1495 1510 1513
18454 1510 1495 1555
18455 1496 1519 1524
18456 1497 1498 1536
18457 1534 1497 1536
18458 1498 1529 1536
18459 1499 1511 1558
18460 1504 1501 1505
18461 1504 1534 1536
18462 1513 1510 1557
19593 9 239 2158
19594 325 9 2158
19595 13 347 257
19596 19 333 2157
19597 361 19 2157
19598 360 21 2026
19599 21 369 2026
19600 239 240 2023
19601 239 2023 2158
19602 240 241 2106
19603 2023 240 2106
19604 241 242 2019
19605 241 2019 2106
19606 242 243 2112
19607 2019 242 2112
19608 243 244 2009
19609 243 2009 2112
19610 244 245 2163
19611 2009 244 2163
19612 245 246 2159
19613 245 2159 2163
19614 246 247 2011
19615 246 2011 2159
19616 247 248 2100
19617 2011 247 2100
19618 248 249 2099
19619 248 2099 2100
19620 249 250 2014
19621 249 2014 2099
19622 250 251 2096
19623 2014 250 2096
19624 251 252 2020
19625 251 2020 2096
19626 252 253 2086
19627 2020 252 2086
19628 253 254 2022
19629 253 2022 2086
19630 254 255 2090
19631 2022 254 2090
19632 255 256 2102
19633 2090 255 2102
19634 256 257 2143
19635 2102 256 2143
19636 257 347 2143
19637 326 325 2108
19638 2108 325 2158
19639 327 326 2149
19640 326 2108 2149
19641 328 327 2018
19642 2018 327 2149
19643 329 328 2114
19644 328 2018 2114
19645 330 329 2012
19646 2012 329 2114
19647 331 330 2113
19648 330 2012 2113
19649 332 331 2021
19650 2021 331 2113
19651 333 332 2138
19652 332 2021 2138
19653 333 2138 2157
19654 347 348 2143
19655 348 349 2165
19656 2143 348 2165
19657 349 350 2024
19658 349 2024 2165
19659 350 351 2140
19660 2024 350 2140
19661 351 352 2152
19662 2140 351 2152
19663 352 353 2016
19664 352 2016 2152
19665 353 354 2146
19666 2016 353 2146
19667 354 355 2139
19668 354 2139 2146
19669 355 356 2013
19670 355 2013 2139
19671 356 357 2128
19672 2013 356 2128
19673 357 358 2142
19674 2128 357 2142
19675 358 359 2008
19676 358 2008 2142
19677 359 360 2124
19678 2008 359 2124
19679 360 2026 2124
19680 362 361 2025
19681 2025 361 2157
19682 363 362 2117
19683 362 2025 2117
19684 364 363 2015
19685 2015 363 2117
19686 365 364 2137
19687 364 2015 2137
19688 366 365 2119
19689 2119 365 2137
19690 367 366 2010
19691 2010 366 2119
19692 368 367 2103
19693 367 2010 2103
19694 369 368 2017
19695 2017 368 2103
19696 369 2017 2026
19697 2008 2094 2142
19698 2094 2008 2150
19699 2008 2124 2150
19700 2009 2079 2112
19701 2079 2009 2132
19702 2009 2084 2132
19703 2084 2009 2163
19704 2010 2082 2103
19705 2082 2010 2130
19706 2010 2119 2130
19707 2011 2083 2159
19708 2083 2011 2162
19709 2011 2100 2101
19710 2011 2101 2162
19711 2113 2012 2156
19712 2012 2114 2116
19713 2012 2116 2156
19714 2013 2128 2161
19715 2139 2013 2154
19716 2154 2013 2161
19717 2014 2096 2097
19718 2014 2097 2098
19719 2014 2098 2099
19720 2015 2080 2118
19721 2080 2015 2166
19722 2015 2117 2166
19723 2015 2118 2137
19724 2089 2016 2147
19725 2016 2089 2152
19726 2135 2016 2146
19727 2016 2135 2147
19728 2026 2017 2027
19729 2027 2017 2028
19730 2028 2017 2103
19731 2109 2018 2149
19732 2018 2109 2153
19733 2114 2018 2115
19734 2115 2018 2153
19735 2106 2019 2110
19736 2110 2019 2111
19737 2111 2019 2112
19738 2020 2086 2136
19739 2096 2020 2141
19740 2020 2136 2141
19741 2081 2021 2134
19742 2021 2081 2160
19743 2021 2113 2134
19744 2138 2021 2160
19745 2086 2022 2087
19746 2087 2022 2088
19747 2088 2022 2090
19748 2023 2106 2107
19749 2023 2107 2108
19750 2023 2108 2158
19751 2024 2088 2090
19752 2088 2024 2140
19753 2024 2090 2102
19754 2024 2102 2165
19755 2117 2025 2160
19756 2138 2025 2157
19757 2025 2138 2160
19758 2026 2027 2164
19759 2124 2026 2164
19760 2027 2028 2029
19761 2027 2029 2074
19762 2027 2074 2164
19763 2029 2028 2030
19764 2030 2028 2082
19765 2082 2028 2103
19766 2029 2030 2031
19767 2029 2031 2120
19768 2074 2029 2120
19769 2031 2030 2032
19770 2032 2030 2131
19771 2030 2082 2131
19772 2031 2032 2033
19773 2031 2033 2035
19774 2031 2035 2120
19775 2033 2032 2034
19776 2034 2032 2123
19777 2123 2032 2131
19778 2033 2034 2036
19779 2035 2033 2104
19780 2033 2036 2104
19781 2036 2034 2037
19782 2037 2034 2038
19783 2038 2034 2123
19784 2085 2035 2104
19785 2035 2085 2127
19786 2120 2035 2127
19787 2036 2037 2042
19788 2036 2042 2043
19789 2036 2043 2104
19790 2037 2038 2039
19791 2037 2039 2126
19792 2042 2037 2126
19793 2039 2038 2040
19794 2040 2038 2044
19795 2044 2038 2123
19796 2039 2040 2041
19797 2039 2041 2046
19798 2039 2046 2126
19799 2041 2040 2121
19800 2040 2044 2045
19801 2040 2045 2121
19802 2046 2041 2047
19803 2047 2041 2048
19804 2048 2041 2121
19805 2043 2042 2049
19806 2049 2042 2129
19807 2042 2126 2129
19808 2043 2049 2050
19809 2043 2050 2055
19810 2043 2055 2104
19811 2045 2044 2051
19812 2051 2044 2067
19813 2067 2044 2123
19814 2045 2051 2052
19815 2045 2052 2065
19816 2045 2065 2121
19817 2046 2047 2053
19818 2046 2053 2066
19819 2046 2066 2126
19820 2047 2048 2122
19821 2053 2047 2054
19822 2054 2047 2122
19823 2048 2121 2125
19824 2122 2048 2144
19825 2048 2125 2144
19826 2050 2049 2077
19827 2077 2049 2078
19828 2078 2049 2129
19829 2055 2050 2056
19830 2056 2050 2155
19831 2050 2077 2155
19832 2052 2051 2118
19833 2051 2067 2068
19834 2051 2068 2118
19835 2065 2052 2069
19836 2069 2052 2080
19837 2080 2052 2118
19838 2053 2054 2111
19839 2066 2053 2079
19840 2079 2053 2111
19841 2054 2110 2111
19842 2110 2054 2133
19843 2054 2122 2133
19844 2055 2056 2057
19845 2055 2057 2085
19846 2055 2085 2104
19847 2057 2056 2058
19848 2058 2056 2061
19849 2061 2056 2155
19850 2057 2058 2059
19851 2057 2059 2105
19852 2085 2057 2105
19853 2059 2058 2060
19854 2060 2058 2148
19855 2058 2061 2148
19856 2059 2060 2062
19857 2059 2062 2064
19858 2059 2064 2105
19859 2062 2060 2063
19860 2063 2060 2145
19861 2145 2060 2148
19862 2061 2098 2148
19863 2098 2061 2151
19864 2061 2101 2151
19865 2101 2061 2155
19866 2062 2063 2070
19867 2064 2062 2091
19868 2062 2070 2091
19869 2070 2063 2071
19870 2071 2063 2072
19871 2072 2063 2145
19872 2064 2091 2092
19873 2064 2092 2093
19874 2064 2093 2105
19875 2065 2069 2075
19876 2065 2075 2125
19877 2121 2065 2125
19878 2066 2079 2132
19879 2126 2066 2129
19880 2129 2066 2132
19881 2068 2067 2130
19882 2067 2123 2131
19883 2130 2067 2131
19884 2118 2068 2137
19885 2119 2068 2130
19886 2068 2119 2137
19887 2075 2069 2134
19888 2069 2080 2081
19889 2069 2081 2134
19890 2070 2071 2076
19891 2070 2076 2154
19892 2091 2070 2154
19893 2071 2072 2073
19894 2071 2073 2135
19895 2076 2071 2135
19896 2073 2072 2141
19897 2072 2097 2141
19898 2097 2072 2145
19899 2135 2073 2147
19900 2136 2073 2141
19901 2073 2136 2147
19902 2095 2074 2120
19903 2074 2095 2150
19904 2074 2150 2164
19905 2075 2116 2125
19906 2116 2075 2156
19907 2075 2134 2156
19908 2076 2135 2146
19909 2139 2076 2146
19910 2076 2139 2154
19911 2077 2078 2083
19912 2077 2083 2162
19913 2155 2077 2162
19914 2083 2078 2084
19915 2084 2078 2132
19916 2078 2129 2132
19917 2079 2111 2112
19918 2081 2080 2166
19919 2160 2081 2166
19920 2082 2130 2131
19921 2083 2084 2159
19922 2159 2084 2163
19923 2085 2105 2127
19924 2086 2087 2136
19925 2087 2088 2089
19926 2087 2089 2147
19927 2136 2087 2147
19928 2089 2088 2140
19929 2089 2140 2152
19930 2092 2091 2161
19931 2091 2154 2161
19932 2093 2092 2094
19933 2094 2092 2128
19934 2128 2092 2161
19935 2093 2094 2095
19936 2093 2095 2127
19937 2105 2093 2127
19938 2095 2094 2150
19939 2094 2128 2142
19940 2095 2120 2127
19941 2097 2096 2141
19942 2098 2097 2145
19943 2099 2098 2151
19944 2098 2145 2148
19945 2100 2099 2151
19946 2101 2100 2151
19947 2101 2155 2162
19948 2102 2143 2165
19949 2107 2106 2110
19950 2108 2107 2109
19951 2109 2107 2133
19952 2107 2110 2133
19953 2108 2109 2149
19954 2109 2133 2153
19955 2134 2113 2156
19956 2114 2115 2116
19957 2116 2115 2144
19958 2115 2122 2144
19959 2122 2115 2153
19960 2125 2116 2144
19961 2117 2160 2166
19962 2133 2122 2153
19963 2150 2124 2164
20666 258 2462 13
20667 13 2462 347
20668 261 14 411
20669 360 425 21
20670 24 2453 424
20671 428 2453 24
20672 259 2454 258
20673 2454 2462 258
20674 260 2489 259
20675 259 2489 2454
20676 261 2480 260
20677 260 2480 2459
20678 2459 2489 260
20679 411 2480 261
20680 347 2445 348
20681 347 2462 2445
20682 348 2469 349
20683 2445 2469 348
20684 349 2446 350
20685 349 2469 2446
20686 350 2479 351
20687 2446 2479 350
20688 351 2444 352
20689 351 2479 2444
20690 352 2465 353
20691 2444 2465 352
20692 353 2448 354
20693 353 2465 2448
20694 354 2460 355
20695 2448 2460 354
20696 355 2478 356
20697 2460 2478 355
20698 356 2447 357
20699 356 2478 2447
20700 357 2474 358
20701 2447 2474 357
20702 358 2455 359
20703 358 2474 2455
20704 359 2481 360
20705 2455 2481 359
20706 360 2481 425
20707 412 2480 411
20708 413 2459 412
20709 2459 2480 412
20710 414 2476 413
20711 413 2476 2459
20712 415 2451 414
20713 2451 2476 414
20714 416 2470 415
20715 415 2470 2451
20716 417 2449 416
20717 2449 2470 416
20718 418 2472 417
20719 417 2472 2449
20720 419 2452 418
20721 2452 2472 418
20722 420 2473 419
20723 419 2473 2452
20724 421 2450 420
20725 2450 2473 420
20726 422 2477 421
20727 421 2477 2450
20728 423 2443 422
20729 2443 2477 422
20730 424 2456 423
20731 423 2456 2443
20732 2453 2456 424
20733 425 2481 426
20734 426 2455 427
20735 426 2481 2455
20736 427 2468 428
20737 2455 2468 427
20738 428 2468 2453
20739 2456 2457 2443
20740 2457 2458 2443
20741 2458 2477 2443
20742 2444 2466 2465
20743 2444 2467 2466
20744 2444 2479 2467
20745 2462 2463 2445
20746 2463 2464 2445
20747 2464 2469 2445
20748 2469 2471 2446
20749 2471 2482 2446
20750 2446 2482 2479
20751 2447 2488 2474
20752 2447 2487 2475
20753 2475 2488 2447
20754 2478 2487 2447
20755 2458 2460 2448
20756 2448 2461 2458
20757 2448 2465 2461
20758 2464 2470 2449
20759 2449 2471 2464
20760 2449 2472 2471
20761 2450 2477 2461
20762 2461 2485 2450
20763 2450 2485 2473
20764 2451 2470 2463
20765 2463 2483 2451
20766 2451 2483 2476
20767 2452 2486 2472
20768 2473 2484 2452
20769 2484 2486 2452
20770 2453 2475 2456
20771 2468 2488 2453
20772 2453 2488 2475
20773 2454 2483 2462
20774 2476 2483 2454
20775 2454 2489 2476
20776 2455 2474 2468
20777 2456 2487 2457
20778 2475 2487 2456
20779 2457 2460 2458
20780 2457 2478 2460
20781 2457 2487 2478
20782 2461 2477 2458
20783 2476 2489 2459
20784 2465 2485 2461
20785 2462 2483 2463
20786 2463 2470 2464
20787 2464 2471 2469
20788 2466 2485 2465
20789 2467 2484 2466
20790 2466 2484 2473
20791 2473 2485 2466
20792 2479 2482 2467
20793 2482 2486 2467
20794 2467 2486 2484
20795 2474 2488 2468
20796 2472 2482 2471
20797 2472 2486 2482
2 4 2 1473
16389 3 911 38
16390 176 911 3
16391 35 912 4
16392 4 912 137
16393 54 909 7
16394 7 909 214
16395 8 910 51
16396 175 910 8
16397 36 866 35
16398 866 912 35
16399 37 716 36
16400 716 866 36
16401 38 865 37
16402 37 865 716
16403 38 911 865
16404 51 864 52
16405 51 910 864
16406 52 751 53
16407 52 864 751
16408 53 755 54
16409 751 755 53
16410 755 909 54
16411 137 752 138
16412 137 912 752
16413 138 836 139
16414 752 836 138
16415 139 748 140
16416 139 836 748
16417 140 837 141
16418 748 837 140
16419 141 718 142
16420 141 837 718
16421 142 839 143
16422 718 839 142
16423 143 749 144
16424 143 839 749
16425 144 838 145
16426 749 838 144
16427 145 720 146
16428 145 838 720
16429 146 872 147
16430 720 872 146
16431 147 898 148
16432 872 898 147
16433 148 721 149
16434 148 898 721
16435 149 841 150
16436 721 841 149
16437 150 722 151
16438 150 841 722
16439 151 842 152
16440 722 842 151
16441 152 723 153
16442 152 842 723
16443 153 843 154
16444 723 843 153
16445 154 724 155
16446 154 843 724
16447 155 844 156
16448 724 844 155
16449 156 725 157
16450 156 844 725
16451 157 845 158
16452 725 845 157
16453 158 726 159
16454 158 845 726
16455 159 846 160
16456 726 846 159
16457 160 727 161
16458 160 846 727
16459 161 847 162
16460 727 847 161
16461 162 728 163
16462 162 847 728
16463 163 848 164
16464 728 848 163
16465 164 729 165
16466 164 848 729
16467 165 849 166
16468 729 849 165
16469 166 730 167
16470 166 849 730
16471 167 850 168
16472 730 850 167
16473 168 731 169
16474 168 850 731
16475 169 869 170
16476 731 869 169
16477 170 732 171
16478 170 869 732
16479 171 905 172
16480 732 905 171
16481 172 733 173
16482 172 905 733
16483 173 902 174
16484 733 902 173
16485 174 754 175
16486 174 902 754
16487 754 910 175
16488 177 753 176
16489 753 911 176
16490 178 855 177
16491 177 855 753
16492 179 717 178
16493 717 855 178
16494 180 768 179
16495 179 768 717
16496 181 750 180
16497 750 768 180
16498 182 851 181
16499 181 851 750
16500 183 719 182
16501 719 851 182
16502 184 858 183
16503 183 858 719
16504 185 853 184
16505 853 858 184
16506 186 734 185
16507 734 853 185
16508 187 785 186
16509 186 785 734
16510 188 792 187
16511 187 792 785
16512 189 735 188
16513 735 792 188
16514 190 774 189
16515 189 774 735
16516 191 736 190
16517 736 774 190
16518 192 793 191
16519 191 793 736
16520 193 737 192
16521 737 793 192
16522 194 806 193
16523 193 806 737
16524 195 738 194
16525 738 806 194
16526 196 861 195
16527 195 861 738
16528 197 739 196
16529 739 861 196
16530 198 807 197
16531 197 807 739
16532 199 740 198
16533 740 807 198
16534 200 827 199
16535 199 827 740
16536 201 741 200
16537 741 827 200
16538 202 828 201
16539 201 828 741
16540 203 742 202
16541 742 828 202
16542 204 829 203
16543 203 829 742
16544 205 743 204
16545 743 829 204
16546 206 830 205
16547 205 830 743
16548 207 744 206
16549 744 830 206
16550 208 831 207
16551 207 831 744
16552 209 745 208
16553 745 831 208
16554 210 832 209
16555 209 832 745
16556 211 746 210
16557 746 832 210
16558 212 834 211
16559 211 834 746
16560 213 747 212
16561 747 834 212
16562 214 867 213
16563 213 867 747
16564 214 909 867
16565 865 914 716
16566 716 868 866
16567 716 914 868
16568 768 769 717
16569 769 770 717
16570 770 855 717
16571 837 899 718
16572 718 840 839
16573 718 899 840
16574 790 856 719
16575 719 858 790
16576 719 856 851
16577 838 883 720
16578 720 901 872
16579 883 901 720
16580 721 886 841
16581 873 886 721
16582 721 898 873
16583 841 885 722
16584 722 875 842
16585 722 885 875
16586 842 881 723
16587 723 876 843
16588 723 881 876
16589 843 874 724
16590 724 884 844
16591 874 884 724
16592 844 887 725
16593 725 880 845
16594 725 887 880
16595 845 882 726
16596 726 888 846
16597 882 888 726
16598 846 889 727
16599 727 890 847
16600 889 890 727
16601 847 891 728
16602 728 892 848
16603 891 892 728
16604 848 893 729
16605 729 894 849
16606 893 894 729
16607 849 895 730
16608 730 897 850
16609 895 897 730
16610 850 896 731
16611 731 907 869
16612 896 907 731
16613 732 764 763
16614 763 905 732
16615 732 765 764
16616 732 869 765
16617 733 760 759
16618 759 902 733
16619 733 763 760
16620 733 905 763
16621 734 785 782
16622 782 786 734
16623 786 853 734
16624 774 775 735
16625 775 776 735
16626 776 792 735
16627 736 857 774
16628 793 799 736
16629 799 857 736
16630 737 794 793
16631 737 795 794
16632 737 806 795
16633 738 802 800
16634 800 806 738
16635 738 861 802
16636 739 860 804
16637 804 861 739
16638 807 860 739
16639 740 808 807
16640 740 809 808
16641 740 827 809
16642 741 814 812
16643 812 827 741
16644 741 828 814
16645 742 818 816
16646 816 828 742
16647 742 829 818
16648 743 822 820
16649 820 829 743
16650 743 830 822
16651 744 826 824
16652 824 830 744
16653 744 831 826
16654 745 863 831
16655 832 904 745
16656 745 904 863
16657 746 833 832
16658 746 906 833
16659 834 906 746
16660 747 867 756
16661 756 903 747
16662 747 903 834
16663 836 878 748
16664 748 877 837
16665 748 878 877
16666 749 879 838
16667 839 870 749
16668 870 879 749
16669 750 854 768
16670 851 852 750
16671 852 854 750
16672 751 756 755
16673 751 757 756
16674 751 864 757
16675 752 913 836
16676 866 868 752
16677 752 912 866
16678 868 913 752
16679 753 855 835
16680 835 865 753
16681 865 911 753
16682 754 759 757
16683 757 864 754
16684 754 902 759
16685 864 910 754
16686 756 867 755
16687 867 909 755
16688 757 758 756
16689 758 903 756
16690 757 759 758
16691 759 760 758
16692 760 761 758
16693 761 903 758
16694 760 762 761
16695 760 763 762
16696 762 906 761
16697 834 903 761
16698 761 906 834
16699 763 764 762
16700 764 833 762
16701 833 906 762
16702 765 766 764
16703 766 833 764
16704 765 767 766
16705 765 907 767
16706 869 907 765
16707 767 863 766
16708 766 904 833
16709 863 904 766
16710 767 908 863
16711 907 908 767
16712 768 854 769
16713 769 771 770
16714 769 772 771
16715 769 854 772
16716 771 773 770
16717 773 835 770
16718 835 855 770
16719 772 877 771
16720 771 878 773
16721 877 878 771
16722 854 871 772
16723 871 899 772
16724 772 899 877
16725 773 914 835
16726 773 913 868
16727 868 914 773
16728 878 913 773
16729 774 857 775
16730 775 777 776
16731 775 778 777
16732 775 857 778
16733 777 779 776
16734 779 780 776
16735 780 792 776
16736 778 885 777
16737 777 886 779
16738 885 886 777
16739 857 859 778
16740 859 875 778
16741 875 885 778
16742 779 781 780
16743 779 873 781
16744 779 886 873
16745 781 782 780
16746 782 785 780
16747 785 792 780
16748 781 783 782
16749 781 784 783
16750 781 873 784
16751 783 786 782
16752 784 901 783
16753 783 787 786
16754 783 901 787
16755 784 898 872
16756 872 901 784
16757 873 898 784
16758 787 788 786
16759 788 853 786
16760 787 789 788
16761 787 883 789
16762 787 901 883
16763 789 790 788
16764 790 858 788
16765 788 858 853
16766 789 791 790
16767 789 879 791
16768 789 883 879
16769 791 856 790
16770 791 900 856
16771 791 879 870
16772 870 900 791
16773 794 799 793
16774 795 796 794
16775 796 797 794
16776 797 799 794
16777 795 798 796
16778 795 800 798
16779 795 806 800
16780 796 876 797
16781 798 874 796
16782 874 876 796
16783 797 859 799
16784 797 881 859
16785 876 881 797
16786 800 801 798
16787 801 884 798
16788 798 884 874
16789 799 859 857
16790 800 802 801
16791 802 803 801
16792 803 887 801
16793 801 887 884
16794 802 804 803
16795 802 861 804
16796 804 805 803
16797 805 880 803
16798 880 887 803
16799 804 860 805
16800 860 862 805
16801 862 882 805
16802 805 882 880
16803 808 860 807
16804 809 810 808
16805 810 862 808
16806 808 862 860
16807 809 811 810
16808 809 812 811
16809 809 827 812
16810 811 889 810
16811 810 888 862
16812 810 889 888
16813 812 813 811
16814 813 890 811
16815 811 890 889
16816 812 814 813
16817 814 815 813
16818 815 891 813
16819 813 891 890
16820 814 816 815
16821 814 828 816
16822 816 817 815
16823 817 892 815
16824 815 892 891
16825 816 818 817
16826 818 819 817
16827 819 893 817
16828 817 893 892
16829 818 820 819
16830 818 829 820
16831 820 821 819
16832 821 894 819
16833 819 894 893
16834 820 822 821
16835 822 823 821
16836 823 895 821
16837 821 895 894
16838 822 824 823
16839 822 830 824
16840 824 825 823
16841 825 897 823
16842 823 897 895
16843 824 826 825
16844 826 908 825
16845 896 897 825
16846 825 908 896
16847 831 863 826
16848 863 908 826
16849 833 904 832
16850 835 914 865
16851 836 913 878
16852 877 899 837
16853 879 883 838
16854 840 870 839
16855 840 900 870
16856 840 899 871
16857 871 900 840
16858 841 886 885
16859 875 881 842
16860 843 876 874
16861 884 887 844
16862 880 882 845
16863 888 889 846
16864 890 891 847
16865 892 893 848
16866 894 895 849
16867 850 897 896
16868 851 856 852
16869 852 871 854
16870 856 900 852
16871 852 900 871
16872 859 881 875
16873 862 888 882
16874 896 908 907
18463 3 1753 176
18464 223 1753 3
18465 214 1752 7
18466 7 1752 235
18467 10 1754 226
18468 276 1754 10
18469 238 1755 12
18470 12 1755 312
18471 15 1560 294
18472 295 1611 15
18473 15 1611 1560
18474 16 1578 298
18475 299 1625 16
18476 16 1625 1578
18477 176 1596 177
18478 176 1753 1596
18479 177 1631 178
18480 1596 1631 177
18481 178 1562 179
18482 178 1631 1562
18483 179 1657 180
18484 1562 1657 179
18485 180 1563 181
18486 180 1657 1563
18487 181 1684 182
18488 1563 1684 181
18489 182 1564 183
18490 182 1684 1564
18491 183 1685 184
18492 1564 1685 183
18493 184 1565 185
18494 184 1685 1565
18495 185 1686 186
18496 1565 1686 185
18497 186 1566 187
18498 186 1686 1566
18499 187 1687 188
18500 1566 1687 187
18501 188 1567 189
18502 188 1687 1567
18503 189 1688 190
18504 1567 1688 189
18505 190 1568 191
18506 190 1688 1568
18507 191 1689 192
18508 1568 1689 191
18509 192 1569 193
18510 192 1689 1569
18511 193 1690 194
18512 1569 1690 193
18513 194 1593 195
18514 194 1690 1593
18515 195 1658 196
18516 1593 1658 195
18517 196 1570 197
18518 196 1658 1570
18519 197 1691 198
18520 1570 1691 197
18521 198 1571 199
18522 198 1691 1571
18523 199 1659 200
18524 1571 1659 199
18525 200 1561 201
18526 200 1659 1561
18527 201 1692 202
18528 1561 1692 201
18529 202 1572 203
18530 202 1692 1572
18531 203 1693 204
18532 1572 1693 203
18533 204 1573 205
18534 204 1693 1573
18535 205 1694 206
18536 1573 1694 205
18537 206 1574 207
18538 206 1694 1574
18539 207 1695 208
18540 1574 1695 207
18541 208 1575 209
18542 208 1695 1575
18543 209 1696 210
18544 1575 1696 209
18545 210 1576 211
18546 210 1696 1576
18547 211 1698 212
18548 1576 1698 211
18549 212 1577 213
18550 212 1698 1577
18551 213 1709 214
18552 1577 1709 213
18553 1709 1752 214
18554 224 1710 223
18555 1710 1753 223
18556 225 1559 224
18557 1559 1710 224
18558 226 1708 225
18559 225 1708 1559
18560 226 1754 1708
18561 235 1598 236
18562 235 1752 1598
18563 236 1594 237
18564 236 1598 1594
18565 237 1711 238
18566 1594 1711 237
18567 1711 1755 238
18568 277 1660 276
18569 1660 1754 276
18570 278 1595 277
18571 1595 1660 277
18572 279 1661 278
18573 278 1661 1595
18574 280 1579 279
18575 1579 1661 279
18576 281 1662 280
18577 280 1662 1579
18578 282 1580 281
18579 1580 1662 281
18580 283 1663 282
18581 282 1663 1580
18582 284 1581 283
18583 1581 1663 283
18584 285 1664 284
18585 284 1664 1581
18586 286 1582 285
18587 1582 1664 285
18588 287 1665 286
18589 286 1665 1582
18590 288 1583 287
18591 1583 1665 287
18592 289 1666 288
18593 288 1666 1583
18594 290 1584 289
18595 1584 1666 289
18596 291 1667 290
18597 290 1667 1584
18598 292 1585 291
18599 1585 1667 291
18600 293 1701 292
18601 292 1701 1585
18602 294 1617 293
18603 1617 1701 293
18604 1560 1617 294
18605 296 1704 295
18606 295 1704 1611
18607 297 1586 296
18608 1586 1704 296
18609 298 1668 297
18610 297 1668 1586
18611 1578 1668 298
18612 300 1587 299
18613 1587 1625 299
18614 301 1670 300
18615 300 1670 1587
18616 302 1588 301
18617 1588 1670 301
18618 303 1682 302
18619 302 1682 1588
18620 304 1589 303
18621 1589 1682 303
18622 305 1681 304
18623 304 1681 1589
18624 306 1590 305
18625 1590 1681 305
18626 307 1713 306
18627 306 1713 1590
18628 308 1591 307
18629 1591 1713 307
18630 309 1745 308
18631 308 1745 1591
18632 310 1592 309
18633 1592 1745 309
18634 311 1746 310
18635 310 1746 1592
18636 312 1597 311
18637 1597 1746 311
18638 312 1755 1597
18639 1708 1712 1559
18640 1559 1757 1710
18641 1712 1757 1559
18642 1611 1612 1560
18643 1612 1613 1560
18644 1613 1617 1560
18645 1659 1718 1561
18646 1561 1731 1692
18647 1718 1731 1561
18648 1631 1632 1562
18649 1632 1633 1562
18650 1633 1657 1562
18651 1637 1639 1563
18652 1563 1657 1637
18653 1639 1684 1563
18654 1641 1643 1564
18655 1564 1684 1641
18656 1643 1685 1564
18657 1645 1647 1565
18658 1565 1685 1645
18659 1647 1686 1565
18660 1649 1651 1566
18661 1566 1686 1649
18662 1651 1687 1566
18663 1653 1655 1567
18664 1567 1687 1653
18665 1655 1688 1567
18666 1688 1714 1568
18667 1568 1724 1689
18668 1714 1724 1568
18669 1689 1732 1569
18670 1569 1737 1690
18671 1732 1737 1569
18672 1658 1727 1570
18673 1570 1719 1691
18674 1570 1727 1719
18675 1571 1721 1659
18676 1691 1720 1571
18677 1720 1721 1571
18678 1692 1726 1572
18679 1572 1729 1693
18680 1726 1729 1572
18681 1693 1735 1573
18682 1573 1741 1694
18683 1735 1741 1573
18684 1694 1739 1574
18685 1574 1716 1695
18686 1574 1739 1716
18687 1695 1707 1575
18688 1575 1748 1696
18689 1707 1748 1575
18690 1696 1697 1576
18691 1697 1750 1576
18692 1576 1750 1698
18693 1599 1709 1577
18694 1577 1747 1599
18695 1698 1747 1577
18696 1625 1626 1578
18697 1626 1627 1578
18698 1627 1668 1578
18699 1579 1717 1661
18700 1662 1725 1579
18701 1579 1725 1717
18702 1580 1728 1662
18703 1663 1730 1580
18704 1580 1730 1728
18705 1581 1733 1663
18706 1664 1736 1581
18707 1581 1736 1733
18708 1582 1738 1664
18709 1665 1740 1582
18710 1582 1740 1738
18711 1583 1742 1665
18712 1666 1744 1583
18713 1583 1744 1742
18714 1584 1743 1666
18715 1667 1715 1584
18716 1715 1743 1584
18717 1621 1623 1585
18718 1585 1701 1621
18719 1623 1667 1585
18720 1668 1669 1586
18721 1669 1705 1586
18722 1586 1705 1704
18723 1587 1683 1625
18724 1670 1703 1587
18725 1587 1703 1683
18726 1588 1671 1670
18727 1588 1672 1671
18728 1588 1682 1672
18729 1589 1678 1676
18730 1676 1682 1589
18731 1589 1681 1678
18732 1680 1681 1590
18733 1590 1749 1680
18734 1713 1749 1590
18735 1606 1607 1591
18736 1591 1745 1606
18737 1607 1608 1591
18738 1608 1713 1591
18739 1602 1603 1592
18740 1592 1746 1602
18741 1603 1606 1592
18742 1606 1745 1592
18743 1593 1723 1658
18744 1690 1734 1593
18745 1593 1734 1723
18746 1598 1599 1594
18747 1599 1600 1594
18748 1600 1711 1594
18749 1595 1756 1660
18750 1661 1722 1595
18751 1722 1756 1595
18752 1596 1700 1631
18753 1596 1710 1700
18754 1596 1753 1710
18755 1600 1602 1597
18756 1597 1711 1600
18757 1602 1746 1597
18758 1597 1755 1711
18759 1598 1709 1599
18760 1598 1752 1709
18761 1599 1601 1600
18762 1599 1747 1601
18763 1601 1602 1600
18764 1601 1603 1602
18765 1601 1604 1603
18766 1601 1747 1604
18767 1604 1605 1603
18768 1605 1606 1603
18769 1604 1750 1605
18770 1604 1747 1698
18771 1698 1750 1604
18772 1605 1607 1606
18773 1605 1697 1607
18774 1605 1750 1697
18775 1607 1609 1608
18776 1607 1697 1609
18777 1609 1610 1608
18778 1610 1749 1608
18779 1608 1749 1713
18780 1609 1707 1610
18781 1697 1748 1609
18782 1609 1748 1707
18783 1680 1749 1610
18784 1610 1751 1680
18785 1707 1751 1610
18786 1611 1614 1612
18787 1611 1704 1614
18788 1612 1699 1613
18789 1614 1615 1612
18790 1615 1699 1612
18791 1613 1618 1617
18792 1613 1619 1618
18793 1613 1699 1619
18794 1614 1616 1615
18795 1614 1705 1616
18796 1704 1705 1614
18797 1616 1727 1615
18798 1615 1723 1699
18799 1615 1727 1723
18800 1705 1706 1616
18801 1706 1719 1616
18802 1719 1727 1616
18803 1618 1701 1617
18804 1619 1620 1618
18805 1620 1621 1618
18806 1621 1701 1618
18807 1619 1737 1620
18808 1699 1734 1619
18809 1734 1737 1619
18810 1620 1622 1621
18811 1620 1732 1622
18812 1620 1737 1732
18813 1622 1623 1621
18814 1622 1624 1623
18815 1622 1724 1624
18816 1622 1732 1724
18817 1624 1715 1623
18818 1623 1715 1667
18819 1624 1714 1656
18820 1656 1715 1624
18821 1624 1724 1714
18822 1625 1683 1626
18823 1626 1628 1627
18824 1626 1629 1628
18825 1626 1683 1629
18826 1628 1630 1627
18827 1630 1669 1627
18828 1627 1669 1668
18829 1629 1718 1628
18830 1628 1721 1630
18831 1718 1721 1628
18832 1683 1702 1629
18833 1702 1731 1629
18834 1629 1731 1718
18835 1630 1706 1669
18836 1630 1720 1706
18837 1630 1721 1720
18838 1631 1700 1632
18839 1632 1634 1633
18840 1632 1636 1634
18841 1632 1700 1636
18842 1634 1635 1633
18843 1635 1637 1633
18844 1637 1657 1633
18845 1634 1717 1635
18846 1636 1722 1634
18847 1634 1722 1717
18848 1635 1638 1637
18849 1635 1725 1638
18850 1717 1725 1635
18851 1700 1757 1636
18852 1712 1756 1636
18853 1636 1757 1712
18854 1636 1756 1722
18855 1638 1639 1637
18856 1638 1640 1639
18857 1638 1728 1640
18858 1725 1728 1638
18859 1640 1641 1639
18860 1641 1684 1639
18861 1640 1642 1641
18862 1640 1730 1642
18863 1728 1730 1640
18864 1642 1643 1641
18865 1642 1644 1643
18866 1642 1733 1644
18867 1730 1733 1642
18868 1644 1645 1643
18869 1645 1685 1643
18870 1644 1646 1645
18871 1644 1736 1646
18872 1733 1736 1644
18873 1646 1647 1645
18874 1646 1648 1647
18875 1646 1738 1648
18876 1736 1738 1646
18877 1648 1649 1647
18878 1649 1686 1647
18879 1648 1650 1649
18880 1648 1740 1650
18881 1738 1740 1648
18882 1650 1651 1649
18883 1650 1652 1651
18884 1650 1742 1652
18885 1740 1742 1650
18886 1652 1653 1651
18887 1653 1687 1651
18888 1652 1654 1653
18889 1652 1744 1654
18890 1742 1744 1652
18891 1654 1655 1653
18892 1654 1656 1655
18893 1654 1743 1656
18894 1654 1744 1743
18895 1656 1714 1655
18896 1655 1714 1688
18897 1656 1743 1715
18898 1723 1727 1658
18899 1659 1721 1718
18900 1660 1712 1708
18901 1708 1754 1660
18902 1660 1756 1712
18903 1717 1722 1661
18904 1662 1728 1725
18905 1663 1733 1730
18906 1664 1738 1736
18907 1665 1742 1740
18908 1743 1744 1666
18909 1669 1706 1705
18910 1671 1703 1670
18911 1672 1673 1671
18912 1673 1674 1671
18913 1674 1703 1671
18914 1672 1675 1673
18915 1672 1676 1675
18916 1672 1682 1676
18917 1673 1729 1674
18918 1675 1735 1673
18919 1673 1735 1729
18920 1702 1703 1674
18921 1674 1726 1702
18922 1674 1729 1726
18923 1676 1677 1675
18924 1677 1741 1675
18925 1675 1741 1735
18926 1676 1678 1677
18927 1678 1679 1677
18928 1679 1739 1677
18929 1739 1741 1677
18930 1678 1680 1679
18931 1678 1681 1680
18932 1680 1751 1679
18933 1716 1739 1679
18934 1679 1751 1716
18935 1683 1703 1702
18936 1724 1732 1689
18937 1690 1737 1734
18938 1719 1720 1691
18939 1692 1731 1726
18940 1729 1735 1693
18941 1694 1741 1739
18942 1695 1716 1707
18943 1696 1748 1697
18944 1723 1734 1699
18945 1710 1757 1700
18946 1726 1731 1702
18947 1706 1720 1719
18948 1716 1751 1707
20097 10 2369 276
20098 338 2369 10
20099 15 294 383
20100 20 2368 346
20101 370 2368 20
20102 22 2237 378
20103 396 2237 22
20104 276 2234 277
20105 276 2369 2234
20106 277 2317 278
20107 2234 2317 277
20108 278 2230 279
20109 278 2317 2230
20110 279 2323 280
20111 2230 2323 279
20112 280 2220 281
20113 280 2323 2220
20114 281 2374 282
20115 2220 2374 281
20116 282 2370 283
20117 282 2374 2370
20118 283 2222 284
20119 283 2370 2222
20120 284 2311 285
20121 2222 2311 284
20122 285 2310 286
20123 285 2311 2310
20124 286 2225 287
20125 286 2310 2225
20126 287 2307 288
20127 2225 2307 287
20128 288 2231 289
20129 288 2307 2231
20130 289 2297 290
20131 2231 2297 289
20132 290 2233 291
20133 290 2297 2233
20134 291 2301 292
20135 2233 2301 291
20136 292 2313 293
20137 2301 2313 292
20138 293 2354 294
20139 2313 2354 293
20140 294 2354 383
20141 339 2319 338
20142 2319 2369 338
20143 340 2360 339
20144 339 2360 2319
20145 341 2229 340
20146 2229 2360 340
20147 342 2325 341
20148 341 2325 2229
20149 343 2223 342
20150 2223 2325 342
20151 344 2324 343
20152 343 2324 2223
20153 345 2232 344
20154 2232 2324 344
20155 346 2349 345
20156 345 2349 2232
20157 346 2368 2349
20158 371 2236 370
20159 2236 2368 370
20160 372 2328 371
20161 371 2328 2236
20162 373 2226 372
20163 2226 2328 372
20164 374 2348 373
20165 373 2348 2226
20166 375 2330 374
20167 2330 2348 374
20168 376 2221 375
20169 2221 2330 375
20170 377 2314 376
20171 376 2314 2221
20172 378 2228 377
20173 2228 2314 377
20174 378 2237 2228
20175 383 2354 384
20176 384 2376 385
20177 2354 2376 384
20178 385 2235 386
20179 385 2376 2235
20180 386 2351 387
20181 2235 2351 386
20182 387 2363 388
20183 2351 2363 387
20184 388 2227 389
20185 388 2363 2227
20186 389 2357 390
20187 2227 2357 389
20188 390 2350 391
20189 390 2357 2350
20190 391 2224 392
20191 391 2350 2224
20192 392 2338 393
20193 2224 2338 392
20194 393 2353 394
20195 2338 2353 393
20196 394 2219 395
20197 394 2353 2219
20198 395 2342 396
20199 2219 2342 395
20200 396 2342 2237
20201 2219 2353 2305
20202 2305 2361 2219
20203 2219 2361 2342
20204 2220 2323 2290
20205 2290 2343 2220
20206 2220 2343 2295
20207 2295 2374 2220
20208 2221 2314 2293
20209 2293 2340 2221
20210 2221 2340 2330
20211 2222 2370 2294
20212 2294 2373 2222
20213 2222 2312 2311
20214 2222 2373 2312
20215 2324 2367 2223
20216 2223 2327 2325
20217 2223 2367 2327
20218 2224 2372 2338
20219 2350 2365 2224
20220 2365 2372 2224
20221 2225 2308 2307
20222 2225 2309 2308
20223 2225 2310 2309
20224 2226 2329 2291
20225 2291 2377 2226
20226 2226 2377 2328
20227 2226 2348 2329
20228 2300 2358 2227
20229 2227 2363 2300
20230 2346 2357 2227
20231 2227 2358 2346
20232 2237 2238 2228
20233 2238 2239 2228
20234 2239 2314 2228
20235 2320 2360 2229
20236 2229 2364 2320
20237 2325 2326 2229
20238 2326 2364 2229
20239 2317 2321 2230
20240 2321 2322 2230
20241 2322 2323 2230
20242 2231 2347 2297
20243 2307 2352 2231
20244 2231 2352 2347
20245 2292 2345 2232
20246 2232 2371 2292
20247 2232 2345 2324
20248 2349 2371 2232
20249 2297 2298 2233
20250 2298 2299 2233
20251 2299 2301 2233
20252 2234 2318 2317
20253 2234 2319 2318
20254 2234 2369 2319
20255 2235 2301 2299
20256 2299 2351 2235
20257 2235 2313 2301
20258 2235 2376 2313
20259 2328 2371 2236
20260 2349 2368 2236
20261 2236 2371 2349
20262 2237 2375 2238
20263 2342 2375 2237
20264 2238 2240 2239
20265 2238 2285 2240
20266 2238 2375 2285
20267 2240 2241 2239
20268 2241 2293 2239
20269 2293 2314 2239
20270 2240 2242 2241
20271 2240 2331 2242
20272 2285 2331 2240
20273 2242 2243 2241
20274 2243 2341 2241
20275 2241 2341 2293
20276 2242 2244 2243
20277 2242 2246 2244
20278 2242 2331 2246
20279 2244 2245 2243
20280 2245 2334 2243
20281 2334 2341 2243
20282 2244 2247 2245
20283 2246 2315 2244
20284 2244 2315 2247
20285 2247 2248 2245
20286 2248 2249 2245
20287 2249 2334 2245
20288 2296 2315 2246
20289 2246 2337 2296
20290 2331 2337 2246
20291 2247 2253 2248
20292 2247 2254 2253
20293 2247 2315 2254
20294 2248 2250 2249
20295 2248 2336 2250
20296 2253 2336 2248
20297 2250 2251 2249
20298 2251 2255 2249
20299 2255 2334 2249
20300 2250 2252 2251
20301 2250 2257 2252
20302 2250 2336 2257
20303 2252 2332 2251
20304 2251 2256 2255
20305 2251 2332 2256
20306 2257 2258 2252
20307 2258 2259 2252
20308 2259 2332 2252
20309 2254 2260 2253
20310 2260 2339 2253
20311 2253 2339 2336
20312 2254 2261 2260
20313 2254 2266 2261
20314 2254 2315 2266
20315 2256 2262 2255
20316 2262 2278 2255
20317 2278 2334 2255
20318 2256 2263 2262
20319 2256 2276 2263
20320 2256 2332 2276
20321 2257 2264 2258
20322 2257 2277 2264
20323 2257 2336 2277
20324 2258 2333 2259
20325 2264 2265 2258
20326 2265 2333 2258
20327 2259 2335 2332
20328 2333 2355 2259
20329 2259 2355 2335
20330 2261 2288 2260
20331 2288 2289 2260
20332 2289 2339 2260
20333 2266 2267 2261
20334 2267 2366 2261
20335 2261 2366 2288
20336 2263 2329 2262
20337 2262 2279 2278
20338 2262 2329 2279
20339 2276 2280 2263
20340 2280 2291 2263
20341 2291 2329 2263
20342 2264 2322 2265
20343 2277 2290 2264
20344 2290 2322 2264
20345 2265 2322 2321
20346 2321 2344 2265
20347 2265 2344 2333
20348 2266 2268 2267
20349 2266 2296 2268
20350 2266 2315 2296
20351 2268 2269 2267
20352 2269 2272 2267
20353 2272 2366 2267
20354 2268 2270 2269
20355 2268 2316 2270
20356 2296 2316 2268
20357 2270 2271 2269
20358 2271 2359 2269
20359 2269 2359 2272
20360 2270 2273 2271
20361 2270 2275 2273
20362 2270 2316 2275
20363 2273 2274 2271
20364 2274 2356 2271
20365 2356 2359 2271
20366 2272 2359 2309
20367 2309 2362 2272
20368 2272 2362 2312
20369 2312 2366 2272
20370 2273 2281 2274
20371 2275 2302 2273
20372 2273 2302 2281
20373 2281 2282 2274
20374 2282 2283 2274
20375 2283 2356 2274
20376 2275 2303 2302
20377 2275 2304 2303
20378 2275 2316 2304
20379 2276 2286 2280
20380 2276 2335 2286
20381 2332 2335 2276
20382 2277 2343 2290
20383 2336 2339 2277
20384 2339 2343 2277
20385 2279 2340 2278
20386 2278 2341 2334
20387 2340 2341 2278
20388 2329 2348 2279
20389 2330 2340 2279
20390 2279 2348 2330
20391 2286 2345 2280
20392 2280 2292 2291
20393 2280 2345 2292
20394 2281 2287 2282
20395 2281 2365 2287
20396 2302 2365 2281
20397 2282 2284 2283
20398 2282 2346 2284
20399 2287 2346 2282
20400 2284 2352 2283
20401 2283 2352 2308
20402 2308 2356 2283
20403 2346 2358 2284
20404 2347 2352 2284
20405 2284 2358 2347
20406 2306 2331 2285
20407 2285 2361 2306
20408 2285 2375 2361
20409 2286 2335 2327
20410 2327 2367 2286
20411 2286 2367 2345
20412 2287 2357 2346
20413 2350 2357 2287
20414 2287 2365 2350
20415 2288 2294 2289
20416 2288 2373 2294
20417 2366 2373 2288
20418 2294 2295 2289
20419 2295 2343 2289
20420 2289 2343 2339
20421 2290 2323 2322
20422 2292 2377 2291
20423 2371 2377 2292
20424 2293 2341 2340
20425 2294 2370 2295
20426 2370 2374 2295
20427 2296 2337 2316
20428 2297 2347 2298
20429 2298 2300 2299
20430 2298 2358 2300
20431 2347 2358 2298
20432 2300 2351 2299
20433 2300 2363 2351
20434 2303 2372 2302
20435 2302 2372 2365
20436 2304 2305 2303
20437 2305 2338 2303
20438 2338 2372 2303
20439 2304 2306 2305
20440 2304 2337 2306
20441 2316 2337 2304
20442 2306 2361 2305
20443 2305 2353 2338
20444 2306 2337 2331
20445 2308 2352 2307
20446 2309 2356 2308
20447 2310 2362 2309
20448 2309 2359 2356
20449 2311 2362 2310
20450 2312 2362 2311
20451 2312 2373 2366
20452 2313 2376 2354
20453 2318 2321 2317
20454 2319 2320 2318
20455 2320 2344 2318
20456 2318 2344 2321
20457 2319 2360 2320
20458 2320 2364 2344
20459 2345 2367 2324
20460 2325 2327 2326
20461 2327 2355 2326
20462 2326 2355 2333
20463 2333 2364 2326
20464 2335 2355 2327
20465 2328 2377 2371
20466 2344 2364 2333
20467 2361 2375 2342
21072 295 15 2601
21073 15 383 2601
21074 298 449 16
21075 396 22 463
21076 26 462 2598
21077 466 26 2598
21078 296 295 2595
21079 2595 295 2601
21080 297 296 2628
21081 296 2595 2628
21082 298 297 2622
21083 297 2597 2622
21084 2597 297 2628
21085 449 298 2622
21086 383 384 2593
21087 383 2593 2601
21088 384 385 2617
21089 2593 384 2617
21090 385 386 2592
21091 385 2592 2617
21092 386 387 2608
21093 2592 386 2626
21094 386 2608 2626
21095 387 388 2621
21096 2608 387 2621
21097 388 389 2584
21098 388 2584 2621
21099 389 390 2613
21100 2584 389 2613
21101 390 391 2590
21102 390 2590 2613
21103 391 392 2610
21104 2590 391 2610
21105 392 393 2591
21106 392 2591 2610
21107 393 394 2609
21108 2591 393 2609
21109 394 395 2596
21110 394 2596 2609
21111 395 396 2623
21112 2596 395 2623
21113 396 463 2623
21114 450 449 2622
21115 451 450 2597
21116 2597 450 2622
21117 452 451 2618
21118 451 2597 2618
21119 453 452 2588
21120 2588 452 2618
21121 454 453 2616
21122 453 2588 2616
21123 455 454 2586
21124 2586 454 2616
21125 456 455 2605
21126 455 2586 2605
21127 457 456 2585
21128 2585 456 2605
21129 458 457 2614
21130 457 2585 2614
21131 459 458 2620
21132 458 2614 2620
21133 460 459 2589
21134 2589 459 2620
21135 461 460 2604
21136 460 2589 2604
21137 462 461 2587
21138 2587 461 2604
21139 462 2587 2598
21140 463 464 2623
21141 464 465 2627
21142 464 2596 2623
21143 2596 464 2627
21144 465 466 2594
21145 465 2594 2627
21146 2594 466 2598
21147 2612 2584 2613
21148 2584 2612 2619
21149 2584 2619 2621
21150 2585 2605 2606
21151 2585 2606 2607
21152 2585 2607 2614
21153 2603 2586 2616
21154 2586 2603 2629
21155 2605 2586 2615
21156 2615 2586 2629
21157 2598 2587 2599
21158 2599 2587 2600
21159 2600 2587 2604
21160 2588 2602 2616
21161 2602 2588 2625
21162 2588 2618 2625
21163 2604 2589 2611
21164 2611 2589 2612
21165 2612 2589 2620
21166 2600 2590 2610
21167 2590 2600 2611
21168 2590 2611 2613
21169 2591 2599 2610
21170 2599 2591 2624
21171 2591 2609 2624
21172 2615 2592 2626
21173 2592 2615 2629
21174 2617 2592 2629
21175 2601 2593 2602
21176 2602 2593 2603
21177 2603 2593 2617
21178 2594 2598 2624
21179 2609 2594 2624
21180 2594 2609 2627
21181 2595 2601 2625
21182 2618 2595 2625
21183 2595 2618 2628
21184 2609 2596 2627
21185 2618 2597 2628
21186 2598 2599 2624
21187 2599 2600 2610
21188 2600 2604 2611
21189 2601 2602 2625
21190 2602 2603 2616
21191 2603 2617 2629
21192 2606 2605 2615
21193 2607 2606 2608
21194 2608 2606 2626
21195 2606 2615 2626
21196 2607 2608 2621
21197 2614 2607 2619
21198 2619 2607 2621
21199 2611 2612 2613
21200 2619 2612 2620
21201 2614 2619 2620
2 5 2 484
16875 1 39 1109
16876 59 1 1109
16877 42 4 1108
16878 4 137 1108
16879 55 5 1110
16880 5 97 1110
16881 8 58 1107
16882 175 8 1107
16883 39 40 1024
16884 39 1024 1109
16885 40 41 950
16886 40 950 1024
16887 41 42 1027
16888 950 41 1027
16889 1027 42 1108
16890 56 55 1067
16891 1067 55 1110
16892 57 56 951
16893 951 56 1067
16894 58 57 953
16895 57 951 953
16896 58 953 1107
16897 60 59 1063
16898 1063 59 1109
16899 61 60 915
16900 915 60 1063
16901 62 61 1072
16902 61 915 1072
16903 63 62 1099
16904 62 1072 1099
16905 64 63 933
16906 933 63 1099
16907 65 64 979
16908 64 933 979
16909 66 65 934
16910 934 65 979
16911 67 66 1028
16912 66 934 1028
16913 68 67 1054
16914 67 1028 1054
16915 69 68 919
16916 919 68 1054
16917 70 69 980
16918 69 919 980
16919 71 70 920
16920 920 70 980
16921 72 71 998
16922 71 920 998
16923 73 72 921
16924 921 72 998
16925 74 73 999
16926 73 921 999
16927 75 74 922
16928 922 74 999
16929 76 75 1000
16930 75 922 1000
16931 77 76 923
16932 923 76 1000
16933 78 77 1001
16934 77 923 1001
16935 79 78 924
16936 924 78 1001
16937 80 79 1002
16938 79 924 1002
16939 81 80 925
16940 925 80 1002
16941 82 81 1029
16942 81 925 1029
16943 83 82 926
16944 926 82 1029
16945 84 83 1008
16946 83 926 1008
16947 85 84 927
16948 927 84 1008
16949 86 85 1058
16950 85 927 1058
16951 87 86 928
16952 928 86 1058
16953 88 87 1016
16954 87 928 1016
16955 89 88 929
16956 929 88 1016
16957 90 89 1023
16958 89 929 1023
16959 91 90 930
16960 930 90 1023
16961 92 91 1068
16962 91 930 1068
16963 93 92 931
16964 931 92 1068
16965 94 93 1100
16966 93 931 1100
16967 95 94 932
16968 932 94 1100
16969 96 95 1101
16970 95 932 1101
16971 97 96 952
16972 952 96 1101
16973 97 952 1110
16974 137 138 1065
16975 137 1065 1108
16976 138 139 949
16977 138 949 1065
16978 139 140 966
16979 949 139 966
16980 140 141 916
16981 140 916 966
16982 141 142 1031
16983 916 141 1031
16984 142 143 917
16985 142 917 1031
16986 143 144 1056
16987 917 143 1056
16988 144 145 918
16989 144 918 1056
16990 145 146 1050
16991 918 145 1050
16992 146 147 1051
16993 1050 146 1051
16994 147 148 935
16995 147 935 1051
16996 148 149 1032
16997 935 148 1032
16998 149 150 936
16999 149 936 1032
17000 150 151 1033
17001 936 150 1033
17002 151 152 937
17003 151 937 1033
17004 152 153 1034
17005 937 152 1034
17006 153 154 938
17007 153 938 1034
17008 154 155 1035
17009 938 154 1035
17010 155 156 939
17011 155 939 1035
17012 156 157 1036
17013 939 156 1036
17014 157 158 940
17015 157 940 1036
17016 158 159 1037
17017 940 158 1037
17018 159 160 941
17019 159 941 1037
17020 160 161 1038
17021 941 160 1038
17022 161 162 942
17023 161 942 1038
17024 162 163 1039
17025 942 162 1039
17026 163 164 943
17027 163 943 1039
17028 164 165 1040
17029 943 164 1040
17030 165 166 944
17031 165 944 1040
17032 166 167 1041
17033 944 166 1041
17034 167 168 945
17035 167 945 1041
17036 168 169 1042
17037 945 168 1042
17038 169 170 946
17039 169 946 1042
17040 170 171 1043
17041 946 170 1043
17042 171 172 947
17043 171 947 1043
17044 172 173 1045
17045 947 172 1045
17046 173 174 948
17047 173 948 1045
17048 174 175 1066
17049 948 174 1066
17050 1066 175 1107
17051 1025 915 1063
17052 915 1025 1064
17053 915 1064 1072
17054 966 916 967
17055 967 916 968
17056 968 916 1031
17057 973 917 975
17058 917 973 1031
17059 975 917 1056
17060 918 977 1056
17061 977 918 1057
17062 918 1050 1057
17063 980 919 1059
17064 919 1054 1055
17065 919 1055 1059
17066 920 980 981
17067 920 981 982
17068 920 982 998
17069 921 986 988
17070 986 921 998
17071 921 988 999
17072 922 990 992
17073 990 922 999
17074 922 992 1000
17075 923 994 996
17076 994 923 1000
17077 923 996 1001
17078 924 1001 1049
17079 1002 924 1047
17080 1047 924 1049
17081 925 1002 1003
17082 925 1003 1004
17083 925 1004 1029
17084 1008 926 1014
17085 1014 926 1030
17086 926 1029 1030
17087 927 1008 1009
17088 927 1009 1010
17089 927 1010 1058
17090 1016 928 1022
17091 1022 928 1061
17092 928 1058 1061
17093 929 1016 1017
17094 929 1017 1018
17095 929 1018 1023
17096 930 1023 1046
17097 930 1046 1104
17098 1068 930 1104
17099 961 931 962
17100 931 961 1100
17101 962 931 963
17102 963 931 1068
17103 957 932 958
17104 932 957 1101
17105 958 932 961
17106 961 932 1100
17107 979 933 1080
17108 933 1071 1080
17109 1071 933 1099
17110 934 979 1079
17111 1028 934 1076
17112 1076 934 1079
17113 935 1032 1082
17114 1051 935 1097
17115 935 1082 1097
17116 1032 936 1086
17117 936 1033 1088
17118 1086 936 1088
17119 1033 937 1090
17120 937 1034 1087
17121 937 1087 1090
17122 1034 938 1091
17123 938 1035 1089
17124 938 1089 1091
17125 1035 939 1085
17126 939 1036 1074
17127 939 1074 1085
17128 1036 940 1077
17129 940 1037 1078
17130 1077 940 1078
17131 1037 941 1075
17132 941 1038 1093
17133 1075 941 1093
17134 1038 942 1095
17135 942 1039 1094
17136 942 1094 1095
17137 1039 943 1083
17138 943 1040 1092
17139 1083 943 1092
17140 1040 944 1096
17141 944 1041 1084
17142 944 1084 1096
17143 1041 945 1081
17144 945 1042 1073
17145 945 1073 1081
17146 1042 946 1062
17147 946 1043 1103
17148 1062 946 1103
17149 1043 947 1044
17150 1044 947 1105
17151 947 1045 1105
17152 954 948 1066
17153 948 954 1102
17154 1045 948 1102
17155 949 966 1053
17156 949 1053 1112
17157 1065 949 1112
17158 1024 950 1025
17159 1025 950 1026
17160 1026 950 1027
17161 953 951 954
17162 954 951 955
17163 955 951 1067
17164 955 952 957
17165 952 955 1067
17166 957 952 1101
17167 952 1067 1110
17168 953 954 1066
17169 953 1066 1107
17170 954 955 956
17171 954 956 1102
17172 956 955 957
17173 956 957 958
17174 956 958 959
17175 956 959 1102
17176 959 958 960
17177 960 958 961
17178 959 960 1105
17179 959 1045 1102
17180 1045 959 1105
17181 960 961 962
17182 960 962 1044
17183 960 1044 1105
17184 962 963 964
17185 962 964 1044
17186 964 963 965
17187 965 963 1104
17188 963 1068 1104
17189 964 965 1062
17190 1044 964 1103
17191 964 1062 1103
17192 1046 965 1104
17193 965 1046 1106
17194 1062 965 1106
17195 966 967 1053
17196 967 968 969
17197 967 969 970
17198 967 970 1053
17199 969 968 971
17200 971 968 973
17201 973 968 1031
17202 970 969 972
17203 969 971 1071
17204 972 969 1071
17205 970 972 1064
17206 1053 970 1111
17207 970 1064 1111
17208 971 973 974
17209 971 974 1080
17210 1071 971 1080
17211 1064 972 1072
17212 972 1071 1099
17213 1072 972 1099
17214 974 973 975
17215 974 975 976
17216 974 976 1079
17217 974 1079 1080
17218 976 975 977
17219 977 975 1056
17220 976 977 978
17221 976 978 1076
17222 976 1076 1079
17223 978 977 1057
17224 978 1057 1098
17225 978 1069 1076
17226 1069 978 1098
17227 1079 979 1080
17228 981 980 1059
17229 982 981 983
17230 983 981 984
17231 984 981 1059
17232 982 983 985
17233 982 985 986
17234 982 986 998
17235 983 984 1082
17236 985 983 1086
17237 983 1082 1086
17238 984 1059 1070
17239 984 1070 1097
17240 1082 984 1097
17241 986 985 987
17242 987 985 1088
17243 985 1086 1088
17244 986 987 988
17245 988 987 989
17246 989 987 1090
17247 987 1088 1090
17248 988 989 990
17249 988 990 999
17250 990 989 991
17251 991 989 1087
17252 1087 989 1090
17253 990 991 992
17254 992 991 993
17255 993 991 1091
17256 991 1087 1091
17257 992 993 994
17258 992 994 1000
17259 994 993 995
17260 995 993 1089
17261 1089 993 1091
17262 994 995 996
17263 996 995 997
17264 997 995 1085
17265 1085 995 1089
17266 996 997 1049
17267 1001 996 1049
17268 997 1048 1049
17269 1048 997 1074
17270 1074 997 1085
17271 1003 1002 1047
17272 1004 1003 1005
17273 1005 1003 1007
17274 1007 1003 1047
17275 1004 1005 1006
17276 1004 1006 1030
17277 1029 1004 1030
17278 1006 1005 1075
17279 1005 1007 1078
17280 1075 1005 1078
17281 1006 1015 1030
17282 1015 1006 1093
17283 1006 1075 1093
17284 1007 1047 1048
17285 1007 1048 1077
17286 1007 1077 1078
17287 1009 1008 1014
17288 1010 1009 1011
17289 1011 1009 1013
17290 1013 1009 1014
17291 1010 1011 1012
17292 1010 1012 1061
17293 1058 1010 1061
17294 1012 1011 1083
17295 1011 1013 1094
17296 1083 1011 1094
17297 1012 1060 1061
17298 1060 1012 1092
17299 1012 1083 1092
17300 1013 1014 1015
17301 1013 1015 1095
17302 1094 1013 1095
17303 1015 1014 1030
17304 1015 1093 1095
17305 1017 1016 1022
17306 1018 1017 1019
17307 1019 1017 1020
17308 1020 1017 1022
17309 1018 1019 1021
17310 1018 1021 1046
17311 1023 1018 1046
17312 1019 1020 1084
17313 1021 1019 1081
17314 1081 1019 1084
17315 1020 1022 1060
17316 1020 1060 1096
17317 1084 1020 1096
17318 1046 1021 1106
17319 1073 1021 1081
17320 1021 1073 1106
17321 1060 1022 1061
17322 1024 1025 1063
17323 1024 1063 1109
17324 1025 1026 1111
17325 1064 1025 1111
17326 1026 1027 1065
17327 1026 1065 1112
17328 1111 1026 1112
17329 1065 1027 1108
17330 1054 1028 1069
17331 1069 1028 1076
17332 1082 1032 1086
17333 1088 1033 1090
17334 1087 1034 1091
17335 1035 1085 1089
17336 1074 1036 1077
17337 1037 1075 1078
17338 1093 1038 1095
17339 1039 1083 1094
17340 1092 1040 1096
17341 1041 1081 1084
17342 1042 1062 1073
17343 1043 1044 1103
17344 1048 1047 1049
17345 1048 1074 1077
17346 1050 1051 1052
17347 1050 1052 1057
17348 1052 1051 1097
17349 1057 1052 1098
17350 1070 1052 1097
17351 1052 1070 1098
17352 1053 1111 1112
17353 1055 1054 1069
17354 1059 1055 1070
17355 1055 1069 1098
17356 1070 1055 1098
17357 1060 1092 1096
17358 1073 1062 1106
2 6 2 1540
17359 2 1307 31
17360 98 1307 2
17361 34 1308 3
17362 3 1308 176
17363 47 1309 6
17364 6 1309 136
17365 7 1306 50
17366 214 1306 7
17367 31 1229 32
17368 31 1307 1229
17369 32 1147 33
17370 32 1229 1147
17371 33 1261 34
17372 1147 1261 33
17373 1261 1308 34
17374 48 1263 47
17375 1263 1309 47
17376 49 1113 48
17377 1113 1263 48
17378 50 1151 49
17379 49 1151 1113
17380 50 1306 1151
17381 99 1260 98
17382 1260 1307 98
17383 100 1114 99
17384 1114 1260 99
17385 101 1190 100
17386 100 1190 1114
17387 102 1115 101
17388 1115 1190 101
17389 103 1295 102
17390 102 1295 1115
17391 104 1266 103
17392 1266 1295 103
17393 105 1132 104
17394 1132 1266 104
17395 106 1296 105
17396 105 1296 1132
17397 107 1298 106
17398 106 1298 1296
17399 108 1118 107
17400 1118 1298 107
17401 109 1191 108
17402 108 1191 1118
17403 110 1119 109
17404 1119 1191 109
17405 111 1192 110
17406 110 1192 1119
17407 112 1120 111
17408 1120 1192 111
17409 113 1253 112
17410 112 1253 1120
17411 114 1121 113
17412 1121 1253 113
17413 115 1200 114
17414 114 1200 1121
17415 116 1122 115
17416 1122 1200 115
17417 117 1206 116
17418 116 1206 1122
17419 118 1123 117
17420 1123 1206 117
17421 119 1207 118
17422 118 1207 1123
17423 120 1124 119
17424 1124 1207 119
17425 121 1230 120
17426 120 1230 1124
17427 122 1125 121
17428 1125 1230 121
17429 123 1213 122
17430 122 1213 1125
17431 124 1126 123
17432 1126 1213 123
17433 125 1254 124
17434 124 1254 1126
17435 126 1127 125
17436 1127 1254 125
17437 127 1221 126
17438 126 1221 1127
17439 128 1128 127
17440 1128 1221 127
17441 129 1228 128
17442 128 1228 1128
17443 130 1129 129
17444 1129 1228 129
17445 131 1265 130
17446 130 1265 1129
17447 132 1130 131
17448 1130 1265 131
17449 133 1299 132
17450 132 1299 1130
17451 134 1131 133
17452 1131 1299 133
17453 135 1300 134
17454 134 1300 1131
17455 136 1150 135
17456 1150 1300 135
17457 136 1309 1150
17458 176 1149 177
17459 176 1308 1149
17460 177 1164 178
17461 1149 1164 177
17462 178 1133 179
17463 178 1164 1133
17464 179 1252 180
17465 1133 1252 179
17466 180 1189 181
17467 180 1252 1189
17468 181 1116 182
17469 181 1189 1116
17470 182 1232 183
17471 1116 1232 182
17472 183 1117 184
17473 183 1232 1117
17474 184 1188 185
17475 1117 1188 184
17476 185 1255 186
17477 1188 1255 185
17478 186 1134 187
17479 186 1255 1134
17480 187 1233 188
17481 1134 1233 187
17482 188 1135 189
17483 188 1233 1135
17484 189 1234 190
17485 1135 1234 189
17486 190 1136 191
17487 190 1234 1136
17488 191 1235 192
17489 1136 1235 191
17490 192 1137 193
17491 192 1235 1137
17492 193 1236 194
17493 1137 1236 193
17494 194 1138 195
17495 194 1236 1138
17496 195 1237 196
17497 1138 1237 195
17498 196 1139 197
17499 196 1237 1139
17500 197 1238 198
17501 1139 1238 197
17502 198 1140 199
17503 198 1238 1140
17504 199 1239 200
17505 1140 1239 199
17506 200 1141 201
17507 200 1239 1141
17508 201 1240 202
17509 1141 1240 201
17510 202 1142 203
17511 202 1240 1142
17512 203 1241 204
17513 1142 1241 203
17514 204 1143 205
17515 204 1241 1143
17516 205 1242 206
17517 1143 1242 205
17518 206 1144 207
17519 206 1242 1144
17520 207 1243 208
17521 1144 1243 207
17522 208 1145 209
17523 208 1243 1145
17524 209 1244 210
17525 1145 1244 209
17526 210 1146 211
17527 210 1244 1146
17528 211 1246 212
17529 1146 1246 211
17530 212 1148 213
17531 212 1246 1148
17532 213 1262 214
17533 1148 1262 213
17534 1262 1306 214
17535 1151 1152 1113
17536 1152 1153 1113
17537 1153 1263 1113
17538 1190 1280 1114
17539 1114 1310 1260
17540 1280 1310 1114
17541 1115 1281 1190
17542 1268 1281 1115
17543 1115 1295 1268
17544 1172 1175 1116
17545 1116 1189 1172
17546 1175 1232 1116
17547 1177 1179 1117
17548 1117 1232 1177
17549 1179 1188 1117
17550 1191 1286 1118
17551 1118 1286 1269
17552 1269 1298 1118
17553 1119 1287 1191
17554 1192 1270 1119
17555 1270 1287 1119
17556 1120 1193 1192
17557 1120 1194 1193
17558 1120 1253 1194
17559 1198 1253 1121
17560 1121 1256 1198
17561 1200 1256 1121
17562 1122 1201 1200
17563 1122 1202 1201
17564 1122 1206 1202
17565 1123 1250 1206
17566 1207 1248 1123
17567 1248 1250 1123
17568 1124 1208 1207
17569 1124 1209 1208
17570 1124 1230 1209
17571 1213 1219 1125
17572 1219 1231 1125
17573 1125 1231 1230
17574 1126 1214 1213
17575 1126 1215 1214
17576 1126 1254 1215
17577 1221 1227 1127
17578 1227 1258 1127
17579 1127 1258 1254
17580 1128 1222 1221
17581 1128 1223 1222
17582 1128 1228 1223
17583 1129 1247 1228
17584 1129 1303 1247
17585 1265 1303 1129
17586 1159 1160 1130
17587 1130 1299 1159
17588 1160 1161 1130
17589 1161 1265 1130
17590 1155 1156 1131
17591 1131 1300 1155
17592 1156 1159 1131
17593 1159 1299 1131
17594 1132 1297 1266
17595 1132 1296 1271
17596 1271 1297 1132
17597 1164 1165 1133
17598 1165 1166 1133
17599 1166 1252 1133
17600 1184 1186 1134
17601 1134 1255 1184
17602 1186 1233 1134
17603 1233 1267 1135
17604 1135 1284 1234
17605 1267 1284 1135
17606 1234 1285 1136
17607 1136 1276 1235
17608 1136 1285 1276
17609 1235 1273 1137
17610 1137 1283 1236
17611 1273 1283 1137
17612 1236 1275 1138
17613 1138 1274 1237
17614 1138 1275 1274
17615 1237 1279 1139
17616 1139 1278 1238
17617 1139 1279 1278
17618 1238 1277 1140
17619 1140 1291 1239
17620 1277 1291 1140
17621 1239 1293 1141
17622 1141 1292 1240
17623 1141 1293 1292
17624 1240 1288 1142
17625 1142 1290 1241
17626 1288 1290 1142
17627 1241 1294 1143
17628 1143 1289 1242
17629 1143 1294 1289
17630 1242 1282 1144
17631 1144 1272 1243
17632 1144 1282 1272
17633 1243 1259 1145
17634 1145 1302 1244
17635 1259 1302 1145
17636 1244 1245 1146
17637 1245 1304 1146
17638 1146 1304 1246
17639 1229 1264 1147
17640 1147 1311 1261
17641 1264 1311 1147
17642 1152 1262 1148
17643 1148 1301 1152
17644 1246 1301 1148
17645 1149 1251 1164
17646 1149 1261 1251
17647 1149 1308 1261
17648 1153 1155 1150
17649 1150 1263 1153
17650 1155 1300 1150
17651 1150 1309 1263
17652 1151 1262 1152
17653 1151 1306 1262
17654 1152 1154 1153
17655 1152 1301 1154
17656 1154 1155 1153
17657 1154 1156 1155
17658 1154 1157 1156
17659 1154 1301 1157
17660 1157 1158 1156
17661 1158 1159 1156
17662 1157 1304 1158
17663 1157 1301 1246
17664 1246 1304 1157
17665 1158 1160 1159
17666 1158 1245 1160
17667 1158 1304 1245
17668 1160 1162 1161
17669 1160 1245 1162
17670 1162 1163 1161
17671 1163 1303 1161
17672 1161 1303 1265
17673 1162 1259 1163
17674 1245 1302 1162
17675 1162 1302 1259
17676 1247 1303 1163
17677 1163 1305 1247
17678 1259 1305 1163
17679 1164 1251 1165
17680 1165 1167 1166
17681 1165 1171 1167
17682 1165 1251 1171
17683 1167 1168 1166
17684 1168 1169 1166
17685 1169 1252 1166
17686 1167 1281 1168
17687 1171 1280 1167
17688 1280 1281 1167
17689 1168 1170 1169
17690 1168 1268 1170
17691 1168 1281 1268
17692 1170 1172 1169
17693 1172 1189 1169
17694 1189 1252 1169
17695 1170 1173 1172
17696 1170 1174 1173
17697 1170 1268 1174
17698 1251 1311 1171
17699 1264 1310 1171
17700 1171 1311 1264
17701 1171 1310 1280
17702 1173 1175 1172
17703 1174 1297 1173
17704 1173 1176 1175
17705 1173 1297 1176
17706 1174 1295 1266
17707 1266 1297 1174
17708 1268 1295 1174
17709 1176 1177 1175
17710 1177 1232 1175
17711 1176 1178 1177
17712 1176 1271 1178
17713 1176 1297 1271
17714 1178 1179 1177
17715 1178 1180 1179
17716 1178 1183 1180
17717 1178 1271 1183
17718 1180 1181 1179
17719 1181 1188 1179
17720 1180 1182 1181
17721 1180 1269 1182
17722 1183 1269 1180
17723 1182 1184 1181
17724 1184 1255 1181
17725 1181 1255 1188
17726 1182 1185 1184
17727 1182 1286 1185
17728 1269 1286 1182
17729 1183 1298 1269
17730 1271 1296 1183
17731 1296 1298 1183
17732 1185 1186 1184
17733 1185 1187 1186
17734 1185 1287 1187
17735 1286 1287 1185
17736 1187 1267 1186
17737 1186 1267 1233
17738 1197 1267 1187
17739 1187 1270 1197
17740 1187 1287 1270
17741 1190 1281 1280
17742 1191 1287 1286
17743 1193 1270 1192
17744 1194 1195 1193
17745 1195 1197 1193
17746 1197 1270 1193
17747 1194 1196 1195
17748 1194 1198 1196
17749 1194 1253 1198
17750 1196 1285 1195
17751 1195 1284 1197
17752 1195 1285 1284
17753 1198 1199 1196
17754 1199 1276 1196
17755 1276 1285 1196
17756 1197 1284 1267
17757 1198 1256 1199
17758 1199 1256 1205
17759 1205 1273 1199
17760 1273 1276 1199
17761 1201 1256 1200
17762 1202 1203 1201
17763 1203 1205 1201
17764 1205 1256 1201
17765 1202 1204 1203
17766 1202 1250 1204
17767 1206 1250 1202
17768 1204 1275 1203
17769 1203 1283 1205
17770 1275 1283 1203
17771 1204 1250 1249
17772 1249 1274 1204
17773 1274 1275 1204
17774 1205 1283 1273
17775 1208 1248 1207
17776 1209 1210 1208
17777 1210 1212 1208
17778 1212 1248 1208
17779 1209 1211 1210
17780 1209 1231 1211
17781 1230 1231 1209
17782 1211 1277 1210
17783 1210 1278 1212
17784 1277 1278 1210
17785 1211 1231 1220
17786 1220 1291 1211
17787 1211 1291 1277
17788 1212 1249 1248
17789 1212 1279 1249
17790 1278 1279 1212
17791 1214 1219 1213
17792 1215 1216 1214
17793 1216 1218 1214
17794 1218 1219 1214
17795 1215 1217 1216
17796 1215 1258 1217
17797 1254 1258 1215
17798 1217 1288 1216
17799 1216 1292 1218
17800 1288 1292 1216
17801 1217 1258 1257
17802 1257 1290 1217
17803 1217 1290 1288
17804 1218 1220 1219
17805 1218 1293 1220
17806 1292 1293 1218
17807 1220 1231 1219
17808 1220 1293 1291
17809 1222 1227 1221
17810 1223 1224 1222
17811 1224 1225 1222
17812 1225 1227 1222
17813 1223 1226 1224
17814 1223 1247 1226
17815 1228 1247 1223
17816 1224 1289 1225
17817 1226 1282 1224
17818 1282 1289 1224
17819 1225 1257 1227
17820 1225 1294 1257
17821 1289 1294 1225
17822 1247 1305 1226
17823 1272 1282 1226
17824 1226 1305 1272
17825 1257 1258 1227
17826 1260 1264 1229
17827 1229 1307 1260
17828 1284 1285 1234
17829 1235 1276 1273
17830 1236 1283 1275
17831 1274 1279 1237
17832 1238 1278 1277
17833 1291 1293 1239
17834 1240 1292 1288
17835 1290 1294 1241
17836 1242 1289 1282
17837 1243 1272 1259
17838 1244 1302 1245
17839 1249 1250 1248
17840 1249 1279 1274
17841 1261 1311 1251
17842 1257 1294 1290
17843 1272 1305 1259
17844 1260 1310 1264
18949 9 1850 219
18950 239 1850 9
18951 222 1851 10
18952 10 1851 276
18953 13 1856 257
18954 316 1856 13
18955 294 1857 15
18956 15 1857 314
18957 313 1766 17
18958 17 1831 315
18959 1766 1831 17
18960 219 1826 220
18961 219 1850 1826
18962 220 1774 221
18963 220 1826 1774
18964 221 1833 222
18965 1774 1833 221
18966 1833 1851 222
18967 240 1832 239
18968 1832 1850 239
18969 241 1759 240
18970 1759 1832 240
18971 242 1820 241
18972 241 1820 1759
18973 243 1760 242
18974 1760 1820 242
18975 244 1821 243
18976 243 1821 1760
18977 245 1761 244
18978 1761 1821 244
18979 246 1822 245
18980 245 1822 1761
18981 247 1762 246
18982 1762 1822 246
18983 248 1823 247
18984 247 1823 1762
18985 249 1763 248
18986 1763 1823 248
18987 250 1824 249
18988 249 1824 1763
18989 251 1764 250
18990 1764 1824 250
18991 252 1825 251
18992 251 1825 1764
18993 253 1765 252
18994 1765 1825 252
18995 254 1835 253
18996 253 1835 1765
18997 255 1838 254
18998 254 1838 1835
18999 256 1758 255
19000 1758 1838 255
19001 257 1834 256
19002 256 1834 1758
19003 257 1856 1834
19004 276 1776 277
19005 276 1851 1776
19006 277 1813 278
19007 1776 1813 277
19008 278 1768 279
19009 278 1813 1768
19010 279 1812 280
19011 1768 1812 279
19012 280 1769 281
19013 280 1812 1769
19014 281 1814 282
19015 1769 1814 281
19016 282 1770 283
19017 282 1814 1770
19018 283 1816 284
19019 1770 1816 283
19020 284 1771 285
19021 284 1816 1771
19022 285 1818 286
19023 1771 1818 285
19024 286 1772 287
19025 286 1818 1772
19026 287 1819 288
19027 1772 1819 287
19028 288 1773 289
19029 288 1819 1773
19030 289 1815 290
19031 1773 1815 289
19032 290 1827 291
19033 1815 1827 290
19034 291 1767 292
19035 291 1827 1767
19036 292 1778 293
19037 1767 1778 292
19038 293 1777 294
19039 293 1778 1777
19040 1777 1857 294
19041 314 1830 313
19042 313 1830 1766
19043 314 1857 1830
19044 315 1775 316
19045 315 1831 1775
19046 1775 1856 316
19047 1758 1834 1829
19048 1829 1836 1758
19049 1836 1838 1758
19050 1820 1854 1759
19051 1759 1858 1832
19052 1854 1858 1759
19053 1760 1852 1820
19054 1821 1849 1760
19055 1849 1852 1760
19056 1761 1848 1821
19057 1822 1847 1761
19058 1847 1848 1761
19059 1762 1846 1822
19060 1823 1845 1762
19061 1845 1846 1762
19062 1763 1844 1823
19063 1824 1843 1763
19064 1843 1844 1763
19065 1764 1842 1824
19066 1825 1841 1764
19067 1841 1842 1764
19068 1765 1840 1825
19069 1835 1839 1765
19070 1839 1840 1765
19071 1828 1831 1766
19072 1766 1853 1828
19073 1830 1853 1766
19074 1767 1779 1778
19075 1767 1780 1779
19076 1767 1827 1780
19077 1768 1809 1807
19078 1807 1812 1768
19079 1768 1813 1809
19080 1769 1805 1803
19081 1803 1814 1769
19082 1769 1812 1805
19083 1770 1801 1799
19084 1799 1816 1770
19085 1770 1814 1801
19086 1771 1797 1795
19087 1795 1818 1771
19088 1771 1816 1797
19089 1772 1793 1791
19090 1791 1819 1772
19091 1772 1818 1793
19092 1773 1789 1787
19093 1787 1815 1773
19094 1773 1819 1789
19095 1811 1833 1774
19096 1774 1837 1811
19097 1826 1837 1774
19098 1831 1855 1775
19099 1775 1855 1834
19100 1834 1856 1775
19101 1811 1813 1776
19102 1776 1833 1811
19103 1776 1851 1833
19104 1778 1817 1777
19105 1817 1853 1777
19106 1777 1853 1830
19107 1830 1857 1777
19108 1779 1817 1778
19109 1780 1781 1779
19110 1781 1782 1779
19111 1782 1817 1779
19112 1780 1783 1781
19113 1780 1784 1783
19114 1780 1827 1784
19115 1781 1836 1782
19116 1783 1786 1781
19117 1786 1836 1781
19118 1782 1828 1817
19119 1782 1829 1828
19120 1782 1836 1829
19121 1784 1785 1783
19122 1785 1839 1783
19123 1783 1839 1786
19124 1784 1787 1785
19125 1784 1815 1787
19126 1784 1827 1815
19127 1787 1788 1785
19128 1788 1840 1785
19129 1785 1840 1839
19130 1835 1838 1786
19131 1786 1839 1835
19132 1786 1838 1836
19133 1787 1789 1788
19134 1789 1790 1788
19135 1790 1841 1788
19136 1788 1841 1840
19137 1789 1791 1790
19138 1789 1819 1791
19139 1791 1792 1790
19140 1792 1842 1790
19141 1790 1842 1841
19142 1791 1793 1792
19143 1793 1794 1792
19144 1794 1843 1792
19145 1792 1843 1842
19146 1793 1795 1794
19147 1793 1818 1795
19148 1795 1796 1794
19149 1796 1844 1794
19150 1794 1844 1843
19151 1795 1797 1796
19152 1797 1798 1796
19153 1798 1845 1796
19154 1796 1845 1844
19155 1797 1799 1798
19156 1797 1816 1799
19157 1799 1800 1798
19158 1800 1846 1798
19159 1798 1846 1845
19160 1799 1801 1800
19161 1801 1802 1800
19162 1802 1847 1800
19163 1800 1847 1846
19164 1801 1803 1802
19165 1801 1814 1803
19166 1803 1804 1802
19167 1804 1848 1802
19168 1802 1848 1847
19169 1803 1805 1804
19170 1805 1806 1804
19171 1806 1849 1804
19172 1804 1849 1848
19173 1805 1807 1806
19174 1805 1812 1807
19175 1807 1808 1806
19176 1808 1852 1806
19177 1806 1852 1849
19178 1807 1809 1808
19179 1809 1810 1808
19180 1810 1854 1808
19181 1808 1854 1852
19182 1809 1811 1810
19183 1809 1813 1811
19184 1811 1837 1810
19185 1837 1858 1810
19186 1810 1858 1854
19187 1828 1853 1817
19188 1852 1854 1820
19189 1848 1849 1821
19190 1846 1847 1822
19191 1844 1845 1823
19192 1842 1843 1824
19193 1840 1841 1825
19194 1832 1837 1826
19195 1826 1850 1832
19196 1829 1855 1828
19197 1828 1855 1831
19198 1834 1855 1829
19199 1832 1858 1837
19200 258 1867 13
19201 13 1867 316
19202 14 1870 261
19203 321 1870 14
19204 315 1869 17
19205 17 1869 320
19206 317 1868 18
19207 18 1868 322
19208 259 1863 258
19209 1863 1867 258
19210 260 1861 259
19211 1861 1863 259
19212 261 1862 260
19213 260 1862 1861
19214 261 1870 1862
19215 316 1859 315
19216 1859 1869 315
19217 316 1867 1859
19218 318 1864 317
19219 1864 1868 317
19220 319 1866 318
19221 318 1866 1864
19222 320 1865 319
19223 1865 1866 319
19224 320 1869 1865
19225 322 1860 321
19226 1860 1870 321
19227 322 1868 1860
19228 1863 1865 1859
19229 1859 1867 1863
19230 1865 1869 1859
19231 1860 1864 1862
19232 1862 1870 1860
19233 1860 1868 1864
19234 1862 1866 1861
19235 1861 1866 1863
19236 1864 1866 1862
19237 1863 1866 1865
19238 15 1882 295
19239 314 1882 15
19240 298 1880 16
19241 16 1880 323
19242 17 1879 313
19243 320 1879 17
19244 18 1881 317
19245 324 1881 18
19246 295 1874 296
19247 295 1882 1874
19248 296 1873 297
19249 296 1874 1873
19250 297 1875 298
19251 1873 1875 297
19252 1875 1880 298
19253 313 1872 314
19254 313 1879 1872
19255 1872 1882 314
19256 317 1876 318
19257 317 1881 1876
19258 318 1878 319
19259 1876 1878 318
19260 319 1877 320
19261 319 1878 1877
19262 1877 1879 320
19263 323 1871 324
19264 323 1880 1871
19265 1871 1881 324
19266 1875 1876 1871
19267 1871 1880 1875
19268 1876 1881 1871
19269 1872 1877 1874
19270 1874 1882 1872
19271 1872 1879 1877
19272 1874 1878 1873
19273 1873 1878 1875
19274 1877 1878 1874
19275 1875 1878 1876
19276 231 1954 11
19277 11 1954 275
19278 12 1955 234
19279 312 1955 12
19280 262 1956 14
19281 14 1956 321
19282 16 1957 299
19283 323 1957 16
19284 322 1932 18
19285 18 1888 324
19286 18 1932 1888
19287 232 1904 231
19288 1904 1954 231
19289 233 1894 232
19290 1894 1904 232
19291 234 1938 233
19292 233 1938 1894
19293 234 1955 1938
19294 263 1931 262
19295 1931 1956 262
19296 264 1883 263
19297 1883 1931 263
19298 265 1903 264
19299 264 1903 1883
19300 266 1891 265
19301 1891 1903 265
19302 267 1908 266
19303 266 1908 1891
19304 268 1886 267
19305 1886 1908 267
19306 269 1920 268
19307 268 1920 1886
19308 270 1921 269
19309 269 1921 1920
19310 271 1887 270
19311 1887 1921 270
19312 272 1925 271
19313 271 1925 1887
19314 273 1926 272
19315 272 1926 1925
19316 274 1884 273
19317 1884 1926 273
19318 275 1939 274
19319 274 1939 1884
19320 275 1954 1939
19321 299 1902 300
19322 299 1957 1902
19323 300 1893 301
19324 300 1902 1893
19325 301 1896 302
19326 1893 1896 301
19327 302 1885 303
19328 302 1896 1885
19329 303 1945 304
19330 1885 1945 303
19331 304 1946 305
19332 1945 1946 304
19333 305 1889 306
19334 305 1946 1889
19335 306 1943 307
19336 1889 1943 306
19337 307 1948 308
19338 1943 1948 307
19339 308 1890 309
19340 308 1948 1890
19341 309 1927 310
19342 1890 1927 309
19343 310 1892 311
19344 310 1927 1892
19345 311 1930 312
19346 1892 1930 311
19347 1930 1955 312
19348 321 1895 322
19349 321 1956 1895
19350 1895 1932 322
19351 324 1933 323
19352 1933 1957 323
19353 1888 1933 324
19354 1903 1935 1883
19355 1883 1934 1931
19356 1883 1935 1934
19357 1884 1941 1926
19358 1939 1958 1884
19359 1884 1958 1941
19360 1896 1940 1885
19361 1940 1947 1885
19362 1885 1947 1945
19363 1886 1909 1908
19364 1886 1910 1909
19365 1886 1920 1910
19366 1917 1921 1887
19367 1887 1922 1917
19368 1887 1925 1922
19369 1888 1932 1901
19370 1901 1952 1888
19371 1888 1952 1933
19372 1889 1950 1943
19373 1946 1949 1889
19374 1949 1950 1889
19375 1890 1951 1927
19376 1890 1948 1944
19377 1944 1951 1890
19378 1891 1936 1903
19379 1908 1928 1891
19380 1928 1936 1891
19381 1927 1942 1892
19382 1892 1959 1930
19383 1942 1959 1892
19384 1893 1897 1896
19385 1893 1898 1897
19386 1893 1902 1898
19387 1894 1905 1904
19388 1894 1906 1905
19389 1894 1938 1906
19390 1931 1953 1895
19391 1895 1956 1931
19392 1895 1953 1932
19393 1897 1940 1896
19394 1898 1899 1897
19395 1899 1900 1897
19396 1900 1940 1897
19397 1898 1901 1899
19398 1898 1952 1901
19399 1902 1952 1898
19400 1899 1935 1900
19401 1901 1934 1899
19402 1934 1935 1899
19403 1900 1936 1929
19404 1929 1940 1900
19405 1935 1936 1900
19406 1932 1953 1901
19407 1901 1953 1934
19408 1933 1952 1902
19409 1902 1957 1933
19410 1903 1936 1935
19411 1905 1939 1904
19412 1939 1954 1904
19413 1906 1907 1905
19414 1907 1958 1905
19415 1905 1958 1939
19416 1906 1959 1907
19417 1906 1938 1930
19418 1930 1959 1906
19419 1937 1941 1907
19420 1907 1942 1937
19421 1941 1958 1907
19422 1907 1959 1942
19423 1909 1928 1908
19424 1910 1911 1909
19425 1911 1912 1909
19426 1912 1928 1909
19427 1910 1913 1911
19428 1910 1914 1913
19429 1910 1920 1914
19430 1911 1916 1912
19431 1913 1949 1911
19432 1911 1949 1916
19433 1916 1947 1912
19434 1912 1929 1928
19435 1912 1947 1929
19436 1914 1915 1913
19437 1915 1950 1913
19438 1913 1950 1949
19439 1914 1917 1915
19440 1914 1921 1917
19441 1920 1921 1914
19442 1917 1918 1915
19443 1918 1919 1915
19444 1919 1950 1915
19445 1916 1946 1945
19446 1945 1947 1916
19447 1916 1949 1946
19448 1917 1922 1918
19449 1918 1944 1919
19450 1922 1923 1918
19451 1923 1944 1918
19452 1919 1948 1943
19453 1943 1950 1919
19454 1944 1948 1919
19455 1922 1924 1923
19456 1922 1925 1924
19457 1924 1937 1923
19458 1937 1951 1923
19459 1923 1951 1944
19460 1925 1926 1924
19461 1926 1941 1924
19462 1924 1941 1937
19463 1927 1951 1942
19464 1929 1936 1928
19465 1929 1947 1940
19466 1938 1955 1930
19467 1934 1953 1931
19468 1942 1951 1937
20468 13 316 2408
20469 347 13 2408
20470 315 17 2406
20471 17 397 2406
20472 21 360 2407
20473 382 21 2407
20474 23 381 2409
20475 410 23 2409
20476 316 315 2378
20477 2378 315 2406
20478 316 2378 2408
20479 348 347 2403
20480 2403 347 2408
20481 349 348 2385
20482 2385 348 2403
20483 350 349 2395
20484 349 2385 2395
20485 351 350 2382
20486 2382 350 2395
20487 352 351 2392
20488 351 2382 2392
20489 353 352 2384
20490 2384 352 2392
20491 354 353 2398
20492 353 2384 2398
20493 355 354 2380
20494 2380 354 2398
20495 356 355 2389
20496 355 2380 2389
20497 357 356 2396
20498 356 2389 2396
20499 358 357 2390
20500 2390 357 2396
20501 359 358 2383
20502 2383 358 2390
20503 360 359 2402
20504 359 2383 2402
20505 360 2402 2407
20506 381 382 2379
20507 381 2379 2409
20508 2379 382 2407
20509 397 398 2405
20510 397 2405 2406
20511 398 399 2401
20512 398 2401 2405
20513 399 400 2388
20514 399 2388 2401
20515 400 401 2391
20516 2388 400 2391
20517 401 402 2386
20518 401 2386 2391
20519 402 403 2399
20520 2386 402 2399
20521 403 404 2387
20522 403 2387 2399
20523 404 405 2393
20524 2387 404 2393
20525 405 406 2397
20526 2393 405 2397
20527 406 407 2381
20528 406 2381 2397
20529 407 408 2400
20530 2381 407 2400
20531 408 409 2394
20532 408 2394 2400
20533 409 410 2404
20534 2394 409 2404
20535 2404 410 2409
20536 2403 2378 2405
20537 2378 2403 2408
20538 2405 2378 2406
20539 2379 2402 2404
20540 2402 2379 2407
20541 2379 2404 2409
20542 2380 2387 2393
20543 2387 2380 2398
20544 2389 2380 2393
20545 2389 2381 2396
20546 2381 2389 2397
20547 2381 2390 2396
20548 2390 2381 2400
20549 2386 2382 2391
20550 2382 2386 2392
20551 2382 2388 2391
20552 2388 2382 2395
20553 2383 2390 2394
20554 2383 2394 2404
20555 2402 2383 2404
20556 2386 2384 2392
20557 2384 2386 2399
20558 2384 2387 2398
20559 2387 2384 2399
20560 2385 2388 2395
20561 2388 2385 2401
20562 2401 2385 2405
20563 2385 2403 2405
20564 2389 2393 2397
20565 2394 2390 2400
20566 15 2442 314
20567 383 2442 15
20568 313 2440 17
20569 17 2440 397
20570 380 2439 22
20571 22 2439 396
20572 23 2441 379
20573 410 2441 23
20574 314 2410 313
20575 2410 2440 313
20576 314 2442 2410
20577 379 2411 380
20578 379 2441 2411
20579 2411 2439 380
20580 384 2436 383
20581 2436 2442 383
20582 385 2432 384
20583 2432 2436 384
20584 386 2420 385
20585 2420 2432 385
20586 387 2424 386
20587 386 2424 2420
20588 388 2422 387
20589 2422 2424 387
20590 389 2413 388
20591 2413 2422 388
20592 390 2437 389
20593 389 2437 2413
20594 391 2438 390
20595 2423 2437 390
20596 390 2438 2423
20597 392 2418 391
20598 2418 2438 391
20599 393 2429 392
20600 392 2429 2418
20601 394 2419 393
20602 2419 2429 393
20603 395 2427 394
20604 394 2427 2419
20605 396 2435 395
20606 395 2435 2427
20607 396 2439 2435
20608 397 2434 398
20609 397 2440 2434
20610 398 2417 399
20611 398 2434 2417
20612 399 2431 400
20613 2417 2431 399
20614 400 2412 401
20615 400 2431 2412
20616 401 2428 402
20617 2412 2428 401
20618 402 2425 403
20619 402 2428 2425
20620 403 2421 404
20621 403 2425 2421
20622 404 2414 405
20623 404 2421 2414
20624 405 2430 406
20625 2414 2430 405
20626 406 2415 407
20627 406 2430 2415
20628 407 2426 408
20629 2415 2426 407
20630 408 2416 409
20631 408 2426 2416
20632 409 2433 410
20633 2416 2433 409
20634 2433 2441 410
20635 2410 2436 2434
20636 2434 2440 2410
20637 2410 2442 2436
20638 2433 2435 2411
20639 2411 2441 2433
20640 2435 2439 2411
20641 2420 2424 2412
20642 2412 2431 2420
20643 2412 2424 2422
20644 2422 2428 2412
20645 2421 2425 2413
20646 2413 2437 2421
20647 2413 2425 2422
20648 2418 2430 2414
20649 2414 2438 2418
20650 2421 2423 2414
20651 2423 2438 2414
20652 2418 2429 2415
20653 2415 2430 2418
20654 2419 2426 2415
20655 2415 2429 2419
20656 2416 2426 2419
20657 2419 2427 2416
20658 2427 2435 2416
20659 2416 2435 2433
20660 2420 2431 2417
20661 2417 2432 2420
20662 2417 2436 2432
20663 2434 2436 2417
20664 2421 2437 2423
20665 2425 2428 2422
20836 321 2530 14
20837 14 2530 411
20838 18 2531 322
20839 435 2531 18
20840 424 2533 24
20841 24 2533 429
20842 430 2532 25
20843 25 2532 448
20844 322 2502 321
20845 2502 2530 321
20846 322 2531 2502
20847 411 2529 412
20848 411 2530 2529
20849 412 2525 413
20850 412 2529 2525
20851 413 2507 414
20852 413 2525 2507
20853 414 2520 415
20854 2507 2520 414
20855 415 2517 416
20856 415 2520 2517
20857 416 2513 417
20858 416 2517 2513
20859 417 2508 418
20860 417 2513 2508
20861 418 2518 419
20862 2508 2518 418
20863 419 2516 420
20864 419 2518 2516
20865 420 2514 421
20866 420 2516 2514
20867 421 2509 422
20868 421 2514 2509
20869 422 2515 423
20870 2509 2515 422
20871 423 2528 424
20872 2515 2528 423
20873 2528 2533 424
20874 429 2503 430
20875 429 2533 2503
20876 2503 2532 430
20877 436 2527 435
20878 2527 2531 435
20879 437 2510 436
20880 2510 2527 436
20881 438 2521 437
20882 437 2521 2510
20883 439 2512 438
20884 2512 2521 438
20885 440 2506 439
20886 2506 2512 439
20887 441 2519 440
20888 440 2519 2506
20889 442 2522 441
20890 441 2522 2519
20891 443 2511 442
20892 2511 2522 442
20893 444 2504 443
20894 2504 2511 443
20895 445 2524 444
20896 444 2524 2504
20897 446 2523 445
20898 2523 2524 445
20899 447 2505 446
20900 2505 2523 446
20901 448 2526 447
20902 447 2526 2505
20903 448 2532 2526
20904 2527 2529 2502
20905 2502 2531 2527
20906 2529 2530 2502
20907 2503 2528 2526
20908 2526 2532 2503
20909 2503 2533 2528
20910 2504 2516 2511
20911 2514 2516 2504
20912 2504 2524 2514
20913 2505 2515 2509
20914 2509 2523 2505
20915 2505 2528 2515
20916 2526 2528 2505
20917 2506 2517 2512
20918 2513 2517 2506
20919 2506 2519 2513
20920 2510 2521 2507
20921 2507 2525 2510
20922 2512 2520 2507
20923 2507 2521 2512
20924 2511 2518 2508
20925 2508 2522 2511
20926 2513 2519 2508
20927 2519 2522 2508
20928 2514 2523 2509
20929 2525 2529 2510
20930 2510 2529 2527
20931 2516 2518 2511
20932 2517 2520 2512
20933 2514 2524 2523
20934 17 2547 320
20935 397 2547 17
20936 435 18 317
20937 434 410 23
20938 25 2542 431
20939 448 2542 25
20940 318 2572 317
20941 317 2572 435
20942 319 2579 318
20943 2546 2572 318
20944 318 2579 2546
20945 320 2544 319
20946 2544 2579 319
20947 320 2547 2544
20948 398 2537 397
20949 2537 2547 397
20950 399 2550 398
20951 398 2550 2537
20952 400 2565 399
20953 399 2565 2550
20954 401 2540 400
20955 2540 2565 400
20956 402 2578 401
20957 401 2578 2540
20958 403 2582 402
20959 2560 2578 402
20960 402 2582 2560
20961 404 2539 403
20962 2539 2582 403
20963 405 2563 404
20964 404 2563 2539
20965 406 2564 405
20966 405 2564 2563
20967 407 2538 406
20968 2538 2564 406
20969 408 2569 407
20970 407 2569 2538
20971 409 2575 408
20972 2545 2569 408
20973 408 2575 2545
20974 410 2573 409
20975 2573 2575 409
20976 434 2573 410
20977 431 2543 432
20978 2542 2543 431
20979 432 2545 433
20980 2543 2545 432
20981 433 2573 434
20982 2545 2575 433
20983 433 2575 2573
20984 435 2572 436
20985 436 2546 437
20986 436 2572 2546
20987 437 2566 438
20988 2546 2566 437
20989 438 2541 439
20990 438 2566 2541
20991 439 2571 440
20992 2541 2571 439
20993 440 2580 441
20994 440 2571 2552
20995 2552 2580 440
20996 441 2536 442
20997 441 2580 2536
20998 442 2557 443
20999 2536 2557 442
21000 443 2535 444
21001 443 2557 2535
21002 444 2562 445
21003 2535 2562 444
21004 445 2568 446
21005 2562 2568 445
21006 446 2534 447
21007 446 2568 2534
21008 447 2554 448
21009 2534 2554 447
21010 448 2554 2542
21011 2534 2555 2554
21012 2534 2556 2555
21013 2534 2568 2556
21014 2557 2558 2535
21015 2558 2559 2535
21016 2559 2562 2535
21017 2536 2561 2557
21018 2536 2583 2561
21019 2580 2583 2536
21020 2537 2548 2547
21021 2537 2549 2548
21022 2537 2550 2549
21023 2538 2577 2553
21024 2553 2581 2538
21025 2538 2581 2564
21026 2569 2577 2538
21027 2563 2576 2539
21028 2567 2570 2539
21029 2539 2576 2567
21030 2570 2582 2539
21031 2558 2561 2540
21032 2540 2578 2558
21033 2561 2565 2540
21034 2548 2571 2541
21035 2541 2574 2548
21036 2566 2574 2541
21037 2542 2553 2543
21038 2542 2554 2553
21039 2543 2569 2545
21040 2553 2577 2543
21041 2543 2577 2569
21042 2547 2574 2544
21043 2544 2574 2566
21044 2566 2579 2544
21045 2546 2579 2566
21046 2548 2574 2547
21047 2549 2571 2548
21048 2550 2551 2549
21049 2551 2552 2549
21050 2552 2571 2549
21051 2550 2565 2551
21052 2551 2583 2552
21053 2565 2583 2551
21054 2552 2583 2580
21055 2554 2581 2553
21056 2555 2581 2554
21057 2556 2576 2555
21058 2563 2564 2555
21059 2555 2576 2563
21060 2564 2581 2555
21061 2556 2568 2567
21062 2567 2576 2556
21063 2557 2561 2558
21064 2558 2560 2559
21065 2558 2578 2560
21066 2560 2570 2559
21067 2559 2567 2562
21068 2559 2570 2567
21069 2560 2582 2570
21070 2561 2583 2565
21071 2567 2568 2562
21240 323 16 2674
21241 16 449 2674
21242 18 324 2672
21243 435 18 2672
21244 25 448 2671
21245 468 25 2671
21246 462 26 2673
21247 26 467 2673
21248 324 323 2643
21249 2643 323 2674
21250 324 2643 2672
21251 436 435 2668
21252 2668 435 2672
21253 437 436 2662
21254 2662 436 2668
21255 438 437 2653
21256 2653 437 2662
21257 439 438 2645
21258 2645 438 2653
21259 440 439 2655
21260 439 2645 2655
21261 441 440 2659
21262 440 2655 2659
21263 442 441 2651
21264 2651 441 2659
21265 443 442 2660
21266 442 2651 2660
21267 444 443 2644
21268 2644 443 2660
21269 445 444 2664
21270 444 2644 2664
21271 446 445 2657
21272 2657 445 2664
21273 447 446 2646
21274 2646 446 2657
21275 448 447 2665
21276 447 2646 2665
21277 448 2665 2671
21278 449 450 2666
21279 449 2666 2674
21280 450 451 2648
21281 450 2648 2666
21282 451 452 2669
21283 2648 451 2669
21284 452 453 2670
21285 452 2663 2669
21286 2663 452 2670
21287 453 454 2654
21288 453 2654 2670
21289 454 455 2647
21290 454 2647 2654
21291 455 456 2661
21292 2647 455 2661
21293 456 457 2650
21294 456 2650 2661
21295 457 458 2656
21296 2650 457 2656
21297 458 459 2652
21298 458 2652 2656
21299 459 460 2649
21300 459 2649 2652
21301 460 461 2658
21302 2649 460 2658
21303 461 462 2667
21304 2658 461 2667
21305 2667 462 2673
21306 467 468 2642
21307 467 2642 2673
21308 2642 468 2671
21309 2642 2665 2667
21310 2665 2642 2671
21311 2642 2667 2673
21312 2643 2666 2668
21313 2666 2643 2674
21314 2643 2668 2672
21315 2644 2650 2656
21316 2650 2644 2660
21317 2652 2644 2656
21318 2644 2652 2664
21319 2645 2653 2663
21320 2645 2654 2655
21321 2654 2645 2670
21322 2645 2663 2670
21323 2649 2646 2657
21324 2646 2649 2658
21325 2646 2658 2667
21326 2665 2646 2667
21327 2647 2651 2659
21328 2651 2647 2661
21329 2654 2647 2655
21330 2655 2647 2659
21331 2648 2653 2662
21332 2653 2648 2669
21333 2648 2662 2668
21334 2666 2648 2668
21335 2652 2649 2664
21336 2649 2657 2664
21337 2651 2650 2660
21338 2650 2651 2661
21339 2663 2653 2669
2 7 2 209
19964 19 2213 334
19965 361 2213 19
19966 337 2214 20
19967 20 2214 370
19968 21 2215 369
19969 382 2215 21
19970 378 2216 22
19971 22 2216 380
19972 379 2170 23
19973 23 2198 381
19974 2170 2198 23
19975 334 2204 335
19976 334 2213 2204
19977 335 2174 336
19978 335 2204 2174
19979 336 2192 337
19980 2174 2192 336
19981 2192 2214 337
19982 362 2176 361
19983 2176 2213 361
19984 363 2193 362
19985 362 2193 2176
19986 364 2168 363
19987 2168 2193 363
19988 365 2185 364
19989 364 2185 2168
19990 366 2172 365
19991 2172 2185 365
19992 367 2184 366
19993 366 2184 2172
19994 368 2167 367
19995 2167 2184 367
19996 369 2197 368
19997 368 2197 2167
19998 369 2215 2197
19999 370 2203 371
20000 370 2214 2203
20001 371 2171 372
20002 371 2203 2171
20003 372 2207 373
20004 2171 2207 372
20005 373 2210 374
20006 2207 2210 373
20007 374 2169 375
20008 374 2210 2169
20009 375 2177 376
20010 2169 2177 375
20011 376 2173 377
20012 376 2177 2173
20013 377 2183 378
20014 2173 2183 377
20015 2183 2216 378
20016 380 2199 379
20017 379 2199 2170
20018 380 2216 2199
20019 381 2175 382
20020 381 2198 2175
20021 2175 2215 382
20022 2167 2201 2184
20023 2197 2200 2167
20024 2200 2201 2167
20025 2185 2186 2168
20026 2186 2187 2168
20027 2187 2193 2168
20028 2169 2205 2177
20029 2169 2208 2205
20030 2169 2210 2208
20031 2182 2198 2170
20032 2170 2211 2182
20033 2199 2211 2170
20034 2203 2217 2171
20035 2171 2209 2207
20036 2171 2217 2209
20037 2184 2202 2172
20038 2172 2195 2185
20039 2172 2202 2195
20040 2177 2178 2173
20041 2178 2179 2173
20042 2179 2183 2173
20043 2174 2206 2192
20044 2204 2218 2174
20045 2174 2218 2206
20046 2175 2212 2197
20047 2197 2215 2175
20048 2198 2212 2175
20049 2193 2194 2176
20050 2194 2204 2176
20051 2204 2213 2176
20052 2177 2205 2178
20053 2178 2180 2179
20054 2178 2181 2180
20055 2178 2205 2181
20056 2180 2182 2179
20057 2182 2211 2179
20058 2179 2211 2183
20059 2181 2201 2180
20060 2180 2200 2182
20061 2180 2201 2200
20062 2196 2202 2181
20063 2181 2205 2196
20064 2181 2202 2201
20065 2182 2212 2198
20066 2200 2212 2182
20067 2183 2211 2199
20068 2199 2216 2183
20069 2201 2202 2184
20070 2185 2195 2186
20071 2186 2188 2187
20072 2186 2189 2188
20073 2186 2195 2189
20074 2188 2190 2187
20075 2190 2194 2187
20076 2187 2194 2193
20077 2189 2191 2188
20078 2188 2209 2190
20079 2191 2209 2188
20080 2189 2208 2191
20081 2195 2196 2189
20082 2196 2208 2189
20083 2190 2218 2194
20084 2190 2217 2206
20085 2206 2218 2190
20086 2209 2217 2190
20087 2207 2209 2191
20088 2191 2210 2207
20089 2208 2210 2191
20090 2192 2206 2203
20091 2203 2214 2192
20092 2194 2218 2204
20093 2195 2202 2196
20094 2205 2208 2196
20095 2197 2212 2200
20096 2206 2217 2203
20798 21 2498 382
20799 425 2498 21
20800 381 2500 23
20801 23 2500 434
20802 24 2501 428
20803 429 2501 24
20804 25 2499 430
20805 431 2499 25
20806 382 2490 381
20807 2490 2500 381
20808 382 2498 2490
20809 426 2493 425
20810 2493 2498 425
20811 427 2492 426
20812 2492 2493 426
20813 428 2494 427
20814 427 2494 2492
20815 428 2501 2494
20816 430 2491 429
20817 2491 2501 429
20818 430 2499 2491
20819 432 2495 431
20820 2495 2499 431
20821 433 2497 432
20822 432 2497 2495
20823 434 2496 433
20824 2496 2497 433
20825 434 2500 2496
20826 2493 2496 2490
20827 2490 2498 2493
20828 2496 2500 2490
20829 2491 2495 2494
20830 2494 2501 2491
20831 2491 2499 2495
20832 2492 2497 2493
20833 2494 2497 2492
20834 2493 2497 2496
20835 2495 2497 2494
21202 22 380 2638
21203 463 22 2638
21204 379 23 2641
21205 23 434 2641
21206 431 25 2640
21207 25 468 2640
21208 26 466 2639
21209 467 26 2639
21210 380 379 2630
21211 2630 379 2641
21212 380 2630 2638
21213 432 431 2633
21214 2633 431 2640
21215 433 432 2632
21216 2632 432 2633
21217 434 433 2634
21218 433 2632 2634
21219 434 2634 2641
21220 464 463 2635
21221 2635 463 2638
21222 465 464 2637
21223 464 2635 2637
21224 466 465 2636
21225 2636 465 2637
21226 466 2636 2639
21227 468 467 2631
21228 2631 467 2639
21229 468 2631 2640
21230 2630 2634 2635
21231 2634 2630 2641
21232 2630 2635 2638
21233 2633 2631 2636
21234 2631 2633 2640
21235 2636 2631 2639
21236 2632 2633 2637
21237 2634 2632 2637
21238 2633 2636 2637
21239 2635 2634 2637
3 1 4 15770
1 705 2774 2772 3011
2 1243 745 1145 2742
3 2730 2731 2683 2922
4 831 2742 1243 2963
5 2730 2683 2854 2922
6 820 2888 2711 2960
7 656 2798 2778 2931
8 584 590 587 2693
9 2717 2892 808 2972
10 1030 2719 2893 2975
11 651 588 652 2688
12 986 985 982 2695
13 831 745 1243 2742
14 2700 2740 762 2859
15 647 605 608 2691
16 1202 1204 1250 2691
17 598 599 600 2692
18 1198 1199 1256 2692
19 584 2693 587 2802
20 588 652 2688 2843
21 651 2688 652 2847
22 982 2695 985 2814
23 587 2693 590 2826
24 2685 2705 2798 2868
25 986 985 2695 2820
26 705 559 2772 2774
27 647 2691 608 2829
28 1202 1204 2691 2830
29 608 2691 605 2824
30 1204 1250 2691 2825
31 2711 2888 1294 2960
32 559 557 705 2772
33 1256 2692 1199 2803
34 599 600 2692 2804
35 2731 2744 2683 2922
36 1198 1199 2692 2839
37 598 2692 600 2809
38 977 975 976 2694
39 772 854 769 2696
40 775 776 777 2697
41 1277 2892 2717 2972
42 698 2893 2719 2975
43 762 2740 2700 2873
44 2744 2854 2683 2922
45 557 705 2772 3011
46 820 2790 2711 2888
47 762 2859 906 2936
48 776 777 2697 2800
49 975 976 2694 2851
50 2685 2798 2712 2868
51 775 2697 777 2807
52 1019 2787 1084 2794
53 977 2694 976 2849
54 2739 2860 2687 2869
55 772 854 2696 2805
56 2717 2792 808 2892
57 2719 2793 1030 2893
58 571 2736 552 2953
59 571 552 2736 2786
60 652 2688 2843 2847
61 1169 1168 1166 2696
62 2695 985 2814 2820
63 2731 2910 2772 3011
64 2684 2875 2792 3001
65 2684 2876 2793 3004
66 2724 2813 2834 2970
67 2792 2875 2717 3001
68 2793 2876 2719 3004
69 762 761 906 2859
70 600 2692 2804 2809
71 587 2802 2693 2826
72 2685 2704 2785 2791
73 2704 2685 2785 2790
74 743 2888 820 2960
75 2702 2685 2785 2791
76 762 2700 2859 2936
77 2717 2792 2684 2875
78 2719 2793 2684 2876
79 608 2691 2824 2829
80 2691 1204 2825 2830
81 2692 1199 2803 2839
82 807 808 2892 2972
83 1030 2893 926 2975
84 777 2697 2800 2807
85 772 2696 769 2863
86 1271 1297 1176 2688
87 906 2859 761 2936
88 1297 2688 1271 2901
89 2682 2834 2813 2970
90 1168 2696 1169 2808
91 574 571 552 2953
92 1019 2794 1084 2965
93 836 2739 949 2777
94 2707 2876 2684 3004
95 2706 2875 2684 3001
96 2687 2728 2739 2869
97 2694 976 2849 2851
98 2685 2705 2778 2798
99 1269 1182 1286 2693
100 2785 2791 2704 2967
101 2704 2790 2785 2968
102 1277 2797 2717 2892
103 2685 2704 2791 2967
104 2704 2685 2790 2968
105 1243 2742 1259 2963
106 2684 2719 2876 2993
107 1294 2711 2799 2888
108 1166 2696 1168 2864
109 1259 2742 2738 2963
110 2772 2774 559 2912
111 887 801 884 2689
112 997 1074 1085 2689
113 863 2742 2963 3025
114 797 881 876 2690
115 991 1091 1087 2690
116 2720 2842 2829 2964
117 1271 2688 1176 2816
118 698 2796 2719 2893
119 2778 2798 2705 2931
120 1097 1052 1070 2698
121 1269 1182 2693 2813
122 863 2742 831 2963
123 879 791 870 2694
124 2910 2922 2730 3022
125 887 2689 884 2904
126 1085 2689 1074 2904
127 1143 1294 2888 2960
128 2772 2910 557 3011
129 2723 2839 2844 2983
130 1097 2698 1070 2840
131 2678 2829 2842 2964
132 1005 2716 1004 3003
133 862 808 2717 3001
134 1003 1004 1005 2716
135 860 862 808 2717
136 1238 2892 1277 2972
137 637 2893 698 2975
138 820 2881 2711 3006
139 743 1143 2888 2960
140 2683 2731 2730 2772
141 2696 772 2805 2863
142 1176 2688 1297 2848
143 812 2718 809 2883
144 1030 2719 1014 2882
145 949 836 1065 2739
146 678 672 595 2695
147 2684 2796 2719 2993
148 656 2778 2705 2931
149 2702 2791 2785 2965
150 812 809 811 2883
151 1030 1014 1015 2882
152 915 2736 552 2786
153 499 2922 2910 3022
154 672 2695 678 2906
155 791 2694 879 2823
156 751 493 2819 2854
157 991 2690 1087 2815
158 876 797 2690 2810
159 1091 2690 991 2811
160 1238 807 2892 2972
161 637 926 2893 2975
162 625 2784 2931 2943
163 2722 2811 991 2815
164 2702 2685 2791 2965
165 1284 1197 1267 2697
166 2680 2844 2839 2983
167 822 2711 820 2881
168 678 2695 595 2827
169 2685 2710 2778 2799
170 2710 2685 2778 2798
171 879 2694 870 2909
172 1269 2813 2693 2871
173 783 901 784 2698
174 2780 2867 2676 2932
175 887 801 2689 2836
176 1074 2689 997 2835
177 884 2689 801 2841
178 1085 997 2689 2842
179 821 2881 820 3006
180 552 2736 915 2953
181 1284 1197 2697 2806
182 1003 2716 1005 2855
183 862 2717 860 2856
184 1286 2693 1182 2853
185 2716 1005 2855 3003
186 862 2717 2856 3001
187 797 881 2690 2844
188 1052 1070 2698 2828
189 870 2694 791 2846
190 2707 2719 2876 3004
191 2706 2717 2875 3001
192 2687 2739 2728 2897
193 797 2810 2723 2844
194 783 901 2698 2834
195 499 516 2922 3022
196 605 2691 647 2903
197 1202 2691 1250 2903
198 625 2784 2789 2931
199 986 2695 982 2906
200 1267 2697 1197 2833
201 1087 2690 1091 2924
202 881 876 2690 2924
203 2736 2860 2739 2869
204 913 2739 836 2777
205 1070 2698 2828 2840
206 588 2688 651 2901
207 2684 2876 2709 2993
208 2685 2790 2868 3006
209 977 975 2694 2909
210 1168 2696 2808 2864
211 2690 991 2811 2815
212 1182 2813 2724 2853
213 2690 2884 1091 2924
214 876 2884 2690 2924
215 783 2832 2724 2834
216 672 595 2695 2845
217 1197 2806 2733 2833
218 821 822 820 2881
219 599 2692 598 2880
220 1197 2697 2806 2833
221 1256 1198 2692 2880
222 784 783 2698 2832
223 991 2722 992 2811
224 797 794 2723 2810
225 2684 2792 2876 3002
226 2684 2793 2875 3003
227 2736 2687 2860 2869
228 786 783 2724 2834
229 2685 2868 2702 3006
230 2688 1297 2848 2901
231 625 2931 624 2943
232 2738 2780 2676 2932
233 1128 2784 548 2943
234 1052 2698 1097 2894
235 2717 2875 2797 3016
236 2684 2708 2779 3016
237 2708 2684 2779 3015
238 776 2697 775 2885
239 1070 2828 2732 2840
240 600 2804 2722 2809
241 2725 2823 2816 2957
242 777 2800 2726 2807
243 2719 2775 2679 2890
244 2679 2776 2718 2889
245 2683 2850 2774 3018
246 1169 2696 1166 2886
247 1284 2697 1267 2885
248 797 2690 2810 2844
249 1182 2693 2813 2853
250 2679 2775 2719 2882
251 2718 2776 2679 2883
252 559 561 2772 2912
253 901 784 2698 2894
254 2685 2702 2785 3006
255 2684 2876 2797 2994
256 801 2836 2721 2841
257 997 2720 2835 2842
258 2685 2868 2799 2985
259 562 559 2774 2912
260 1259 2738 2742 2865
261 854 769 2696 2886
262 500 499 516 2922
263 1241 829 1143 2888
264 743 1143 829 2888
265 2709 2679 2782 2890
266 2679 2709 2782 2889
267 2703 2683 2774 3018
268 2711 2780 2676 2881
269 580 688 2699 2821
270 2772 2774 2731 3011
271 783 2698 2832 2834
272 2684 2875 2706 3003
273 2684 2876 2707 3002
274 990 2722 991 2815
275 801 802 2721 2836
276 997 2720 1049 2835
277 791 2694 2823 2846
278 801 2721 800 2841
279 997 996 2720 2842
280 1035 724 938 2754
281 938 724 843 2754
282 884 2689 2841 2904
283 2689 1085 2842 2904
284 1259 2738 2865 2932
285 1181 2724 1182 2813
286 2688 1176 2816 2848
287 802 800 801 2721
288 997 996 1049 2720
289 595 2827 2695 2845
290 2713 2676 2787 2919
291 1243 1145 1259 2742
292 799 797 2723 2844
293 990 992 991 2722
294 799 797 794 2723
295 510 2819 493 2854
296 2682 2816 2823 2957
297 2723 2803 1199 2839
298 2695 672 2845 2906
299 740 1140 1238 2892
300 1238 807 740 2892
301 637 1029 528 2893
302 1029 637 926 2893
303 587 2732 2802 2826
304 2709 2684 2779 2994
305 2684 2709 2779 2993
306 949 2739 1112 2777
307 2733 2806 2827 2966
308 2697 775 2885 2914
309 595 2733 2827 2845
310 1091 2690 2811 2884
311 876 2810 2690 2884
312 2676 2784 2705 2789
313 918 1050 720 2761
314 2799 2868 2711 2985
315 2738 2963 2742 3025
316 801 2689 2836 2841
317 997 2835 2689 2842
318 2694 879 2823 2909
319 2681 2847 2851 2902
320 2722 2804 2811 2898
321 2703 2930 2683 3018
322 2718 2876 2792 3002
323 2716 2875 2793 3003
324 2705 2685 2778 2985
325 580 2699 688 2999
326 2684 2796 2779 3015
327 2684 2779 2797 3016
328 2711 2790 820 3006
329 542 603 1200 2746
330 1200 1122 542 2746
331 863 745 831 2742
332 2797 2876 2718 2994
333 2677 2825 2836 2895
334 2683 2703 2774 2930
335 2725 2816 1176 2848
336 2676 2780 2711 2867
337 1152 2765 2730 2852
338 548 1128 650 2784
339 2734 2863 2878 3000
340 1298 2748 521 2969
341 1271 2688 2816 2969
342 2711 2868 2790 3006
343 661 2778 2710 2946
344 1258 2710 2778 2946
345 786 783 782 2724
346 2718 2792 809 3002
347 2716 2793 1004 3003
348 808 2792 2717 3001
349 1030 2793 2719 3004
350 656 2705 2778 2943
351 838 918 720 2761
352 782 2724 783 2832
353 2730 2765 1152 2819
354 2702 2787 2676 2794
355 2721 2836 2825 2895
356 2688 1271 2901 2969
357 1182 2724 1184 2853
358 2690 1087 2815 2924
359 2678 2811 2804 2898
360 2706 2684 2781 3001
361 2684 2706 2781 3003
362 2684 2707 2781 3002
363 2707 2684 2781 3004
364 2726 2814 985 2820
365 1248 2768 2857 2941
366 606 2858 2768 2941
367 2727 2851 2847 2902
368 584 2693 2802 2871
369 2680 2827 2806 2966
370 594 2733 595 2845
371 627 2798 656 2931
372 1248 2857 1208 2941
373 606 649 2858 2941
374 2705 2676 2789 2868
375 2705 2931 2784 2943
376 1175 2725 1176 2848
377 1284 2697 2885 2914
378 2692 598 2880 2935
379 982 2695 2814 2906
380 2709 2876 2684 2994
381 752 1065 836 2739
382 1198 2692 2880 2935
383 521 582 1296 2969
384 2711 2799 2685 2868
385 1296 1298 521 2969
386 1153 2852 2801 2918
387 657 2778 656 2798
388 595 2733 660 2827
389 493 2854 751 2982
390 1055 2732 1070 2828
391 2710 2778 661 2987
392 1258 2778 2710 2988
393 2676 2794 2787 2919
394 1176 2725 1177 2816
395 1197 1193 2733 2806
396 1286 2693 2853 2913
397 1184 1182 1181 2724
398 660 595 594 2733
399 2702 2676 2787 2881
400 2698 1097 2894 3005
401 676 2716 663 3015
402 1210 2717 1277 3016
403 1148 2765 747 2819
404 1153 2801 2730 3022
405 1153 2730 2801 2852
406 627 657 656 2798
407 2769 2866 2737 2952
408 2705 2868 2685 2985
409 1175 1177 1176 2725
410 743 829 820 2888
411 2679 2707 2788 2882
412 2707 2679 2788 2883
413 2718 2797 2684 2876
414 657 661 2778 2798
415 1097 2698 2840 3005
416 791 2823 2725 2846
417 881 2690 2844 2924
418 2679 2718 2876 2889
419 1197 2733 1270 2833
420 1301 2765 1152 2852
421 2704 2785 1092 2937
422 893 2785 2704 2937
423 698 614 2719 2993
424 1220 1291 2718 2994
425 1077 2770 2855 2939
426 880 2856 2770 2939
427 2746 2830 2829 2964
428 2684 2797 2717 2875
429 2718 2679 2876 2883
430 2829 2830 2691 2964
431 678 2695 2827 2986
432 1267 2697 2833 2885
433 2678 2746 2829 2964
434 647 2691 2829 2903
435 2691 1202 2830 2903
436 2691 2829 2746 2830
437 1294 2711 1225 2985
438 2731 2772 2683 2774
439 880 882 2856 2939
440 1077 2855 1078 2939
441 776 2800 2697 2885
442 1096 2785 2702 2934
443 2687 2878 2863 3000
444 663 676 695 2716
445 1210 1278 1277 2717
446 698 614 700 2719
447 1220 1291 1293 2718
448 1256 2692 2803 2880
449 599 2804 2692 2880
450 588 2688 2901 2969
451 2689 1074 2904 3012
452 887 2689 2904 3012
453 1092 2785 2704 2967
454 893 2704 2785 2968
455 740 807 808 2892
456 1030 1029 926 2893
457 2679 2714 2818 2837
458 2715 2679 2817 2838
459 901 2698 2834 2894
460 2824 2825 2677 2895
461 1225 1294 1289 2711
462 676 2796 2716 3015
463 2717 2797 1277 3016
464 661 2946 2710 2987
465 1258 2710 2946 2988
466 2677 2824 2768 2825
467 843 938 2754 2884
468 574 552 915 2953
469 580 2729 576 2821
470 2697 1284 2806 2914
471 986 2695 2906 2986
472 576 580 674 2729
473 656 2931 2705 2943
474 1064 2736 2786 2860
475 664 2866 2769 2952
476 608 2824 2720 2829
477 2721 2825 1204 2830
478 1189 2753 750 2989
479 2678 2830 2746 2964
480 590 2826 2693 2913
481 977 2694 2849 2909
482 1199 2723 1273 2803
483 687 2722 600 2804
484 2679 2818 2782 2890
485 2679 2782 2817 2889
486 2686 2769 2925 2951
487 1062 2812 2713 2919
488 605 2691 2903 3017
489 1250 2903 2691 3017
490 678 2906 2695 2986
491 2702 2785 1096 2965
492 505 515 2861 2872
493 2731 2861 515 2872
494 986 2820 2695 2986
495 698 2719 2796 2993
496 1291 2797 2718 2994
497 856 791 2725 2846
498 774 1234 2756 2984
499 598 2692 2809 2935
500 2689 887 2836 3012
501 1074 2689 2835 3012
502 587 2732 694 2802
503 769 2696 2886 2959
504 580 2870 2699 2999
505 565 2912 2741 3013
506 1291 2718 2797 2892
507 651 2688 2847 2901
508 2705 2868 2789 2931
509 495 505 515 2861
510 975 2694 2909 2992
511 2696 1166 2886 2959
512 1294 2799 2711 2985
513 790 2725 791 2823
514 656 657 661 2778
515 664 2737 2866 2952
516 2749 2813 2682 2834
517 2741 2912 565 2951
518 845 725 1036 2770
519 1036 940 845 2770
520 1169 2808 2696 2886
521 2684 2792 2718 2876
522 2684 2793 2716 2875
523 2677 2836 2770 2895
524 1278 2717 1210 2857
525 663 2716 695 2858
526 764 2740 762 2873
527 756 2819 2765 2854
528 2694 870 2909 2992
529 1019 1081 1084 2787
530 2683 2859 2700 2926
531 1282 2867 2780 2932
532 2704 2937 1092 2967
533 893 2937 2704 2968
534 775 2697 2807 2914
535 2683 2859 2740 2930
536 656 624 2931 2943
537 854 2696 2805 2886
538 1241 1143 1294 2888
539 1237 739 1139 2767
540 1237 861 739 2767
541 1002 924 527 2766
542 635 527 924 2766
543 792 2750 1233 2995
544 968 2734 967 2878
545 2675 2826 2745 2905
546 2734 2805 772 2863
547 2685 2710 2799 2988
548 2710 2685 2798 2987
549 856 791 790 2725
550 2685 2785 2790 3006
551 1282 1226 2867 2932
552 2692 2747 2839 2983
553 2711 2676 2868 2881
554 521 2748 1298 2871
555 1193 1270 1197 2733
556 2758 2772 561 2912
557 580 688 673 2999
558 510 2854 493 2982
559 2678 2829 2752 2842
560 1060 2785 2791 2965
561 2691 2825 2824 2895
562 580 2821 2699 2870
563 2684 2797 2779 2994
564 2684 2779 2796 2993
565 2689 2770 2836 2895
566 2693 2745 2826 2905
567 1070 2732 1059 2840
568 2694 2761 2823 2957
569 588 2843 2688 2969
570 2683 2765 2859 2926
571 2677 2770 2835 2895
572 605 2824 2691 3017
573 1250 2691 2825 3017
574 629 933 2764 2997
575 1052 2828 2698 2894
576 2724 2813 2749 2834
577 870 2694 2846 2992
578 774 2756 1234 2914
579 580 673 2870 2999
580 1210 2857 2717 3016
581 663 2716 2858 3015
582 1060 2791 2785 2967
583 2685 2790 2711 2868
584 2834 2905 2724 2970
585 1238 1140 1277 2892
586 637 528 698 2893
587 2775 2818 2714 2837
588 2715 2817 2776 2838
589 2675 2840 2826 2905
590 2692 1198 2839 2935
591 2682 2823 2761 2957
592 2680 2839 2747 2983
593 2692 2809 2747 2983
594 896 2713 907 3025
595 2681 2847 2764 2851
596 913 752 836 2739
597 2689 2835 2770 2895
598 2702 2868 2685 2965
599 776 780 2800 2885
600 2750 2800 780 2885
601 784 2698 2894 3005
602 2778 2798 661 2987
603 1258 2799 2778 2988
604 2703 2912 2930 2951
605 2712 2685 2868 2965
606 2698 784 2832 3005
607 2693 2853 2745 2905
608 1043 2743 869 2877
609 1096 2934 2702 2965
610 2691 2768 2824 2825
611 2677 2825 2767 2836
612 2732 2826 2840 2905
613 522 2913 1191 2950
614 756 747 2765 2819
615 2756 2839 2680 2844
616 1310 2879 1280 3023
617 2676 2713 2787 2831
618 2685 2799 2778 2985
619 1148 1152 2765 2819
620 1228 650 1128 2784
621 2778 2799 2710 2988
622 2710 2798 2778 2987
623 2730 2683 2765 2854
624 2776 2817 2679 2838
625 2679 2818 2775 2837
626 580 2729 2821 2870
627 969 2699 1071 2822
628 951 505 495 2861
629 1059 1070 1055 2732
630 975 2851 2694 2992
631 2675 2745 2853 2905
632 886 2726 777 2800
633 1136 774 736 2984
634 2778 2799 1258 2985
635 1123 1207 543 2768
636 543 1207 610 2768
637 2683 2700 2859 2930
638 1106 2812 1062 2919
639 1112 949 1065 2739
640 1062 2713 1073 2919
641 2683 2774 2912 2930
642 899 772 2734 2805
643 2719 2679 2876 2890
644 499 500 2910 2922
645 614 700 2719 2890
646 1220 2718 1293 2889
647 2694 2849 2761 2957
648 2741 2686 2925 2951
649 674 2729 580 2870
650 2683 2774 2772 2912
651 652 2843 2727 2847
652 1289 1225 2711 2867
653 2710 2874 2685 2987
654 680 2720 608 2824
655 1274 1204 2721 2825
656 688 2699 2821 2907
657 547 1127 623 2778
658 1127 1221 623 2778
659 1060 1096 2785 2965
660 851 1189 750 2989
661 697 2978 2818 2987
662 1288 2817 2979 2988
663 1189 851 1116 2989
664 600 2722 690 2809
665 842 937 2757 2944
666 2679 2719 2876 2882
667 985 2726 1086 2814
668 2677 2717 2856 2857
669 885 777 2726 2807
670 697 2775 2818 2978
671 1288 2817 2776 2979
672 608 2720 693 2829
673 1204 1275 2721 2830
674 679 2798 2931 3007
675 2715 2979 2817 2988
676 2818 2978 2714 2987
677 2719 2709 2876 2993
678 2737 2866 2686 2927
679 1060 2785 1092 2967
680 2701 2869 2687 2921
681 2685 2874 2710 2988
682 774 1136 1234 2984
683 2708 2677 2768 2857
684 2677 2708 2768 2858
685 2676 2867 2711 2868
686 1169 2753 1172 2808
687 1199 1276 2723 2839
688 1168 2808 2729 2864
689 2740 2859 2700 2930
690 2741 2930 2912 2951
691 2727 2849 976 2851
692 625 2789 2784 2920
693 544 1124 611 2779
694 1124 1230 611 2779
695 611 1230 545 2779
696 1230 1125 545 2779
697 2680 2747 2809 2983
698 2737 2789 2676 2794
699 846 1037 941 2781
700 846 726 1037 2781
701 1038 727 941 2781
702 941 727 846 2781
703 2703 2912 2774 2930
704 2681 2762 2847 2902
705 1133 717 2959 2962
706 1221 623 2778 2943
707 944 729 1040 2785
708 729 944 849 2785
709 2713 2795 907 3025
710 2801 2852 2772 2918
711 2683 2774 2850 3021
712 702 2732 587 2826
713 1169 1172 2753 2886
714 2681 2851 2759 2902
715 2685 2874 2704 2967
716 1103 2743 1043 2877
717 1169 2753 2808 2886
718 2738 2742 2686 2795
719 985 1088 2726 2820
720 2796 2875 2716 3015
721 2777 2863 2687 2878
722 1225 2711 2867 2985
723 2688 2847 2762 2902
724 1268 2729 1168 2808
725 2675 2760 2814 2899
726 622 1254 1127 2778
727 622 1127 547 2778
728 2683 2731 2774 3021
729 2695 2814 2760 2899
730 2719 614 2890 2993
731 1220 2718 2889 2994
732 792 1233 785 2995
733 629 537 979 2997
734 2684 2792 2781 3001
735 2684 2781 2793 3003
736 2684 2781 2792 3002
737 2684 2793 2781 3004
738 2704 2874 2685 2968
739 2715 2817 2679 2874
740 968 967 969 2878
741 2694 2759 2851 2902
742 2829 2895 2720 2964
743 896 907 2713 2949
744 1183 2813 2748 2816
745 2724 2905 2813 2970
746 852 2805 2753 2886
747 1201 2803 2746 2880
748 2746 2804 646 2880
749 2712 2791 2685 2965
750 590 2745 591 2826
751 1050 720 2761 2894
752 852 854 2805 2886
753 701 2760 920 2961
754 2735 2686 2866 2927
755 2752 2804 2678 2811
756 1183 2748 1271 2816
757 2681 2821 2808 2917
758 1106 1062 1073 2919
759 2677 2856 2717 2875
760 2699 1071 2822 2907
761 652 2727 686 2847
762 914 2891 2728 2900
763 2706 2677 2770 2855
764 2677 2706 2770 2856
765 2717 2857 2677 2875
766 2682 2761 2849 2957
767 944 849 2785 2934
768 522 2745 2913 2950
769 544 1124 2779 2941
770 1125 545 2779 2942
771 2679 2838 2715 2874
772 692 2727 652 2843
773 1062 2713 2812 2877
774 688 2699 2907 2999
775 726 1037 2781 2939
776 1038 727 2781 2940
777 2729 2808 2821 2917
778 2686 2865 2738 2927
779 581 1266 2762 2954
780 893 2968 2785 3006
781 1288 1292 2776 2817
782 697 2775 699 2818
783 842 2757 937 2924
784 629 979 933 2997
785 943 1040 729 2785
786 943 729 848 2785
787 1107 953 502 2861
788 2694 2846 2759 2902
789 2787 2794 1081 2919
790 603 1200 2746 2880
791 2679 2818 2714 2874
792 2696 769 2863 2959
793 2716 2796 676 2893
794 2705 2789 2784 2931
795 599 646 2804 2880
796 1256 2803 1201 2880
797 822 820 2711 2960
798 1003 2855 2766 2973
799 2767 2856 860 2972
800 2712 2931 2798 3007
801 590 2745 2826 2913
802 504 751 493 2819
803 1047 2766 1003 2855
804 804 860 2767 2856
805 2688 2762 2848 2902
806 505 2861 951 2872
807 1107 502 514 2861
808 2677 2858 2855 2875
809 946 1103 1043 2877
810 2766 2858 683 2973
811 1279 2857 2767 2972
812 2681 2759 2846 2902
813 2761 2828 1057 2894
814 561 2772 2758 2918
815 608 680 693 2720
816 1274 1204 1275 2721
817 2714 2837 2679 2874
818 2703 2930 2741 2951
819 2723 2898 2839 2983
820 702 694 587 2732
821 2772 2801 2730 2852
822 915 1064 2736 2786
823 2676 2789 2712 2794
824 695 683 2858 2973
825 1279 1278 2857 2972
826 600 687 690 2722
827 1273 1199 1276 2723
828 622 1254 2778 2946
829 2683 2772 2758 2912
830 2712 2789 2676 2868
831 2862 2869 2701 2916
832 976 1079 2727 2851
833 1087 2757 1090 2815
834 1191 2913 2745 2950
835 1003 2766 1047 2973
836 804 2767 860 2972
837 1134 785 1233 2995
838 634 923 2955 2981
839 806 1236 2956 2980
840 590 591 2745 2913
841 1264 1310 2701 2879
842 969 2699 2822 2878
843 1133 1164 717 2962
844 2695 2760 2845 2899
845 1181 2813 1179 2998
846 2681 2848 2762 2902
847 1166 2696 2864 2959
848 893 819 2968 3006
849 2675 2771 2840 2905
850 2806 2807 2680 2966
851 2703 2925 2769 2951
852 1179 2813 2749 2998
853 1183 1178 2813 2816
854 985 1088 1086 2726
855 2698 2840 2771 2905
856 1036 2770 725 3012
857 1052 1057 2828 2894
858 1081 2787 1019 2794
859 1282 2780 1272 2932
860 2741 2866 2686 2951
861 1004 2716 1003 2973
862 808 860 2717 2972
863 809 2718 812 2974
864 1014 2719 1030 2975
865 2676 2794 2712 2868
866 1293 2718 1291 2974
867 695 2716 676 2973
868 1277 2717 1278 2972
869 700 698 2719 2975
870 2679 2788 2837 2882
871 2679 2838 2788 2883
872 792 1233 2750 2885
873 1222 2867 2784 2943
874 2714 2967 1061 2978
875 818 2968 2715 2979
876 976 2727 1076 2849
877 678 682 2755 2827
878 686 652 692 2727
879 1010 2837 2775 2978
880 816 2776 2838 2979
881 2800 2833 2675 2899
882 1188 2971 853 2998
883 1289 2711 1294 2960
884 2800 2814 2726 2899
885 2675 2800 2750 2833
886 943 2785 848 2937
887 2675 2845 2760 2899
888 873 2771 2800 2832
889 2680 2806 2756 2807
890 571 2786 2736 2921
891 2700 2859 2765 2926
892 2739 2777 913 2897
893 2685 2874 2798 2987
894 2701 2687 2869 2879
895 597 1253 2935 2977
896 2728 2869 2687 2879
897 2714 2978 677 2987
898 1290 2979 2715 2988
899 1010 1061 2967 2978
900 818 816 2968 2979
901 981 2760 982 2814
902 2716 2855 2858 2875
903 1090 2815 2757 2820
904 1061 2887 2714 2978
905 2715 2888 818 2979
906 475 2869 2862 2916
907 2686 2735 2865 2927
908 1028 538 2948 2996
909 625 2789 626 2931
910 788 2834 786 2998
911 955 2861 2731 2872
912 899 772 877 2734
913 883 2834 2761 2894
914 2720 2895 2842 2964
915 935 2938 898 3005
916 2714 2887 677 2978
917 1290 2888 2715 2979
918 972 1071 2699 2907
919 2912 2930 2741 3013
920 857 775 2807 2914
921 788 2749 2834 2998
922 2844 2898 2723 2983
923 634 923 525 2955
924 1000 525 923 2955
925 737 1236 1137 2956
926 737 806 1236 2956
927 2682 2816 2749 2823
928 754 902 948 2744
929 1281 1168 1268 2729
930 857 2807 2756 2914
931 504 493 510 2819
932 903 756 747 2765
933 1189 750 2753 2886
934 809 2792 2718 2892
935 1004 2793 2716 2893
936 1188 1117 853 2971
937 875 2807 2757 2844
938 883 879 2761 2823
939 1117 858 853 2971
940 654 2747 598 2809
941 1071 969 972 2699
942 631 1028 538 2948
943 1271 2816 2748 2969
944 717 1164 855 2962
945 696 2802 2763 2843
946 772 877 2734 2863
947 697 677 2978 2987
948 1290 1288 2979 2988
949 1133 2959 2773 2962
950 2766 2855 2677 2858
951 2677 2856 2767 2857
952 969 972 2699 2878
953 1168 2729 1281 2864
954 677 2887 2714 2987
955 1290 2715 2888 2988
956 946 1043 869 2877
957 1301 1152 1154 2852
958 1148 1152 1301 2765
959 629 2764 933 2907
960 1061 2714 2887 2967
961 818 2888 2715 2968
962 2681 2753 2805 2808
963 809 2892 2718 2974
964 1004 2893 2716 2973
965 2735 2866 2737 2927
966 2722 2804 2752 2811
967 907 2795 2713 2877
968 886 885 777 2726
969 510 2819 2854 2922
970 1285 2756 2806 2914
971 2685 2874 2790 2968
972 2773 2959 717 2962
973 2715 2790 2685 2874
974 883 901 2834 2894
975 2686 2769 2911 2925
976 2697 2807 2806 2966
977 2678 2804 2803 2898
978 2790 2874 2715 2968
979 2676 2831 2787 2881
980 2718 2892 1291 2974
981 2716 2893 676 2973
982 2737 2794 2676 2919
983 2740 2683 2930 3018
984 1107 1066 953 2861
985 935 2771 2938 3005
986 898 2938 2771 3005
987 1283 2803 2751 2830
988 2681 2808 2805 2917
989 2736 2869 2739 2908
990 2752 2804 685 2829
991 2690 2844 2757 2983
992 754 2744 1066 2982
993 874 2810 2754 2841
994 1089 2754 2811 2842
995 2687 2869 2736 2921
996 632 2945 921 2986
997 682 2809 2755 2827
998 760 762 2740 2859
999 869 1043 732 2743
1000 2810 2811 2678 2898
1001 1076 976 1079 2727
1002 1297 2762 1174 2848
1003 1067 505 951 2872
1004 874 2754 884 2841
1005 1085 2754 1089 2842
1006 2676 2702 2794 2868
1007 2762 2808 1174 2848
1008 678 2827 2755 2986
1009 1285 2806 2756 2839
1010 583 2802 2748 2871
1011 2725 2902 2823 2957
1012 2686 2742 2738 2865
1013 559 562 561 2912
1014 2680 2757 2844 2983
1015 989 2815 1090 2820
1016 586 2802 696 2843
1017 2762 2848 1297 2901
1018 2765 2859 2700 2936
1019 2757 2815 1087 2924
1020 754 948 1066 2744
1021 982 2814 2760 2906
1022 903 756 2765 2854
1023 940 845 2770 2939
1024 2698 2771 2832 2905
1025 2676 2780 2738 2831
1026 658 522 1191 2950
1027 514 1107 2861 2982
1028 2685 2799 2874 2988
1029 917 839 2958 2992
1030 875 2757 881 2844
1031 1304 2700 2929 2936
1032 986 2755 988 2820
1033 2695 2827 2755 2966
1034 2711 2702 2868 3006
1035 661 619 2946 2987
1036 1258 2946 1215 2988
1037 2699 972 2907 2999
1038 656 2778 623 2943
1039 1227 1221 2778 2943
1040 2675 2832 2771 2905
1041 859 2807 875 2844
1042 2678 2746 2803 2804
1043 2752 2829 2720 2842
1044 596 2760 2826 2845
1045 2740 2850 2683 3018
1046 1186 2833 2750 2885
1047 2678 2842 2754 2964
1048 914 865 2891 2900
1049 2683 2744 2731 3021
1050 2828 2834 2682 2970
1051 2764 2821 689 2847
1052 1283 2803 1273 2956
1053 1096 1084 2934 2965
1054 496 1151 503 3022
1055 687 2804 685 2955
1056 1227 2943 2778 2985
1057 896 2831 2713 3025
1058 510 2922 2854 2982
1059 1285 2806 1284 2914
1060 2689 2754 2842 2964
1061 2697 2833 2800 2899
1062 2680 2755 2827 2966
1063 584 2802 583 2871
1064 485 2891 2869 2908
1065 2675 2814 2800 2899
1066 1283 2751 2803 2956
1067 685 2804 2752 2955
1068 689 2821 2764 2907
1069 2688 2816 2748 2957
1070 1080 2822 2764 2851
1071 2678 2810 2754 2811
1072 598 2809 2747 2935
1073 694 696 2802 2948
1074 2738 2865 2735 2927
1075 890 2788 891 2883
1076 1095 1094 2788 2882
1077 1083 1092 2937 2967
1078 893 892 2937 2968
1079 1257 1258 2799 2985
1080 2744 2861 1066 2982
1081 2682 2748 2816 2957
1082 1009 2775 1010 2837
1083 816 2776 814 2838
1084 2723 2839 2756 2844
1085 646 2746 647 2829
1086 1201 1202 2746 2830
1087 514 910 1107 2982
1088 1008 529 638 2775
1089 1141 741 1240 2776
1090 638 927 1008 2775
1091 828 1240 741 2776
1092 2681 2764 2821 2822
1093 2767 2825 2721 2836
1094 1283 2830 2751 2980
1095 2752 2829 685 2981
1096 2782 2817 1215 2946
1097 619 2818 2782 2946
1098 683 2766 680 2824
1099 1279 1274 2767 2825
1100 2704 2837 2679 2838
1101 883 2823 2761 2834
1102 1287 2853 2745 2913
1103 574 915 1063 2953
1104 1080 2764 2822 2907
1105 596 672 2760 2845
1106 693 685 2829 2981
1107 1275 2830 1283 2980
1108 586 585 696 2802
1109 1021 1081 2794 2919
1110 500 498 2910 2922
1111 896 2713 2831 2949
1112 2731 2910 498 2922
1113 992 994 2811 2955
1114 795 794 2810 2956
1115 1151 2819 503 3022
1116 1054 1028 631 2948
1117 1124 1209 2779 2941
1118 544 2779 662 2941
1119 545 612 2779 2942
1120 1231 1125 2779 2942
1121 2763 2802 696 2948
1122 2681 2822 2821 2917
1123 780 2800 2750 2832
1124 2761 2823 879 2909
1125 1196 2806 1285 2839
1126 516 508 2922 3022
1127 798 2810 874 2841
1128 1089 2811 995 2842
1129 2752 2811 994 2955
1130 795 2810 2751 2956
1131 579 689 2821 2847
1132 1271 2748 1183 2969
1133 1283 1203 2803 2830
1134 648 685 2804 2829
1135 2788 2837 1083 2937
1136 892 2838 2788 2937
1137 890 2788 2883 2940
1138 1095 2882 2788 2940
1139 896 2831 2787 2949
1140 1272 2932 2780 2963
1141 2679 2837 2788 2838
1142 2754 2810 874 2884
1143 1089 2811 2754 2884
1144 571 570 552 2786
1145 2869 2896 2701 2916
1146 2779 2941 1209 3016
1147 662 2941 2779 3015
1148 2764 2847 2727 2851
1149 1286 2853 1287 2913
1150 1194 1198 2747 2839
1151 2725 2816 2902 2957
1152 2698 2834 2828 2970
1153 739 1139 2767 2972
1154 1002 2766 527 2973
1155 2779 2942 612 2993
1156 1231 2942 2779 2994
1157 692 2843 696 2996
1158 897 895 2787 2881
1159 1276 2839 1285 2984
1160 992 2722 990 2955
1161 989 1087 1090 2815
1162 1112 2777 2739 2860
1163 2718 2707 2876 3002
1164 2716 2706 2875 3003
1165 842 722 937 2944
1166 937 722 1033 2944
1167 724 2754 1035 2904
1168 2716 2796 2684 2875
1169 1285 2839 2756 2984
1170 1155 2852 1153 2918
1171 2703 2911 2769 2925
1172 2730 2772 2731 2910
1173 2803 2804 2692 2898
1174 705 562 559 2774
1175 2722 2945 990 2955
1176 2751 2841 795 2980
1177 994 2842 2752 2981
1178 569 1072 552 2786
1179 2723 1273 2803 2956
1180 687 2722 2804 2955
1181 1186 1267 2833 2885
1182 689 688 2821 2907
1183 622 2778 661 2946
1184 1258 2778 1254 2946
1185 764 2740 2873 3019
1186 800 795 2841 2980
1187 996 2842 994 2981
1188 694 2802 2732 2948
1189 2748 2813 1183 2871
1190 475 2862 492 2916
1191 884 2841 2754 2904
1192 2754 2842 1085 2904
1193 696 2843 2763 2996
1194 1082 2771 1097 2840
1195 2682 2748 2802 2813
1196 588 2748 583 2843
1197 658 1191 1119 2950
1198 840 2805 2759 2846
1199 579 689 578 2821
1200 1178 1183 1271 2816
1201 689 2847 686 2997
1202 543 1123 2768 3017
1203 2730 2910 2731 2922
1204 799 857 2844 2984
1205 2805 2808 2696 2917
1206 1280 2879 2783 3023
1207 2679 2817 2782 2818
1208 2733 2899 2806 2966
1209 876 874 2810 2884
1210 1089 1091 2811 2884
1211 2753 2846 852 2989
1212 2713 2676 2919 2927
1213 881 2844 2757 2924
1214 780 781 779 2832
1215 2676 2867 2784 2932
1216 1080 974 2822 2851
1217 951 2861 955 2872
1218 669 2701 714 2921
1219 762 2700 833 2873
1220 2747 2806 2680 2827
1221 986 2755 2820 2986
1222 1094 1083 2788 2837
1223 891 2788 892 2838
1224 2756 2844 857 2984
1225 689 2764 2847 2997
1226 613 2782 617 2890
1227 1214 2782 1219 2889
1228 1196 1195 1285 2806
1229 2812 2919 965 2952
1230 514 2861 502 2982
1231 780 779 2800 2832
1232 2760 2826 2675 2840
1233 2690 2811 2810 2898
1234 597 2935 2747 2977
1235 873 784 2771 2832
1236 859 778 875 2807
1237 2747 2935 1253 2977
1238 2710 2817 2679 2818
1239 1287 2833 2745 2853
1240 2682 2828 2761 2834
1241 660 2733 594 2950
1242 897 2787 896 2831
1243 647 2829 2746 2903
1244 2746 2830 1202 2903
1245 1082 2814 2771 2840
1246 2782 2890 613 2942
1247 1219 2889 2782 2942
1248 1172 1175 2848 2989
1249 761 2859 2765 2936
1250 2706 1078 2855 2939
1251 882 2706 2856 2939
1252 2682 2813 2802 2970
1253 577 2762 651 2847
1254 1080 2851 2764 2997
1255 856 852 2846 2989
1256 870 840 2759 2846
1257 2697 2750 2800 2833
1258 1172 2848 2753 2989
1259 632 999 921 2945
1260 1180 1183 1178 2813
1261 2787 2881 895 2934
1262 1107 910 1066 2982
1263 2697 2756 2806 2807
1264 975 2759 973 2851
1265 1077 2770 2835 2855
1266 880 2836 2770 2856
1267 610 2768 1207 2941
1268 583 2748 2802 2843
1269 1031 917 839 2958
1270 1079 2851 1080 2997
1271 2733 2950 660 2977
1272 987 989 1090 2820
1273 2686 2769 2737 2812
1274 675 709 664 2737
1275 680 2824 2766 2991
1276 2767 2825 1274 2990
1277 920 2760 701 2906
1278 2706 2855 1078 3003
1279 882 2856 2706 3001
1280 508 2730 2819 2922
1281 2747 2839 1198 2935
1282 1107 1066 2861 2982
1283 1057 2761 977 2849
1284 1086 2726 1088 2944
1285 524 999 632 2945
1286 2755 2815 988 2820
1287 1074 1077 2770 2835
1288 880 887 2770 2836
1289 2760 2845 672 2906
1290 1215 2782 1214 2817
1291 619 617 2782 2818
1292 780 2832 2750 2995
1293 1122 542 2746 2903
1294 2686 2741 2925 3009
1295 1283 1203 1205 2803
1296 2683 2730 2765 2852
1297 678 2755 682 2986
1298 2690 2757 2815 2983
1299 591 2826 2745 2845
1300 601 648 685 2804
1301 1184 1186 2853 2995
1302 2724 786 2834 2998
1303 1120 1253 597 2977
1304 1174 2762 1297 2901
1305 1120 597 540 2977
1306 780 782 2832 2995
1307 2762 2808 2681 2821
1308 515 2731 498 2922
1309 1293 2776 1292 2889
1310 699 2775 700 2890
1311 1086 2938 2726 2944
1312 1269 1183 2813 2871
1313 2750 2853 1186 2995
1314 2753 2805 852 2846
1315 2756 2807 857 2844
1316 840 900 2805 2846
1317 859 857 2807 2844
1318 2708 1208 2857 2941
1319 649 2708 2858 2941
1320 2726 2938 886 2944
1321 914 2728 835 2900
1322 583 2802 586 2843
1323 885 2726 886 2944
1324 2734 2878 2917 3000
1325 1266 581 2762 2901
1326 1181 2724 2813 2998
1327 2747 2809 654 2827
1328 1304 2926 2700 2936
1329 581 1295 1266 2954
1330 593 592 591 2845
1331 1069 2763 2849 2996
1332 1069 2763 2828 2849
1333 718 1031 839 2958
1334 1280 2864 2783 2879
1335 649 2858 2708 3015
1336 1208 2708 2857 3016
1337 675 2915 2789 2920
1338 1179 2749 2813 2816
1339 984 1082 1097 2840
1340 1069 2828 2763 2948
1341 799 2723 794 2984
1342 2695 2755 2820 2966
1343 2726 2800 2697 2807
1344 1295 581 519 2954
1345 2775 2818 2679 2890
1346 2679 2817 2776 2889
1347 2716 2855 2766 2858
1348 2767 2856 2717 2857
1349 883 789 2823 2834
1350 870 2846 2759 2992
1351 2696 2773 2863 3000
1352 2696 2805 2753 2808
1353 1201 2746 2803 2830
1354 2758 2930 2912 3013
1355 646 2804 2746 2829
1356 859 857 778 2807
1357 1310 2701 2879 3023
1358 592 2826 591 2845
1359 795 2751 2810 2841
1360 994 2811 2752 2842
1361 764 763 762 2740
1362 2747 2806 1194 2839
1363 1069 1055 2828 2948
1364 990 2945 922 2955
1365 1172 2808 2753 2848
1366 935 721 898 2938
1367 1080 974 971 2822
1368 1049 2766 1047 2835
1369 804 2767 802 2836
1370 1055 1059 2732 2961
1371 1184 2724 1181 2998
1372 1069 2849 1076 2996
1373 2776 2889 1293 2974
1374 700 2890 2775 2975
1375 588 2748 2843 2969
1376 2732 2828 2698 2840
1377 2686 2865 2741 3009
1378 1184 2995 2724 2998
1379 2722 2804 2692 2809
1380 980 701 920 2961
1381 782 786 2724 2998
1382 1055 2732 2948 2961
1383 1175 1177 2725 2989
1384 2704 2788 2837 2838
1385 2723 2956 794 2984
1386 2708 2941 649 3015
1387 1208 2941 2708 3016
1388 894 2785 849 2934
1389 2689 2841 2754 2964
1390 651 2847 2762 2901
1391 2757 2807 875 2944
1392 690 2722 687 2955
1393 475 2896 2869 2916
1394 944 2785 1096 2934
1395 2685 2791 2874 2967
1396 992 2811 2722 2955
1397 794 2723 2810 2956
1398 1057 2828 2761 2849
1399 918 2761 838 2909
1400 782 2724 2995 2998
1401 2738 2795 2686 2927
1402 2827 2899 2733 2966
1403 1287 2745 2833 2950
1404 1228 650 2784 3024
1405 2702 2868 2676 2881
1406 2763 2948 538 2996
1407 975 2759 2851 2992
1408 659 660 2950 2977
1409 2734 2917 2863 3000
1410 2730 2922 508 3022
1411 907 2877 2713 2949
1412 1237 861 2767 2990
1413 635 2766 924 2991
1414 2688 2748 2843 2957
1415 577 2821 2762 2847
1416 2869 2891 2739 2908
1417 2737 2769 2686 2866
1418 2752 2955 923 2981
1419 806 2956 2751 2980
1420 634 2955 2752 2981
1421 2751 2956 1236 2980
1422 1177 2971 2725 2989
1423 577 579 2821 2847
1424 936 2938 1086 2944
1425 2686 2925 2742 3009
1426 1174 2808 2762 2954
1427 602 654 2809 2827
1428 1145 2742 745 2929
1429 900 852 2805 2846
1430 690 2945 2722 2955
1431 885 875 2807 2944
1432 533 2769 706 3020
1433 2759 2822 973 2851
1434 894 2785 2934 3006
1435 1037 1075 2781 2939
1436 726 2781 888 2939
1437 889 2781 727 2940
1438 1038 2781 1093 2940
1439 795 2810 798 2841
1440 995 2811 994 2842
1441 2766 2835 1049 2991
1442 802 2836 2767 2990
1443 679 2798 627 2931
1444 1179 2749 2816 2971
1445 2725 2971 790 2989
1446 1196 1194 2806 2839
1447 2679 2876 2709 2889
1448 981 2760 2814 2840
1449 1055 2732 2828 2948
1450 992 990 922 2955
1451 977 2849 2761 2909
1452 1170 2808 1172 2848
1453 701 980 671 2961
1454 921 2945 2755 2986
1455 763 760 762 2740
1456 798 796 874 2810
1457 1089 993 995 2811
1458 2687 2701 2783 2879
1459 2780 2831 2676 2881
1460 856 2725 790 2989
1461 751 504 755 2819
1462 1032 721 935 2938
1463 2733 2806 2697 2833
1464 484 2728 480 2900
1465 1179 2813 1178 2816
1466 1282 1272 1226 2932
1467 2862 2900 1251 2962
1468 936 1086 1088 2944
1469 2709 2876 2679 2890
1470 678 655 682 2827
1471 1270 2733 1193 2977
1472 1191 2745 1287 2950
1473 1259 2738 1272 2963
1474 694 2732 702 2948
1475 2804 2898 2722 2983
1476 2683 2772 2730 2852
1477 605 2768 606 2824
1478 1248 2768 1250 2825
1479 1201 2803 1203 2830
1480 2692 2898 2804 2983
1481 2724 2813 2693 2853
1482 646 648 2804 2829
1483 1194 2806 2747 2977
1484 840 900 871 2805
1485 1097 2840 2771 3005
1486 1080 2822 1071 2907
1487 886 2726 2800 2938
1488 2781 2939 1075 3003
1489 888 2939 2781 3001
1490 889 2781 2940 3002
1491 1093 2940 2781 3004
1492 1188 2749 2971 2998
1493 681 679 2931 3007
1494 1179 2816 1177 2971
1495 853 2971 2749 2998
1496 1287 2833 1270 2950
1497 577 2821 576 2954
1498 1251 2879 2862 2962
1499 659 660 594 2950
1500 2749 2823 788 2834
1501 873 781 784 2832
1502 577 2762 2821 2954
1503 883 789 879 2823
1504 598 2747 654 2935
1505 885 2807 2726 2944
1506 632 2755 2945 2986
1507 2771 2832 784 3005
1508 1304 1245 2700 2926
1509 1194 2747 1198 2935
1510 2707 2876 2679 2883
1511 583 585 586 2802
1512 2692 2803 2746 2804
1513 1174 1268 2808 2954
1514 2692 2804 2722 2983
1515 697 699 618 2818
1516 1288 1216 1292 2817
1517 900 852 871 2805
1518 1017 2947 2794 2965
1519 1193 2806 1194 2977
1520 1170 1172 1173 2848
1521 788 2823 2749 2971
1522 914 835 2728 2897
1523 1270 2950 2733 2977
1524 591 2845 2745 2950
1525 1028 2948 2763 2996
1526 570 2786 571 2921
1527 1105 2850 2740 3018
1528 917 2958 2759 2992
1529 606 2824 2768 2858
1530 2768 2825 1248 2857
1531 1242 830 744 2780
1532 2679 2876 2707 2882
1533 1273 2723 1276 2984
1534 747 1148 1246 2765
1535 981 2814 983 2840
1536 2738 2676 2927 2932
1537 732 2743 1043 3019
1538 2676 2789 2737 2920
1539 1077 2835 1048 2855
1540 880 803 2836 2856
1541 2821 2822 2699 2917
1542 548 2784 625 2943
1543 2872 2910 2731 3011
1544 770 769 2773 2863
1545 974 973 2822 2851
1546 571 2896 715 2921
1547 758 2744 2854 2859
1548 1179 1180 1178 2813
1549 2734 899 2805 2958
1550 702 2948 2732 2961
1551 577 579 578 2821
1552 680 2720 2824 2991
1553 2721 1274 2825 2990
1554 1073 2787 1081 2919
1555 694 696 585 2802
1556 943 1092 2785 2937
1557 893 848 2785 2937
1558 675 2737 664 2952
1559 1055 2948 919 2961
1560 2750 2833 1186 2853
1561 591 594 2845 2950
1562 2676 2705 2784 2867
1563 2734 2863 2777 2878
1564 1069 2828 978 2849
1565 2789 2868 2712 2931
1566 1165 2773 1166 2864
1567 847 1039 728 2788
1568 942 1039 847 2788
1569 2692 2803 2723 2839
1570 973 968 2822 2958
1571 1014 2775 1009 2882
1572 814 2776 812 2883
1573 683 2766 2824 2858
1574 1279 2825 2767 2857
1575 1055 919 1059 2961
1576 2802 2813 2693 2970
1577 973 2822 2759 2958
1578 1264 2701 1310 3023
1579 2695 2814 2726 2820
1580 812 2883 2776 2974
1581 1014 2775 2882 2975
1582 2710 2782 2817 2818
1583 1105 2850 959 2933
1584 2794 2868 2702 2965
1585 2773 2863 769 2959
1586 1105 2740 2850 2933
1587 715 2896 571 2953
1588 795 796 798 2810
1589 995 993 994 2811
1590 1283 1205 1273 2803
1591 2679 2837 2775 2882
1592 2776 2838 2679 2883
1593 1049 2720 996 2991
1594 800 2721 802 2990
1595 687 601 685 2804
1596 868 2739 913 2897
1597 2686 2812 2737 2927
1598 790 2823 788 2971
1599 2690 2754 2810 2811
1600 1087 1090 2757 2924
1601 875 881 2757 2924
1602 515 498 2731 2872
1603 2680 2815 2757 2983
1604 2700 2926 2765 2936
1605 2733 1270 2833 2950
1606 1273 2956 2723 2984
1607 1242 744 1144 2780
1608 2680 2820 2755 2966
1609 1222 2784 1223 2943
1610 957 2850 2774 3021
1611 686 2727 692 2997
1612 1196 1194 1195 2806
1613 1065 2739 752 2976
1614 975 973 2759 2992
1615 1166 2864 2773 2959
1616 2759 2958 839 2992
1617 766 2742 863 2795
1618 1222 2705 2867 2943
1619 886 2938 841 2944
1620 2770 2836 887 3012
1621 1074 2835 2770 3012
1622 693 2829 2720 2981
1623 1275 2721 2830 2980
1624 2735 2866 568 2920
1625 1025 2736 1064 2860
1626 2751 2803 2723 2898
1627 2751 2723 2810 2898
1628 1223 2784 1222 2867
1629 1303 1247 1163 2735
1630 707 568 653 2735
1631 2784 2927 2676 2932
1632 2765 2854 2683 2859
1633 2755 2809 682 2945
1634 2700 2683 2926 2930
1635 2703 2741 2925 2951
1636 2681 2805 2759 2917
1637 693 2720 680 2991
1638 1274 2721 1275 2990
1639 646 647 2746 2903
1640 1201 2746 1202 2903
1641 2676 2784 2920 2927
1642 978 2828 1057 2849
1643 2685 2799 2715 2874
1644 1246 834 747 2765
1645 2794 2947 2712 2965
1646 2727 2996 692 2997
1647 1066 2744 954 2861
1648 972 2699 2878 2999
1649 1276 2723 2839 2984
1650 2715 2874 2799 2988
1651 896 907 908 3025
1652 657 661 2798 2987
1653 1257 2799 1258 2988
1654 885 886 841 2944
1655 2696 2864 2773 3000
1656 988 2755 986 2986
1657 840 2805 899 2958
1658 730 1041 850 2787
1659 2714 2818 2775 2978
1660 2776 2817 2715 2979
1661 981 983 984 2840
1662 480 2728 2891 2900
1663 1090 2820 2757 2944
1664 596 593 672 2845
1665 2723 2810 2690 2844
1666 602 655 654 2827
1667 840 2759 2805 2958
1668 568 2735 707 2866
1669 2739 2860 2736 2908
1670 1289 2780 1282 2867
1671 2693 2802 2748 2813
1672 1067 951 955 2872
1673 2687 2783 2701 2921
1674 695 2858 2716 2973
1675 1278 2717 2857 2972
1676 2698 2905 2834 2970
1677 1268 2729 2808 2954
1678 724 874 843 2754
1679 1035 938 1089 2754
1680 1304 2700 1245 2929
1681 870 2759 840 2992
1682 583 2748 588 2969
1683 957 958 2850 3021
1684 690 2809 2722 2945
1685 1201 1205 1203 2803
1686 1186 2833 1187 2853
1687 1074 1048 1077 2835
1688 880 803 887 2836
1689 557 2910 2872 3011
1690 601 646 648 2804
1691 690 682 2809 2945
1692 2724 2832 2698 2834
1693 605 2768 2824 3017
1694 1250 2825 2768 3017
1695 884 2754 874 2904
1696 1089 2754 1085 2904
1697 873 2800 2771 2938
1698 874 884 798 2841
1699 995 1085 1089 2842
1700 2687 2863 2773 3000
1701 1079 2996 2727 2997
1702 2685 2791 2714 2874
1703 2743 2812 1103 2911
1704 2712 2868 2794 2965
1705 873 886 2800 2938
1706 2678 2754 2841 2964
1707 1094 2837 2788 2882
1708 2788 2838 891 2883
1709 789 788 2823 2834
1710 859 875 881 2844
1711 2681 2759 2822 2917
1712 674 576 2729 3010
1713 2787 2831 897 2881
1714 836 949 748 2777
1715 548 650 625 2784
1716 957 958 2774 2850
1717 2699 2821 2764 2822
1718 1285 1195 1284 2806
1719 1251 2862 1311 2900
1720 2749 2816 2725 2823
1721 642 533 706 3020
1722 1191 1287 1119 2950
1723 2787 2919 1073 2949
1724 675 2737 2915 2920
1725 1302 1162 1259 2742
1726 2682 2843 2748 2957
1727 1222 2867 2705 2985
1728 2685 2791 2712 2798
1729 2711 2790 2685 2799
1730 1088 2820 1090 2944
1731 2699 2878 2786 3000
1732 714 2701 669 3023
1733 2717 860 2856 2972
1734 1003 2716 2855 2973
1735 971 974 973 2822
1736 850 1041 945 2787
1737 1076 2727 1079 2996
1738 2744 2683 2854 2859
1739 2721 2895 2825 2964
1740 883 2761 879 2909
1741 2728 2891 914 2897
1742 2825 2895 2691 2964
1743 903 2854 2765 2859
1744 988 2815 2755 2945
1745 863 766 904 2742
1746 982 2760 981 2906
1747 2722 2898 2811 2983
1748 1193 2733 2806 2977
1749 1289 2780 2867 2960
1750 878 913 2777 2897
1751 966 748 949 2777
1752 1288 2776 1292 2979
1753 699 2775 697 2978
1754 955 2731 2861 3021
1755 759 902 754 2744
1756 747 867 1262 2819
1757 2741 2703 2925 2930
1758 2790 2968 819 3006
1759 2737 2919 2676 2927
1760 2687 2786 2878 3000
1761 1086 2814 2726 2938
1762 2730 2819 1152 3022
1763 2679 2704 2838 2874
1764 1078 2939 2706 3003
1765 882 2706 2939 3001
1766 2790 2799 2711 2888
1767 2698 2761 2828 2834
1768 654 2747 2827 2977
1769 1270 1192 2950 2977
1770 2720 1049 2835 2991
1771 802 2721 2836 2990
1772 594 2733 2845 2950
1773 1184 2853 2724 2995
1774 968 967 2734 3014
1775 475 492 2862 2869
1776 476 2869 485 2891
1777 1088 2726 2820 2944
1778 2727 686 2847 2997
1779 877 899 2734 3014
1780 875 842 2757 2944
1781 937 1090 2757 2944
1782 1077 1007 1078 2855
1783 880 882 805 2856
1784 2789 2794 2737 2915
1785 2684 2718 2792 2797
1786 2684 2793 2719 2796
1787 1185 1186 1187 2853
1788 2801 2910 2730 3022
1789 1068 2769 533 3020
1790 2729 2808 2762 2821
1791 2710 2679 2817 2874
1792 883 838 720 2761
1793 651 2762 577 2901
1794 2760 2840 981 2961
1795 2729 576 2821 2954
1796 2811 2898 2690 2983
1797 690 633 2945 2955
1798 1103 2812 2743 2877
1799 1079 2727 2851 2997
1800 2733 2806 2747 2827
1801 903 758 2854 2859
1802 990 2815 988 2945
1803 681 2931 2712 3007
1804 603 542 646 2746
1805 1200 1201 1122 2746
1806 2719 2796 2793 2893
1807 2840 2905 2698 2970
1808 757 758 2744 2854
1809 2704 2679 2837 2874
1810 702 2732 2826 2961
1811 692 2727 2843 2996
1812 632 2755 682 2945
1813 948 2744 902 2933
1814 578 689 688 2821
1815 2678 2803 2751 2898
1816 2776 2817 1292 2889
1817 699 2818 2775 2890
1818 482 492 2862 2916
1819 2678 2751 2810 2898
1820 1174 2762 1266 2954
1821 1270 1193 1192 2977
1822 700 2775 699 2975
1823 1292 2776 1293 2974
1824 2739 2869 2728 2891
1825 2742 2686 2795 2873
1826 683 2824 607 2858
1827 1249 2825 1279 2857
1828 2714 2874 2791 2967
1829 1175 2725 2848 2989
1830 918 1057 1050 2761
1831 654 2827 660 2977
1832 2785 2968 2790 3006
1833 800 2980 2721 2990
1834 2720 2981 996 2991
1835 2725 856 2846 2989
1836 766 2742 2795 2873
1837 2766 2677 2835 2895
1838 1057 977 2761 2909
1839 2713 2686 2795 2927
1840 565 564 2912 3013
1841 2691 2895 2829 2964
1842 2766 2824 2677 2895
1843 2721 800 2841 2980
1844 996 2720 2842 2981
1845 968 2734 2822 2958
1846 1059 981 2840 2961
1847 2732 2905 2840 2970
1848 824 2780 822 2881
1849 1174 1268 1170 2808
1850 759 2744 758 2859
1851 2800 2899 2726 2966
1852 2693 2813 2905 2970
1853 2679 2710 2818 2874
1854 937 1033 1090 2944
1855 701 596 2760 2961
1856 1303 2735 1163 3008
1857 2768 2858 2708 2941
1858 2708 2857 2768 2941
1859 2697 2899 2800 2966
1860 875 722 842 2944
1861 789 787 788 2834
1862 799 2844 2723 2984
1863 596 2826 2760 2961
1864 2727 1076 2849 2996
1865 690 687 633 2955
1866 680 2766 683 2991
1867 1279 2767 1274 2990
1868 794 2956 793 2984
1869 1268 1281 2729 3010
1870 1289 2867 2711 2960
1871 1232 2971 1177 2989
1872 2706 2677 2855 2875
1873 2686 2866 2769 2951
1874 2717 2797 2792 2892
1875 2851 2902 2727 2957
1876 632 682 524 2945
1877 885 875 778 2807
1878 621 1126 546 2782
1879 1126 621 1213 2782
1880 596 2760 672 2906
1881 1112 2739 1026 2860
1882 2677 2708 2858 2875
1883 2695 2827 2733 2845
1884 1167 2864 1280 2879
1885 1298 2748 1183 2871
1886 2687 2773 2728 2879
1887 1272 2780 1282 2963
1888 2677 2706 2856 2875
1889 790 2971 719 2989
1890 822 2881 2780 2960
1891 2694 2902 2851 2957
1892 491 2908 474 2953
1893 1255 1184 1181 2998
1894 2725 1177 2816 2971
1895 1255 2995 1184 2998
1896 2685 2714 2791 2798
1897 2685 2790 2715 2799
1898 770 2773 769 2959
1899 2708 2677 2857 2875
1900 835 2897 770 2962
1901 782 734 786 2998
1902 1249 1248 2825 2857
1903 607 2824 606 2858
1904 1264 2701 2862 2879
1905 560 2801 2772 2918
1906 1010 2775 1009 2978
1907 814 2776 816 2979
1908 2730 2801 2772 2910
1909 1105 959 2850 3018
1910 2775 2837 2714 2978
1911 2715 2838 2776 2979
1912 2687 2728 2773 2897
1913 503 2819 508 3022
1914 2697 2806 2899 2966
1915 883 787 789 2834
1916 990 2722 2815 2945
1917 2676 2705 2867 2868
1918 751 2819 755 2854
1919 683 680 607 2824
1920 1279 1249 1274 2825
1921 1166 2773 1165 2959
1922 782 2995 734 2998
1923 2702 2711 2881 3006
1924 2771 2814 1082 2938
1925 2696 2808 2729 2917
1926 596 702 2826 2961
1927 2720 2824 2691 2829
1928 2735 2920 2784 2927
1929 993 1089 1091 2811
1930 876 874 796 2810
1931 1264 2862 2701 2916
1932 2676 2920 2737 2927
1933 1086 1082 2814 2938
1934 1222 2705 2943 2985
1935 1047 2766 1049 2991
1936 802 2767 804 2990
1937 1264 2916 2701 3023
1938 1214 2817 2782 2889
1939 2782 2818 617 2890
1940 2736 2896 571 2921
1941 1175 1232 1177 2989
1942 702 539 2948 2961
1943 2692 2839 2898 2983
1944 693 685 648 2829
1945 1275 1203 1283 2830
1946 2686 2713 2812 2927
1947 2774 958 2928 3018
1948 2684 2792 2717 2797
1949 2716 2793 2684 2796
1950 693 2981 2720 2991
1951 2721 2980 1275 2990
1952 2706 2716 2855 3003
1953 2717 2706 2856 3001
1954 770 2897 2773 2962
1955 1310 1171 1280 2879
1956 1095 2882 2940 3004
1957 890 2940 2883 3002
1958 2743 2873 2740 3019
1959 863 2795 2742 3025
1960 499 500 498 2910
1961 799 794 793 2984
1962 826 2780 824 2831
1963 1269 1183 1180 2813
1964 1173 1297 1174 2848
1965 2739 2687 2860 2897
1966 2726 2800 2771 2814
1967 2707 2718 2883 3002
1968 2719 2707 2882 3004
1969 1163 2865 2735 2932
1970 2697 2800 2726 2966
1971 1302 1162 2742 3009
1972 2713 2795 2686 2812
1973 1064 1025 915 2736
1974 2732 2840 2698 2970
1975 840 839 2759 2958
1976 1009 2775 1014 2975
1977 814 812 2776 2974
1978 684 2789 675 2915
1979 568 653 2735 2920
1980 1276 1196 1285 2839
1981 914 2891 868 2897
1982 856 790 719 2989
1983 1047 2835 2766 2855
1984 2767 2836 804 2856
1985 2726 2899 2814 2966
1986 790 2725 2823 2971
1987 878 2777 877 2863
1988 2688 2816 2725 2848
1989 840 718 839 2958
1990 1069 1098 978 2828
1991 567 706 664 2769
1992 895 2934 2881 3006
1993 1295 1174 1266 2954
1994 692 586 696 2843
1995 1022 1017 2965 3007
1996 2733 660 2827 2977
1997 500 516 508 2922
1998 2707 2940 2882 3004
1999 2883 2940 2707 3002
2000 2923 2925 2741 3009
2001 782 2724 2832 2995
2002 2735 2927 2784 2932
2003 1145 1302 2742 2929
2004 2694 2823 2902 2957
2005 2814 2899 2695 2966
2006 2705 2711 2868 2985
2007 764 763 2740 3019
2008 2732 2826 2760 2840
2009 2709 2718 2876 2994
2010 1162 1259 2742 2865
2011 1262 1148 747 2819
2012 694 702 539 2948
2013 2695 2899 2827 2966
2014 745 2742 904 2929
2015 669 2896 2701 2921
2016 689 579 686 2847
2017 978 1098 1057 2828
2018 508 2819 2730 3022
2019 1261 1311 2862 2900
2020 2676 2713 2831 2927
2021 2780 2932 2738 2963
2022 877 2734 2863 3014
2023 2706 2855 2770 2939
2024 2770 2856 2706 2939
2025 2689 2835 2720 2842
2026 965 2919 1046 2952
2027 2826 2905 2732 2970
2028 2836 2895 2721 2964
2029 2701 714 2921 3023
2030 873 2771 898 2938
2031 754 1066 910 2982
2032 2686 2873 2742 2925
2033 2675 2771 2800 2814
2034 897 823 895 2881
2035 1059 2840 2732 2961
2036 2777 2860 2687 2897
2037 890 891 813 2883
2038 1095 1013 1094 2882
2039 2725 2823 2694 2846
2040 930 1023 532 2952
2041 1053 2777 1112 2860
2042 2727 2902 2847 2957
2043 2741 2925 2923 2930
2044 1026 2860 2739 2908
2045 484 2728 2862 2869
2046 948 954 1066 2744
2047 868 2891 2739 2897
2048 756 755 2819 2854
2049 628 675 2789 2920
2050 2702 2881 2934 3006
2051 826 2780 2831 2963
2052 2729 2821 2699 2917
2053 2683 2850 2744 3021
2054 2862 2879 2728 2962
2055 2729 1281 2864 3010
2056 873 898 721 2938
2057 1280 1281 2783 2864
2058 759 757 758 2744
2059 2690 2898 2844 2983
2060 2689 2842 2895 2964
2061 2724 2834 2698 2905
2062 823 897 2831 2881
2063 709 2737 675 2920
2064 484 2862 2728 2900
2065 2729 2696 2917 3000
2066 1080 971 1071 2822
2067 656 547 623 2778
2068 1127 1227 1221 2778
2069 532 641 930 2952
2070 2714 2798 2685 2874
2071 1021 1081 1019 2794
2072 2737 2919 2812 2952
2073 1286 1185 1287 2853
2074 576 2954 2729 3010
2075 2693 2905 2826 2970
2076 2745 2833 2733 2899
2077 2696 2805 2734 2863
2078 2745 2733 2845 2899
2079 2737 2812 2713 2927
2080 891 892 815 2838
2081 1094 1011 1083 2837
2082 2774 2850 958 3018
2083 646 603 2746 2880
2084 1201 2746 1200 2880
2085 2687 2783 2864 2879
2086 2713 2812 2737 2919
2087 964 1103 2812 2911
2088 691 2921 714 3023
2089 2683 2758 2772 2852
2090 496 503 508 3022
2091 1092 1060 1096 2785
2092 2693 2813 2724 2905
2093 2750 2675 2853 2905
2094 2709 2719 2890 2993
2095 2718 2709 2889 2994
2096 903 2765 761 2859
2097 873 886 779 2800
2098 2728 2900 2862 2962
2099 2688 2902 2816 2957
2100 765 869 2743 2877
2101 2676 2784 2789 2920
2102 2677 2768 2824 2858
2103 2677 2825 2768 2857
2104 1013 2837 1094 2882
2105 813 891 2838 2883
2106 2675 2745 2845 2899
2107 569 1072 2786 2999
2108 765 2795 2743 2873
2109 897 896 825 2831
2110 968 2734 2958 3014
2111 2720 2824 2766 2895
2112 835 2728 2897 2962
2113 491 2869 474 2908
2114 628 675 684 2789
2115 2720 2766 2835 2895
2116 981 982 983 2814
2117 1079 974 1080 2851
2118 2687 2860 2777 2878
2119 1190 2783 518 3023
2120 870 900 840 2846
2121 1264 1229 2862 2916
2122 701 671 596 2961
2123 544 611 662 2779
2124 1124 1209 1230 2779
2125 611 545 612 2779
2126 1230 1231 1125 2779
2127 904 2742 766 2873
2128 1215 1214 2782 2946
2129 617 619 2782 2946
2130 559 558 557 2772
2131 2699 2729 2917 3000
2132 642 1068 533 3020
2133 2701 2916 669 3023
2134 868 752 913 2739
2135 2689 2895 2836 2964
2136 891 2788 890 2940
2137 1094 1095 2788 2940
2138 2718 2709 2876 2889
2139 1163 2735 1247 2932
2140 2675 2833 2745 2899
2141 2740 2933 1105 3019
2142 1048 2835 1047 2855
2143 803 804 2836 2856
2144 1261 1251 1311 2900
2145 1077 1048 1007 2855
2146 880 805 803 2856
2147 1050 2761 1057 2894
2148 2723 2803 2692 2898
2149 690 682 602 2809
2150 914 835 865 2900
2151 1036 1077 940 2770
2152 845 880 725 2770
2153 1245 2923 2700 2926
2154 2718 1293 2889 2974
2155 700 2719 2890 2975
2156 570 569 552 2786
2157 1162 2865 2742 3009
2158 1279 1237 1139 2767
2159 635 683 527 2766
2160 1094 2788 1083 2937
2161 892 2788 891 2937
2162 613 2942 2890 2993
2163 1219 2889 2942 2994
2164 1023 2915 532 2952
2165 2675 2745 2826 2845
2166 822 2711 2881 2960
2167 1287 2745 1191 2913
2168 2847 2902 2688 2957
2169 877 2863 2777 3014
2170 2750 2832 2675 2905
2171 2681 2846 2753 2902
2172 2681 2753 2848 2902
2173 2698 2828 2732 2970
2174 706 2769 567 2951
2175 878 913 836 2777
2176 1150 704 1300 2918
2177 760 2859 2740 2933
2178 1287 1187 1270 2833
2179 2686 2742 2865 3009
2180 1151 496 1113 3022
2181 583 2748 521 2871
2182 2775 2837 1009 2882
2183 814 2838 2776 2883
2184 2687 2773 2864 3000
2185 2726 2814 2695 2966
2186 784 873 2771 3005
2187 571 2896 2736 2953
2188 2690 2810 2723 2898
2189 622 547 661 2778
2190 1258 1127 1254 2778
2191 776 780 779 2800
2192 2724 2750 2853 2905
2193 1088 987 1090 2820
2194 1311 2862 1251 2879
2195 882 862 2856 3001
2196 1005 1078 2855 3003
2197 1229 482 2862 2916
2198 947 1105 2933 3019
2199 2740 2911 2743 3019
2200 563 565 564 2912
2201 894 729 849 2785
2202 1153 2730 1152 3022
2203 787 883 901 2834
2204 944 1040 1096 2785
2205 522 2745 591 2913
2206 2771 2800 2726 2938
2207 765 869 732 2743
2208 1207 2768 1248 2941
2209 610 606 2768 2941
2210 2675 2826 2760 2845
2211 1037 1075 941 2781
2212 726 846 888 2781
2213 889 846 727 2781
2214 1038 941 1093 2781
2215 2677 2835 2770 2855
2216 2677 2770 2836 2856
2217 2702 2711 2868 2881
2218 2777 2863 878 2897
2219 1084 2787 1081 2934
2220 1273 1235 2956 2984
2221 1218 1292 2817 2889
2222 699 616 2818 2890
2223 895 897 2787 2934
2224 2773 2864 1165 2879
2225 924 1002 1047 2766
2226 861 804 739 2767
2227 2724 2832 2750 2905
2228 2789 2915 2737 2920
2229 1064 2860 2786 2878
2230 474 2869 2736 2908
2231 474 2908 2736 2953
2232 812 2718 2883 2974
2233 1014 2882 2719 2975
2234 770 2863 2773 2897
2235 880 2770 887 3012
2236 1074 2770 1077 3012
2237 2729 2808 2696 2864
2238 883 2761 720 2894
2239 899 2958 2734 3014
2240 673 2786 570 2870
2241 972 1064 2786 2878
2242 480 2891 865 2900
2243 561 560 2772 2918
2244 2717 2856 2706 2875
2245 2726 2814 2771 2938
2246 625 626 624 2931
2247 2709 2890 2942 2993
2248 2709 2942 2889 2994
2249 515 2861 2731 2922
2250 617 2782 613 2942
2251 1214 1219 2782 2942
2252 2698 2832 2724 2905
2253 500 515 498 2922
2254 491 481 2908 2953
2255 2707 2718 2876 2883
2256 607 606 609 2858
2257 1249 1212 1248 2857
2258 2741 2865 1161 3009
2259 2700 2873 2740 2925
2260 2737 2866 2735 2920
2261 2765 2852 1301 2926
2262 2783 2864 1281 3010
2263 2709 2719 2876 2890
2264 927 2775 638 2978
2265 1240 2776 828 2979
2266 1282 2780 1289 2960
2267 1189 2753 1172 2886
2268 2765 2819 2730 2854
2269 2739 2860 2777 2897
2270 681 2712 2947 3007
2271 905 947 2933 3019
2272 691 2783 674 2870
2273 840 871 899 2805
2274 843 2754 874 2884
2275 938 1089 2754 2884
2276 563 565 2912 2951
2277 2691 2824 2720 2895
2278 2695 2820 2726 2966
2279 2675 2745 2833 2853
2280 2740 3018 2911 3019
2281 2711 2705 2867 2985
2282 485 2891 2908 2976
2283 606 2768 605 3017
2284 1248 1250 2768 3017
2285 1141 741 2776 2974
2286 1008 529 2775 2975
2287 2743 2911 2740 2925
2288 2753 2846 2725 2902
2289 602 654 598 2809
2290 674 2729 2870 3010
2291 2697 2806 2733 2899
2292 824 2831 2780 2881
2293 2753 2725 2848 2902
2294 902 2744 759 2933
2295 1273 1276 1235 2984
2296 707 2866 2735 3008
2297 2748 2802 2693 2871
2298 2722 2809 2692 2983
2299 686 692 630 2997
2300 646 2746 542 2903
2301 1122 2746 1201 2903
2302 1097 2771 1082 3005
2303 1268 2729 2954 3010
2304 634 2752 685 2981
2305 1283 2751 1236 2980
2306 2720 2829 2691 2895
2307 2707 2876 2719 2882
2308 2675 2833 2750 2853
2309 566 2866 2741 2951
2310 2693 2813 2748 2871
2311 2742 2925 2873 3009
2312 543 610 606 2768
2313 1248 1207 1123 2768
2314 692 2996 630 2997
2315 567 2769 664 2866
2316 986 988 987 2820
2317 577 2762 581 2901
2318 2817 2874 2715 2988
2319 2706 2855 2716 2875
2320 2757 2807 2726 2966
2321 1282 1226 1224 2867
2322 2720 2835 2689 2895
2323 2692 2839 2723 2898
2324 871 852 854 2805
2325 1047 2766 1002 2973
2326 804 739 2767 2972
2327 532 2915 675 2952
2328 2710 2817 2782 2946
2329 2782 2818 2710 2946
2330 1069 1055 1098 2828
2331 1190 645 1114 3023
2332 2686 2769 2812 2911
2333 943 1092 1040 2785
2334 893 848 729 2785
2335 2733 2827 2695 2899
2336 679 657 627 2798
2337 967 2777 1053 2878
2338 2733 2833 2697 2899
2339 2689 2842 2720 2895
2340 590 591 592 2826
2341 1288 1216 2817 2988
2342 697 2818 618 2987
2343 482 475 492 2916
2344 665 517 477 2896
2345 2726 2807 2697 2966
2346 1246 834 2765 2936
2347 824 822 2780 2960
2348 852 2753 750 2886
2349 2778 2943 2705 2985
2350 2725 2846 2694 2902
2351 1209 2994 2779 3016
2352 662 2779 2993 3015
2353 760 2740 763 2933
2354 780 792 2750 2885
2355 2757 2726 2820 2966
2356 1190 518 645 3023
2357 715 668 2896 2953
2358 756 751 755 2854
2359 2688 2848 2725 2902
2360 696 2763 538 2996
2361 1147 1229 482 2862
2362 2725 2816 2688 2902
2363 1101 932 644 3011
2364 2798 2874 2714 2987
2365 981 2760 920 2906
2366 557 2772 558 2910
2367 2723 2844 2690 2898
2368 1233 1186 2750 2885
2369 2740 2873 2743 2925
2370 2755 2809 2722 2983
2371 628 626 625 2789
2372 2686 2812 2743 2911
2373 681 2712 2931 2947
2374 560 555 2801 2918
2375 628 2789 625 2920
2376 896 2787 897 2949
2377 2711 2867 2705 2868
2378 1069 978 1076 2849
2379 880 2770 845 2939
2380 940 2770 1077 2939
2381 2784 2867 2705 2943
2382 2771 2840 2698 3005
2383 1086 1082 983 2814
2384 1212 1249 1279 2857
2385 683 607 609 2858
2386 2755 2722 2815 2983
2387 1024 2908 481 2953
2388 561 560 559 2772
2389 2682 2802 2748 2843
2390 592 596 702 2826
2391 2715 2874 2838 2968
2392 2713 2919 2787 2949
2393 972 2878 2786 2999
2394 508 2819 510 2922
2395 677 2798 2887 2987
2396 1290 2888 2799 2988
2397 956 2850 958 3021
2398 2713 2919 2737 2927
2399 1105 3018 2740 3019
2400 2746 2803 2692 2880
2401 2692 2804 2746 2880
2402 868 2739 2891 2976
2403 2735 2865 1163 3008
2404 2724 2853 2693 2905
2405 2713 2927 2795 3025
2406 1231 2779 1209 2994
2407 662 2779 612 2993
2408 2695 2845 2733 2899
2409 2795 2927 2738 3025
2410 1057 2761 918 2909
2411 640 2915 929 2947
2412 2766 2835 2677 2855
2413 2677 2836 2767 2856
2414 470 716 865 2891
2415 2694 2823 2725 2902
2416 2751 2678 2810 2841
2417 2678 2752 2811 2842
2418 774 857 2756 2914
2419 2735 2865 2738 2932
2420 715 571 668 2953
2421 896 825 2831 3025
2422 480 484 486 2728
2423 2754 2810 2678 2841
2424 2678 2811 2754 2842
2425 1181 1180 1179 2813
2426 853 2749 788 2998
2427 675 2915 2737 2952
2428 2682 2763 2802 2843
2429 1179 2749 1188 2998
2430 2687 2863 2777 2897
2431 2677 2824 2766 2858
2432 2767 2825 2677 2857
2433 2743 2795 765 2877
2434 2755 2680 2815 2820
2435 1227 2778 1258 2985
2436 2786 2870 673 2999
2437 2739 2908 2891 2976
2438 2678 2803 2746 2830
2439 2678 2746 2804 2829
2440 2757 2815 2680 2820
2441 2680 2757 2807 2844
2442 2680 2807 2756 2844
2443 806 2751 795 2980
2444 994 2752 923 2981
2445 1072 915 552 2786
2446 1264 1171 1310 2879
2447 674 2870 2783 3010
2448 1145 745 832 2929
2449 1046 965 1106 2919
2450 558 2772 560 2801
2451 469 668 473 2896
2452 497 2872 556 2910
2453 532 675 641 2952
2454 1112 1065 1026 2739
2455 2678 2751 2803 2830
2456 2678 2804 2752 2829
2457 2734 2805 2696 2917
2458 2676 2831 2738 2927
2459 1079 934 2996 2997
2460 1234 2756 1285 2914
2461 2787 2831 2713 2949
2462 907 2795 767 3025
2463 833 2929 2700 2936
2464 2852 2926 2683 2930
2465 826 2963 2831 3025
2466 932 2774 644 3011
2467 2709 2890 2782 2942
2468 2782 2889 2709 2942
2469 691 2783 2921 3023
2470 1145 1302 1259 2742
2471 2699 2917 2878 3000
2472 480 2728 486 2891
2473 1223 2867 1226 2932
2474 2713 1073 2919 2949
2475 1157 1301 2852 2926
2476 2700 2925 2923 3009
2477 1017 2794 1019 2965
2478 1130 2741 550 3008
2479 1169 1172 1170 2808
2480 2682 2748 2813 2816
2481 695 683 609 2858
2482 1279 1278 1212 2857
2483 2682 2813 2749 2816
2484 2681 2762 2821 2847
2485 2686 2911 2743 2925
2486 478 471 1027 2908
2487 551 1131 2758 3013
2488 761 2765 834 2936
2489 2710 2874 2817 2988
2490 2681 2753 2808 2848
2491 1028 2763 1069 2996
2492 491 474 481 2953
2493 2699 2821 2729 2870
2494 2747 2680 2806 2839
2495 2788 2882 2707 2940
2496 2707 2883 2788 2940
2497 1076 1079 934 2996
2498 1245 2700 2923 3009
2499 2681 2821 2764 2847
2500 857 775 778 2807
2501 967 2878 2734 3014
2502 2700 2925 2740 2930
2503 2696 2863 2917 3000
2504 2704 2837 2788 2937
2505 2788 2838 2704 2937
2506 479 2862 484 2900
2507 2838 2874 2704 2968
2508 567 2769 2866 2951
2509 2736 2687 2786 2860
2510 2681 2805 2753 2846
2511 2779 2942 2709 2994
2512 2709 2942 2779 2993
2513 2686 2795 2743 2812
2514 596 701 2760 2906
2515 1021 1073 1081 2919
2516 2680 2809 2747 2827
2517 2731 2872 498 2910
2518 2681 2808 2762 2848
2519 2756 2806 2680 2839
2520 1156 2758 2923 2926
2521 1053 2777 2860 2878
2522 2681 2759 2805 2846
2523 681 679 627 2931
2524 2736 2786 2687 2921
2525 761 903 834 2765
2526 2680 2755 2809 2827
2527 967 2777 2878 3014
2528 957 2774 3011 3021
2529 824 2780 826 2963
2530 863 904 745 2742
2531 1279 2767 1139 2972
2532 527 2766 683 2973
2533 2754 2811 2690 2884
2534 2690 2810 2754 2884
2535 2737 2915 2794 2919
2536 625 2920 2784 3024
2537 1112 1026 1111 2860
2538 835 2900 2728 2962
2539 874 2754 724 2904
2540 1035 2754 1089 2904
2541 2749 2682 2823 2834
2542 788 787 786 2834
2543 932 2774 958 2928
2544 933 2764 1080 2907
2545 978 1057 977 2849
2546 555 1150 2801 2918
2547 905 947 733 2933
2548 2759 2681 2822 2851
2549 2682 2761 2828 2849
2550 832 1244 1145 2929
2551 2761 2823 2682 2834
2552 568 709 653 2920
2553 1171 1167 1280 2879
2554 2691 2824 2768 3017
2555 2768 2825 2691 3017
2556 499 2910 2801 3022
2557 2795 2873 2686 2925
2558 2698 2828 2761 2894
2559 477 517 469 2896
2560 796 795 794 2810
2561 992 994 993 2811
2562 2682 2828 2763 2849
2563 2703 2740 2930 3018
2564 1007 1005 1078 2855
2565 882 862 805 2856
2566 480 470 865 2891
2567 2764 2822 2681 2851
2568 1165 2864 1167 2879
2569 744 1144 2780 2963
2570 963 2812 2769 2911
2571 1013 1009 2837 2882
2572 814 813 2838 2883
2573 632 682 2755 2986
2574 570 2786 673 2999
2575 1289 1282 1224 2867
2576 1052 1057 1098 2828
2577 1022 2965 2791 3007
2578 1043 2743 1103 3019
2579 668 469 517 2896
2580 629 689 2764 2907
2581 2701 2896 669 2916
2582 501 494 667 2910
2583 2742 2795 2738 3025
2584 2763 2732 2828 2970
2585 1223 2784 1128 2943
2586 1044 2911 3018 3019
2587 2702 2881 2787 2934
2588 1007 1048 1047 2855
2589 803 805 804 2856
2590 2761 2834 2698 2894
2591 616 617 2818 2890
2592 1218 2817 1214 2889
2593 957 956 958 3021
2594 473 474 2896 2953
2595 824 823 2831 2881
2596 2740 2925 2911 3018
2597 2695 2820 2755 2986
2598 691 2783 2870 2921
2599 1223 2784 2867 2932
2600 2741 2930 2923 3013
2601 1083 2837 1011 2967
2602 815 2838 892 2968
2603 588 583 586 2843
2604 1228 1128 1223 2784
2605 2697 2800 2750 2885
2606 1174 1266 2762 2901
2607 838 2761 883 2909
2608 2743 2795 2686 2925
2609 484 486 2728 2869
2610 2736 2869 474 2896
2611 2763 2802 2732 2970
2612 868 752 2739 2976
2613 754 759 2744 2982
2614 584 2871 589 2913
2615 1081 2787 1073 2949
2616 2687 2870 2783 2921
2617 2779 2941 2708 3015
2618 2708 2941 2779 3016
2619 2747 2809 2692 2935
2620 597 654 2747 2935
2621 590 584 589 2913
2622 479 1261 472 2862
2623 605 606 607 2824
2624 1248 1250 1249 2825
2625 1044 2743 1103 2911
2626 1024 950 481 2908
2627 2699 2786 2870 3000
2628 900 856 852 2846
2629 648 646 647 2829
2630 1201 1203 1202 2830
2631 924 2766 1047 2991
2632 804 2767 861 2990
2633 908 907 767 3025
2634 2760 2814 2695 2906
2635 905 2933 763 3019
2636 2675 2750 2800 2832
2637 1253 2747 1194 2935
2638 2734 2822 2699 2878
2639 1260 2916 1264 3023
2640 2687 2864 2783 3000
2641 1061 2887 2791 2967
2642 818 2790 2888 2968
2643 955 2872 2731 3011
2644 1024 1025 2908 2953
2645 972 970 1064 2878
2646 1299 1131 703 3013
2647 2700 2923 2925 2930
2648 2758 2912 564 3013
2649 2699 2822 2734 2917
2650 988 921 2755 2986
2651 965 2812 1106 2919
2652 2773 2879 1165 2962
2653 917 2759 973 2992
2654 1156 2852 2758 2926
2655 2755 2827 2695 2986
2656 1218 1293 1292 2889
2657 699 700 616 2890
2658 1194 1196 1198 2839
2659 1248 1212 1208 2857
2660 606 649 609 2858
2661 651 577 581 2901
2662 2698 2832 2771 3005
2663 668 473 2896 2953
2664 665 2896 477 2916
2665 2770 2835 2689 3012
2666 2689 2836 2770 3012
2667 2717 2856 2767 2972
2668 2766 2855 2716 2973
2669 878 2863 771 2897
2670 2758 2852 2683 2930
2671 479 1261 2862 2900
2672 2687 2783 2870 3000
2673 2736 2896 474 2953
2674 1009 1010 1011 2837
2675 816 814 815 2838
2676 1025 2736 2860 2908
2677 1160 2741 1161 3009
2678 2740 2925 2703 2930
2679 584 585 583 2802
2680 577 651 579 2847
2681 2753 2805 2696 2886
2682 2696 2808 2753 2886
2683 875 2757 842 2924
2684 937 2757 1090 2924
2685 1280 1167 1281 2864
2686 2680 2807 2757 2966
2687 840 2759 839 2992
2688 771 878 877 2863
2689 1044 3018 1105 3019
2690 550 2741 566 3008
2691 2690 2815 2757 2924
2692 2696 2863 2734 2917
2693 1245 2929 2700 3009
2694 2675 2800 2771 2832
2695 961 2928 958 3018
2696 599 646 601 2804
2697 1256 1205 1201 2803
2698 975 973 974 2851
2699 570 2870 2786 2921
2700 1147 482 472 2862
2701 1186 1267 1187 2833
2702 565 566 2741 2951
2703 640 1023 929 2915
2704 864 910 514 2982
2705 771 2863 770 2897
2706 1222 2943 1227 2985
2707 1251 1165 2879 2962
2708 1205 1199 1273 2803
2709 833 2873 2700 2929
2710 687 600 601 2804
2711 1264 2862 1311 2879
2712 2680 2757 2820 2966
2713 970 2860 1064 2878
2714 2680 2809 2755 2983
2715 983 982 985 2814
2716 1193 1195 1194 2806
2717 2748 2816 2688 2969
2718 823 897 825 2831
2719 2737 2812 2769 2952
2720 775 735 2885 2914
2721 735 776 775 2885
2722 1209 1211 2994 3016
2723 662 2993 615 3015
2724 971 973 968 2822
2725 776 779 777 2800
2726 955 3011 2731 3021
2727 1026 2739 1065 2976
2728 2702 2934 2785 3006
2729 2680 2755 2815 2983
2730 764 2873 2743 3019
2731 2862 2869 2728 2879
2732 868 2891 866 2976
2733 1025 2860 1026 2908
2734 1242 830 2780 2960
2735 2758 2926 2852 2930
2736 1009 2775 927 2978
2737 828 2776 814 2979
2738 2701 2869 2862 2879
2739 2740 2683 2850 2859
2740 625 2784 650 3024
2741 1103 1062 2812 2877
2742 765 766 2795 2873
2743 577 578 576 2821
2744 766 863 767 2795
2745 2756 2807 2697 2914
2746 1157 1301 1154 2852
2747 555 704 1150 2918
2748 758 903 761 2859
2749 1208 2857 1210 3016
2750 649 663 2858 3015
2751 612 2942 613 2993
2752 1219 2942 1231 2994
2753 2697 2806 2756 2914
2754 2716 2858 2766 2973
2755 2767 2857 2717 2972
2756 1208 1212 1210 2857
2757 609 649 663 2858
2758 1009 1008 2775 2975
2759 814 2776 741 2974
2760 646 542 647 2903
2761 1122 1201 1202 2903
2762 2766 2824 2720 2991
2763 2721 2825 2767 2990
2764 640 532 1023 2915
2765 478 2908 1027 2976
2766 847 942 2788 2940
2767 471 481 950 2908
2768 1039 728 2788 2937
2769 756 867 747 2819
2770 2760 2675 2814 2840
2771 2688 2843 2748 2969
2772 707 3008 2735 3024
2773 846 726 159 1037
2774 159 846 1037 941
2775 118 610 543 1207
2776 1200 115 603 542
2777 162 728 847 1039
2778 160 727 941 1038
2779 1236 193 737 1137
2780 1123 118 543 1207
2781 115 1200 1122 542
2782 164 729 848 943
2783 942 162 847 1039
2784 154 938 724 843
2785 740 1238 198 807
2786 198 1140 1238 740
2787 193 737 806 1236
2788 157 845 1036 940
2789 154 938 1035 724
2790 845 725 157 1036
2791 527 924 79 635
2792 729 164 1040 943
2793 160 727 846 941
2794 79 1002 924 527
2795 1139 1237 196 739
2796 126 623 547 1127
2797 126 623 1127 1221
2798 637 1029 82 528
2799 1254 125 622 1127
2800 739 1237 196 861
2801 1124 611 120 544
2802 76 525 634 923
2803 545 611 121 1230
2804 547 622 125 1127
2805 638 1008 84 529
2806 525 76 1000 923
2807 84 927 1008 638
2808 1240 1141 201 741
2809 611 1124 120 1230
2810 621 1126 123 546
2811 926 1029 82 637
2812 1126 621 123 1213
2813 1230 121 545 1125
2814 828 1240 201 741
2815 825 824 823 2831
2816 907 765 767 2795
2817 165 729 1040 944
2818 729 165 849 944
2819 204 1143 1241 829
2820 1143 204 743 829
2821 1136 774 190 736
2822 597 112 1120 540
2823 151 1033 937 722
2824 842 151 937 722
2825 112 1120 1253 597
2826 720 918 145 1050
2827 1260 1264 1310 3023
2828 1148 1262 1152 2819
2829 972 2786 1072 2999
2830 184 858 853 1117
2831 2744 2850 1102 3021
2832 1117 853 184 1188
2833 2751 2830 2678 2964
2834 2726 2807 2757 2944
2835 706 533 664 2769
2836 750 851 181 1189
2837 1189 851 181 1116
2838 2720 2835 2766 2991
2839 2767 2836 2721 2990
2840 587 694 585 2802
2841 982 981 920 2906
2842 2758 2923 2930 3013
2843 850 2787 945 2949
2844 1057 918 977 2909
2845 1041 2787 730 2934
2846 1048 1049 1047 2835
2847 804 802 803 2836
2848 699 616 618 2818
2849 1216 1218 1292 2817
2850 2729 2864 2696 3000
2851 947 1105 1045 2933
2852 566 2866 707 3008
2853 1053 949 1112 2777
2854 1102 2850 2744 2933
2855 1265 550 670 3008
2856 681 2931 2789 2947
2857 679 2887 2798 3007
2858 798 800 795 2841
2859 996 995 994 2842
2860 494 497 535 2910
2861 772 871 854 2805
2862 780 782 781 2832
2863 799 857 859 2844
2864 1164 717 178 1133
2865 2781 2939 2706 3001
2866 2706 2939 2781 3003
2867 2707 2940 2781 3002
2868 2781 2940 2707 3004
2869 1010 1011 2837 2967
2870 816 2838 815 2968
2871 1179 1178 1177 2816
2872 2763 2828 2732 2948
2873 2722 2809 2755 2945
2874 1190 518 2783 3010
2875 2732 2802 2763 2948
2876 551 703 1131 3013
2877 774 1136 190 1234
2878 918 720 145 838
2879 2751 2678 2841 2964
2880 485 2869 476 2908
2881 662 612 615 2993
2882 1211 1231 1209 2994
2883 593 591 594 2845
2884 572 669 714 2921
2885 1172 1175 1173 2848
2886 2755 2815 2722 2945
2887 573 673 570 2870
2888 1284 1195 1197 2806
2889 813 891 815 2838
2890 1013 1011 1094 2837
2891 1247 2735 1303 3024
2892 653 707 2735 3024
2893 1237 2767 1279 2990
2894 683 2766 635 2991
2895 2763 2682 2849 2957
2896 674 2783 691 3010
2897 486 2728 2869 2891
2898 2742 2873 904 2929
2899 491 476 2869 2908
2900 967 1053 2777 3014
2901 2771 2814 2675 2840
2902 899 871 772 2805
2903 779 886 777 2800
2904 707 549 3008 3024
2905 876 796 797 2810
2906 1091 991 993 2811
2907 1216 1215 1214 2817
2908 619 618 617 2818
2909 950 1027 471 2908
2910 644 553 1101 3011
2911 1013 1009 1011 2837
2912 815 814 813 2838
2913 1265 1130 550 3008
2914 2752 2804 2722 2955
2915 2723 2803 2751 2956
2916 1291 2797 1277 2892
2917 698 676 2796 2893
2918 501 667 2801 2910
2919 655 678 595 2827
2920 1292 1141 1240 2776
2921 638 529 699 2775
2922 989 991 1087 2815
2923 2750 2833 2697 2885
2924 907 765 2795 2877
2925 1098 1055 1070 2828
2926 2722 2811 2752 2955
2927 2763 2843 2682 2957
2928 2751 2810 2723 2956
2929 2714 2874 2818 2987
2930 896 908 825 3025
2931 2744 2850 2683 2859
2932 679 677 2798 2887
2933 1294 2799 1290 2888
2934 2682 2763 2828 2970
2935 669 572 715 2896
2936 2758 2852 1156 2918
2937 2703 2774 2928 3018
2938 786 787 783 2834
2939 2724 2834 2749 2998
2940 2693 2826 2745 2913
2941 717 1164 178 855
2942 497 556 535 2910
2943 830 206 1242 744
2944 2749 2813 2724 2998
2945 1184 1186 1185 2853
2946 664 2769 533 2952
2947 2757 2820 2726 2944
2948 2736 2908 1025 2953
2949 617 2782 546 2946
2950 1126 2782 1214 2946
2951 573 2870 570 2921
2952 921 632 73 999
2953 2692 2839 2747 2935
2954 2682 2802 2763 2970
2955 1257 1227 1258 2985
2956 2743 2873 2795 2925
2957 632 524 73 999
2958 797 796 794 2810
2959 993 991 992 2811
2960 550 2741 1130 3013
2961 1272 2738 2932 2963
2962 1278 1210 1212 2857
2963 609 663 695 2858
2964 905 733 763 2933
2965 2734 2878 2699 2917
2966 1008 927 1009 2775
2967 741 814 828 2776
2968 2734 2805 2759 2958
2969 1001 996 2981 2991
2970 800 738 2980 2990
2971 783 787 901 2834
2972 469 473 474 2896
2973 877 2777 878 3014
2974 742 818 2888 2979
2975 1061 1058 2887 2978
2976 1004 925 2893 2973
2977 809 827 2892 2974
2978 1045 733 947 2933
2979 748 2777 966 3014
2980 2687 2786 2860 2878
2981 1214 2782 1213 2942
2982 621 2782 617 2942
2983 1044 1103 2743 3019
2984 2784 2932 1223 3024
2985 643 2912 708 2928
2986 1269 1180 1182 2813
2987 1131 551 2758 2918
2988 2759 2846 2694 2992
2989 2694 2851 2759 2992
2990 533 2769 1068 2952
2991 1246 1148 1301 2765
2992 770 771 769 2863
2993 599 601 600 2804
2994 1256 1199 1205 2803
2995 1209 2941 1208 3016
2996 662 649 2941 3015
2997 824 2780 830 2960
2998 515 505 498 2872
2999 747 834 903 2765
3000 1144 1242 206 744
3001 1003 1005 1007 2855
3002 805 862 860 2856
3003 1246 2765 2926 2936
3004 2683 2912 2758 2930
3005 1178 1271 1176 2816
3006 1133 1165 2773 2959
3007 790 789 788 2823
3008 1068 642 931 3020
3009 2837 2874 2714 2967
3010 990 989 988 2815
3011 967 966 1053 3014
3012 2687 2864 2773 2879
3013 1223 1224 1226 2867
3014 1104 965 1046 2952
3015 773 914 868 2897
3016 1026 2908 2739 2976
3017 472 1261 1147 2862
3018 826 863 2963 3025
3019 2683 2852 2765 2926
3020 770 717 2773 2959
3021 558 560 555 2801
3022 1225 2867 1222 2985
3023 2699 2870 2729 3000
3024 1268 1168 1170 2808
3025 561 564 2758 2912
3026 554 714 669 3023
3027 2733 2833 2745 2950
3028 1145 1244 1302 2929
3029 598 600 602 2809
3030 2759 2822 2734 2958
3031 2718 2889 2776 2974
3032 2775 2890 2719 2975
3033 839 718 142 1031
3034 1031 142 839 917
3035 2699 2822 2764 2907
3036 1165 1166 1167 2864
3037 1001 1049 996 2991
3038 800 802 738 2990
3039 924 1047 1049 2991
3040 802 804 861 2990
3041 885 778 777 2807
3042 2764 2821 2699 2907
3043 1161 2865 1162 3009
3044 832 745 904 2929
3045 1022 2791 2887 3007
3046 2757 2844 2690 2924
3047 828 814 816 2979
3048 742 816 818 2979
3049 1010 1009 927 2978
3050 1061 1010 1058 2978
3051 2737 2920 2735 2927
3052 775 777 778 2807
3053 643 563 708 2912
3054 2783 2879 2701 3023
3055 1004 1003 925 2973
3056 1003 1047 1002 2973
3057 808 807 860 2972
3058 809 812 827 2974
3059 814 741 812 2974
3060 804 860 739 2972
3061 1009 1014 1008 2975
3062 1014 1030 926 2975
3063 1215 2817 1216 2988
3064 618 2818 619 2987
3065 2687 2870 2786 3000
3066 898 2771 873 3005
3067 850 167 1041 730
3068 1233 187 785 1134
3069 785 792 187 1233
3070 966 2777 1053 3014
3071 824 830 822 2960
3072 822 743 820 2960
3073 623 624 656 2943
3074 1222 1221 1227 2943
3075 617 546 619 2946
3076 1215 1126 1214 2946
3077 622 661 619 2946
3078 1258 1254 1215 2946
3079 2818 2874 2710 2987
3080 2712 2798 2791 3007
3081 1097 1070 984 2840
3082 584 587 585 2802
3083 2747 2806 2733 2977
3084 2762 2808 2729 2954
3085 2694 2823 2761 2909
3086 580 578 688 2821
3087 1304 2929 1146 2936
3088 654 655 660 2827
3089 1280 2783 1281 3010
3090 948 1102 954 2744
3091 592 587 590 2826
3092 1208 1207 1248 2941
3093 610 649 606 2941
3094 1209 1124 1208 2941
3095 612 545 613 2942
3096 544 662 649 2941
3097 1214 1213 1219 2942
3098 621 617 613 2942
3099 1219 1125 1231 2942
3100 629 537 64 979
3101 638 2775 699 2978
3102 1240 1292 2776 2979
3103 1053 2860 970 2878
3104 1052 1098 1070 2828
3105 691 2870 573 2921
3106 2776 2883 2718 2974
3107 2719 2882 2775 2975
3108 968 2958 916 3014
3109 1022 2791 1061 2887
3110 820 818 2790 2888
3111 522 1191 109 658
3112 484 2862 492 2869
3113 757 2854 2744 2982
3114 1180 1181 1182 2813
3115 2729 2821 2762 2954
3116 2781 3001 2792 3002
3117 2793 3003 2781 3004
3118 2704 2874 2837 2967
3119 554 669 2916 3023
3120 1141 2776 1292 2974
3121 529 699 2775 2975
3122 2735 2738 2927 2932
3123 541 2880 598 2935
3124 1104 1068 2769 2952
3125 538 631 67 1028
3126 986 987 985 2820
3127 1198 2880 1121 2935
3128 1159 1156 2758 2923
3129 945 167 1041 850
3130 1028 631 67 1054
3131 599 598 541 2880
3132 646 599 603 2880
3133 1201 1200 1256 2880
3134 491 485 476 2908
3135 2746 2829 2691 2903
3136 2691 2830 2746 2903
3137 1187 1197 1270 2833
3138 1256 1121 1198 2880
3139 716 914 865 2891
3140 826 824 825 2831
3141 983 985 1086 2814
3142 1072 972 1064 2786
3143 763 2933 2740 3019
3144 773 868 913 2897
3145 1248 2768 1123 3017
3146 543 2768 606 3017
3147 1156 2923 1158 2926
3148 721 148 935 898
3149 1102 2744 948 2933
3150 616 613 617 2890
3151 1218 1214 1219 2889
3152 935 1032 148 721
3153 1243 1259 1272 2963
3154 809 808 2792 2892
3155 1004 1030 2793 2893
3156 1119 109 1191 658
3157 765 2743 764 2873
3158 643 2912 2928 2951
3159 2721 2830 2751 2964
3160 2730 2854 2819 2922
3161 1168 1169 1170 2808
3162 575 2954 576 3010
3163 1197 1195 1193 2806
3164 671 701 70 980
3165 1059 981 984 2840
3166 889 888 2781 3002
3167 888 3001 2781 3002
3168 1075 1093 2781 3004
3169 1075 2781 3003 3004
3170 1169 1189 1172 2886
3171 2762 2847 2688 2901
3172 1176 1297 1173 2848
3173 854 768 769 2886
3174 698 2796 615 2993
3175 1211 2797 1291 2994
3176 681 2789 684 2947
3177 1126 546 2782 2946
3178 1025 1111 1026 2860
3179 1156 1131 2758 2918
3180 561 2758 551 2918
3181 2745 2845 2733 2950
3182 498 2872 497 2910
3183 895 894 2934 3006
3184 1169 1166 1252 2886
3185 957 958 932 2774
3186 980 701 70 920
3187 2744 2859 759 2933
3188 1217 1288 1290 2988
3189 620 677 697 2987
3190 1294 1257 2799 2985
3191 2754 2841 2689 2904
3192 2689 2842 2754 2904
3193 64 629 979 933
3194 572 571 715 2921
3195 557 556 2872 2910
3196 476 486 2869 2891
3197 1096 1020 1084 2965
3198 767 765 766 2795
3199 618 616 617 2818
3200 1218 1216 1214 2817
3201 581 519 103 1295
3202 893 2785 894 3006
3203 2735 2686 2865 2866
3204 882 2939 888 3001
3205 1075 2939 1078 3003
3206 889 2940 890 3002
3207 1093 1095 2940 3004
3208 2714 2887 2798 2987
3209 2799 2888 2715 2988
3210 884 874 724 2904
3211 1035 1089 1085 2904
3212 2687 2773 2863 2897
3213 789 791 879 2823
3214 835 773 770 2897
3215 567 2866 566 2951
3216 2774 2731 3011 3021
3217 1053 1112 1111 2860
3218 769 2886 768 2959
3219 2711 2867 2780 2960
3220 826 863 831 2963
3221 621 1213 2782 2942
3222 476 485 486 2891
3223 2743 2911 1044 3019
3224 2733 2827 2747 2977
3225 1252 2886 1166 2959
3226 2745 2853 2693 2913
3227 1282 1242 1144 2780
3228 2721 2751 2841 2964
3229 2761 2849 2694 2909
3230 2735 3008 1303 3024
3231 2695 2845 2760 2906
3232 935 1082 2771 3005
3233 2696 2863 2773 2959
3234 626 2789 681 2931
3235 893 817 892 2968
3236 1083 1012 1092 2967
3237 573 691 674 2870
3238 1225 1224 1222 2867
3239 600 690 602 2809
3240 2727 2763 2849 2957
3241 640 684 2915 2947
3242 640 684 532 2915
3243 475 477 2896 2916
3244 2780 2881 2711 2960
3245 784 781 783 2832
3246 588 2901 520 2969
3247 2773 2864 2696 2959
3248 569 2786 570 2999
3249 572 715 2896 2921
3250 520 588 651 2901
3251 2760 2826 2732 2961
3252 2688 2848 2762 2901
3253 968 916 967 3014
3254 878 836 748 2777
3255 677 657 2798 2987
3256 1257 1290 2799 2988
3257 550 566 670 3008
3258 1296 106 521 1298
3259 1295 103 581 1266
3260 830 824 744 2780
3261 548 1128 128 650
3262 669 572 2896 2921
3263 521 582 106 1296
3264 1247 1223 2932 3024
3265 1068 963 2769 3020
3266 1052 1050 1057 2894
3267 592 702 587 2826
3268 479 472 484 2862
3269 2738 2831 2780 2963
3270 1286 1182 1185 2853
3271 676 615 2796 3015
3272 1211 1277 2797 3016
3273 2725 2816 2749 2971
3274 563 2912 643 2951
3275 644 2774 705 3011
3276 1036 1077 2770 3012
3277 725 2770 880 3012
3278 2732 2840 2760 2961
3279 1047 1003 1007 2855
3280 804 805 860 2856
3281 1264 1311 1171 2879
3282 674 575 576 3010
3283 732 764 765 2743
3284 2727 2843 2763 2957
3285 2713 2795 2812 2877
3286 1068 963 1104 2769
3287 566 2741 2866 3008
3288 945 2787 1081 2949
3289 914 773 835 2897
3290 2769 2951 706 3020
3291 1094 2788 942 2940
3292 847 2788 891 2940
3293 891 2788 728 2937
3294 1094 1039 2788 2937
3295 667 494 535 2910
3296 1118 2871 1269 2913
3297 680 608 607 2824
3298 1274 1249 1204 2825
3299 672 593 595 2845
3300 2743 2812 2795 2877
3301 764 2743 732 3019
3302 580 576 578 2821
3303 730 2787 897 2934
3304 897 2787 850 2949
3305 1053 966 949 2777
3306 2749 2823 2725 2971
3307 985 987 1088 2820
3308 1074 997 1048 2835
3309 887 803 801 2836
3310 1147 1264 1229 2862
3311 677 620 657 2987
3312 1257 1217 1290 2988
3313 665 29 477 517
3314 932 958 961 2928
3315 2873 2925 2700 3009
3316 1289 1224 1225 2867
3317 2724 2853 2750 2995
3318 838 883 879 2909
3319 780 776 792 2885
3320 1286 1118 1269 2913
3321 936 841 2938 2944
3322 2831 2963 2738 3025
3323 681 626 684 2789
3324 708 2912 562 2928
3325 723 2884 876 2924
3326 1034 1091 2884 2924
3327 607 608 605 2824
3328 1204 1249 1250 2825
3329 730 850 897 2787
3330 2720 2829 2752 2981
3331 2751 2830 2721 2980
3332 884 801 798 2841
3333 1085 995 997 2842
3334 986 2906 998 2986
3335 986 982 998 2906
3336 1041 1081 2787 2934
3337 1026 1027 2908 2976
3338 501 45 667 494
3339 514 502 507 2982
3340 1282 1242 2780 2960
3341 583 521 584 2871
3342 957 2774 932 3011
3343 797 859 881 2844
3344 2791 2965 2712 3007
3345 836 138 949 1065
3346 531 88 1016 2947
3347 881 723 876 2924
3348 1034 1087 1091 2924
3349 1023 929 89 640
3350 1041 1081 945 2787
3351 608 693 648 2829
3352 1204 1203 1275 2830
3353 854 852 750 2886
3354 1267 1197 1187 2833
3355 971 969 1071 2822
3356 2753 2848 2725 2989
3357 2752 2842 2720 2981
3358 2721 2841 2751 2980
3359 596 672 701 2906
3360 644 2774 932 2928
3361 2741 2865 2686 2866
3362 2725 2846 2753 2989
3363 2774 2912 2703 2928
3364 964 1103 1062 2812
3365 1199 1196 1276 2839
3366 605 2903 604 3017
3367 1250 1206 2903 3017
3368 604 605 647 2903
3369 1206 1202 1250 2903
3370 2756 2839 2723 2984
3371 1018 2794 1017 2947
3372 1142 2888 1290 2979
3373 530 677 2887 2978
3374 1046 2919 2915 2952
3375 636 676 2893 2973
3376 1239 1291 2892 2974
3377 1275 2980 1138 2990
3378 693 526 2981 2991
3379 990 991 989 2815
3380 1062 2877 1042 2949
3381 963 964 2812 2911
3382 625 653 2920 3024
3383 1056 975 2909 2992
3384 760 761 762 2859
3385 1224 1223 1222 2867
3386 968 969 971 2822
3387 648 647 608 2829
3388 1202 1203 1204 2830
3389 2723 2844 2756 2984
3390 532 1023 89 640
3391 1171 1165 1167 2879
3392 676 663 615 3015
3393 1211 1210 1277 3016
3394 977 1056 975 2909
3395 1020 1019 1084 2965
3396 1198 1196 1199 2839
3397 891 847 728 2788
3398 942 1094 1039 2788
3399 1148 1246 212 747
3400 811 890 2883 3002
3401 1015 2882 1095 3004
3402 2703 2925 2740 3018
3403 824 744 2780 2963
3404 475 474 2869 2896
3405 2744 2731 2861 2922
3406 1130 1161 2741 3008
3407 680 683 635 2991
3408 693 680 526 2991
3409 1274 1275 1138 2990
3410 1237 1279 1274 2990
3411 1060 1061 2791 2967
3412 819 2790 818 2968
3413 1284 2885 1135 2914
3414 590 522 591 2913
3415 638 699 697 2978
3416 1142 1290 1288 2979
3417 530 697 677 2978
3418 1240 1288 1292 2979
3419 700 637 698 2975
3420 1278 1279 1139 2972
3421 1238 1277 1278 2972
3422 527 683 695 2973
3423 636 695 676 2973
3424 1239 1293 1291 2974
3425 1141 1292 1293 2974
3426 529 700 699 2975
3427 595 660 655 2827
3428 1022 1060 2791 2965
3429 2715 2888 2790 2968
3430 2791 2887 2714 2967
3431 1143 1289 1294 2960
3432 2764 2851 2727 2997
3433 1083 1092 943 2937
3434 892 891 728 2937
3435 1094 1083 1039 2937
3436 893 892 848 2937
3437 469 477 29 517
3438 2727 2847 2764 2997
3439 882 880 845 2939
3440 889 727 890 2940
3441 1075 1037 1078 2939
3442 1078 940 1077 2939
3443 1093 1095 1038 2940
3444 882 726 888 2939
3445 1094 942 1095 2940
3446 847 891 890 2940
3447 895 894 849 2934
3448 895 730 897 2934
3449 2703 2911 2925 3018
3450 570 571 572 2921
3451 652 686 579 2847
3452 821 895 2881 3006
3453 1096 1084 944 2934
3454 2777 2863 2734 3014
3455 564 551 561 2758
3456 1131 1159 1156 2758
3457 1161 2865 2741 3008
3458 708 562 644 2928
3459 870 791 900 2846
3460 2798 2887 2791 3007
3461 139 748 836 949
3462 959 2850 1102 2933
3463 1160 1161 1162 3009
3464 883 720 901 2894
3465 2763 2843 2727 2996
3466 929 1016 88 2947
3467 747 1246 212 834
3468 2750 2832 2724 2995
3469 817 815 892 2968
3470 1083 1011 1012 2967
3471 553 644 705 3011
3472 2739 2891 2728 2897
3473 1099 2907 972 2999
3474 588 586 652 2843
3475 692 652 586 2843
3476 2727 2849 2763 2996
3477 549 1129 3008 3024
3478 1185 1182 1184 2853
3479 748 139 966 949
3480 543 606 605 3017
3481 1248 1123 1250 3017
3482 651 652 579 2847
3483 809 2792 810 3002
3484 810 2792 808 3001
3485 1006 1004 2793 3003
3486 1006 2793 1030 3004
3487 508 504 510 2819
3488 547 656 661 2778
3489 1227 1127 1258 2778
3490 662 611 612 2779
3491 1231 1230 1209 2779
3492 656 624 627 2931
3493 469 28 668 517
3494 997 1049 1048 2835
3495 801 803 802 2836
3496 820 2790 819 3006
3497 665 669 2896 2916
3498 1051 2894 1097 3005
3499 562 2912 2774 2928
3500 1052 1097 1051 2894
3501 531 640 88 2947
3502 757 2744 759 2982
3503 2773 2897 2728 2962
3504 1233 1267 1186 2885
3505 1135 1284 1267 2885
3506 551 2758 564 3013
3507 1159 2758 1131 3013
3508 1222 1223 1128 2943
3509 624 548 625 2943
3510 2831 2927 2713 3025
3511 2729 2864 2783 3010
3512 2789 2915 684 2947
3513 2786 2878 2699 2999
3514 100 645 1114 1190
3515 473 28 668 469
3516 823 824 822 2881
3517 1282 1289 1242 2960
3518 837 2958 899 3014
3519 896 897 850 2949
3520 1173 1175 1176 2848
3521 878 773 913 2897
3522 798 801 800 2841
3523 997 995 996 2842
3524 1041 1084 1081 2934
3525 799 859 797 2844
3526 657 620 661 2987
3527 1217 1257 1258 2988
3528 1073 1062 1042 2949
3529 1178 1176 1177 2816
3530 967 1053 970 2878
3531 976 974 1079 2851
3532 1265 549 1129 3008
3533 1075 3003 1006 3004
3534 1075 1006 1093 3004
3535 2779 2994 2797 3016
3536 2796 2993 2779 3015
3537 1302 2742 2929 3009
3538 748 878 2777 3014
3539 518 691 2783 3010
3540 954 2744 1102 3021
3541 1161 1160 1130 2741
3542 565 566 550 2741
3543 2915 2919 2737 2952
3544 597 598 654 2935
3545 2744 2861 2731 3021
3546 856 900 791 2846
3547 633 922 2945 2955
3548 972 1099 1071 2907
3549 1014 1009 1013 2882
3550 814 812 813 2883
3551 1228 128 1128 650
3552 676 615 698 2796
3553 1277 1291 1211 2797
3554 659 2950 1192 2977
3555 621 546 617 2782
3556 1126 1213 1214 2782
3557 645 100 518 1190
3558 767 2795 863 3025
3559 773 771 770 2897
3560 975 974 976 2851
3561 2772 2801 558 2910
3562 1024 1025 950 2908
3563 471 41 478 1027
3564 44 535 494 497
3565 1017 1019 1020 2965
3566 2687 2786 2870 2921
3567 774 775 857 2914
3568 502 953 57 495
3569 1282 2780 1144 2963
3570 561 563 564 2912
3571 1253 1194 1198 2935
3572 1163 1247 1305 2932
3573 875 842 881 2924
3574 1087 937 1090 2924
3575 582 583 588 2969
3576 594 595 593 2845
3577 1280 1190 2783 3010
3578 565 567 566 2951
3579 1154 1153 1155 2852
3580 677 657 679 2798
3581 1290 1294 1257 2799
3582 2734 2878 2777 3014
3583 550 131 1265 670
3584 978 976 1076 2849
3585 539 919 2948 2961
3586 518 674 691 3010
3587 977 976 978 2849
3588 819 893 894 3006
3589 2797 2994 1211 3016
3590 615 2993 2796 3015
3591 1010 1012 1011 2967
3592 817 816 815 2968
3593 2703 2928 2912 2951
3594 782 783 781 2832
3595 641 930 90 532
3596 877 837 899 3014
3597 963 964 965 2812
3598 771 772 769 2863
3599 748 877 878 3014
3600 1160 2923 2741 3009
3601 2792 2797 2718 2892
3602 789 790 791 2823
3603 773 878 771 2897
3604 2769 2911 2703 3020
3605 1016 2947 1017 3007
3606 984 1070 1059 2840
3607 1130 131 1265 550
3608 1304 1245 1146 2929
3609 1159 1158 1156 2923
3610 44 535 497 556
3611 988 986 921 2986
3612 684 675 532 2915
3613 512 1309 1263 2801
3614 514 507 864 2982
3615 1156 1157 2852 2926
3616 698 615 614 2993
3617 1220 1211 1291 2994
3618 562 2774 644 2928
3619 1085 1074 939 2904
3620 887 884 844 2904
3621 868 866 752 2976
3622 930 1023 90 532
3623 929 88 640 2947
3624 691 572 714 2921
3625 975 917 973 2992
3626 138 836 752 1065
3627 2772 2852 2758 2918
3628 496 1151 49 503
3629 939 2904 1074 3012
3630 887 2904 844 3012
3631 1012 1060 1092 2967
3632 893 819 817 2968
3633 469 475 477 2896
3634 2712 2794 2789 2947
3635 491 476 474 2869
3636 1022 2887 928 3007
3637 1157 1154 1156 2852
3638 501 2801 499 2910
3639 471 481 40 950
3640 713 501 667 2801
3641 1060 1020 1096 2965
3642 1268 2954 1115 3010
3643 2783 2870 2729 3010
3644 832 1145 209 745
3645 820 829 818 2888
3646 1022 1061 928 2887
3647 643 642 706 3020
3648 1155 1156 2852 2918
3649 494 498 497 2910
3650 1294 1225 1257 2985
3651 1100 644 932 2928
3652 959 958 2850 3018
3653 2738 2927 2831 3025
3654 772 771 877 2863
3655 925 636 81 2893
3656 1239 199 827 2892
3657 1058 530 86 2887
3658 203 1142 742 2888
3659 1280 1281 1190 3010
3660 825 826 2831 3025
3661 1024 40 481 950
3662 846 889 888 2781
3663 941 1075 1093 2781
3664 1072 1064 915 2786
3665 809 740 808 2892
3666 1004 1029 1030 2893
3667 208 1145 1243 745
3668 961 2928 3018 3020
3669 1133 1166 1165 2959
3670 935 1097 1082 3005
3671 770 769 717 2959
3672 1113 1153 1152 3022
3673 512 501 713 2801
3674 1130 2741 1160 3013
3675 565 2741 550 3013
3676 2873 2929 2742 3009
3677 1018 2794 2915 2919
3678 2783 2864 2729 3000
3679 1018 1021 2794 2919
3680 568 707 566 2866
3681 478 485 2908 2976
3682 1040 1092 1096 2785
3683 894 893 729 2785
3684 945 1081 1073 2949
3685 2728 2879 2773 2962
3686 1263 506 512 2801
3687 754 757 759 2982
3688 41 471 950 1027
3689 1053 1111 970 2860
3690 643 706 2951 3020
3691 2740 2859 2850 2933
3692 751 864 493 2982
3693 749 2909 870 2992
3694 1244 1145 209 832
3695 1129 1303 3008 3024
3696 963 2911 2769 3020
3697 1174 1297 1266 2901
3698 1228 2784 1223 3024
3699 1162 1163 1259 2865
3700 1066 954 953 2861
3701 930 641 91 2952
3702 760 759 758 2859
3703 749 879 870 2909
3704 1288 1217 1216 2988
3705 620 697 618 2987
3706 954 2861 2744 3021
3707 1060 1012 1061 2967
3708 819 818 817 2968
3709 2850 2859 2744 2933
3710 492 472 482 2862
3711 1268 1115 1281 3010
3712 484 476 486 2869
3713 2769 2703 2951 3020
3714 641 533 91 2952
3715 713 555 1309 2801
3716 1167 1168 1281 2864
3717 653 2735 2920 3024
3718 45 535 667 494
3719 1299 1131 133 703
3720 806 795 800 2980
3721 996 994 923 2981
3722 534 644 1100 2928
3723 799 736 857 2984
3724 1016 531 2947 3007
3725 2783 2729 2870 3000
3726 678 523 2906 2986
3727 203 1241 1142 2888
3728 639 86 530 2887
3729 928 1058 86 2887
3730 203 742 829 2888
3731 831 208 1243 745
3732 528 81 636 2893
3733 1029 925 81 2893
3734 199 1239 1140 2892
3735 199 740 827 2892
3736 130 1129 1265 549
3737 1246 1157 1304 2926
3738 707 549 670 3008
3739 558 2801 667 2910
3740 725 880 887 3012
3741 1036 1074 1077 3012
3742 1167 1166 1168 2864
3743 670 549 1265 3008
3744 1101 957 932 3011
3745 1147 1229 32 482
3746 560 704 555 2918
3747 1150 1300 1155 2918
3748 959 960 958 3018
3749 843 874 876 2884
3750 938 1091 1089 2884
3751 956 1102 2850 3021
3752 1022 1020 1060 2965
3753 953 495 502 2861
3754 1018 1019 1017 2794
3755 2789 2931 2712 2947
3756 1044 1103 964 2911
3757 153 723 1034 2884
3758 853 788 786 2998
3759 484 492 476 2869
3760 1116 1175 1172 2989
3761 760 759 2859 2933
3762 811 809 810 3002
3763 1006 1005 1004 3003
3764 862 810 808 3001
3765 1015 1006 1030 3004
3766 512 713 1309 2801
3767 1247 2932 2735 3024
3768 1246 2926 1304 2936
3769 1100 94 932 644
3770 782 780 785 2995
3771 1061 1022 1060 2791
3772 820 818 819 2790
3773 523 672 678 2906
3774 1181 1179 1188 2998
3775 1151 1306 503 2819
3776 2791 2798 2714 2887
3777 2715 2799 2790 2888
3778 931 534 1100 3020
3779 784 2894 872 3005
3780 629 688 689 2907
3781 2793 2796 2716 2893
3782 901 872 784 2894
3783 1026 1027 950 2908
3784 936 841 149 2938
3785 482 32 1147 472
3786 552 60 574 915
3787 746 833 906 2936
3788 928 86 639 2887
3789 1241 203 829 2888
3790 1251 1165 1171 2879
3791 511 503 1306 2819
3792 808 810 809 2792
3793 1004 1030 1006 2793
3794 705 644 562 2774
3795 528 1029 81 2893
3796 199 1140 740 2892
3797 851 852 856 2989
3798 472 479 33 1261
3799 1105 960 959 3018
3800 633 922 74 2945
3801 643 534 642 3020
3802 691 573 572 2921
3803 1068 930 91 2952
3804 107 589 521 2871
3805 821 820 819 3006
3806 107 1118 589 2871
3807 495 951 56 505
3808 1134 1186 1184 2995
3809 948 902 1045 2933
3810 1017 1022 1016 3007
3811 811 890 813 2883
3812 1015 1013 1095 2882
3813 534 2928 1100 3020
3814 153 1034 938 2884
3815 723 153 843 2884
3816 1106 965 1062 2812
3817 931 642 534 3020
3818 134 1300 704 2918
3819 793 2956 1235 2984
3820 91 533 1068 2952
3821 509 2861 515 2922
3822 1132 1297 1271 2901
3823 1132 2901 1271 2969
3824 994 992 1000 2955
3825 795 737 794 2956
3826 1287 1191 1286 2913
3827 501 499 494 2910
3828 733 1045 902 2933
3829 1010 1061 1012 2967
3830 818 816 817 2968
3831 1179 1177 1117 2971
3832 1215 1216 1217 2988
3833 620 618 619 2987
3834 613 2890 614 2993
3835 1220 2889 1219 2994
3836 2741 2923 1160 3013
3837 94 1100 534 644
3838 869 169 1042 731
3839 681 2947 531 3007
3840 572 573 570 2921
3841 1232 719 2971 2989
3842 551 133 1131 703
3843 1260 1229 1264 2916
3844 731 2877 907 2949
3845 870 840 839 2992
3846 675 664 641 2952
3847 790 788 858 2971
3848 150 841 936 2944
3849 69 919 539 2961
3850 959 956 1102 2850
3851 1045 1105 959 2933
3852 1022 1017 1020 2965
3853 1298 107 521 2871
3854 684 626 628 2789
3855 869 731 1042 2877
3856 33 1147 472 1261
3857 754 910 864 2982
3858 938 843 153 2884
3859 573 580 673 2870
3860 591 658 594 2950
3861 1018 2915 2794 2947
3862 141 837 916 2958
3863 107 1298 1118 2871
3864 2700 2929 2873 3009
3865 824 826 744 2963
3866 643 2928 534 3020
3867 821 895 823 2881
3868 679 639 677 2887
3869 1294 1290 1241 2888
3870 639 2887 679 3007
3871 1269 1298 1183 2871
3872 568 567 664 2866
3873 909 755 511 2819
3874 2701 2921 2783 3023
3875 659 1192 111 2977
3876 1067 56 951 505
3877 936 149 1032 2938
3878 1234 1285 1284 2914
3879 1150 135 1300 704
3880 1291 1277 1140 2892
3881 698 528 676 2893
3882 519 577 576 2954
3883 661 620 619 2987
3884 1215 1217 1258 2988
3885 665 669 517 2896
3886 961 3018 962 3020
3887 2699 2870 2786 2999
3888 990 988 999 2945
3889 1153 1263 2801 3022
3890 110 1192 659 2950
3891 1311 1251 1171 2879
3892 509 2922 510 2982
3893 951 57 953 495
3894 973 1031 968 2958
3895 1042 946 169 869
3896 832 1146 210 1244
3897 981 1059 980 2961
3898 1018 2915 1046 2919
3899 660 540 654 2977
3900 573 674 580 2870
3901 869 1042 946 2877
3902 1299 1159 1131 3013
3903 551 564 703 3013
3904 632 678 682 2986
3905 1150 1309 555 2801
3906 1115 102 575 2954
3907 833 904 2873 2929
3908 552 569 61 1072
3909 1044 960 1105 3018
3910 557 535 556 2910
3911 643 2951 2928 3020
3912 784 898 873 3005
3913 149 841 721 2938
3914 68 539 919 2948
3915 493 864 507 2982
3916 753 177 1149 2962
3917 483 2891 485 2976
3918 922 633 75 2955
3919 793 192 1235 2956
3920 1194 1120 1193 2977
3921 1159 2923 2758 3013
3922 692 696 538 2996
3923 999 74 922 2945
3924 150 936 1033 2944
3925 524 633 74 2945
3926 559 560 558 2772
3927 670 130 1265 549
3928 746 2929 833 2936
3929 1255 734 2995 2998
3930 1068 931 963 3020
3931 213 1262 747 867
3932 504 511 755 2819
3933 1275 1283 1236 2980
3934 634 685 693 2981
3935 1018 1046 1021 2919
3936 1101 932 95 644
3937 1113 1151 49 496
3938 955 2861 954 3021
3939 1135 735 189 2914
3940 475 469 474 2896
3941 1232 719 183 2971
3942 537 689 686 2997
3943 757 751 2854 2982
3944 1285 1136 1276 2984
3945 671 69 539 2961
3946 903 758 756 2854
3947 909 1306 1262 2819
3948 722 841 150 2944
3949 2758 2923 2926 2930
3950 933 1080 1071 2907
3951 188 735 1135 2885
3952 753 2900 835 2962
3953 188 792 735 2885
3954 557 2872 666 3011
3955 1244 832 1146 2929
3956 69 980 919 2961
3957 659 111 540 2977
3958 141 916 1031 2958
3959 493 751 52 864
3960 1149 1251 2900 2962
3961 792 188 1233 2885
3962 1045 173 733 902
3963 141 718 837 2958
3964 765 764 766 2873
3965 1018 1021 1019 2794
3966 116 542 1122 2903
3967 134 1131 1300 2918
3968 704 551 134 2918
3969 616 614 613 2890
3970 1220 1218 1219 2889
3971 909 511 1306 2819
3972 1044 962 960 3018
3973 1035 155 724 2904
3974 735 774 189 2914
3975 812 811 813 2883
3976 1014 1013 1015 2882
3977 1044 2911 962 3018
3978 2861 2922 509 2982
3979 1028 1069 1076 2996
3980 1192 1120 111 2977
3981 1146 832 210 746
3982 102 519 575 2954
3983 668 517 715 2896
3984 1262 867 909 2819
3985 1311 1147 1261 2862
3986 1228 1223 1247 3024
3987 625 650 653 3024
3988 1054 1055 1069 2948
3989 1063 574 60 915
3990 764 762 833 2873
3991 659 658 110 2950
3992 630 2996 934 2997
3993 188 1135 1233 2885
3994 2911 962 3018 3020
3995 114 541 1121 2880
3996 114 1200 603 2880
3997 1115 1295 102 2954
3998 149 721 1032 2938
3999 499 2801 506 3022
4000 1272 1282 1144 2963
4001 979 1079 1080 2997
4002 821 823 822 2881
4003 918 838 144 2909
4004 1164 1165 1251 2962
4005 63 536 629 2907
4006 110 1119 1192 2950
4007 2735 2866 2865 3008
4008 180 1252 768 2886
4009 750 1189 180 2886
4010 71 920 701 2906
4011 681 531 679 3007
4012 946 1043 170 869
4013 631 696 694 2948
4014 760 763 733 2933
4015 108 589 1118 2913
4016 928 639 87 3007
4017 1273 1137 1283 2956
4018 687 685 525 2955
4019 1164 1149 177 2962
4020 116 1206 604 2903
4021 865 470 37 716
4022 1044 1043 1103 3019
4023 688 2907 536 2999
4024 116 604 542 2903
4025 1206 116 1122 2903
4026 479 484 480 2900
4027 958 956 959 2850
4028 918 144 1056 2909
4029 63 1099 536 2907
4030 1135 189 1234 2914
4031 155 939 844 2904
4032 603 541 114 2880
4033 114 1121 1200 2880
4034 642 1068 92 533
4035 68 919 1054 2948
4036 213 1262 1148 747
4037 155 1035 939 2904
4038 155 844 724 2904
4039 631 539 68 2948
4040 566 707 670 3008
4041 614 616 700 2890
4042 1218 1220 1293 2889
4043 1271 1183 1296 2969
4044 180 768 750 2886
4045 774 1234 189 2914
4046 753 855 177 2962
4047 998 920 71 2906
4048 1252 180 1189 2886
4049 1025 1064 1111 2860
4050 835 770 855 2962
4051 722 150 1033 2944
4052 999 524 74 2945
4053 951 495 953 2861
4054 522 589 108 2913
4055 633 525 75 2955
4056 922 75 1000 2955
4057 1137 1235 192 2956
4058 793 737 192 2956
4059 104 520 581 2901
4060 970 1111 1064 2860
4061 866 716 483 2891
4062 703 132 1299 3013
4063 751 756 757 2854
4064 499 501 506 2801
4065 1263 1150 1153 2801
4066 471 491 481 2908
4067 63 629 933 2907
4068 506 2801 1263 3022
4069 832 746 1146 2929
4070 474 476 475 2869
4071 734 1255 185 2998
4072 738 1138 194 2980
4073 1001 77 526 2981
4074 1232 182 719 2989
4075 749 1056 144 2909
4076 191 793 1235 2984
4077 1129 1247 1303 3024
4078 653 549 707 3024
4079 734 186 1255 2995
4080 104 581 1266 2901
4081 563 643 565 2951
4082 1082 1086 1032 2938
4083 1155 1156 1154 2852
4084 1033 1088 1090 2944
4085 998 71 523 2906
4086 146 720 1050 2894
4087 858 183 719 2971
4088 1232 183 1117 2971
4089 955 952 2872 3011
4090 71 701 523 2906
4091 925 636 2893 2973
4092 827 1239 2892 2974
4093 141 1031 718 2958
4094 896 731 907 2949
4095 69 671 980 2961
4096 885 722 875 2944
4097 2794 2915 2789 2947
4098 682 690 524 2945
4099 1142 742 2888 2979
4100 1058 530 2887 2978
4101 2865 2866 2741 3008
4102 961 958 960 3018
4103 749 144 838 2909
4104 589 2871 1118 2913
4105 1120 540 111 2977
4106 2784 2920 2735 3024
4107 644 95 1101 553
4108 63 933 1099 2907
4109 471 478 485 2908
4110 866 2891 483 2976
4111 102 1295 519 2954
4112 758 761 760 2859
4113 522 108 1191 2913
4114 104 1132 520 2901
4115 470 37 480 865
4116 569 570 673 2999
4117 1270 1119 1287 2950
4118 507 510 493 2982
4119 754 174 948 902
4120 630 934 65 2997
4121 66 934 630 2996
4122 732 170 1043 869
4123 173 1045 948 902
4124 2792 3001 810 3002
4125 1006 3003 2793 3004
4126 508 503 504 2819
4127 108 1118 1191 2913
4128 483 716 470 2891
4129 872 146 1051 2894
4130 146 1050 1051 2894
4131 554 711 1307 2916
4132 482 477 475 2916
4133 688 536 673 2999
4134 1034 2884 723 2924
4135 135 1150 555 704
4136 709 675 628 2920
4137 865 835 753 2900
4138 146 872 720 2894
4139 92 931 1068 642
4140 1135 2885 735 2914
4141 731 1042 2877 2949
4142 837 916 2958 3014
4143 134 551 1131 2918
4144 906 761 834 2936
4145 110 658 1119 2950
4146 868 716 866 2891
4147 664 533 641 2952
4148 1164 177 855 2962
4149 1149 1251 1261 2900
4150 2703 3018 2928 3020
4151 48 506 1263 3022
4152 1156 1155 1131 2918
4153 560 561 551 2918
4154 1054 631 68 2948
4155 62 569 536 2999
4156 556 497 513 2872
4157 955 951 954 2861
4158 507 493 52 864
4159 911 487 480 2900
4160 483 866 36 716
4161 497 498 505 2872
4162 525 1000 75 2955
4163 1137 192 737 2956
4164 1266 1132 104 2901
4165 1016 929 1017 2947
4166 929 2915 1018 2947
4167 62 536 1099 2999
4168 507 509 510 2982
4169 1163 2865 1161 3008
4170 574 668 571 2953
4171 152 1034 723 2924
4172 957 3011 955 3021
4173 928 87 1016 3007
4174 718 840 899 2958
4175 531 87 639 3007
4176 113 1121 541 2935
4177 575 1115 2954 3010
4178 858 1117 183 2971
4179 768 1252 179 2959
4180 1025 1026 950 2908
4181 535 558 667 2910
4182 470 483 36 716
4183 928 2887 639 3007
4184 937 152 842 2924
4185 554 2916 1260 3023
4186 484 472 492 2862
4187 500 509 515 2922
4188 1236 194 1138 2980
4189 806 738 194 2980
4190 634 526 77 2981
4191 1001 923 77 2981
4192 2735 2932 2784 3024
4193 191 736 793 2984
4194 851 719 182 2989
4195 1232 1116 182 2989
4196 734 185 853 2998
4197 191 1235 1136 2984
4198 912 1108 1065 2976
4199 1101 553 96 3011
4200 1295 1268 1174 2954
4201 1188 185 1255 2998
4202 1163 1162 1161 2865
4203 470 480 486 2891
4204 513 1067 1110 2872
4205 1303 1163 1161 3008
4206 1149 2900 753 2962
4207 186 1134 1255 2995
4208 513 710 556 2872
4209 734 785 186 2995
4210 952 1101 96 3011
4211 756 755 867 2819
4212 1156 1158 1157 2926
4213 48 496 506 3022
4214 1024 1063 1025 2953
4215 66 630 538 2996
4216 955 952 1067 2872
4217 65 537 630 2997
4218 703 550 132 3013
4219 132 1130 1299 3013
4220 1151 1152 1262 2819
4221 2744 2922 2861 2982
4222 1027 1026 1065 2976
4223 948 1066 174 754
4224 556 666 557 2872
4225 873 721 886 2938
4226 2854 2922 2744 2982
4227 152 937 1034 2924
4228 152 723 842 2924
4229 2928 2951 2703 3020
4230 746 1146 2929 2936
4231 72 998 523 2986
4232 667 558 555 2801
4233 929 1018 1017 2947
4234 1056 749 143 2992
4235 561 562 563 2912
4236 1130 1265 1161 3008
4237 96 553 666 3011
4238 1045 959 1102 2933
4239 554 1307 1260 2916
4240 488 482 1229 2916
4241 1307 488 1229 2916
4242 96 666 952 3011
4243 480 865 911 2900
4244 474 473 481 2953
4245 979 65 934 2997
4246 640 681 684 2947
4247 1067 513 505 2872
4248 1062 965 964 2812
4249 500 508 510 2922
4250 1100 2928 961 3020
4251 806 194 1236 2980
4252 634 77 923 2981
4253 934 66 1028 2996
4254 191 1136 736 2984
4255 851 182 1116 2989
4256 531 1016 87 3007
4257 708 563 562 2912
4258 1310 1280 1114 3023
4259 506 501 512 2801
4260 1188 853 185 2998
4261 113 541 597 2935
4262 967 970 969 2878
4263 113 1253 1121 2935
4264 62 1072 569 2999
4265 785 1134 186 2995
4266 1133 179 1252 2959
4267 1245 2923 1160 3009
4268 541 1121 2880 2935
4269 753 1149 911 2900
4270 2703 2911 3018 3020
4271 702 596 671 2961
4272 1253 113 597 2935
4273 717 768 179 2959
4274 1302 2929 1245 3009
4275 645 691 714 3023
4276 105 520 1132 2969
4277 487 1308 479 2900
4278 912 1065 752 2976
4279 1138 2980 738 2990
4280 526 1001 2981 2991
4281 475 476 492 2869
4282 1062 1103 946 2877
4283 48 1263 1113 3022
4284 1133 717 179 2959
4285 765 907 869 2877
4286 65 979 537 2997
4287 1056 143 917 2992
4288 1309 1150 1263 2801
4289 1252 768 2886 2959
4290 72 921 998 2986
4291 1308 1261 479 2900
4292 1247 1223 1226 2932
4293 538 1028 66 2996
4294 757 756 758 2854
4295 834 1246 211 2936
4296 105 582 520 2969
4297 1147 1311 1264 2862
4298 99 554 1260 3023
4299 866 490 912 2976
4300 666 710 1110 2872
4301 767 863 908 3025
4302 628 625 653 2920
4303 62 1099 1072 2999
4304 1307 554 98 711
4305 566 567 568 2866
4306 744 207 1144 2963
4307 1158 1160 1245 2923
4308 48 1113 496 3022
4309 665 477 488 2916
4310 839 917 143 2992
4311 669 665 554 2916
4312 716 868 914 2891
4313 487 480 38 911
4314 681 640 531 2947
4315 844 939 156 3012
4316 1308 911 1149 2900
4317 523 632 72 2986
4318 839 143 749 2992
4319 99 1260 1114 3023
4320 1045 1102 948 2933
4321 632 921 72 2986
4322 132 550 1130 3013
4323 645 99 1114 3023
4324 998 2906 523 2986
4325 749 1056 2909 2992
4326 536 2907 1099 2999
4327 1004 925 1029 2893
4328 827 740 809 2892
4329 829 742 818 2888
4330 1061 1058 928 2887
4331 589 584 521 2871
4332 99 645 554 3023
4333 969 970 972 2878
4334 61 552 1072 915
4335 604 1206 117 3017
4336 535 557 558 2910
4337 499 506 516 3022
4338 498 494 499 2910
4339 105 1296 582 2969
4340 944 166 849 2934
4341 728 1039 163 2937
4342 943 848 163 2937
4343 1100 932 961 2928
4344 845 940 158 2939
4345 161 942 847 2940
4346 1037 726 158 2939
4347 1038 161 727 2940
4348 1018 929 1023 2915
4349 119 610 1207 2941
4350 119 1124 544 2941
4351 122 545 1125 2942
4352 122 1213 621 2942
4353 1132 520 2901 2969
4354 904 766 833 2873
4355 2700 2926 2923 2930
4356 844 2904 939 3012
4357 744 831 207 2963
4358 1109 1024 489 2953
4359 952 666 1110 2872
4360 907 731 869 2877
4361 1221 127 623 2943
4362 665 488 711 2916
4363 127 1128 548 2943
4364 147 872 1051 3005
4365 555 713 667 2801
4366 1254 622 124 2946
4367 546 1126 124 2946
4368 1146 211 1246 2936
4369 481 489 1024 2953
4370 961 960 962 3018
4371 922 990 999 2945
4372 105 1132 1296 2969
4373 730 166 1041 2934
4374 555 1309 136 713
4375 1206 604 2903 3017
4376 1108 137 912 1065
4377 666 2872 952 3011
4378 1243 1144 207 2963
4379 1243 207 831 2963
4380 733 902 759 2933
4381 554 1307 98 1260
4382 911 753 176 1149
4383 540 660 659 2977
4384 968 1031 916 2958
4385 911 480 38 865
4386 1143 743 205 2960
4387 962 2911 963 3020
4388 980 1059 919 2961
4389 1265 1129 1303 3008
4390 872 2894 1051 3005
4391 1160 2923 1159 3013
4392 1238 197 807 2972
4393 80 636 925 2973
4394 1002 527 80 2973
4395 739 197 1139 2972
4396 200 1239 827 2974
4397 1141 200 741 2974
4398 926 637 83 2975
4399 1008 83 529 2975
4400 575 519 576 2954
4401 85 530 1058 2978
4402 927 638 85 2978
4403 202 742 1142 2979
4404 828 202 1240 2979
4405 730 849 166 2934
4406 504 503 511 2819
4407 725 156 1036 3012
4408 728 163 848 2937
4409 943 163 1039 2937
4410 1272 1305 1226 2932
4411 1037 158 940 2939
4412 845 158 726 2939
4413 161 847 727 2940
4414 1038 942 161 2940
4415 735 792 776 2885
4416 1138 738 195 2990
4417 924 78 635 2991
4418 1001 526 78 2991
4419 1237 195 861 2990
4420 931 1100 961 3020
4421 42 478 1027 490
4422 119 1207 1124 2941
4423 119 544 610 2941
4424 122 621 545 2942
4425 122 1125 1213 2942
4426 30 477 488 665
4427 490 478 1027 2976
4428 830 1242 205 2960
4429 939 1036 156 3012
4430 725 844 156 3012
4431 1192 1193 1120 2977
4432 147 1051 935 3005
4433 520 651 581 2901
4434 168 850 945 2949
4435 594 658 659 2950
4436 624 626 627 2931
4437 627 626 681 2931
4438 478 483 485 2976
4439 953 58 1107 502
4440 127 548 623 2943
4441 127 1221 1128 2943
4442 643 708 534 2928
4443 1000 992 922 2955
4444 737 793 794 2956
4445 944 1041 166 2934
4446 667 713 46 501
4447 1254 124 1126 2946
4448 546 124 622 2946
4449 496 508 516 3022
4450 775 774 735 2914
4451 894 895 821 3006
4452 705 557 553 3011
4453 147 935 898 3005
4454 513 43 497 556
4455 543 117 1123 3017
4456 748 966 140 3014
4457 514 1107 58 502
4458 712 489 473 2953
4459 862 882 888 3001
4460 1078 1005 1075 3003
4461 1095 1093 1015 3004
4462 811 889 890 3002
4463 557 666 553 3011
4464 668 712 473 2953
4465 909 867 755 2819
4466 1308 911 176 1149
4467 1110 710 513 2872
4468 589 522 590 2913
4469 512 46 713 501
4470 977 918 1056 2909
4471 790 858 719 2971
4472 752 912 137 1065
4473 147 898 872 3005
4474 140 916 837 3014
4475 1151 1262 1306 2819
4476 604 647 542 2903
4477 1122 1202 1206 2903
4478 1177 1232 1117 2971
4479 834 211 746 2936
4480 543 604 117 3017
4481 1206 1123 117 3017
4482 920 998 982 2906
4483 599 541 603 2880
4484 1121 1256 1200 2880
4485 830 205 743 2960
4486 1146 746 211 2936
4487 731 850 168 2949
4488 528 636 676 2893
4489 1140 1239 1291 2892
4490 1142 1241 1290 2888
4491 639 530 677 2887
4492 925 1002 80 2973
4493 1238 1139 197 2972
4494 527 636 80 2973
4495 739 807 197 2972
4496 200 1141 1239 2974
4497 529 83 637 2975
4498 200 827 741 2974
4499 1008 926 83 2975
4500 665 488 30 711
4501 1022 928 1016 3007
4502 1189 1169 1252 2886
4503 530 85 638 2978
4504 85 1058 927 2978
4505 202 1142 1240 2979
4506 828 742 202 2979
4507 936 1032 1086 2938
4508 518 1190 101 3010
4509 101 1115 575 3010
4510 760 733 759 2933
4511 1106 1073 1021 2919
4512 1143 205 1242 2960
4513 171 732 1043 3019
4514 556 513 43 710
4515 854 750 768 2886
4516 490 1027 42 1108
4517 947 905 171 3019
4518 490 1027 1108 2976
4519 1138 195 1237 2990
4520 924 1001 78 2991
4521 526 635 78 2991
4522 738 861 195 2990
4523 800 738 806 2980
4524 1001 996 923 2981
4525 1255 1181 1188 2998
4526 947 171 1043 3019
4527 799 793 736 2984
4528 1309 136 1150 555
4529 853 786 734 2998
4530 171 905 732 3019
4531 1134 1184 1255 2995
4532 509 495 515 2861
4533 1222 1227 1225 2985
4534 957 955 956 3021
4535 785 734 782 2995
4536 825 908 826 3025
4537 1232 1175 1116 2989
4538 837 748 140 3014
4539 1157 1158 1304 2926
4540 910 514 51 864
4541 1042 1062 946 2877
4542 723 843 876 2884
4543 938 1034 1091 2884
4544 1063 712 574 2953
4545 1054 919 1055 2948
4546 833 832 904 2929
4547 912 866 35 490
4548 588 520 582 2969
4549 612 613 614 2993
4550 1220 1219 1231 2994
4551 1245 1302 1244 2929
4552 101 575 518 3010
4553 1119 1270 1192 2950
4554 1042 731 168 2949
4555 721 841 886 2938
4556 140 966 916 3014
4557 1229 488 31 482
4558 1033 936 1088 2944
4559 633 524 690 2945
4560 722 885 841 2944
4561 1118 1298 1269 2871
4562 947 1044 1105 3019
4563 702 671 539 2961
4564 1115 101 1190 3010
4565 1307 488 31 1229
4566 541 598 597 2935
4567 1253 1198 1121 2935
4568 1056 917 975 2992
4569 718 899 837 2958
4570 921 986 998 2986
4571 1051 1050 1052 2894
4572 866 483 490 2976
4573 1252 1166 1133 2959
4574 945 1042 168 2949
4575 954 1102 956 3021
4576 769 768 717 2959
4577 1306 50 1151 503
4578 851 856 719 2989
4579 1309 1263 47 512
4580 1245 1244 1146 2929
4581 1135 1267 1233 2885
4582 833 746 832 2929
4583 34 479 1308 1261
4584 1263 506 47 512
4585 50 1306 511 503
4586 1109 712 1063 2953
4587 487 34 479 1308
4588 1130 1160 1159 3013
4589 564 565 550 3013
4590 1153 1113 1263 3022
4591 1023 1046 1018 2915
4592 668 712 27 473
4593 489 27 712 473
4594 1115 1268 1295 2954
4595 1245 1160 1162 3009
4596 1137 1273 1235 2956
4597 525 633 687 2955
4598 669 715 517 2896
4599 539 631 694 2948
4600 481 489 39 1024
4601 489 1109 39 1024
4602 1234 1284 1135 2914
4603 1306 1262 214 909
4604 502 495 509 2861
4605 513 1067 55 1110
4606 688 629 536 2907
4607 511 755 54 504
4608 909 755 54 511
4609 1208 1124 1207 2941
4610 610 544 649 2941
4611 613 545 621 2942
4612 1125 1219 1213 2942
4613 1209 1210 1211 3016
4614 663 662 615 3015
4615 844 884 724 2904
4616 1085 939 1035 2904
4617 1221 1222 1128 2943
4618 623 548 624 2943
4619 1215 1254 1126 2946
4620 546 622 619 2946
4621 1146 1246 1304 2936
4622 615 612 614 2993
4623 1211 1220 1231 2994
4624 505 1067 55 513
4625 543 605 604 3017
4626 1250 1123 1206 3017
4627 879 749 838 2909
4628 901 720 872 2894
4629 1227 1257 1225 2985
4630 523 701 672 2906
4631 833 766 764 2873
4632 822 830 743 2960
4633 1118 1286 1191 2913
4634 1149 1164 1251 2962
4635 1003 1002 925 2973
4636 807 739 860 2972
4637 741 827 812 2974
4638 1014 926 1008 2975
4639 964 962 1044 2911
4640 927 1058 1010 2978
4641 828 816 742 2979
4642 963 962 964 2911
4643 867 214 1262 909
4644 1266 1297 1132 2901
4645 924 1049 1001 2991
4646 802 861 738 2990
4647 531 639 679 3007
4648 649 662 663 3015
4649 1208 1210 1209 3016
4650 753 835 855 2962
4651 574 59 712 1063
4652 1129 549 129 3024
4653 954 951 953 2861
4654 485 483 486 2891
4655 534 708 644 2928
4656 538 630 692 2996
4657 1104 1046 930 2952
4658 1138 1275 1236 2980
4659 693 526 634 2981
4660 911 1308 487 2900
4661 1235 1276 1136 2984
4662 1302 1245 1162 3009
4663 537 686 630 2997
4664 908 863 826 3025
4665 966 967 916 3014
4666 1099 972 1072 2999
4667 1307 711 488 2916
4668 912 752 866 2976
4669 842 723 881 2924
4670 1034 937 1087 2924
4671 211 212 1246 834
4672 1107 175 1066 910
4673 666 97 1110 710
4674 757 754 864 2982
4675 934 1079 979 2997
4676 1063 59 712 1109
4677 1099 933 1071 2907
4678 678 632 523 2986
4679 955 957 952 3011
4680 749 870 839 2992
4681 1028 1076 934 2996
4682 1104 930 1068 2952
4683 161 162 847 942
4684 845 157 158 940
4685 163 164 848 943
4686 118 119 610 1207
4687 154 153 938 843
4688 193 192 737 1137
4689 153 152 1034 723
4690 1238 197 198 807
4691 728 162 163 1039
4692 85 86 1058 530
4693 114 113 1121 541
4694 539 69 68 919
4695 192 191 793 1235
4696 543 117 118 1123
4697 725 156 157 1036
4698 194 193 806 1236
4699 727 160 161 1038
4700 164 165 729 1040
4701 156 155 939 844
4702 846 159 160 941
4703 155 154 1035 724
4704 726 158 159 1037
4705 79 80 1002 527
4706 937 152 151 842
4707 116 115 1122 542
4708 851 182 181 1116
4709 117 116 1206 604
4710 544 119 120 1124
4711 195 194 738 1138
4712 924 78 79 635
4713 115 114 1200 603
4714 633 75 74 922
4715 80 81 925 636
4716 623 126 127 1221
4717 1140 198 199 740
4718 719 183 182 1232
4719 526 78 77 1001
4720 86 87 928 639
4721 1139 196 197 739
4722 525 76 75 1000
4723 81 82 1029 528
4724 195 196 1237 861
4725 622 124 125 1254
4726 77 76 634 923
4727 547 125 126 1127
4728 121 122 545 1125
4729 120 121 611 1230
4730 199 200 1239 827
4731 82 83 926 637
4732 84 85 927 638
4733 83 84 1008 529
4734 621 122 123 1213
4735 200 201 1141 741
4736 546 123 124 1126
4737 201 202 1240 828
4738 1142 202 203 742
4739 1241 203 204 829
4740 485 491 471 2908
4741 128 127 1128 548
4742 768 180 179 1252
4743 849 165 166 944
4744 87 88 1016 531
4745 204 205 1143 743
4746 736 191 190 1136
4747 112 111 1120 540
4748 1033 151 150 722
4749 524 74 73 999
4750 720 145 146 1050
4751 113 112 1253 597
4752 858 184 183 1117
4753 1106 1021 1046 2919
4754 734 186 185 1255
4755 181 180 750 1189
4756 187 186 785 1134
4757 185 184 853 1188
4758 179 178 717 1133
4759 955 954 956 3021
4760 674 518 575 3010
4761 97 1110 952 666
4762 630 66 65 934
4763 837 140 141 916
4764 1300 1131 1155 2918
4765 560 551 704 2918
4766 139 140 748 966
4767 910 175 1066 754
4768 1132 1271 1296 2969
4769 631 68 67 1054
4770 111 110 1192 659
4771 1307 1229 1260 2916
4772 1260 1310 1114 3023
4773 764 732 763 3019
4774 839 142 143 917
4775 188 187 792 1233
4776 1228 1129 129 3024
4777 650 129 549 3024
4778 1160 1158 1159 2923
4779 718 141 142 1031
4780 505 513 497 2872
4781 896 850 731 2949
4782 205 206 1242 830
4783 190 189 774 1234
4784 144 145 838 918
4785 88 89 929 640
4786 167 166 1041 730
4787 935 1051 1097 3005
4788 650 1228 129 3024
4789 645 714 554 3023
4790 98 99 554 1260
4791 556 710 666 2872
4792 507 51 514 864
4793 37 38 480 865
4794 936 150 149 841
4795 632 73 72 921
4796 483 35 866 490
4797 537 65 64 979
4798 952 1110 1067 2872
4799 567 565 643 2951
4800 1109 489 712 2953
4801 895 849 730 2934
4802 887 844 725 3012
4803 939 1074 1036 3012
4804 1039 1083 943 2937
4805 892 728 848 2937
4806 735 189 188 1135
4807 1144 206 207 744
4808 749 143 144 1056
4809 110 109 1119 658
4810 538 67 66 1028
4811 845 726 882 2939
4812 1037 940 1078 2939
4813 890 727 847 2940
4814 942 1038 1095 2940
4815 855 178 177 1164
4816 653 709 628 2920
4817 177 176 753 1149
4818 944 1084 1041 2934
4819 898 784 872 3005
4820 811 810 889 3002
4821 1006 1075 1005 3003
4822 888 810 862 3001
4823 1006 1015 1093 3004
4824 137 138 752 1065
4825 961 962 931 3020
4826 931 962 963 3020
4827 490 1108 912 2976
4828 486 483 470 2891
4829 1190 1281 1115 3010
4830 1278 1139 1238 2972
4831 527 695 636 2973
4832 529 637 700 2975
4833 1239 1141 1293 2974
4834 1229 31 32 482
4835 953 57 58 502
4836 638 697 530 2978
4837 1240 1142 1288 2979
4838 1130 132 131 550
4839 1289 1143 1242 2960
4840 478 41 42 1027
4841 1032 149 148 721
4842 523 72 71 998
4843 819 894 821 3006
4844 108 107 1118 589
4845 1138 1237 1274 2990
4846 526 680 635 2991
4847 757 864 751 2982
4848 480 487 479 2900
4849 109 108 1191 522
4850 748 837 877 3014
4851 497 43 44 556
4852 671 70 69 980
4853 101 102 575 1115
4854 945 168 167 850
4855 469 29 28 517
4856 479 34 33 1261
4857 701 71 70 920
4858 935 148 147 898
4859 744 826 831 2963
4860 134 133 1131 551
4861 519 102 103 1295
4862 1043 1044 947 3019
4863 1272 1144 1243 2963
4864 668 27 28 473
4865 94 95 932 644
4866 477 30 29 665
4867 536 569 673 2999
4868 481 39 40 1024
4869 1051 147 146 872
4870 46 45 667 501
4871 518 100 101 1190
4872 104 105 520 1132
4873 103 104 581 1266
4874 755 53 54 504
4875 629 64 63 933
4876 1228 1247 1129 3024
4877 650 549 653 3024
4878 106 107 521 1298
4879 1299 1130 1159 3013
4880 564 550 703 3013
4881 510 509 500 2922
4882 1045 173 172 733
4883 506 47 48 1263
4884 45 44 535 494
4885 40 41 471 950
4886 836 138 139 949
4887 945 1073 1042 2949
4888 911 865 753 2900
4889 643 706 567 2951
4890 1023 89 90 532
4891 136 135 1150 555
4892 477 482 488 2916
4893 1149 1261 1308 2900
4894 1067 55 56 505
4895 582 105 106 1296
4896 645 99 100 1114
4897 746 906 834 2936
4898 1147 32 33 472
4899 207 208 1243 831
4900 536 63 62 1099
4901 763 732 905 3019
4902 1247 1226 1305 2932
4903 665 711 554 2916
4904 574 60 59 1063
4905 212 213 1148 747
4906 1 712 1109 489
4907 490 4 912 1108
4908 711 488 2 1307
4909 713 1309 6 512
4910 3 487 911 1308
4911 8 1107 514 910
4912 5 513 1110 710
4913 909 7 1306 511
4914 1151 50 49 503
4915 1063 1024 1109 2953
4916 129 128 1228 650
4917 208 209 1145 745
4918 130 129 1129 549
4919 957 1101 952 3011
4920 90 91 930 641
4921 931 92 93 642
4922 952 96 97 666
4923 1043 171 170 732
4924 169 168 1042 731
4925 506 496 516 3022
4926 1262 213 214 867
4927 175 174 1066 754
4928 56 57 951 495
4929 569 62 61 1072
4930 49 48 1113 496
4931 481 473 489 2953
4932 552 61 60 915
4933 209 210 1244 832
4934 668 574 712 2953
4935 1108 1027 1065 2976
4936 1303 1161 1265 3008
4937 36 35 866 483
4938 52 51 507 864
4939 1306 214 7 909
4940 6 46 713 512
4941 488 2 30 711
4942 712 59 1 1109
4943 42 4 490 1108
4944 911 176 3 1308
4945 513 5 43 710
4946 1107 58 8 514
4947 470 36 37 716
4948 210 211 1146 746
4949 478 490 483 2976
4950 170 169 946 869
4951 912 35 4 490
4952 514 51 8 910
4953 91 92 1068 533
4954 95 96 1101 553
4955 174 173 948 902
4956 31 2 488 1307
4957 1309 47 6 512
4958 1107 8 175 910
4959 1309 6 136 713
4960 1110 97 5 710
4961 751 52 53 493
4962 54 7 909 511
4963 7 50 1306 511
4964 38 3 487 911
4965 712 1 27 489
4966 487 3 34 1308
4967 1109 39 1 489
4968 55 5 513 1110
4969 912 4 137 1108
4970 711 2 98 1307
4971 131 130 1265 670
4972 93 94 1100 534
4973 947 172 171 905
4974 135 134 1300 704
4975 133 132 1299 703
4976 2883 809 3002 2718
4977 2883 3002 809 811
4978 2882 1030 3004 1015
4979 2882 3004 1030 2719
4980 2936 762 833 906
4981 2936 833 762 2700
4982 3016 2875 2857 2717
4983 3016 2857 2875 2708
4984 2932 1259 1272 1305
4985 2932 1272 1259 2738
4986 2969 521 583 2748
4987 2969 583 521 582
4988 2969 1298 1183 1296
4989 2969 1183 1298 2748
4990 3015 2684 2875 2708
4991 3015 2875 2684 2796
4992 3016 2684 2875 2797
4993 3016 2875 2684 2708
4994 2931 2868 2798 2705
4995 2931 2798 2868 2712
4996 2878 968 2822 969
4997 2878 2822 968 2734
4998 2913 584 2693 590
4999 2913 2693 584 2871
5000 2984 774 857 2756
5001 2984 857 774 736
5002 2852 1152 1153 2730
5003 2852 1153 1152 1154
5004 2953 915 1025 2736
5005 2953 1025 915 1063
5006 2984 1234 1285 1136
5007 2984 1285 1234 2756
5008 2997 933 1080 979
5009 2997 1080 933 2764
5010 750 2989 852 851
5011 852 2989 750 2753
5012 2997 629 689 2764
5013 2997 689 629 537
5014 2989 1189 1172 1116
5015 2989 1172 1189 2753
5016 2995 792 780 785
5017 2995 780 792 2750
5018 2832 779 873 781
5019 2832 873 779 2800
5020 2932 1163 1259 1305
5021 2932 1259 1163 2865
5022 1233 2995 1186 1134
5023 1186 2995 1233 2750
5024 2950 522 591 658
5025 2950 591 522 2745
5026 2952 965 2769 1104
5027 2952 2769 965 2812
5028 963 2769 965 1104
5029 963 965 2769 2812
5030 2934 2965 2794 2702
5031 2794 2965 2934 1084
5032 2794 2787 2934 2702
5033 2934 2787 2794 1084
5034 2967 2978 2837 1010
5035 2837 2978 2967 2714
5036 2968 2979 2838 2715
5037 2838 2979 2968 816
5038 538 2948 696 631
5039 696 2948 538 2763
5040 2937 2968 2838 2704
5041 2838 2968 2937 892
5042 2937 2967 2837 1083
5043 2837 2967 2937 2704
5044 2955 634 685 525
5045 2955 685 634 2752
5046 2956 1236 1283 2751
5047 2956 1283 1236 1137
5048 923 2955 994 1000
5049 994 2955 923 2752
5050 2956 806 795 737
5051 2956 795 806 2751
5052 2845 592 596 593
5053 2845 596 592 2826
5054 2971 1188 1179 2749
5055 2971 1179 1188 1117
5056 2971 853 788 858
5057 2971 788 853 2749
5058 1153 2918 1150 1155
5059 1150 2918 1153 2801
5060 568 2920 2737 709
5061 2737 2920 568 2866
5062 2737 664 568 709
5063 568 664 2737 2866
5064 2965 2947 3007 1017
5065 2965 3007 2947 2712
5066 2948 1028 1069 1054
5067 2948 1069 1028 2763
5068 2946 2987 2818 2710
5069 2818 2987 2946 619
5070 2946 2988 2817 1215
5071 2817 2988 2946 2710
5072 2962 1133 1165 2773
5073 2962 1165 1133 1164
5074 2945 921 988 999
5075 2945 988 921 2755
5076 3022 1151 1152 1113
5077 3022 1152 1151 2819
5078 920 2961 981 980
5079 981 2961 920 2760
5080 2954 581 577 2762
5081 2954 577 581 519
5082 3015 2875 2858 2708
5083 3015 2858 2875 2716
5084 2977 1253 1194 1120
5085 2977 1194 1253 2747
5086 2977 597 654 2747
5087 2977 654 597 540
5088 2958 917 973 1031
5089 2958 973 917 2759
5090 2825 2964 2830 2721
5091 2830 2964 2825 2691
5092 2921 2869 2896 2701
5093 2921 2896 2869 2736
5094 2962 717 770 855
5095 2962 770 717 2773
5096 2917 2759 2734 2805
5097 2917 2734 2759 2822
5098 2811 2983 2815 2722
5099 2815 2983 2811 2690
5100 2820 989 988 987
5101 2820 988 989 2815
5102 2926 1245 1158 1304
5103 2926 1158 1245 2923
5104 935 2938 1082 1032
5105 1082 2938 935 2771
5106 2851 2957 2849 2694
5107 2849 2957 2851 2727
5108 2848 1170 1174 1173
5109 2848 1174 1170 2808
5110 2827 602 682 2809
5111 2827 682 602 655
5112 2840 983 1082 2814
5113 2840 1082 983 984
5114 2952 1023 1046 930
5115 2952 1046 1023 2915
5116 2836 2964 2841 2689
5117 2841 2964 2836 2721
5118 1187 2853 1287 1185
5119 1287 2853 1187 2833
5120 2826 2970 2802 2693
5121 2802 2970 2826 2732
5122 2847 2957 2843 2727
5123 2843 2957 2847 2688
5124 504 751 53 493
5125 504 53 751 755
5126 2926 1301 1246 1157
5127 2926 1246 1301 2765
5128 3023 1190 1280 1114
5129 3023 1280 1190 2783
5130 3023 518 691 2783
5131 3023 691 518 645
5132 1269 2913 2693 1286
5133 2693 2913 1269 2871
5134 2949 1062 2713 1073
5135 2949 2713 1062 2877
5136 733 947 172 1045
5137 733 172 947 905
5138 3002 888 810 889
5139 3002 810 888 3001
5140 2982 502 509 2861
5141 2982 509 502 507
5142 534 931 93 642
5143 534 93 931 1100
5144 1490 1532 3132 3296
5145 3057 3132 1532 3296
5146 1490 3132 1213 3296
5147 1584 1815 3123 3246
5148 1158 3205 3079 3277
5149 1658 3084 1237 3125
5150 1872 1882 3228 3263
5151 1881 3051 324 3185
5152 1871 3051 1881 3178
5153 1557 3040 1513 3265
5154 1584 1773 1666 3123
5155 1176 3043 1271 3148
5156 1773 1584 1815 3123
5157 1785 3047 1784 3167
5158 1237 3084 1658 3292
5159 1188 1686 1565 3099
5160 1255 1686 1188 3099
5161 1784 1785 1787 3047
5162 1787 3047 1785 3196
5163 1686 3099 1255 3155
5164 1604 1750 3079 3269
5165 1856 1360 3101 3235
5166 1458 1467 1460 3046
5167 1943 3092 1713 3127
5168 1856 3101 1775 3235
5169 1881 3051 3157 3178
5170 1872 3228 3053 3263
5171 1417 3041 1414 3141
5172 3040 3145 1513 3265
5173 1417 1412 1414 3041
5174 1950 3092 1943 3127
5175 1604 3079 3112 3269
5176 1604 1750 1698 3079
5177 1713 3092 1943 3374
5178 1134 1233 1566 3100
5179 1749 3092 1713 3374
5180 1460 3046 1467 3164
5181 1176 3043 3148 3183
5182 1566 1233 1687 3100
5183 1785 3047 3167 3196
5184 1460 1458 3046 3180
5185 1611 3228 1882 3263
5186 3028 3043 3119 3138
5187 1412 3041 1417 3201
5188 1219 1213 3132 3296
5189 1880 1871 3178 3286
5190 3033 3163 3131 3360
5191 1271 3043 3119 3148
5192 3079 3205 3061 3277
5193 3134 3215 3035 3342
5194 1246 1698 3079 3112
5195 3073 3152 1720 3309
5196 1513 3040 1557 3268
5197 1713 3092 1749 3127
5198 1467 3046 1458 3330
5199 1417 3041 3141 3201
5200 1749 1713 1590 3374
5201 1743 1584 3123 3246
5202 1183 3258 3119 3355
5203 3055 3215 3134 3342
5204 3035 3135 3066 3322
5205 1733 3048 1642 3149
5206 3035 3136 3135 3322
5207 1313 3145 1394 3186
5208 1881 3157 3051 3185
5209 3028 3081 3119 3148
5210 3055 3035 3134 3215
5211 1134 3100 1566 3155
5212 1176 3148 3089 3183
5213 3055 3035 3312 3373
5214 3055 3134 3035 3373
5215 1541 1538 1453 3042
5216 3237 3300 3076 3354
5217 1505 1502 3226 3238
5218 3028 3081 3148 3258
5219 1158 3061 3205 3277
5220 1782 3046 1836 3174
5221 1956 3098 1377 3276
5222 3047 3123 1787 3246
5223 1269 3258 1183 3355
5224 1460 3046 3164 3180
5225 3049 3098 3169 3185
5226 1219 3132 3057 3296
5227 1815 1787 3123 3246
5228 3026 3144 3096 3192
5229 3090 3028 3149 3266
5230 3041 3026 3101 3156
5231 1458 3046 3180 3330
5232 3032 3088 3123 3150
5233 1630 1706 1720 3152
5234 1782 1829 1836 3046
5235 1611 3053 3228 3263
5236 1706 1720 3152 3309
5237 3068 3181 3180 3357
5238 1604 3079 1698 3112
5239 3085 3032 3120 3154
5240 3096 3192 3144 3271
5241 3026 3041 3101 3201
5242 3049 3169 3098 3229
5243 3026 3130 3122 3242
5244 1537 3210 3120 3362
5245 3033 3152 3054 3163
5246 3110 3112 1154 3205
5247 3032 3088 3150 3283
5248 1374 1551 1514 3380
5249 3027 3098 3169 3229
5250 1551 3086 1514 3380
5251 3029 3180 3181 3357
5252 1538 3042 1541 3240
5253 3030 3142 3065 3290
5254 1535 3210 1537 3362
5255 1782 1829 3046 3191
5256 3027 3169 3098 3185
5257 3031 3183 3230 3259
5258 1557 3040 3265 3268
5259 3119 3148 3081 3258
5260 3090 3028 3126 3149
5261 1444 3176 3093 3244
5262 3075 3076 3034 3117
5263 1215 1217 3250 3342
5264 3066 3035 3215 3342
5265 1176 1271 3043 3293
5266 3071 3159 3138 3307
5267 1265 3086 1303 3380
5268 1743 3123 3047 3246
5269 1215 1258 1217 3342
5270 3093 3176 1444 3294
5271 1890 1745 1927 3227
5272 3085 3032 3154 3285
5273 1541 3042 1453 3168
5274 1880 3178 1578 3286
5275 1733 3126 3048 3149
5276 1914 1910 1913 3253
5277 3064 3113 3030 3284
5278 1713 1943 1889 3374
5279 1129 1265 1303 3380
5280 1246 3079 1698 3349
5281 1856 1360 1468 3101
5282 1723 3084 1658 3125
5283 1914 3072 1910 3253
5284 1579 1768 1661 3375
5285 3055 3134 1258 3342
5286 3088 3123 3150 3283
5287 1382 3234 1823 3244
5288 1453 3042 1538 3195
5289 3057 3166 3027 3229
5290 3034 3076 3075 3110
5291 1342 3300 3237 3354
5292 3051 3152 1627 3225
5293 1721 3054 1628 3152
5294 1446 3050 1448 3176
5295 1551 1514 3086 3146
5296 3085 3154 3120 3285
5297 3053 3038 3179 3228
5298 3090 3149 3126 3266
5299 1264 1147 3186 3200
5300 1914 1913 3162 3253
5301 3113 3143 3030 3284
5302 3027 3169 3107 3225
5303 1782 3046 3174 3191
5304 1887 3095 1479 3224
5305 3027 3057 3132 3166
5306 1743 1584 1666 3123
5307 1868 3185 322 3276
5308 3071 3307 3138 3320
5309 3041 3026 3156 3192
5310 3028 3043 3138 3307
5311 1303 3086 1265 3146
5312 3030 3124 3065 3142
5313 1718 1628 1721 3054
5314 1444 1446 3176 3244
5315 3138 3159 3028 3307
5316 3030 3257 3124 3287
5317 3047 3032 3123 3150
5318 1453 3074 3168 3195
5319 1868 3049 3157 3185
5320 3027 3128 3054 3225
5321 3137 3312 3035 3373
5322 3053 3182 3038 3228
5323 1914 3162 3072 3253
5324 1590 1713 1889 3374
5325 1468 1834 1856 3101
5326 1495 1321 1394 3186
5327 3034 3139 3075 3202
5328 3122 3242 3130 3291
5329 1417 1517 3060 3141
5330 3030 3124 3257 3262
5331 3089 3230 3183 3259
5332 3126 3149 1736 3266
5333 1321 1313 1394 3186
5334 1854 3151 3082 3232
5335 3119 3258 3081 3355
5336 1270 3120 3285 3362
5337 324 1881 1871 3051
5338 1775 1856 1834 3101
5339 3043 3028 3119 3307
5340 1698 3079 1750 3349
5341 1304 3079 1246 3349
5342 1744 3150 3123 3283
5343 3051 3107 3169 3225
5344 3035 3220 3134 3368
5345 3030 3065 3220 3290
5346 3027 3128 3066 3250
5347 1877 3278 3182 3384
5348 1296 1365 3119 3293
5349 1382 3093 3234 3244
5350 3026 3101 3191 3242
5351 1744 3283 3123 3378
5352 1166 3067 1169 3252
5353 3035 3136 3058 3310
5354 3035 3136 3310 3387
5355 1448 3176 3050 3210
5356 1237 3125 3084 3326
5357 1646 1736 3149 3266
5358 1871 3051 3178 3286
5359 1453 3074 1454 3168
5360 3033 3073 3163 3360
5361 3032 3047 3123 3196
5362 3066 3128 3027 3161
5363 3132 3166 3057 3229
5364 1505 3226 3083 3238
5365 3126 3266 1736 3386
5366 3098 3166 3027 3198
5367 1642 1643 3149 3230
5368 3134 3220 3065 3368
5369 3033 3073 3152 3163
5370 3048 3028 3126 3159
5371 1517 1419 1417 3060
5372 1452 3074 1453 3195
5373 3041 3026 3192 3201
5374 3053 3192 3096 3271
5375 1329 3186 3200 3273
5376 3048 3028 3159 3307
5377 1394 3145 1513 3186
5378 1469 1377 1956 3098
5379 3120 3210 3085 3362
5380 3027 3055 3132 3250
5381 1219 3057 3132 3165
5382 3089 3149 1643 3230
5383 3043 3119 3148 3307
5384 1414 1505 3141 3238
5385 1688 1234 3080 3255
5386 1433 1557 1513 3265
5387 1823 3234 3093 3244
5388 1387 1505 1502 3226
5389 3028 3148 3119 3307
5390 3037 3171 3078 3352
5391 3053 3228 1872 3371
5392 1877 3182 3228 3384
5393 1627 1626 3051 3225
5394 1454 1453 1452 3074
5395 1868 3049 3185 3276
5396 3031 3183 3116 3230
5397 3064 3030 3220 3284
5398 1720 3152 3073 3163
5399 1592 3103 1927 3227
5400 1453 3168 3042 3195
5401 3065 3142 3124 3290
5402 3048 3126 3028 3307
5403 1628 1627 3152 3225
5404 1271 3119 3043 3293
5405 1147 1314 1323 3200
5406 3035 3310 3147 3387
5407 3120 3154 1270 3285
5408 1469 3098 1956 3318
5409 1871 1881 1876 3178
5410 3026 3164 3101 3242
5411 3131 3169 3057 3313
5412 3055 3027 3132 3166
5413 1374 1514 1129 3380
5414 1784 3047 1787 3246
5415 3033 3169 3131 3313
5416 1541 3042 3168 3240
5417 1177 3089 1176 3148
5418 3078 3171 3115 3352
5419 3048 3031 3121 3230
5420 1270 3285 1287 3362
5421 3046 3191 3101 3242
5422 1513 3145 3040 3186
5423 3032 3047 3196 3297
5424 3048 1642 3149 3230
5425 1558 3145 1499 3265
5426 1528 3043 3119 3293
5427 3057 3131 3033 3169
5428 3027 3161 3128 3225
5429 3122 3201 1545 3341
5430 3042 3154 3120 3297
5431 3063 3166 3098 3198
5432 1528 3119 3043 3320
5433 3040 3200 3186 3273
5434 3063 3027 3166 3198
5435 3060 3141 1517 3274
5436 1742 3283 1744 3378
5437 1147 1323 3186 3200
5438 1417 3141 3060 3201
5439 3086 3257 3124 3262
5440 1768 3115 1661 3375
5441 1532 3132 3057 3229
5442 1854 1808 3151 3232
5443 1744 1652 3150 3283
5444 3055 3066 3215 3342
5445 1234 1688 3080 3316
5446 1592 1927 1745 3227
5447 3098 3229 1421 3276
5448 1686 1647 3099 3155
5449 1829 1836 3046 3247
5450 3032 3120 3154 3297
5451 3051 324 3185 3286
5452 1255 3099 1181 3155
5453 3034 3075 3117 3202
5454 1152 1301 1154 3112
5455 3073 3152 3087 3231
5456 3078 3115 1717 3352
5457 3086 3124 3257 3287
5458 1169 3221 3067 3385
5459 1202 3130 3122 3275
5460 3073 3033 3152 3231
5461 1749 3127 3092 3189
5462 3027 3107 3169 3185
5463 1881 3157 1876 3178
5464 1815 1787 1773 3123
5465 1718 3054 1721 3298
5466 3087 3228 3182 3384
5467 1791 3123 3214 3378
5468 3041 3141 3038 3182
5469 3083 3141 1505 3238
5470 3067 3175 1166 3385
5471 3075 3139 3034 3260
5472 3026 3060 3122 3275
5473 1823 3093 1844 3244
5474 3054 3169 3033 3313
5475 1717 3115 3078 3375
5476 1166 3175 3067 3252
5477 1738 1736 3266 3386
5478 3080 3150 3154 3297
5479 1448 3050 1446 3244
5480 3060 3160 1250 3275
5481 3051 3169 3107 3185
5482 1444 3093 1382 3244
5483 1950 3092 3127 3162
5484 3036 3189 3127 3270
5485 1158 3205 3061 3337
5486 3048 3159 3259 3307
5487 3054 3152 1721 3163
5488 3047 3032 3150 3297
5489 3071 3259 3159 3307
5490 3138 3307 3043 3320
5491 3046 3101 3164 3242
5492 3087 3038 3182 3228
5493 1782 1779 3070 3174
5494 3084 3179 1723 3271
5495 1419 1545 3201 3341
5496 3189 3218 3127 3270
5497 1169 1168 3221 3385
5498 1743 3047 3123 3361
5499 3060 3026 3122 3201
5500 3029 3044 3108 3357
5501 3044 3029 3108 3181
5502 1422 3098 1421 3276
5503 1237 1274 3084 3292
5504 1723 1658 3084 3292
5505 1265 3086 1514 3146
5506 3061 3146 3277 3337
5507 3076 3110 3034 3112
5508 1926 3094 1924 3139
5509 3044 3029 3181 3357
5510 1787 3123 3047 3196
5511 3087 3182 3278 3384
5512 3037 3115 3078 3171
5513 3031 3048 3121 3259
5514 1538 3042 3240 3383
5515 1250 3160 3060 3274
5516 1514 3086 1265 3380
5517 1723 1658 1727 3125
5518 3044 3177 3108 3357
5519 1917 3095 1887 3224
5520 1791 3123 1789 3214
5521 18 3157 1881 3185
5522 1782 3174 3070 3191
5523 3033 3131 3057 3358
5524 3182 3228 3053 3371
5525 1176 1297 1271 3293
5526 3050 3244 1448 3267
5527 3030 3220 3142 3290
5528 3072 3030 3129 3253
5529 1329 1327 3186 3273
5530 3027 3198 3063 3215
5531 3063 3166 3027 3215
5532 3029 3108 3177 3357
5533 1296 3119 1271 3293
5534 3034 3094 3139 3202
5535 1718 1628 3054 3225
5536 1414 3141 3041 3238
5537 3078 3115 1807 3375
5538 1794 3093 3204 3244
5539 1843 3050 1842 3267
5540 1613 3096 1618 3272
5541 3085 3285 3120 3362
5542 3081 3039 3176 3207
5543 3071 3259 3307 3320
5544 1382 1823 1464 3244
5545 1613 3144 3096 3272
5546 1957 1933 3286 3319
5547 3087 3152 3033 3231
5548 1517 1419 3060 3274
5549 1628 3152 3054 3225
5550 1313 1327 3145 3186
5551 1764 3109 1384 3267
5552 1843 1792 1842 3050
5553 3031 3121 3187 3259
5554 3053 3156 3096 3192
5555 3043 3293 1528 3320
5556 1599 3112 3076 3212
5557 1384 3109 1764 3314
5558 1479 3095 1548 3224
5559 1274 1237 3084 3326
5560 1499 3145 3082 3265
5561 3096 3156 3026 3192
5562 1413 3201 3101 3235
5563 3212 3308 3076 3354
5564 1950 3127 1915 3162
5565 1599 3076 3112 3184
5566 3027 3054 3128 3165
5567 3035 3065 3137 3373
5568 3075 3199 1358 3219
5569 3033 3233 3131 3358
5570 3026 3122 3130 3275
5571 1926 3094 1481 3327
5572 3080 3150 3297 3361
5573 3159 3259 3071 3346
5574 1926 1481 3094 3139
5575 1551 3146 3086 3173
5576 3054 3163 1721 3298
5577 3035 3135 3059 3368
5578 1495 1394 1513 3186
5579 1229 1264 1147 3186
5580 3065 3134 3035 3220
5581 1488 1253 3104 3315
5582 3176 3248 3050 3282
5583 1467 3247 3046 3330
5584 1465 1764 1384 3267
5585 3035 3059 3135 3356
5586 3048 3031 3230 3259
5587 1348 1358 3199 3219
5588 3059 3220 3035 3368
5589 1577 3112 1148 3184
5590 3080 3297 3261 3361
5591 1817 1782 1779 3070
5592 3039 3081 3176 3248
5593 1325 3153 1322 3344
5594 3057 3027 3132 3165
5595 1877 1872 3228 3371
5596 3048 3259 3159 3346
5597 1817 1782 3070 3191
5598 3087 3182 3038 3231
5599 1868 3157 18 3185
5600 1384 1764 1825 3314
5601 1532 1518 3132 3229
5602 3035 3134 3065 3373
5603 3048 3187 3121 3259
5604 1887 1479 1921 3224
5605 1785 3167 3074 3196
5606 1868 3157 3049 3279
5607 1823 1844 3093 3234
5608 324 3051 1871 3286
5609 1528 3119 1365 3293
5610 1250 3275 3160 3326
5611 3088 3214 3123 3378
5612 3035 3066 3135 3342
5613 1647 1565 1686 3099
5614 1176 3089 1175 3183
5615 1460 3164 3068 3180
5616 1417 3060 1419 3201
5617 1258 3134 3055 3239
5618 1303 3086 3146 3190
5619 3107 3185 324 3286
5620 3037 3082 3151 3203
5621 1255 1188 1181 3099
5622 1696 1244 3102 3223
5623 3047 1784 3167 3246
5624 3035 3136 3220 3356
5625 3088 3204 3039 3282
5626 1642 3048 1733 3321
5627 3081 3028 3119 3294
5628 1414 3041 1412 3238
5629 1627 1628 1626 3225
5630 1612 3263 3096 3271
5631 3038 3060 3192 3326
5632 3115 3171 1717 3352
5633 3042 1538 3195 3383
5634 1264 3186 3040 3200
5635 3083 3133 3033 3278
5636 1193 1197 3120 3154
5637 3123 3283 3088 3378
5638 3099 3248 3039 3266
5639 1187 1270 3154 3285
5640 1444 1382 1464 3244
5641 1152 3184 3112 3336
5642 3037 3151 3082 3265
5643 3088 3039 3204 3206
5644 1791 1789 3123 3378
5645 3037 3078 3249 3352
5646 1193 3154 3120 3353
5647 3031 3197 3183 3259
5648 1829 3046 3191 3247
5649 1413 1412 3201 3235
5650 1535 3085 3210 3362
5651 3062 3033 3133 3233
5652 3030 3208 3129 3253
5653 3029 3168 3167 3261
5654 1921 1917 1887 3224
5655 3046 1836 3174 3330
5656 3046 1467 3164 3247
5657 3039 3248 3176 3282
5658 1833 3158 1315 3222
5659 3090 3204 3039 3206
5660 3031 3118 3183 3197
5661 3145 3186 1327 3273
5662 1250 3274 3060 3341
5663 1348 1358 1337 3199
5664 1325 1322 1332 3344
5665 1768 1579 1812 3375
5666 3142 3220 3059 3290
5667 1858 1837 3232 3340
5668 3074 3167 3168 3261
5669 1915 3162 3127 3367
5670 1430 3069 1434 3194
5671 3034 3139 3094 3260
5672 1844 3093 1794 3244
5673 1202 1201 3122 3291
5674 1430 1434 3069 3328
5675 1342 1359 3300 3354
5676 3027 3132 3165 3250
5677 1950 1919 1915 3127
5678 1399 3199 3075 3219
5679 3039 3204 3090 3248
5680 1250 1248 3160 3274
5681 1857 1830 1777 3263
5682 1140 3163 1571 3377
5683 3220 3290 3065 3368
5684 3033 3169 3049 3358
5685 1361 1490 1213 3296
5686 1361 1213 1125 3296
5687 3028 3248 3099 3266
5688 1910 3072 1914 3311
5689 3123 3150 1654 3361
5690 3144 3271 3084 3292
5691 1723 3271 3144 3292
5692 3039 3248 3099 3258
5693 1245 1158 3079 3277
5694 1808 3203 3151 3232
5695 3131 3233 3057 3358
5696 1175 1176 1177 3089
5697 1245 1158 1304 3079
5698 1558 1499 1433 3265
5699 3033 3051 3152 3157
5700 3048 3126 1733 3321
5701 1913 3092 1950 3162
5702 1613 3096 1612 3263
5703 1881 324 18 3185
5704 3033 3231 3062 3331
5705 3033 3062 3133 3331
5706 1794 3204 3093 3295
5707 3064 3220 3136 3356
5708 3035 3135 3136 3356
5709 1926 1924 1941 3139
5710 3077 3111 3037 3385
5711 3126 3149 3028 3307
5712 3090 3266 3126 3386
5713 1957 3286 1625 3319
5714 1566 3100 1651 3155
5715 1320 1833 1315 3222
5716 3032 3085 3120 3210
5717 1723 3084 3271 3292
5718 1753 1325 1332 3344
5719 3122 3068 3242 3291
5720 1421 3276 3049 3279
5721 3030 3059 3142 3220
5722 3110 3112 3076 3336
5723 3122 3164 3026 3242
5724 1647 3099 3155 3266
5725 3035 3137 3065 3345
5726 1181 3155 3099 3258
5727 1743 3123 1654 3361
5728 1833 1774 1315 3158
5729 1827 3106 1667 3323
5730 1186 3100 1134 3155
5731 3036 3270 3127 3367
5732 3068 3242 3181 3357
5733 3163 3313 3131 3360
5734 1505 3141 3083 3331
5735 1539 3068 1460 3164
5736 1696 1575 1145 3223
5737 1651 1566 1687 3100
5738 1488 1369 1253 3315
5739 1530 3119 3294 3355
5740 1369 1121 1253 3315
5741 3133 3157 3033 3278
5742 1448 1447 3176 3210
5743 1843 1792 3050 3204
5744 3119 3138 1530 3294
5745 1160 3277 3146 3337
5746 1639 1637 3116 3193
5747 3045 3127 3270 3367
5748 1430 3069 3151 3328
5749 3030 3072 3129 3262
5750 1792 1842 3050 3214
5751 1422 1421 3098 3229
5752 3047 3297 3150 3361
5753 3032 3154 3150 3297
5754 1618 3272 3096 3305
5755 1642 3230 3048 3321
5756 3058 3310 3136 3387
5757 1888 324 3107 3185
5758 1313 1321 1327 3186
5759 3087 3179 3038 3228
5760 1743 3246 3047 3361
5761 1514 1265 1129 3380
5762 1513 3186 3040 3268
5763 1532 1490 1361 3296
5764 3033 3087 3157 3178
5765 3059 3290 3220 3368
5766 3112 3184 3076 3336
5767 1522 3194 1432 3213
5768 1807 3115 3078 3203
5769 1134 1186 1233 3100
5770 1446 3050 3176 3244
5771 3080 3297 3154 3353
5772 1729 3135 3066 3324
5773 3035 3065 3220 3345
5774 3076 3308 3188 3354
5775 3183 3197 3043 3259
5776 1730 3230 1642 3321
5777 1956 3098 1931 3318
5778 1249 1250 3160 3326
5779 1926 1924 3094 3327
5780 1855 3191 3101 3247
5781 3057 3165 1219 3313
5782 3033 3057 3169 3358
5783 1446 1448 1447 3176
5784 1445 1444 1446 3176
5785 3029 3180 3104 3181
5786 3117 3076 3212 3308
5787 1422 3166 3098 3318
5788 3040 3186 1264 3268
5789 3116 3193 1637 3329
5790 1823 1763 1464 3244
5791 1877 3228 3182 3371
5792 1688 3080 1655 3255
5793 3087 3152 3073 3309
5794 1608 3127 1749 3189
5795 1639 3116 1637 3329
5796 1190 1482 3111 3268
5797 1445 1444 3176 3294
5798 3047 3261 3297 3361
5799 3075 3117 3202 3376
5800 3028 3138 3119 3294
5801 1522 3077 3194 3213
5802 1348 1337 1395 3199
5803 1843 3244 3050 3267
5804 1649 3206 3155 3283
5805 1197 3154 1193 3353
5806 1155 3110 1154 3205
5807 3099 3155 3039 3258
5808 1915 3127 1919 3367
5809 3039 3155 3099 3266
5810 3152 3157 3051 3178
5811 1419 3060 3274 3341
5812 3171 3249 3067 3352
5813 1391 1921 1479 3224
5814 3035 3220 3059 3356
5815 3153 3200 1322 3344
5816 1842 3050 3214 3267
5817 1552 3072 3173 3262
5818 1712 1757 3301 3379
5819 1718 3128 1731 3225
5820 1836 3046 3247 3330
5821 3099 3248 3028 3258
5822 3155 3207 1184 3285
5823 1407 3146 3061 3337
5824 3063 3035 3215 3310
5825 1460 3068 1542 3180
5826 1540 3168 3104 3240
5827 3032 3195 3120 3297
5828 3153 3301 1757 3379
5829 3035 3342 3135 3368
5830 3060 3275 3192 3326
5831 3078 3352 1717 3375
5832 1732 3177 3264 3272
5833 3043 3183 3118 3197
5834 3029 3104 3168 3170
5835 3155 3206 1649 3266
5836 3188 3237 3076 3354
5837 1412 3041 3201 3235
5838 1726 3161 3128 3324
5839 1718 3128 3225 3298
5840 1540 1541 3168 3240
5841 1441 1530 3119 3138
5842 1696 1145 1244 3223
5843 1693 1572 1142 3135
5844 1142 1241 1693 3135
5845 3029 3170 3168 3261
5846 1551 1408 3146 3173
5847 1184 3207 3155 3258
5848 1198 1194 3104 3170
5849 3085 3176 1535 3210
5850 3075 3202 3139 3376
5851 1537 3195 3120 3210
5852 1444 1382 3093 3234
5853 3088 3032 3123 3214
5854 3104 3170 1194 3240
5855 1626 1627 3051 3286
5856 3035 3215 3055 3312
5857 1572 1142 3135 3324
5858 1611 1612 3053 3263
5859 3028 3090 3126 3295
5860 3117 3188 3076 3308
5861 1305 3190 3091 3287
5862 3052 3153 3097 3200
5863 1304 3079 1158 3205
5864 3080 3261 3297 3353
5865 1178 1183 1180 3148
5866 1148 3112 1152 3184
5867 1198 3104 1194 3240
5868 1552 3072 1508 3173
5869 1600 3308 3212 3354
5870 1430 3151 3069 3194
5871 3192 3275 3084 3326
5872 1272 3091 1305 3190
5873 3089 3148 3043 3183
5874 3048 3149 3126 3307
5875 3029 3167 3106 3172
5876 1155 3110 3205 3299
5877 3052 3200 3097 3339
5878 3167 3172 3029 3261
5879 3094 3139 1404 3338
5880 3072 3224 1914 3311
5881 1303 3146 1161 3190
5882 3119 3138 3043 3320
5883 3049 3276 1868 3279
5884 1733 1642 1644 3149
5885 3063 3147 3035 3310
5886 1571 1691 1238 3377
5887 1140 1571 1238 3377
5888 3035 3066 3215 3322
5889 3050 1843 3204 3244
5890 3027 3058 3107 3198
5891 1193 1197 1270 3120
5892 3037 3082 3203 3232
5893 1202 1203 1201 3291
5894 3083 3038 3182 3231
5895 3083 3182 3087 3231
5896 1552 3173 3086 3262
5897 1581 3126 1816 3321
5898 3107 3286 1933 3319
5899 3037 3194 3151 3265
5900 1757 3153 1700 3301
5901 1348 3199 1395 3219
5902 1854 3082 1810 3232
5903 1264 3200 3040 3302
5904 1293 3165 3128 3298
5905 3035 3215 3058 3322
5906 3083 3033 3231 3278
5907 1249 1250 1248 3160
5908 1855 3156 3101 3191
5909 1502 1863 3226 3238
5910 3066 3135 1729 3322
5911 3072 3162 1914 3224
5912 1462 1380 1821 3114
5913 1503 3166 1422 3318
5914 3030 3113 3064 3208
5915 1460 1539 1542 3068
5916 1794 3093 1844 3295
5917 3075 3110 3076 3300
5918 3182 3041 3359 3371
5919 3040 3186 3145 3273
5920 3042 3120 3195 3297
5921 1447 1535 3176 3210
5922 3102 3218 3189 3270
5923 3105 3174 1836 3330
5924 1503 3166 3063 3312
5925 1284 3080 1234 3255
5926 3026 3164 3122 3201
5927 3038 3141 3083 3182
5928 3027 3107 3058 3161
5929 1203 3130 1202 3275
5930 3035 3134 3342 3368
5931 3180 3242 3068 3357
5932 3041 3235 1412 3238
5933 3076 3188 3117 3237
5934 1467 3101 1413 3164
5935 3058 3215 3035 3310
5936 3035 3063 3215 3312
5937 1585 1827 1667 3323
5938 3043 3307 3259 3320
5939 1530 3294 1531 3355
5940 3037 3069 3151 3194
5941 1732 3264 1737 3272
5942 3037 3111 3077 3194
5943 3027 3066 3215 3250
5944 3027 3165 3128 3250
5945 1235 3108 1689 3316
5946 1877 319 3182 3278
5947 1130 1160 3146 3337
5948 1434 3194 3069 3213
5949 1634 1717 3171 3352
5950 1180 1183 1269 3258
5951 3093 3204 3050 3248
5952 1634 1717 3115 3171
5953 1651 3155 3100 3283
5954 1291 3298 3163 3313
5955 1503 3063 3166 3318
5956 1785 1839 3074 3167
5957 1733 1644 3126 3149
5958 1441 3138 3119 3320
5959 3127 3189 1609 3218
5960 1840 1785 3074 3196
5961 1649 3155 1651 3283
5962 3044 3264 3177 3272
5963 1683 3286 3107 3319
5964 3101 3164 1467 3247
5965 3096 3156 1853 3191
5966 1767 1827 1585 3323
5967 3035 3220 3137 3345
5968 1296 1132 1365 3293
5969 1910 3129 1909 3253
5970 1399 1395 3199 3219
5971 1737 3264 3243 3272
5972 1728 1725 3193 3375
5973 3037 3249 3171 3352
5974 1957 1902 1933 3319
5975 1791 3214 3088 3378
5976 3133 3226 3157 3278
5977 1264 3040 3268 3302
5978 324 1933 1888 3107
5979 3095 3045 3350 3382
5980 3031 3067 3116 3221
5981 1599 3112 1577 3184
5982 1786 1836 3105 3174
5983 1292 3128 1293 3165
5984 3067 3031 3116 3193
5985 3124 3142 1223 3290
5986 1872 1877 1879 3371
5987 3060 3026 3192 3275
5988 3035 3137 3063 3312
5989 1270 3120 1197 3154
5990 3033 3157 3152 3178
5991 1488 3104 1253 3240
5992 1336 1598 1349 3354
5993 1633 3329 1637 3352
5994 1407 1375 3146 3337
5995 1462 1821 1761 3114
5996 1469 1956 1931 3318
5997 1612 1614 1611 3053
5998 3082 3232 3158 3340
5999 3064 3147 3035 3220
6000 3108 3170 1276 3181
6001 1615 1723 3179 3271
6002 18 317 1881 3157
6003 1868 317 18 3157
6004 1186 3155 1184 3285
6005 3124 3290 1223 3333
6006 3041 3141 3060 3192
6007 1957 1625 1587 3319
6008 3032 3120 3195 3210
6009 1552 1478 1508 3072
6010 3100 3155 1186 3285
6011 1528 1441 3119 3320
6012 1479 3095 1887 3327
6013 3131 3231 3033 3360
6014 324 1933 3107 3286
6015 3076 3117 3075 3237
6016 1428 1759 3151 3340
6017 3062 3131 3033 3233
6018 3052 3273 3200 3339
6019 1683 3225 3107 3286
6020 3027 3054 3169 3225
6021 1428 1759 1379 3151
6022 3065 3124 3030 3209
6023 1293 3165 3298 3313
6024 1780 1784 3106 3167
6025 1730 1642 1733 3321
6026 3035 3058 3136 3322
6027 3033 3157 3087 3278
6028 1753 1710 1325 3344
6029 3081 3176 1531 3216
6030 3116 3183 3089 3230
6031 1612 3096 1613 3271
6032 1377 1422 1421 3276
6033 1852 3069 3151 3203
6034 3066 3322 1729 3324
6035 1726 1731 3128 3161
6036 3168 3170 3042 3261
6037 1852 3151 3069 3328
6038 1633 3252 3329 3352
6039 1550 3094 1404 3338
6040 3033 3049 3133 3358
6041 1647 3155 1649 3266
6042 3129 3253 1910 3311
6043 3069 3037 3151 3203
6044 1623 3106 1715 3172
6045 1535 3176 3085 3216
6046 1429 3151 3082 3340
6047 1449 1537 1535 3210
6048 1953 3098 1932 3198
6049 3122 3164 1545 3201
6050 1414 1505 1418 3141
6051 3077 3031 3118 3221
6052 1318 1315 3158 3222
6053 1305 3091 1272 3287
6054 1860 1868 3276 3279
6055 1420 3276 1421 3279
6056 1532 1424 1518 3229
6057 3086 3173 3036 3257
6058 1710 3153 1325 3344
6059 3041 3038 3141 3192
6060 3031 3077 3118 3213
6061 1728 3193 3121 3375
6062 1581 1733 3126 3321
6063 1715 3106 1623 3246
6064 3037 3067 3171 3249
6065 3106 3167 1784 3246
6066 1852 3069 1806 3328
6067 1259 1272 1305 3190
6068 1830 3096 1777 3263
6069 1723 1699 3144 3271
6070 3030 3142 3091 3287
6071 3050 1448 3210 3267
6072 3121 3211 1803 3375
6073 1913 3092 3162 3253
6074 1199 1276 3170 3181
6075 3047 3172 3167 3261
6076 1484 1365 1132 3293
6077 1576 1698 1750 3349
6078 1146 1304 1246 3349
6079 3066 3161 3027 3215
6080 3050 3176 3093 3248
6081 1715 3172 3106 3246
6082 3065 3209 3030 3220
6083 1318 1320 1315 3222
6084 1184 3155 1181 3258
6085 1335 1318 3273 3379
6086 1797 3295 3126 3386
6087 3060 3141 3038 3192
6088 3182 3192 3041 3371
6089 1518 3166 3132 3229
6090 1273 3108 1276 3181
6091 3093 3234 1844 3295
6092 1332 1322 1308 3344
6093 1249 3275 1250 3326
6094 1611 3053 1614 3228
6095 3072 3173 3086 3257
6096 3031 3078 3121 3193
6097 1189 1684 1563 3116
6098 1684 1189 1116 3116
6099 1441 1530 3138 3294
6100 1522 3194 3077 3325
6101 1829 3191 1855 3247
6102 3105 3167 1786 3174
6103 3031 3193 3121 3230
6104 1540 3104 3168 3180
6105 1146 1698 1576 3349
6106 3100 3282 3032 3283
6107 1128 1373 1493 3333
6108 1550 1481 1404 3094
6109 3084 3192 3026 3275
6110 3078 3031 3121 3211
6111 1734 1723 3144 3292
6112 3073 3033 3231 3360
6113 1478 3072 1552 3262
6114 3049 1421 3229 3276
6115 1404 3094 1481 3139
6116 1683 1625 3286 3319
6117 1259 3091 1272 3190
6118 3028 3090 3248 3266
6119 3105 3167 3029 3168
6120 1845 1844 3234 3295
6121 3030 3208 3064 3220
6122 3079 3034 3112 3269
6123 3034 3112 3110 3205
6124 1637 3329 3193 3352
6125 1613 1612 1560 3263
6126 3130 3144 3044 3363
6127 1700 3153 3097 3301
6128 1855 1831 3156 3191
6129 1537 1451 3195 3210
6130 3028 3148 3099 3258
6131 1615 1723 1727 3179
6132 3069 3031 3114 3213
6133 1273 1283 3264 3291
6134 3153 3200 3052 3273
6135 3088 3032 3282 3283
6136 1852 1806 3069 3203
6137 1766 1853 3096 3156
6138 3243 3264 1283 3291
6139 3028 3126 3159 3295
6140 3034 3103 3269 3350
6141 1423 1421 3049 3279
6142 3038 3041 3182 3192
6143 1726 1729 3322 3324
6144 3091 3189 1707 3306
6145 3041 3083 3141 3182
6146 1434 1436 3213 3328
6147 3042 3297 3261 3353
6148 3114 3213 1436 3328
6149 3075 3139 1399 3219
6150 1377 3098 1422 3276
6151 1759 1820 1379 3151
6152 1273 3264 3181 3291
6153 1712 3052 3251 3379
6154 1296 1271 1132 3293
6155 1766 1853 3156 3191
6156 1676 1672 3284 3304
6157 3076 3034 3117 3212
6158 3210 3214 3032 3282
6159 1508 3224 3072 3311
6160 3085 3282 3032 3285
6161 1261 1322 3200 3344
6162 1707 3223 3091 3389
6163 3091 3223 1259 3389
6164 1678 3143 3113 3284
6165 1823 1844 1763 3244
6166 1537 1449 1451 3210
6167 3042 3168 3104 3170
6168 1712 3301 3052 3379
6169 3046 3180 3105 3357
6170 1646 1736 1644 3149
6171 1291 1293 3298 3313
6172 3081 3028 3248 3258
6173 3130 3044 3242 3363
6174 3154 3297 3042 3353
6175 1613 1560 3096 3263
6176 1202 3275 3122 3341
6177 1222 1223 3290 3333
6178 3033 3152 3087 3178
6179 1421 1423 3049 3358
6180 3031 3069 3114 3211
6181 1693 1241 1143 3135
6182 1854 3082 3151 3340
6183 1391 1479 1548 3224
6184 3060 3201 3122 3341
6185 1146 1246 1698 3349
6186 3054 3298 3165 3313
6187 1573 1693 1143 3135
6188 1720 3163 3073 3377
6189 1736 1646 1738 3266
6190 1485 1298 1296 3119
6191 3029 3105 3180 3357
6192 1222 1227 3289 3290
6193 1296 1365 1485 3119
6194 1744 1654 3123 3150
6195 3038 3125 3073 3288
6196 1783 1781 1786 3174
6197 3270 3350 3045 3382
6198 1683 3161 3107 3225
6199 1329 3186 1323 3200
6200 3047 3106 3167 3172
6201 1783 1786 3167 3174
6202 1598 3184 1349 3354
6203 1839 1840 1785 3074
6204 1393 3139 1939 3219
6205 1827 1667 3106 3246
6206 3243 3264 3044 3272
6207 3030 3091 3257 3287
6208 1731 3128 3161 3225
6209 3030 3143 3113 3257
6210 1387 1502 1863 3226
6211 1804 1848 1849 3328
6212 1784 1780 3106 3246
6213 3157 3226 3133 3279
6214 3035 3136 3064 3220
6215 1744 1652 1654 3150
6216 1618 3096 1613 3305
6217 1641 3089 1643 3230
6218 1834 3101 1468 3247
6219 1375 1130 3146 3337
6220 1219 3132 1214 3165
6221 3032 3210 3109 3214
6222 1487 1119 1367 3120
6223 1444 3234 3093 3294
6224 1540 3104 3180 3315
6225 1792 3050 3204 3214
6226 1531 3176 3081 3294
6227 3103 3117 1942 3202
6228 1540 3168 1457 3180
6229 3131 3288 3231 3360
6230 1724 3108 1732 3177
6231 1724 3172 3108 3177
6232 1676 3284 3064 3304
6233 1734 1723 1699 3144
6234 1841 3109 3196 3314
6235 3099 3148 1179 3258
6236 1212 1278 3125 3288
6237 1805 3203 3078 3211
6238 3125 1212 3288 3326
6239 3032 3196 3123 3214
6240 3088 3245 3204 3378
6241 3060 3038 3160 3326
6242 3076 3237 3075 3300
6243 1599 1747 3112 3212
6244 3064 3284 3220 3356
6245 3132 3166 1519 3332
6246 1176 1271 1178 3148
6247 1707 3189 3091 3223
6248 1540 3180 1542 3315
6249 3091 3190 1259 3223
6250 1855 1828 1831 3191
6251 3058 3161 1703 3322
6252 1841 3196 1840 3314
6253 1950 1913 1949 3092
6254 1429 3151 1430 3194
6255 3100 3155 3039 3283
6256 3083 3226 1863 3238
6257 1528 1365 1484 3293
6258 3107 3161 1683 3319
6259 1398 1348 1395 3219
6260 3045 3269 3103 3350
6261 3155 3206 3039 3283
6262 3027 3107 3161 3225
6263 3151 3203 3082 3232
6264 1273 3108 3181 3264
6265 1428 3151 1429 3340
6266 1432 3194 1434 3213
6267 1487 1192 1119 3120
6268 1466 3105 1838 3330
6269 3030 3129 3209 3262
6270 3104 3180 3068 3181
6271 1791 3088 3204 3378
6272 1613 1619 3144 3272
6273 1951 3227 3103 3343
6274 3045 3280 3095 3350
6275 1608 1749 1610 3189
6276 1855 1831 3101 3156
6277 1303 1161 1163 3190
6278 1552 1410 3086 3173
6279 3053 3192 3182 3371
6280 1222 3289 3065 3290
6281 1854 1810 1808 3232
6282 1714 1655 1688 3080
6283 1519 3132 1518 3166
6284 3038 3160 3125 3288
6285 1444 1442 3234 3294
6286 1689 3108 1235 3264
6287 1318 3158 3052 3222
6288 3217 3303 3056 3372
6289 3057 3027 3169 3229
6290 1926 1925 1924 3327
6291 3034 3110 3075 3260
6292 1703 3161 3058 3319
6293 1703 3236 3058 3322
6294 3032 3150 3100 3283
6295 3100 3154 3032 3285
6296 1627 3152 3051 3178
6297 3039 3155 3100 3285
6298 3065 3345 3137 3373
6299 1777 1617 3096 3305
6300 1668 1578 1880 3178
6301 1593 1138 1237 3292
6302 1237 1658 1593 3292
6303 3099 3149 3028 3266
6304 3062 3231 3131 3288
6305 1729 1572 3135 3324
6306 1142 1290 3135 3324
6307 3081 3216 1531 3355
6308 3039 3207 3155 3285
6309 1609 3127 1608 3189
6310 1154 3112 1301 3205
6311 3084 3144 3026 3192
6312 1749 3092 1610 3189
6313 1202 1250 3275 3341
6314 1198 3181 3104 3315
6315 3052 3273 1318 3379
6316 3100 3032 3282 3285
6317 1678 3284 3113 3348
6318 3086 3036 3190 3257
6319 1399 3075 3199 3260
6320 1612 1614 3053 3271
6321 1413 3101 1467 3247
6322 1779 3174 1780 3323
6323 1838 3105 1466 3364
6324 1551 3086 1410 3173
6325 1846 3159 3071 3346
6326 1198 3170 3104 3181
6327 3157 3178 3087 3278
6328 3158 3232 1837 3340
6329 1732 3177 3108 3264
6330 1256 3181 1198 3315
6331 3072 3036 3173 3257
6332 3026 3130 3242 3363
6333 1712 3251 3052 3301
6334 1608 3127 1609 3218
6335 1493 3124 1228 3333
6336 3135 3324 1290 3342
6337 1927 3103 1592 3308
6338 1942 3117 3103 3308
6339 1342 1359 1343 3300
6340 3027 3215 3055 3250
6341 1724 1622 3172 3177
6342 1725 1717 3352 3375
6343 1535 3216 3085 3362
6344 3060 3192 3026 3201
6345 3038 3192 3084 3326
6346 1478 1508 3072 3311
6347 1419 3201 3060 3341
6348 1551 1410 1408 3173
6349 1780 3174 3106 3323
6350 1148 1262 1709 3184
6351 1229 1147 1323 3186
6352 1816 3126 1799 3321
6353 1800 3071 1847 3187
6354 1714 3080 1688 3316
6355 3111 3175 3037 3385
6356 1522 1521 3194 3325
6357 1853 3096 3191 3305
6358 1481 3094 1550 3327
6359 1429 3151 3194 3265
6360 1618 1621 3070 3305
6361 1573 3135 1143 3335
6362 1741 3143 3284 3335
6363 3113 3257 3143 3306
6364 1696 3102 1244 3349
6365 3039 3206 3155 3266
6366 3030 3208 3056 3209
6367 1272 3091 1259 3389
6368 1199 3170 1198 3181
6369 1726 1702 1731 3161
6370 1614 3179 3053 3271
6371 3046 3105 3174 3357
6372 3043 3148 3089 3307
6373 3070 3305 1621 3323
6374 1610 3092 1749 3306
6375 3163 3298 3054 3313
6376 1261 1308 1322 3344
6377 3155 3207 3039 3258
6378 1163 1303 3086 3287
6379 3052 3158 1318 3273
6380 1924 3202 3094 3343
6381 1322 3153 1328 3200
6382 1416 1545 3164 3201
6383 1942 3103 1927 3308
6384 1606 3103 1592 3227
6385 1640 1728 3193 3230
6386 1245 3079 1304 3349
6387 3034 3076 3112 3212
6388 1456 3168 3105 3180
6389 1805 1803 3211 3375
6390 1450 3109 1452 3195
6391 3078 3115 3037 3203
6392 1729 3322 3135 3356
6393 1618 3070 1621 3272
6394 1219 3296 3057 3313
6395 3106 3177 1623 3323
6396 1482 1362 1520 3268
6397 3057 3296 1532 3358
6398 1861 1387 1863 3226
6399 3129 3208 1909 3253
6400 1799 3321 3126 3346
6401 3079 1245 3277 3349
6402 1523 3209 3333 3345
6403 1235 1689 1136 3316
6404 1621 1623 3177 3323
6405 1687 3100 1233 3255
6406 1540 1455 1457 3168
6407 3076 3184 1352 3336
6408 1683 1587 1625 3319
6409 3220 3284 3059 3356
6410 1533 1531 3176 3216
6411 1533 3176 1535 3216
6412 3106 3172 1623 3177
6413 1924 3094 3280 3343
6414 1329 1323 1314 3200
6415 3068 3164 3122 3242
6416 1797 1795 3295 3386
6417 1780 3167 3106 3174
6418 3067 3249 3175 3385
6419 1303 1163 3086 3190
6420 1718 1731 1629 3225
6421 1543 1523 3209 3333
6422 3051 3152 3054 3169
6423 1206 1122 1516 3122
6424 1169 3221 1172 3329
6425 1721 3152 1720 3163
6426 3086 3190 3091 3257
6427 1393 1884 1939 3139
6428 1949 3092 1913 3253
6429 3144 3192 3084 3271
6430 1360 1413 3101 3235
6431 1122 1378 1516 3122
6432 1172 3221 3116 3329
6433 3147 3220 3064 3372
6434 3063 3198 1934 3310
6435 3030 3129 3208 3209
6436 1703 3058 3236 3319
6437 1858 1837 1810 3232
6438 3121 3193 1728 3230
6439 1736 3126 1644 3149
6440 3034 3202 3103 3350
6441 1482 1520 3111 3268
6442 1199 1276 1196 3170
6443 3037 3194 3077 3249
6444 1916 3208 1947 3348
6445 319 3083 1865 3182
6446 3071 3159 1846 3381
6447 3128 3161 3066 3324
6448 3067 3329 3252 3352
6449 1343 1341 3237 3300
6450 1836 1786 3105 3330
6451 3034 3260 3094 3338
6452 1193 3353 3120 3383
6453 1188 3099 1565 3256
6454 3030 3142 3059 3143
6455 3103 3045 3227 3269
6456 1622 1623 3172 3177
6457 1821 3114 1380 3328
6458 1139 1658 1237 3125
6459 1658 1139 1570 3125
6460 3062 3038 3141 3231
6461 3202 3343 3103 3350
6462 1741 3254 3143 3335
6463 3050 3214 3210 3282
6464 1457 3168 1456 3180
6465 3181 3264 3044 3291
6466 1273 1276 1199 3181
6467 319 3083 3182 3278
6468 1703 1683 3161 3319
6469 3060 3141 3041 3201
6470 1666 1819 1583 3123
6471 1343 1341 1342 3237
6472 3091 3142 3030 3143
6473 3033 3133 3233 3358
6474 1493 1228 1128 3333
6475 1399 3139 1393 3219
6476 1536 3331 3062 3370
6477 1342 1343 3237 3300
6478 1783 3167 1780 3174
6479 1868 18 322 3185
6480 1277 3360 3163 3377
6481 1399 1398 1395 3219
6482 1508 3173 3072 3224
6483 1786 3167 3105 3364
6484 3035 3056 3137 3220
6485 3076 1352 3300 3336
6486 1180 1179 3148 3258
6487 1419 1545 1415 3201
6488 3035 3063 3137 3147
6489 1561 1141 1692 3128
6490 1240 1692 1141 3128
6491 1201 1256 3068 3291
6492 1522 1521 1432 3194
6493 1581 1770 1663 3321
6494 1358 1341 3075 3219
6495 3118 3183 1174 3221
6496 3098 3198 1953 3318
6497 1807 1805 3078 3375
6498 1452 1454 3074 3314
6499 1452 3074 3195 3314
6500 1568 1136 1689 3316
6501 1653 3100 3150 3283
6502 1342 3237 3188 3354
6503 3054 3051 3169 3225
6504 1288 3128 1292 3250
6505 1872 3263 3053 3371
6506 3044 3264 3243 3291
6507 1284 3080 1285 3316
6508 3035 3137 3056 3147
6509 1791 3204 3088 3214
6510 3027 3054 3165 3169
6511 1284 1234 3080 3316
6512 1745 1606 1592 3227
6513 1174 3118 1297 3183
6514 1580 1769 1662 3121
6515 1539 3068 3164 3351
6516 3054 3152 3033 3169
6517 1360 1412 1413 3235
6518 1645 3149 3099 3266
6519 1781 1783 1780 3174
6520 1413 3164 3101 3201
6521 3062 3141 3038 3160
6522 3125 3160 3038 3326
6523 1201 3068 1256 3351
6524 1199 1196 1198 3170
6525 1939 3219 3139 3376
6526 1438 3071 3197 3317
6527 1766 1828 1853 3191
6528 1438 3197 3071 3320
6529 3098 3185 1932 3198
6530 1452 3195 3109 3314
6531 1703 1671 3236 3322
6532 1163 1247 1303 3287
6533 1624 1622 1623 3172
6534 1525 1522 3213 3366
6535 3033 3133 3049 3157
6536 1655 3080 3150 3255
6537 3052 3222 3158 3232
6538 1731 3161 1629 3225
6539 1775 1834 1855 3101
6540 3135 3322 3136 3356
6541 1276 3170 3108 3316
6542 3054 3152 3051 3225
6543 1536 3233 3062 3331
6544 1247 3086 1303 3287
6545 1418 3141 1505 3331
6546 3051 3033 3152 3169
6547 1539 1542 3068 3351
6548 1839 3167 1786 3364
6549 1577 1698 1148 3112
6550 1935 3310 3147 3347
6551 1736 1733 1644 3126
6552 1864 3226 3157 3279
6553 3061 3146 3281 3382
6554 1830 1766 1853 3096
6555 3116 3193 3031 3230
6556 1285 3170 1276 3316
6557 3070 3177 1621 3272
6558 3036 3102 3189 3270
6559 1747 1577 1599 3112
6560 3038 3073 3125 3309
6561 3062 3233 1536 3370
6562 1841 3196 3109 3214
6563 1148 1301 1152 3112
6564 3067 3193 3329 3352
6565 1720 1721 1630 3152
6566 3087 3182 3083 3278
6567 3071 1847 3187 3317
6568 3049 1423 3279 3358
6569 3082 3232 3037 3339
6570 3036 3127 3092 3162
6571 1816 1581 1664 3126
6572 3081 3294 3119 3355
6573 1424 3166 1518 3229
6574 3158 3222 1811 3232
6575 1636 1757 1700 3301
6576 1612 3053 3263 3271
6577 1407 3061 3146 3281
6578 1805 1807 3078 3203
6579 1526 3293 3197 3320
6580 1709 1577 1148 3184
6581 1292 1293 1218 3165
6582 1214 3132 1215 3250
6583 3056 3303 3217 3345
6584 1520 1557 3265 3268
6585 3122 3291 1201 3351
6586 1267 3154 3100 3285
6587 1948 1943 1713 3127
6588 1795 3204 3090 3245
6589 1789 3123 3196 3214
6590 3034 3269 3079 3350
6591 3038 3182 3053 3192
6592 3078 3203 3037 3249
6593 1285 3170 3080 3353
6594 1847 1800 1846 3071
6595 1737 3243 3144 3272
6596 3096 3144 1613 3271
6597 1917 3162 3095 3224
6598 1288 3128 3250 3324
6599 1743 1744 1654 3123
6600 1599 3076 3184 3354
6601 1539 1545 3122 3164
6602 1284 1285 1234 3316
6603 1868 1864 3157 3279
6604 1499 3082 1429 3265
6605 1429 3082 3151 3265
6606 3072 3030 3253 3257
6607 3083 3141 3038 3231
6608 3062 3033 3131 3231
6609 1187 1270 1197 3154
6610 3079 3269 3045 3350
6611 1519 3312 3239 3332
6612 3074 3167 3105 3168
6613 1700 3097 1632 3301
6614 3240 3353 1193 3383
6615 1399 3139 3075 3260
6616 3082 3145 1499 3340
6617 1925 1926 1392 3327
6618 1641 1643 1642 3230
6619 3027 3166 3098 3229
6620 3045 3127 3218 3270
6621 1528 1441 1530 3119
6622 1952 3198 3107 3319
6623 3069 3203 1806 3211
6624 3026 3130 3084 3275
6625 3146 3173 1408 3382
6626 1215 3250 3132 3332
6627 3038 3179 3084 3192
6628 1148 1698 1246 3112
6629 1190 3111 1280 3268
6630 3140 3205 3110 3299
6631 1285 3080 3170 3316
6632 3037 3302 3111 3339
6633 1802 3114 1848 3211
6634 1845 1796 1844 3295
6635 1802 3114 3187 3317
6636 1525 3197 3118 3213
6637 3113 3348 1946 3374
6638 1455 1540 1541 3168
6639 1400 3260 3199 3299
6640 3157 3169 3051 3185
6641 3167 3261 3074 3297
6642 1724 1732 1622 3177
6643 1606 3103 3227 3269
6644 1626 1578 1627 3286
6645 3029 3174 3105 3357
6646 1681 1946 3348 3374
6647 1172 1175 3116 3183
6648 1413 1468 1360 3101
6649 1773 1819 1666 3123
6650 1737 1734 3144 3243
6651 3068 1542 3180 3315
6652 3074 1840 3196 3314
6653 1613 1618 1619 3272
6654 1529 1532 3296 3358
6655 3095 3350 3281 3382
6656 3026 3144 3130 3363
6657 1839 1840 3074 3314
6658 1264 3268 1310 3302
6659 1543 3209 3124 3333
6660 1750 3079 3218 3349
6661 1705 1669 3087 3309
6662 1841 1788 1840 3196
6663 1753 1332 1308 3344
6664 1750 3218 3079 3269
6665 1169 3252 3067 3329
6666 3157 3226 1864 3278
6667 1208 3160 3062 3288
6668 1284 3154 3080 3255
6669 3137 3220 3056 3345
6670 1742 1652 1744 3283
6671 1525 3213 3118 3366
6672 3116 3183 1175 3369
6673 3036 3162 3095 3367
6674 3131 3288 1209 3334
6675 1802 3187 1847 3317
6676 3198 3310 3058 3319
6677 3047 3261 3167 3297
6678 3062 3160 1208 3370
6679 1517 3141 1534 3370
6680 3230 3259 3089 3307
6681 1718 3225 3054 3298
6682 3105 3168 1456 3364
6683 3133 3083 3226 3278
6684 1846 3071 1800 3346
6685 3065 3333 3209 3345
6686 1454 1456 3168 3364
6687 1314 1147 1261 3200
6688 3047 3167 3074 3297
6689 1298 3119 1485 3355
6690 1847 3071 1846 3317
6691 1279 1212 1278 3125
6692 1441 1443 1530 3294
6693 3080 3170 3108 3261
6694 1352 1336 1349 3354
6695 1678 3113 3306 3374
6696 3027 3058 3198 3215
6697 1794 3204 1843 3244
6698 1779 3305 3070 3323
6699 1409 1408 3173 3382
6700 1552 3086 1494 3262
6701 3095 3173 1548 3224
6702 1655 3150 3080 3361
6703 3108 3172 1724 3316
6704 1802 3187 3114 3211
6705 3049 3169 3157 3185
6706 1887 3095 1917 3327
6707 3049 3157 3133 3279
6708 1223 3142 1224 3290
6709 3080 3108 3172 3261
6710 3126 3159 1797 3346
6711 1416 1415 1545 3201
6712 1854 3151 1759 3340
6713 3079 3112 3034 3205
6714 1174 3118 3221 3366
6715 1917 3095 1922 3327
6716 1678 3113 3143 3306
6717 3038 3125 3084 3179
6718 1888 3107 1952 3198
6719 1779 1817 3070 3305
6720 1438 3320 3071 3381
6721 1766 3096 1830 3263
6722 3280 3281 3095 3350
6723 1714 3080 3172 3361
6724 1934 3198 3063 3318
6725 1119 1367 3120 3362
6726 3141 3331 1534 3370
6727 1276 3108 1273 3264
6728 3027 3185 3098 3198
6729 3089 3259 3183 3307
6730 1297 3183 3118 3293
6731 1916 1912 1947 3208
6732 3065 3289 1222 3333
6733 1275 3275 1274 3292
6734 1390 1500 1908 3129
6735 1194 1193 3240 3353
6736 3080 1714 3172 3316
6737 1828 3156 1831 3191
6738 1869 1865 3238 3359
6739 1390 1908 1886 3129
6740 3041 3192 3060 3201
6741 1457 1455 1456 3168
6742 1409 1548 3095 3173
6743 3055 3027 3166 3215
6744 1839 3314 3074 3364
6745 1174 3221 1268 3366
6746 3027 3107 3185 3198
6747 1934 1953 3198 3318
6748 3048 3159 3126 3346
6749 1452 3109 1450 3314
6750 1653 1651 1687 3100
6751 3056 3035 3147 3220
6752 1928 3208 3129 3303
6753 3125 3288 3160 3326
6754 1469 1422 1377 3098
6755 3027 3165 3057 3169
6756 1841 1788 3196 3214
6757 1779 3070 3174 3323
6758 1958 1939 3139 3376
6759 1715 3246 1743 3361
6760 1318 3222 3052 3379
6761 1174 1297 1173 3183
6762 1422 3098 3166 3229
6763 1916 3113 3208 3348
6764 1714 1724 3172 3316
6765 3129 3209 1472 3303
6766 3103 3117 3034 3212
6767 1786 1781 1836 3174
6768 3039 3282 3100 3283
6769 1409 3173 3095 3382
6770 1279 1212 3125 3326
6771 1863 1865 3083 3238
6772 1445 3176 1531 3294
6773 3102 3189 1748 3223
6774 1688 1567 1135 3255
6775 1302 3190 3102 3223
6776 1770 1581 1816 3321
6777 1525 1526 3118 3197
6778 3062 3233 3133 3331
6779 1932 1953 1895 3098
6780 1436 3114 1438 3197
6781 1532 3229 3057 3358
6782 1209 3288 3131 3360
6783 1878 3278 1877 3384
6784 1456 3180 3105 3330
6785 1898 3310 3198 3319
6786 1256 3181 3068 3291
6787 3089 3148 1177 3256
6788 1614 3053 3179 3228
6789 1522 3077 3213 3366
6790 3084 3130 3026 3144
6791 1421 3049 3229 3358
6792 3040 3111 3302 3339
6793 1833 1811 3158 3222
6794 1174 3183 1173 3221
6795 1292 3128 3165 3250
6796 1688 1135 1234 3255
6797 1624 1724 1622 3172
6798 1909 3129 1928 3208
6799 3080 3154 1284 3353
6800 1189 3116 1563 3329
6801 3030 3124 3142 3287
6802 1795 3245 3090 3386
6803 3056 3030 3209 3220
6804 3034 3212 3112 3269
6805 1749 3092 1680 3306
6806 1503 3312 3063 3347
6807 1472 3129 1506 3209
6808 1620 3177 1732 3272
6809 3067 3077 3249 3385
6810 3028 3138 3093 3159
6811 1179 3148 3099 3256
6812 3060 3038 3141 3160
6813 1293 3128 1292 3298
6814 1731 3128 1718 3298
6815 1155 1154 1156 3205
6816 1876 3178 3157 3278
6817 1490 1371 1213 3132
6818 1126 1213 1371 3132
6819 3066 3055 3250 3342
6820 1958 1939 1884 3139
6821 1947 3348 3208 3372
6822 1950 1943 1919 3127
6823 1190 1280 1114 3268
6824 1831 3101 3156 3235
6825 3126 3295 3090 3386
6826 1284 1285 3080 3353
6827 1957 1587 1902 3319
6828 3044 3181 3242 3357
6829 1609 1748 3102 3189
6830 1551 1494 1410 3086
6831 1653 3100 1687 3255
6832 1892 1942 1927 3308
6833 3121 3230 1730 3321
6834 1517 3274 3141 3370
6835 3030 3056 3208 3220
6836 1539 3164 3122 3351
6837 3233 3334 1536 3370
6838 1289 3290 3142 3335
6839 1604 3112 3212 3269
6840 1219 1125 1213 3296
6841 3062 3334 3233 3370
6842 3218 3227 3045 3269
6843 1274 3275 3084 3292
6844 1272 3254 3142 3389
6845 1643 3256 3089 3369
6846 1820 1760 1461 3151
6847 1934 3318 3063 3347
6848 1621 3177 3070 3323
6849 1741 1739 3143 3254
6850 1528 3293 1526 3320
6851 3058 3027 3161 3215
6852 1887 1917 1922 3327
6853 3034 3117 3103 3202
6854 1888 3185 3107 3198
6855 3092 3127 3036 3189
6856 3089 1175 3183 3369
6857 1450 3109 3195 3210
6858 3038 3179 3087 3309
6859 3083 3231 3087 3278
6860 1194 3240 3170 3353
6861 1302 3102 3190 3277
6862 3093 3176 3050 3244
6863 1839 3074 3167 3364
6864 1235 1276 3108 3316
6865 1645 1646 3149 3266
6866 3089 3256 1177 3369
6867 3074 3167 3047 3196
6868 1454 3168 3074 3364
6869 3026 3101 3156 3191
6870 3090 3039 3248 3266
6871 1407 3146 1408 3382
6872 1581 1663 1733 3321
6873 1952 1898 3198 3319
6874 3239 3312 3055 3332
6875 1429 3082 1499 3340
6876 1922 3095 1917 3280
6877 1156 3140 1131 3299
6878 1643 3149 3089 3256
6879 1853 3191 1817 3305
6880 1805 1806 3203 3211
6881 1932 3185 1888 3198
6882 3068 3315 1256 3351
6883 3094 3281 3280 3350
6884 1816 1664 1771 3126
6885 1606 3227 3218 3269
6886 3041 3141 3083 3238
6887 1409 3095 3281 3382
6888 1643 1564 3256 3369
6889 3056 3208 3129 3209
6890 1820 1461 1379 3151
6891 1761 1462 3114 3317
6892 3049 3033 3157 3169
6893 1655 3080 1714 3361
6894 1537 1538 3120 3195
6895 1800 3071 3187 3346
6896 1494 1552 1410 3086
6897 1609 3102 1748 3218
6898 1336 1594 1598 3354
6899 3051 3157 3033 3169
6900 1512 1393 1939 3219
6901 3074 3314 1454 3364
6902 3054 3225 3128 3298
6903 3050 3204 3093 3244
6904 1407 3281 3146 3382
6905 3068 3164 3046 3180
6906 3091 3190 3036 3257
6907 3199 3260 3110 3299
6908 1676 3284 1678 3348
6909 3089 3183 3043 3307
6910 3062 3231 3141 3331
6911 1651 3100 1653 3283
6912 1732 3108 1724 3264
6913 3086 3072 3257 3262
6914 1256 3068 3181 3315
6915 1282 3142 1272 3254
6916 1232 1177 3256 3369
6917 3074 3261 3168 3297
6918 1525 1437 3197 3213
6919 1882 1611 1704 3228
6920 1742 3245 3206 3378
6921 3102 1609 3189 3218
6922 3038 3073 3231 3288
6923 3073 3309 1720 3377
6924 1683 1626 3225 3286
6925 1339 1938 1344 3237
6926 3058 3310 3236 3319
6927 1383 1448 1446 3244
6928 1399 3199 1400 3260
6929 1223 3142 3124 3287
6930 3163 3360 3073 3377
6931 1442 3138 3234 3294
6932 1816 1799 1770 3321
6933 1716 3306 3143 3389
6934 1916 1911 3208 3253
6935 3071 1846 3317 3381
6936 3082 3145 3040 3265
6937 1438 1440 3320 3381
6938 1438 3197 3114 3317
6939 1450 3195 1451 3210
6940 1383 1448 3244 3267
6941 1352 1349 3184 3354
6942 3031 3183 3118 3221
6943 3044 3144 3130 3243
6944 1456 1458 3180 3330
6945 3045 3103 3343 3350
6946 1285 1196 1276 3170
6947 3091 3086 3257 3287
6948 1926 1481 1392 3327
6949 1407 1408 1409 3382
6950 1833 1811 1774 3158
6951 1519 1524 3239 3312
6952 1604 3112 1747 3212
6953 1768 1595 1661 3251
6954 3236 3310 1898 3319
6955 1429 1430 1431 3194
6956 1534 3331 1536 3370
6957 3039 3088 3282 3283
6958 1913 1950 1915 3162
6959 1235 1136 1276 3316
6960 1540 1457 1542 3180
6961 3031 3118 3197 3213
6962 1916 3208 3113 3253
6963 1434 3213 3069 3328
6964 1649 3206 1648 3266
6965 3171 3252 1633 3352
6966 1525 1437 1526 3197
6967 1542 3315 3068 3351
6968 1364 3118 1266 3366
6969 1169 3067 3221 3329
6970 1523 3289 1527 3345
6971 3081 3248 3028 3294
6972 3145 3158 3082 3339
6973 1715 3172 3246 3361
6974 1865 3182 3083 3238
6975 1689 3108 1724 3316
6976 3038 3062 3160 3231
6977 1653 3150 3100 3255
6978 3204 3248 3093 3295
6979 1814 1769 1580 3121
6980 1215 3055 3250 3332
6981 3084 3192 3179 3271
6982 1493 1228 3124 3380
6983 1673 3322 1729 3356
6984 3093 3138 3028 3294
6985 1525 1522 1435 3213
6986 3071 3317 1438 3381
6987 1341 1358 3075 3300
6988 3168 3261 3042 3297
6989 1589 1946 1945 3348
6990 1681 3348 3113 3374
6991 1456 1466 3105 3364
6992 3030 3091 3143 3257
6993 1649 1650 3206 3283
6994 3052 3301 3153 3379
6995 1237 1138 1274 3292
6996 1723 1593 1658 3292
6997 1186 1267 1233 3100
6998 1539 1416 1545 3164
6999 1279 3125 1237 3326
7000 1791 1792 3204 3214
7001 1425 1519 1518 3166
7002 1639 3116 1641 3230
7003 1845 3234 3159 3295
7004 3037 3301 3097 3339
7005 1537 1451 1538 3195
7006 3108 3170 3029 3261
7007 3030 3257 3072 3262
7008 1855 3101 1834 3247
7009 1184 1182 3207 3258
7010 3125 3288 1278 3377
7011 3120 3195 1538 3383
7012 1275 3130 3275 3292
7013 1314 1261 1322 3200
7014 3084 3125 3038 3326
7015 3183 3259 3043 3307
7016 3075 3237 1341 3300
7017 1705 1706 1669 3309
7018 3118 3197 1526 3293
7019 1737 3144 1619 3272
7020 1636 1712 1757 3301
7021 3097 3302 3037 3339
7022 3143 3059 3284 3335
7023 1863 3083 1866 3226
7024 1626 3051 3225 3286
7025 3067 3031 3193 3249
7026 1208 3288 3062 3334
7027 3040 3265 3111 3339
7028 3083 3226 1505 3331
7029 1643 3089 1641 3369
7030 1214 3165 3132 3250
7031 1428 1379 1429 3151
7032 1759 1854 1820 3151
7033 1185 1184 3207 3285
7034 1838 1786 3105 3364
7035 1478 1506 3129 3262
7036 1323 1329 1327 3186
7037 1430 3151 1461 3328
7038 1797 3159 3126 3295
7039 3108 3029 3172 3261
7040 1280 3111 1167 3302
7041 1175 3089 1177 3369
7042 1416 3164 1413 3201
7043 3090 3028 3248 3295
7044 1339 1894 1938 3237
7045 3037 3115 3301 3339
7046 1610 3189 3092 3306
7047 3095 3162 1917 3367
7048 1432 1430 1434 3194
7049 1911 1909 3208 3253
7050 3048 3259 3230 3307
7051 1737 1620 1732 3272
7052 1676 3304 3064 3348
7053 3096 3144 3026 3363
7054 3099 3148 3028 3149
7055 1385 1835 1466 3364
7056 1219 1213 1214 3132
7057 3031 3187 3121 3211
7058 3079 3277 3102 3349
7059 3031 3114 3197 3259
7060 3128 3165 3054 3298
7061 1174 1170 1268 3221
7062 1819 1583 3123 3378
7063 3031 3187 3114 3259
7064 3086 3190 1163 3287
7065 1154 3110 1153 3336
7066 3120 3353 3042 3383
7067 1841 1790 1788 3214
7068 1839 1783 1786 3167
7069 1520 1431 1521 3111
7070 1573 1735 3135 3335
7071 1294 1143 3135 3335
7072 1233 3100 1267 3255
7073 1953 1931 1895 3098
7074 1916 1946 3113 3348
7075 1429 3194 1431 3265
7076 3070 1817 3191 3305
7077 1619 1737 1734 3144
7078 3067 3037 3175 3249
7079 1751 1716 1707 3306
7080 1267 3100 1186 3285
7081 3156 3192 3053 3371
7082 1155 1156 1131 3299
7083 1478 3262 3129 3311
7084 1516 1206 3122 3341
7085 3288 3360 1278 3377
7086 1456 1385 1466 3364
7087 1726 1702 3161 3322
7088 1610 1749 1680 3306
7089 3078 3211 3121 3375
7090 3073 3038 3231 3309
7091 3028 3159 3093 3295
7092 1294 3335 3135 3368
7093 1841 3214 3109 3267
7094 3300 3336 1351 3388
7095 1669 1705 3087 3384
7096 1543 1523 1474 3209
7097 1766 3156 3096 3263
7098 3072 3253 3129 3311
7099 3232 3301 3115 3339
7100 1520 3265 3111 3268
7101 1506 3129 1472 3303
7102 1719 1720 3309 3377
7103 1490 1532 1518 3132
7104 3031 3067 3221 3249
7105 3135 3335 1735 3356
7106 3072 1910 3253 3311
7107 1411 1412 3235 3238
7108 3036 3146 3086 3190
7109 1476 3312 1503 3347
7110 3086 3146 3036 3173
7111 3065 3290 3124 3333
7112 1938 3188 1344 3237
7113 3039 3100 3282 3285
7114 1600 3188 3308 3354
7115 3039 3081 3248 3258
7116 1267 3100 3154 3255
7117 3141 3231 3083 3331
7118 1768 1661 3115 3251
7119 1418 1534 1517 3141
7120 3038 3231 3160 3288
7121 1756 3251 1712 3301
7122 3143 3254 1716 3389
7123 1932 3098 1895 3276
7124 3159 3234 1846 3381
7125 1942 1959 3117 3308
7126 1343 1359 1352 3300
7127 1917 3280 3095 3367
7128 3037 3111 3265 3339
7129 1693 1729 1572 3135
7130 1142 1290 1241 3135
7131 3067 3193 3116 3329
7132 3066 3250 1288 3342
7133 1841 3109 1764 3267
7134 1270 1187 1287 3285
7135 1659 1571 1239 3163
7136 1239 1571 1140 3163
7137 1712 3251 3222 3379
7138 1830 1853 1777 3096
7139 1533 1447 1535 3176
7140 1445 1533 1531 3176
7141 1591 1948 1713 3127
7142 3097 3200 3302 3339
7143 1534 3141 1418 3331
7144 1613 1560 1617 3096
7145 1589 1681 1946 3348
7146 1645 1565 3099 3256
7147 3047 3150 3123 3361
7148 3165 3169 3054 3313
7149 1916 3113 1949 3253
7150 1728 1725 1638 3193
7151 3057 3169 3165 3313
7152 1641 3230 3116 3369
7153 1250 3060 3275 3341
7154 1645 3099 3149 3256
7155 3120 3154 3042 3353
7156 3101 3164 3026 3201
7157 1188 1179 3099 3256
7158 3143 3306 3091 3389
7159 1548 1480 1409 3095
7160 1760 1461 3151 3328
7161 1288 3250 3066 3324
7162 3036 3072 3162 3257
7163 1701 1621 3305 3323
7164 1413 1468 3101 3247
7165 3096 3305 3272 3363
7166 3069 3031 3213 3249
7167 1722 1634 1717 3115
7168 1431 1521 3111 3194
7169 1678 3306 1680 3374
7170 1503 3063 3318 3347
7171 1450 3109 3210 3267
7172 1204 1203 1202 3275
7173 1292 3165 1216 3250
7174 1618 1701 1621 3305
7175 1793 3204 1795 3245
7176 1944 3227 3343 3367
7177 3037 3171 3097 3301
7178 1766 3156 1828 3191
7179 1664 1771 3126 3386
7180 3062 1208 3334 3370
7181 1727 3179 3125 3309
7182 3093 3028 3248 3294
7183 1909 3129 1910 3311
7184 1636 1700 1632 3301
7185 1677 3143 1678 3284
7186 1797 3126 1771 3386
7187 3046 3164 3068 3242
7188 3031 3069 3211 3249
7189 3091 3190 3086 3287
7190 1406 3337 3281 3338
7191 1548 3095 1479 3327
7192 1928 3129 1909 3303
7193 3042 3353 3240 3383
7194 3051 3185 3107 3286
7195 3160 3231 3062 3288
7196 1352 3184 3076 3354
7197 3081 3039 3207 3258
7198 3046 3242 3180 3357
7199 3086 3173 3072 3262
7200 1172 3183 3116 3221
7201 1180 1179 1178 3148
7202 3114 3197 1436 3213
7203 1644 1642 1643 3149
7204 1821 1848 1761 3114
7205 3073 3360 3288 3377
7206 1190 3111 1482 3325
7207 3079 3205 3034 3350
7208 3087 3231 3033 3278
7209 3097 3153 1700 3344
7210 1944 3343 3280 3367
7211 3061 3270 3079 3277
7212 1901 1932 1888 3198
7213 1116 1684 3116 3369
7214 3045 3079 3218 3269
7215 1324 1394 1313 3145
7216 1769 3121 1803 3375
7217 1222 3290 3065 3333
7218 3050 3204 3088 3282
7219 1407 3061 3281 3337
7220 3085 3210 3032 3282
7221 1501 1505 3226 3331
7222 1907 1942 3117 3202
7223 3147 3310 3063 3347
7224 1568 1689 1724 3316
7225 3040 3302 3200 3339
7226 3097 3175 3037 3302
7227 3038 3053 3179 3192
7228 1634 3171 3115 3301
7229 1198 1253 3104 3240
7230 1866 3083 319 3278
7231 3061 3205 3079 3350
7232 1291 3313 3163 3360
7233 3031 3116 3183 3221
7234 1167 3175 3111 3385
7235 3088 3039 3206 3283
7236 3068 1201 3291 3351
7237 1267 1187 3154 3285
7238 3044 3144 3243 3272
7239 3111 3175 1167 3302
7240 1288 3324 3066 3342
7241 3026 3156 3096 3363
7242 3093 3248 3028 3295
7243 319 1866 1865 3083
7244 3207 3216 3081 3355
7245 1117 1565 1685 3256
7246 3043 3197 3293 3320
7247 1841 1842 3214 3267
7248 1742 1740 3206 3245
7249 1860 1868 322 3276
7250 1188 1565 1117 3256
7251 3090 3248 3204 3295
7252 3037 3232 3115 3339
7253 1911 1910 1909 3253
7254 3037 3069 3194 3249
7255 3036 3162 3092 3257
7256 1839 1765 1840 3314
7257 3090 3204 1795 3295
7258 3044 3144 3272 3363
7259 1877 3182 1879 3371
7260 3036 3127 3162 3367
7261 1719 1727 3125 3309
7262 3050 3109 3210 3214
7263 3049 3169 3229 3358
7264 3039 3090 3206 3266
7265 3060 3160 3275 3326
7266 1653 3150 1652 3283
7267 1950 3092 1949 3374
7268 3055 3215 3066 3250
7269 3096 3272 3144 3363
7270 1519 3166 1425 3312
7271 1518 3132 1519 3332
7272 3029 3170 3108 3181
7273 1734 3144 3243 3292
7274 3068 3180 3046 3242
7275 1618 3070 3272 3305
7276 1208 1209 3288 3334
7277 3145 3273 3158 3339
7278 3032 3214 3088 3282
7279 1639 3193 3116 3230
7280 3029 3104 3170 3181
7281 3182 3238 1865 3359
7282 1805 3211 3078 3375
7283 3121 3193 3078 3375
7284 3075 3219 1341 3237
7285 1935 3147 3217 3347
7286 1512 1399 1393 3219
7287 1302 3190 1162 3277
7288 3032 3195 3109 3210
7289 1645 3099 1647 3266
7290 3042 3195 3120 3383
7291 1520 1431 3111 3265
7292 1506 3209 3129 3262
7293 1947 1940 3304 3372
7294 3069 3037 3203 3249
7295 3072 3253 3162 3257
7296 3206 3245 3088 3378
7297 3083 3182 3041 3238
7298 1641 3116 1639 3369
7299 1839 1765 3314 3364
7300 1156 3140 3205 3337
7301 1181 3099 1179 3258
7302 1678 3143 1679 3306
7303 1838 1466 1835 3364
7304 1769 1662 3121 3375
7305 3085 3216 3207 3362
7306 1172 3116 1175 3369
7307 1882 314 1611 3263
7308 1877 1878 319 3278
7309 1148 1152 1262 3184
7310 1645 1565 1647 3099
7311 1932 3185 3098 3276
7312 3174 3191 3046 3357
7313 1846 3159 1845 3234
7314 1483 1364 1295 3366
7315 1167 3111 1280 3385
7316 1251 1165 3097 3302
7317 1852 1806 1849 3328
7318 1450 3210 1448 3267
7319 3162 3253 3092 3257
7320 1188 1179 1181 3099
7321 1364 1266 1295 3366
7322 1277 1278 3360 3377
7323 1630 3152 1627 3178
7324 3031 3211 3078 3249
7325 3072 3036 3162 3173
7326 1953 1932 1901 3198
7327 3034 3110 3140 3205
7328 1450 1451 1449 3210
7329 3070 3191 3174 3357
7330 1798 1797 3159 3346
7331 1316 1774 1826 3158
7332 1540 3104 1488 3240
7333 1624 1714 1724 3172
7334 3098 3166 3063 3318
7335 3066 3324 3135 3342
7336 1375 1265 1514 3146
7337 1731 1726 3128 3324
7338 1292 3128 1288 3324
7339 1751 1707 3189 3306
7340 3031 3114 3187 3211
7341 1422 3098 1469 3318
7342 3160 3274 1208 3370
7343 1358 3199 3075 3300
7344 3034 3205 3140 3350
7345 1289 3290 3335 3368
7346 3145 3241 1499 3340
7347 1936 3217 3147 3372
7348 3031 3221 3077 3249
7349 3231 3288 3073 3360
7350 1380 3114 1436 3328
7351 1608 1607 3127 3218
7352 3026 3191 3156 3363
7353 3045 3270 3079 3350
7354 1922 3095 3280 3327
7355 1600 1601 1599 3212
7356 3079 3270 3102 3277
7357 3242 3357 3191 3363
7358 1275 1204 1274 3275
7359 3034 3338 3094 3350
7360 1273 3181 1205 3291
7361 1811 3232 3222 3251
7362 1787 1789 3123 3196
7363 3077 3213 3031 3249
7364 1380 1462 1436 3114
7365 1431 3194 3111 3265
7366 1604 1698 1747 3112
7367 3064 3147 3372 3387
7368 1170 1174 1173 3221
7369 3069 3203 3078 3249
7370 1316 1315 1774 3158
7371 1246 1157 1301 3112
7372 3161 3215 3066 3322
7373 1739 1716 3143 3254
7374 1623 3106 1667 3246
7375 1416 1467 1413 3164
7376 1865 1866 1863 3083
7377 3037 3175 3111 3302
7378 1425 3166 1503 3312
7379 1437 1436 3197 3213
7380 3096 3156 3053 3263
7381 1748 3102 1697 3218
7382 1844 1794 1843 3244
7383 1177 3148 1179 3256
7384 3056 3220 3147 3372
7385 1949 3113 1916 3374
7386 3029 3168 3104 3180
7387 1819 3123 1789 3378
7388 3077 3067 3221 3385
7389 3031 3197 3114 3213
7390 1799 3126 1797 3346
7391 1727 1616 3179 3309
7392 1293 1218 3165 3313
7393 3029 3105 3168 3180
7394 1676 3064 3284 3348
7395 1459 1454 3314 3364
7396 1948 1919 1943 3127
7397 3039 3282 3207 3285
7398 3113 3208 3030 3253
7399 3087 3231 3038 3309
7400 3078 3193 3031 3249
7401 1375 1130 1265 3146
7402 3142 3290 3059 3335
7403 1827 3106 1780 3246
7404 3281 3337 3061 3338
7405 3134 3055 3239 3373
7406 1897 1898 3236 3310
7407 1677 1741 3143 3284
7408 1522 3325 3077 3366
7409 3037 3265 3082 3339
7410 1669 1630 1627 3178
7411 3200 3273 3040 3339
7412 1407 3281 1406 3337
7413 1952 3107 1933 3319
7414 1345 1554 1509 3388
7415 3078 3203 3069 3211
7416 1232 1117 1564 3256
7417 1117 1685 1564 3256
7418 1527 3345 3289 3373
7419 3029 3172 3106 3177
7420 1741 3335 3284 3356
7421 1949 3253 3113 3374
7422 3113 3253 3030 3257
7423 3134 3239 1227 3289
7424 1438 3114 1436 3317
7425 1227 3134 1258 3239
7426 1296 1298 1183 3119
7427 3100 3150 3032 3154
7428 1131 3140 1156 3337
7429 3222 3232 3052 3251
7430 3057 3229 3169 3358
7431 1283 1273 1205 3291
7432 3064 3208 3348 3372
7433 1639 1638 1637 3193
7434 1173 3183 1172 3221
7435 3068 3291 3122 3351
7436 1547 3139 1399 3260
7437 1503 1425 1422 3166
7438 3037 3203 3115 3232
7439 1537 3120 1367 3362
7440 3029 3108 3172 3177
7441 1215 3132 1214 3332
7442 1632 3097 1700 3365
7443 3207 3282 3085 3285
7444 1251 3097 1165 3365
7445 3141 3160 3062 3370
7446 1644 1645 1646 3149
7447 1270 1119 3120 3362
7448 1739 1677 1741 3143
7449 1298 1183 3119 3355
7450 1935 3147 1936 3217
7451 3105 3029 3167 3174
7452 3106 3167 3029 3174
7453 1923 3280 1944 3343
7454 1722 1634 3115 3301
7455 3109 3196 3032 3214
7456 3052 3301 3232 3339
7457 3179 3192 3053 3271
7458 3114 3071 3197 3259
7459 3026 3242 3191 3363
7460 1178 1177 1176 3148
7461 1748 3102 1696 3349
7462 1302 1244 3102 3349
7463 1405 1406 3281 3338
7464 3191 3242 3046 3357
7465 3062 3288 3131 3334
7466 1804 1802 1848 3211
7467 1190 1281 1280 3111
7468 3055 3166 3132 3332
7469 3103 3202 1942 3343
7470 3038 3125 3179 3309
7471 3037 3171 3067 3175
7472 1340 1904 1894 3237
7473 1288 1292 1216 3250
7474 1632 3097 3171 3301
7475 3074 3196 3047 3297
7476 1624 1623 1715 3172
7477 3141 3274 3160 3370
7478 1602 3103 3212 3308
7479 3058 3215 3161 3322
7480 1280 3268 3111 3302
7481 3113 3284 3064 3348
7482 1525 1435 1437 3213
7483 3042 3170 3240 3353
7484 3097 3200 1251 3302
7485 1157 1301 3112 3205
7486 1888 1952 1901 3198
7487 1311 3200 1264 3302
7488 1530 1485 3119 3355
7489 1354 1554 1345 3388
7490 1376 1131 3140 3299
7491 1329 1322 1328 3200
7492 1675 3284 1672 3356
7493 1647 1649 1648 3266
7494 3091 3036 3189 3257
7495 1750 1605 3218 3269
7496 1422 3166 1424 3229
7497 1216 3165 1214 3250
7498 1649 1651 1650 3283
7499 1198 1196 1194 3170
7500 3146 3190 3036 3277
7501 3153 3273 3052 3379
7502 1456 3105 1466 3330
7503 3070 3191 3357 3363
7504 3081 3207 3176 3216
7505 3209 3220 3065 3345
7506 3062 3331 3141 3370
7507 3059 3335 3290 3368
7508 3114 3187 3071 3259
7509 1478 3072 3262 3311
7510 1951 1927 1942 3103
7511 1801 3187 3121 3321
7512 3133 3279 1423 3358
7513 3040 3145 3082 3339
7514 3084 3275 1274 3326
7515 1681 1678 3113 3348
7516 3061 3140 3205 3350
7517 1190 1281 3111 3325
7518 1916 1945 1946 3348
7519 1457 1456 1458 3180
7520 3176 3207 3085 3216
7521 1248 1208 3160 3274
7522 1339 1340 1894 3237
7523 3081 1531 3294 3355
7524 3096 3263 3053 3271
7525 3199 3300 1351 3388
7526 1452 1459 1454 3314
7527 3122 3275 3060 3341
7528 1185 1186 1184 3285
7529 3069 3194 3077 3213
7530 3069 3213 3077 3249
7531 1599 1601 1747 3212
7532 1780 1783 1784 3167
7533 1165 3097 3175 3365
7534 1226 1272 3142 3287
7535 1274 1279 1237 3326
7536 1848 3114 1821 3328
7537 3087 3178 1669 3384
7538 1232 3256 1564 3369
7539 3146 3277 3036 3382
7540 1567 1688 1655 3255
7541 1192 3120 1487 3383
7542 1227 3239 1127 3289
7543 3093 3248 3176 3294
7544 1227 1258 1127 3239
7545 3088 3214 3050 3282
7546 3124 3262 1494 3380
7547 1722 3115 1661 3251
7548 1838 3105 1786 3330
7549 3079 3045 3218 3270
7550 1797 1771 1795 3386
7551 1599 1577 1709 3184
7552 1435 1522 1432 3213
7553 3094 3343 3202 3350
7554 1415 1417 1419 3201
7555 1629 3161 1683 3225
7556 1471 3137 3217 3345
7557 1942 1959 1907 3117
7558 1923 1918 1944 3280
7559 1805 1769 1803 3375
7560 3036 3277 3270 3382
7561 1318 3158 1317 3273
7562 1400 1402 3260 3299
7563 1948 3127 1591 3227
7564 1211 3313 1291 3360
7565 1235 3108 1276 3264
7566 1924 1937 3202 3343
7567 1494 3124 1543 3262
7568 1409 3281 1407 3382
7569 3143 3254 3059 3335
7570 3284 3335 3059 3356
7571 3041 3156 3101 3235
7572 1394 1558 1513 3145
7573 1184 1181 1182 3258
7574 1404 3139 1547 3260
7575 1561 1141 3128 3298
7576 3095 3162 3036 3173
7577 1520 1521 1482 3111
7578 1916 1911 1912 3208
7579 3046 3174 3105 3330
7580 3092 3189 3036 3257
7581 1592 3103 1602 3308
7582 3036 3091 3189 3190
7583 1744 3123 1583 3378
7584 3077 3194 3069 3249
7585 1919 3227 1944 3367
7586 1409 3095 1480 3281
7587 3047 3246 3172 3361
7588 1415 1416 1413 3201
7589 1602 3103 1603 3212
7590 1917 1914 3162 3224
7591 1204 3130 1203 3275
7592 3126 3321 3048 3346
7593 3103 3212 3034 3269
7594 3050 3210 3176 3282
7595 3034 3140 3110 3260
7596 1154 1153 1152 3336
7597 1476 1471 3137 3217
7598 1798 3159 1846 3346
7599 3139 3260 1404 3338
7600 3160 3288 1212 3326
7601 1573 1735 1693 3135
7602 1294 1143 1241 3135
7603 1722 1661 1595 3251
7604 1719 1616 1727 3309
7605 3176 3210 3085 3282
7606 3088 3204 3050 3214
7607 1511 1394 1324 3145
7608 1384 1450 3109 3314
7609 3044 3272 3357 3363
7610 1182 1269 3207 3258
7611 1165 3175 3097 3302
7612 3037 3097 3171 3175
7613 1731 1702 1629 3161
7614 1836 1838 1786 3330
7615 1659 1721 3163 3298
7616 3222 3251 3052 3379
7617 1882 1872 314 3263
7618 1703 3161 1702 3322
7619 1645 3149 1643 3256
7620 3227 3045 3343 3367
7621 3042 3170 3104 3240
7622 1798 1845 1846 3159
7623 1281 1280 3111 3385
7624 1481 1550 1392 3327
7625 1838 1835 1786 3364
7626 1219 1214 1218 3165
7627 3143 3257 3091 3306
7628 3056 3220 3209 3345
7629 1728 3121 1662 3375
7630 3067 3252 3171 3352
7631 1226 1272 1282 3142
7632 1476 3217 3137 3347
7633 3104 3168 3042 3240
7634 1707 1748 3189 3223
7635 1302 1259 3190 3223
7636 1417 1414 1418 3141
7637 1689 1724 3108 3264
7638 1944 3280 1918 3367
7639 1680 3092 1749 3374
7640 1919 3127 3227 3367
7641 1639 1640 3193 3230
7642 1317 3158 3145 3273
7643 1779 1781 1780 3174
7644 3111 3194 1521 3325
7645 1580 1662 1728 3121
7646 1829 1828 1855 3191
7647 1639 1563 1684 3116
7648 1174 1297 3118 3293
7649 1251 3200 3097 3344
7650 3093 3234 3138 3294
7651 3114 3211 3069 3328
7652 1189 1172 1116 3116
7653 1607 3127 3218 3227
7654 1210 3288 1209 3360
7655 1161 3190 3146 3277
7656 3046 3164 3101 3247
7657 1254 3239 1258 3332
7658 1423 1420 1421 3279
7659 1537 1487 1367 3120
7660 3059 3143 3142 3254
7661 3089 3183 3116 3369
7662 1226 3142 1223 3287
7663 3036 3173 3146 3382
7664 3044 3242 3181 3291
7665 3142 3143 3091 3254
7666 1659 3163 1239 3298
7667 3097 3344 1700 3365
7668 1251 3344 3097 3365
7669 1481 1926 1884 3139
7670 1638 3193 1725 3352
7671 1620 1621 3177 3272
7672 1633 1657 1637 3329
7673 1451 1450 1452 3195
7674 1254 1258 1215 3332
7675 1605 1606 3218 3269
7676 3156 3191 3096 3363
7677 1738 1648 3206 3266
7678 3142 3254 3091 3389
7679 3181 3242 3068 3291
7680 1633 3252 1657 3329
7681 1347 1351 3336 3388
7682 3139 3219 3075 3376
7683 3101 3191 3046 3247
7684 1548 1480 3095 3327
7685 1750 3218 1697 3349
7686 1454 1456 1455 3168
7687 1521 1482 3111 3325
7688 1280 1310 3268 3302
7689 1613 3096 1617 3305
7690 1455 1541 1453 3168
7691 1292 1218 1216 3165
7692 1795 3090 3295 3386
7693 1240 1692 3128 3324
7694 1227 3290 1225 3368
7695 1699 1613 3144 3271
7696 1223 3287 3124 3380
7697 3094 3260 3139 3338
7698 3145 3158 1317 3241
7699 3124 3209 3065 3333
7700 3097 3153 3052 3301
7701 1207 1208 3274 3370
7702 1713 1749 1608 3127
7703 1174 1266 1297 3293
7704 1122 1202 1201 3122
7705 1779 1778 3305 3323
7706 1420 1377 1421 3276
7707 3110 3199 3075 3260
7708 1534 1504 1536 3331
7709 1122 3122 1201 3351
7710 1703 1683 1702 3161
7711 3049 3279 3133 3358
7712 1664 3126 1736 3386
7713 1422 1425 1424 3166
7714 3132 3250 3055 3332
7715 3078 3211 3069 3249
7716 1202 3122 1206 3341
7717 1289 3335 1294 3368
7718 1580 1728 1730 3121
7719 1641 3089 3230 3369
7720 1364 1525 1526 3118
7721 1935 1934 1899 3310
7722 1931 3098 1953 3318
7723 1798 1799 1797 3346
7724 1924 3280 3094 3327
7725 1603 3103 1606 3269
7726 1530 1485 1365 3119
7727 3077 3221 3067 3249
7728 1316 3158 1826 3241
7729 1135 1284 1234 3255
7730 1238 1140 198 1571
7731 196 1237 1139 1658
7732 1691 1238 198 1571
7733 1658 1139 196 1570
7734 195 1593 1138 1237
7735 195 1593 1237 1658
7736 1140 1239 199 1571
7737 1571 1239 199 1659
7738 1371 1213 123 1490
7739 201 1141 1240 1692
7740 1141 201 1561 1692
7741 123 1126 1213 1371
7742 1142 1241 203 1693
7743 1572 1142 203 1693
7744 1213 1361 122 1490
7745 1125 1361 122 1213
7746 1174 3118 1266 3293
7747 1117 1564 183 1232
7748 1685 184 1565 1117
7749 1564 1117 183 1685
7750 1241 1143 204 1693
7751 1437 1436 1438 3197
7752 184 1565 1117 1188
7753 1813 1595 1768 3251
7754 1608 1609 1607 3218
7755 3041 3238 3182 3359
7756 1693 1143 204 1573
7757 1369 1253 113 1488
7758 1121 1253 113 1369
7759 1264 1311 1147 3200
7760 1188 185 1565 1686
7761 1510 1513 1557 3268
7762 1474 3209 1523 3345
7763 1919 3127 1948 3227
7764 1686 1188 185 1255
7765 3047 3167 3106 3246
7766 1616 3228 3179 3309
7767 1853 1777 3096 3305
7768 1255 1181 1184 3155
7769 1566 1651 1649 3155
7770 181 1684 1189 1116
7771 1684 1563 181 1189
7772 1501 1423 3133 3279
7773 1245 3102 1302 3277
7774 1312 1325 1710 3153
7775 1841 1842 1790 3214
7776 1551 1408 1514 3146
7777 3080 3172 3108 3316
7778 1908 1390 267 1500
7779 1908 1390 1886 267
7780 1424 1425 1518 3166
7781 1170 1168 1268 3221
7782 1686 1649 1647 3155
7783 3106 3029 3177 3357
7784 1283 3130 3243 3291
7785 1639 3116 1684 3369
7786 3044 3357 3242 3363
7787 3108 3170 3080 3316
7788 1506 1515 3209 3262
7789 1639 1563 3116 3329
7790 1949 3092 3253 3374
7791 1364 1525 3118 3366
7792 3113 3092 3257 3306
7793 1172 3116 1189 3329
7794 1634 1635 1717 3352
7795 3133 3226 1501 3279
7796 1515 1543 3209 3262
7797 1303 1265 1161 3146
7798 1192 1270 1119 3120
7799 1632 3171 3097 3365
7800 3094 3280 3343 3350
7801 3088 3206 3204 3245
7802 1364 3118 1526 3293
7803 186 1566 1686 3155
7804 1266 3118 1174 3366
7805 1172 1173 1175 3183
7806 186 1134 1566 3155
7807 3129 3262 3072 3311
7808 1494 1543 3124 3380
7809 186 1686 1255 3155
7810 1172 1116 3116 3369
7811 1255 1134 186 3155
7812 1271 1296 1183 3119
7813 1710 1559 1312 3153
7814 1131 1376 3140 3337
7815 1266 3118 1364 3293
7816 1289 1224 3142 3290
7817 1439 1526 3197 3320
7818 1313 1327 1334 3145
7819 1779 1778 1817 3305
7820 1946 1916 3113 3374
7821 1760 3151 1852 3328
7822 1340 3219 1904 3237
7823 3082 3265 3040 3339
7824 1736 1664 1581 3126
7825 3069 3213 3114 3328
7826 3124 3209 1543 3262
7827 1396 3299 3199 3388
7828 3204 3206 3090 3245
7829 3136 3236 1671 3322
7830 1611 1560 1612 3263
7831 1616 1705 3228 3309
7832 1801 1803 3121 3187
7833 1360 316 1411 3235
7834 1256 1199 1198 3181
7835 3049 3229 3098 3276
7836 3037 3115 3171 3301
7837 1666 1583 1744 3123
7838 1222 1223 1224 3290
7839 1413 1467 1468 3247
7840 1168 1268 3221 3385
7841 1672 1671 3136 3236
7842 3037 3111 3194 3265
7843 3109 3032 3196 3297
7844 3093 3159 3138 3234
7845 1545 1539 3122 3351
7846 1302 3102 1245 3349
7847 1697 3102 1748 3349
7848 1637 3193 1638 3352
7849 3073 3288 3125 3377
7850 1621 1623 1622 3177
7851 3148 3149 3099 3256
7852 3137 3147 3063 3347
7853 3036 3189 3102 3190
7854 3159 3234 3093 3295
7855 321 1860 3276 3279
7856 1681 1589 1678 3348
7857 1871 1875 1880 3178
7858 1248 1207 1208 3274
7859 1741 1735 3335 3356
7860 1439 1528 1526 3320
7861 1358 1348 1341 3219
7862 1650 1742 3206 3283
7863 3106 3172 3047 3246
7864 1947 3208 1912 3372
7865 3066 3250 3128 3324
7866 1531 1530 1443 3294
7867 1291 1239 3163 3298
7868 1476 3137 3312 3347
7869 1433 1499 1429 3265
7870 322 3185 1932 3276
7871 3109 3195 3032 3297
7872 1672 3236 3136 3304
7873 1462 1436 3114 3317
7874 1781 1782 1836 3174
7875 1952 1933 1902 3319
7876 1803 3121 3187 3211
7877 1689 191 1235 1136
7878 1546 1300 1131 3299
7879 1934 1953 1901 3198
7880 3114 3197 3071 3317
7881 1449 1535 1447 3210
7882 3034 3140 3338 3350
7883 1184 1186 1134 3155
7884 1171 1311 1264 3302
7885 1328 1335 1319 3273
7886 1717 1661 1722 3115
7887 3094 3202 3034 3350
7888 1564 1643 1641 3369
7889 1641 1639 1684 3369
7890 1288 1290 3324 3342
7891 3097 3301 3052 3339
7892 3122 3164 3068 3351
7893 1500 1908 3129 3303
7894 1226 1224 1223 3142
7895 1529 3296 3233 3358
7896 3106 3174 3029 3357
7897 1135 1687 1233 3255
7898 1155 1153 1154 3110
7899 1179 1177 1178 3148
7900 1611 314 1560 3263
7901 1289 1224 1282 3142
7902 1922 1917 1918 3280
7903 1340 232 1894 1904
7904 1420 321 1377 3276
7905 1859 1869 3238 3359
7906 1478 3129 1506 3311
7907 1327 1334 3145 3273
7908 1334 1317 3145 3273
7909 3053 3263 3156 3371
7910 3166 3215 3063 3312
7911 1173 1297 1176 3183
7912 1442 3138 1440 3381
7913 1516 3122 1545 3341
7914 1917 1918 3280 3367
7915 1633 3252 3171 3365
7916 1175 1177 1232 3369
7917 1609 1748 1697 3218
7918 3091 3254 3143 3389
7919 1437 1435 1436 3213
7920 1247 1303 3086 3380
7921 1501 3226 3133 3331
7922 1159 1160 1130 3337
7923 1471 3217 1389 3303
7924 1216 1218 1214 3165
7925 1516 1378 1545 3122
7926 1135 1567 1687 3255
7927 1173 1172 1170 3221
7928 1218 1219 3165 3313
7929 3135 3335 3059 3368
7930 1791 1819 1789 3378
7931 1580 3121 1730 3321
7932 1453 1454 1455 3168
7933 1951 3103 1942 3343
7934 1747 1698 1577 3112
7935 1506 3129 1390 3311
7936 191 1689 1568 1136
7937 1653 1654 1652 3150
7938 1148 1246 1301 3112
7939 1322 1325 1328 3153
7940 1875 1668 1880 3178
7941 3138 3159 3071 3381
7942 1345 1509 3199 3388
7943 1471 1389 1472 3303
7944 1705 3087 3228 3309
7945 3280 3343 3045 3367
7946 1172 1175 1116 3369
7947 1875 3178 1876 3384
7948 3058 3136 3236 3387
7949 1494 3086 1551 3380
7950 1339 232 1894 1340
7951 1886 1390 3129 3311
7952 3064 3220 3208 3372
7953 3079 3270 3061 3350
7954 1937 1942 3202 3343
7955 3101 3201 3041 3235
7956 1311 1251 3200 3302
7957 1364 1483 1525 3366
7958 3044 3181 3108 3264
7959 1801 3187 3321 3346
7960 3036 3095 3173 3382
7961 1679 3143 1716 3306
7962 1702 1683 1629 3161
7963 1886 3129 1909 3311
7964 1407 1406 1375 3337
7965 1275 3130 1204 3275
7966 3030 3209 3124 3262
7967 1798 3159 1797 3295
7968 1673 3136 3322 3356
7969 1267 3154 1284 3255
7970 1194 3170 1196 3353
7971 1687 1566 187 1233
7972 1233 1566 187 1134
7973 1633 3171 1632 3365
7974 1378 3122 1122 3351
7975 1559 1312 3153 3379
7976 1432 1434 1435 3213
7977 1496 1519 1425 3312
7978 1633 1562 3252 3365
7979 3108 3177 3044 3264
7980 3179 3228 3087 3309
7981 3045 3343 3280 3350
7982 1267 1187 1197 3154
7983 1909 3129 1908 3303
7984 3070 3357 3272 3363
7985 1703 3236 1670 3319
7986 1911 1916 1949 3253
7987 3094 3281 1550 3327
7988 1627 1578 1668 3178
7989 1442 3234 3138 3381
7990 1888 18 324 3185
7991 3193 3249 3078 3352
7992 3048 3230 3121 3321
7993 3067 3249 3193 3352
7994 3055 3215 3166 3312
7995 1393 1399 1547 3139
7996 1250 1123 3274 3341
7997 1545 3122 1378 3351
7998 1371 1126 3132 3332
7999 3103 3227 3045 3343
8000 1581 1770 283 1663
8001 3045 3095 3280 3367
8002 1933 1952 1888 3107
8003 1603 1602 1592 3103
8004 1516 1122 116 1378
8005 1584 289 1666 1773
8006 3059 3335 3135 3356
8007 3089 3149 3148 3256
8008 1550 3281 3094 3338
8009 1793 3245 1772 3378
8010 1250 1123 1248 3274
8011 3147 3217 3056 3372
8012 1206 1122 116 1516
8013 188 1567 1687 1135
8014 1426 3229 1532 3358
8015 1367 1487 110 1119
8016 1901 1952 1898 3198
8017 1528 1530 1365 3119
8018 1615 3179 1614 3271
8019 1474 1515 1543 3209
8020 1688 1567 189 1135
8021 1119 1487 110 1192
8022 1194 1196 1195 3353
8023 1291 1211 1220 3313
8024 1581 284 1816 1664
8025 1719 3309 3125 3377
8026 1270 1193 3120 3383
8027 1283 3130 1275 3243
8028 1545 1378 1539 3351
8029 1655 3150 1653 3255
8030 3138 3234 3159 3381
8031 1233 188 1687 1135
8032 1287 1185 3207 3285
8033 3208 3220 3056 3372
8034 1400 3199 1396 3299
8035 321 1870 1860 3279
8036 1462 1438 1436 3317
8037 1500 3129 1506 3303
8038 3060 3160 3141 3274
8039 1662 1580 281 1769
8040 3092 3253 3113 3257
8041 1360 1411 1412 3235
8042 254 1466 1385 1835
8043 1206 1202 1122 3122
8044 1293 1291 1220 3313
8045 1843 1824 3244 3267
8046 3090 3245 3206 3386
8047 1198 1194 1253 3240
8048 1861 1863 1866 3226
8049 1773 1584 289 1815
8050 3073 3231 3087 3309
8051 3107 3225 3051 3286
8052 1606 1603 1592 3103
8053 1266 1174 1295 3366
8054 1793 1772 1791 3378
8055 3191 3305 3096 3363
8056 1211 3131 1231 3313
8057 3109 3195 3074 3314
8058 1583 1666 288 1819
8059 1380 1436 1434 3328
8060 1416 1460 1467 3164
8061 1430 1461 1434 3328
8062 1807 1812 1805 3375
8063 1736 1581 1733 3126
8064 1679 1739 1716 3143
8065 3061 3205 3140 3337
8066 1591 3127 1607 3227
8067 1537 3120 1538 3383
8068 3136 3064 3304 3387
8069 1430 1379 1461 3151
8070 1499 1558 1511 3145
8071 1135 189 1688 1234
8072 1440 3138 3320 3381
8073 1714 3172 1624 3361
8074 1231 3296 1219 3313
8075 1940 3304 3372 3387
8076 1920 1910 1914 3311
8077 1886 1909 1910 3311
8078 3070 3106 3177 3357
8079 316 3235 1859 3238
8080 1900 3147 1935 3310
8081 318 3157 1864 3278
8082 3111 3265 3040 3268
8083 1344 3188 1342 3237
8084 1157 1154 1301 3205
8085 1264 1310 1171 3302
8086 1444 1442 1382 3234
8087 3087 3278 3178 3384
8088 1284 1195 1285 3353
8089 1798 1846 1800 3346
8090 1920 1914 3224 3311
8091 1681 3113 1678 3374
8092 1831 3235 3156 3359
8093 3118 3183 3043 3293
8094 1496 1425 1503 3312
8095 1614 3179 1616 3228
8096 1364 1295 103 1483
8097 1539 1460 1416 3164
8098 1549 1299 1375 3337
8099 1784 1787 1815 3246
8100 3130 3242 3044 3291
8101 1906 3188 1938 3237
8102 1361 1529 1532 3296
8103 1744 1743 1666 3123
8104 3028 3149 3148 3307
8105 1731 1561 3128 3298
8106 1292 3128 1141 3298
8107 1785 1784 1783 3167
8108 1205 3181 1256 3291
8109 1864 3226 1866 3278
8110 1874 1872 1882 3228
8111 1785 1783 1839 3167
8112 1928 1909 1908 3303
8113 3176 3248 3081 3294
8114 3133 3233 1427 3331
8115 3074 3109 3196 3297
8116 3050 3210 3109 3267
8117 1633 1632 1562 3365
8118 3059 3254 3142 3335
8119 3058 3161 3107 3319
8120 1898 1899 1901 3310
8121 1499 3145 1511 3241
8122 3074 3195 3109 3297
8123 1314 1322 1329 3200
8124 1740 1738 1648 3206
8125 1898 1901 3198 3310
8126 1795 3204 1794 3295
8127 1508 1548 3173 3224
8128 1959 1906 3117 3308
8129 1784 1827 1780 3246
8130 1650 1742 1740 3206
8131 3089 3148 3149 3307
8132 1510 3186 1513 3268
8133 1672 1588 1671 3236
8134 1703 1671 1670 3236
8135 1676 1672 1675 3284
8136 3129 3208 3056 3303
8137 1853 1828 1817 3191
8138 1286 1182 1269 3207
8139 1726 1729 1674 3322
8140 1278 3288 1210 3360
8141 1795 1818 3245 3386
8142 1600 1602 3212 3308
8143 3034 3140 3260 3338
8144 1537 1538 1487 3383
8145 1501 3133 1427 3331
8146 1373 1493 128 1128
8147 3070 3174 3106 3357
8148 3109 3214 3050 3267
8149 1891 3217 1936 3303
8150 1139 1237 1279 3125
8151 1658 1570 1727 3125
8152 1384 1465 251 1764
8153 1645 1644 1643 3149
8154 3074 3196 3109 3314
8155 3102 3277 1245 3349
8156 1304 1158 1157 3205
8157 1504 1427 3233 3331
8158 1758 1836 3247 3330
8159 1790 1791 1789 3214
8160 1672 1588 3236 3304
8161 1789 1773 1787 3123
8162 1705 3228 3087 3384
8163 3140 3260 1402 3299
8164 1428 1429 1499 3340
8165 1298 1296 106 1485
8166 1266 1295 103 1364
8167 3158 3232 3082 3339
8168 1324 3145 1317 3241
8169 1636 1756 1712 3301
8170 1485 1296 106 1365
8171 1803 3187 1802 3211
8172 1773 288 1666 1819
8173 3117 3212 3103 3308
8174 1537 1487 3120 3383
8175 3056 3209 3129 3303
8176 1891 1936 1928 3303
8177 1230 1498 121 3296
8178 3071 3187 3114 3317
8179 1766 3156 3263 3371
8180 1384 251 1825 1764
8181 1214 3132 1126 3332
8182 1607 1591 1608 3127
8183 1906 3188 3117 3308
8184 1211 3131 3313 3360
8185 1500 1506 1472 3303
8186 1601 1604 1747 3212
8187 1519 1496 1524 3312
8188 1403 1402 3140 3260
8189 1399 1400 1401 3260
8190 3272 3305 3070 3363
8191 3064 3208 3113 3348
8192 1782 1781 1779 3174
8193 1256 3315 1200 3351
8194 1165 3175 3252 3365
8195 1725 1717 1635 3352
8196 1242 1289 1282 3335
8197 1324 1394 217 1313
8198 1676 1677 1678 3284
8199 1731 3128 1692 3324
8200 1292 1240 3128 3324
8201 1120 1194 1193 3240
8202 1353 3300 1352 3336
8203 1800 1847 1802 3187
8204 1801 3121 1814 3321
8205 1481 1884 1393 3139
8206 1820 1852 1760 3151
8207 1840 1788 1785 3196
8208 1417 1418 1517 3141
8209 1120 3240 1193 3383
8210 1361 121 1498 3296
8211 1203 3130 1283 3291
8212 1900 1936 3147 3372
8213 1631 1700 3344 3365
8214 1251 1164 3344 3365
8215 1214 1215 1216 3250
8216 1439 3197 1438 3320
8217 1339 1894 233 1938
8218 1946 304 1589 1945
8219 1714 1624 1656 3361
8220 3074 3168 3105 3364
8221 1919 1948 1944 3227
8222 1242 1282 3254 3335
8223 1938 233 1339 1344
8224 1620 1622 1732 3177
8225 3045 3218 3127 3227
8226 1235 1276 1273 3264
8227 3140 3337 1403 3338
8228 1912 1911 1909 3208
8229 3070 3305 3191 3363
8230 1547 1404 1481 3139
8231 1826 1316 220 1774
8232 3130 3243 3144 3292
8233 3044 3272 3177 3357
8234 1507 1501 3226 3279
8235 3063 3215 3198 3310
8236 3084 3275 3130 3292
8237 1837 3241 3158 3340
8238 3043 3197 3118 3293
8239 1887 270 1921 1479
8240 3116 3221 3067 3329
8241 1201 1256 1200 3351
8242 1476 1470 1471 3217
8243 1880 323 1871 3286
8244 1247 3287 1223 3380
8245 3118 3213 3077 3366
8246 1215 1214 1126 3332
8247 1561 1692 1731 3128
8248 1240 1141 1292 3128
8249 1828 1766 1831 3156
8250 1220 1211 1231 3313
8251 1403 3337 1406 3338
8252 1504 1501 1427 3331
8253 1941 1924 1937 3202
8254 1277 1278 1210 3360
8255 1843 1842 1824 3267
8256 1920 1921 269 3224
8257 3105 3167 3074 3364
8258 3137 3217 3147 3347
8259 284 1816 1664 1771
8260 1315 220 1316 1774
8261 1230 121 1125 3296
8262 1470 3217 1476 3347
8263 1795 1818 1793 3245
8264 1874 1882 1704 3228
8265 1202 1206 1250 3341
8266 1816 1770 283 1581
8267 1403 1401 1402 3260
8268 1478 1515 1506 3262
8269 1211 1209 3131 3360
8270 3077 3221 3118 3366
8271 3079 3218 3102 3270
8272 1768 279 1579 1661
8273 1281 1167 1280 3385
8274 316 1859 1867 3238
8275 1170 1169 1168 3221
8276 1376 1546 1131 3299
8277 3068 3180 3104 3315
8278 1475 3137 1471 3345
8279 1906 1938 1894 3237
8280 3086 1494 3262 3380
8281 1619 1699 1613 3144
8282 1387 1501 1505 3226
8283 1789 1819 1773 3123
8284 3106 3174 3070 3323
8285 1906 3117 3188 3237
8286 3189 3257 3092 3306
8287 1614 1616 1705 3228
8288 1339 1344 1342 3237
8289 1787 1788 1789 3196
8290 1161 1130 1160 3146
8291 3098 3185 3049 3276
8292 1915 1917 3162 3367
8293 1689 1732 1724 3264
8294 1504 3233 1536 3331
8295 1311 1171 1251 3302
8296 1273 1199 1205 3181
8297 1678 1677 1679 3143
8298 1361 1125 121 3296
8299 323 324 1871 3286
8300 1462 1380 244 1821
8301 1162 3190 1161 3277
8302 1335 1318 1319 3273
8303 1296 1132 105 1365
8304 1580 1814 3121 3321
8305 3107 3198 3058 3319
8306 1638 1639 1640 3193
8307 1365 1132 105 1484
8308 1187 1267 1186 3285
8309 1603 3212 3103 3269
8310 1504 1427 1536 3233
8311 1408 1407 1375 3146
8312 1305 1163 3190 3287
8313 1270 3120 1192 3383
8314 1286 1287 1185 3207
8315 3055 3312 3239 3373
8316 1270 1192 1193 3383
8317 212 1148 1577 1698
8318 1866 3226 3083 3278
8319 1501 1507 1423 3279
8320 1281 3111 3325 3385
8321 1208 1209 1210 3288
8322 1530 1531 1485 3355
8323 1401 1400 1402 3260
8324 1222 1225 1227 3290
8325 1460 1542 1457 3180
8326 3061 3350 3270 3382
8327 3239 3312 1524 3373
8328 1476 3137 1475 3312
8329 3102 3190 3189 3223
8330 1275 3243 3130 3292
8331 3198 3215 3058 3310
8332 1924 3280 1923 3343
8333 3130 3144 3084 3292
8334 1394 1495 216 1321
8335 1823 248 1382 1464
8336 3104 3181 3068 3315
8337 1876 3157 318 3278
8338 1506 1500 1390 3129
8339 1165 3175 1166 3252
8340 1727 1570 1719 3125
8341 1139 1279 1278 3125
8342 1731 1692 1726 3324
8343 1142 1288 1290 3324
8344 1572 1729 1726 3324
8345 1292 1288 1240 3324
8346 1284 1267 1197 3154
8347 1805 1806 1807 3203
8348 3070 3177 3106 3323
8349 1869 1865 1859 3238
8350 1535 1537 1367 3362
8351 1478 1506 1390 3311
8352 3071 3259 3187 3346
8353 1715 1623 1667 3246
8354 1460 1457 1458 3180
8355 3056 3217 3137 3345
8356 3091 3257 3189 3306
8357 1223 3124 1228 3380
8358 1176 1175 1173 3183
8359 1726 1674 1702 3322
8360 1652 1651 1653 3283
8361 1909 1886 1908 3129
8362 1914 1915 1917 3162
8363 1697 3218 3102 3349
8364 1645 1685 1565 3256
8365 304 1946 1589 1681
8366 1860 1864 1868 3279
8367 216 1394 1321 1313
8368 1197 1284 3154 3353
8369 1464 1823 248 1763
8370 1814 281 1580 1769
8371 1900 1929 1936 3372
8372 1731 1718 1561 3298
8373 1291 1293 1239 3298
8374 1659 1718 1721 3298
8375 1293 1292 1141 3298
8376 1821 244 1462 1761
8377 1466 254 1838 1835
8378 1231 3296 3131 3334
8379 1523 1527 1473 3345
8380 1791 1792 1793 3204
8381 1188 1117 1179 3256
8382 1538 1541 1368 3240
8383 1541 1540 1488 3240
8384 1823 1845 1844 3234
8385 1630 1628 1627 3152
8386 3162 3173 3095 3224
8387 1148 212 1246 1698
8388 1324 1334 1317 3145
8389 1474 1506 1515 3209
8390 3063 3198 3098 3318
8391 1434 1436 1435 3213
8392 1639 1637 1563 3329
8393 1848 1761 3114 3317
8394 1843 1794 1792 3204
8395 1912 1909 1928 3208
8396 1349 1336 236 1598
8397 1270 1287 1119 3362
8398 3105 3180 3046 3330
8399 1612 1615 1614 3271
8400 1346 1352 3184 3336
8401 1439 1526 1437 3197
8402 1609 1707 1748 3189
8403 1538 3240 1368 3383
8404 1302 1259 1162 3190
8405 1914 1913 1915 3162
8406 1261 1147 1311 3200
8407 1477 3224 1508 3311
8408 1607 3218 1606 3227
8409 1631 1632 1700 3365
8410 1169 1172 1189 3329
8411 1935 1900 1936 3147
8412 1251 1165 1164 3365
8413 1472 3209 1474 3345
8414 241 1379 1759 1820
8415 1673 3136 1671 3322
8416 3121 3187 3048 3321
8417 1114 1362 100 1190
8418 3061 3281 3350 3382
8419 1209 1231 3131 3334
8420 1803 1814 1801 3121
8421 1782 1828 1829 3191
8422 1212 1249 1248 3160
8423 3040 3273 3145 3339
8424 3116 3230 3089 3369
8425 1249 3160 1212 3326
8426 1169 1170 1172 3221
8427 1461 1379 242 1820
8428 1353 1351 3300 3336
8429 1676 1682 3304 3348
8430 1859 3238 3235 3359
8431 1640 1728 1638 3193
8432 1798 1797 1796 3295
8433 1904 3219 1905 3237
8434 1391 1921 270 1479
8435 1852 3151 1808 3203
8436 3052 3232 3158 3339
8437 1299 1130 1375 3337
8438 1808 1809 3203 3232
8439 3156 3235 3041 3359
8440 1217 1288 3250 3342
8441 1204 1275 1203 3130
8442 318 1864 1866 3278
8443 3065 3289 3345 3373
8444 1760 1461 242 1820
8445 1451 1453 1538 3195
8446 1474 1472 1506 3209
8447 1620 1618 1621 3272
8448 3115 3203 1809 3232
8449 1283 1203 1275 3130
8450 1341 3219 1340 3237
8451 1897 3310 3236 3387
8452 1622 1620 1621 3177
8453 1161 3146 1160 3277
8454 1482 100 1362 1190
8455 241 1379 1428 1759
8456 1928 1912 3208 3372
8457 1570 1719 3125 3377
8458 1139 3125 1278 3377
8459 1283 3243 1137 3264
8460 1742 1744 1583 3378
8461 316 1360 1856 3235
8462 1654 3150 1655 3361
8463 3115 3232 1809 3251
8464 1569 3243 1737 3264
8465 1439 1437 1438 3197
8466 1412 1417 1415 3201
8467 1603 1604 1601 3212
8468 1604 3212 1603 3269
8469 3048 3321 3187 3346
8470 1618 1613 1617 3305
8471 1208 1212 3160 3288
8472 1477 1920 269 3224
8473 1261 3200 1251 3344
8474 1452 1453 1451 3195
8475 1921 1391 269 3224
8476 3052 3158 3273 3339
8477 1715 1584 1743 3246
8478 1128 1493 128 1228
8479 1646 1645 1647 3266
8480 3061 3338 3140 3350
8481 3177 3272 3070 3357
8482 1518 1371 3132 3332
8483 1440 3138 1441 3320
8484 1903 1935 3217 3347
8485 1411 1414 1412 3238
8486 1414 1502 1505 3238
8487 1713 1608 1591 3127
8488 1308 1149 1596 3344
8489 1490 1518 1371 3132
8490 1706 1719 1720 3309
8491 1221 1222 3289 3333
8492 1180 1181 1179 3258
8493 1654 1653 1655 3150
8494 1213 1126 1214 3132
8495 1725 1579 1717 3375
8496 1728 1662 1725 3375
8497 3233 3296 1498 3334
8498 1570 3125 1139 3377
8499 1787 1785 1788 3196
8500 1674 1703 1702 3322
8501 1576 1146 211 1698
8502 1426 1424 1532 3229
8503 1807 1809 3115 3203
8504 1399 1395 1400 3199
8505 1610 1609 1608 3189
8506 1532 1529 1426 3358
8507 3080 3154 3150 3255
8508 1660 1712 1756 3251
8509 1162 1163 1161 3190
8510 1222 1227 1221 3289
8511 1729 3135 1735 3356
8512 1324 1511 3145 3241
8513 1881 317 1876 3157
8514 1433 1520 1557 3265
8515 3052 3251 3232 3301
8516 3189 3190 3091 3223
8517 1816 1797 1799 3126
8518 1857 1560 314 3263
8519 1319 1318 1317 3273
8520 1230 1498 3296 3334
8521 1548 1479 1480 3327
8522 1286 3216 1191 3362
8523 1163 1305 1247 3287
8524 1384 1452 1450 3314
8525 1639 1641 1640 3230
8526 1231 3131 3296 3313
8527 1316 1317 3158 3241
8528 3057 3233 3131 3296
8529 1366 1531 1533 3216
8530 1533 1535 1486 3216
8531 1273 1283 1137 3264
8532 1366 1531 3216 3355
8533 1569 1137 193 3243
8534 1740 1742 1665 3245
8535 3065 3134 3289 3373
8536 1721 1628 1630 3152
8537 3056 3147 3137 3217
8538 3058 3236 3136 3322
8539 1803 1802 1804 3211
8540 1520 1362 1557 3268
8541 1535 1486 3216 3362
8542 1146 1246 211 1698
8543 3171 3175 3097 3365
8544 1831 315 3235 3359
8545 1205 1199 1256 3181
8546 1286 1269 1118 3355
8547 1286 1118 3216 3355
8548 1868 1864 317 3157
8549 1251 1171 1165 3302
8550 1816 1771 1797 3126
8551 1732 1569 1737 3264
8552 1635 3171 1633 3352
8553 1571 1721 1720 3163
8554 1822 3317 1846 3381
8555 249 1824 1383 3244
8556 1394 1324 217 1511
8557 1444 1443 1442 3294
8558 1489 3315 1542 3351
8559 3115 3232 3251 3301
8560 1849 1848 1821 3328
8561 1514 1375 131 1265
8562 1956 1377 321 3276
8563 3063 3312 3137 3347
8564 1715 1743 1656 3361
8565 1144 1282 1272 3254
8566 1376 3140 1402 3299
8567 1935 1936 1903 3217
8568 1408 1375 1514 3146
8569 3171 3252 3175 3365
8570 1475 1471 1473 3345
8571 1573 1741 1735 3335
8572 1143 1294 1289 3335
8573 3092 3306 3113 3374
8574 3139 3202 1941 3376
8575 1847 1846 1822 3317
8576 1287 1286 1191 3362
8577 3072 3173 3162 3224
8578 1145 1575 208 3223
8579 1539 1489 1542 3351
8580 1419 3274 1544 3341
8581 1518 1519 1371 3332
8582 1294 3135 1290 3368
8583 1261 1311 1251 3200
8584 1659 1721 1571 3163
8585 1265 1130 1161 3146
8586 1676 1682 1672 3304
8587 1309 1554 1354 3388
8588 1465 1450 1448 3267
8589 1478 1477 1508 3311
8590 1440 1442 1441 3138
8591 1750 1605 1697 3218
8592 1742 1665 3245 3378
8593 1753 1308 1596 3344
8594 1413 1412 1415 3201
8595 1151 1338 1346 3336
8596 3187 3259 3048 3346
8597 3077 3194 3111 3325
8598 279 1768 1579 1812
8599 1932 322 18 3185
8600 1889 1713 306 1943
8601 1265 1375 131 1130
8602 1464 249 1383 3244
8603 1694 3254 1741 3335
8604 1145 209 1575 1696
8605 3092 1680 3306 3374
8606 1257 1258 3134 3342
8607 1928 1936 1929 3372
8608 1629 1683 1626 3225
8609 1741 1694 1739 3254
8610 1236 193 1137 3243
8611 1905 3237 3219 3376
8612 1341 1343 1358 3300
8613 1678 1679 1680 3306
8614 1690 1569 193 3243
8615 3111 3268 3040 3302
8616 1515 1494 1543 3262
8617 1799 1801 3321 3346
8618 1673 1674 1729 3322
8619 1493 3124 1543 3380
8620 1643 1564 1685 3256
8621 1503 1422 1469 3318
8622 249 1763 1824 3244
8623 3325 3366 1268 3385
8624 1430 1429 1379 3151
8625 1917 1921 1914 3224
8626 3071 3320 3138 3381
8627 1879 3182 320 3371
8628 1477 269 1391 3224
8629 1209 1231 1211 3131
8630 1517 1544 1419 3274
8631 1403 3140 1376 3337
8632 1672 3136 1673 3356
8633 1236 194 1690 3292
8634 1446 1444 1464 3244
8635 3140 3061 3337 3338
8636 1594 1600 1599 3354
8637 1519 3239 1491 3332
8638 1837 1826 3158 3241
8639 1232 1177 1117 3256
8640 3150 3154 3100 3255
8641 1924 1922 3280 3327
8642 1595 278 1768 1661
8643 1316 1317 1315 3158
8644 1792 1791 1790 3214
8645 1859 3235 315 3359
8646 1924 1923 1937 3343
8647 1893 3236 1898 3319
8648 1421 1426 1423 3358
8649 3135 3342 1290 3368
8650 1632 3171 1634 3301
8651 1817 1828 1782 3191
8652 1201 1205 1256 3291
8653 1264 3186 1260 3268
8654 1481 1926 273 1884
8655 1476 1471 1475 3137
8656 1353 1347 1351 3336
8657 1519 1524 1491 3239
8658 3075 3199 3110 3300
8659 3102 3218 3079 3349
8660 1713 1889 306 1590
8661 1634 3171 1635 3352
8662 1811 1837 3158 3232
8663 1657 1562 179 3252
8664 1552 1508 1410 3173
8665 1824 1383 3244 3267
8666 1766 3263 313 3371
8667 1315 1317 1318 3158
8668 1710 1753 1596 3344
8669 1660 3222 1712 3251
8670 1261 1149 1308 3344
8671 1167 3175 1165 3302
8672 1227 1257 3134 3368
8673 1403 3260 3140 3338
8674 3064 3372 3304 3387
8675 1829 1758 1836 3247
8676 1243 1145 208 3223
8677 1575 1695 208 3223
8678 272 1925 1926 1392
8679 209 1145 1244 1696
8680 1480 3281 3095 3327
8681 1464 1763 249 3244
8682 3110 3260 3140 3299
8683 1236 1690 193 3243
8684 3044 3243 3130 3291
8685 1935 1883 1934 3347
8686 1427 3133 1423 3358
8687 1758 1386 255 3330
8688 130 1374 1514 1129
8689 3117 3237 1906 3376
8690 1259 3223 1243 3389
8691 1695 3223 1707 3389
8692 1941 1884 1926 3139
8693 1595 277 1660 3251
8694 1421 3229 1426 3358
8695 1874 1877 1872 3228
8696 1448 1449 1447 3210
8697 3115 3251 1722 3301
8698 1498 3233 1529 3296
8699 1320 221 1315 1833
8700 1450 1449 1448 3210
8701 1121 1256 1198 3315
8702 1562 1133 179 3252
8703 1634 1633 1635 3171
8704 179 1252 1657 3252
8705 1144 3254 1272 3389
8706 1230 3296 1231 3334
8707 228 1337 1345 1509
8708 1168 1166 1167 3385
8709 1403 1402 1376 3140
8710 1211 1210 1209 3360
8711 1668 3178 1875 3384
8712 1729 1693 1735 3135
8713 1290 1294 1241 3135
8714 1946 1949 1916 3374
8715 3110 3076 3300 3336
8716 1511 1558 1394 3145
8717 1473 1474 1523 3345
8718 1252 3252 1169 3329
8719 1312 1328 1325 3153
8720 1673 1671 1674 3322
8721 1746 1592 1602 3308
8722 1874 1877 3228 3384
8723 1606 1607 1605 3218
8724 1472 1474 1473 3345
8725 1325 1710 224 1312
8726 1248 1208 1212 3160
8727 1204 1202 1250 3275
8728 1504 1534 1418 3331
8729 1950 1949 1889 3374
8730 1509 1396 3199 3388
8731 1407 1405 1406 3281
8732 1298 1269 1183 3355
8733 1386 3247 1467 3330
8734 1476 1496 1503 3312
8735 1711 1357 1755 3188
8736 1796 1794 1844 3295
8737 1907 1937 1942 3202
8738 1166 3175 1167 3385
8739 1875 1876 1878 3384
8740 1600 1711 3188 3354
8741 3137 3345 1475 3373
8742 1389 265 1891 3217
8743 1745 1890 308 1948
8744 1349 1598 1356 3184
8745 1803 1769 1814 3121
8746 1899 1900 1935 3310
8747 1293 1220 1218 3313
8748 1907 1959 1906 3117
8749 1439 1438 1440 3320
8750 1880 1578 323 3286
8751 1280 1171 1310 3302
8752 208 1695 1243 3223
8753 1648 1649 1650 3206
8754 1811 3222 1776 3251
8755 179 1133 1252 3252
8756 1951 1944 3227 3343
8757 1600 3188 1597 3308
8758 1807 1809 1768 3115
8759 1482 101 1190 3325
8760 1115 1363 102 3366
8761 1151 1346 3184 3336
8762 1236 1138 194 3292
8763 1593 1690 194 3292
8764 1718 1629 1628 3225
8765 1409 1508 1548 3173
8766 1668 1875 1586 3384
8767 1410 1409 1408 3173
8768 1312 1710 224 1559
8769 1509 1554 1396 3388
8770 1389 1470 265 3217
8771 1793 1794 1795 3204
8772 1252 1166 1169 3252
8773 1738 1664 1736 3386
8774 1738 1740 1582 3386
8775 1892 310 1746 1927
8776 1131 1546 134 1300
8777 1900 3372 3147 3387
8778 1955 1930 1755 3188
8779 1387 1861 260 3226
8780 3117 1907 3202 3376
8781 1873 1586 1875 3384
8782 1208 1124 3334 3370
8783 1780 1767 1779 3323
8784 1792 1790 1842 3214
8785 3199 3299 3110 3388
8786 1306 1151 1356 3184
8787 1310 1264 1260 3268
8788 1883 3318 1934 3347
8789 1497 1536 3334 3370
8790 1486 108 1366 3216
8791 1249 1274 3275 3326
8792 1905 3219 1939 3376
8793 1151 1113 1338 3336
8794 1585 1623 1621 3323
8795 3086 3262 3124 3380
8796 1745 1890 1948 3227
8797 1903 1891 265 3217
8798 1578 1625 323 3286
8799 1118 1366 108 3216
8800 1906 1907 3117 3376
8801 1903 265 1470 3217
8802 1247 3086 3287 3380
8803 1475 1524 3312 3373
8804 1498 120 1497 3334
8805 1236 3243 1275 3292
8806 1690 1734 3243 3292
8807 1759 1858 1854 3340
8808 1523 1492 1527 3289
8809 1804 1806 1805 3211
8810 1631 177 1164 3344
8811 1523 1492 3289 3333
8812 3125 3309 3073 3377
8813 1486 1191 108 3216
8814 1897 1898 1893 3236
8815 1711 1350 1357 3188
8816 1637 1635 1633 3352
8817 1610 1680 1751 3306
8818 1877 320 1879 3182
8819 1846 3234 1762 3381
8820 1423 1427 1501 3133
8821 1289 1225 3290 3368
8822 1272 1259 1243 3389
8823 1716 1695 1707 3389
8824 1185 1184 1182 3207
8825 1231 1219 1220 3313
8826 1362 1114 99 3268
8827 1419 1516 1545 3341
8828 1683 1625 1626 3286
8829 1671 1703 1674 3322
8830 1770 1799 1801 3321
8831 1601 1600 1602 3212
8832 1498 1230 120 3334
8833 1345 1509 1337 3199
8834 1947 1929 1940 3372
8835 1703 1587 1683 3319
8836 1885 1947 3304 3348
8837 1471 1472 1473 3345
8838 1546 1396 1300 3299
8839 1118 108 1191 3216
8840 1682 303 1885 3348
8841 1688 1234 190 3316
8842 3133 3226 3083 3331
8843 1165 3252 1133 3365
8844 1496 1475 1524 3312
8845 1306 1752 1262 3184
8846 1740 3245 1582 3386
8847 1127 1254 125 3239
8848 1381 1438 3317 3381
8849 1446 1447 1445 3176
8850 1383 1824 250 3267
8851 125 1372 1127 3239
8852 1813 277 1595 3251
8853 1165 1166 1133 3252
8854 1254 1491 125 3239
8855 1459 3314 1765 3364
8856 1832 3241 1837 3340
8857 1291 1239 1140 3163
8858 1610 1751 3189 3306
8859 1218 1220 1219 3313
8860 1442 1463 3234 3381
8861 1387 260 1507 3226
8862 1258 1227 1257 3134
8863 1336 1594 236 1598
8864 1813 3232 1811 3251
8865 1503 3318 1388 3347
8866 1422 1424 1421 3229
8867 1831 315 1775 3235
8868 1150 1554 1309 3388
8869 1672 1671 1673 3136
8870 1656 1655 1714 3361
8871 1459 1765 253 3364
8872 1383 250 1465 3267
8873 1808 1852 1854 3151
8874 1482 1363 101 3325
8875 1745 309 1890 1927
8876 1762 1846 1845 3234
8877 229 1395 1348 1337
8878 1313 1334 1324 3145
8879 1476 1475 1496 3312
8880 1928 1929 1912 3372
8881 3197 3259 3071 3320
8882 1872 313 3263 3371
8883 1611 1614 1704 3228
8884 1151 3184 1152 3336
8885 1937 1951 1942 3343
8886 1347 3199 1351 3388
8887 1263 1309 1354 3388
8888 1329 1328 1319 3273
8889 1681 1678 1680 3374
8890 1495 1330 1321 3186
8891 1283 1275 1236 3243
8892 1386 1466 255 3330
8893 1386 1467 1458 3330
8894 3233 3296 3057 3358
8895 1475 3312 3137 3373
8896 1737 1690 1734 3243
8897 1741 3284 1675 3356
8898 1328 3153 1312 3379
8899 1124 1497 120 3334
8900 1546 135 1300 1396
8901 1813 1809 3232 3251
8902 1260 1307 1555 3186
8903 1356 1598 1752 3184
8904 1363 1483 102 3366
8905 1752 1709 1262 3184
8906 125 1491 1372 3239
8907 221 1315 1833 1774
8908 1704 1586 296 3384
8909 1722 3251 1756 3301
8910 1758 255 1838 3330
8911 1356 1151 1346 3184
8912 1392 1926 272 1481
8913 1536 3233 1498 3334
8914 1593 194 1138 3292
8915 1278 1277 1238 3377
8916 1691 1720 1719 3377
8917 1115 1190 101 3325
8918 307 1713 1948 1943
8919 1381 1440 1438 3381
8920 1929 3372 1900 3387
8921 1499 3241 1397 3340
8922 1345 1351 1347 3199
8923 1757 1559 1710 3153
8924 1800 3187 1801 3346
8925 1907 1941 3202 3376
8926 229 1395 1398 1348
8927 3045 3227 3127 3367
8928 1801 1800 1802 3187
8929 1346 1353 1352 3336
8930 273 1393 1481 1884
8931 1739 1574 1716 3254
8932 1924 1925 1922 3327
8933 1162 1245 1302 3277
8934 1559 3153 1757 3379
8935 316 315 1859 3235
8936 1405 1403 1406 3338
8937 1592 1746 310 1927
8938 1610 1751 1707 3189
8939 1356 1752 1306 3184
8940 1841 1764 1842 3267
8941 1578 16 323 1625
8942 1420 321 14 1377
8943 3113 3253 3092 3374
8944 1305 1163 1259 3190
8945 1204 1249 1274 3275
8946 1947 1940 1885 3304
8947 1442 1440 1463 3381
8948 1730 1640 1642 3230
8949 1401 3260 1403 3338
8950 177 1631 1596 3344
8951 177 1149 1164 3344
8952 1338 1113 48 1263
8953 1526 1528 1484 3293
8954 1540 1542 1369 3315
8955 1345 3199 1347 3388
8956 3235 3238 3041 3359
8957 3043 3259 3197 3320
8958 1871 1876 1875 3178
8959 3058 3236 3310 3387
8960 1944 1890 1951 3227
8961 1326 3222 1318 3379
8962 1295 1115 102 3366
8963 1632 1634 1636 3301
8964 303 1682 1589 3348
8965 1277 1291 3163 3360
8966 1710 1700 3153 3344
8967 317 318 1876 3157
8968 1236 1690 3243 3292
8969 1547 1399 1401 3260
8970 1503 1388 1476 3347
8971 1148 1262 213 1709
8972 1465 250 1764 3267
8973 1129 1514 130 1265
8974 1600 1711 1597 3188
8975 1619 1734 1699 3144
8976 1568 1688 190 3316
8977 1257 1217 1258 3342
8978 1824 1764 250 3267
8979 1699 1612 1613 3271
8980 1925 271 1887 3327
8981 3077 3366 3325 3385
8982 1364 104 1266 3293
8983 1745 1592 309 1927
8984 1942 1892 1959 3308
8985 1680 1749 1590 3374
8986 1222 1128 1223 3333
8987 3061 3270 3277 3382
8988 1768 1813 278 1595
8989 1124 120 1230 3334
8990 1209 1230 1231 3334
8991 1140 1277 1291 3163
8992 1131 1156 1159 3337
8993 1362 99 1510 3268
8994 1911 1913 1910 3253
8995 1755 1930 1597 3188
8996 318 317 1864 3157
8997 1136 190 1234 3316
8998 1601 1602 1603 3212
8999 3111 3077 3325 3385
9000 3061 3277 3146 3382
9001 1894 1904 1905 3237
9002 1495 1555 1330 3186
9003 1330 1307 1229 3186
9004 1884 274 1393 1939
9005 3131 3233 3062 3334
9006 1401 1404 1547 3260
9007 1165 1167 1166 3175
9008 1364 1484 104 3293
9009 1456 1454 1385 3364
9010 1509 1396 1400 3199
9011 1339 1341 1340 3237
9012 1137 3243 1569 3264
9013 1801 1802 1803 3187
9014 1361 1498 1529 3296
9015 3170 3261 3080 3353
9016 1852 1808 1806 3203
9017 1617 1560 294 1857
9018 1193 1194 1195 3353
9019 1385 1459 253 3364
9020 1574 1716 3254 3389
9021 1216 1217 1288 3250
9022 1224 1226 1282 3142
9023 1215 1217 1216 3250
9024 1546 1131 134 1376
9025 1253 112 1488 3240
9026 282 1580 1663 3321
9027 1120 1368 112 3240
9028 1645 1643 1685 3256
9029 1766 1830 313 3263
9030 1479 1887 271 3327
9031 1837 1826 1774 3158
9032 1700 1757 1710 3153
9033 1755 1357 1955 3188
9034 1848 1847 1761 3317
9035 1947 1912 1929 3372
9036 1260 99 1114 3268
9037 282 1814 1580 3321
9038 1505 1501 1504 3331
9039 1837 1832 1826 3241
9040 294 1617 1857 1777
9041 1115 101 1363 3325
9042 1377 1956 262 1469
9043 1675 1672 1673 3356
9044 1837 1774 1811 3158
9045 308 1591 1745 1948
9046 1223 1228 1247 3380
9047 1117 1177 1179 3256
9048 1655 1653 1567 3255
9049 324 323 1933 3286
9050 3080 3261 3172 3361
9051 1152 1151 1262 3184
9052 1754 1333 1708 3222
9053 1808 1810 1809 3232
9054 3061 3281 3338 3350
9055 3067 3175 3171 3252
9056 3042 3261 3170 3353
9057 1510 1260 1555 3186
9058 303 1945 1885 3348
9059 1760 1852 1849 3328
9060 1427 3233 3133 3358
9061 1302 1245 1244 3349
9062 1697 1748 1696 3349
9063 1368 1488 112 3240
9064 1653 1687 1567 3255
9065 1334 1319 1317 3273
9066 1625 299 1957 1587
9067 1342 3188 1350 3354
9068 1253 1120 112 3240
9069 1944 1918 1919 3367
9070 1337 228 1395 1509
9071 1473 1475 3345 3373
9072 1382 1463 247 3234
9073 1401 1404 3260 3338
9074 1167 1165 1171 3302
9075 1346 1151 49 1338
9076 290 1667 1827 3246
9077 1360 316 13 1411
9078 1560 15 314 1611
9079 1466 1838 255 3330
9080 1823 1382 247 3234
9081 1905 1939 1958 3376
9082 301 1588 1896 3236
9083 1245 1160 1158 3277
9084 1328 1312 1335 3379
9085 213 1148 1709 1577
9086 300 1670 1893 3319
9087 1358 1351 3199 3300
9088 206 1694 1242 3254
9089 1873 296 1586 3384
9090 1745 1948 1591 3227
9091 1150 1396 1554 3388
9092 1840 1825 1841 3314
9093 1504 1418 1505 3331
9094 206 1242 1144 3254
9095 1227 1225 1257 3368
9096 1386 1758 256 3247
9097 1574 206 1144 3254
9098 1463 1762 247 3234
9099 277 1776 1660 3251
9100 1665 286 1582 3245
9101 1851 1320 1333 3222
9102 1878 1876 318 3278
9103 1902 1957 299 1587
9104 1877 319 320 3182
9105 1326 1708 1333 3222
9106 1197 1195 1284 3353
9107 1153 3336 3110 3388
9108 1543 1373 1523 3333
9109 1584 290 1815 3246
9110 320 319 1865 3182
9111 3182 3359 320 3371
9112 1468 1386 256 3247
9113 114 1489 1200 3315
9114 290 1584 1667 3246
9115 1115 3325 1363 3366
9116 1915 1918 1917 3367
9117 177 1596 1149 3344
9118 1940 3372 1929 3387
9119 1352 1353 1343 3300
9120 1550 1405 3281 3338
9121 1854 1852 1820 3151
9122 1280 1167 1171 3302
9123 301 1670 1588 3236
9124 307 1713 1591 1948
9125 1631 3344 1164 3365
9126 1522 1363 3325 3366
9127 1811 1813 1809 3232
9128 1247 1129 1303 3380
9129 1669 1586 1705 3384
9130 1856 1468 257 1834
9131 1421 1424 1426 3229
9132 1834 1468 256 3247
9133 1360 1468 257 1856
9134 290 1827 1815 3246
9135 1469 1956 262 1931
9136 323 1625 1957 3286
9137 1135 1233 1267 3255
9138 1855 1834 1829 3247
9139 1406 1403 1376 3337
9140 1712 3222 1708 3379
9141 1136 1568 190 3316
9142 1679 1677 1739 3143
9143 1665 1772 286 3245
9144 1316 1324 1317 3241
9145 1127 1372 126 3289
9146 3057 3296 3131 3313
9147 302 1896 1588 3304
9148 3172 3261 3047 3361
9149 1656 1654 1655 3361
9150 322 1932 1895 3276
9151 1274 1138 1275 3292
9152 1574 1694 206 3254
9153 1593 1723 1734 3292
9154 1295 102 1483 3366
9155 1958 3139 1941 3376
9156 1374 1494 1551 3380
9157 1470 264 1903 3347
9158 1673 1729 1735 3356
9159 1823 247 1762 3234
9160 1150 1300 1396 3299
9161 1885 3304 1682 3348
9162 1512 1393 274 1939
9163 1689 1235 192 3264
9164 1746 311 1892 3308
9165 1347 1338 48 1263
9166 1314 1147 33 1261
9167 3124 3287 3086 3380
9168 1132 1266 104 3293
9169 1345 1347 1354 3388
9170 1587 1670 300 3319
9171 1350 3188 1711 3354
9172 1477 1920 3224 3311
9173 1628 1629 1626 3225
9174 1340 1355 1904 3219
9175 1834 256 1758 3247
9176 1657 1633 1562 3252
9177 1569 192 1137 3264
9178 1250 1249 1204 3275
9179 1260 1510 99 3268
9180 3094 3338 3281 3350
9181 1758 1838 1836 3330
9182 1497 1536 1498 3334
9183 286 1818 1582 3245
9184 1221 1492 127 3333
9185 1958 1884 1941 3139
9186 1397 1499 1511 3241
9187 1285 1276 1136 3316
9188 1132 104 1484 3293
9189 1635 1638 1725 3352
9190 1137 192 1235 3264
9191 1337 1509 1395 3199
9192 1778 292 1701 3323
9193 1758 3247 1386 3330
9194 1556 1324 1331 3241
9195 1267 1284 1135 3255
9196 1260 1264 1229 3186
9197 1510 1495 1513 3186
9198 1473 3345 1527 3373
9199 1900 3147 3310 3387
9200 1656 1743 1654 3361
9201 1363 1521 1522 3325
9202 1897 1899 1898 3310
9203 1289 1294 1225 3368
9204 313 314 1872 3263
9205 1905 1906 3237 3376
9206 301 1893 1670 3236
9207 3097 3200 3153 3344
9208 1733 1663 1730 3321
9209 1268 1281 3325 3385
9210 1299 1549 133 3337
9211 3136 3304 3236 3387
9212 1893 1670 3236 3319
9213 1299 1375 132 1549
9214 1445 1531 1443 3294
9215 1878 1873 1875 3384
9216 1370 3274 1517 3370
9217 1342 1344 1350 3188
9218 1875 1873 297 1586
9219 1260 3186 1510 3268
9220 3219 3237 3075 3376
9221 1637 1638 1635 3352
9222 1859 315 1869 3359
9223 1444 1445 1443 3294
9224 1157 1156 1154 3205
9225 1569 1689 192 3264
9226 3110 3336 3300 3388
9227 1150 1300 135 1396
9228 1686 1566 1649 3155
9229 133 1131 1299 3337
9230 1145 1259 1302 3223
9231 1575 1748 1707 3223
9232 301 1896 1893 3236
9233 1904 1939 1905 3219
9234 303 1589 1945 3348
9235 1255 1184 1134 3155
9236 33 1314 1261 1322
9237 1494 1493 1543 3380
9238 1765 1835 253 3364
9239 1778 1701 3305 3323
9240 1704 3228 1705 3384
9241 1341 1348 1340 3219
9242 1132 1271 1297 3293
9243 322 321 1860 3276
9244 1832 1837 1858 3340
9245 1299 1159 1130 3337
9246 1207 119 1124 3370
9247 311 1930 1892 3308
9248 1568 1724 1714 3316
9249 1411 1867 1502 3238
9250 1711 237 1350 3354
9251 1615 1616 1614 3179
9252 1327 1319 1334 3273
9253 1376 133 1549 3337
9254 1843 1763 1844 3244
9255 1813 1776 277 3251
9256 1326 1320 1318 3222
9257 3117 3075 3237 3376
9258 1904 1355 1954 3219
9259 1605 1603 1606 3269
9260 1208 1207 1124 3370
9261 1870 1420 1507 3279
9262 1113 49 1151 1338
9263 3239 3289 3134 3373
9264 1127 3239 1372 3289
9265 1900 1899 1897 3310
9266 1550 3281 1480 3327
9267 1372 1492 126 3289
9268 1221 1127 126 3289
9269 1430 1432 1431 3194
9270 1401 1403 1404 3338
9271 1727 1616 1615 3179
9272 133 1376 1131 3337
9273 1268 3325 1115 3366
9274 1851 1833 1320 3222
9275 1940 1929 1900 3387
9276 1941 1937 1907 3202
9277 1765 1459 252 3314
9278 1818 286 1772 3245
9279 1861 1862 260 3226
9280 1585 1701 292 3323
9281 1676 1678 1589 3348
9282 1369 1489 114 3315
9283 1200 1121 114 3315
9284 1182 1180 1269 3258
9285 1257 1290 3342 3368
9286 1668 1875 297 1586
9287 1114 1280 1310 3268
9288 302 1588 1682 3304
9289 1338 1347 1353 3336
9290 1549 1375 1406 3337
9291 1335 1326 1318 3379
9292 126 1492 1221 3289
9293 1776 3222 1660 3251
9294 1372 3289 3239 3373
9295 1323 1229 32 1147
9296 1615 1699 1723 3271
9297 1350 237 1336 3354
9298 1208 1124 1209 3334
9299 1529 3233 1427 3358
9300 1370 1517 1534 3370
9301 1522 1525 1483 3366
9302 1316 1826 1850 3241
9303 1470 1388 264 3347
9304 1741 1675 1735 3356
9305 1197 1193 1195 3353
9306 1497 1534 1536 3370
9307 1300 1155 1131 3299
9308 1400 1396 1402 3299
9309 1376 1402 1546 3299
9310 1663 1770 282 3321
9311 1708 1712 1660 3222
9312 1949 1913 1911 3253
9313 1627 1668 1669 3178
9314 1349 1346 1352 3184
9315 1597 3188 1930 3308
9316 1888 1932 18 3185
9317 1599 1709 1598 3184
9318 1553 1355 1398 3219
9319 1207 1370 119 3370
9320 1497 1124 119 3370
9321 1439 1441 1528 3320
9322 32 1323 1147 1314
9323 1257 1294 1290 3368
9324 1470 1903 3217 3347
9325 3110 3300 3199 3388
9326 1324 1556 1511 3241
9327 1900 3310 1897 3387
9328 1547 1481 1393 3139
9329 1811 1833 1776 3222
9330 1431 1432 1521 3194
9331 1263 1354 1347 3388
9332 302 1885 1896 3304
9333 1862 1507 260 3226
9334 1925 1392 271 3327
9335 1205 1203 1283 3291
9336 1389 3217 1891 3303
9337 264 1883 1903 3347
9338 1221 127 1128 3333
9339 1373 127 1492 3333
9340 1778 1767 292 3323
9341 1914 1921 1920 3224
9342 1770 1814 282 3321
9343 1648 1738 1646 3266
9344 1668 298 1880 1578
9345 261 1870 1420 1507
9346 1150 3299 1396 3388
9347 1796 1795 1794 3295
9348 1398 1399 1512 3219
9349 1893 1902 300 3319
9350 1456 1466 1458 3330
9351 1121 1369 114 3315
9352 1208 1210 1212 3288
9353 3236 3304 1896 3387
9354 311 1746 1597 3308
9355 1906 1930 1938 3188
9356 1641 1642 1640 3230
9357 1268 1281 1115 3325
9358 1657 3252 1252 3329
9359 1633 1634 1632 3171
9360 1447 1533 1445 3176
9361 1544 118 1123 3274
9362 1370 1207 118 3274
9363 1387 1507 1501 3226
9364 1355 1348 1398 3219
9365 1807 1808 1809 3203
9366 1585 292 1767 3323
9367 1123 118 1207 3274
9368 1813 1811 1776 3251
9369 1150 1155 3299 3388
9370 1388 263 1883 3318
9371 1426 1427 1423 3358
9372 1896 3236 1588 3304
9373 1508 1391 1548 3224
9374 1388 1469 263 3318
9375 1153 1263 1113 3388
9376 1329 1319 1327 3273
9377 1479 271 1392 3327
9378 1956 14 321 1377
9379 1902 1587 300 3319
9380 1330 1555 1307 3186
9381 1372 3239 1524 3373
9382 1440 1441 1439 3320
9383 1385 253 1835 3364
9384 1922 1923 1924 3280
9385 1157 1158 1156 3205
9386 311 1597 1930 3308
9387 1940 1896 3304 3387
9388 1803 1804 1805 3211
9389 1850 1331 1316 3241
9390 1874 3228 1704 3384
9391 180 1657 1252 3329
9392 1527 3289 1372 3373
9393 1722 1595 1756 3251
9394 1384 252 1459 3314
9395 1586 1704 1705 3384
9396 1737 1619 1620 3272
9397 1153 1113 3336 3388
9398 1957 323 16 1625
9399 302 1682 1885 3304
9400 1375 1299 132 1130
9401 1765 252 1825 3314
9402 197 1570 1139 3377
9403 1604 1605 1750 3269
9404 1388 1883 264 3347
9405 1786 1835 1839 3364
9406 1556 1850 1397 3241
9407 1610 1707 1609 3189
9408 1536 1529 1498 3233
9409 1373 1128 127 3333
9410 1259 1163 1162 3190
9411 1127 1258 1254 3239
9412 1231 1125 1219 3296
9413 1229 1323 1330 3186
9414 1811 1810 1837 3232
9415 1701 293 1778 3305
9416 1254 1491 3239 3332
9417 1711 1594 237 3354
9418 1850 1832 1397 3241
9419 1947 1945 1916 3348
9420 1212 1210 1278 3288
9421 1851 1333 1754 3222
9422 1954 1553 1512 3219
9423 1544 1370 118 3274
9424 1221 3289 1492 3333
9425 1247 1226 1223 3287
9426 1594 1336 237 3354
9427 1556 1324 218 1331
9428 1478 1552 1515 3262
9429 1793 1792 1794 3204
9430 1205 1201 1203 3291
9431 1446 1464 1383 3244
9432 1327 1321 1323 3186
9433 1862 3226 1864 3279
9434 1636 1722 1756 3301
9435 1489 1200 3315 3351
9436 1701 1617 293 3305
9437 1308 1332 34 1322
9438 1710 1596 1700 3344
9439 1307 1555 98 1260
9440 1261 1251 1149 3344
9441 1342 1341 1339 3237
9442 1851 1754 1776 3222
9443 1306 1262 1151 3184
9444 1872 1879 313 3371
9445 1708 3222 1326 3379
9446 1257 3342 3134 3368
9447 1762 1463 246 3381
9448 1512 1939 1954 3219
9449 1384 1825 252 3314
9450 1295 1174 1268 3366
9451 1704 296 1874 3384
9452 1133 3252 1562 3365
9453 1497 3334 1124 3370
9454 1616 1706 1705 3309
9455 1226 1305 1272 3287
9456 1141 1561 200 3298
9457 1239 200 1659 3298
9458 1955 312 1755 1930
9459 180 1189 1563 3329
9460 1795 1796 1797 3295
9461 314 15 1560 1857
9462 323 1957 1933 3286
9463 3131 3296 3233 3334
9464 124 1491 1254 3332
9465 1411 1867 258 1502
9466 1704 1882 295 1611
9467 1762 246 1822 3381
9468 1359 1336 1352 3354
9469 1426 1529 1427 3358
9470 1722 1636 1634 3301
9471 1389 1891 266 3303
9472 1897 3236 1896 3387
9473 1755 1597 1711 3188
9474 1370 1497 119 3370
9475 1118 1366 3216 3355
9476 1908 1500 266 3303
9477 180 1563 1657 3329
9478 1252 1189 180 3329
9479 1465 1448 1383 3267
9480 1894 1905 1906 3237
9481 316 1856 1775 3235
9482 1471 1470 1389 3217
9483 1620 1619 1618 3272
9484 210 1696 1244 3349
9485 1777 293 1617 3305
9486 13 316 1360 1856
9487 1390 1886 268 3311
9488 1342 1350 1359 3354
9489 1660 1776 1754 3222
9490 1290 1288 1217 3342
9491 1191 3216 1486 3362
9492 1766 17 3156 3371
9493 1676 1589 1682 3348
9494 1951 1923 1944 3343
9495 1243 3223 1695 3389
9496 1742 1650 1652 3283
9497 1381 1822 246 3381
9498 1469 1931 263 3318
9499 1880 16 323 1578
9500 1870 321 14 1420
9501 1527 1372 1524 3373
9502 1330 215 1495 1321
9503 1122 115 1378 3351
9504 1309 1150 136 1554
9505 1863 1502 1867 3238
9506 1762 3234 1463 3381
9507 1279 1249 1212 3326
9508 219 1850 1316 1826
9509 117 1544 1123 3341
9510 1242 3254 1694 3335
9511 1324 1556 218 1511
9512 1659 200 1561 3298
9513 1239 1141 200 3298
9514 1904 1340 231 1355
9515 1261 1308 34 1322
9516 1126 1371 124 3332
9517 1708 225 1559 3379
9518 1409 1410 1508 3173
9519 1389 266 1500 3303
9520 1573 1143 205 3335
9521 1873 1874 296 3384
9522 1242 1694 205 3335
9523 1555 1510 98 1260
9524 1596 1308 176 1149
9525 1473 1527 1475 3373
9526 1459 1385 1454 3364
9527 1708 1326 225 3379
9528 1515 1552 1494 3262
9529 1908 266 1891 3303
9530 1150 1153 1155 3388
9531 1240 202 1692 3324
9532 1572 202 1142 3324
9533 1207 3274 1370 3370
9534 1922 1918 1923 3280
9535 1349 1356 1346 3184
9536 1679 1716 1751 3306
9537 1777 1778 293 3305
9538 1463 1381 246 3381
9539 1388 3318 1883 3347
9540 1187 1185 1287 3285
9541 1870 1507 1862 3279
9542 1570 197 1691 3377
9543 197 1139 1238 3377
9544 1920 268 1886 3311
9545 1587 1703 1670 3319
9546 1883 263 1931 3318
9547 1409 1480 1407 3281
9548 1509 1345 227 1554
9549 1922 1925 1887 3327
9550 1866 319 318 3278
9551 1831 3156 17 3359
9552 1807 1806 1808 3203
9553 1646 1647 1648 3266
9554 1344 1357 1350 3188
9555 1709 1752 1598 3184
9556 1491 124 1371 3332
9557 1126 124 1254 3332
9558 1766 17 1831 3156
9559 1822 1381 245 3317
9560 1915 1919 1918 3367
9561 1200 1489 115 3351
9562 1557 1362 1510 3268
9563 1462 1761 245 3317
9564 1358 1343 1351 3300
9565 1279 1274 1249 3326
9566 1368 3240 1120 3383
9567 1862 1507 3226 3279
9568 1137 1283 1236 3243
9569 117 1123 1206 3341
9570 1397 3241 1832 3340
9571 1569 1690 1737 3243
9572 1772 3245 1665 3378
9573 1904 231 1954 1355
9574 1354 227 1345 1554
9575 1495 1555 215 1330
9576 1381 1462 245 3317
9577 1516 117 1206 3341
9578 1522 1483 1363 3366
9579 1344 1938 234 1357
9580 1891 1903 1936 3217
9581 1151 1152 1113 3336
9582 1191 1286 1118 3216
9583 1238 1691 197 3377
9584 219 1850 1331 1316
9585 1308 1596 176 1753
9586 1544 3274 1123 3341
9587 1867 13 316 1411
9588 1853 1817 1777 3305
9589 1882 314 15 1611
9590 1428 1397 240 3340
9591 1286 1185 1182 3207
9592 1143 1242 205 3335
9593 205 1694 1573 3335
9594 312 1597 1755 1930
9595 1333 222 1320 1851
9596 1954 1355 1553 3219
9597 1650 1740 1648 3206
9598 1824 1763 1843 3244
9599 1429 1431 1433 3265
9600 1289 1225 1224 3290
9601 1442 1463 1382 3234
9602 1906 1905 1907 3376
9603 1582 3245 1818 3386
9604 1236 1275 1138 3292
9605 1690 1593 1734 3292
9606 1920 1477 268 3311
9607 1870 261 1862 1507
9608 1312 1559 225 3379
9609 1574 3254 1144 3389
9610 1243 1259 1145 3223
9611 1707 1695 1575 3223
9612 1253 1194 1120 3240
9613 1146 210 1244 3349
9614 1576 1696 210 3349
9615 1801 1814 1770 3321
9616 1934 1931 1953 3318
9617 1467 1386 1468 3247
9618 1351 1337 1358 3199
9619 1574 1144 207 3389
9620 1650 1651 1652 3283
9621 1940 1897 1896 3387
9622 1378 115 1489 3351
9623 1122 1200 115 3351
9624 1521 1363 1482 3325
9625 1907 1958 1941 3376
9626 1614 1705 1704 3228
9627 1741 1677 1675 3284
9628 1572 1692 202 3324
9629 1240 1142 202 3324
9630 1520 1433 1431 3265
9631 1508 1477 1391 3224
9632 1578 1626 1625 3286
9633 1955 1938 1930 3188
9634 1568 1714 1688 3316
9635 1815 1827 1784 3246
9636 1516 1544 117 3341
9637 1397 1832 240 3340
9638 1903 1883 1935 3347
9639 1388 1503 1469 3318
9640 1180 1182 1181 3258
9641 1670 1671 1588 3236
9642 1190 1115 1281 3325
9643 1200 1256 1121 3315
9644 1224 1225 1222 3290
9645 1955 234 1938 1357
9646 1245 1304 1146 3349
9647 1576 1750 1697 3349
9648 1221 1227 1127 3289
9649 1818 1772 1793 3245
9650 1701 1585 1621 3323
9651 1231 1230 1125 3296
9652 1759 1428 240 3340
9653 1618 1617 1701 3305
9654 1295 1268 1115 3366
9655 1822 245 1761 3317
9656 1396 136 1150 1554
9657 1390 268 1477 3311
9658 1221 1128 1222 3333
9659 1600 1597 1602 3308
9660 1944 1948 1890 3227
9661 1874 1878 1877 3384
9662 1248 1123 1207 3274
9663 178 1133 1562 3365
9664 182 1232 1564 3369
9665 1684 1116 182 3369
9666 1675 1677 1676 3284
9667 1242 1282 1144 3254
9668 1672 1682 1588 3304
9669 1187 1186 1185 3285
9670 1580 1730 1663 3321
9671 316 1775 315 3235
9672 1367 1119 109 3362
9673 1326 1312 225 3379
9674 1164 178 1631 3365
9675 1364 1526 1484 3293
9676 1423 1507 1420 3279
9677 1885 1945 1947 3348
9678 107 1366 1118 3355
9679 1756 1595 1660 3251
9680 1333 226 1754 1708
9681 1550 1404 1405 3338
9682 109 1191 1486 3362
9683 1330 1307 31 1229
9684 1952 1902 1898 3319
9685 1779 1767 1778 3323
9686 1277 1211 1291 3360
9687 226 1333 1326 1708
9688 285 1582 1818 3386
9689 1857 314 1830 3263
9690 1146 1576 210 3349
9691 1833 1320 222 1851
9692 1834 1758 1829 3247
9693 1234 1285 1136 3316
9694 1795 1771 1818 3386
9695 1799 1798 1800 3346
9696 1152 1153 1113 3336
9697 285 1771 1664 3386
9698 1397 1850 239 1832
9699 107 1298 1485 3355
9700 1867 1863 258 1502
9701 239 1850 1397 1556
9702 287 1772 1665 3378
9703 1452 1384 1459 3314
9704 1251 1164 1149 3344
9705 1631 1700 1596 3344
9706 1822 1381 3317 3381
9707 1712 1559 1757 3379
9708 1755 1711 238 1357
9709 1354 1263 47 1309
9710 107 1485 1366 3355
9711 1583 1819 287 3378
9712 1345 1337 1351 3199
9713 1120 111 1368 3383
9714 1350 238 1711 1357
9715 1889 305 1590 3374
9716 1715 1667 1584 3246
9717 109 1486 1367 3362
9718 1591 1607 1606 3227
9719 1550 1405 1480 3281
9720 1880 1875 298 1668
9721 1533 1486 1366 3216
9722 1487 111 1192 3383
9723 223 1753 1325 1332
9724 1657 1563 1637 3329
9725 1896 1897 1893 3236
9726 1889 1946 305 3374
9727 1132 1297 1266 3293
9728 1895 1956 321 3276
9729 1753 1710 223 1325
9730 1346 1338 1353 3336
9731 1609 1697 1607 3218
9732 1250 1206 1123 3341
9733 1427 1529 1536 3233
9734 1389 1500 1472 3303
9735 1252 1169 1189 3329
9736 1752 1262 214 1306
9737 1502 1414 1411 3238
9738 1260 1229 1307 3186
9739 1510 1555 1495 3186
9740 1708 1660 1754 3222
9741 1488 1368 1541 3240
9742 1243 207 1144 3389
9743 1574 207 1695 3389
9744 1126 1254 1215 3332
9745 1164 1133 178 3365
9746 178 1562 1631 3365
9747 1392 1550 1480 3327
9748 1133 1166 1252 3252
9749 320 3359 17 3371
9750 1232 182 1116 3369
9751 182 1564 1684 3369
9752 1824 1842 1764 3267
9753 1822 1846 1762 3381
9754 50 1151 1346 1356
9755 1612 1699 1615 3271
9756 1151 50 1306 1356
9757 230 1398 1355 1348
9758 1600 1594 1711 3354
9759 1893 1898 1902 3319
9760 230 1398 1553 1355
9761 1850 1556 1331 3241
9762 1920 1886 1910 3311
9763 1605 1604 1603 3269
9764 1740 1665 1582 3245
9765 1122 1201 1200 3351
9766 1863 1859 1865 3238
9767 1681 305 1946 3374
9768 1381 1438 1462 3317
9769 1333 1320 1326 3222
9770 1821 1380 243 3328
9771 1191 109 1119 3362
9772 1262 1752 214 1709
9773 1928 1908 1891 3303
9774 129 1374 1129 3380
9775 1839 1835 1765 3364
9776 1766 313 17 3371
9777 1150 1155 1300 3299
9778 287 1665 1583 3378
9779 1461 1760 243 3328
9780 1940 1896 1885 3304
9781 1461 1380 1434 3328
9782 17 3359 3156 3371
9783 107 1118 1298 3355
9784 1235 1273 1137 3264
9785 1762 1845 1823 3234
9786 1878 1874 1873 3384
9787 1491 1524 1372 3239
9788 1759 240 1832 3340
9789 1866 1864 1862 3226
9790 1402 1396 1546 3299
9791 1542 1489 1369 3315
9792 1582 285 1664 3386
9793 285 1818 1771 3386
9794 1689 1569 1732 3264
9795 1380 1461 243 3328
9796 1527 1492 1372 3289
9797 1605 1607 1697 3218
9798 1812 1769 1805 3375
9799 1428 1499 1397 3340
9800 1388 1470 1476 3347
9801 1243 1695 207 3389
9802 1487 1368 111 3383
9803 1739 1694 1574 3254
9804 295 1874 1882 1704
9805 1959 1892 1930 3308
9806 1662 1769 280 3375
9807 1825 1840 1765 3314
9808 1719 1706 1616 3309
9809 1268 1168 1281 3385
9810 1564 1641 1684 3369
9811 1162 1161 1160 3277
9812 1120 1192 111 3383
9813 315 1831 17 3359
9814 1232 1116 1175 3369
9815 1681 1590 305 3374
9816 1523 1373 1492 3333
9817 280 1812 1579 3375
9818 313 1830 314 3263
9819 1772 287 1819 3378
9820 1821 243 1760 3328
9821 212 211 1246 1698
9822 1879 320 17 3371
9823 1512 275 1954 1939
9824 1745 1591 1606 3227
9825 1895 321 322 3276
9826 1121 113 114 1369
9827 193 194 1690 1236
9828 1139 197 196 1570
9829 1593 194 195 1138
9830 1254 124 125 1491
9831 198 197 1238 1691
9832 114 115 1200 1489
9833 115 116 1122 1378
9834 1237 196 195 1658
9835 1221 126 127 1492
9836 1140 199 198 1571
9837 1127 125 126 1372
9838 1126 123 124 1371
9839 200 199 1239 1659
9840 1213 122 123 1490
9841 201 200 1141 1561
9842 1240 202 201 1692
9843 1142 203 202 1572
9844 204 203 1241 1693
9845 1564 182 183 1232
9846 1684 181 182 1116
9847 178 179 1562 1133
9848 1361 122 121 1125
9849 1566 186 187 1134
9850 1368 112 111 1120
9851 1685 183 184 1117
9852 268 267 1886 1390
9853 1772 1819 1791 3378
9854 1373 128 127 1128
9855 192 193 1569 1137
9856 1657 179 180 1252
9857 112 113 1253 1488
9858 1565 184 185 1188
9859 1143 205 204 1573
9860 185 186 1686 1255
9861 1310 1260 1114 3268
9862 180 181 1563 1189
9863 129 1493 1374 3380
9864 1162 1160 1245 3277
9865 1553 275 1954 1512
9866 1908 267 266 1500
9867 233 232 1894 1339
9868 1778 1777 1817 3305
9869 1679 1751 1680 3306
9870 1869 17 320 3359
9871 1585 292 291 1767
9872 1631 177 178 1164
9873 1120 1193 1192 3383
9874 1370 1544 1517 3274
9875 1559 1712 1708 3379
9876 1632 1631 1562 3365
9877 121 120 1498 1230
9878 1133 1164 1165 3365
9879 1809 1810 1811 3232
9880 111 110 1487 1192
9881 1951 1937 1923 3343
9882 1891 266 265 1389
9883 1479 1392 1480 3327
9884 1954 1939 1904 3219
9885 1934 1883 1931 3318
9886 1896 301 302 1588
9887 1330 1323 1321 3186
9888 187 188 1687 1233
9889 1662 280 1579 3375
9890 129 1228 1493 3380
9891 1355 1340 1348 3219
9892 1862 1864 1860 3279
9893 31 1330 1229 1323
9894 129 1129 1228 3380
9895 1583 288 287 1819
9896 191 192 1689 1235
9897 215 216 1495 1321
9898 1665 287 286 1772
9899 34 33 1261 1322
9900 218 217 1324 1511
9901 1570 1691 1719 3377
9902 1238 1139 1278 3377
9903 1903 265 264 1470
9904 1799 1800 1801 3346
9905 1659 1561 1718 3298
9906 1293 1141 1239 3298
9907 1851 1754 276 1776
9908 1660 276 1754 1776
9909 291 290 1667 1827
9910 1400 1395 1509 3199
9911 1497 120 119 1124
9912 1480 1405 1407 3281
9913 1582 286 285 1818
9914 1861 1866 1862 3226
9915 1664 285 284 1771
9916 1765 253 252 1459
9917 1340 231 232 1904
9918 1567 188 189 1135
9919 110 109 1367 1119
9920 1568 190 191 1136
9921 1510 99 98 1260
9922 1386 1458 1466 3330
9923 1371 1519 1491 3332
9924 1512 1553 1398 3219
9925 283 284 1816 1581
9926 1617 294 293 1777
9927 282 283 1770 1663
9928 1902 299 300 1587
9929 1596 176 177 1149
9930 289 288 1666 1773
9931 47 1347 1263 1354
9932 189 190 1688 1234
9933 1299 1131 1159 3337
9934 1316 220 219 1826
9935 1573 1694 1741 3335
9936 1289 1242 1143 3335
9937 300 301 1893 1670
9938 282 281 1580 1814
9939 255 256 1386 1758
9940 1242 206 205 1694
9941 1124 1230 1209 3334
9942 250 251 1465 1764
9943 1363 102 101 1115
9944 1277 1210 1211 3360
9945 1378 1489 1539 3351
9946 293 292 1701 1778
9947 1419 1544 1516 3341
9948 1584 290 289 1815
9949 1353 1351 1343 3300
9950 1572 1726 1692 3324
9951 1240 1288 1142 3324
9952 1370 119 118 1207
9953 1366 108 107 1118
9954 1315 221 220 1774
9955 1482 101 100 1190
9956 252 251 1825 1384
9957 1920 269 268 1477
9958 248 249 1464 1763
9959 1549 1406 1376 3337
9960 1469 262 263 1931
9961 1486 109 108 1191
9962 1281 1168 1167 3385
9963 1146 1244 1245 3349
9964 1696 1576 1697 3349
9965 116 117 1206 1516
9966 1859 1863 1867 3238
9967 1681 1680 1590 3374
9968 1397 239 240 1832
9969 1885 302 303 1682
9970 1404 1403 1405 3338
9971 1544 118 117 1123
9972 132 131 1375 1130
9973 1531 1366 1485 3355
9974 244 245 1462 1761
9975 1295 102 103 1483
9976 1824 250 249 1383
9977 1946 1889 1949 3374
9978 318 319 1878 3278
9979 246 247 1463 1762
9980 1486 1535 1367 3362
9981 296 297 1873 1586
9982 312 311 1597 1930
9983 1316 1331 1324 3241
9984 1144 207 206 1574
9985 1851 1776 1833 3222
9986 227 228 1345 1509
9987 1477 1478 1390 3311
9988 1257 1290 1217 3342
9989 1388 263 264 1883
9990 1118 1269 1298 3355
9991 1440 1381 1463 3381
9992 1119 1287 1191 3362
9993 1921 270 269 1391
9994 225 226 1326 1708
9995 1850 1826 1832 3241
9996 1742 1583 1665 3378
9997 1746 1602 1597 3308
9998 1662 281 280 1769
9999 1397 1511 1556 3241
10000 103 104 1266 1364
10001 1812 280 1769 3375
10002 1132 104 105 1484
10003 1349 236 235 1598
10004 1151 49 50 1346
10005 1926 273 272 1481
10006 1398 230 229 1348
10007 245 246 1381 1822
10008 1938 234 233 1344
10009 133 134 1131 1376
10010 1725 1662 1579 3375
10011 1887 271 270 1479
10012 224 223 1710 1325
10013 106 107 1298 1485
10014 1579 280 279 1812
10015 1129 1247 1228 3380
10016 304 303 1589 1945
10017 1382 247 248 1823
10018 237 238 1711 1350
10019 1475 1527 1524 3373
10020 1735 1675 1673 3356
10021 1538 1368 1487 3383
10022 1468 256 257 1834
10023 253 254 1385 1835
10024 310 309 1592 1927
10025 241 242 1379 1820
10026 1813 277 278 1595
10027 1296 105 106 1365
10028 1493 1494 1374 3380
10029 1394 216 217 1313
10030 135 136 1150 1396
10031 1428 240 241 1759
10032 1257 1225 1294 3368
10033 1761 1847 1822 3317
10034 1263 1150 1309 3388
10035 1946 304 305 1681
10036 254 255 1466 1838
10037 1312 224 225 1559
10038 1247 1305 1226 3287
10039 278 279 1768 1661
10040 1362 100 99 1114
10041 274 275 1512 1939
10042 305 306 1889 1590
10043 308 307 1591 1948
10044 1860 1870 1862 3279
10045 1148 213 212 1577
10046 1374 130 129 1129
10047 1243 1144 1272 3389
10048 1574 1695 1716 3389
10049 1307 2 1555 1330
10050 3 1753 1332 1308
10051 1331 1850 9 1556
10052 1309 6 1354 1554
10053 1754 10 1333 1851
10054 1955 1755 12 1357
10055 1553 1954 11 1355
10056 7 1306 1356 1752
10057 1849 1821 1760 3328
10058 209 208 1145 1575
10059 1900 1897 1940 3387
10060 1359 1350 1336 3354
10061 1738 1582 1664 3386
10062 1493 129 128 1228
10063 1497 1370 1534 3370
10064 1320 222 221 1833
10065 208 207 1243 1695
10066 236 237 1594 1336
10067 1153 1150 1263 3388
10068 1326 1335 1312 3379
10069 214 213 1262 1709
10070 262 14 1956 1377
10071 16 299 1957 1625
10072 1395 229 228 1337
10073 1393 273 274 1884
10074 1907 1905 1958 3376
10075 210 209 1244 1696
10076 242 243 1461 1760
10077 243 244 1380 1821
10078 1925 272 271 1392
10079 1560 15 294 1857
10080 1832 1858 1759 3340
10081 1861 260 259 1387
10082 1229 32 31 1323
10083 298 16 1880 1578
10084 14 261 1870 1420
10085 1660 277 276 1776
10086 1862 261 260 1507
10087 1360 257 13 1856
10088 1863 259 258 1502
10089 1347 48 47 1263
10090 17 1869 315 3359
10091 1306 7 214 1752
10092 1354 6 227 1554
10093 1555 2 215 1330
10094 3 176 1753 1308
10095 1954 231 11 1355
10096 1955 12 234 1357
10097 9 219 1850 1331
10098 1356 235 7 1752
10099 10 222 1333 1851
10100 1879 17 313 3371
10101 211 210 1146 1576
10102 1147 33 32 1314
10103 1875 297 298 1668
10104 295 296 1874 1704
10105 307 306 1713 1943
10106 1746 311 310 1892
10107 258 13 1867 1411
10108 1882 15 295 1611
10109 1333 226 10 1754
10110 1755 238 12 1357
10111 1354 47 6 1309
10112 31 2 1307 1330
10113 136 6 1309 1554
10114 1755 12 312 1955
10115 1850 239 9 1556
10116 1113 48 49 1338
10117 308 309 1890 1745
10118 1306 50 7 1356
10119 1753 223 3 1332
10120 1332 34 3 1308
10121 1954 11 275 1553
10122 1331 9 218 1556
10123 11 230 1553 1355
10124 276 10 1754 1851
10125 1555 98 2 1307
10126 131 130 1514 1265
10127 134 135 1300 1546
10128 132 133 1299 1549
10129 3205 1304 3112 1157
10130 3205 3112 1304 3079
10131 1246 3112 1304 1157
10132 1246 1304 3112 3079
10133 3374 1943 1950 3092
10134 3374 1950 1943 1889
10135 1661 3375 1717 1579
10136 1717 3375 1661 3115
10137 3342 1215 3055 3250
10138 3342 3055 1215 1258
10139 3258 1183 3148 1180
10140 3258 3148 1183 3119
10141 3125 1723 3179 1727
10142 3125 3179 1723 3084
10143 3293 1176 3183 3043
10144 3293 3183 1176 1297
10145 1927 3227 1951 1890
10146 1951 3227 1927 3103
10147 3033 3313 3163 3054
10148 3163 3313 3033 3131
10149 3385 1169 1166 3067
10150 3385 1166 1169 1168
10151 3282 3248 3204 3039
10152 3282 3204 3248 3050
10153 3336 1154 3112 1152
10154 3336 3112 1154 3110
10155 3291 1202 3130 3122
10156 3291 3130 1202 1203
10157 3265 1558 1513 1433
10158 3265 1513 1558 3145
10159 3284 3030 3059 3143
10160 3284 3059 3030 3220
10161 1956 3098 1895 1931
10162 1956 1895 3098 3276
10163 3249 3385 3037 3175
10164 3037 3385 3249 3077
10165 3178 3286 1627 1578
10166 1627 3286 3178 3051
10167 3139 1924 3202 3094
10168 3139 3202 1924 1941
10169 1384 3267 1450 1465
10170 1450 3267 1384 3109
10171 3314 1764 1841 3109
10172 3314 1841 1764 1825
10173 3371 3041 3156 3192
10174 3371 3156 3041 3359
10175 3331 3033 3083 3133
10176 3331 3083 3033 3231
10177 3263 1560 1617 1857
10178 1617 1560 3263 3096
10179 1617 1777 3263 1857
10180 3263 1777 1617 3096
10181 3337 1158 1156 1159
10182 3337 1156 1158 3205
10183 3387 3035 3064 3147
10184 3387 3064 3035 3136
10185 3223 1696 1748 3102
10186 3223 1748 1696 1575
10187 3223 1244 1302 1145
10188 3223 1302 1244 3102
10189 1159 3337 3277 1160
10190 3277 1158 1159 1160
10191 3375 1768 1807 1812
10192 3375 1807 1768 3115
10193 3315 1488 1540 3104
10194 3315 1540 1488 1369
10195 3315 1253 1198 1121
10196 3315 1198 1253 3104
10197 3377 1571 1720 3163
10198 3377 1720 1571 1691
10199 3347 3310 1934 1935
10200 3347 1934 3310 3063
10201 3377 1140 1277 1238
10202 3377 1277 1140 3163
10203 1190 1362 3268 1114
10204 1190 3268 1362 1482
10205 3036 3382 3367 3095
10206 3036 3367 3382 3270
10207 3045 3367 3382 3095
10208 3045 3382 3367 3270
10209 1667 3323 1623 1585
10210 1623 3323 1667 3106
10211 3328 3069 1804 3211
10212 1806 1804 3069 3211
10213 3323 1827 1780 1767
10214 3323 1780 1827 3106
10215 3148 1183 1271 1178
10216 3148 1271 1183 3119
10217 1848 3211 3328 1804
10218 3328 3211 1848 3114
10219 3230 1728 1730 1640
10220 3230 1730 1728 3121
10221 3300 3354 1352 3076
10222 1352 3354 3300 1359
10223 3212 3354 1599 1600
10224 1599 3354 3212 3076
10225 3101 1775 1831 1855
10226 3101 1831 1775 3235
10227 3345 3303 3209 3056
10228 3345 3209 3303 1472
10229 3333 1493 1543 1373
10230 3333 1543 1493 3124
10231 3317 1802 1848 1847
10232 3317 1848 1802 3114
10233 3333 1228 1223 3124
10234 3333 1223 1228 1128
10235 3333 3345 3289 1523
10236 3289 3345 3333 3065
10237 3328 1806 1804 3069
10238 3328 1804 1806 1849
10239 3299 1156 3205 1155
10240 3299 3205 1156 3140
10241 3372 3303 3208 1928
10242 3372 3208 3303 3056
10243 3332 3312 3166 1519
10244 3332 3166 3312 3055
10245 3359 1865 320 1869
10246 3359 320 1865 3182
10247 3355 3258 3207 1269
10248 3355 3207 3258 3081
10249 3214 1788 1789 1790
10250 3214 1789 1788 3196
10251 3303 1471 3345 1472
10252 3303 3345 1471 3217
10253 3352 3375 3193 1725
10254 3193 3375 3352 3078
10255 3178 1630 1706 1669
10256 3178 1706 1630 3152
10257 3309 3178 1706 1669
10258 3309 1706 3178 3152
10259 3087 3178 3309 1669
10260 3087 3309 3178 3152
10261 1585 1827 291 1667
10262 291 1827 1585 1767
10263 3385 3366 3221 3077
10264 3385 3221 3366 1268
10265 3322 3324 3161 1726
10266 3161 3324 3322 3066
10267 3348 3372 3304 3064
10268 3304 3372 3348 1947
10269 3168 3297 3195 3074
10270 3195 3297 3168 3042
10271 3354 1598 1599 1594
10272 3354 1599 1598 3184
10273 1328 3200 3273 1329
10274 3273 3200 1328 3153
10275 3294 1441 1442 3138
10276 3294 1442 1441 1443
10277 1927 1746 3308 1592
10278 1927 3308 1746 1892
10279 1272 3091 3142 3287
10280 1272 3142 3091 3389
10281 3303 1936 3372 3217
10282 3303 3372 1936 1928
10283 3332 1258 3055 3239
10284 3332 3055 1258 1215
10285 3266 3386 3206 1738
10286 3206 3386 3266 3090
10287 3238 316 1411 1867
10288 3238 1411 316 3235
10289 3389 3306 1707 1716
10290 3389 1707 3306 3091
10291 3279 321 1420 3276
10292 3279 1420 321 1870
10293 3378 1793 3204 1791
10294 3378 3204 1793 3245
10295 3378 3283 3206 1742
10296 3378 3206 3283 3088
10297 3362 3285 3207 3085
10298 3362 3207 3285 1287
10299 3282 3207 3176 3039
10300 3282 3176 3207 3085
10301 3280 3281 3327 3095
10302 3327 3281 3280 3094
10303 3335 1282 3142 1289
10304 3335 3142 1282 3254
10305 3355 1286 3207 3216
10306 3355 3207 1286 1269
10307 3384 1876 3278 3178
10308 3384 3278 1876 1878
10309 3362 1286 3207 1287
10310 3362 3207 1286 3216
10311 3230 3307 3149 3048
10312 3149 3307 3230 3089
10313 3368 1227 3289 3134
10314 3289 1227 3368 3290
10315 3289 3065 3368 3134
10316 3368 3065 3289 3290
10317 1672 3356 3304 3136
10318 1672 3304 3356 3284
10319 3064 3304 3356 3136
10320 3064 3356 3304 3284
10321 3386 1740 3206 1738
10322 3386 3206 1740 3245
10323 3310 1901 1934 1899
10324 3310 1934 1901 3198
10325 3308 1906 1930 1959
10326 3308 1930 1906 3188
10327 3295 1798 1845 1796
10328 3295 1845 1798 3159
10329 3384 1668 1669 1586
10330 3384 1669 1668 3178
10331 1768 3251 1809 1813
10332 1809 3251 1768 3115
10333 3353 1196 1285 3170
10334 3353 1285 1196 1195
10335 3361 1624 1715 3172
10336 3361 1715 1624 1656
10337 1387 1863 259 1861
10338 1387 259 1863 1502
10339 1357 1938 3188 1344
10340 1357 3188 1938 1955
10341 3379 1328 3273 1335
10342 3379 3273 1328 3153
10343 1338 1263 3388 1113
10344 3388 1263 1338 1347
10345 3388 3336 1338 1113
10346 1338 3336 3388 1347
10347 1598 1356 235 1349
10348 1598 235 1356 1752
10349 3388 1155 3110 1153
10350 3388 3110 1155 3299
10351 3277 3036 3102 3190
10352 3277 3102 3036 3270
10353 3340 3145 3158 3082
10354 3340 3158 3145 3241
10355 1854 1858 3082 3340
10356 1854 3082 1858 1810
10357 3232 3082 1858 3340
10358 3232 1858 3082 1810
10359 3337 3277 1158 1159
10360 3337 1158 3277 3061
10361 3395 3450 3440 3492
10362 3413 3452 2433 3605
10363 3402 3542 3473 3588
10364 2178 3412 2180 3494
10365 3396 3415 3474 3502
10366 3402 3436 3473 3542
10367 1825 3437 2020 3497
10368 1982 3485 3433 3570
10369 3437 3586 3501 3613
10370 3437 3406 3586 3613
10371 3433 3485 1982 3654
10372 2259 3435 2332 3486
10373 3418 3462 3447 3523
10374 2433 3452 3413 3526
10375 3415 3396 3481 3502
10376 2227 2300 2363 3455
10377 3408 3544 3480 3623
10378 3392 3519 3420 3583
10379 2282 2346 3481 3565
10380 3406 3437 3557 3613
10381 3464 3522 3423 3633
10382 2179 3412 2178 3471
10383 3459 3511 3505 3656
10384 3437 3501 3396 3613
10385 3450 3629 3492 3631
10386 3412 3471 2179 3498
10387 3480 3544 2048 3623
10388 2269 3477 3522 3612
10389 3399 3405 3454 3506
10390 3404 3465 3527 3556
10391 2252 2332 3435 3676
10392 3429 3460 2043 3562
10393 2180 3457 3412 3604
10394 3441 3471 2169 3677
10395 2269 2270 3477 3612
10396 2330 2169 3441 3471
10397 3435 3561 3486 3626
10398 2086 1825 2020 3497
10399 2259 3435 3486 3626
10400 3440 3492 3450 3629
10401 2282 3481 2346 3502
10402 3467 3490 2243 3575
10403 3404 3430 3465 3556
10404 3418 3398 3462 3523
10405 2180 3412 2182 3604
10406 1817 2432 1778 3664
10407 3399 3454 3505 3506
10408 3405 3505 3454 3506
10409 2252 3435 3475 3676
10410 2179 2180 2178 3412
10411 2030 3457 3504 3520
10412 3455 3481 2346 3565
10413 3470 3483 2111 3563
10414 2178 3471 3412 3494
10415 3396 3502 3474 3603
10416 2269 2271 2270 3612
10417 3483 3546 2047 3623
10418 3412 3533 2182 3604
10419 2049 3429 2043 3562
10420 2048 3544 2041 3623
10421 3418 3462 3398 3569
10422 2268 3428 2269 3477
10423 2275 3477 3427 3571
10424 2372 3503 2303 3509
10425 1990 3411 3485 3570
10426 2117 2193 3458 3472
10427 2346 3481 3455 3502
10428 3392 3420 3519 3647
10429 3405 3399 3454 3592
10430 3412 3457 2180 3494
10431 1768 3436 2230 3536
10432 1825 2086 1765 3497
10433 3435 2332 3486 3676
10434 409 3452 2433 3526
10435 2127 3564 3456 3589
10436 3437 3406 3557 3584
10437 3480 3544 3513 3554
10438 2179 2182 2180 3412
10439 3405 3506 3399 3592
10440 3504 3578 3457 3604
10441 3467 3471 2341 3500
10442 3423 3522 2359 3633
10443 3459 3586 3511 3656
10444 3409 3490 3467 3575
10445 3427 3477 2275 3509
10446 2276 3430 2280 3561
10447 3421 3549 3450 3567
10448 3557 3584 3406 3613
10449 3392 3420 3484 3583
10450 3430 3499 2280 3561
10451 2043 3460 3429 3491
10452 1771 3442 2311 3606
10453 2230 2321 2317 3536
10454 2182 3412 2179 3533
10455 3457 3578 3504 3628
10456 2265 2321 3436 3518
10457 3433 1982 3525 3654
10458 2173 2179 3471 3498
10459 2030 3504 3431 3520
10460 2432 3521 1778 3664
10461 2056 3505 3460 3589
10462 2311 3442 1771 3515
10463 2344 3518 3453 3536
10464 2035 2104 3491 3589
10465 2330 3441 2169 3527
10466 2363 3488 2351 3600
10467 404 3502 3474 3627
10468 3480 3513 3394 3554
10469 2433 3526 3413 3646
10470 3420 3580 3519 3647
10471 3437 3529 3406 3584
10472 3395 3478 3450 3549
10473 3504 3578 3568 3628
10474 2317 1768 2230 3536
10475 2166 3472 3458 3540
10476 3499 3535 3411 3561
10477 3392 3484 3519 3583
10478 3395 3421 3492 3649
10479 2033 2036 3420 3491
10480 408 3452 3489 3508
10481 2173 2179 2178 3471
10482 1825 1840 3437 3497
10483 3430 3465 3556 3659
10484 2030 3504 3457 3648
10485 3404 3527 3441 3556
10486 2127 3422 3564 3589
10487 3429 3420 3519 3583
10488 3429 3519 3420 3580
10489 2309 3522 3464 3633
10490 2269 3522 2271 3612
10491 3402 3440 3542 3588
10492 2337 3571 3495 3590
10493 2303 3503 3427 3509
10494 2105 3456 2127 3564
10495 1999 1990 3411 3596
10496 3450 3549 3478 3567
10497 3412 3578 3457 3628
10498 3421 3442 3405 3567
10499 2244 3575 3560 3650
10500 3421 3405 3549 3567
10501 3407 3495 3493 3543
10502 3415 3481 2281 3502
10503 3431 3493 3420 3568
10504 2230 3436 2321 3536
10505 2056 3417 3505 3589
10506 3458 3472 2193 3572
10507 3417 3589 2056 3661
10508 3513 3544 3425 3554
10509 2334 2243 3467 3490
10510 3393 3568 3504 3578
10511 3560 3575 3409 3650
10512 3527 3556 3465 3659
10513 3420 3431 3568 3647
10514 3412 3457 3578 3604
10515 3433 3485 3411 3570
10516 2078 3487 3562 3653
10517 2078 3562 3534 3653
10518 2326 3462 3447 3507
10519 3396 3557 3437 3613
10520 3423 3477 3390 3612
10521 2035 3491 2104 3496
10522 2269 3477 3428 3522
10523 3420 2033 3491 3496
10524 3430 3394 3535 3561
10525 2230 3436 1768 3542
10526 2340 2341 3471 3500
10527 3455 3481 3396 3502
10528 3407 3466 3493 3495
10529 3420 3568 3493 3647
10530 3438 3459 2060 3517
10531 3440 2343 3492 3629
10532 1825 1765 1840 3497
10533 2276 3486 3430 3561
10534 2265 3436 3473 3518
10535 3460 3505 3417 3589
10536 3391 3460 3577 3589
10537 2265 2344 2321 3518
10538 3448 3397 3548 3677
10539 3456 3564 3422 3589
10540 3400 3485 3433 3654
10541 3419 3474 3438 3532
10542 2422 3455 3488 3550
10543 3411 3485 3433 3535
10544 3402 3483 3470 3563
10545 2309 2359 3522 3633
10546 3417 3577 3460 3589
10547 3450 3492 3395 3631
10548 2043 3460 2050 3562
10549 2343 3492 3629 3631
10550 3448 3494 3397 3677
10551 2097 3529 3511 3586
10552 3430 3535 3499 3561
10553 2337 3495 2246 3590
10554 3436 2322 3473 3542
10555 2287 2281 3481 3502
10556 2117 3458 2166 3472
10557 3397 3467 3471 3628
10558 2265 3436 2322 3473
10559 2422 2227 2363 3455
10560 3453 3518 3436 3536
10561 3511 3586 3406 3656
10562 3441 3548 3397 3677
10563 3401 3489 3452 3508
10564 2020 3437 2136 3497
10565 3395 3549 3421 3649
10566 3415 3502 2281 3594
10567 2318 2321 2344 3536
10568 2194 2193 3472 3572
10569 2287 2281 3502 3594
10570 3466 3575 2244 3650
10571 3440 3492 2343 3588
10572 3403 3443 3550 3615
10573 3447 3561 3435 3626
10574 3474 3502 3415 3627
10575 2334 3490 3467 3500
10576 3397 3548 3441 3585
10577 2098 3511 3459 3586
10578 2048 2041 2047 3623
10579 3489 3508 3401 3593
10580 408 3508 3489 3593
10581 3412 3471 3467 3628
10582 3404 3548 3527 3602
10583 3409 3575 3466 3650
10584 1976 1998 3462 3598
10585 2173 3498 3471 3622
10586 3396 3437 3557 3615
10587 3396 3455 3502 3603
10588 2310 3515 1818 3595
10589 2318 2344 3453 3536
10590 3401 3434 3427 3558
10591 3397 3448 3548 3585
10592 3443 3603 3550 3615
10593 2049 2043 2050 3562
10594 3511 3529 3406 3586
10595 3391 3491 3460 3589
10596 2169 3441 2208 3527
10597 3399 3506 3442 3592
10598 3408 3513 3480 3544
10599 3405 3442 3421 3506
10600 2056 3505 3417 3661
10601 2086 2020 2136 3497
10602 1990 3485 3411 3596
10603 3402 3608 3473 3617
10604 3393 3495 3493 3575
10605 2175 2212 2198 3604
10606 3395 3440 3450 3573
10607 3423 3390 3477 3514
10608 2321 2322 2265 3436
10609 3411 3507 2367 3561
10610 2060 3459 3438 3586
10611 3444 2217 3572 3591
10612 3407 3495 3571 3590
10613 2111 3516 3470 3563
10614 3475 3490 3392 3560
10615 3465 3572 2217 3591
10616 3475 3392 3537 3560
10617 3462 3598 1998 3652
10618 3410 3578 3504 3604
10619 3397 3468 3585 3663
10620 3459 3406 3586 3656
10621 2169 2210 2348 3527
10622 3392 3484 3425 3544
10623 2244 2245 3560 3575
10624 2238 3614 3498 3646
10625 2238 3413 3498 3637
10626 3502 3594 3415 3627
10627 3395 3450 3421 3549
10628 3504 3568 3431 3628
10629 3408 3394 3480 3513
10630 3394 3513 3408 3523
10631 2169 2208 2210 3527
10632 3415 3532 3419 3597
10633 3430 3486 3394 3561
10634 2317 1813 1768 3536
10635 3404 3527 3465 3602
10636 2216 3498 2228 3614
10637 3444 3465 3400 3499
10638 3432 3584 3557 3613
10639 3423 3522 3477 3612
10640 3433 3485 3400 3535
10641 3436 3542 3402 3555
10642 2238 3498 3479 3637
10643 3419 3415 3474 3532
10644 2067 3482 3448 3520
10645 3393 3496 3463 3504
10646 3397 3468 3482 3585
10647 3411 3561 2367 3596
10648 3425 3394 3513 3554
10649 2340 2330 3441 3471
10650 3427 3434 3401 3489
10651 3482 3585 3468 3663
10652 2030 3457 2028 3648
10653 3400 3433 3525 3654
10654 3423 3390 3532 3612
10655 2056 3460 2055 3589
10656 3441 3527 3404 3548
10657 3459 3505 2058 3661
10658 3498 3614 3413 3646
10659 2330 2169 2348 3527
10660 3423 3406 3634 3656
10661 3402 3473 3436 3617
10662 2422 2428 3455 3550
10663 3411 3507 1999 3596
10664 3417 3390 3456 3517
10665 2173 3471 2314 3622
10666 2358 3455 3445 3488
10667 3430 3400 3465 3499
10668 2189 3527 3548 3602
10669 3393 3496 3422 3678
10670 3447 3462 2326 3626
10671 3399 3464 3423 3656
10672 3392 3425 3513 3544
10673 3477 3509 3390 3612
10674 3451 3458 2080 3566
10675 3431 3493 3393 3496
10676 3421 3630 3492 3649
10677 3428 3506 3417 3577
10678 3416 3492 2277 3537
10679 3397 3471 3494 3628
10680 3421 3442 3567 3667
10681 1777 1778 2432 2354
10682 3423 3464 3406 3656
10683 2316 3477 2275 3571
10684 2334 3467 2341 3500
10685 2296 2337 2246 3590
10686 2340 3471 3441 3500
10687 2080 3458 3451 3540
10688 2020 3437 1825 3529
10689 2205 2169 3471 3677
10690 3431 3504 3457 3520
10691 2276 2263 2280 3430
10692 2367 3507 3411 3596
10693 2083 3534 2078 3562
10694 3447 3462 3418 3655
10695 3393 3493 3568 3575
10696 2305 3559 3434 3571
10697 3421 3450 3395 3631
10698 3390 3417 3514 3517
10699 2363 2422 3488 3600
10700 3427 3558 3434 3571
10701 2030 2082 3457 3520
10702 2309 3464 3595 3633
10703 3504 3604 3457 3648
10704 2414 3502 404 3627
10705 3399 3423 3634 3656
10706 2033 3420 2036 3576
10707 2249 3475 3537 3560
10708 2281 3509 3415 3594
10709 1769 3440 2220 3542
10710 3408 3480 3394 3523
10711 3420 3392 3484 3647
10712 2436 2432 1817 3664
10713 3402 3588 3473 3608
10714 3479 3498 3413 3637
10715 3416 3537 2277 3636
10716 2083 2078 3534 3653
10717 2363 2300 2351 3488
10718 3475 3609 3513 3636
10719 3454 3505 2061 3511
10720 3430 3465 3400 3642
10721 3426 3537 3392 3560
10722 2358 3445 3455 3565
10723 3420 3493 3431 3496
10724 3396 3474 3415 3532
10725 3393 3493 3431 3568
10726 2249 3537 2248 3560
10727 2311 3442 2312 3606
10728 2033 2036 2034 3576
10729 3421 3567 3450 3667
10730 1823 3454 2100 3511
10731 3505 3511 3454 3656
10732 404 3474 3502 3603
10733 3393 3422 3543 3678
10734 3407 3434 3558 3571
10735 2276 2263 3430 3486
10736 3473 3542 2322 3588
10737 2031 3496 3431 3504
10738 3430 3486 2263 3556
10739 2244 2243 2245 3575
10740 3493 3495 3466 3575
10741 3415 3481 3396 3532
10742 2057 2056 3589 3661
10743 2111 3483 2054 3563
10744 2173 2314 3498 3622
10745 3410 3604 3504 3648
10746 2151 3454 2061 3511
10747 2399 3550 3443 3603
10748 3405 3454 3505 3625
10749 1999 3507 3411 3570
10750 1816 1771 2311 3606
10751 2246 3495 3466 3590
10752 3393 3543 3463 3678
10753 2268 2267 2269 3428
10754 2030 2031 3431 3504
10755 3402 3542 3440 3645
10756 2216 2199 3498 3614
10757 1818 3515 3464 3595
10758 3417 3456 3390 3665
10759 3398 3523 3473 3626
10760 3393 3463 3496 3678
10761 2358 3445 2298 3488
10762 3427 3503 2303 3559
10763 3426 3560 3392 3647
10764 3477 3571 2316 3590
10765 2189 2191 3527 3602
10766 3412 3494 3471 3628
10767 3462 3569 1976 3598
10768 2304 2275 3427 3571
10769 2099 1823 2100 3511
10770 2303 2304 2275 3427
10771 2001 3433 1982 3525
10772 2252 3475 3435 3636
10773 2282 2287 2281 3481
10774 3395 3492 3440 3582
10775 2238 3498 3413 3646
10776 2119 2172 3448 3528
10777 3442 3515 2312 3551
10778 2068 3448 2067 3482
10779 2256 2263 3486 3556
10780 2176 2193 2117 3472
10781 3407 3434 3543 3558
10782 2058 3505 2056 3661
10783 2053 2054 3483 3563
10784 3398 3473 3518 3626
10785 2127 3564 3422 3678
10786 2053 2111 2054 3563
10787 2372 2303 2302 3509
10788 3513 3609 3435 3636
10789 3412 3498 2179 3533
10790 1963 1999 3507 3596
10791 3470 3516 3402 3563
10792 2303 3503 2372 3559
10793 2414 3594 3502 3627
10794 3509 3532 3390 3612
10795 2433 3452 409 3605
10796 2321 3436 2230 3542
10797 3420 3491 3429 3580
10798 3428 3391 3577 3590
10799 3397 3585 3610 3663
10800 3440 3582 3492 3588
10801 3434 3559 3427 3571
10802 3405 3442 3506 3592
10803 3401 3543 3434 3558
10804 2141 3501 3437 3586
10805 3399 3417 3459 3514
10806 3392 3484 3544 3609
10807 3492 3582 3416 3588
10808 3462 3518 2326 3626
10809 2127 3422 3589 3678
10810 2099 1763 1823 3511
10811 3493 3495 3393 3543
10812 2326 2325 3462 3507
10813 3452 3463 3410 3660
10814 2275 2303 3427 3509
10815 3421 3395 3492 3631
10816 2145 2098 2148 3459
10817 3492 3630 3426 3649
10818 3392 3544 3513 3609
10819 1781 3539 3439 3662
10820 2209 2190 2217 3465
10821 3404 3465 3430 3642
10822 2177 2205 2169 3471
10823 3501 3586 3438 3613
10824 3407 3493 3466 3577
10825 3434 2305 3526 3559
10826 1813 3436 1768 3536
10827 2252 2251 2332 3676
10828 3392 3560 3490 3647
10829 3422 3393 3493 3496
10830 2223 1963 1984 3507
10831 3393 3431 3504 3568
10832 2141 3437 3529 3586
10833 3429 3580 3491 3649
10834 2033 2104 2036 3491
10835 2271 2359 3423 3522
10836 2049 2042 2043 3429
10837 1962 3462 3507 3655
10838 3418 3462 3569 3655
10839 3411 3499 3485 3535
10840 2305 3434 2306 3571
10841 3463 3578 3410 3660
10842 3441 3404 3556 3585
10843 2209 3465 2217 3591
10844 2022 2090 1835 3461
10845 3417 3506 3428 3514
10846 2190 2217 3465 3572
10847 3399 3515 3442 3522
10848 2043 3491 3429 3583
10849 3434 3489 3427 3559
10850 2217 2206 3444 3572
10851 3391 3506 3428 3577
10852 3413 3526 3452 3660
10853 2180 3457 2201 3494
10854 3393 3431 3496 3504
10855 3396 3501 3438 3613
10856 3398 3473 3608 3617
10857 2130 2067 3448 3520
10858 3437 3406 3529 3586
10859 3397 3610 3468 3663
10860 3421 3391 3506 3512
10861 3466 3577 3391 3590
10862 3550 3603 3455 3615
10863 2306 3434 3495 3571
10864 3500 3556 2255 3676
10865 3438 3474 3419 3670
10866 3392 3475 3537 3609
10867 3430 3394 3530 3535
10868 3419 3532 3438 3671
10869 1963 3507 2324 3596
10870 2252 3475 2251 3676
10871 2019 1820 1759 3470
10872 2104 3491 2033 3496
10873 3414 3394 3513 3530
10874 3391 3428 3512 3590
10875 2325 1962 3462 3507
10876 3399 3506 3417 3514
10877 2341 2334 2243 3467
10878 3397 3441 3471 3500
10879 3394 3414 3486 3530
10880 1842 3511 3529 3643
10881 2036 3420 3491 3583
10882 2220 3440 1769 3629
10883 2198 381 3574 3605
10884 2145 2098 3459 3586
10885 2306 3495 3434 3637
10886 3414 3394 3486 3513
10887 3438 3396 3474 3501
10888 3428 3506 3391 3512
10889 1835 2022 3461 3497
10890 3417 3399 3459 3505
10891 3423 3514 3477 3522
10892 3430 3535 3530 3642
10893 2312 3442 2311 3515
10894 2055 3460 2043 3491
10895 2324 1963 2223 3507
10896 2028 2030 2082 3457
10897 3478 3549 3405 3567
10898 3398 3473 3523 3608
10899 3453 3598 3462 3652
10900 2175 2198 3574 3604
10901 3396 3438 3474 3532
10902 3394 3447 3435 3523
10903 3407 3543 3493 3577
10904 2310 2309 3515 3595
10905 3402 3555 3542 3645
10906 3397 3468 3431 3669
10907 2267 3428 2266 3512
10908 2031 2032 3431 3496
10909 2433 3413 3605 3614
10910 3459 3514 3417 3517
10911 2323 1769 2220 3542
10912 3394 3486 3430 3530
10913 3417 3505 3459 3661
10914 3493 3409 3568 3575
10915 1993 3453 2319 3652
10916 2001 1980 1982 3433
10917 3519 3580 3429 3649
10918 3457 3504 3431 3628
10919 1842 3511 1824 3529
10920 3423 2271 3522 3612
10921 2282 2287 3481 3502
10922 2060 3438 2063 3586
10923 2032 2030 2031 3431
10924 3410 3463 3504 3578
10925 3465 3499 3444 3659
10926 1816 2311 2222 3606
10927 2172 2195 3448 3528
10928 3453 1998 3598 3652
10929 3432 3557 3396 3613
10930 2216 2228 2237 3614
10931 3492 3519 3395 3649
10932 2256 3556 3486 3676
10933 3390 3477 3427 3509
10934 3441 3397 3471 3677
10935 3399 3505 3417 3506
10936 3400 3485 3499 3535
10937 3438 3501 3474 3670
10938 2409 3574 381 3605
10939 3429 3395 3487 3519
10940 3457 3604 2167 3648
10941 1801 3478 3450 3573
10942 3397 3471 3467 3500
10943 2386 3443 2399 3550
10944 3409 3493 3466 3575
10945 2089 3443 2016 3547
10946 2073 3437 3501 3587
10947 2367 2324 3507 3596
10948 2060 3517 2062 3616
10949 2025 2176 2117 3472
10950 2326 3447 2327 3507
10951 2127 3589 2085 3678
10952 2250 2249 3475 3537
10953 3426 3391 3512 3650
10954 2097 2014 3511 3529
10955 2208 2189 3527 3548
10956 2250 2248 2249 3537
10957 2141 2073 3437 3501
10958 2324 2223 2367 3507
10959 3416 3537 3475 3609
10960 1818 3464 1793 3595
10961 2197 2167 3604 3648
10962 2309 3515 3464 3522
10963 3416 3435 3609 3636
10964 2068 3448 3482 3566
10965 3471 3498 3412 3622
10966 3464 3515 2309 3595
10967 3402 3582 3440 3588
10968 2198 3574 3410 3605
10969 2268 2269 2270 3477
10970 2356 2271 2359 3423
10971 2306 3434 2305 3526
10972 2249 3490 3475 3560
10973 3419 3474 3415 3627
10974 3460 3505 3405 3506
10975 3426 3580 3391 3650
10976 2253 3537 3426 3560
10977 2098 2097 3511 3586
10978 3420 3468 3431 3647
10979 2055 2050 2043 3460
10980 2306 2331 3495 3637
10981 1835 3497 3461 3662
10982 2298 2358 2347 3445
10983 3439 3488 3403 3550
10984 3434 3452 3401 3489
10985 2089 2147 2016 3443
10986 3439 3600 3550 3601
10987 2359 2309 2356 3633
10988 3398 3523 3483 3608
10989 2340 3441 2279 3500
10990 2141 3437 2073 3587
10991 3510 3558 3476 3671
10992 3436 3453 3398 3518
10993 3419 3531 2397 3635
10994 3428 3477 2268 3590
10995 408 3452 409 3489
10996 2060 2062 2063 3616
10997 2311 2312 2222 3606
10998 3416 2277 3492 3588
10999 2019 3470 1759 3632
11000 2267 3428 3512 3551
11001 2087 2088 3497 3547
11002 2359 2356 3423 3633
11003 3431 3468 3420 3576
11004 3397 3431 3520 3669
11005 2042 2043 3429 3583
11006 3482 3520 2067 3669
11007 3463 3504 3496 3678
11008 3391 3491 3422 3493
11009 407 3489 3476 3593
11010 2267 2268 2266 3590
11011 3446 3487 3449 3582
11012 2187 3458 2193 3572
11013 3442 3399 3522 3551
11014 3416 3609 3475 3636
11015 2267 2266 3428 3590
11016 2267 2269 3428 3522
11017 3446 3582 3563 3608
11018 3491 3580 3391 3649
11019 2267 3428 2268 3590
11020 3415 3597 3419 3627
11021 3431 3520 3457 3628
11022 3427 3477 3390 3558
11023 2202 3494 3448 3677
11024 1835 2090 1838 3461
11025 2370 1770 3450 3629
11026 1993 2319 3453 3672
11027 3402 3582 3588 3608
11028 3430 3556 3404 3585
11029 3396 3557 3432 3615
11030 3410 3574 2198 3604
11031 2053 3563 3483 3623
11032 3456 3543 3422 3564
11033 3446 3487 3395 3519
11034 3478 3549 3487 3562
11035 3419 3597 3532 3671
11036 2244 3466 2246 3575
11037 3414 3610 3585 3663
11038 1963 1999 1984 3507
11039 2293 2340 2341 3471
11040 2202 3448 3548 3677
11041 3390 3517 3514 3634
11042 3444 3572 3465 3591
11043 3405 3505 3460 3625
11044 2019 1759 2106 3632
11045 1844 1823 1763 3511
11046 2322 3436 2321 3542
11047 2058 3459 2148 3505
11048 3400 3499 3430 3535
11049 1961 3453 1993 3652
11050 3461 3497 2088 3547
11051 3426 3512 3391 3649
11052 3392 3513 3425 3663
11053 3488 3550 3439 3600
11054 2277 3588 3416 3636
11055 1844 3454 1823 3511
11056 3427 3559 2304 3571
11057 1808 1810 1854 3470
11058 2358 2347 3445 3565
11059 2259 2252 2332 3435
11060 3434 3526 3489 3559
11061 1992 3545 1826 3553
11062 2304 3427 2303 3559
11063 3392 3425 3484 3663
11064 3430 3486 3414 3530
11065 3409 3493 3568 3647
11066 2157 2138 2005 3472
11067 2104 2035 2085 3589
11068 3484 3519 3446 3609
11069 3397 3494 3471 3677
11070 3465 3444 3591 3659
11071 3391 3512 3466 3590
11072 2433 3413 3614 3646
11073 3456 3510 2064 3671
11074 3456 2064 3517 3671
11075 3396 3481 3455 3565
11076 1772 1818 1793 3595
11077 2277 2343 3492 3588
11078 1801 3450 3478 3567
11079 2130 2067 2068 3448
11080 3475 3513 3435 3636
11081 3421 3506 3391 3649
11082 1961 1993 2319 3652
11083 3423 3406 3464 3613
11084 2316 3571 2337 3590
11085 1825 3437 1841 3529
11086 3407 3571 3477 3590
11087 2208 3441 2169 3677
11088 2048 2047 2122 3546
11089 2238 2237 3614 3646
11090 3393 3504 3463 3578
11091 2253 2248 3537 3560
11092 2197 2103 2167 3648
11093 3514 3517 3459 3634
11094 3453 3598 3424 3617
11095 2236 2328 2203 3444
11096 3396 3603 3443 3615
11097 2019 1820 3470 3516
11098 3446 3608 3563 3623
11099 3401 3543 3456 3564
11100 2399 402 3550 3603
11101 3435 3608 3416 3609
11102 3398 3453 3436 3617
11103 3422 3558 3456 3577
11104 2336 2277 3492 3537
11105 3401 3456 3543 3558
11106 3490 3500 2255 3676
11107 2058 3517 3459 3661
11108 3436 3398 3473 3518
11109 3422 3543 3456 3558
11110 3401 3463 3452 3660
11111 3401 3452 3434 3660
11112 1980 1982 3433 3570
11113 2437 2357 2413 3502
11114 3452 3526 3434 3660
11115 2356 2271 3423 3612
11116 2284 2346 2282 3565
11117 3435 3523 3473 3608
11118 1976 1973 1998 3598
11119 2338 2372 2224 3503
11120 1824 3511 2014 3529
11121 1854 1759 1820 3470
11122 2160 2117 2166 3472
11123 3558 3597 3476 3671
11124 2009 3449 1821 3516
11125 1789 3432 1819 3595
11126 3404 3448 3482 3585
11127 3442 3522 3515 3551
11128 3422 3493 3491 3496
11129 3395 3450 3478 3573
11130 1787 3541 3445 3618
11131 2355 3447 2326 3626
11132 3398 3598 3453 3617
11133 3439 3539 3461 3662
11134 2266 3512 3428 3590
11135 3408 3480 3523 3546
11136 3398 3569 3462 3598
11137 3408 3523 3483 3546
11138 2208 3527 3441 3548
11139 1797 3515 3442 3524
11140 2326 2355 2327 3447
11141 3391 3506 3460 3549
11142 2035 2085 3589 3678
11143 3510 3564 2094 3593
11144 1819 3432 1789 3621
11145 3470 3555 1808 3619
11146 2286 2367 3561 3596
11147 2001 1995 3433 3525
11148 3435 3473 3523 3626
11149 2306 3495 2331 3571
11150 2113 3433 1995 3525
11151 2213 2157 2005 3472
11152 1962 1983 2325 3462
11153 1812 1769 2323 3542
11154 1809 1768 1813 3436
11155 3535 3561 3394 3640
11156 2057 2058 2056 3661
11157 2103 3457 2167 3648
11158 3408 3608 3435 3609
11159 3390 3514 3417 3665
11160 2033 3496 3420 3576
11161 2066 3487 3446 3641
11162 2198 3410 3533 3605
11163 3404 3548 3448 3585
11164 2016 2392 2152 3547
11165 3421 3405 3506 3549
11166 1854 3470 1810 3632
11167 3483 3523 3408 3608
11168 3424 3453 3617 3619
11169 398 1828 1829 3539
11170 2176 2025 2213 3472
11171 3466 3495 2246 3575
11172 2047 3483 2122 3546
11173 2087 3547 3497 3587
11174 2330 2279 2340 3441
11175 2064 3510 3616 3671
11176 3430 3404 3530 3585
11177 2194 2187 2193 3572
11178 3397 3482 3448 3585
11179 2176 2194 2193 3472
11180 2048 3480 2121 3544
11181 1805 3440 1769 3542
11182 3430 3499 3465 3659
11183 3568 3578 3412 3628
11184 1791 3432 1789 3595
11185 2253 3560 3426 3650
11186 2253 3537 3492 3630
11187 2156 2113 3433 3579
11188 2172 2137 2185 3528
11189 2217 2190 2206 3572
11190 2131 2030 2032 3431
11191 3499 3591 3444 3659
11192 2245 2243 2334 3490
11193 2180 2200 3457 3604
11194 3403 3439 3550 3601
11195 2338 2224 2429 3503
11196 3439 3403 3488 3541
11197 1842 1843 1824 3511
11198 3426 3519 3492 3649
11199 3398 3436 3473 3617
11200 3465 3527 2191 3602
11201 3452 3489 3434 3526
11202 3444 3499 2292 3591
11203 1846 3567 3534 3592
11204 1842 1843 3511 3643
11205 3410 3463 3452 3674
11206 3399 3423 3514 3634
11207 3417 3428 3577 3665
11208 2093 2064 3456 3510
11209 3391 3466 3493 3577
11210 2372 2302 2365 3594
11211 2335 3561 3447 3626
11212 2216 2199 2183 3498
11213 2042 3429 2049 3641
11214 1995 3433 2113 3579
11215 2030 3431 2131 3520
11216 3476 3510 3401 3558
11217 2236 3444 2203 3657
11218 3396 3432 3565 3615
11219 2213 2025 2157 3472
11220 3449 3487 3395 3582
11221 3508 3552 3463 3674
11222 2280 3499 3430 3659
11223 3491 3493 3420 3496
11224 2120 2031 3504 3678
11225 408 2394 3452 3508
11226 2325 1983 2229 3462
11227 3391 3491 3493 3580
11228 1787 1784 3445 3541
11229 1781 3439 3541 3662
11230 3432 3595 2352 3621
11231 2284 3455 2346 3565
11232 2041 2048 2121 3544
11233 1797 3524 3442 3592
11234 3450 3573 3440 3629
11235 2320 2318 2344 3453
11236 2029 2120 2031 3504
11237 3418 3398 3546 3569
11238 2271 2269 2359 3522
11239 3429 3562 2049 3641
11240 3392 3519 3484 3609
11241 2253 3426 3537 3630
11242 1825 1840 1841 3437
11243 3402 3563 3582 3608
11244 3493 3543 3422 3577
11245 3395 3487 3478 3549
11246 2066 3446 3487 3563
11247 3449 3487 3446 3563
11248 2168 2015 2193 3458
11249 3420 3493 3491 3580
11250 2088 3461 2022 3497
11251 3417 3514 3428 3665
11252 2020 2141 3437 3529
11253 2413 2227 3455 3502
11254 3438 3419 3616 3670
11255 2135 3658 3443 3670
11256 2024 2382 2395 3461
11257 2307 2352 3595 3621
11258 1781 3439 1780 3541
11259 2160 3525 3472 3540
11260 2198 3533 3410 3604
11261 3401 3543 3463 3660
11262 3435 3513 3408 3609
11263 1992 1826 1774 3553
11264 3393 3578 3463 3660
11265 2331 3495 2337 3571
11266 1801 3573 3450 3629
11267 3425 3513 3394 3530
11268 2055 3460 3491 3589
11269 2102 2165 2143 3644
11270 3458 3472 3400 3540
11271 2135 3501 3443 3587
11272 2131 3431 2032 3669
11273 2320 3453 2344 3518
11274 2113 2134 3433 3525
11275 2224 3503 2372 3594
11276 3445 3488 3403 3541
11277 2080 3451 2069 3540
11278 3466 3391 3580 3650
11279 3398 3424 3617 3638
11280 1842 3529 3584 3643
11281 3398 3608 3483 3617
11282 2091 2064 3510 3616
11283 3426 3391 3580 3649
11284 3398 3462 3453 3598
11285 2058 2060 3459 3517
11286 2016 3443 2384 3547
11287 2005 2138 1988 3472
11288 3431 3468 3397 3610
11289 2135 3443 3501 3670
11290 3426 3519 3392 3537
11291 2280 3430 2263 3659
11292 1788 1841 1840 3437
11293 3392 3537 3519 3609
11294 2034 3484 3576 3583
11295 2208 2189 2191 3527
11296 1781 1786 1836 3539
11297 3398 3469 3424 3638
11298 3530 3585 3482 3663
11299 3421 3549 3506 3649
11300 2415 3476 3489 3559
11301 2141 2136 3437 3587
11302 1819 3595 3432 3621
11303 3413 3434 3526 3660
11304 3423 3464 3399 3522
11305 2068 3528 3448 3566
11306 3406 3613 3423 3634
11307 2242 2240 3479 3495
11308 3451 3530 3394 3535
11309 2180 2200 2201 3457
11310 3395 3519 3492 3582
11311 3427 3489 3476 3559
11312 1834 2385 1829 3644
11313 1771 3442 1797 3515
11314 3410 3452 3552 3674
11315 3428 3399 3506 3551
11316 3394 3561 3447 3640
11317 2052 3451 2080 3566
11318 1793 3464 1818 3515
11319 2064 3616 3517 3671
11320 1789 3432 1791 3584
11321 2138 1988 3472 3525
11322 2257 3588 2277 3636
11323 3496 3504 2031 3678
11324 3414 3513 3486 3676
11325 3485 3400 3538 3654
11326 2221 2173 2177 3471
11327 1840 3437 3497 3618
11328 3466 3512 3391 3650
11329 1979 3418 3569 3655
11330 2426 3489 3526 3559
11331 3401 3564 3510 3593
11332 3449 3563 3446 3582
11333 2370 3450 1770 3606
11334 3405 3549 3478 3562
11335 1979 3569 3418 3607
11336 2328 2203 3444 3591
11337 3395 3573 3449 3582
11338 3416 3492 3519 3582
11339 3506 3549 3391 3649
11340 2386 3547 3443 3550
11341 2295 2370 3450 3629
11342 3421 3391 3512 3649
11343 2119 2137 2172 3528
11344 1805 1769 1812 3542
11345 3420 3484 3468 3647
11346 3422 3543 3558 3577
11347 3530 3535 3451 3642
11348 3399 3442 3515 3524
11349 1849 1821 3449 3516
11350 2298 3488 3445 3651
11351 2138 3472 2160 3525
11352 2261 3630 2260 3667
11353 1979 3570 3418 3655
11354 2418 2429 2224 3503
11355 2416 409 2433 3526
11356 3469 3546 2153 3638
11357 1809 1768 3436 3542
11358 3426 3580 3560 3647
11359 3394 3435 3486 3513
11360 2143 1834 2102 3644
11361 3414 3556 3500 3676
11362 1810 3470 1808 3619
11363 1809 3542 3436 3555
11364 3398 3546 3469 3638
11365 2178 2180 2181 3494
11366 3443 3501 3396 3615
11367 3391 3493 3422 3577
11368 2121 3544 3480 3554
11369 3477 3514 3428 3522
11370 1758 1834 1829 3644
11371 2432 2436 1777 2354
11372 3400 3444 3485 3538
11373 3421 3630 2261 3667
11374 3394 3425 3530 3554
11375 2120 3504 3463 3678
11376 3400 3535 3430 3642
11377 3448 3494 2202 3639
11378 3392 3490 3475 3663
11379 2029 3463 2120 3504
11380 3396 3455 3603 3615
11381 2069 3451 2065 3581
11382 2001 1995 1980 3433
11383 2316 2337 2296 3590
11384 2056 2050 2055 3460
11385 3395 3440 3573 3582
11386 2150 3508 3463 3674
11387 3468 3484 3420 3576
11388 2029 3463 3504 3674
11389 3508 2094 3564 3593
11390 3402 3563 3608 3623
11391 2197 2017 2103 3648
11392 2052 2069 2080 3451
11393 2370 2374 1814 3629
11394 3464 3613 3432 3633
11395 2261 3512 3421 3551
11396 3407 3577 3466 3590
11397 2141 2073 2136 3587
11398 3453 3436 3617 3619
11399 2049 3562 3487 3641
11400 3394 3435 3513 3523
11401 2267 3512 2261 3551
11402 3390 3509 3427 3597
11403 2112 1760 1820 3516
11404 3399 3464 3515 3522
11405 1787 3445 1784 3651
11406 3390 3514 3423 3634
11407 3419 3531 2154 3616
11408 2134 2156 2113 3433
11409 2379 2409 3552 3574
11410 3456 3577 3417 3589
11411 3427 3476 3503 3559
11412 2397 3419 2393 3531
11413 1759 3470 1854 3632
11414 2314 2173 2221 3471
11415 2288 2261 2260 3667
11416 3442 3506 3399 3551
11417 2255 3490 2334 3500
11418 2415 3503 3476 3559
11419 1783 1781 3541 3662
11420 3443 3547 3403 3550
11421 2040 3425 3544 3554
11422 3443 3587 3501 3615
11423 3398 3523 3418 3546
11424 3470 3619 1810 3632
11425 3443 3474 3396 3501
11426 2240 2238 3479 3637
11427 3422 3577 3456 3589
11428 3463 3552 3452 3674
11429 1788 3437 1840 3618
11430 2212 2175 2197 3604
11431 1821 1848 1849 3449
11432 2206 3538 3444 3572
11433 2068 2119 3448 3528
11434 1973 1976 3569 3598
11435 2015 2117 2193 3458
11436 3423 3613 3464 3633
11437 3431 3496 2032 3576
11438 3401 3476 3427 3489
11439 1787 1785 3541 3618
11440 3414 3475 3513 3676
11441 2286 3561 3499 3596
11442 2397 3476 406 3627
11443 3445 3541 1784 3651
11444 3506 3512 3428 3551
11445 2428 2412 3550 3600
11446 2327 2367 3507 3561
11447 2150 3552 3508 3674
11448 3421 3512 2261 3630
11449 1788 1841 3437 3557
11450 2386 2384 2399 3443
11451 2268 3477 2316 3590
11452 1758 2102 1834 3644
11453 2052 3554 3451 3673
11454 3431 3576 2032 3669
11455 3421 3512 3506 3551
11456 3431 3397 3568 3610
11457 3391 3549 3460 3649
11458 1791 3584 3432 3595
11459 3479 3495 2240 3637
11460 1976 3462 1998 3652
11461 3422 3493 3393 3543
11462 2306 2331 2337 3571
11463 2172 2185 2195 3528
11464 2024 3461 2395 3644
11465 2120 3463 2029 3674
11466 1787 1785 1784 3541
11467 1791 1789 1819 3595
11468 2370 1814 1770 3629
11469 2040 3425 3554 3673
11470 3427 3476 3401 3558
11471 1781 1780 1783 3541
11472 2242 2331 2240 3495
11473 404 3502 2421 3603
11474 2391 3461 3547 3601
11475 2300 3455 2358 3488
11476 2166 3458 2080 3540
11477 2346 3455 2227 3502
11478 2145 3459 2060 3586
11479 1987 3485 3538 3654
11480 2016 2384 2392 3547
11481 3490 3392 3647 3663
11482 2413 2227 2422 3455
11483 1979 3418 3579 3607
11484 2131 3520 3431 3669
11485 3419 2393 3531 3627
11486 3411 3561 3535 3640
11487 3466 3495 3407 3590
11488 1798 3567 1846 3592
11489 2262 2255 3556 3676
11490 3406 3529 3511 3643
11491 2253 2336 3492 3537
11492 2154 3616 2091 3635
11493 3429 3583 3519 3641
11494 2056 2155 3460 3505
11495 2204 2213 2005 3472
11496 3417 3505 3460 3506
11497 3414 3530 3513 3663
11498 1764 2020 1825 3529
11499 2157 2025 2138 3472
11500 1835 3461 1786 3662
11501 2304 2316 2275 3571
11502 2308 2352 3432 3595
11503 3473 3588 2264 3636
11504 2371 2328 2236 3444
11505 3390 3423 3532 3634
11506 2069 3540 3451 3581
11507 3399 3442 3524 3592
11508 1780 1781 1779 3439
11509 2242 3495 3479 3575
11510 3392 3513 3475 3609
11511 3447 3640 3507 3655
11512 3476 3489 3401 3593
11513 2119 3448 2172 3639
11514 2279 3500 3441 3556
11515 2261 2267 2266 3512
11516 2154 3419 3616 3635
11517 1788 3557 3437 3618
11518 2331 2240 3495 3637
11519 2153 2109 3469 3638
11520 1786 3461 1836 3539
11521 1797 3567 3442 3606
11522 2397 2393 3419 3627
11523 3401 3508 3564 3593
11524 3557 3565 3432 3615
11525 2362 3515 2309 3522
11526 1962 2002 3462 3655
11527 3400 3485 3444 3499
11528 3473 3626 3435 3636
11529 2068 3482 2051 3566
11530 2225 2309 2310 3595
11531 3492 3537 3426 3630
11532 3429 3487 3562 3641
11533 1804 1849 3449 3645
11534 2415 3476 407 3489
11535 1846 3592 3534 3675
11536 2252 3435 2259 3626
11537 1849 1848 1804 3449
11538 3398 3483 3546 3638
11539 2093 3510 3456 3564
11540 3409 3467 3490 3610
11541 3412 3568 3479 3578
11542 3414 3486 3430 3556
11543 2358 2346 2284 3455
11544 2399 3603 3443 3658
11545 3433 3540 2134 3581
11546 3396 3565 3455 3615
11547 2267 3522 3428 3551
11548 2019 2112 1820 3516
11549 2436 2417 2432 3664
11550 3404 3566 3458 3642
11551 2073 3501 2135 3587
11552 3413 3637 2238 3646
11553 1837 1826 3545 3553
11554 3458 3566 3451 3642
11555 2118 2080 3458 3566
11556 1769 3440 1803 3629
11557 2265 3473 2322 3588
11558 1793 3464 3515 3524
11559 2136 3497 3437 3587
11560 2019 3470 2111 3516
11561 3414 3500 3490 3676
11562 2258 3626 3473 3636
11563 2294 3450 2370 3606
11564 3513 3530 3425 3663
11565 2050 2056 2155 3460
11566 2068 2067 2051 3482
11567 2298 3445 2347 3651
11568 2133 2153 3546 3638
11569 3428 3522 3399 3551
11570 3446 3395 3487 3582
11571 2431 3521 3439 3600
11572 3400 3472 3458 3572
11573 2160 2081 3525 3540
11574 2197 3604 3574 3648
11575 3404 3482 3448 3566
11576 2195 2202 2172 3448
11577 2036 3491 2043 3583
11578 3474 3501 3443 3670
11579 1995 1980 3433 3579
11580 2110 2111 3470 3638
11581 2355 2335 3447 3626
11582 2178 3471 3494 3677
11583 3507 3640 3570 3655
11584 3406 3438 3613 3634
11585 3463 3508 2095 3564
11586 2156 3579 3433 3581
11587 2229 3462 1983 3652
11588 1803 1769 1805 3440
11589 2228 2216 2183 3498
11590 1779 1780 3439 3599
11591 2024 2140 2382 3461
11592 1835 1838 1786 3461
11593 3399 3428 3506 3514
11594 3446 3408 3608 3623
11595 2136 2020 2141 3437
11596 2175 3574 2197 3604
11597 3431 3568 3397 3628
11598 1803 3573 1801 3629
11599 2118 3458 3528 3566
11600 3416 3473 3435 3636
11601 2345 2286 3499 3596
11602 3395 3449 3478 3487
11603 2355 2335 2327 3447
11604 2294 2295 2370 3450
11605 2168 3528 3458 3602
11606 3394 3554 3451 3581
11607 1858 1854 1810 3632
11608 2270 3509 3477 3612
11609 3486 3556 3414 3676
11610 3399 3515 3464 3524
11611 2358 3455 2284 3565
11612 3397 3482 3468 3669
11613 3434 3495 3407 3543
11614 2261 3551 3421 3667
11615 2425 3455 2428 3550
11616 3394 3530 3451 3554
11617 2361 3434 2306 3526
11618 3401 3434 3543 3660
11619 2292 3499 3444 3620
11620 2079 3449 2009 3516
11621 2129 3487 2066 3641
11622 1852 3470 1820 3516
11623 2112 1821 1760 3516
11624 3456 3417 3577 3665
11625 3394 3451 3535 3581
11626 2091 3616 3510 3635
11627 3454 3511 1844 3524
11628 3397 3520 3431 3628
11629 2258 3473 2264 3636
11630 3414 3500 3585 3610
11631 2178 3494 2181 3677
11632 3447 3523 3394 3640
11633 2431 3439 3521 3664
11634 1787 3445 3557 3618
11635 2025 2117 2160 3472
11636 3475 3537 3416 3636
11637 2422 2428 2425 3455
11638 3552 3574 2409 3605
11639 3416 3519 3537 3609
11640 1987 3538 3485 3620
11641 2413 2357 2227 3502
11642 2431 399 3439 3664
11643 2279 3441 3527 3556
11644 3406 3584 3529 3643
11645 3446 3608 3408 3609
11646 2370 2295 2374 3629
11647 1828 3539 398 3664
11648 2202 3548 2196 3677
11649 2202 3448 2195 3548
11650 2270 2275 3477 3509
11651 2064 3456 3517 3661
11652 2260 3630 3631 3667
11653 2217 3444 2203 3591
11654 2034 2037 3484 3583
11655 2364 2326 3462 3518
11656 1962 2002 1983 3462
11657 2343 3629 2289 3631
11658 1979 1978 3569 3607
11659 3406 3438 3586 3613
11660 3399 3524 3454 3592
11661 1809 1807 3542 3555
11662 3435 3473 3416 3608
11663 3448 3528 2195 3548
11664 3398 3424 3469 3598
11665 2145 2148 2060 3459
11666 1797 1799 3567 3606
11667 2417 3521 2432 3664
11668 2308 2307 2352 3595
11669 2150 2095 3463 3508
11670 1837 3545 3424 3553
11671 1795 3515 1797 3524
11672 3451 3540 3458 3642
11673 3440 3542 1805 3645
11674 3499 3561 3411 3596
11675 2141 2072 3501 3586
11676 3414 3430 3530 3556
11677 2020 1764 2096 3529
11678 3404 3448 3528 3566
11679 3393 3479 3495 3575
11680 2066 3487 2132 3563
11681 3413 3526 3434 3637
11682 3433 3581 3418 3640
11683 3435 3408 3523 3608
11684 2132 3487 3449 3563
11685 3452 3463 3401 3508
11686 2320 2319 2318 3453
11687 3423 2356 3612 3633
11688 2151 2061 2098 3511
11689 1802 3478 1801 3573
11690 3492 3630 3421 3631
11691 400 3439 3539 3601
11692 2187 2168 3458 3602
11693 3464 3584 3432 3613
11694 3408 3513 3435 3523
11695 2343 2290 3440 3588
11696 3476 3558 3427 3597
11697 2064 2105 2093 3456
11698 3449 3582 3573 3645
11699 3460 3505 2155 3625
11700 3446 3484 3609 3668
11701 2149 1997 2018 3624
11702 2053 3483 2054 3623
11703 2340 2221 2330 3471
11704 3418 3570 1979 3579
11705 2306 3434 2361 3637
11706 1849 3516 3449 3645
11707 2364 3518 3462 3652
11708 2154 3531 3419 3635
11709 2229 2364 3462 3652
11710 1793 3515 1795 3524
11711 2415 407 2426 3489
11712 2052 2045 3554 3673
11713 3417 3517 3456 3661
11714 3456 3401 3510 3558
11715 3545 3553 1972 3598
11716 3445 3565 3557 3615
11717 2083 2084 2078 3653
11718 2024 2088 2140 3461
11719 2150 3463 2074 3674
11720 3448 3482 3397 3520
11721 2305 2304 3559 3571
11722 3458 3540 3400 3642
11723 3404 3430 3530 3642
11724 1993 3453 1971 3672
11725 3394 3480 3581 3640
11726 3429 3491 3420 3583
11727 2101 2151 3454 3625
11728 3503 3594 2430 3627
11729 3424 2107 3624 3632
11730 3460 3549 3429 3649
11731 3512 3630 3421 3649
11732 1779 3439 3521 3599
11733 3412 3467 3479 3568
11734 2412 3550 3600 3601
11735 2252 2259 2258 3626
11736 1821 3449 2009 3653
11737 1789 3557 3432 3584
11738 3490 3647 3610 3663
11739 2253 2336 2339 3492
11740 3400 3465 3444 3572
11741 1848 3449 1821 3653
11742 2276 2256 2263 3486
11743 2153 2133 2109 3638
11744 2168 2186 3528 3602
11745 3469 3546 3398 3569
11746 2187 2168 2193 3458
11747 3403 3497 3461 3547
11748 2253 2247 3560 3650
11749 1801 3450 3567 3606
11750 1797 3442 3567 3592
11751 2320 3453 3518 3652
11752 2300 2227 2358 3455
11753 2325 2229 2326 3462
11754 3393 3568 3479 3575
11755 2082 2103 3457 3639
11756 3426 3630 3512 3649
11757 3424 3553 3453 3619
11758 3510 3616 3419 3635
11759 3495 3543 3434 3660
11760 2320 2319 3453 3652
11761 3474 3443 3658 3670
11762 2052 3451 3566 3673
11763 2270 2273 3509 3612
11764 3426 3630 2253 3650
11765 2119 2130 3448 3639
11766 2112 2009 1821 3516
11767 2318 3453 2319 3536
11768 2295 2289 3629 3631
11769 2241 3479 3467 3575
11770 2022 2088 2090 3461
11771 2138 2160 2021 3525
11772 3416 3519 3492 3537
11773 3399 3514 3423 3522
11774 3433 3525 2134 3540
11775 3425 2040 3544 3611
11776 3393 3543 3495 3660
11777 2433 3605 2441 3614
11778 3456 3577 3558 3665
11779 2143 2385 1834 3644
11780 2308 3432 2352 3633
11781 2327 3507 3447 3561
11782 1800 3534 1846 3567
11783 2191 2188 3465 3602
11784 3415 3532 3509 3612
11785 2052 2065 3451 3554
11786 3424 3624 2107 3638
11787 2218 3538 2206 3572
11788 3455 3565 3445 3615
11789 2386 2384 3443 3547
11790 1803 3440 1805 3573
11791 2093 2094 3510 3564
11792 3397 3520 3482 3669
11793 1779 3439 1781 3664
11794 3429 3549 3519 3649
11795 2148 2058 2060 3459
11796 3438 3406 3586 3634
11797 3448 3397 3494 3520
11798 3406 3584 3464 3613
11799 3399 3514 3459 3634
11800 3438 2063 3586 3670
11801 3420 3576 3484 3583
11802 2209 2191 3465 3527
11803 3395 3519 3429 3549
11804 3424 3545 1837 3632
11805 2260 3631 2288 3667
11806 3468 3484 3392 3647
11807 3407 3495 3434 3571
11808 3390 3532 3509 3597
11809 2278 2255 2334 3500
11810 3484 3544 2040 3611
11811 2327 3447 2335 3561
11812 1807 1805 3542 3645
11813 3438 3532 3390 3671
11814 2386 2399 402 3550
11815 2315 2246 2244 3466
11816 3544 3609 3484 3668
11817 3447 3418 3640 3655
11818 2109 3624 3469 3638
11819 2292 3444 2371 3620
11820 3532 3597 3390 3671
11821 2089 3547 2087 3587
11822 3421 3506 3442 3551
11823 1961 1971 1993 3453
11824 2314 2183 2173 3498
11825 3483 3608 3402 3617
11826 2361 3434 3526 3637
11827 1979 3569 1977 3655
11828 1807 3542 3555 3645
11829 3407 3577 3590 3665
11830 2061 2058 2148 3505
11831 2167 3457 2103 3639
11832 2346 2227 2357 3502
11833 2338 3503 2429 3559
11834 3428 3590 3577 3665
11835 2015 3458 2168 3528
11836 3393 3495 3479 3660
11837 2175 2198 381 3574
11838 3453 3553 3424 3598
11839 3456 3558 3510 3671
11840 3440 3573 3582 3645
11841 2319 3536 3453 3672
11842 1992 1774 1966 3553
11843 1782 1829 1828 3539
11844 3545 3624 2107 3632
11845 3403 3439 3601 3662
11846 3398 3424 3598 3617
11847 3424 3619 3470 3632
11848 2209 3527 3465 3591
11849 3430 3530 3556 3585
11850 3479 3568 3393 3578
11851 1972 3545 3598 3624
11852 2143 2165 2385 3644
11853 3519 3549 3395 3649
11854 1992 1972 3545 3553
11855 2040 3611 3425 3673
11856 3415 3481 3532 3612
11857 1844 3524 3511 3643
11858 1782 3539 1828 3664
11859 2098 2097 2014 3511
11860 3451 3554 3530 3673
11861 3414 3585 3530 3663
11862 3484 3611 3468 3663
11863 1817 1853 2434 1828
11864 3395 3478 3449 3573
11865 2360 1961 2319 3652
11866 2050 3562 3460 3625
11867 2057 2056 2055 3589
11868 2038 3484 2040 3611
11869 3530 3554 3425 3673
11870 2343 3440 2290 3629
11871 3403 3497 3547 3587
11872 3438 3517 3390 3634
11873 3425 3611 3484 3663
11874 2253 2247 2248 3560
11875 3400 3444 3538 3572
11876 3410 3504 3463 3674
11877 2110 2054 2111 3638
11878 3424 3553 3545 3598
11879 2371 2328 3444 3591
11880 2292 3596 3499 3620
11881 1997 1964 2018 3624
11882 3405 3478 3534 3562
11883 2201 3494 3457 3639
11884 3425 3530 3482 3663
11885 2187 2186 2168 3602
11886 399 400 2431 3439
11887 2184 2119 2172 3639
11888 2431 3439 400 3600
11889 1846 1845 3592 3675
11890 3409 3466 3580 3650
11891 3538 3620 1987 3657
11892 3429 3487 3395 3549
11893 3440 3573 1803 3629
11894 2320 3518 2364 3652
11895 2122 3546 3483 3638
11896 3432 3595 3464 3633
11897 2405 1829 1834 2385
11898 1787 3621 3445 3651
11899 2122 2133 3546 3638
11900 3413 3637 3434 3660
11901 3534 3567 3405 3592
11902 3414 3556 3530 3585
11903 3478 3534 1800 3567
11904 2100 3454 1823 3675
11905 2371 3444 2236 3657
11906 3407 3558 3543 3577
11907 3402 3608 3483 3623
11908 2426 2415 3489 3559
11909 1793 3464 3584 3595
11910 3483 3523 3398 3546
11911 2265 2322 2264 3588
11912 3392 3484 3468 3663
11913 2382 3461 2140 3547
11914 2229 2364 2326 3462
11915 2340 2279 2278 3500
11916 2338 2372 3503 3559
11917 1837 1774 1826 3553
11918 3399 3634 3459 3656
11919 3390 3517 3438 3671
11920 1819 2307 3595 3621
11921 2322 2321 2230 3542
11922 3452 3508 2394 3552
11923 2038 2039 2040 3484
11924 2034 2037 2038 3484
11925 3467 3479 2241 3622
11926 1801 3478 1800 3567
11927 2413 3455 2425 3502
11928 1829 2385 2405 3644
11929 2305 2304 2303 3559
11930 3443 3396 3474 3603
11931 2105 3456 2064 3661
11932 3390 3427 3558 3597
11933 3492 3519 3426 3537
11934 2075 2134 3540 3581
11935 2035 2104 2033 3496
11936 3463 3508 3452 3552
11937 2039 2040 3484 3544
11938 3495 3637 3479 3660
11939 1842 3529 1790 3584
11940 3433 3535 3581 3640
11941 1801 3567 1799 3606
11942 2042 3583 3429 3641
11943 2265 2264 3473 3588
11944 3449 3516 2079 3563
11945 2280 3499 2286 3561
11946 3415 3509 3503 3594
11947 2202 2172 3448 3639
11948 3411 3570 3507 3640
11949 3475 3490 3414 3663
11950 3467 3500 3490 3610
11951 2069 2052 2065 3451
11952 2270 2273 2275 3509
11953 2105 2093 3456 3564
11954 3413 3498 3479 3578
11955 2082 2010 2103 3639
11956 3397 3585 3500 3610
11957 2257 2264 3588 3636
11958 2265 3473 2258 3626
11959 1798 1846 1845 3592
11960 2132 3487 2078 3653
11961 3453 3462 3398 3518
11962 1787 1815 3621 3651
11963 1801 1770 3450 3606
11964 3390 3558 3477 3665
11965 406 3476 3503 3627
11966 2171 2217 2203 3591
11967 2312 3606 3442 3667
11968 2384 3443 2016 3658
11969 398 1829 2405 3539
11970 3424 3624 3545 3632
11971 3459 3517 3417 3661
11972 2361 2306 2305 3526
11973 1793 3584 1791 3595
11974 2014 2096 1824 3529
11975 3451 3554 2065 3581
11976 1796 1845 1844 3454
11977 2391 3461 2382 3547
11978 3396 3565 3432 3613
11979 2088 2022 2087 3497
11980 2262 3556 2256 3676
11981 3474 3531 3419 3670
11982 3409 3490 3560 3647
11983 2326 2327 2325 3507
11984 1796 3454 1844 3524
11985 399 3539 3439 3664
11986 3501 3586 2063 3670
11987 2405 2385 2401 3644
11988 2016 2147 2135 3443
11989 2339 3492 2343 3631
11990 3403 3547 3443 3587
11991 2308 3595 3432 3633
11992 2315 3466 2244 3650
11993 2094 2092 3510 3593
11994 3394 3581 3535 3640
11995 2068 2137 2119 3528
11996 399 400 3439 3539
11997 2058 2059 2060 3517
11998 2425 3502 3455 3603
11999 3442 3551 2312 3667
12000 2295 3629 3450 3631
12001 2249 3475 3490 3676
12002 3403 3587 3443 3615
12003 3433 3400 3525 3540
12004 2389 2397 3531 3635
12005 23 2441 3605 3614
12006 1985 3507 1999 3570
12007 3396 3438 3532 3613
12008 2005 1994 2204 3472
12009 2241 2242 3479 3575
12010 1804 3449 3573 3645
12011 1764 1824 2096 3529
12012 2209 2207 3527 3591
12013 1788 1790 1841 3557
12014 2130 2082 3520 3639
12015 3513 3544 3408 3609
12016 2112 2019 2111 3516
12017 3457 3520 2082 3639
12018 1837 3619 3424 3632
12019 2278 3500 2279 3556
12020 1801 1802 1800 3478
12021 3420 3496 3431 3576
12022 23 3605 2170 3614
12023 1804 3449 1848 3573
12024 3437 3501 3587 3615
12025 2017 2197 3574 3648
12026 3437 3396 3501 3615
12027 3407 3477 3558 3665
12028 2290 3440 2220 3629
12029 2365 2281 2287 3594
12030 3439 3403 3541 3662
12031 2061 3454 2151 3625
12032 3397 3568 3467 3628
12033 2208 3548 3441 3677
12034 3398 3469 3569 3598
12035 1820 1852 1854 3470
12036 2241 2242 2240 3479
12037 2135 3443 2147 3587
12038 2040 3554 2045 3673
12039 2062 3517 2064 3616
12040 2173 2178 2177 3471
12041 2414 2421 404 3502
12042 2414 2430 3594 3627
12043 2315 3466 3512 3590
12044 2413 2422 2425 3455
12045 2088 2140 3461 3547
12046 2089 2016 2152 3547
12047 1809 1807 1768 3542
12048 2434 1828 398 3664
12049 2391 2388 3461 3601
12050 3416 3588 3582 3608
12051 1848 1802 3573 3653
12052 410 2433 409 3605
12053 2048 2144 3480 3546
12054 3570 3640 3418 3655
12055 2109 2107 3624 3638
12056 2270 2316 2268 3477
12057 2200 2197 2167 3604
12058 2059 3517 2058 3661
12059 3472 3538 2218 3572
12060 2050 3460 2155 3625
12061 2316 2270 2275 3477
12062 2425 2421 3502 3603
12063 2181 2180 2201 3494
12064 3439 3539 1781 3664
12065 3479 3498 3412 3578
12066 2170 3605 3533 3614
12067 3432 3565 2352 3633
12068 2132 3449 3487 3653
12069 1852 3470 3516 3555
12070 2167 2010 2184 3639
12071 2174 2204 1960 3538
12072 2077 3534 2083 3562
12073 2061 3505 3454 3625
12074 3421 3631 3630 3667
12075 2297 2231 1773 3621
12076 2156 2116 3579 3581
12077 2130 3520 3448 3639
12078 2314 2228 2183 3498
12079 3459 3586 3406 3634
12080 3472 3538 3400 3654
12081 2113 1995 1967 3525
12082 3485 3538 3444 3620
12083 2209 2207 2191 3527
12084 1854 1852 1808 3470
12085 2278 2334 2341 3500
12086 3418 3581 3480 3640
12087 3458 3572 3465 3642
12088 1964 3469 2018 3624
12089 3432 3557 1789 3621
12090 1828 398 1829 2405
12091 2282 2346 2287 3502
12092 2135 2016 3443 3658
12093 2217 2206 2203 3444
12094 3409 3580 3560 3650
12095 2118 3458 2015 3528
12096 2279 3527 2329 3556
12097 2275 2302 2303 3509
12098 398 2405 2401 3539
12099 1815 2297 1773 3621
12100 2079 3516 2111 3563
12101 2241 3467 2243 3575
12102 2040 3544 2121 3554
12103 1852 1808 3470 3555
12104 408 409 2416 3489
12105 2340 2278 2341 3500
12106 1796 1845 3454 3592
12107 3412 3467 3568 3628
12108 1817 1828 2434 3664
12109 2211 2179 3498 3533
12110 2293 2314 3471 3622
12111 3465 3602 3458 3642
12112 2167 2103 2010 3639
12113 3478 3573 1802 3653
12114 2128 3510 2092 3593
12115 2328 2171 2203 3591
12116 3430 3556 2263 3659
12117 3432 3557 3445 3565
12118 3438 3616 3419 3671
12119 3399 3428 3514 3522
12120 1973 3569 1975 3598
12121 2253 3492 2339 3630
12122 3424 3598 3545 3624
12123 2107 3632 3424 3638
12124 3402 3436 3555 3617
12125 1973 1976 1975 3569
12126 2386 2392 2384 3547
12127 3583 3641 2037 3668
12128 2422 2412 2428 3600
12129 2290 3542 3440 3588
12130 2162 3534 2077 3562
12131 3396 3481 3565 3613
12132 3447 3507 3462 3655
12133 2129 2132 2066 3487
12134 3394 3523 3480 3640
12135 2154 2013 3531 3635
12136 2122 2133 2153 3546
12137 2195 3528 2186 3548
12138 1760 1852 1820 3516
12139 2216 2237 380 3614
12140 2012 1995 2113 3579
12141 1815 2297 3621 3651
12142 408 2394 409 3452
12143 3411 3535 3433 3570
12144 2209 2188 2190 3465
12145 3390 3597 3558 3671
12146 2185 2137 2168 3528
12147 2437 2413 2421 3502
12148 2064 3517 2059 3661
12149 3464 3524 1793 3643
12150 3433 3418 3570 3640
12151 3417 3456 3589 3661
12152 2126 2037 3641 3668
12153 1823 1844 1845 3454
12154 2276 2332 3486 3561
12155 2150 2095 2074 3463
12156 3467 3471 3412 3622
12157 2208 2169 2205 3677
12158 1998 3453 1961 3652
12159 2200 2167 3457 3604
12160 3394 3480 3554 3581
12161 2309 3595 2308 3633
12162 3582 3608 3446 3609
12163 2013 2139 2154 3531
12164 2426 3526 2419 3559
12165 2237 2439 380 3614
12166 2097 2098 2145 3586
12167 3474 3531 2393 3627
12168 3438 3586 3501 3670
12169 1837 3553 3424 3619
12170 2413 2425 2421 3502
12171 2202 2181 3494 3677
12172 2119 2010 2130 3639
12173 2252 2250 2251 3475
12174 2339 2277 2343 3492
12175 3418 3433 3579 3581
12176 1779 3521 3439 3664
12177 2211 2182 2179 3533
12178 2352 3565 3432 3621
12179 2162 2083 2077 3534
12180 2186 3548 3528 3602
12181 2256 2262 2263 3556
12182 2052 2045 2065 3554
12183 2403 2405 1834 2385
12184 3450 2294 3631 3667
12185 2395 3461 2388 3644
12186 2075 3540 2069 3581
12187 3398 3617 3483 3638
12188 3456 3510 3401 3564
12189 1991 3538 1987 3657
12190 2194 3472 2218 3572
12191 2204 2176 2213 3472
12192 2298 2233 3488 3651
12193 3567 3606 3450 3667
12194 2333 2265 2258 3626
12195 2281 2274 3481 3612
12196 2015 2166 2117 3458
12197 2399 3443 2384 3658
12198 2257 2258 2264 3636
12199 2418 3503 2224 3594
12200 3400 3538 3472 3572
12201 3484 3583 2037 3668
12202 1847 1800 3478 3534
12203 2395 2382 2388 3461
12204 2184 2010 2119 3639
12205 3409 3560 3580 3647
12206 1838 1836 1786 3461
12207 2233 3599 3488 3651
12208 2327 2286 2367 3561
12209 1848 3573 3449 3653
12210 1842 1841 1790 3529
12211 2092 2093 2094 3510
12212 2388 2382 2391 3461
12213 2087 2089 2088 3547
12214 2153 3469 2018 3607
12215 2190 3465 2188 3572
12216 3461 3601 3439 3662
12217 2066 3446 3623 3668
12218 3447 3507 3411 3561
12219 3461 3497 3403 3662
12220 2367 2286 2345 3596
12221 3460 3506 3405 3549
12222 3441 3500 3397 3585
12223 2162 3534 3562 3625
12224 2412 3600 3439 3601
12225 1980 3570 3433 3579
12226 1790 3557 1789 3584
12227 3454 3524 1796 3592
12228 1787 3557 3445 3621
12229 3438 3586 3459 3634
12230 2138 2025 2160 3472
12231 3454 3399 3505 3656
12232 3402 3470 3483 3617
12233 3390 3456 3517 3671
12234 1801 1799 1770 3606
12235 2080 2015 2118 3458
12236 3397 3494 3520 3628
12237 3404 3528 3458 3566
12238 2112 2079 2009 3516
12239 3402 3483 3563 3623
12240 2032 3496 2033 3576
12241 3442 3606 3567 3667
12242 2191 2188 2209 3465
12243 2063 3438 3616 3670
12244 2399 2387 3603 3658
12245 2153 2018 2115 3607
12246 3444 3538 2206 3657
12247 2291 2377 2292 3659
12248 2161 2091 3510 3635
12249 2093 2092 2064 3510
12250 2188 3572 3465 3602
12251 2295 2289 2343 3629
12252 3509 3532 3415 3597
12253 1834 2403 2385 2143
12254 2336 2277 2339 3492
12255 3440 3582 3402 3645
12256 3445 3621 2347 3651
12257 3411 3507 3447 3640
12258 2064 2092 2091 3510
12259 1979 1978 1977 3569
12260 3414 3490 3500 3610
12261 2218 3472 2204 3538
12262 3440 1805 3573 3645
12263 2276 2335 2332 3561
12264 2066 2126 3641 3668
12265 2281 3509 2273 3612
12266 2141 2072 2073 3501
12267 3534 3592 3405 3675
12268 2070 2154 3531 3616
12269 3484 3576 3468 3611
12270 2426 3489 2416 3526
12271 1764 1825 1841 3529
12272 3453 3536 3436 3619
12273 2101 2061 2151 3625
12274 2241 2341 2243 3467
12275 3472 3525 3400 3540
12276 2242 2246 3495 3575
12277 3470 3632 2110 3638
12278 1979 3579 1978 3607
12279 1794 3524 1844 3643
12280 2156 2012 2113 3579
12281 2066 3641 3446 3668
12282 3395 3446 3519 3582
12283 2315 3512 3466 3650
12284 2423 2350 3502 3594
12285 2077 3562 2050 3625
12286 2130 2010 2082 3639
12287 2051 3482 2067 3673
12288 2341 3467 2241 3622
12289 3565 3613 3481 3633
12290 2073 2135 2147 3587
12291 3456 3558 3390 3665
12292 3467 3568 3397 3610
12293 2320 2360 2319 3652
12294 1975 3569 3469 3598
12295 2282 3481 2283 3565
12296 2315 3512 2266 3590
12297 2249 3490 2255 3676
12298 2113 1967 2021 3525
12299 2291 2292 3499 3659
12300 3477 3590 3428 3665
12301 2160 2081 2021 3525
12302 2250 3475 2252 3636
12303 2135 3501 2071 3670
12304 2132 2078 2084 3653
12305 3391 3493 3466 3580
12306 2299 3599 3521 3600
12307 3474 3603 2387 3658
12308 2405 1829 1855 1834
12309 3419 3531 3474 3627
12310 1845 1823 3454 3675
12311 2090 1838 3461 3644
12312 1773 2231 1819 3621
12313 3439 1780 3541 3599
12314 3416 3588 3473 3636
12315 3451 3540 3535 3581
12316 3466 3493 3409 3580
12317 2242 2244 2246 3575
12318 2013 2380 2139 3531
12319 2049 3487 2129 3641
12320 289 1773 2297 2231
12321 2060 2063 2145 3586
12322 2190 2218 2206 3572
12323 3418 3569 3546 3607
12324 3449 3402 3582 3645
12325 2231 2307 1819 3621
12326 1998 1971 3453 3598
12327 2292 2232 3596 3620
12328 3401 3508 3463 3564
12329 3404 3528 3448 3548
12330 1836 3461 1838 3644
12331 3463 3543 3401 3564
12332 2090 3461 2024 3644
12333 2092 2161 2091 3510
12334 3390 3532 3438 3634
12335 2191 2189 2188 3602
12336 3434 3637 3495 3660
12337 3458 3400 3572 3642
12338 2078 3487 2049 3562
12339 2211 3498 2199 3614
12340 2298 2233 2299 3488
12341 2077 2083 2078 3562
12342 2142 2094 3508 3593
12343 2221 2293 2314 3471
12344 2030 2029 2031 3504
12345 2227 2346 2358 3455
12346 2202 2195 2196 3548
12347 2134 3525 2021 3540
12348 2299 3488 2233 3599
12349 3472 3400 3525 3654
12350 3414 3490 3610 3663
12351 2387 3531 3474 3658
12352 2364 2320 2344 3518
12353 2389 2397 2393 3531
12354 1819 1773 288 2231
12355 2146 2139 2398 3531
12356 2104 2043 2036 3491
12357 3403 3615 3541 3618
12358 3465 3572 3458 3602
12359 3411 3535 3570 3640
12360 3402 3563 3449 3582
12361 1763 2014 1824 3511
12362 3451 3530 3566 3673
12363 3432 3613 3565 3633
12364 2051 3566 3482 3673
12365 2205 3471 2178 3677
12366 3418 3480 3523 3640
12367 2297 2347 3621 3651
12368 1798 1800 1846 3567
12369 3480 3546 2144 3666
12370 2121 3480 2125 3554
12371 379 2441 2170 3614
12372 3485 3596 1990 3620
12373 3453 3553 1971 3672
12374 3443 3603 3474 3658
12375 3393 3463 3543 3660
12376 289 1773 1815 2297
12377 2231 288 1819 2307
12378 3419 3510 3476 3671
12379 2192 2206 3538 3657
12380 2022 254 1835 2090
12381 1999 1963 1990 3596
12382 3441 3548 3404 3585
12383 1971 1961 1998 3453
12384 3433 3570 3535 3640
12385 3445 3541 3403 3615
12386 2137 2015 2168 3528
12387 2141 3529 2097 3586
12388 3446 3609 3408 3668
12389 1809 3555 3436 3619
12390 3412 3479 3467 3622
12391 3469 3624 3424 3638
12392 2066 3446 3563 3623
12393 2247 2244 3560 3650
12394 2211 3533 3498 3614
12395 2215 2017 2197 3574
12396 3413 3605 3578 3660
12397 3445 3565 2347 3621
12398 2041 3623 3544 3668
12399 2163 1761 1821 3653
12400 2280 2345 2286 3499
12401 2397 2381 406 3476
12402 3400 3433 3535 3540
12403 2311 1771 2310 3515
12404 3535 3540 3433 3581
12405 3459 3505 3399 3656
12406 3445 3541 3615 3618
12407 3408 3609 3544 3668
12408 2239 3498 2314 3622
12409 2379 2409 2404 3552
12410 1995 2012 1965 3579
12411 286 1772 2225 2310
12412 2312 2373 3606 3667
12413 2090 2088 2024 3461
12414 3403 3587 3615 3618
12415 2371 2377 2328 3591
12416 2397 2381 3476 3635
12417 3407 3590 3477 3665
12418 2161 2154 2091 3635
12419 3568 3610 3409 3647
12420 1793 3584 3464 3643
12421 2291 3499 2280 3659
12422 2079 2132 3449 3563
12423 2099 2014 1763 3511
12424 2282 2281 2274 3481
12425 2068 2119 2130 3448
12426 251 1825 1764 2020
12427 2069 2075 2134 3540
12428 1818 2310 1771 3515
12429 2156 2075 2116 3581
12430 3546 3569 3469 3607
12431 1988 1989 3472 3525
12432 2072 2063 3501 3586
12433 2081 2166 2080 3540
12434 2005 1988 1994 3472
12435 1994 3538 3472 3654
12436 1796 3524 1797 3592
12437 1980 1981 1982 3570
12438 2404 3452 2394 3552
12439 2063 2071 3501 3670
12440 1787 1788 1785 3557
12441 2192 2174 1991 3538
12442 2077 2050 2155 3625
12443 1788 1785 3557 3618
12444 2120 3463 2095 3678
12445 1992 1966 1972 3553
12446 1994 2204 3472 3538
12447 3419 3476 3597 3671
12448 3412 3578 3533 3604
12449 3478 3487 3449 3653
12450 406 3503 2430 3627
12451 1975 3469 1974 3598
12452 2245 3490 2249 3560
12453 1991 2174 1960 3538
12454 2241 3479 2240 3622
12455 2009 2079 2132 3449
12456 2250 2249 2251 3475
12457 2122 2047 2054 3483
12458 3467 3397 3500 3610
12459 2103 2028 3457 3648
12460 3463 3564 2095 3678
12461 3574 3604 3410 3648
12462 1964 3469 1975 3607
12463 1849 1760 1821 3516
12464 3460 3429 3549 3562
12465 2203 3444 2206 3657
12466 1835 1765 2086 3497
12467 3444 3620 3538 3657
12468 3414 3513 3475 3663
12469 2251 3475 2249 3676
12470 2205 2177 2178 3471
12471 2095 2120 2074 3463
12472 249 1824 1763 2014
12473 3450 3606 2294 3667
12474 1787 3557 1785 3618
12475 2094 2128 2092 3593
12476 3421 3551 3442 3667
12477 2146 3531 2398 3658
12478 2070 3616 3531 3670
12479 3427 3509 3503 3597
12480 3470 3617 3555 3619
12481 3403 3497 3587 3618
12482 2375 2238 3637 3646
12483 2210 2207 2348 3527
12484 1772 286 1818 2310
12485 3408 3483 3608 3623
12486 2350 2357 2423 3502
12487 2048 2122 2144 3546
12488 2113 2021 2134 3525
12489 3457 3494 3412 3628
12490 2188 2187 3572 3602
12491 3487 3549 3429 3562
12492 2404 3552 2409 3605
12493 285 2310 2311 1771
12494 1847 1846 1800 3534
12495 2184 2172 2119 366
12496 1982 3485 2007 3654
12497 2074 3463 2120 3674
12498 2009 3449 2132 3653
12499 365 2185 2172 2137
12500 2276 2280 2286 3561
12501 2101 2151 2100 3454
12502 3446 3408 3623 3668
12503 1987 3538 2000 3654
12504 1765 1825 252 2086
12505 2020 1764 251 2096
12506 1994 1960 2204 3538
12507 2333 2326 3518 3626
12508 1842 3584 1792 3643
12509 2100 2101 3454 3675
12510 3476 3401 3510 3593
12511 2262 2278 2279 3556
12512 2042 2036 2043 3583
12513 400 2412 3439 3601
12514 3420 3493 3580 3647
12515 2339 2343 2289 3631
12516 3472 3525 1989 3654
12517 3418 3523 3480 3546
12518 404 3474 2393 3627
12519 2020 2096 2141 3529
12520 2099 249 1763 2014
12521 3437 3615 3587 3618
12522 3458 3572 2187 3602
12523 2218 2194 2204 3472
12524 2081 2021 3525 3540
12525 2049 2078 2129 3487
12526 2310 285 1818 1771
12527 3474 3658 3531 3670
12528 2082 2030 2131 3520
12529 2362 2309 2272 3522
12530 404 2421 403 3603
12531 3560 3580 3426 3650
12532 2072 2063 2071 3501
12533 2292 2345 3499 3596
12534 2031 2033 2032 3496
12535 3454 3405 3592 3675
12536 2358 2284 2347 3565
12537 1997 1974 1964 3624
12538 2066 3623 2046 3668
12539 2086 1825 252 2020
12540 3403 3601 3461 3662
12541 254 1838 1835 2090
12542 2415 406 3476 3503
12543 377 2183 2173 2314
12544 3455 3550 2425 3603
12545 2055 3491 2104 3589
12546 2197 2167 2103 368
12547 3444 3499 3485 3620
12548 2404 409 3452 3605
12549 3409 3580 3493 3647
12550 2299 2301 3521 3599
12551 2167 2201 2200 3457
12552 2086 2022 1835 3497
12553 1799 3567 1798 3592
12554 2067 3482 3669 3673
12555 1797 3567 1799 3592
12556 2343 2290 2220 3629
12557 2412 401 3550 3601
12558 3392 3475 3513 3663
12559 2068 2118 3528 3566
12560 3418 3523 3447 3640
12561 2412 400 3439 3600
12562 1985 1999 1981 3570
12563 2230 1812 2323 3542
12564 1986 1990 3596 3620
12565 1794 1793 3524 3643
12566 3404 3458 3602 3642
12567 2336 2253 2248 3537
12568 2013 2389 3531 3635
12569 375 2177 2169 2221
12570 3402 3516 3449 3563
12571 3442 3405 3567 3592
12572 2202 2196 2181 3677
12573 2138 332 1988 1967
12574 2095 3508 2094 3564
12575 2075 2069 2065 3581
12576 3413 3452 3605 3660
12577 3469 3569 1975 3607
12578 2028 2082 2103 3457
12579 2362 2310 2309 3515
12580 3579 3581 2116 3666
12581 1793 1818 1795 3515
12582 1836 3539 3461 3644
12583 2290 2322 3542 3588
12584 2339 3630 3492 3631
12585 2355 2259 2335 3626
12586 3416 3582 3519 3609
12587 1797 1799 1798 3592
12588 2001 1967 1995 3525
12589 2018 3469 1964 3607
12590 2105 2127 2093 3564
12591 2224 2372 2365 3594
12592 3465 3572 3400 3642
12593 3413 3533 3498 3578
12594 2336 3537 2250 3636
12595 2192 3538 1991 3657
12596 364 2168 2185 2137
12597 2073 2071 2135 3501
12598 2404 3452 3552 3605
12599 2035 2127 2085 3678
12600 2027 2017 3574 3648
12601 1768 1812 2230 3542
12602 2159 3534 1822 3653
12603 3447 3435 3523 3626
12604 2040 2121 2045 3554
12605 1984 1962 2223 3507
12606 2142 3508 2390 3593
12607 1809 1808 3555 3619
12608 2121 2048 2125 3480
12609 3510 3593 2128 3635
12610 2189 3548 2186 3602
12611 3526 3637 3413 3646
12612 3412 3498 3479 3622
12613 2105 2064 2059 3661
12614 284 1816 2311 2222
12615 2001 3525 1982 3654
12616 3445 3557 3432 3621
12617 2125 3554 3480 3581
12618 3461 3539 3439 3601
12619 1796 1795 1797 3524
12620 2235 2376 2432 3521
12621 3410 3552 3452 3605
12622 3426 3580 3519 3649
12623 23 379 2441 2170
12624 2314 2239 2228 3498
12625 2281 2302 2273 3509
12626 2361 2375 3637 3646
12627 1787 1789 3557 3621
12628 3432 3584 3464 3595
12629 3424 3617 3470 3619
12630 2104 2055 2043 3491
12631 3479 3568 3467 3575
12632 3454 3524 3399 3656
12633 3405 3534 3478 3567
12634 3433 3570 3418 3579
12635 1996 2012 2114 3579
12636 1974 3469 1964 3624
12637 2331 2246 2337 3495
12638 2211 2170 3533 3614
12639 1767 2301 291 3599
12640 3449 3516 3402 3645
12641 2015 2168 2193 363
12642 1847 3478 1802 3653
12643 3399 3524 3464 3656
12644 2312 2311 2362 3515
12645 343 2223 1963 1984
12646 2201 3457 2167 3639
12647 2079 2112 2111 3516
12648 2081 2134 2021 3540
12649 3432 3565 3445 3621
12650 1852 3516 1806 3555
12651 2293 2341 2241 3622
12652 1807 3555 1806 3645
12653 2111 2019 2110 3470
12654 2027 3648 3574 3674
12655 2221 2177 2173 376
12656 2142 2128 2094 3593
12657 1764 1824 250 2096
12658 2388 3539 3461 3601
12659 3454 3625 3405 3675
12660 1845 3454 3592 3675
12661 2299 3521 2235 3600
12662 2189 2195 2186 3548
12663 1787 1815 1773 3621
12664 2284 2282 2283 3565
12665 2046 3623 2041 3668
12666 2257 2336 2250 3636
12667 3437 3587 3497 3618
12668 2323 2230 279 1812
12669 3532 3613 3438 3634
12670 2210 2169 2348 374
12671 2433 410 2441 3605
12672 3421 3450 3631 3667
12673 1989 1994 3472 3654
12674 1795 1771 1797 3515
12675 1827 1767 291 3599
12676 3454 3511 3524 3656
12677 1828 1829 1855 2405
12678 2077 2162 3562 3625
12679 2083 3534 2159 3653
12680 1971 3553 3453 3598
12681 2219 2305 2353 3559
12682 2387 3474 404 3603
12683 3404 3482 3530 3585
12684 1835 1765 253 2086
12685 1779 1767 1780 3599
12686 2247 2244 2245 3560
12687 1844 3511 1843 3643
12688 2301 2233 291 3599
12689 2038 2123 2034 3611
12690 2309 2308 2356 3633
12691 3498 3533 3412 3578
12692 1763 1823 248 2099
12693 2317 1768 278 2230
12694 2103 2017 2197 368
12695 3413 3578 3479 3660
12696 1801 1814 1803 3629
12697 2361 3637 3526 3646
12698 2135 2076 3658 3670
12699 1983 2002 1976 3462
12700 2291 2280 2263 3659
12701 1826 220 1992 1774
12702 2123 3576 2034 3611
12703 291 2233 1827 3599
12704 2239 2238 2228 3498
12705 2181 2202 3494 3639
12706 1998 1973 1971 3598
12707 3510 3419 3616 3671
12708 1807 1806 1805 3645
12709 2167 2184 2010 367
12710 2383 3508 2008 3552
12711 405 2414 404 3627
12712 3404 3530 3482 3566
12713 2091 2062 2064 3616
12714 2014 250 1824 2096
12715 2230 1768 279 1812
12716 2299 3488 3599 3600
12717 2311 1816 284 1771
12718 1996 1965 2012 3579
12719 3448 3520 3494 3639
12720 3447 3561 3411 3640
12721 2314 377 2183 2228
12722 1759 2019 241 1820
12723 2299 2351 3488 3600
12724 3409 3610 3490 3647
12725 1962 2325 2223 3507
12726 1847 3534 3478 3653
12727 400 3539 2388 3601
12728 2163 1821 2009 3653
12729 2439 3614 2237 3646
12730 3390 3477 3514 3665
12731 1779 3521 1767 3599
12732 2011 1762 1822 3534
12733 3494 3520 3457 3639
12734 2181 3494 2201 3639
12735 2172 2119 365 2137
12736 3438 3459 3517 3634
12737 2219 3526 2305 3559
12738 2312 2373 2222 3606
12739 3425 3544 3484 3611
12740 2334 2255 2249 3490
12741 2074 2120 2029 3674
12742 2300 2358 2298 3488
12743 2064 2062 2059 3517
12744 3462 3518 3453 3652
12745 2205 2178 2181 3677
12746 1975 1974 1973 3598
12747 1986 1963 2324 3596
12748 3457 3520 3494 3628
12749 3405 3460 3549 3562
12750 3413 3479 3637 3660
12751 1797 1816 1799 3606
12752 2361 2375 2285 3637
12753 2324 343 2223 1963
12754 376 2173 2221 2314
12755 1976 3462 2002 3655
12756 3402 3555 3470 3617
12757 2245 2334 2249 3490
12758 2283 2352 3565 3633
12759 1795 1794 1793 3524
12760 2226 2348 2207 3527
12761 2267 2272 3522 3551
12762 1975 1964 1974 3469
12763 2343 2277 2290 3588
12764 2387 2393 3474 3531
12765 3410 3574 3552 3605
12766 2010 2184 2119 366
12767 1764 1842 1824 3529
12768 1985 3507 3570 3655
12769 241 2106 2019 1759
12770 2100 248 1823 2099
12771 2007 1982 1990 3485
12772 2018 2153 2109 3469
12773 2086 253 1835 2022
12774 3414 3490 3475 3676
12775 3396 3532 3481 3613
12776 2330 375 2169 2221
12777 2207 2210 2348 373
12778 2288 3631 2294 3667
12779 1976 1983 3462 3652
12780 2018 3469 2109 3624
12781 2387 2398 3531 3658
12782 2007 3485 1987 3654
12783 2192 2206 2174 3538
12784 2124 2383 2008 3552
12785 2142 2008 2390 3508
12786 2412 2422 2424 3600
12787 2371 3620 3444 3657
12788 2018 2109 2149 3624
12789 2092 3510 2128 3635
12790 402 2425 3550 3603
12791 2407 2124 2026 3574
12792 3415 3594 3503 3627
12793 2047 2054 3483 3623
12794 2364 2333 2326 3518
12795 2329 2263 3556 3659
12796 1833 1970 1966 3553
12797 3427 3503 3476 3597
12798 23 2170 2441 3614
12799 2291 2292 2280 3499
12800 2165 2024 2395 3644
12801 1822 2159 2011 3534
12802 1988 1989 1994 3472
12803 1840 3497 1839 3618
12804 1794 1844 1843 3643
12805 2138 2021 332 1967
12806 2329 3556 3527 3659
12807 2215 2197 2175 3574
12808 2010 2103 2167 367
12809 1822 3534 1847 3653
12810 1848 1847 1802 3653
12811 3418 3581 3579 3666
12812 2107 2110 3632 3638
12813 1811 3553 3536 3672
12814 341 2325 1983 2229
12815 1983 1962 2325 341
12816 2163 2159 1761 3653
12817 335 1960 2174 2204
12818 1821 243 2112 1760
12819 2296 2268 2316 3590
12820 2411 2433 3614 3646
12821 3406 3459 3634 3656
12822 2288 2289 2294 3631
12823 1976 3569 3462 3655
12824 2339 2260 3630 3631
12825 2076 2070 2154 3531
12826 2190 2188 2187 3572
12827 2040 2044 3611 3673
12828 2426 2416 2419 3526
12829 1995 1965 1980 3579
12830 3428 3514 3477 3665
12831 2211 2183 2199 3498
12832 2250 3537 3475 3636
12833 2067 3669 2044 3673
12834 2257 2264 2277 3588
12835 2087 3497 2136 3587
12836 2285 2331 2306 3637
12837 2262 2256 2255 3676
12838 2226 3527 2207 3591
12839 3461 3539 2388 3644
12840 2283 3565 3481 3633
12841 406 407 2415 3476
12842 2246 2331 2242 3495
12843 3390 3558 3456 3671
12844 1812 280 2323 1769
12845 3482 3566 3530 3673
12846 2239 2241 2240 3622
12847 2254 2261 3512 3630
12848 2144 2125 2048 3480
12849 2159 1822 1761 3653
12850 2292 2232 2345 3596
12851 2080 2166 2015 3458
12852 2412 2431 400 3600
12853 2272 2366 2312 3551
12854 2301 1767 292 3521
12855 3431 3468 3576 3669
12856 374 2169 2348 2330
12857 3418 3480 3581 3666
12858 3512 3630 3426 3650
12859 2107 3545 2108 3624
12860 1767 1778 292 3521
12861 3531 3616 3419 3670
12862 3453 3553 3536 3619
12863 3503 3509 3415 3597
12864 2350 2287 3502 3594
12865 1787 1784 1815 3651
12866 2044 3669 3611 3673
12867 2431 3521 2417 3664
12868 3402 3516 3470 3555
12869 3499 3596 3485 3620
12870 2164 2027 3574 3674
12871 2125 3480 2144 3666
12872 2193 2117 2015 363
12873 3423 3481 3532 3613
12874 2265 2264 2258 3473
12875 1833 1970 3553 3672
12876 2180 2182 2200 3604
12877 1793 1792 3584 3643
12878 2279 2348 2329 3527
12879 1765 1839 1840 3497
12880 2319 2234 3536 3672
12881 2137 364 2168 2015
12882 246 1762 1822 2011
12883 3458 3528 3404 3602
12884 2125 2065 3554 3581
12885 280 2220 2323 1769
12886 3476 3510 3419 3635
12887 278 1813 1768 2317
12888 1991 2000 1987 3538
12889 3482 3530 3425 3673
12890 2398 2139 2380 3531
12891 2318 2319 2234 3536
12892 2315 2266 2296 3590
12893 3479 3578 3393 3660
12894 2306 2361 2285 3637
12895 3419 3597 3476 3627
12896 2176 2204 2194 3472
12897 3519 3582 3446 3609
12898 2299 2301 2235 3521
12899 2313 1778 293 2354
12900 2423 3502 2414 3594
12901 1778 1777 293 2354
12902 2097 2096 2014 3529
12903 2114 1996 3579 3607
12904 3533 3578 3410 3604
12905 2183 2179 2173 3498
12906 2274 2283 2282 3481
12907 3416 3473 3588 3608
12908 2039 3484 2037 3668
12909 3404 3602 3465 3642
12910 3449 3573 3478 3653
12911 2333 2355 2326 3626
12912 3409 3467 3568 3575
12913 1772 1793 1791 3595
12914 1832 1837 3545 3632
12915 2040 2041 2121 3544
12916 2261 2366 3551 3667
12917 2181 2201 2202 3639
12918 3405 3562 3534 3625
12919 2089 2087 2147 3587
12920 2429 3503 2415 3559
12921 2234 277 2317 3536
12922 2404 409 2394 3452
12923 1805 1812 1807 3542
12924 2245 2249 2248 3560
12925 3407 3558 3577 3665
12926 2351 2300 2299 3488
12927 1804 1806 1849 3645
12928 2304 2305 2306 3571
12929 2159 246 1822 2011
12930 1964 1996 328 3607
12931 2366 2312 3551 3667
12932 2218 2204 2174 3538
12933 3406 3464 3643 3656
12934 1990 1987 3485 3620
12935 2136 2087 2086 3497
12936 1790 1788 1789 3557
12937 1778 2313 292 3521
12938 2301 292 2313 3521
12939 1806 3555 3516 3645
12940 3481 3423 3532 3612
12941 2297 2347 2231 3621
12942 1806 3516 1849 3645
12943 3488 3541 3445 3651
12944 1978 3579 1996 3607
12945 1809 1810 1808 3619
12946 3405 3460 3562 3625
12947 3511 3643 3524 3656
12948 2352 2347 3565 3621
12949 1986 2324 2232 3596
12950 2174 336 1991 1960
12951 2185 2168 2186 3528
12952 1813 3536 1811 3619
12953 2439 2411 3614 3646
12954 1966 1774 1833 3553
12955 3485 3499 3411 3596
12956 3409 3568 3467 3610
12957 1842 1792 1843 3643
12958 2185 2186 2195 3528
12959 1970 1971 3553 3672
12960 1833 3553 1811 3672
12961 2272 2309 2359 3522
12962 381 2409 2379 3574
12963 2423 2438 2350 3594
12964 2076 2070 3531 3670
12965 2221 2340 2293 3471
12966 2141 2097 2072 3586
12967 2164 3574 3552 3674
12968 1980 1979 3570 3579
12969 2223 342 1962 1984
12970 2437 2423 2357 3502
12971 2000 3538 1994 3654
12972 2254 3512 2315 3650
12973 1805 1804 3573 3645
12974 2023 3545 2107 3632
12975 2083 2159 2084 3653
12976 1802 1847 1800 3478
12977 287 1819 2307 3595
12978 2267 2272 2269 3522
12979 2315 2254 2266 3512
12980 1986 1990 1963 3596
12981 1783 3541 1785 3662
12982 1803 1802 1801 3573
12983 2380 2013 2389 3531
12984 2131 2067 3520 3669
12985 2210 2208 2191 3527
12986 2430 3503 2418 3594
12987 2254 2253 3630 3650
12988 3403 3550 3547 3601
12989 2106 2107 2110 3632
12990 2321 2318 2317 3536
12991 1996 2114 328 3607
12992 3403 3547 3461 3601
12993 2274 2283 3481 3633
12994 2207 2348 2226 373
12995 2101 3625 3454 3675
12996 2401 2388 3539 3644
12997 3574 3648 3410 3674
12998 3541 3618 1785 3662
12999 2142 2094 2008 3508
13000 2274 3481 3612 3633
13001 327 1997 2018 2149
13002 1992 220 1966 1774
13003 2163 244 1821 1761
13004 1832 1858 1837 3632
13005 1991 2192 336 2174
13006 2431 2420 3521 3600
13007 2404 410 409 3605
13008 2056 2058 2061 3505
13009 1996 1978 1965 3579
13010 2142 2390 2128 3593
13011 3476 3597 3503 3627
13012 328 2018 1964 3607
13013 386 2424 2351 3600
13014 2423 2421 2414 3502
13015 2130 2131 2067 3520
13016 1972 3553 1971 3598
13017 2216 380 2199 3614
13018 2402 2383 2124 3552
13019 2085 2055 2104 3589
13020 2161 3510 2092 3635
13021 2171 372 2207 3591
13022 287 1772 1819 3595
13023 2196 3548 2208 3677
13024 410 23 2441 3605
13025 287 2307 2225 3595
13026 3406 3464 3584 3643
13027 3541 3599 1784 3651
13028 2350 2287 2357 3502
13029 2107 2109 2133 3638
13030 2095 3564 2127 3678
13031 2386 3547 3550 3601
13032 2065 2121 2125 3554
13033 2114 2115 3607 3666
13034 2338 2303 2372 3559
13035 1852 1806 1808 3555
13036 2232 2292 2371 3620
13037 1962 2325 342 2223
13038 3536 3553 1811 3619
13039 2414 405 2430 3627
13040 1782 1781 3539 3664
13041 3439 3541 3488 3599
13042 3469 1974 3598 3624
13043 2118 2052 2080 3566
13044 2439 2411 380 3614
13045 2112 243 1821 2009
13046 3533 3578 3413 3605
13047 1972 1968 3545 3624
13048 2396 2128 3593 3635
13049 3418 3546 3480 3666
13050 3544 3623 3408 3668
13051 403 2387 404 3603
13052 2394 3508 2383 3552
13053 2211 2199 2170 3614
13054 2034 2036 2037 3583
13055 328 2114 2018 3607
13056 2374 282 2370 1814
13057 3481 3613 3423 3633
13058 2037 2039 2038 3484
13059 1826 1832 1837 3545
13060 2387 2393 404 3474
13061 1809 1813 1811 3619
13062 408 2426 407 3489
13063 2076 3531 3658 3670
13064 2253 2339 2260 3630
13065 3555 3617 3436 3619
13066 2050 2077 2049 3562
13067 287 2225 1772 3595
13068 1759 1854 1858 3632
13069 3524 3643 3464 3656
13070 2256 3486 2332 3676
13071 3498 3533 3413 3614
13072 3468 3482 3611 3669
13073 2114 2116 2115 3666
13074 2095 2150 2094 3508
13075 2193 2176 2117 362
13076 2039 3544 3484 3668
13077 1793 1792 1791 3584
13078 403 402 2399 3603
13079 2059 2062 2060 3517
13080 2126 2039 2037 3668
13081 3534 3625 2162 3675
13082 1790 1789 1791 3584
13083 3504 3648 2029 3674
13084 1784 3541 1780 3599
13085 2386 3550 401 3601
13086 2332 2256 2276 3486
13087 2399 2387 403 3603
13088 2215 2026 2017 3574
13089 1819 1789 1773 3621
13090 1989 3525 2001 3654
13091 2125 3581 3480 3666
13092 1761 1848 1821 3653
13093 1767 3521 2301 3599
13094 362 2176 2117 2025
13095 2125 2116 3581 3666
13096 3483 3617 3470 3638
13097 2057 2085 2105 3661
13098 2023 2108 2107 3545
13099 2407 2379 2402 3574
13100 1762 3534 2011 3675
13101 2433 2441 2411 3614
13102 1989 2001 1982 3654
13103 3534 3405 3625 3675
13104 2165 2395 2385 3644
13105 1794 1796 1844 3524
13106 245 2163 2159 1761
13107 3424 3469 3598 3624
13108 2319 2360 339 1961
13109 1963 2324 344 1986
13110 3424 3632 3470 3638
13111 3546 3607 2115 3666
13112 2120 2095 2127 3678
13113 2431 2420 2417 3521
13114 2254 2247 2253 3650
13115 1829 3539 1836 3644
13116 3610 3647 3468 3663
13117 3611 3669 3482 3673
13118 1995 2012 330 1965
13119 3528 3548 3404 3602
13120 2068 2118 2137 3528
13121 2057 3589 2085 3661
13122 1996 2012 329 2114
13123 1805 1806 1804 3645
13124 1965 2012 329 1996
13125 2396 2128 2390 3593
13126 1985 3570 1979 3655
13127 277 1813 2317 3536
13128 2344 2265 2333 3518
13129 3410 3578 3533 3605
13130 2012 330 2113 1995
13131 2009 244 1821 2163
13132 1960 335 1994 2204
13133 1990 1986 1987 3620
13134 2349 3620 2371 3657
13135 2219 2361 2305 3526
13136 2381 3593 3476 3635
13137 2274 3612 2356 3633
13138 3425 3611 3482 3673
13139 2080 2069 2081 3540
13140 2273 2270 2271 3612
13141 1972 3598 1974 3624
13142 1976 1998 1983 3652
13143 2267 2261 2366 3551
13144 1970 1966 221 1833
13145 1975 3569 1978 3607
13146 3416 3608 3582 3609
13147 1964 1975 1978 3607
13148 1987 2007 1990 3485
13149 2155 3505 2061 3625
13150 3414 3500 3556 3585
13151 2223 2327 2367 3507
13152 2322 2323 2290 3542
13153 2042 2037 3583 3641
13154 1787 1773 1789 3621
13155 2046 2126 2066 3668
13156 2075 2125 2116 3581
13157 2196 2189 2208 3548
13158 2035 3496 2031 3678
13159 3476 3593 3510 3635
13160 2263 2262 2329 3556
13161 2231 2352 2307 3621
13162 2432 2420 2235 3521
13163 1986 3596 2232 3620
13164 2435 3526 2433 3646
13165 1964 327 1997 2018
13166 2079 2111 2053 3563
13167 2027 2029 3648 3674
13168 1763 1843 1844 3511
13169 2434 398 2417 3664
13170 2261 2288 2366 3667
13171 1987 3620 1969 3657
13172 2063 3616 2070 3670
13173 2428 2412 401 3550
13174 2266 2254 2261 3512
13175 2250 2336 2248 3537
13176 3536 3553 3453 3672
13177 2247 2315 2244 3650
13178 1827 1784 3599 3651
13179 2202 2184 2172 3639
13180 2077 2078 2049 3562
13181 2234 1776 277 3536
13182 3533 3605 3413 3614
13183 3488 3599 3541 3651
13184 2298 2347 2297 3651
13185 2032 2033 2034 3576
13186 407 3476 2381 3593
13187 2042 2126 2037 3641
13188 2281 2273 2274 3612
13189 1814 2374 281 3629
13190 2159 1822 245 1761
13191 398 3539 399 3664
13192 2026 2027 2017 3574
13193 1988 1967 1989 3525
13194 2242 2241 2243 3575
13195 2035 2033 2031 3496
13196 2078 2132 2129 3487
13197 2009 2132 2084 3653
13198 2299 2233 2301 3599
13199 2240 2285 2238 3637
13200 1977 3569 1976 3655
13201 399 2388 400 3539
13202 1761 1822 1847 3653
13203 2398 2380 2387 3531
13204 2046 2047 2041 3623
13205 3527 3591 2226 3659
13206 1763 1824 1843 3511
13207 2286 2327 2335 3561
13208 1811 3553 1837 3619
13209 1977 1976 2002 3655
13210 2254 2260 2261 3630
13211 2022 2086 2087 3497
13212 2390 3508 2394 3593
13213 2273 2302 2275 3509
13214 2313 2376 2235 3521
13215 3418 3607 3546 3666
13216 2429 2353 2338 3559
13217 3517 3616 3438 3671
13218 1839 1785 3618 3662
13219 1764 1841 1842 3529
13220 2154 2161 2013 3635
13221 1811 3536 1776 3672
13222 386 2351 2235 3600
13223 2400 2390 2394 3593
13224 2432 2417 2420 3521
13225 1967 2113 331 1995
13226 2379 3552 2402 3574
13227 2226 2207 372 3591
13228 2389 2393 2380 3531
13229 2267 2366 2272 3551
13230 1833 1966 221 1774
13231 1789 1788 1787 3557
13232 2398 2146 354 2139
13233 282 1770 2370 1814
13234 331 2021 2113 1967
13235 2023 1850 2158 3545
13236 2032 3576 2123 3669
13237 349 2395 2165 2024
13238 1972 1971 1973 3598
13239 2328 372 2171 3591
13240 2201 2167 2184 3639
13241 3488 3439 3599 3600
13242 2006 1826 1992 3545
13243 2325 2327 2223 3507
13244 2304 2337 2316 3571
13245 2219 2427 2342 3526
13246 2357 2287 2346 3502
13247 2279 2329 2262 3556
13248 371 2203 2236 2328
13249 410 2409 23 3605
13250 3392 3468 3647 3663
13251 2385 2395 2388 3644
13252 1986 2324 344 2232
13253 2251 2249 2255 3676
13254 2418 2415 2429 3503
13255 1992 1972 1968 3545
13256 283 2370 1770 3606
13257 2171 2203 371 2328
13258 404 2393 405 3627
13259 283 2222 2370 3606
13260 1979 1965 1978 3579
13261 1961 339 2319 1993
13262 1839 3618 3497 3662
13263 1826 2006 1850 3545
13264 2401 2385 2388 3644
13265 2076 2139 2146 3531
13266 2158 2006 1968 3545
13267 2041 3544 2039 3668
13268 2023 1832 1850 3545
13269 1970 1971 1966 3553
13270 2376 2235 2432 385
13271 2007 1987 2000 3654
13272 1847 1822 1846 3534
13273 2308 2352 2283 3633
13274 1835 1839 3497 3662
13275 2056 2061 2155 3505
13276 2419 2416 2427 3526
13277 3423 3612 3481 3633
13278 2299 2235 2351 3600
13279 1997 2149 326 3624
13280 2349 2371 2236 3657
13281 402 2425 2428 3550
13282 1987 1969 1991 3657
13283 2066 3563 2053 3623
13284 2141 2096 2097 3529
13285 2244 2242 2243 3575
13286 1783 1786 1781 3662
13287 2027 2029 2028 3648
13288 2039 2041 2040 3544
13289 2296 2266 2268 3590
13290 1834 1855 2405 2403
13291 2338 2224 392 2429
13292 1980 1965 1979 3579
13293 1781 1836 1782 3539
13294 2311 2310 2362 3515
13295 2129 2042 2049 3641
13296 2161 2092 2128 3635
13297 406 2430 405 3627
13298 1839 1783 1785 3662
13299 2200 2212 2197 3604
13300 2374 2220 281 3629
13301 1962 3507 1985 3655
13302 2164 2027 2026 3574
13303 2415 2430 406 3503
13304 2116 2114 2012 3579
13305 2135 2071 2076 3670
13306 1785 1783 1784 3541
13307 3406 3643 3511 3656
13308 2210 2191 2207 3527
13309 2329 3527 2226 3659
13310 2290 2264 2322 3588
13311 1829 1836 1758 3644
13312 1985 1984 1999 3507
13313 2375 2238 2285 3637
13314 2144 3546 2115 3666
13315 1827 1784 1780 3599
13316 2425 403 2421 3603
13317 2424 386 2420 3600
13318 2103 2017 2028 3648
13319 406 2381 407 3476
13320 3500 3441 3556 3585
13321 283 1816 2222 3606
13322 2402 2404 2383 3552
13323 2131 2032 2123 3669
13324 2391 2386 401 3601
13325 1814 281 1769 3629
13326 2137 2118 2015 3528
13327 2079 2066 2132 3563
13328 283 1770 1816 3606
13329 2072 2071 2073 3501
13330 2174 2206 2218 3538
13331 2146 2076 3531 3658
13332 2380 355 2013 2139
13333 345 2349 1969 3620
13334 1835 1839 1765 3497
13335 1853 1766 2434 1828
13336 1779 1778 3521 3664
13337 2331 2285 2240 3637
13338 1827 2233 290 3651
13339 1782 1779 1781 3664
13340 3424 3470 3617 3638
13341 2429 2419 2353 3559
13342 1833 1774 1811 3553
13343 400 401 2412 3601
13344 393 2353 2338 2429
13345 2356 2274 2271 3612
13346 1811 1776 1833 3672
13347 2154 2070 2091 3616
13348 2183 2211 2179 3498
13349 2299 2300 2298 3488
13350 2254 3630 3512 3650
13351 2008 2383 2390 3508
13352 1827 3599 2233 3651
13353 1802 1804 1848 3573
13354 2045 2044 2040 3673
13355 3516 3555 3402 3645
13356 1960 1994 2000 3538
13357 1784 1783 1780 3541
13358 1788 1840 1785 3618
13359 3403 3497 3618 3662
13360 3521 3599 3439 3600
13361 255 2090 2102 3644
13362 2158 1968 2108 3545
13363 1807 1812 1768 3542
13364 2101 2155 2061 3625
13365 2066 2126 2129 3641
13366 1804 1803 1805 3573
13367 1846 3534 1762 3675
13368 2203 2206 2192 3657
13369 334 2204 2213 2005
13370 2163 2084 2159 3653
13371 2404 2394 2383 3552
13372 2418 392 2224 2429
13373 2109 2107 2108 3624
13374 2283 2352 2284 3565
13375 277 1776 1813 3536
13376 255 1838 2090 3644
13377 2260 2339 2289 3631
13378 2350 2365 2287 3594
13379 2047 2053 2054 3623
13380 1801 1800 1799 3567
13381 2066 2053 2046 3623
13382 2123 3611 2044 3669
13383 255 2102 1758 3644
13384 2088 2089 2140 3547
13385 2187 2194 2190 3572
13386 1853 1830 1777 2410
13387 2220 1769 281 3629
13388 2350 2438 2224 3594
13389 398 2401 399 3539
13390 2350 2357 390 2423
13391 2171 2209 2217 3591
13392 3445 3615 3557 3618
13393 2308 2309 2225 3595
13394 2190 2194 2218 3572
13395 2284 2352 2347 3565
13396 1845 1846 1762 3675
13397 2407 360 2124 2402
13398 1840 1839 1785 3618
13399 2238 2375 2237 3646
13400 394 2219 2353 2427
13401 2421 2423 2437 3502
13402 2115 2144 2122 3546
13403 3465 3591 3527 3659
13404 247 2100 1823 3675
13405 1991 1960 2000 3538
13406 351 2152 2392 2382
13407 2093 2095 2094 3564
13408 2391 3547 2386 3601
13409 1971 1972 1966 3553
13410 2323 2322 2230 3542
13411 2124 2150 2164 3552
13412 1838 255 1758 3644
13413 3423 3613 3532 3634
13414 2122 2153 2115 3546
13415 2038 2040 2044 3611
13416 387 2351 2424 2363
13417 2083 2011 2159 3534
13418 2342 2439 2237 3646
13419 2235 3521 2420 3600
13420 1842 1790 1792 3584
13421 240 2023 2106 3632
13422 2108 326 2149 3624
13423 1984 1985 1962 3507
13424 2051 2052 3566 3673
13425 2256 2332 2251 3676
13426 352 2152 2016 2392
13427 405 2397 406 3627
13428 1989 2000 1994 3654
13429 353 2146 2398 3658
13430 1774 1837 1811 3553
13431 2361 3526 2342 3646
13432 2349 2003 1969 3657
13433 2170 2182 2211 3533
13434 240 1832 2023 3632
13435 2349 1969 3620 3657
13436 2170 2198 2182 3533
13437 1985 1979 1977 3655
13438 2175 381 382 3574
13439 402 403 2425 3603
13440 1827 290 1815 3651
13441 2342 2427 2435 3526
13442 1970 1993 1971 3672
13443 247 1823 1762 3675
13444 2226 372 2328 3591
13445 2292 2345 2280 3499
13446 2023 1832 3545 3632
13447 3576 3611 2123 3669
13448 1779 1817 1778 3664
13449 240 2106 1759 3632
13450 2400 407 2381 3593
13451 3403 3618 3541 3662
13452 2207 2209 2171 3591
13453 1762 1846 1822 3534
13454 2414 2430 2418 3594
13455 2063 2062 2070 3616
13456 2068 2051 2118 3566
13457 1853 2434 2410 2436
13458 1852 1849 1806 3516
13459 382 381 2379 3574
13460 3552 3574 3410 3674
13461 1782 1836 1829 3539
13462 2245 2248 2247 3560
13463 382 2407 2026 3574
13464 1818 1771 1795 3515
13465 2215 382 2026 3574
13466 2418 2430 2415 3503
13467 2397 405 2393 3627
13468 1799 1800 1798 3567
13469 360 2124 2026 2407
13470 1782 1828 1817 3664
13471 2011 3534 2162 3675
13472 1814 1769 1803 3629
13473 2082 2131 2130 3520
13474 2429 393 2353 2419
13475 2099 2151 2098 3511
13476 2046 2041 2039 3668
13477 1819 1772 1791 3595
13478 2067 2123 2044 3669
13479 2154 2139 2076 3531
13480 2410 1777 1853 2436
13481 2378 2405 1855 2403
13482 3503 3597 3415 3627
13483 2085 2057 2055 3589
13484 2057 2059 2058 3661
13485 2233 2297 290 3651
13486 2006 1826 219 1992
13487 2361 2342 2375 3646
13488 2237 396 2439 2342
13489 1809 1808 1807 3555
13490 1968 2158 325 2006
13491 2089 2152 2140 3547
13492 1779 1778 1767 3521
13493 398 2434 397 1828
13494 2293 2239 2314 3622
13495 1808 1806 1807 3555
13496 1796 1794 1795 3524
13497 1997 326 1968 3624
13498 290 2297 1815 3651
13499 2420 386 2235 3600
13500 2236 2203 2214 3657
13501 2116 2012 2156 3579
13502 2125 2075 2065 3581
13503 1981 1979 1985 3570
13504 2431 2417 399 3664
13505 410 2404 2409 3605
13506 2120 2035 2031 3678
13507 1826 219 1850 2006
13508 2368 2003 2349 3657
13509 354 2380 2398 2139
13510 2008 2094 2150 3508
13511 1798 1796 1797 3592
13512 2304 2306 2337 3571
13513 2051 2045 2052 3673
13514 1962 1985 2002 3655
13515 240 1759 1832 3632
13516 1969 1986 345 3620
13517 2146 2135 2076 3658
13518 1975 1977 1978 3569
13519 2396 3593 2381 3635
13520 2352 2231 2347 3621
13521 2426 408 2416 3489
13522 2319 1993 2369 3672
13523 2099 2098 2014 3511
13524 2433 2435 2416 3526
13525 1977 1975 1976 3569
13526 2435 2342 3526 3646
13527 380 2411 379 3614
13528 2100 247 2011 3675
13529 2045 2121 2065 3554
13530 345 2232 2349 3620
13531 2236 2214 2368 3657
13532 2260 2289 2288 3631
13533 1857 1777 2410 2442
13534 2011 2083 2162 3534
13535 380 379 2199 3614
13536 2329 2348 2226 3527
13537 2257 2252 2258 3636
13538 2004 1970 222 1851
13539 239 1850 2158 2023
13540 2407 2026 21 382
13541 1760 1849 1852 3516
13542 325 2108 2158 1968
13543 401 2386 402 3550
13544 1762 2011 247 3675
13545 2026 2215 21 382
13546 2152 351 2140 2382
13547 2373 2294 3606 3667
13548 2108 1968 326 3624
13549 2272 2359 2269 3522
13550 22 2216 2237 380
13551 1973 1974 1972 3598
13552 2369 1993 2004 3672
13553 1777 1857 294 2354
13554 2439 22 2237 380
13555 2165 2385 2395 349
13556 1848 1761 1847 3653
13557 239 1850 2023 1832
13558 2301 2313 2235 3521
13559 2195 2189 2196 3548
13560 2044 2051 2067 3673
13561 2366 2373 2312 3667
13562 2227 388 2422 2363
13563 1828 397 1855 1831
13564 2344 2333 2364 3518
13565 2204 334 1994 2005
13566 2329 2291 2263 3659
13567 1776 3536 2234 3672
13568 3557 3615 3437 3618
13569 2063 2072 2145 3586
13570 356 2128 2396 3635
13571 2257 2250 2252 3636
13572 2423 2414 2438 3594
13573 1793 1794 1792 3643
13574 2229 2320 2364 3652
13575 1968 2108 3545 3624
13576 3468 3611 3576 3669
13577 2110 2133 2054 3638
13578 2383 2394 2390 3508
13579 353 2398 2384 3658
13580 2135 2146 2016 3658
13581 2369 1776 2234 3672
13582 2214 2192 337 3657
13583 2158 1850 2006 3545
13584 2018 2114 2115 3607
13585 346 2003 1969 2349
13586 2077 2155 2162 3625
13587 1796 1798 1845 3592
13588 2291 2329 2226 3659
13589 2087 2136 2147 3587
13590 2254 2315 2247 3650
13591 2069 2134 2081 3540
13592 2274 2356 2283 3633
13593 356 2013 2128 3635
13594 2379 2404 2402 3552
13595 2228 2183 2216 378
13596 1986 2232 345 3620
13597 2318 2234 2317 3536
13598 2418 2224 2438 3594
13599 2391 400 2388 3601
13600 2387 2380 2393 3531
13601 1972 1974 1968 3624
13602 1799 1816 1770 3606
13603 2439 2342 2435 3646
13604 2123 2032 2034 3576
13605 2219 395 2342 2427
13606 2419 394 2353 2427
13607 2222 2294 2370 3606
13608 1851 2004 1970 3672
13609 3579 3607 3418 3666
13610 1813 1776 1811 3536
13611 1833 222 1970 1851
13612 2017 2215 2197 369
13613 2426 2419 2415 3559
13614 2186 2187 2188 3602
13615 1983 340 2229 3652
13616 2219 2342 2361 3526
13617 2411 2435 2433 3646
13618 2335 2276 2286 3561
13619 1827 1815 1784 3651
13620 2424 2422 387 2363
13621 2350 391 2224 2438
13622 1851 1776 2369 3672
13623 2037 2036 2042 3583
13624 3410 3648 3504 3674
13625 2188 2189 2186 3602
13626 1835 1786 1839 3662
13627 2124 359 2383 2402
13628 2308 2225 2307 3595
13629 2429 2415 2419 3559
13630 2127 2095 2093 3564
13631 2176 2213 2025 361
13632 2208 2205 2196 3677
13633 2360 340 1961 3652
13634 2235 2420 2432 385
13635 2071 2063 2070 3670
13636 2003 2214 337 3657
13637 2106 2023 2107 3632
13638 2399 2384 2387 3658
13639 2376 2432 2354 384
13640 2254 2253 2260 3630
13641 2212 2200 2182 3604
13642 346 2368 2003 2349
13643 2157 333 2005 2138
13644 2345 2324 2367 3596
13645 2008 358 2142 2390
13646 2084 2163 2009 3653
13647 2290 2277 2264 3588
13648 1828 397 398 2405
13649 369 2017 2215 2026
13650 2360 2229 340 3652
13651 2357 2437 390 2423
13652 2389 2380 355 2013
13653 2237 2228 2216 378
13654 2342 396 2439 2435
13655 1964 1978 1996 3607
13656 2101 2162 3625 3675
13657 1980 1979 1981 3570
13658 1851 1970 1833 3672
13659 1804 1802 1803 3573
13660 1827 1780 1767 3599
13661 2102 2024 2165 3644
13662 379 2170 2199 3614
13663 397 2434 1766 1828
13664 1988 2005 333 2138
13665 2133 2110 2107 3638
13666 2118 2051 2052 3566
13667 1857 1777 1830 2410
13668 1810 1811 1837 3619
13669 2368 2349 2236 3657
13670 2066 2079 2053 3563
13671 2073 2147 2136 3587
13672 359 2008 2124 2383
13673 2165 2143 2385 348
13674 2070 2062 2091 3616
13675 2298 2297 2233 3651
13676 2157 2025 2213 361
13677 1855 397 1828 2405
13678 2396 2389 356 3635
13679 2232 2371 2349 3620
13680 2038 2044 2123 3611
13681 2295 2343 2220 3629
13682 2319 2369 2234 3672
13683 2258 2259 2333 3626
13684 2373 2366 2288 3667
13685 2350 2224 2365 3594
13686 2417 398 399 3664
13687 1989 1967 2001 3525
13688 1758 1836 1838 3644
13689 338 2369 2319 1993
13690 2097 2145 2072 3586
13691 1961 340 1983 3652
13692 2373 2288 2294 3667
13693 2427 2416 2435 3526
13694 2438 2350 390 2423
13695 2389 2013 356 3635
13696 2102 2090 2024 3644
13697 1791 1792 1790 3584
13698 2234 2369 276 1776
13699 395 2342 2427 2435
13700 1993 338 2369 2004
13701 2236 2214 2203 370
13702 2403 2385 2143 348
13703 2439 2435 2411 3646
13704 2239 2293 2241 3622
13705 2422 2413 388 2227
13706 2384 352 2016 2392
13707 2196 2205 2181 3677
13708 2398 2387 2384 3658
13709 2023 2158 2108 3545
13710 1845 1762 1823 3675
13711 402 2428 401 3550
13712 2184 2202 2201 3639
13713 2229 1983 341 340
13714 257 1856 1834 2403
13715 1989 1982 2007 3654
13716 1851 276 2369 1776
13717 1827 291 290 2233
13718 2396 2390 2381 3593
13719 2391 2382 2386 3547
13720 1850 1832 1826 3545
13721 2125 2144 2116 3666
13722 2027 2028 2017 3648
13723 1773 289 288 2231
13724 400 2391 401 3601
13725 292 291 1767 2301
13726 1772 287 286 2225
13727 2392 2386 2382 3547
13728 2059 2057 2105 3661
13729 2116 2144 2115 3666
13730 2345 2232 2324 3596
13731 280 281 2220 1769
13732 2294 2222 2373 3606
13733 290 289 1815 2297
13734 2271 2274 2273 3612
13735 370 2236 2214 2368
13736 2127 2035 2120 3678
13737 2175 382 2215 3574
13738 2438 2414 2418 3594
13739 1834 1856 1775 2403
13740 2100 2011 2101 3675
13741 2006 1992 1968 3545
13742 1816 284 283 2222
13743 1830 1853 2440 2410
13744 2023 240 239 1832
13745 1765 252 253 2086
13746 1811 1810 1809 3619
13747 2015 364 2168 363
13748 2338 2305 2303 3559
13749 288 287 1819 2307
13750 382 2379 2407 3574
13751 365 2119 2172 366
13752 1964 328 327 2018
13753 251 252 1825 2020
13754 2109 2108 2149 3624
13755 2003 2368 2214 3657
13756 1813 278 277 2317
13757 2025 362 2176 361
13758 2403 1834 257 2143
13759 1826 220 219 1992
13760 2353 2305 2338 3559
13761 286 285 1818 2310
13762 249 250 1824 2014
13763 2108 325 326 1968
13764 1851 2369 2004 3672
13765 246 247 1762 2011
13766 2401 2388 399 3539
13767 335 334 1994 2204
13768 2256 2251 2255 3676
13769 2046 2039 2126 3668
13770 250 251 1764 2096
13771 2356 2308 2283 3633
13772 279 280 2323 1812
13773 2259 2355 2333 3626
13774 2173 376 377 2314
13775 1991 2192 337 336
13776 2131 2123 2067 3669
13777 284 285 2311 1771
13778 371 2236 2203 370
13779 2126 2042 2129 3641
13780 2029 2027 2074 3674
13781 1831 397 1855 2405
13782 2184 2010 367 366
13783 2441 379 2411 3614
13784 2101 2011 2162 3675
13785 2390 2400 2381 3593
13786 1968 1974 1997 3624
13787 2377 2226 2328 3591
13788 2106 241 240 1759
13789 1759 1858 1832 3632
13790 2221 375 2177 376
13791 2295 2220 2374 3629
13792 1763 248 249 2099
13793 253 254 1835 2022
13794 2046 2053 2047 3623
13795 2320 2229 2360 3652
13796 2169 374 375 2330
13797 2397 2389 2381 3635
13798 2128 2013 2161 3635
13799 2354 2432 2436 384
13800 2431 2412 2420 3600
13801 2076 2071 2070 3670
13802 363 2193 2117 362
13803 372 2207 2226 373
13804 331 332 2021 1967
13805 2436 2410 1777 2442
13806 2349 1969 346 345
13807 2418 2224 391 2438
13808 2012 329 330 1965
13809 368 2167 2103 367
13810 345 1986 344 2232
13811 243 244 1821 2009
13812 2434 2440 1853 2410
13813 338 2319 339 1993
13814 20 2214 2003 2368
13815 2158 1850 9 2006
13816 10 2369 2004 1851
13817 2005 2213 19 2157
13818 2155 2101 2162 3625
13819 1794 1843 1792 3643
13820 1998 1961 1983 3652
13821 2420 2412 2424 3600
13822 2390 2008 358 2383
13823 242 241 2019 1820
13824 2396 2381 2389 3635
13825 254 255 1838 2090
13826 220 221 1966 1774
13827 1855 2406 1831 2405
13828 2185 365 364 2137
13829 1775 2406 1855 2378
13830 1768 279 278 2230
13831 347 1856 2403 2408
13832 1970 221 222 1833
13833 2342 2237 2375 3646
13834 2223 343 342 1984
13835 1823 247 248 2100
13836 1960 2174 336 335
13837 2436 2442 2354 383
13838 243 242 2112 1760
13839 2328 371 2171 372
13840 1988 333 332 2138
13841 1969 1987 1986 3620
13842 2045 2051 2044 3673
13843 1783 1839 1786 3662
13844 1817 1779 1782 3664
13845 2228 377 2183 378
13846 2002 1985 1977 3655
13847 1778 293 292 2313
13848 255 256 1758 2102
13849 369 2215 21 2026
13850 2405 1855 2406 2378
13851 2237 2216 22 378
13852 2024 349 2395 350
13853 368 2017 2197 369
13854 373 2210 2348 374
13855 257 1856 2403 347
13856 2203 2192 2214 3657
13857 1766 2440 1853 2434
13858 342 2325 1962 341
13859 1777 294 293 2354
13860 2003 1991 1969 3657
13861 1961 2360 339 340
13862 2213 19 2157 361
13863 2005 19 333 2157
13864 1850 219 9 2006
13865 2368 2003 20 346
13866 222 10 2004 1851
13867 343 2324 344 1963
13868 2004 1993 1970 3672
13869 389 388 2413 2227
13870 257 2403 2143 347
13871 2374 281 282 1814
13872 360 2026 21 2407
13873 1831 2406 397 2405
13874 1770 283 282 2370
13875 2440 1853 1830 1766
13876 396 22 2237 2439
13877 2234 276 277 1776
13878 2027 2164 2074 3674
13879 2214 337 20 2003
13880 1850 9 239 2158
13881 392 393 2338 2429
13882 2214 20 370 2368
13883 1834 256 257 2143
13884 2213 19 334 2005
13885 2369 10 276 1851
13886 338 10 2369 2004
13887 2158 9 325 2006
13888 313 314 1830 2410
13889 245 244 2163 1761
13890 1766 397 1828 1831
13891 2224 391 392 2418
13892 1775 316 315 2378
13893 2396 2128 356 357
13894 1831 2406 1855 1775
13895 245 246 1822 2159
13896 1851 1833 1776 3672
13897 2350 390 391 2438
13898 1996 329 328 2114
13899 359 2124 360 2402
13900 2000 1989 2007 3654
13901 395 2219 394 2427
13902 350 2140 351 2382
13903 330 331 2113 1995
13904 2342 395 396 2435
13905 2434 1766 2440 397
13906 2437 389 2357 390
13907 352 351 2152 2392
13908 385 2235 2420 386
13909 1997 327 326 2149
13910 2398 2146 353 354
13911 353 352 2016 2384
13912 355 356 2389 2013
13913 354 355 2380 2139
13914 2424 386 2351 387
13915 394 2353 393 2419
13916 1831 315 2406 1775
13917 359 358 2008 2383
13918 2442 15 1857 383
13919 1830 313 2440 1766
13920 314 1857 2410 2442
13921 314 1857 1830 2410
13922 358 357 2142 2390
13923 347 13 1856 2408
13924 2378 1775 316 2408
13925 387 2422 388 2363
13926 15 294 1857 383
13927 1856 316 1775 2408
13928 313 17 2440 1766
13929 315 2406 1775 2378
13930 1856 257 13 347
13931 2385 2165 348 349
13932 2440 313 1830 2410
13933 2406 17 315 1831
13934 1857 314 15 2442
13935 13 316 1856 2408
13936 347 2403 2143 348
13937 384 2376 2432 385
13938 397 1766 17 1831
13939 383 2354 2436 384
13940 17 2440 1766 397
13941 2406 397 17 1831
13942 3575 3490 3560 3409
13943 3488 2363 3455 2422
13944 3488 3455 2363 2300
13945 3623 2048 3546 2047
13946 3623 3546 2048 3480
13947 3518 2321 3536 2344
13948 3518 3536 2321 3436
13949 3577 3460 3506 3417
13950 3577 3506 3460 3391
13951 3550 2422 3600 3488
13952 3550 3600 2422 2428
13953 3575 2245 3490 2243
13954 3575 3490 2245 3560
13955 3584 3437 1790 3557
13956 3584 1790 3437 3529
13957 1841 1790 3437 3557
13958 1841 3437 1790 3529
13959 3570 1990 1999 1981
13960 3570 1999 1990 3411
13961 3570 1990 1982 3485
13962 3570 1982 1990 1981
13963 3546 3408 3623 3483
13964 3546 3623 3408 3480
13965 3561 3435 3394 3447
13966 3561 3394 3435 3486
13967 3509 2372 3594 2302
13968 3509 3594 2372 3503
13969 3562 3653 3478 3534
13970 3478 3653 3562 3487
13971 3589 3391 3422 3577
13972 3589 3422 3391 3491
13973 3576 2036 3583 3420
13974 3576 3583 2036 2034
13975 2432 1777 1817 1778
13976 2432 1817 1777 2436
13977 3678 3496 3491 2035
13978 3491 3496 3678 3422
13979 3491 3589 3678 2035
13980 3678 3589 3491 3422
13981 2100 3511 2151 2099
13982 2151 3511 2100 3454
13983 3550 3615 3445 3403
13984 3445 3615 3550 3455
13985 3445 3488 3550 3403
13986 3550 3488 3445 3455
13987 3606 1771 1797 1816
13988 3606 1797 1771 3442
13989 3527 2330 2279 2348
13990 3527 2279 2330 3441
13991 3676 3435 3513 3486
13992 3676 3513 3435 3475
13993 3543 3678 3564 3463
13994 3564 3678 3543 3422
13995 3616 2060 3438 2063
13996 3616 3438 2060 3517
13997 3526 409 3489 2416
13998 3526 3489 409 3452
13999 3594 2302 2281 3509
14000 3594 2281 2302 2365
14001 3638 2111 3483 2054
14002 3638 3483 2111 3470
14003 3605 381 23 2198
14004 3605 23 381 2409
14005 3519 3647 3426 3392
14006 3426 3647 3519 3580
14007 2220 3542 2290 2323
14008 2290 3542 2220 3440
14009 3610 3431 3647 3568
14010 3610 3647 3431 3468
14011 408 3593 407 2400
14012 407 3593 408 3489
14013 3612 3415 2281 3509
14014 3612 2281 3415 3481
14015 3662 3539 1786 1781
14016 3662 1786 3539 3461
14017 2292 3591 3659 2377
14018 3659 3591 2292 3499
14019 3632 2019 2110 2106
14020 3632 2110 2019 3470
14021 3591 2292 2371 2377
14022 3591 2371 2292 3444
14023 3614 2228 2238 3498
14024 3614 2238 2228 2237
14025 3648 2030 2029 2028
14026 3648 2029 2030 3504
14027 3626 3398 3462 3518
14028 3587 2089 3443 2147
14029 3587 3443 2089 3547
14030 3626 3561 2259 2335
14031 3626 2259 3561 3486
14032 2332 2259 3561 2335
14033 2332 3561 2259 3486
14034 2246 3590 2315 2296
14035 2315 3590 2246 3466
14036 3505 3511 2098 2061
14037 2098 3511 3505 3459
14038 2098 2148 3505 2061
14039 3505 2148 2098 3459
14040 3540 2160 2166 3472
14041 3540 2166 2160 2081
14042 3521 2376 1778 2313
14043 3521 1778 2376 2432
14044 2354 1778 2376 2313
14045 2354 2376 1778 2432
14046 3664 2436 2434 1817
14047 3664 2434 2436 2417
14048 3491 3649 3460 3429
14049 3460 3649 3491 3391
14050 3629 1770 1801 1814
14051 3629 1801 1770 3450
14052 1772 2310 3595 2225
14053 3595 2310 1772 1818
14054 3581 2134 2156 2075
14055 3581 2156 2134 3433
14056 2034 3611 3484 2038
14057 3484 3611 2034 3576
14058 3558 3571 3477 3407
14059 3477 3571 3558 3427
14060 3636 3626 2252 2258
14061 3636 2252 3626 3435
14062 2397 3419 3476 3627
14063 3476 3419 2397 3635
14064 3626 2265 3518 2333
14065 3626 3518 2265 3473
14066 3410 3660 3605 3452
14067 3605 3660 3410 3578
14068 3638 2122 2054 3483
14069 3638 2054 2122 2133
14070 2357 2413 389 2437
14071 2357 389 2413 2227
14072 1810 3632 1837 1858
14073 1837 3632 1810 3619
14074 3631 2295 2294 3450
14075 3631 2294 2295 2289
14076 3522 2362 3551 2272
14077 3522 3551 2362 3515
14078 2312 3551 2362 2272
14079 2312 2362 3551 3515
14080 3607 2153 3546 2115
14081 3607 3546 2153 3469
14082 3539 2405 3644 1829
14083 3539 3644 2405 2401
14084 1834 2102 256 2143
14085 256 2102 1834 1758
14086 3605 2170 2198 23
14087 3605 2198 2170 3533
14088 3622 2341 3471 2293
14089 3622 3471 2341 3467
14090 2402 3574 2124 2407
14091 2124 3574 2402 3552
14092 3641 3519 3487 3446
14093 3641 3487 3519 3429
14094 2112 1820 242 2019
14095 242 1820 2112 1760
14096 3622 3498 2238 2239
14097 2238 3498 3622 3479
14098 2238 2240 3622 2239
14099 3622 2240 2238 3479
14100 1853 2436 1817 2434
14101 1817 2436 1853 1777
14102 3619 1813 3436 1809
14103 3619 3436 1813 3536
14104 2169 2221 3471 2330
14105 3471 2221 2169 2177
14106 3556 2278 2255 2262
14107 3556 2255 2278 3500
14108 3604 2198 2182 2212
14109 3604 2182 2198 3533
14110 2382 2024 350 2140
14111 2382 350 2024 2395
14112 3642 3540 3535 3451
14113 3642 3535 3540 3400
14114 3668 3583 3446 3484
14115 3668 3446 3583 3641
14116 3519 3446 3583 3484
14117 3519 3583 3446 3641
14118 3642 3566 3530 3404
14119 3642 3530 3566 3451
14120 2008 3552 2150 2124
14121 2150 3552 2008 3508
14122 1967 2138 3525 1988
14123 1967 3525 2138 2021
14124 3636 2336 2277 2257
14125 3636 2277 2336 3537
14126 3663 3611 3482 3425
14127 3663 3482 3611 3468
14128 3674 2150 2164 2074
14129 3674 2164 2150 3552
14130 2424 2363 3600 2422
14131 3600 2363 2424 2351
14132 3456 3661 2127 3589
14133 3456 2127 3661 2105
14134 2085 2127 3661 3589
14135 2085 3661 2127 2105
14136 2394 3593 408 2400
14137 408 3593 2394 3508
14138 2390 2128 357 2142
14139 2390 357 2128 2396
14140 3666 2114 3579 3607
14141 3666 3579 2114 2116
14142 3574 2124 2164 3552
14143 3574 2164 2124 2026
14144 2427 3526 3559 2419
14145 3559 3526 2427 2219
14146 3559 2353 2427 2419
14147 2427 2353 3559 2219
14148 3659 2377 2226 2291
14149 3659 2226 2377 3591
14150 2403 1775 1855 2378
14151 2403 1855 1775 1834
14152 2152 2382 3547 2392
14153 3547 2382 2152 2140
14154 3658 353 2016 2384
14155 3658 2016 353 2146
14156 337 3657 1991 2003
14157 1991 3657 337 2192
14158 2442 1777 2354 1857
14159 2442 2354 1777 2436
14160 1857 383 2354 2442
14161 2354 383 1857 294
14162 2408 1775 2403 2378
14163 2408 2403 1775 1856
14164 3523 3462 3626 3398
14165 3523 3626 3462 3447
14166 2522 3679 2536 3690
14167 2408 316 2378 3691
14168 2408 2462 316 3691
14169 2482 3679 2486 3690
14170 2525 1861 2459 3689
14171 2576 2563 3684 3692
14172 2522 2508 3679 3690
14173 3683 3684 2460 3692
14174 316 2378 3691 3698
14175 2518 2508 2452 3679
14176 2570 2539 2582 3684
14177 2561 2536 3679 3690
14178 2576 3684 3683 3692
14179 2525 1862 1861 3689
14180 429 2503 2533 3694
14181 2582 2539 2399 3684
14182 2396 2447 2478 3680
14183 2577 3687 3680 3694
14184 1862 2459 2525 1861
14185 2503 3688 2533 3694
14186 2464 3691 3682 3695
14187 3683 3684 2556 3693
14188 2522 2508 2511 3679
14189 2462 316 3691 3698
14190 2380 2460 3684 3692
14191 2569 3680 2577 3687
14192 2540 3685 3679 3696
14193 2475 3688 3680 3694
14194 2467 2466 2484 3679
14195 1859 316 1867 3698
14196 2568 3683 2556 3693
14197 2391 3685 2540 3696
14198 2561 3679 3685 3690
14199 2462 1867 316 3698
14200 2475 3680 2488 3694
14201 2576 2556 3683 3684
14202 2521 2541 2566 3686
14203 2443 2515 3683 3688
14204 2474 2447 2396 3680
14205 2469 2395 2446 3685
14206 316 1859 2378 3698
14207 3679 3685 2467 3696
14208 2536 2557 2561 3679
14209 2479 2467 3685 3696
14210 2458 3684 3683 3693
14211 2378 315 2406 3698
14212 2538 2577 2569 3680
14213 2510 1862 2525 3689
14214 3680 3687 2488 3694
14215 429 2533 2453 3694
14216 2393 3684 2563 3692
14217 2479 2467 2482 3685
14218 2467 3679 2482 3685
14219 2482 3685 3679 3690
14220 2482 2467 2486 3679
14221 2458 2460 3683 3684
14222 2518 2511 2508 3679
14223 1866 1861 1862 3689
14224 2521 3686 2566 3689
14225 2400 3680 2569 3687
14226 2570 3681 2567 3684
14227 2533 3688 2453 3694
14228 2561 2583 2536 3690
14229 2460 2457 3683 3692
14230 2452 2486 2484 3679
14231 2518 3679 2452 3697
14232 2458 3683 2477 3693
14233 2556 3684 2567 3693
14234 2487 3680 3688 3692
14235 2567 2570 2559 3681
14236 2487 3688 2457 3692
14237 315 2378 1859 3698
14238 2487 3680 2475 3688
14239 316 315 2378 1859
14240 2389 2396 2478 3680
14241 2452 3679 2484 3697
14242 2458 2461 3684 3693
14243 2403 3682 2445 3691
14244 2478 3680 2487 3692
14245 2561 3679 2540 3685
14246 2540 3679 2558 3696
14247 2560 2582 2399 3681
14248 2576 3683 2555 3692
14249 2464 2445 3682 3691
14250 2527 1864 2546 2572
14251 2482 2486 2472 3690
14252 2484 3679 2466 3697
14253 2560 2570 2582 3681
14254 2443 2515 2477 3683
14255 2467 2466 3679 3696
14256 2553 3680 2581 3688
14257 2577 2543 3687 3694
14258 2453 2501 429 3694
14259 2457 3688 3683 3692
14260 2401 2550 2388 3682
14261 2560 2578 2558 3696
14262 2389 3680 2478 3692
14263 2550 2388 3682 3685
14264 2399 2384 3681 3684
14265 2560 2558 3681 3696
14266 2378 2406 3691 3698
14267 2466 3681 3679 3696
14268 2475 2453 3688 3694
14269 2393 2380 3684 3692
14270 430 2503 429 3694
14271 1866 1862 2510 3689
14272 2561 3685 2583 3690
14273 2478 2447 2487 3680
14274 2443 2528 2515 3688
14275 2581 3688 3680 3692
14276 2534 2554 3683 3688
14277 2578 2391 2540 3696
14278 2458 2477 2461 3693
14279 3679 3681 2558 3696
14280 2551 3685 3682 3690
14281 2534 3683 2505 3688
14282 2501 2491 429 3694
14283 2469 2385 2395 3685
14284 2392 2384 2444 3696
14285 2511 3679 2518 3697
14286 2540 2558 2578 3696
14287 2471 3682 2469 3685
14288 2453 2475 2488 3694
14289 2463 3691 3686 3698
14290 2492 2493 2497 3687
14291 2576 2567 2556 3684
14292 2529 2525 2510 1862
14293 2477 3683 2509 3693
14294 2468 2488 3687 3694
14295 2460 2478 2457 3692
14296 2474 2396 2390 3680
14297 2558 3681 3679 3697
14298 3683 3688 2555 3692
14299 2521 2512 2541 3686
14300 2467 2484 2486 3679
14301 2455 2383 2492 3687
14302 2532 3688 2503 3694
14303 2446 2471 2469 3685
14304 2510 1864 2527 1862
14305 430 429 2491 3694
14306 2492 2383 2493 3687
14307 2390 3680 2400 3687
14308 2576 2563 2539 3684
14309 2535 3679 2557 3697
14310 2563 2576 2555 3692
14311 2558 2559 3681 3697
14312 2454 1867 2462 3698
14313 2574 2566 2541 3686
14314 2384 2398 2448 3684
14315 2457 2458 2460 3683
14316 2511 2557 3679 3697
14317 2551 2583 3685 3690
14318 2523 3683 2568 3693
14319 2542 3688 2532 3694
14320 2445 2462 2408 3691
14321 2534 2556 2568 3683
14322 2469 3682 2385 3685
14323 2460 2389 2478 3692
14324 2403 2445 2408 3691
14325 2451 2476 2483 3686
14326 2383 2394 2493 3687
14327 2451 2507 2476 3686
14328 2397 2564 2538 3692
14329 2521 2507 3686 3689
14330 2548 2549 3691 3695
14331 3679 3681 2466 3697
14332 2493 2394 2497 3687
14333 2550 2565 2388 3685
14334 2581 2554 3688 3692
14335 2567 3684 3681 3693
14336 1864 2510 1866 1862
14337 3681 3684 2461 3693
14338 2465 3681 2384 3684
14339 2520 2507 2451 3686
14340 2534 2505 2554 3688
14341 2404 2496 2497 2575
14342 2400 2381 2569 3680
14343 2463 3686 2483 3698
14344 2524 3693 2562 3697
14345 2555 3683 2554 3688
14346 2394 2575 2497 3687
14347 2399 2539 2387 3684
14348 2474 3680 2390 3687
14349 2576 2556 2555 3683
14350 2456 2443 3683 3688
14351 2464 2463 2445 3691
14352 2459 1861 2489 3689
14353 2555 3688 2554 3692
14354 2463 2462 3691 3698
14355 2558 3679 2535 3697
14356 2549 3682 3691 3695
14357 2456 3683 2457 3688
14358 3680 3688 2553 3694
14359 2479 2446 2395 3685
14360 2551 3690 3682 3695
14361 2548 3691 3686 3695
14362 2567 3681 2559 3693
14363 2507 2476 3686 3689
14364 2526 2554 2505 3688
14365 1866 2510 1864 2546
14366 2454 2483 3689 3698
14367 430 2532 2503 3694
14368 2488 3680 2474 3687
14369 2454 1863 1867 3698
14370 2566 3686 2574 3689
14371 2461 3681 2465 3684
14372 2385 2445 2403 3682
14373 2454 2462 2483 3698
14374 2483 3686 2476 3689
14375 2403 2405 3682 3691
14376 2457 2478 2487 3692
14377 2538 3680 2381 3692
14378 2554 2532 2542 3688
14379 2474 2488 2447 3680
14380 2554 2526 2532 3688
14381 2453 2468 2501 3694
14382 2477 2515 2509 3683
14383 3686 3689 2483 3698
14384 2485 3681 2461 3693
14385 2496 2497 2493 2404
14386 2546 1866 2510 3689
14387 2553 2577 3680 3694
14388 2380 2448 2398 3684
14389 2451 2517 2520 3686
14390 2558 2535 2559 3697
14391 2384 2465 2444 3696
14392 2550 2405 2537 3682
14393 2385 2469 2445 3682
14394 2527 1864 2510 2546
14395 2560 3681 2386 3696
14396 2510 2527 2529 1862
14397 2394 2404 2497 2575
14398 2384 3681 2465 3696
14399 2538 2569 2381 3680
14400 315 2547 2406 3698
14401 2401 2405 2550 3682
14402 2551 2552 3690 3695
14403 2456 2443 2457 3683
14404 2560 2386 2578 3696
14405 2568 2556 2567 3693
14406 2387 2539 2563 3684
14407 2537 3682 2405 3691
14408 2462 2463 2483 3698
14409 2399 2386 2560 3681
14410 2561 2558 2540 3679
14411 2537 2549 3682 3691
14412 2536 2580 2522 3690
14413 2470 3686 2463 3695
14414 2558 2557 2535 3679
14415 2549 2551 3682 3695
14416 2448 2465 2384 3684
14417 2404 2497 2493 2394
14418 2581 2555 2554 3692
14419 2569 2577 2543 3687
14420 2453 2533 2456 3688
14421 2397 2538 2381 3692
14422 3682 3690 2464 3695
14423 2494 2501 2468 3694
14424 2464 2470 2463 3695
14425 2383 2455 2492 2493
14426 2380 2460 2448 3684
14427 2509 3683 2523 3693
14428 2525 2529 2459 1862
14429 2551 2583 2565 3685
14430 2540 2391 2388 3685
14431 2468 2453 2488 3694
14432 2487 2456 2457 3688
14433 2381 3680 2389 3692
14434 1869 2547 315 3698
14435 2550 2537 2549 3682
14436 2511 2535 2557 3697
14437 2456 2528 2443 3688
14438 2390 2381 2400 3680
14439 2493 2383 2404 2394
14440 2559 3693 3681 3697
14441 2507 2512 2521 3686
14442 2378 2403 2408 3691
14443 2391 2382 3685 3696
14444 2456 2487 2475 3688
14445 2449 2464 3690 3695
14446 2541 2512 2571 3686
14447 2547 3691 2406 3698
14448 2494 2468 3687 3694
14449 2494 2491 2501 3694
14450 2551 2552 2583 3690
14451 2389 2381 2396 3680
14452 2538 2581 3680 3692
14453 2473 2452 2484 3697
14454 2464 3682 2471 3690
14455 3682 3685 2471 3690
14456 2460 2380 2389 3692
14457 2388 2385 3682 3685
14458 2458 2448 2460 3684
14459 2399 2387 2384 3684
14460 2495 3687 2543 3694
14461 2459 2476 2525 3689
14462 2571 3686 2512 3695
14463 2382 2479 3685 3696
14464 1869 315 1859 3698
14465 2384 2392 2386 3696
14466 2503 2532 2526 3688
14467 2469 2464 2445 3682
14468 2553 3688 2554 3694
14469 2401 2388 2385 3682
14470 2578 2386 2391 3696
14471 2554 2553 2581 3688
14472 2554 2555 2534 3683
14473 2451 2470 2517 3686
14474 2546 2579 1866 3689
14475 2479 2395 2382 3685
14476 2549 2552 2551 3695
14477 2388 2395 2385 3685
14478 2390 2396 2381 3680
14479 2397 2381 2389 3692
14480 2546 1864 318 2572
14481 2563 2393 2387 3684
14482 2561 2565 2583 3685
14483 2454 3689 1863 3698
14484 430 2542 2532 3694
14485 2570 2567 2539 3684
14486 2461 2485 2465 3681
14487 349 2469 2395 2446
14488 2384 2386 3681 3696
14489 3681 3693 2485 3697
14490 2542 2554 3688 3694
14491 2384 2387 2398 3684
14492 2481 2383 2402 2493
14493 2497 2575 2545 3687
14494 2482 2471 3685 3690
14495 2504 2535 2511 3697
14496 2561 2540 2565 3685
14497 2553 2577 2538 3680
14498 2477 2458 2443 3683
14499 2574 3689 3686 3698
14500 2517 3686 2470 3695
14501 2385 2403 2405 3682
14502 2581 2553 2538 3680
14503 2400 2569 2394 3687
14504 2399 2384 2386 3681
14505 2475 2453 2456 3688
14506 2540 2388 2565 3685
14507 2461 2477 2450 3693
14508 3686 3691 2548 3698
14509 2468 2455 2492 3687
14510 2558 2559 2560 3681
14511 2548 3686 2571 3695
14512 2507 2520 2512 3686
14513 430 2499 2542 3694
14514 1859 1867 1863 3698
14515 2395 350 2446 2479
14516 2449 2464 2471 3690
14517 2541 2571 2548 3686
14518 2383 2402 2493 2404
14519 2380 2398 2387 3684
14520 2583 2580 2536 3690
14521 2448 2461 2465 3684
14522 2478 2396 356 2447
14523 2495 2494 3687 3694
14524 2406 2547 2537 3691
14525 2521 2566 2510 3689
14526 2456 2533 2528 3688
14527 2562 2524 2568 3693
14528 2481 2455 2383 2493
14529 2542 2553 2554 3694
14530 2396 357 2447 2474
14531 2393 2563 2564 3692
14532 2485 2466 3681 3697
14533 2471 2464 2469 3682
14534 2444 2479 351 3696
14535 2514 2450 2477 3693
14536 2495 2545 2543 3687
14537 2479 2482 2446 3685
14538 2552 2519 2580 3690
14539 2449 2470 2464 3695
14540 2515 2505 2509 3683
14541 2559 2570 2560 3681
14542 2579 2544 1865 3689
14543 2519 2522 2580 3690
14544 2463 2462 2445 3691
14545 2487 2447 2475 3680
14546 2517 2512 2520 3686
14547 2393 2564 2397 3692
14548 2538 2564 2581 3692
14549 2518 2452 2516 3697
14550 2480 2459 2529 1862
14551 2467 2444 2466 3696
14552 436 2527 2546 2572
14553 2537 2548 2549 3691
14554 2470 2451 2463 3686
14555 2561 2557 2558 3679
14556 2482 2471 2446 3685
14557 2552 2580 2583 3690
14558 2510 2566 2546 3689
14559 2477 2443 422 2515
14560 2526 2505 2528 3688
14561 2567 2576 2539 3684
14562 2507 2525 2476 3689
14563 2458 2461 2448 3684
14564 400 2540 2391 2388
14565 2404 2573 2496 2575
14566 2533 2503 2528 3688
14567 2459 2489 2476 3689
14568 2394 2545 2575 3687
14569 2546 2566 2579 3689
14570 2444 352 2384 2392
14571 2392 2444 351 3696
14572 2399 402 2582 2560
14573 2485 3693 2450 3697
14574 2513 2470 2449 3695
14575 2385 2403 2445 348
14576 2551 2550 2549 3682
14577 2468 2492 2494 3687
14578 2506 2571 2512 3695
14579 2445 2469 2385 348
14580 2473 2516 2452 3697
14581 2485 2466 2465 3681
14582 2534 2555 2556 3683
14583 2519 3690 2552 3695
14584 2401 2385 2405 3682
14585 2384 2398 353 2448
14586 2545 2394 2569 3687
14587 2485 2461 2450 3693
14588 2513 2449 3690 3695
14589 2548 2571 2549 3695
14590 2473 2450 2514 3697
14591 2502 2527 1860 1862
14592 2397 406 2538 2564
14593 2514 2473 420 2450
14594 427 2468 2455 2492
14595 2545 2495 2497 3687
14596 2514 3693 2524 3697
14597 442 2536 2522 2557
14598 2516 2511 2518 3697
14599 2475 2447 2488 3680
14600 2491 2499 430 3694
14601 2574 3686 2548 3698
14602 1865 3689 2544 3698
14603 2562 2567 2559 3693
14604 2393 2397 2389 3692
14605 2544 3689 2574 3698
14606 2505 2523 2509 3683
14607 2482 2472 2471 3690
14608 1866 1864 318 2546
14609 2566 2541 2521 438
14610 2469 2395 2385 349
14611 2458 2457 2443 3683
14612 1863 2489 1861 3689
14613 2495 2543 2499 3694
14614 2579 1865 1866 3689
14615 2499 2543 2542 3694
14616 2548 3691 2547 3698
14617 2508 2449 2472 3690
14618 2514 421 2477 2450
14619 2472 2508 417 2449
14620 2562 2568 2567 3693
14621 2393 2380 2387 3684
14622 2454 2483 2476 3689
14623 2535 2562 2524 444
14624 2474 2383 2455 3687
14625 2460 2478 2389 355
14626 2544 2566 2574 3689
14627 2523 2568 2524 3693
14628 2450 3693 2514 3697
14629 2484 2466 2473 3697
14630 2395 350 2479 2382
14631 2524 2562 2568 445
14632 2459 2480 260 1862
14633 2454 2489 1863 3689
14634 2389 2396 356 2478
14635 1865 2544 1869 3698
14636 2495 2491 2494 3694
14637 2514 2477 2509 3693
14638 2405 2406 2537 3691
14639 2388 399 2550 2401
14640 2565 2540 400 2388
14641 448 2554 2526 2532
14642 352 2444 2384 2465
14643 2474 2396 357 2390
14644 2479 2382 351 3696
14645 260 2459 1862 1861
14646 2405 2550 398 2401
14647 1869 2544 2547 3698
14648 2513 2517 2470 3695
14649 2553 2543 2577 3694
14650 2550 398 2537 2405
14651 354 2398 2380 2448
14652 437 2510 2521 2566
14653 2380 2393 2389 3692
14654 2451 2520 414 2507
14655 2492 427 2468 2494
14656 2548 2574 2541 3686
14657 353 2384 2448 2465
14658 2504 2514 2524 3697
14659 2390 2383 2474 3687
14660 2452 2508 2518 418
14661 2569 2543 2545 3687
14662 446 2534 2568 2505
14663 2508 2513 2449 3690
14664 1869 1865 320 2544
14665 2579 2566 2544 3689
14666 2454 2476 2489 3689
14667 2554 448 2542 2532
14668 2476 2451 414 2507
14669 2521 2510 2507 3689
14670 2509 2477 422 2515
14671 2388 2391 2382 3685
14672 2507 2510 2525 3689
14673 417 2508 2513 2449
14674 2473 2485 2450 3697
14675 2387 404 2563 2539
14676 2459 2476 413 2525
14677 2575 2573 2496 433
14678 2547 1869 320 2544
14679 2511 2535 443 2557
14680 2408 13 316 2462
14681 2392 351 2382 3696
14682 2547 2548 2537 3691
14683 2550 2565 399 2388
14684 2397 2538 406 2381
14685 2512 2541 2571 439
14686 2444 2467 2479 3696
14687 2527 1864 1860 1862
14688 2516 2473 2514 3697
14689 431 2542 2499 2543
14690 419 2473 2516 2452
14691 431 2499 2495 2543
14692 2516 2514 2473 420
14693 402 2399 2386 2560
14694 2468 2474 2455 3687
14695 2541 2512 2521 438
14696 2388 2382 2395 3685
14697 2472 2508 2452 418
14698 1863 3689 1865 3698
14699 2569 408 2400 2394
14700 2508 2522 2519 3690
14701 2453 24 2533 429
14702 437 2546 2510 2566
14703 419 2516 2518 2452
14704 2522 2511 442 2557
14705 2563 2555 2564 3692
14706 2409 2573 410 2500
14707 2380 2460 354 2448
14708 2506 2552 2571 3695
14709 2405 2378 2406 3691
14710 2563 405 2393 2564
14711 2468 2488 2474 3687
14712 1870 2530 2480 411
14713 405 2397 2393 2564
14714 2462 13 316 1867
14715 2383 359 2481 2402
14716 2545 432 2495 2543
14717 2524 2504 2535 444
14718 416 2513 2470 2449
14719 432 2545 2495 2497
14720 2527 2502 2529 1862
14721 2525 2476 413 2507
14722 1863 1861 1866 3689
14723 2477 421 2514 2509
14724 2552 2506 2571 440
14725 2494 2492 2497 3687
14726 258 2462 2454 1867
14727 2474 358 2455 2383
14728 2451 2483 2463 3686
14729 2390 2400 2394 3687
14730 24 2453 2501 429
14731 2409 2496 2573 2500
14732 2568 2523 2524 445
14733 2485 2473 2466 3697
14734 2519 2552 2506 3695
14735 2494 2497 2495 3687
14736 426 2455 2481 2493
14737 2491 2495 2499 3694
14738 2455 426 2492 2493
14739 2569 2381 2400 407
14740 2569 2538 2381 407
14741 2535 2511 443 2504
14742 1863 258 2454 1867
14743 2546 318 1866 2579
14744 2403 2378 2405 3691
14745 2460 2389 2380 355
14746 317 435 2572 1868
14747 1865 1863 1866 3689
14748 2504 2511 2516 3697
14749 2546 2510 2527 436
14750 25 2542 430 2499
14751 2552 2519 2506 440
14752 430 2542 25 2532
14753 408 2569 2545 2394
14754 423 2443 2528 2515
14755 2513 3690 2519 3695
14756 2503 2526 2528 3688
14757 2572 435 2527 1868
14758 2481 2455 359 2383
14759 2574 2548 2547 3698
14760 2575 2496 2497 433
14761 2523 446 2568 2505
14762 358 2474 2390 2383
14763 2459 260 2489 1861
14764 424 2533 2456 2453
14765 2443 2456 423 2528
14766 1865 1866 319 2579
14767 2393 2387 404 2563
14768 347 2408 2445 2462
14769 435 2531 2527 1868
14770 2571 2506 2512 439
14771 1859 1863 1865 3698
14772 424 2456 2533 2528
14773 2406 397 2537 2547
14774 2391 2386 2382 3696
14775 2500 2573 410 434
14776 2523 2524 2514 3693
14777 2480 2530 1870 2529
14778 2409 2490 2496 2500
14779 412 2480 2459 2529
14780 2571 2552 2549 3695
14781 2513 2517 416 2470
14782 2403 347 2408 2445
14783 2540 2578 401 2391
14784 319 1865 2579 2544
14785 2480 261 1870 411
14786 2386 2392 2382 3696
14787 2496 2493 2490 2404
14788 2572 1864 317 1868
14789 2472 2449 2471 3690
14790 2527 1864 2572 1868
14791 2508 2519 2513 3690
14792 2386 2578 402 2560
14793 2390 2394 2383 3687
14794 2514 2504 2516 3697
14795 1863 2489 259 1861
14796 2453 2468 428 2501
14797 1868 2531 2527 1860
14798 1859 1865 1869 3698
14799 2564 2555 2581 3692
14800 2545 408 2394 2575
14801 2501 2468 428 2494
14802 2513 2519 2506 3695
14803 2500 2496 2573 434
14804 2529 2530 1870 2502
14805 2519 2552 2580 440
14806 2530 2480 411 2529
14807 2513 2506 2517 3695
14808 2386 401 2578 2391
14809 2509 2523 2514 3693
14810 2529 2459 412 2525
14811 2537 397 2406 2405
14812 2531 2502 2527 1860
14813 2480 1870 261 1862
14814 2553 2542 2543 3694
14815 2454 2489 259 1863
14816 1870 2480 2529 1862
14817 2404 2573 410 2409
14818 2407 2498 360 2402
14819 2404 2496 2573 2409
14820 2574 2547 2544 3698
14821 360 425 2481 2402
14822 2455 426 427 2492
14823 425 360 2498 2402
14824 357 356 2396 2447
14825 2527 1864 1868 1860
14826 448 2554 447 2526
14827 2391 401 2540 400
14828 350 349 2395 2446
14829 2408 347 13 2462
14830 2406 17 397 2547
14831 24 2533 424 2453
14832 2566 2521 437 438
14833 2575 2497 2545 433
14834 259 258 2454 1863
14835 320 17 1869 2547
14836 441 2522 2536 2580
14837 352 2444 351 2392
14838 2493 2402 2498 2490
14839 25 2542 2499 431
14840 2381 2538 406 407
14841 441 2519 2522 2580
14842 414 413 2476 2507
14843 348 2469 2385 349
14844 442 2522 2536 441
14845 2380 2460 355 354
14846 2565 400 399 2388
14847 2472 2508 418 417
14848 2384 353 352 2465
14849 419 2516 2473 420
14850 431 2495 432 2543
14851 2479 350 351 2382
14852 2462 258 13 1867
14853 2575 2404 2573 409
14854 421 2477 422 2509
14855 439 2571 2506 440
14856 2478 356 2389 355
14857 318 319 1866 2579
14858 420 421 2514 2450
14859 354 353 2398 2448
14860 2513 416 417 2449
14861 1865 319 320 2544
14862 18 2531 435 1868
14863 2455 358 359 2383
14864 2511 443 442 2557
14865 2409 410 23 2500
14866 445 2524 2562 444
14867 2453 428 24 2501
14868 405 406 2397 2564
14869 443 2535 2504 444
14870 2530 1870 14 411
14871 2403 347 2445 348
14872 423 2456 424 2528
14873 435 317 18 1868
14874 2542 448 25 2532
14875 2500 410 23 434
14876 2534 446 447 2505
14877 2489 260 259 1861
14878 2490 2379 382 381
14879 322 321 2502 1860
14880 2527 436 435 2572
14881 261 260 2480 1862
14882 2575 2394 2404 409
14883 414 415 2520 2451
14884 399 398 2550 2401
14885 2498 360 21 2407
14886 2512 2541 439 438
14887 358 2474 357 2390
14888 1870 261 14 411
14889 401 2578 402 2386
14890 2443 423 422 2515
14891 402 2399 2582 403
14892 397 2537 398 2405
14893 403 404 2387 2539
14894 2510 2546 437 436
14895 411 2480 412 2529
14896 2523 2568 446 445
14897 432 2545 2497 433
14898 425 360 21 2498
14899 425 426 2481 2493
14900 404 405 2393 2563
14901 2459 413 412 2525
14902 317 318 1864 2572
14903 410 2573 2404 409
14904 2517 416 2470 415
14905 2580 441 2519 440
14906 2468 427 428 2494
14907 359 360 2481 2402
14908 2518 419 2452 418
14909 2531 18 322 1868
14910 2409 23 381 2500
14911 2379 382 2407 2490
14912 2575 408 2394 409
14913 21 2498 2407 382
14914 322 2531 1868 1860
14915 2573 2496 433 434
14916 1870 14 321 2530
14917 2531 322 2502 1860
14918 2409 381 2490 2500
14919 381 2490 2379 2409
14920 2498 2407 382 2490
14921 408 2569 2400 407
14922 2582 3684 3681 2570
14923 3681 3684 2582 2399
14924 2508 3690 2452 3679
14925 2508 2452 3690 2472
14926 2486 2452 3690 3679
14927 2486 3690 2452 2472
14928 3685 2550 2551 3682
14929 3685 2551 2550 2565
14930 3696 2465 2466 3681
14931 3696 2466 2465 2444
14932 2463 3695 3691 2464
14933 3691 3695 2463 3686
14934 3688 2515 2505 2528
14935 3688 2505 2515 3683
14936 2522 2557 3679 2511
14937 3679 2557 2522 2536
14938 2539 2399 403 2582
14939 2539 403 2399 2387
14940 3697 2562 2559 3693
14941 3697 2559 2562 2535
14942 2505 2554 447 2534
14943 2505 447 2554 2526
14944 2524 2535 3697 2562
14945 2524 3697 2535 2504
14946 2568 2505 3683 2523
14947 3683 2505 2568 2534
14948 315 2547 17 2406
14949 17 2547 315 1869
14950 2512 3695 2517 2506
14951 2517 3695 2512 3686
14952 2490 2402 2404 2493
14953 2490 2404 2402 2379
14954 2517 2451 415 2470
14955 415 2451 2517 2520
14956 1862 2502 1870 1860
14957 1862 1870 2502 2529
14958 2402 425 2493 2498
14959 2402 2493 425 2481
14960 2490 2404 2409 2496
14961 2409 2404 2490 2379
14962 2490 2407 2402 2498
14963 2490 2402 2407 2379
14964 2502 1870 321 2530
14965 321 1870 2502 1860
14966 2534 3700 2556 3706
14967 2568 2556 2534 3700
14968 1879 313 3710 3715
14969 2568 2657 3700 3706
14970 3701 3704 2603 3714
14971 2568 2534 2657 3706
14972 2549 3704 3701 3714
14973 1879 1872 313 3715
14974 3701 3704 2549 3710
14975 2549 2571 3704 3714
14976 2603 3704 3701 3710
14977 2568 3700 2534 3706
14978 2649 3700 2657 3706
14979 2570 3702 2582 3717
14980 313 1872 2410 3715
14981 313 2410 3710 3715
14982 2570 2582 2539 3717
14983 2589 3700 2649 3706
14984 2616 2603 3704 3714
14985 2410 2440 313 3710
14986 2589 2649 2604 3706
14987 2442 2410 314 3715
14988 2430 3699 2564 3711
14989 2548 2549 3704 3710
14990 2581 3706 3699 3712
14991 2570 3700 3702 3717
14992 2534 2646 2657 3706
14993 2648 1878 2662 3707
14994 2594 2639 2636 3712
14995 2581 2554 3706 3712
14996 2564 3699 2581 3711
14997 2668 2662 2648 1878
14998 3701 2615 3713 3714
14999 2649 2658 2604 3706
15000 2590 3711 2423 3717
15001 2615 2629 3701 3713
15002 3699 3706 2581 3711
15003 2442 3710 2410 3715
15004 2423 3717 3711 3718
15005 2548 2549 2571 3704
15006 2567 2570 3700 3702
15007 2570 3700 3717 3718
15008 2410 1872 314 3715
15009 2615 3701 2629 3714
15010 3703 3713 2615 3714
15011 1879 3710 2547 3715
15012 2600 3706 3699 3711
15013 2632 2416 2637 3709
15014 2594 2598 2639 3712
15015 2538 2564 2430 3699
15016 2616 3704 2654 3714
15017 2613 2590 2423 3717
15018 2618 2663 3704 3707
15019 2618 2663 2588 3704
15020 2581 3699 2553 3712
15021 2599 3706 2587 3712
15022 2546 2662 1878 3707
15023 2637 2416 2427 3709
15024 2653 2566 2541 3704
15025 2571 2655 3704 3714
15026 2568 3700 2657 3716
15027 2544 1877 1879 3715
15028 2602 3704 2603 3710
15029 2581 2553 2554 3712
15030 2649 2657 2646 3706
15031 2570 2567 3700 3718
15032 2654 3704 2655 3714
15033 2668 2546 2662 1878
15034 2599 3699 3706 3712
15035 2632 2575 2416 3709
15036 2561 3705 3703 3708
15037 2569 2577 2538 3699
15038 2434 3701 2537 3710
15039 2410 313 314 1872
15040 2421 2539 2582 3717
15041 2636 2639 2631 3712
15042 2577 3699 2569 3709
15043 2548 3704 2574 3710
15044 2547 2544 1879 3715
15045 2634 2435 2427 2416
15046 2624 2594 3709 3712
15047 2632 2545 2575 3709
15048 2637 2632 2634 2416
15049 1878 1875 1873 3707
15050 2605 2661 2585 3703
15051 2577 2553 3699 3712
15052 2653 2566 3704 3707
15053 2587 3706 2667 3712
15054 2649 2657 3700 3716
15055 2637 2435 2427 2634
15056 2576 2555 2556 3700
15057 2661 3703 2605 3714
15058 2569 3699 2426 3709
15059 2430 2418 3699 3711
15060 2607 3702 2621 3708
15061 2665 2642 2667 3712
15062 3701 3713 2551 3714
15063 2653 2541 2645 3704
15064 2636 3709 2594 3712
15065 2667 2642 2673 3712
15066 2634 2427 2637 2416
15067 2570 3717 2539 3718
15068 2583 2551 3713 3714
15069 2427 2596 2637 3709
15070 2665 3706 2554 3712
15071 2656 2614 3705 3716
15072 2599 3699 2600 3706
15073 2557 3703 2561 3705
15074 2667 2673 2587 3712
15075 2600 3699 2610 3711
15076 3702 3705 2619 3716
15077 2607 3705 3702 3708
15078 2619 3705 2614 3716
15079 2577 3699 2543 3712
15080 2425 2582 3702 3717
15081 2673 2598 2587 3712
15082 2598 2594 2624 3712
15083 3711 3717 3700 3718
15084 2593 2603 3701 3710
15085 2653 3704 2663 3707
15086 2660 3703 2557 3705
15087 2442 2601 3710 3715
15088 2618 2669 2663 3707
15089 2624 3709 3699 3712
15090 2567 2559 2570 3702
15091 2649 3700 2589 3716
15092 2577 2543 2553 3712
15093 2586 2605 2615 3703
15094 2556 3700 2555 3706
15095 3703 3705 2606 3708
15096 2538 2581 2564 3699
15097 2557 2660 2536 3703
15098 2665 2667 3706 3712
15099 2548 2574 2547 3710
15100 2558 3705 2561 3708
15101 1878 2648 1875 3707
15102 2435 2427 2596 2637
15103 2583 3713 3703 3714
15104 2656 2620 2614 3716
15105 2432 3701 2592 3713
15106 2560 2582 2570 3702
15107 2574 2541 2566 3704
15108 2555 3700 2576 3718
15109 2611 3700 3706 3711
15110 2581 3706 2555 3711
15111 2653 2645 2663 3704
15112 2442 2601 2593 3710
15113 1878 2648 2668 1875
15114 2570 2539 2567 3718
15115 2625 2618 2588 3704
15116 2606 3705 2607 3708
15117 2611 2590 3700 3711
15118 2585 2606 3703 3705
15119 2589 3700 2612 3716
15120 2416 2632 2634 2575
15121 2577 2543 3699 3709
15122 2442 314 2601 3715
15123 2544 2574 3707 3715
15124 2546 2668 1876 1878
15125 2429 2591 2419 3699
15126 2558 3702 2559 3705
15127 2544 2547 2574 3715
15128 2613 2611 2590 3700
15129 2617 2592 2432 3701
15130 2560 3702 2558 3708
15131 2631 3709 2636 3712
15132 2654 2616 2670 3704
15133 2668 1876 1878 1875
15134 2629 3701 2603 3714
15135 2626 3708 2424 3713
15136 2422 3702 2428 3708
15137 2415 2538 2430 3699
15138 3704 3707 2574 3715
15139 2555 3706 3700 3711
15140 2559 3705 3702 3716
15141 2619 3702 2607 3705
15142 2616 2588 2670 3704
15143 2626 3703 3708 3713
15144 2626 2615 3703 3713
15145 2588 2663 2670 3704
15146 2649 2646 2658 3706
15147 2425 2421 2582 3717
15148 2567 2556 2568 3700
15149 2586 2605 3703 3714
15150 2620 2619 2614 3716
15151 2558 2557 2561 3705
15152 2606 2626 3703 3708
15153 2567 3702 3700 3716
15154 2574 3704 2566 3707
15155 2625 2618 3704 3707
15156 2569 2415 2426 3699
15157 3702 3705 2558 3708
15158 2611 3706 2600 3711
15159 2586 3703 2615 3714
15160 2564 2581 2555 3711
15161 2621 3702 2422 3708
15162 2609 2419 2591 3699
15163 467 2639 2598 3712
15164 2555 3711 3700 3718
15165 2560 2558 2578 3708
15166 2419 2426 3699 3709
15167 2436 3701 2434 3710
15168 1873 2597 2628 3707
15169 2599 2610 2600 3699
15170 2624 2609 2591 3699
15171 1876 2668 2546 2572
15172 467 2598 2673 3712
15173 2571 2549 2552 3714
15174 2602 2616 2603 3704
15175 2619 2621 2607 3702
15176 2635 2435 2596 2637
15177 2551 3701 2550 3713
15178 2593 3701 2436 3710
15179 2665 2554 2671 3712
15180 2541 2571 2645 3704
15181 2606 2626 2615 3703
15182 2637 2635 2435 2634
15183 2621 2584 2413 3702
15184 2654 2670 2645 3704
15185 2660 2651 2536 3703
15186 2650 2585 2661 3703
15187 2647 2661 2605 3714
15188 2620 2589 2612 3716
15189 2436 2593 2617 3701
15190 2561 3708 3703 3713
15191 1877 1872 1879 3715
15192 2569 2426 2545 3709
15193 2593 2602 2603 3710
15194 2561 3703 2583 3713
15195 2590 2438 2423 3711
15196 2537 3701 2549 3710
15197 2550 2431 2565 3713
15198 2546 2566 2662 3707
15199 2650 3703 2660 3705
15200 2592 3701 2629 3713
15201 2549 3701 2551 3714
15202 1877 2544 3707 3715
15203 2559 2535 3705 3716
15204 2586 2615 2629 3714
15205 2612 3702 2619 3716
15206 2418 2610 3699 3711
15207 2416 2575 2545 3709
15208 2436 2617 2432 3701
15209 2596 2623 2435 2635
15210 2585 3703 2650 3705
15211 2645 2571 2655 3704
15212 314 1882 2601 3715
15213 2666 2597 2622 1875
15214 2656 2652 2620 3716
15215 2425 2560 2428 3702
15216 2609 2419 3699 3709
15217 2585 2607 2606 3705
15218 2415 2430 2418 3699
15219 2629 2603 2586 3714
15220 2599 2600 2587 3706
15221 2669 2618 2597 3707
15222 2550 2549 2537 3701
15223 2624 3699 2599 3712
15224 2615 2592 2629 3713
15225 2540 3708 2561 3713
15226 2430 2564 2414 3711
15227 2567 2559 3702 3716
15228 2560 2425 2582 3702
15229 3699 3709 2543 3712
15230 2537 398 2550 2434
15231 2614 2585 2656 3705
15232 2540 2565 2431 3713
15233 2620 2652 2589 3716
15234 2621 2413 2422 3702
15235 2417 3701 2432 3713
15236 2554 2542 2671 3712
15237 314 1872 1882 3715
15238 2600 2611 2604 3706
15239 2645 2655 2654 3704
15240 2421 2539 3717 3718
15241 2415 2569 2538 3699
15242 2662 2566 2653 3707
15243 2550 2417 2431 3713
15244 2568 2567 3700 3716
15245 2577 2569 2543 3709
15246 2593 2603 2617 3701
15247 2619 3702 2612 3717
15248 2550 3701 2417 3713
15249 2625 3707 3704 3715
15250 2609 3699 2624 3709
15251 2598 2599 2587 3712
15252 2631 2633 3709 3712
15253 2614 2619 2607 3705
15254 2419 2426 2415 3699
15255 2624 2599 2598 3712
15256 2564 2563 2414 3711
15257 2442 2593 2436 3710
15258 467 2673 2642 3712
15259 2586 2603 2616 3714
15260 2585 2606 2605 3703
15261 2642 2665 2671 3712
15262 2669 2597 2648 3707
15263 2653 2541 2566 438
15264 2626 2608 2424 3708
15265 467 2631 2639 3712
15266 2535 2660 2557 3705
15267 2420 2626 2424 3713
15268 2535 2558 2559 3705
15269 2623 2596 464 2635
15270 1876 2546 318 2572
15271 2609 2596 2427 3709
15272 2536 2583 3703 3714
15273 2534 2556 2555 3706
15274 2541 2653 2645 438
15275 2669 2653 2663 3707
15276 2656 3705 2644 3716
15277 2658 2667 2604 3706
15278 2651 3703 2661 3714
15279 2629 2592 2617 3701
15280 2602 3704 3710 3715
15281 456 2585 2605 2661
15282 2565 2551 2550 3713
15283 2416 2545 2426 3709
15284 2549 2551 2552 3714
15285 2534 2554 2646 3706
15286 2413 3702 2584 3717
15287 2651 2536 3703 3714
15288 2420 2432 2592 3713
15289 2612 2589 2611 3700
15290 2620 2612 2619 3716
15291 2419 2415 2429 3699
15292 2646 2554 2665 3706
15293 2604 2667 2587 3706
15294 2429 2415 2418 3699
15295 2540 2431 2412 3713
15296 2586 2647 2605 3714
15297 2668 2648 2666 1875
15298 2640 2543 2633 3712
15299 2425 2428 2422 3702
15300 2559 2558 2560 3702
15301 2651 2580 2536 3714
15302 2640 2633 2631 3712
15303 2663 2645 2670 3704
15304 2543 3709 2633 3712
15305 2434 2436 2417 3701
15306 2536 2580 2583 3714
15307 2564 2555 2563 3711
15308 2536 2561 2557 3703
15309 2585 457 2614 2656
15310 2660 2536 442 2557
15311 2540 2561 2565 3713
15312 467 2642 468 3712
15313 2649 2589 2652 3716
15314 2597 2666 2648 1875
15315 2541 2548 2571 3704
15316 2537 2547 2440 3710
15317 2542 2543 2640 3712
15318 2602 3710 2601 3715
15319 2608 2607 2621 3708
15320 2442 2436 2410 3710
15321 2435 2634 2433 2416
15322 2544 2579 1877 3707
15323 2585 2650 2656 3705
15324 2565 2561 2583 3713
15325 2631 2633 2636 3709
15326 2604 2587 2600 3706
15327 2537 2440 2434 3710
15328 2555 2563 3711 3718
15329 2602 2593 2601 3710
15330 2565 2583 2551 3713
15331 2546 1878 2579 3707
15332 2417 2550 398 2434
15333 2613 2423 2437 3717
15334 2555 2576 2563 3718
15335 2611 2600 2590 3711
15336 2535 2644 2660 3705
15337 2565 2540 2431 400
15338 2424 3708 2412 3713
15339 467 468 2631 3712
15340 2414 2430 405 2564
15341 2620 2614 458 2656
15342 2537 2549 2548 3710
15343 2440 17 313 1879
15344 2602 2588 2616 3704
15345 2634 2433 2416 2575
15346 2657 446 2534 2568
15347 2599 2591 2610 3699
15348 2650 2651 2660 3703
15349 2627 2637 2596 3709
15350 2540 2412 3708 3713
15351 406 2430 2538 2564
15352 2581 2554 2555 3706
15353 2433 2634 2573 2575
15354 2612 3700 2613 3717
15355 2535 2644 3705 3716
15356 2424 2608 2422 3708
15357 2605 2606 2615 3703
15358 2576 2556 2567 3700
15359 2612 2611 2613 3700
15360 2625 2595 3707 3715
15361 2560 2570 2559 3702
15362 2427 2419 2609 3709
15363 2425 2422 2413 3702
15364 2608 2606 2607 3708
15365 2671 2542 468 3712
15366 452 2588 2618 2663
15367 2417 2436 2432 3701
15368 2621 2619 2584 3702
15369 2621 2422 2608 3708
15370 2618 2628 2597 3707
15371 2666 2643 2668 1871
15372 2551 2549 2550 3701
15373 2579 2566 2546 3707
15374 443 2535 2660 2557
15375 2563 2414 405 2564
15376 2538 2577 2553 3699
15377 2576 3700 2567 3718
15378 2664 2568 2657 3716
15379 2550 2565 2431 399
15380 2536 2660 442 2651
15381 2571 2552 2655 3714
15382 2597 2622 450 2666
15383 2661 2651 2650 3703
15384 2619 2584 3702 3717
15385 2613 2590 390 2423
15386 2535 2557 2558 3705
15387 2538 2553 2581 3699
15388 2568 2562 2567 3716
15389 2653 2648 2662 3707
15390 2425 3702 2413 3717
15391 2420 2417 2432 3713
15392 2626 2592 2615 3713
15393 2412 2428 2578 3708
15394 2629 2617 2603 3701
15395 2625 2595 2618 3707
15396 2571 2541 2645 439
15397 437 2653 2662 2566
15398 2585 457 2656 2650
15399 2654 2647 2616 3714
15400 2544 2574 2566 3707
15401 2416 2426 2419 3709
15402 2640 468 2542 3712
15403 2412 2431 2540 400
15404 2659 2580 2651 3714
15405 403 2582 2421 2539
15406 2558 2561 2540 3708
15407 2591 392 2610 2429
15408 2576 2567 2539 3718
15409 2563 2414 3711 3718
15410 2585 2614 2607 3705
15411 2609 2627 2596 3709
15412 2427 2416 2419 3709
15413 2585 456 2650 2661
15414 2605 455 2661 2647
15415 2616 2647 2586 3714
15416 2583 2561 2536 3703
15417 2655 2552 2659 3714
15418 2578 2558 2540 3708
15419 2662 2546 437 2566
15420 2591 393 2429 2419
15421 2583 2552 2551 3714
15422 2669 452 2618 2663
15423 2671 468 2642 3712
15424 2568 2664 2562 3716
15425 2440 2410 2434 3710
15426 2438 390 2590 2423
15427 2412 2578 2540 3708
15428 2535 2562 2644 3716
15429 2534 2555 2554 3706
15430 2554 2553 2542 3712
15431 2667 2646 2665 3706
15432 446 2646 2657 2534
15433 2656 458 2620 2652
15434 2606 2608 2626 3708
15435 2633 2545 2632 3709
15436 459 2589 2620 2652
15437 2619 2612 2584 3717
15438 2554 2665 2671 448
15439 2647 2651 2661 3714
15440 1878 1877 2579 3707
15441 2559 2562 2535 3716
15442 2535 2660 2644 443
15443 2649 2664 2657 3716
15444 2667 2604 461 2658
15445 2656 2644 2652 3716
15446 2627 2594 2636 3709
15447 2438 2414 2423 3711
15448 1874 1873 2628 3707
15449 2431 2417 2550 399
15450 2544 2566 2579 3707
15451 2618 2595 2628 3707
15452 2548 2541 2574 3704
15453 1879 2544 320 1877
15454 2587 2604 461 2667
15455 2417 2420 2431 3713
15456 2639 466 2594 2636
15457 2423 3711 2414 3718
15458 406 2430 2415 2538
15459 1873 297 2597 1875
15460 2658 2646 2667 3706
15461 448 2671 2554 2542
15462 393 2591 2609 2419
15463 2420 2424 2626 386
15464 2595 1874 2628 3707
15465 2613 390 2437 2423
15466 2672 435 2572 1881
15467 2626 2420 2592 3713
15468 2420 2424 2412 3713
15469 2648 2653 2669 3707
15470 2635 2596 464 2637
15471 1876 318 2546 1878
15472 394 2609 2596 2427
15473 2622 2597 297 1875
15474 2562 2535 2644 444
15475 320 2547 2544 1879
15476 2594 2598 466 2639
15477 2413 2584 2621 388
15478 2597 2628 297 1873
15479 2537 2548 2547 3710
15480 2545 2543 2569 3709
15481 2602 2625 3704 3715
15482 2412 2422 2428 3708
15483 2553 2543 2542 3712
15484 314 15 2442 2601
15485 455 2605 2586 2647
15486 2601 1882 2595 3715
15487 1874 3707 2595 3715
15488 2424 2422 2412 3708
15489 2567 2562 2559 3716
15490 2418 2610 392 2429
15491 1877 3707 1874 3715
15492 2568 2664 2657 445
15493 2640 2631 468 3712
15494 2645 2655 2571 439
15495 2610 2438 2590 3711
15496 2644 2562 2664 3716
15497 17 2440 2547 1879
15498 2424 2422 2608 387
15499 2618 2597 451 2669
15500 2582 402 2425 2560
15501 2655 2659 2552 440
15502 396 2623 2638 2439
15503 2666 450 2597 2648
15504 1876 2672 2572 1881
15505 2439 2623 2638 2635
15506 314 15 2601 1882
15507 2426 2415 2569 407
15508 2431 2420 2412 3713
15509 2545 2633 2543 3709
15510 2664 2568 2562 445
15511 2589 459 2649 2652
15512 2609 394 2419 2427
15513 2644 2664 2562 444
15514 2595 2601 295 1882
15515 2588 2602 2625 3704
15516 2584 2613 2437 3717
15517 2552 2583 2580 3714
15518 2552 2580 2659 3714
15519 2430 2414 2418 3711
15520 2609 2624 2594 3709
15521 2650 2660 2644 3705
15522 2640 2542 431 2543
15523 2413 2584 2437 3717
15524 2595 1882 1874 3715
15525 2421 2425 2582 403
15526 2422 2413 2621 388
15527 2421 3717 2423 3718
15528 2538 2569 2415 407
15529 2663 452 2588 2670
15530 2575 2632 2634 433
15531 2659 2651 2647 3714
15532 2637 2627 2636 3709
15533 2650 2644 2656 3705
15534 2572 435 317 1881
15535 2410 2436 2434 3710
15536 2428 2425 402 2560
15537 2545 2633 2632 432
15538 2610 2418 2438 3711
15539 384 2432 2436 2617
15540 2608 2626 2424 386
15541 2436 2593 384 2617
15542 25 468 2671 2542
15543 2621 2608 2422 387
15544 436 2546 2668 2572
15545 1871 2668 2666 1875
15546 2599 2624 2591 3699
15547 2437 2423 2421 3717
15548 2552 2571 2655 440
15549 2610 2590 2600 3711
15550 1874 1878 1873 3707
15551 2575 2545 2632 433
15552 453 2616 2588 2670
15553 2594 2627 2609 3709
15554 431 2633 2640 2543
15555 397 2440 2537 2547
15556 2442 383 2593 2601
15557 1878 1874 1877 3707
15558 454 2616 2654 2647
15559 2668 2662 2546 436
15560 2587 462 2598 2673
15561 1874 2595 295 1882
15562 1871 1876 2668 1875
15563 2437 2584 389 2613
15564 2616 454 2586 2647
15565 463 396 2623 2638
15566 468 25 2640 2542
15567 2573 2433 2575 409
15568 2669 2597 451 2648
15569 2630 2439 2635 2411
15570 2638 2439 2635 2630
15571 1876 2672 1881 1871
15572 2655 2647 2654 3714
15573 2652 2664 2649 3716
15574 1877 1874 1872 3715
15575 2617 385 2432 2592
15576 2434 2440 2537 397
15577 2627 2594 465 2636
15578 2655 2659 2647 3714
15579 2622 449 2666 1880
15580 2544 2579 319 1877
15581 2596 2623 395 2435
15582 2413 2437 2584 389
15583 435 2668 2672 2572
15584 2416 408 2545 2575
15585 453 2616 2670 2654
15586 449 2622 298 1880
15587 2572 317 1876 1881
15588 2623 463 2638 2635
15589 2421 2413 2437 3717
15590 2632 2637 2633 3709
15591 2612 2613 2584 3717
15592 385 2420 2432 2592
15593 2644 2664 2652 3716
15594 2590 2610 391 2438
15595 2421 2425 2413 3717
15596 2566 437 2653 438
15597 2438 2418 2414 3711
15598 404 2539 2421 3718
15599 404 2414 2563 3718
15600 465 2627 2636 2637
15601 402 2578 2428 2560
15602 2668 1876 2672 2572
15603 2634 2573 2575 433
15604 1878 319 2579 1877
15605 410 2433 2641 2573
15606 432 2545 2633 2543
15607 2420 2626 2592 386
15608 449 2674 2666 1880
15609 2641 2441 2433 410
15610 2637 2636 2633 3709
15611 2641 410 2573 434
15612 404 2421 2414 3718
15613 2580 2552 2659 440
15614 296 2628 1874 1873
15615 2436 2442 383 2593
15616 2575 2433 2416 409
15617 439 2541 2645 438
15618 2587 462 2673 2667
15619 403 2421 404 2539
15620 2623 2439 2435 2635
15621 2602 2601 2625 3715
15622 2622 2666 1875 1880
15623 2427 2596 395 2435
15624 2578 401 2428 2412
15625 2433 2630 2411 2641
15626 2579 2546 318 1878
15627 401 2578 2540 2412
15628 2627 464 2596 2637
15629 2625 2601 2595 3715
15630 404 2414 405 2563
15631 2439 396 2623 2435
15632 2441 2433 2411 2641
15633 2433 2634 2641 2573
15634 2666 2643 1871 1880
15635 400 2431 2565 399
15636 404 2563 2539 3718
15637 1874 1882 1872 3715
15638 2418 391 2610 2438
15639 2421 2423 2414 3718
15640 391 390 2590 2438
15641 2614 457 458 2656
15642 2628 2595 296 1874
15643 1875 298 2622 1880
15644 2439 2435 2635 2411
15645 432 2632 2545 433
15646 390 2437 389 2613
15647 386 2424 2608 387
15648 441 2651 2659 2580
15649 2554 447 2665 448
15650 2628 296 297 1873
15651 441 2536 2651 2580
15652 442 443 2660 2557
15653 2634 2641 2573 434
15654 2643 2666 2674 1880
15655 17 2440 397 2547
15656 452 2618 451 2669
15657 383 2442 15 2601
15658 462 26 2598 2673
15659 466 2598 26 2639
15660 2547 320 17 1879
15661 2433 2634 2630 2641
15662 2651 442 2536 441
15663 2576 2539 2563 3718
15664 388 2413 2584 389
15665 405 2430 406 2564
15666 2538 2415 406 407
15667 2666 1871 1875 1880
15668 456 2605 455 2661
15669 2609 394 393 2419
15670 454 455 2586 2647
15671 2589 459 460 2649
15672 452 453 2588 2670
15673 450 451 2597 2648
15674 2674 449 16 1880
15675 2655 2571 439 440
15676 2601 15 295 1882
15677 2591 393 392 2429
15678 431 432 2633 2543
15679 465 2594 466 2636
15680 2604 460 461 2658
15681 457 2585 456 2650
15682 2595 295 296 1874
15683 319 320 2544 1877
15684 2542 25 2640 431
15685 2620 458 459 2652
15686 2592 385 2420 386
15687 2412 2540 401 400
15688 385 2432 384 2617
15689 2657 446 2568 445
15690 435 2672 18 1881
15691 388 2621 2422 387
15692 445 2562 2664 444
15693 23 2441 2641 410
15694 443 2644 2535 444
15695 2537 398 2434 397
15696 435 18 317 1881
15697 25 2671 448 2542
15698 446 447 2646 2534
15699 2411 2630 380 379
15700 2643 323 324 1871
15701 2417 398 2550 399
15702 2610 392 391 2418
15703 2573 410 2433 409
15704 22 396 2638 2439
15705 435 436 2668 2572
15706 449 298 16 1880
15707 410 2641 23 434
15708 2616 453 454 2654
15709 2622 449 450 2666
15710 396 463 22 2638
15711 2662 437 2546 436
15712 2593 383 2436 384
15713 462 2587 461 2667
15714 2622 297 298 1875
15715 402 2578 401 2428
15716 318 317 1876 2572
15717 463 2623 464 2635
15718 2582 2425 402 403
15719 2580 2659 441 440
15720 395 394 2596 2427
15721 2569 408 2426 407
15722 2416 408 2575 409
15723 395 2623 396 2435
15724 2627 465 464 2637
15725 2439 2638 22 380
15726 433 2634 2573 434
15727 2672 324 18 1881
15728 2579 318 319 1878
15729 2674 16 323 1880
15730 2441 379 23 2641
15731 380 2439 2638 2630
15732 1881 2672 324 1871
15733 2630 380 2439 2411
15734 2643 324 2672 1871
15735 3706 2589 2611 2604
15736 3706 2611 2589 3700
15737 1875 3707 2597 1873
15738 2597 3707 1875 2648
15739 3717 2590 3700 2613
15740 3717 3700 2590 3711
15741 3708 2560 2428 2578
15742 3708 2428 2560 3702
15743 3710 2574 3715 3704
15744 3710 3715 2574 2547
15745 2429 2610 3699 2418
15746 2429 3699 2610 2591
15747 2604 2649 460 2658
15748 460 2649 2604 2589
15749 2554 2646 447 2534
15750 2554 447 2646 2665
15751 3700 3702 2612 3716
15752 2612 3702 3700 3717
15753 2434 2550 3701 2417
15754 2434 3701 2550 2537
15755 2440 1879 3710 2547
15756 3710 1879 2440 313
15757 467 2598 26 2673
15758 467 26 2598 2639
15759 2545 2426 408 2416
15760 2545 408 2426 2569
15761 2668 1871 2672 1876
15762 2672 1871 2668 2643
15763 2635 2411 2433 2630
15764 2433 2411 2635 2435
15765 2433 2634 2635 2630
15766 2635 2634 2433 2435
15767 2643 1880 323 1871
15768 323 1880 2643 2674
15769 2411 2641 379 2441
15770 379 2641 2411 2630
$EndElements
