$MeshFormat
4.1 0 8
$EndMeshFormat
$PhysicalNames
14
0 1 "nodeset:x_lock"
0 2 "nodeset:z_lock"
0 3 "nodeset:base"
2 1 "boundary:x_max"
2 2 "boundary:x_min"
2 3 "boundary:z_min"
2 4 "boundary:z_max"
2 5 "boundary:base"
2 6 "boundary:slope_surface"
2 7 "boundary:crest"
3 1 "region:general_foundation"
3 2 "region:weak_foundation"
3 3 "region:slope_mass"
3 4 "region:cover_layer"
$EndPhysicalNames
$Entities
3 0 7 4
1 30 0 0 1 1
2 -115 30 0 1 2
3 24.23076923076922 0 43.30127018922202 1 3
1 30 0 0 30 60 86.60254037844386 1 1 0
2 -175 0 0 -175 30 86.60254037844386 1 2 0
3 -175 0 0 30 60 0 1 3 0
4 -175 0 86.60254037844386 30 60 86.60254037844386 1 4 0
5 -175 0 0 30 0 86.60254037844386 1 5 0
6 -175 20 0 30 60 86.60254037844386 1 6 0
7 -85 59.99999999999999 0 30 60 86.60254037844386 1 7 0
1 -175 0 0 30 20 86.60254037844386 1 1 0
2 -175 20 0 30 30 86.60254037844386 1 2 0
3 -140 30 0 30 60 86.60254037844386 1 3 0
4 -145 30 0 -55 60 86.60254037844386 1 4 0
$EndEntities
$Nodes
14 3522 1 3522
0 1 0 281
1
2
3
4
5
6
7
8
9
10
11
12
19
20
27
28
29
30
31
32
33
34
35
36
37
38
39
40
41
42
43
44
45
46
47
48
49
50
51
52
53
54
55
56
57
58
59
60
61
62
63
64
65
66
67
68
69
70
71
72
73
74
75
76
77
78
79
80
81
82
199
200
201
202
203
204
205
206
207
208
209
210
211
212
213
214
215
216
217
218
219
220
221
222
223
224
225
226
309
310
311
312
313
314
315
316
317
318
319
320
321
322
323
324
325
326
327
328
436
437
438
439
440
441
442
443
444
445
446
447
448
449
450
451
452
453
454
455
456
457
458
459
460
461
462
463
464
465
466
467
468
469
470
471
472
473
474
475
476
477
478
479
480
481
482
483
484
485
486
487
488
489
490
491
492
493
494
495
496
497
498
499
500
501
502
503
504
505
506
507
508
509
510
511
1524
1525
1526
1527
1528
1529
1530
1531
1532
1533
1534
1535
1536
1537
1538
1539
1540
1541
1542
1543
1544
1545
1546
1547
1548
1549
2010
2011
2012
2013
2014
2015
2016
2017
2018
2019
2020
2021
2022
2023
2024
2025
2026
2027
2028
2029
2030
2031
2032
2033
2034
2035
2036
2037
2038
2039
2040
2041
2042
2043
2044
2045
2046
2047
2048
2049
2050
2051
2052
2053
2054
2055
2056
2057
2058
2059
2060
2061
2062
2063
2064
2065
2066
2067
2068
2069
2070
30 0 0
30 20 0
30 20 86.60254037844386
30 0 86.60254037844386
-175 0 0
-175 20 0
-175 20 86.60254037844386
-175 0 86.60254037844386
30 30 0
30 30 86.60254037844386
-175 30 0
-175 30 86.60254037844386
30 60 0
30 60 86.60254037844386
30 6.666666666666651 0
30 13.33333333333329 0
30 20 6.661733875264923
30 20 13.32346775052985
30 20 19.98520162579477
30 20 26.6469355010597
30 20 33.30866937632462
30 20 39.97040325158954
30 20 46.63213712685447
30 20 53.2938710021194
30 20 59.9556048773843
30 20 66.61733875264918
30 20 73.27907262791409
30 20 79.94080650317898
30 6.666666666666651 86.60254037844386
30 13.33333333333329 86.60254037844386
30 0 6.661733875264923
30 0 13.32346775052985
30 0 19.98520162579477
30 0 26.6469355010597
30 0 33.30866937632462
30 0 39.97040325158954
30 0 46.63213712685447
30 0 53.2938710021194
30 0 59.9556048773843
30 0 66.61733875264918
30 0 73.27907262791409
30 0 79.94080650317898
-175 6.666666666666651 0
-175 13.33333333333329 0
-175 20 6.661733875264923
-175 20 13.32346775052985
-175 20 19.98520162579477
-175 20 26.6469355010597
-175 20 33.30866937632462
-175 20 39.97040325158954
-175 20 46.63213712685447
-175 20 53.2938710021194
-175 20 59.9556048773843
-175 20 66.61733875264918
-175 20 73.27907262791409
-175 20 79.94080650317898
-175 6.666666666666651 86.60254037844386
-175 13.33333333333329 86.60254037844386
-175 0 6.661733875264923
-175 0 13.32346775052985
-175 0 19.98520162579477
-175 0 26.6469355010597
-175 0 33.30866937632462
-175 0 39.97040325158954
-175 0 46.63213712685447
-175 0 53.2938710021194
-175 0 59.9556048773843
-175 0 66.61733875264918
-175 0 73.27907262791409
-175 0 79.94080650317898
30 24.99999999999999 0
30 30 6.661733875264923
30 30 13.32346775052985
30 30 19.98520162579477
30 30 26.6469355010597
30 30 33.30866937632462
30 30 39.97040325158954
30 30 46.63213712685447
30 30 53.2938710021194
30 30 59.9556048773843
30 30 66.61733875264918
30 30 73.27907262791409
30 30 79.94080650317898
30 24.99999999999999 86.60254037844386
-175 24.99999999999999 0
-175 30 6.661733875264923
-175 30 13.32346775052985
-175 30 19.98520162579477
-175 30 26.6469355010597
-175 30 33.30866937632462
-175 30 39.97040325158954
-175 30 46.63213712685447
-175 30 53.2938710021194
-175 30 59.9556048773843
-175 30 66.61733875264918
-175 30 73.27907262791409
-175 30 79.94080650317898
-175 24.99999999999999 86.60254037844386
30 35.99999999999999 0
30 42 0
30 48.00000000000001 0
30 54.00000000000001 0
30 60 6.661733875264923
30 60 13.32346775052985
30 60 19.98520162579477
30 60 26.6469355010597
30 60 33.30866937632462
30 60 39.97040325158954
30 60 46.63213712685447
30 60 53.2938710021194
30 60 59.9556048773843
30 60 66.61733875264918
30 60 73.27907262791409
30 60 79.94080650317898
30 35.99999999999999 86.60254037844386
30 42 86.60254037844386
30 48.00000000000001 86.60254037844386
30 54.00000000000001 86.60254037844386
30 5.769230769230743 69.94820569028165
30 14.23076923076925 56.62473793975185
30 14.23076923076923 29.97780243869217
30 14.23076923076922 43.301270189222
30 14.23076923076922 16.65433468816231
30 9.999999999999988 6.250606578017639
30 9.999999999999986 80.35193380042625
30 5.769230769230767 49.96300406448694
30 5.769230769230774 23.31606856342723
30 5.769230769230774 36.63953631395708
30 14.23076923076926 69.94820569028165
30 5.769230769230796 63.28647181501679
30 5.769230769230766 56.62473793975188
30 14.23076923076921 63.28647181501679
30 14.23076923076922 23.31606856342725
30 14.23076923076921 49.96300406448691
30 5.769230769230781 29.97780243869215
30 5.76923076923079 43.30127018922203
30 5.769230769230773 16.65433468816231
30 14.23076923076924 36.63953631395708
30 14.89159891598916 76.41454665959282
30 14.89159891598915 10.18799371885109
30 5.108401084010834 10.18799371885108
30 5.108401084010828 76.41454665959283
30 10 59.95560487738432
30 10 53.29387100211939
30 10.00000000000001 66.61733875264927
30 10 33.30866937632462
30 10.00000000000001 19.98520162579478
30 10.00000000000001 39.97040325158954
30 10 26.6469355010597
30 10.00000000000001 46.63213712685446
30 9.999999999999996 73.27163817449015
30 9.999999999999996 13.34810180172176
30 15.11882426516573 81.72268491371732
30 15.11882426516572 4.879855464726578
30 4.881175734834253 4.879855464726561
30 4.881175734834246 81.72268491371734
-175 5.769230769230743 69.94820569028165
-175 14.23076923076925 56.62473793975185
-175 14.23076923076923 29.97780243869217
-175 14.23076923076922 43.301270189222
-175 14.23076923076922 16.65433468816231
-175 9.999999999999988 6.250606578017639
-175 9.999999999999986 80.35193380042625
-175 5.769230769230767 49.96300406448694
-175 5.769230769230774 23.31606856342723
-175 5.769230769230774 36.63953631395708
-175 14.23076923076926 69.94820569028165
-175 5.769230769230796 63.28647181501679
-175 5.769230769230766 56.62473793975188
-175 14.23076923076921 63.28647181501679
-175 14.23076923076922 23.31606856342725
-175 14.23076923076921 49.96300406448691
-175 5.769230769230781 29.97780243869215
-175 5.76923076923079 43.30127018922203
-175 5.769230769230773 16.65433468816231
-175 14.23076923076924 36.63953631395708
-175 14.89159891598916 76.41454665959282
-175 14.89159891598915 10.18799371885109
-175 5.108401084010834 10.18799371885108
-175 5.108401084010828 76.41454665959283
-175 10 59.95560487738432
-175 10 53.29387100211939
-175 10.00000000000001 66.61733875264927
-175 10 33.30866937632462
-175 10.00000000000001 19.98520162579478
-175 10.00000000000001 39.97040325158954
-175 10 26.6469355010597
-175 10.00000000000001 46.63213712685446
-175 9.999999999999996 73.27163817449015
-175 9.999999999999996 13.34810180172176
-175 15.11882426516573 81.72268491371732
-175 15.11882426516572 4.879855464726578
-175 4.881175734834253 4.879855464726561
-175 4.881175734834246 81.72268491371734
30 25 69.94820569028164
30 25 63.28647181501671
30 25 56.62473793975185
30 24.97609990741858 76.46832107330027
30 25 49.96300406448694
30 25 23.31606856342723
30 25 36.63953631395708
30 25 29.97780243869217
30 25.02390009258141 10.13421930514366
30 25 16.65433468816231
30 25 43.301270189222
30 25.28106508875739 4.996300406448693
30 24.71893491124255 81.60623997199525
-175 25 69.94820569028164
-175 25 56.62473793975185
-175 24.97609990741858 76.46832107330027
-175 25 63.28647181501671
-175 25 49.96300406448692
-175 25 23.31606856342723
-175 25 36.63953631395708
-175 25 29.97780243869217
-175 25.02390009258141 10.13421930514366
-175 25 16.65433468816231
-175 25 43.301270189222
-175 25.28106508875739 4.996300406448693
-175 24.71893491124255 81.60623997199525
30 45.00277084242752 81.70220783416386
30 44.99738786908716 4.891390235424244
30 35.75943238552515 63.2905252674614
30 35.6290052521847 50.22337223046157
30 35.98408968414415 30.08577661523945
30 54.23076923076925 56.62473793975185
30 54.18213780967287 43.2898325714137
30 54.23885950229825 23.29184442884311
30 35.96174706107119 16.54132828529644
30 53.9679542844529 70.09290525389257
30 36.05453437296985 76.86240210354698
30 53.95268161614233 9.731909194286647
30 35.79273947312225 69.99095835535582
30 41.49996717631029 66.63160703930237
30 41.52443617173394 59.97992559205238
30 47.25349510233883 63.315568284763
30 47.23207813419343 69.93359210826756
30 46.63852085933318 56.86155945858981
30 41.76599070186015 72.89721807710963
30 54.21380491198916 16.59717269869068
30 48.51203008670875 19.92740246351264
30 48.45746964160223 26.57111233183199
30 42.72725293040428 23.18574669812282
30 42.80581161731592 16.5609762939097
30 42.65297384256004 29.82778111866049
30 48.38796968230421 33.227166918995
30 42.5716865277963 36.48781532445955
30 48.32804056143067 39.88700853999778
30 42.28095146597104 42.67340645966814
30 48.13394962502542 46.85709909890967
30 35.94693572783441 37.03825076474467
30 48.24477590777985 13.66735644966128
30 54.25215717922521 63.3235168284123
30 35.59435899539346 23.3015082740776
30 35.18716862359961 9.428783904248986
30 54.80127054268901 77.16995080672119
30 54.16600306207164 36.61235518424686
30 41.32796402190426 53.61785178285443
30 54.55136495329567 50.02197910471163
30 35.73191950245138 56.67684024534899
30 54.20838364804605 29.94301395688355
30 35.76031248875448 43.88636774968211
30 39 5.093416232675902
30 42.03897179858107 10.69663401538867
30 51.00000000000001 81.509124145768
30 47.95631023018424 75.88788931575931
30 50.79586667524998 4.628981578275601
30 39.20536554433457 81.97084245399938
30 41.59934588002576 48.12602976803595
30 45.69222268811903 51.77934739952212
30 34.2516374010273 82.32420084394626
30 55.74956948592937 4.276775902100608
30 34.25284897721723 4.459265940662957
30 55.74715102278279 82.14327443778093
30 48.07591151121375 8.693186706504179
30 41.92410710566672 77.91022698439242
30 50.73832468499788 66.63589230862347
30 50.75657991873199 60.01435552580026
30 39.33030858112365 19.83261363537125
30 39.30851485080517 26.4689468724081
30 50.37318755680954 53.56633100418338
0 2 0 615
13
14
15
16
21
22
25
26
83
84
85
86
87
88
89
90
91
92
93
94
95
96
97
98
99
100
101
102
103
104
105
106
107
108
109
110
111
112
113
114
115
116
117
118
119
120
121
122
123
124
125
126
127
128
129
130
131
132
133
134
135
136
137
138
139
140
141
142
143
144
145
146
147
148
149
150
151
152
153
154
155
156
157
158
159
160
161
162
163
164
165
166
167
168
169
170
171
172
173
174
175
176
177
178
179
180
181
182
183
184
185
186
187
188
189
190
191
192
193
194
195
196
197
198
227
228
229
230
231
232
233
234
235
236
237
238
239
240
241
242
243
244
245
246
247
248
249
250
251
252
253
254
255
256
257
258
259
260
261
262
263
264
265
266
267
268
269
270
271
272
273
274
275
276
277
278
279
280
329
330
331
332
333
334
335
336
337
338
339
340
341
342
343
344
345
346
347
348
349
350
351
352
353
354
355
356
357
358
359
360
361
376
377
378
379
380
381
382
383
384
410
411
412
413
414
415
416
417
418
426
427
428
429
430
431
432
433
434
435
512
513
514
515
516
517
518
519
520
521
522
523
524
525
526
527
528
529
530
531
532
533
534
535
536
537
538
539
540
541
542
543
544
545
546
547
548
549
550
551
552
553
554
555
556
557
558
559
560
561
562
563
564
565
566
567
568
569
570
571
572
573
574
575
576
577
578
579
580
581
582
583
584
585
586
587
588
589
590
591
592
593
594
595
596
597
598
599
600
601
602
603
604
605
606
607
608
609
610
611
612
613
614
615
616
617
618
619
620
621
622
623
624
625
626
627
628
629
630
631
632
633
634
635
636
637
638
639
640
641
642
643
644
645
646
647
648
649
650
651
652
653
654
655
656
657
658
659
660
661
662
663
664
665
666
667
668
669
670
671
672
673
674
675
676
677
678
679
680
681
682
683
684
685
686
687
688
689
1550
1551
1552
1553
1554
1555
1556
1557
1558
1559
1560
1561
1562
1563
1564
1565
1566
1567
1568
1569
1570
1571
1572
1573
1574
1575
1576
1577
1578
1579
1580
1581
1582
1583
1584
1585
1586
1587
1588
1589
1590
1591
1592
1593
1594
1595
1596
1597
1598
1599
1600
1601
1602
1603
1604
1605
1606
1607
1608
1609
2071
2072
2073
2074
2075
2076
2077
2078
2079
2080
2081
2082
2083
2084
2085
2086
2087
2088
2089
2090
2091
2092
2093
2094
2095
2096
2097
2098
2099
2100
2101
2102
2103
2104
2105
2106
2107
2108
2109
2110
2111
2112
2113
2114
2115
2116
2117
2118
2119
2120
2121
2122
2123
2124
2125
2126
2127
2128
2129
2130
2131
2132
2133
2134
2135
2136
2137
2138
2139
2352
2353
2354
2355
2356
2357
2358
2359
2360
2361
2362
2363
2364
2365
2366
2367
2368
2369
2370
2371
2372
2373
2374
2375
2376
2377
2378
2379
2380
2381
2382
2383
2384
2385
2386
2387
2388
2389
2390
2391
2392
2393
2394
2395
2396
2397
2398
2399
2400
2401
2402
2403
2404
2405
2406
2407
2408
2409
2410
2411
2412
2413
2414
2415
2416
2417
2418
2419
2420
-115 30 0
-120 30 0
-115 30 86.60254037844386
-120 30 86.60254037844386
-55 60 0
-55 60 86.60254037844386
-60 60 86.60254037844386
-60 60 0
23.16666666666667 0 0
16.33333333333335 0 0
9.500000000000028 0 0
2.6666666666667 0 0
-4.166666666666615 0 0
-10.99999999999992 0 0
-17.83333333333324 0 0
-24.66666666666655 0 0
-31.49999999999989 0 0
-38.33333333333323 0 0
-45.16666666666657 0 0
-51.9999999999999 0 0
-58.83333333333324 0 0
-65.66666666666659 0 0
-72.49999999999993 0 0
-79.33333333333326 0 0
-86.1666666666666 0 0
-92.99999999999993 0 0
-99.83333333333329 0 0
-106.6666666666666 0 0
-113.4999999999999 0 0
-120.3333333333333 0 0
-127.1666666666666 0 0
-133.9999999999999 0 0
-140.8333333333333 0 0
-147.6666666666666 0 0
-154.5 0 0
-161.3333333333333 0 0
-168.1666666666667 0 0
23.16666666666667 20 0
16.33333333333335 20 0
9.500000000000028 20 0
2.6666666666667 20 0
-4.166666666666615 20 0
-10.99999999999992 20 0
-17.83333333333324 20 0
-24.66666666666655 20 0
-31.49999999999989 20 0
-38.33333333333323 20 0
-45.16666666666657 20 0
-51.9999999999999 20 0
-58.83333333333324 20 0
-65.66666666666659 20 0
-72.49999999999993 20 0
-79.33333333333326 20 0
-86.1666666666666 20 0
-92.99999999999993 20 0
-99.83333333333329 20 0
-106.6666666666666 20 0
-113.4999999999999 20 0
-120.3333333333333 20 0
-127.1666666666666 20 0
-133.9999999999999 20 0
-140.8333333333333 20 0
-147.6666666666666 20 0
-154.5 20 0
-161.3333333333333 20 0
-168.1666666666667 20 0
23.16666666666667 0 86.60254037844386
16.33333333333335 0 86.60254037844386
9.500000000000028 0 86.60254037844386
2.6666666666667 0 86.60254037844386
-4.166666666666615 0 86.60254037844386
-10.99999999999992 0 86.60254037844386
-17.83333333333324 0 86.60254037844386
-24.66666666666655 0 86.60254037844386
-31.49999999999989 0 86.60254037844386
-38.33333333333323 0 86.60254037844386
-45.16666666666657 0 86.60254037844386
-51.9999999999999 0 86.60254037844386
-58.83333333333324 0 86.60254037844386
-65.66666666666659 0 86.60254037844386
-72.49999999999993 0 86.60254037844386
-79.33333333333326 0 86.60254037844386
-86.1666666666666 0 86.60254037844386
-92.99999999999993 0 86.60254037844386
-99.83333333333329 0 86.60254037844386
-106.6666666666666 0 86.60254037844386
-113.4999999999999 0 86.60254037844386
-120.3333333333333 0 86.60254037844386
-127.1666666666666 0 86.60254037844386
-133.9999999999999 0 86.60254037844386
-140.8333333333333 0 86.60254037844386
-147.6666666666666 0 86.60254037844386
-154.5 0 86.60254037844386
-161.3333333333333 0 86.60254037844386
-168.1666666666667 0 86.60254037844386
23.16666666666667 20 86.60254037844386
16.33333333333335 20 86.60254037844386
9.500000000000028 20 86.60254037844386
2.6666666666667 20 86.60254037844386
-4.166666666666615 20 86.60254037844386
-10.99999999999992 20 86.60254037844386
-17.83333333333324 20 86.60254037844386
-24.66666666666655 20 86.60254037844386
-31.49999999999989 20 86.60254037844386
-38.33333333333323 20 86.60254037844386
-45.16666666666657 20 86.60254037844386
-51.9999999999999 20 86.60254037844386
-58.83333333333324 20 86.60254037844386
-65.66666666666659 20 86.60254037844386
-72.49999999999993 20 86.60254037844386
-79.33333333333326 20 86.60254037844386
-86.1666666666666 20 86.60254037844386
-92.99999999999993 20 86.60254037844386
-99.83333333333329 20 86.60254037844386
-106.6666666666666 20 86.60254037844386
-113.4999999999999 20 86.60254037844386
-120.3333333333333 20 86.60254037844386
-127.1666666666666 20 86.60254037844386
-133.9999999999999 20 86.60254037844386
-140.8333333333333 20 86.60254037844386
-147.6666666666666 20 86.60254037844386
-154.5 20 86.60254037844386
-161.3333333333333 20 86.60254037844386
-168.1666666666667 20 86.60254037844386
23.09523809523808 30 0
16.19047619047617 30 0
9.285714285714256 30 0
2.380952380952344 30 0
-4.523809523809589 30 0
-11.42857142857152 30 0
-18.33333333333345 30 0
-25.23809523809538 30 0
-32.14285714285728 30 0
-39.04761904761918 30 0
-45.95238095238106 30 0
-52.85714285714296 30 0
-59.76190476190484 30 0
-66.66666666666674 30 0
-73.57142857142864 30 0
-80.47619047619052 30 0
-87.38095238095244 30 0
-94.28571428571433 30 0
-101.1904761904762 30 0
-108.0952380952381 30 0
-126.875 30 0
-133.75 30 0
-140.6250000000001 30 0
-147.5000000000001 30 0
-154.3750000000001 30 0
-161.25 30 0
-168.125 30 0
23.09523809523808 30 86.60254037844386
16.19047619047617 30 86.60254037844386
9.285714285714256 30 86.60254037844386
2.380952380952344 30 86.60254037844386
-4.523809523809589 30 86.60254037844386
-11.42857142857152 30 86.60254037844386
-18.33333333333345 30 86.60254037844386
-25.23809523809538 30 86.60254037844386
-32.14285714285728 30 86.60254037844386
-39.04761904761918 30 86.60254037844386
-45.95238095238106 30 86.60254037844386
-52.85714285714296 30 86.60254037844386
-59.76190476190484 30 86.60254037844386
-66.66666666666674 30 86.60254037844386
-73.57142857142864 30 86.60254037844386
-80.47619047619052 30 86.60254037844386
-87.38095238095244 30 86.60254037844386
-94.28571428571433 30 86.60254037844386
-101.1904761904762 30 86.60254037844386
-108.0952380952381 30 86.60254037844386
-126.875 30 86.60254037844386
-133.75 30 86.60254037844386
-140.6250000000001 30 86.60254037844386
-147.5000000000001 30 86.60254037844386
-154.3750000000001 30 86.60254037844386
-161.25 30 86.60254037844386
-168.125 30 86.60254037844386
-109 33 0
-103 36 0
-97.00000000000001 39 0
-91.00000000000004 41.99999999999998 0
-85.00000000000003 44.99999999999999 0
-79.00000000000001 47.99999999999999 0
-73 51.00000000000001 0
-66.99999999999997 54.00000000000001 0
-60.99999999999997 57.00000000000001 0
23.46153846153847 60 0
16.92307692307694 60 0
10.38461538461542 60 0
3.846153846153907 60 0
-2.692307692307629 60 0
-9.230769230769177 60 0
-15.76923076923072 60 0
-22.30769230769227 60 0
-28.84615384615382 60 0
-35.38461538461536 60 0
-41.92307692307691 60 0
-48.46153846153845 60 0
23.46153846153847 60 86.60254037844386
16.92307692307694 60 86.60254037844386
10.38461538461542 60 86.60254037844386
3.846153846153907 60 86.60254037844386
-2.692307692307629 60 86.60254037844386
-9.230769230769177 60 86.60254037844386
-15.76923076923072 60 86.60254037844386
-22.30769230769227 60 86.60254037844386
-28.84615384615382 60 86.60254037844386
-35.38461538461536 60 86.60254037844386
-41.92307692307691 60 86.60254037844386
-48.46153846153845 60 86.60254037844386
-109 33 86.60254037844386
-103 36 86.60254037844386
-97.00000000000001 38.99999999999999 86.60254037844386
-91.00000000000003 41.99999999999999 86.60254037844386
-85.00000000000003 44.99999999999999 86.60254037844386
-79.00000000000001 47.99999999999999 86.60254037844386
-73 51 86.60254037844386
-66.99999999999997 54.00000000000001 86.60254037844386
-60.99999999999997 57.00000000000001 86.60254037844386
-114 33 86.60254037844386
-108 36 86.60254037844386
-102 38.99999999999999 86.60254037844386
-96.00000000000003 41.99999999999999 86.60254037844386
-90.00000000000003 44.99999999999999 86.60254037844386
-84.00000000000001 47.99999999999999 86.60254037844386
-78 51 86.60254037844386
-71.99999999999997 54.00000000000001 86.60254037844386
-65.99999999999997 57.00000000000001 86.60254037844386
-57.5 60 0
-114 33 0
-108 36 0
-102 39 0
-96.00000000000004 41.99999999999998 0
-90.00000000000003 44.99999999999999 0
-84.00000000000001 47.99999999999999 0
-78 51.00000000000001 0
-71.99999999999997 54.00000000000001 0
-65.99999999999997 57.00000000000001 0
23.60879233549678 9.999999999999986 0
-168.6087923354968 9.999999999999943 0
-7.583333333333279 14.08215974080636 0
6.083333333333368 14.08215974080635 0
-21.2499999999999 5.917840259193647 0
-103.25 5.917840259193647 0
-130.5833333333333 5.917840259193647 0
-157.9166666666667 5.917840259193647 0
-48.58333333333321 5.917840259193659 0
-75.91666666666659 5.917840259193659 0
-89.58333333333323 5.917840259193659 0
-34.91666666666654 14.08215974080633 0
-116.9166666666666 14.08215974080633 0
-62.24999999999989 5.917840259193672 0
-144.2499999999999 5.917840259193672 0
-151.0833333333333 14.08215974080634 0
-96.41666666666657 14.08215974080635 0
-0.7499999999999538 5.917840259193644 0
12.91666666666669 5.917840259193655 0
-69.08333333333331 14.08215974080633 0
-82.74999999999994 14.08215974080634 0
-55.41666666666657 14.08215974080633 0
-137.4166666666667 14.08215974080634 0
-21.24999999999989 14.08215974080635 0
-34.91666666666654 5.917840259193666 0
-116.9166666666666 5.917840259193672 0
6.083902454852637 5.9175116767313 0
-151.0833333333332 5.917840259193706 0
-96.41666666666671 5.917840259193776 0
-103.25 14.08215974080635 0
-130.5833333333334 14.08215974080644 0
-123.7500000000001 14.08215974080629 0
-62.24999999999996 14.0821597408063 0
-123.7500000000001 5.917840259193802 0
-41.74999999999994 14.08215974080634 0
-157.9166666666667 14.08215974080645 0
-69.08333333333323 5.917840259193682 0
-14.41666666666656 5.917840259193644 0
-0.749999999999968 14.08215974080635 0
-144.2499999999999 14.08215974080647 0
-28.0833333333332 14.08215974080635 0
-7.58333333333325 5.917840259193651 0
-82.74999999999989 5.917840259193691 0
12.91666666666669 14.08215974080635 0
-41.74999999999987 5.917840259193694 0
-55.41666666666652 5.917840259193659 0
-28.08333333333323 5.917840259193633 0
-110.0833333333333 5.917840259193627 0
-14.41666666666656 14.08215974080639 0
-89.58333333333321 14.08215974080638 0
-110.0833333333335 14.08215974080672 0
-75.91666666666667 14.08215974080633 0
-48.58333333333324 14.08215974080636 0
-137.4166666666665 5.917840259193617 0
19.56922911707202 5.128135788977541 0
19.56922911707201 14.87186421102245 0
-164.5692291170721 14.87186421102242 0
-164.569229117072 5.128135788977529 0
9.500088244885006 10 0
2.667050848313011 9.999688064255784 0
-92.99999999999996 10.00000000000002 0
-154.5000000000004 10.00000000000031 0
-24.66666666666654 10 0
-17.83333333333323 10.00000000000001 0
-147.6666666666667 10.00000000000012 0
-10.99999999999991 10.00000000000001 0
-134 10.00000000000003 0
-4.166602636392227 9.9999480107093 0
-31.49999999999987 10.00000000000001 0
-106.6666666666667 10.00000000000005 0
-120.3333333333334 9.999999999999975 0
-113.4999999999999 10 0
-86.16666666666656 10 0
-58.83333333333321 9.999999999999996 0
-127.1666666666667 10.00000000000003 0
-99.83333333333331 10.00000000000003 0
-51.99999999999989 10 0
-38.33333333333324 10.00000000000002 0
-140.8333333333333 10.00000000000009 0
-45.16666666666657 10.00000000000001 0
-72.49999999999991 9.999999999999996 0
-65.66666666666659 9.999999999999996 0
-79.33333333333321 9.999999999999966 0
16.34677869130987 9.999999999999996 0
-161.3467639838291 10.00000000000005 0
-170.1027078295886 15.14902552532826 0
25.10270782958865 15.14902552532836 0
-170.1027078295886 4.850974474671691 0
25.10270782958867 4.850974474671612 0
23.60879233549678 9.999999999999986 86.60254037844386
-168.6087923354968 9.999999999999943 86.60254037844386
-7.583333333333279 14.08215974080636 86.60254037844386
6.083333333333368 14.08215974080635 86.60254037844386
-21.2499999999999 5.917840259193647 86.60254037844386
-103.25 5.917840259193647 86.60254037844386
-130.5833333333333 5.917840259193647 86.60254037844386
-157.9166666666667 5.917840259193647 86.60254037844386
-76.02703396198666 5.544337998703067 86.60254037844386
-41.53368010117254 5.792947907374598 86.60254037844386
-89.58333333333323 5.917840259193659 86.60254037844386
-55.3062993713465 5.544337998703078 86.60254037844386
-116.9166666666666 14.08215974080633 86.60254037844386
-144.2499999999999 5.917840259193672 86.60254037844386
-151.0833333333333 14.08215974080634 86.60254037844386
-96.41666666666657 14.08215974080635 86.60254037844386
-0.7499999999999538 5.917840259193644 86.60254037844386
12.91666666666669 5.917840259193655 86.60254037844386
-27.97296603801314 14.45566200129692 86.60254037844386
-69.08333333333329 14.39282792125747 86.60254037844386
-48.42881911988512 14.87045694639616 86.60254037844386
-82.74999999999994 14.08215974080634 86.60254037844386
-137.4166666666667 14.08215974080634 86.60254037844386
-116.9166666666666 5.917840259193672 86.60254037844386
6.083902454852637 5.9175116767313 86.60254037844386
-151.0833333333332 5.917840259193706 86.60254037844386
-96.41666666666671 5.917840259193776 86.60254037844386
-62.24999999999994 14.44460595133267 86.60254037844386
-65.6666666666666 8.315983251765676 86.60254037844386
-103.25 14.08215974080635 86.60254037844386
-130.5833333333334 14.08215974080644 86.60254037844386
-123.7500000000001 14.08215974080629 86.60254037844386
-123.7500000000001 5.917840259193802 86.60254037844386
-34.88061335019535 5.586356686772646 86.60254037844386
-37.85863133312873 10.53583085208908 86.60254037844386
-55.3982721174466 14.65959224285518 86.60254037844386
-157.9166666666667 14.08215974080645 86.60254037844386
-21.24999999999991 14.08215974080633 86.60254037844386
-14.41666666666656 5.917840259193644 86.60254037844386
-0.749999999999968 14.08215974080635 86.60254037844386
-144.2499999999999 14.08215974080647 86.60254037844386
-7.58333333333325 5.917840259193651 86.60254037844386
-14.41666666666659 14.08215974080633 86.60254037844386
-82.74999999999989 5.917840259193691 86.60254037844386
12.91666666666669 14.08215974080635 86.60254037844386
-28.08176917098459 5.74294901711068 86.60254037844386
-110.0833333333333 5.917840259193627 86.60254037844386
-89.58333333333321 14.08215974080638 86.60254037844386
-110.0833333333335 14.08215974080672 86.60254037844386
-75.91666666666667 14.25614791333624 86.60254037844386
-48.31256556881463 5.403935385591777 86.60254037844386
-137.4166666666665 5.917840259193617 86.60254037844386
19.56922911707202 5.128135788977541 86.60254037844386
19.56922911707201 14.87186421102245 86.60254037844386
-164.5692291170721 14.87186421102242 86.60254037844386
-164.569229117072 5.128135788977529 86.60254037844386
-34.81915511741245 15.15155551876327 86.60254037844386
-60.86125987426927 4.777729962957685 86.60254037844386
-70.47207345906398 4.777729962957665 86.60254037844386
-44.98061602050015 10.42488998582749 86.60254037844386
9.500088244885006 10 86.60254037844386
2.667050848313011 9.999688064255784 86.60254037844386
-92.99999999999996 10.00000000000002 86.60254037844386
-154.5000000000004 10.00000000000031 86.60254037844386
-147.6666666666667 10.00000000000012 86.60254037844386
-17.83333333333324 9.999999999999986 86.60254037844386
-10.99999999999992 9.999999999999998 86.60254037844386
-24.64801142372176 10.02838040901465 86.60254037844386
-134 10.00000000000003 86.60254037844386
-4.166602636392227 9.999948010709298 86.60254037844386
-106.6666666666667 10.00000000000005 86.60254037844386
-51.87665092188772 10.15525685394889 86.60254037844386
-120.3333333333334 9.999999999999975 86.60254037844386
-113.4999999999999 10 86.60254037844386
-86.16666666666656 10 86.60254037844386
-127.1666666666667 10.00000000000003 86.60254037844386
-99.83333333333331 10.00000000000003 86.60254037844386
-140.8333333333333 10.00000000000009 86.60254037844386
-79.35172788255329 9.971469079393152 86.60254037844386
-41.59787026515437 15.163788883846 86.60254037844386
-31.46794505906625 10.04415451004887 86.60254037844386
-72.6290392831863 9.780754137576025 86.60254037844386
-58.6938051829606 9.835091734017389 86.60254037844386
16.34677869130987 9.999999999999996 86.60254037844386
-161.3467639838291 10.00000000000005 86.60254037844386
-170.1027078295886 15.14902552532826 86.60254037844386
25.10270782958865 15.14902552532836 86.60254037844386
-170.1027078295886 4.850974474671691 86.60254037844386
25.10270782958867 4.850974474671612 86.60254037844386
-117.412189516797 25.10443418079839 0
-123.6453003393012 25.03938090036212 0
-110.6540157131169 24.95547259022379 0
-164.6704708743845 24.98113017996739 0
-157.8686895901752 24.98986718277235 0
19.66660345838564 24.9728713802261 0
-151.0267260428069 24.98905193786946 0
-144.1780654515789 24.98667358686712 0
12.84324343354047 24.98365883547986 0
-137.3282886863742 24.98406365336674 0
5.987762794478979 24.98168690341898 0
-130.4608759487236 25.00390742562148 0
-0.8730712802852452 24.97767344081926 0
-7.734797594333237 24.97340475714334 0
-14.59667261492854 24.96917857063499 0
-21.4585724199484 24.96504450100151 0
-28.32047635570567 24.96101081819412 0
-35.18238097991919 24.95707890053801 0
-42.04428571887539 24.95324897775405 0
-48.9061904769554 24.94952108812907 0
-55.76809523822268 24.94589523804418 0
-62.63000000002125 24.94237142856292 0
-69.49190476190827 24.93894965986253 0
-76.35380952381009 24.93562993197254 0
-83.21571428571436 24.93241224489791 0
-90.07761904761902 24.92929659863945 0
-96.93952380952379 24.9262829931973 0
-103.8965423013925 24.98029259723685 0
-170.1663659233057 24.87670553525627 0
25.16501293974546 24.87620234327197 0
-117.412189516797 25.10443418079839 86.60254037844386
-123.6453003393012 25.03938090036212 86.60254037844386
-110.6540157131169 24.95547259022379 86.60254037844386
-164.6704708743845 24.98113017996739 86.60254037844386
-157.8686895901752 24.98986718277235 86.60254037844386
19.66660345838564 24.9728713802261 86.60254037844386
-151.0267260428069 24.98905193786947 86.60254037844386
-144.178065451579 24.98667358686712 86.60254037844386
12.84324343354047 24.98365883547986 86.60254037844386
-137.3282886863743 24.98406365336674 86.60254037844386
5.987762794478979 24.98168690341898 86.60254037844386
-130.4608759487236 25.00390742562148 86.60254037844386
-0.8730712802852381 24.97767344081926 86.60254037844386
-7.734797594333237 24.97340475714334 86.60254037844386
-14.59667261492854 24.96917857063499 86.60254037844386
-21.4585724199484 24.96504450100151 86.60254037844386
-28.32047635570567 24.96101081819412 86.60254037844386
-35.18238097991919 24.95707890053801 86.60254037844386
-42.0442857188754 24.95324897775405 86.60254037844386
-48.9061904769554 24.94952108812907 86.60254037844386
-55.76809523822268 24.94589523804418 86.60254037844386
-62.63000000002125 24.94237142856292 86.60254037844386
-69.49190476190827 24.93894965986253 86.60254037844386
-76.35380952381009 24.93562993197254 86.60254037844386
-83.21571428571436 24.93241224489791 86.60254037844386
-90.07761904761902 24.92929659863945 86.60254037844386
-96.93952380952376 24.9262829931973 86.60254037844386
-103.8965423013925 24.98029259723685 86.60254037844386
-170.1663659233057 24.87670553525627 86.60254037844386
25.16501293974547 24.87620234327197 86.60254037844386
24.80384757729336 45 0
7.115384615384663 54.33752620602485 0
-5.96153846153841 54.33752620602482 0
-45.03009637806575 54.25878533479193 0
-18.97785532431432 54.25541844289145 0
-32.00869615065693 53.98454199511857 0
-56.23917158083374 36.14943564435712 0
-1.004817671492795 35.97527910545651 0
-14.84311330556335 35.99197331191849 0
-35.47014319354399 35.94120206046482 0
12.68021514213454 35.95512430505286 0
-67.40192378864667 47.30384757729336 0
-55.45765915359108 52.98308147723561 0
-76.56922599649934 35.71376829071307 0
20.39889229423926 54.55388867490759 0
-86.04354584284505 38.15752579480561 0
5.860576113259039 35.93576535351315 0
2.456337497477499 41.84608481856596 0
-4.361014906949208 41.93854417773812 0
-1.061767286672477 47.80963069172165 0
-7.941665395197731 35.97796154444433 0
-11.43726231245523 41.92498805961956 0
-18.27123178933381 41.86887013397949 0
-15.08725979062577 47.91756269610751 0
-21.75686976923616 47.76188538115338 0
-25.0345274244397 41.84360424247508 0
-28.54843580604405 47.88553181018587 0
-8.0863536705154 47.87871752600231 0
9.245523465851502 41.80649237283062 0
15.63737586216357 41.82334682251893 0
12.29785417193771 47.69892063825624 0
19.83281044101835 36.14059079118091 0
-31.75583542567594 41.79225338133087 0
-35.32157034170771 47.98649554085827 0
5.467051779814724 47.82263670363298 0
-42.46672385786246 35.94657801664571 0
-38.79848647104424 41.92808891768076 0
-45.66910909345741 42.07773663594863 0
-42.04498497783342 48.11481130322037 0
-49.62551609185249 48.91489160531629 0
-52.7814784875798 42.1084095364149 0
-49.35435880783072 36.02509740316351 0
-59.66603518452021 41.47522504358405 0
-63.19235557602684 36.03908781864396 0
-70.06996577975016 35.81327037581703 0
-73.34095010748494 42.65030471444197 0
13.68773195274895 54.35709018114306 0
-61.63898828121108 50.73301362254973 0
-25.40761720068292 53.98122960489154 0
0.5769230769231406 54.33752620602483 0
-12.49999999999996 54.33752620602485 0
-38.61884002599267 54.05743902899819 0
-21.63596306152326 36.00128282043175 0
-28.54623691435593 35.92972375078375 0
25.17652970635574 39.22437586697926 0
18.96139100017313 47.48566888521061 0
24.9544284929631 50.7943963939958 0
-92.33826475596405 35.5493796412251 0
-80.30322635486979 40.71837696614394 0
-105.0303776683086 32.56075533661714 0
-66.44878278240574 41.35458294832856 0
-57.00233196824561 46.9898348080619 0
-50.43024485951118 55.08838430185833 0
-98.04368908026609 34.12822868363104 0
20.92258197046246 42 0
25.76297184974817 55.86965701378068 0
25.62091564852243 34.27299333163203 0
-81.86563618238949 34.78866299690299 0
-62.69391293079445 45.66859792649701 0
24.80384757729336 45 86.60254037844386
7.115384615384663 54.33752620602485 86.60254037844386
-5.96153846153841 54.33752620602482 86.60254037844386
-45.03009637806575 54.25878533479193 86.60254037844386
-18.97785532431432 54.25541844289145 86.60254037844386
-32.00869615065693 53.98454199511857 86.60254037844386
-56.23917158083374 36.14943564435712 86.60254037844386
-1.004817671492795 35.97527910545651 86.60254037844386
-14.84311330556335 35.99197331191849 86.60254037844386
-35.47014319354399 35.94120206046482 86.60254037844386
12.68021514213454 35.95512430505286 86.60254037844386
-67.40192378864667 47.30384757729337 86.60254037844386
-55.45765915359107 52.98308147723561 86.60254037844386
-76.56922599649934 35.71376829071308 86.60254037844386
20.39889229423926 54.55388867490759 86.60254037844386
-86.04354584284502 38.15752579480561 86.60254037844386
5.860576113259039 35.93576535351315 86.60254037844386
2.456337497477499 41.84608481856596 86.60254037844386
-4.361014906949208 41.93854417773812 86.60254037844386
-1.061767286672477 47.80963069172165 86.60254037844386
-7.941665395197731 35.97796154444433 86.60254037844386
-11.43726231245523 41.92498805961956 86.60254037844386
-18.27123178933381 41.86887013397949 86.60254037844386
-15.08725979062577 47.91756269610751 86.60254037844386
-21.75686976923616 47.76188538115338 86.60254037844386
-25.0345274244397 41.84360424247508 86.60254037844386
-28.54843580604405 47.88553181018587 86.60254037844386
-8.0863536705154 47.87871752600231 86.60254037844386
9.245523465851502 41.80649237283062 86.60254037844386
15.63737586216357 41.82334682251893 86.60254037844386
12.29785417193771 47.69892063825624 86.60254037844386
19.83281044101835 36.14059079118091 86.60254037844386
-31.75583542567594 41.79225338133087 86.60254037844386
-35.32157034170771 47.98649554085827 86.60254037844386
5.467051779814724 47.82263670363298 86.60254037844386
-42.46672385786246 35.94657801664571 86.60254037844386
-38.79848647104424 41.92808891768076 86.60254037844386
-45.66910909345741 42.07773663594863 86.60254037844386
-42.04498497783342 48.11481130322037 86.60254037844386
-49.62551609185249 48.9148916053163 86.60254037844386
-52.7814784875798 42.10840953641491 86.60254037844386
-49.35435880783072 36.02509740316351 86.60254037844386
-59.66603518452021 41.47522504358404 86.60254037844386
-63.19235557602684 36.03908781864396 86.60254037844386
-70.06996577975015 35.81327037581703 86.60254037844386
-73.34095010748494 42.65030471444197 86.60254037844386
13.68773195274895 54.35709018114306 86.60254037844386
-61.6389882812111 50.73301362254973 86.60254037844386
-25.40761720068292 53.98122960489154 86.60254037844386
0.5769230769231406 54.33752620602483 86.60254037844386
-12.49999999999996 54.33752620602485 86.60254037844386
-38.61884002599267 54.05743902899819 86.60254037844386
-21.63596306152326 36.00128282043175 86.60254037844386
-28.54623691435593 35.92972375078375 86.60254037844386
25.17652970635574 39.22437586697926 86.60254037844386
18.96139100017313 47.48566888521061 86.60254037844386
24.9544284929631 50.7943963939958 86.60254037844386
-92.33826475596403 35.5493796412251 86.60254037844386
-80.30322635486979 40.71837696614394 86.60254037844386
-105.0303776683086 32.56075533661715 86.60254037844386
-66.44878278240574 41.35458294832855 86.60254037844386
-57.00233196824564 46.98983480806189 86.60254037844386
-50.43024485951118 55.08838430185833 86.60254037844386
-98.04368908026609 34.12822868363104 86.60254037844386
20.92258197046246 42 86.60254037844386
25.76297184974817 55.86965701378068 86.60254037844386
25.62091564852243 34.27299333163203 86.60254037844386
-81.86563618238954 34.78866299690303 86.60254037844386
-62.6939129307945 45.66859792649697 86.60254037844386
0 3 0 417
690
691
692
693
694
695
696
697
698
699
700
701
702
703
704
705
706
707
708
709
710
711
712
713
714
715
716
717
718
719
720
721
722
723
724
725
726
727
728
729
730
731
732
733
734
735
736
737
738
739
740
741
742
743
744
745
746
747
748
749
750
751
752
753
754
755
756
757
758
759
760
761
762
763
764
765
766
767
768
769
770
771
772
773
774
775
776
777
778
779
780
781
782
783
784
785
786
787
788
789
790
791
792
793
794
795
796
797
798
799
800
801
802
803
804
805
806
807
808
809
810
811
812
813
814
815
816
817
818
819
820
821
822
823
824
825
826
827
828
829
830
831
832
833
834
835
836
837
838
839
840
841
842
843
844
845
846
847
848
849
850
851
852
853
854
855
856
857
858
859
860
861
862
863
864
865
866
867
868
869
870
871
872
873
874
875
876
877
878
879
880
881
882
883
884
885
886
887
888
889
890
891
892
893
894
895
896
897
898
899
900
901
902
903
904
905
906
907
908
909
910
911
912
913
914
915
916
917
918
919
920
921
922
923
924
925
926
927
928
929
930
931
932
933
934
935
936
937
938
939
940
941
942
943
944
945
946
947
948
949
950
951
952
953
954
955
956
957
958
959
960
961
962
963
964
965
966
967
968
969
970
971
972
973
974
975
976
977
978
979
980
981
982
983
984
985
986
987
988
989
990
991
992
993
994
995
996
997
998
999
1000
1001
1002
1003
1004
1005
1006
1007
1008
1009
1010
1011
1012
1013
1014
1015
1016
1017
1018
1019
1020
1021
1022
1023
1024
1025
1026
1027
1028
1029
1030
1031
1032
1033
1034
1035
1036
1037
1038
1039
1040
1041
1042
1043
1044
1045
1046
1047
1048
1049
1050
1051
1052
1053
1054
1055
1056
1057
1058
1059
1060
1061
1062
1063
1064
1065
1066
1067
1068
1069
1070
1071
1072
1073
1074
1075
1076
1077
1078
1079
1080
1081
1082
1083
1084
1085
1086
1087
1088
1089
1090
1091
1092
1093
1094
1095
1096
1097
1098
1099
1100
1101
1102
1103
1104
1105
1106
24.23076923076922 0 43.30127018922202
-169.0222485028455 0 43.25258040253603
-21.27691040351659 0 6.04533870396466
-103.2517039950118 0 5.917885904372469
-48.58333333333321 0 80.97119577573861
-75.91657741172982 0 80.68468620981308
-123.5162851577211 0 81.09802582404106
-62.24999999999991 0 5.917840259193672
-21.45304496573124 0 81.07851473158519
-130.5883753398714 0 5.918907488068454
-96.41658979748414 0 80.95114763843507
-82.75257892435587 0 5.922572824991434
-41.78657309266377 0 5.951651585457967
-0.7512342385148862 0 5.909260295106247
-1.545806371100873 0 80.56778514567264
-143.6013400679591 0 80.40889705348194
-151.1028180720943 0 5.916355133524245
-168.9915262955956 0 62.92634873702201
24.23076923076926 0 63.28647181501672
23.60668514005859 0 23.5141434677166
-168.9361616483288 0 23.46990469227389
-62.24999999999994 0 80.96556783455856
-116.9166664466011 0 5.91471255478225
-34.27448656302833 0 80.84277323909637
-110.0833333333333 0 80.94514319542648
-157.9166666666667 0 80.68470011925021
12.88347148430983 0 80.51873551521207
12.84579847835786 0 5.874082895156691
-164.5122603449274 0 5.7854075205084
24.49668734284629 0 76.80328003774368
-169.8834316444752 0 76.51657443140394
23.83292782188322 0 10.68141259466455
-157.9041790320107 0 5.911284733482178
-154.577463858472 0 11.86034338793361
-147.7313011457539 0 11.83669623129304
-151.1859891146976 0 17.73390921328384
-144.3625496112107 0 17.72933289777555
-147.7796570400768 0 23.59062718342409
-140.9867443387921 0 23.60819934523942
-144.4061086838524 0 29.47003639509477
-137.5932129134724 0 29.50047371680245
-141.0340818605478 0 35.35288590597121
-134.2410336283896 0 35.39101399516174
-137.6684701670703 0 41.25414252168323
-130.872608179621 0 41.27881926485201
-127.4483070629823 0 35.41434371424188
-124.0713874968638 0 41.30358134531345
-120.644183441523 0 35.4398204707994
-117.2612914282849 0 41.33417365870699
-113.8317826209443 0 35.46378780940921
-110.4454724349644 0 41.36818161022743
-107.0138108662745 0 35.49045915554562
-103.6254357900719 0 41.39714734205612
-100.1925997844521 0 35.50659884807424
-96.80251259805493 0 41.42275838270875
-93.36751970746401 0 35.53795788828047
-89.97664364114559 0 41.45045639966708
-86.54051442724989 0 35.56166175252274
-83.14917278818834 0 41.47445417685434
-79.71211259870844 0 35.58478477366704
-76.32423447621672 0 41.49054739782557
-72.88293273191701 0 35.60816525807009
-69.49019010248384 0 41.51763569735903
-66.05167491026353 0 35.63067112298887
-62.65840013521944 0 41.55313276087093
-59.2201016055929 0 35.65882847104616
-55.82660131791427 0 41.58126140600827
-52.38813913679537 0 35.68257332253921
-48.9944441095426 0 41.60734341528239
-45.55531596388309 0 35.7033646885858
-42.16202217288509 0 41.6324267047353
-38.72267279564028 0 35.7285999165433
-35.32990059599371 0 41.65768288856067
-31.89152551724439 0 35.75505946856327
-28.49913596248952 0 41.68254284014462
-25.06225928699757 0 35.78657572085175
-21.67113644395278 0 41.70651252583045
-18.23539679058362 0 35.81167784307154
-14.85008142656674 0 41.7252551873477
-11.42253726284601 0 35.84631157650659
-134.295203024117 0 47.14995079804648
-86.58746479103657 0 47.36910925678969
-8.04358646701202 0 41.74649762210547
-11.45925308662788 0 47.62343574049823
-113.8797261408843 0 47.24522445146255
-66.09749614555766 0 47.43464302238777
-38.75360716488389 0 47.55304138464599
-4.666094426065811 0 47.64698014866741
-141.0918710079293 0 47.12985724870727
-4.62483356268595 0 35.87374812656981
-25.1055789486351 0 47.60770657866185
-100.2384082911555 0 47.31725253919119
-52.43330645850912 0 47.50987654543106
-137.7176670416154 0 53.01723482227687
-8.079808831209618 0 53.51028198576623
-1.294557464753488 0 53.53746963124167
-144.5069138968437 0 52.99667896204222
-7.99678247731444 0 29.97728768719159
-1.206891678299829 0 30.01580810874463
-28.4491353317336 0 29.86741398284649
-48.92129741769895 0 29.7928770793412
-69.44477063370971 0 29.69611274910765
-89.82736465034367 0 29.62686435658201
-123.9687834000325 0 29.54895632254557
-110.3228599977924 0 29.58641749089121
2.157450115934033 0 35.9191567080705
-147.8327949061302 0 35.37727811046675
-141.140961260444 0 58.87766228327298
-134.3459457785274 0 58.91341712879715
-147.922253160034 0 58.84325804568113
-4.702268230449135 0 59.39516474980984
-11.49492183432972 0 59.38060005960779
2.075138841430299 0 59.40908011667748
5.475433192027332 0 53.56573918182921
-151.2797185852099 0 52.9766308483149
5.565148940561521 0 30.05471526083139
-4.568326884756424 0 24.1173605946711
-11.36653321031671 0 24.07712906323583
-8.111460598881891 0 65.27440437253844
-14.91026534898 0 65.25901036747653
-137.7746751169854 0 64.78424162757048
-130.9702942337969 0 64.82030431378861
-127.5373749629023 0 58.94206593713646
-124.155689976842 0 64.59873151361158
8.916510253227244 0 35.96955178294207
8.842533758702011 0 59.42347800271114
5.446920150473325 0 64.99273474304275
12.22643470017952 0 53.58793767434592
-134.4037431983319 0 70.70019456887194
-154.5857760794958 0 23.64069102856013
-154.6883308613415 0 58.81121003463467
-151.3359360444929 0 64.4544099278796
-11.51920784578275 0 71.16174940132265
-158.0312328025615 0 52.95152361898676
-7.880191075439413 0 18.1192746661729
-0.9352713909262036 0 17.95241156482033
-14.74140018158881 0 18.16747480549553
-154.6385390480389 0 47.12551053685982
-137.485964441668 0 17.73270270948326
-18.29937017774109 0 59.36481911594209
-21.71615145084492 0 65.25765464542874
-120.7279204416427 0 58.92864717719802
-117.3383934625998 0 64.58262306059035
-113.9140319308227 0 58.94752093953608
-110.5175534424531 0 64.59775231349408
-107.0913039314131 0 58.97386306962247
-103.6929605145804 0 64.62569190534911
-100.2663612613309 0 59.002474746028
-96.86613276498146 0 64.649650248162
-93.43998237521528 0 59.03043593575539
-90.03771571050433 0 64.67880864433081
-86.61171502566427 0 59.05936107489408
-83.20802444690516 0 64.70292457024314
-79.77472300349746 0 59.08211147519341
-76.37547373488317 0 64.91111810962424
-86.4321925141311 0 70.56221567513238
-72.94381555857099 0 59.13927327791936
-69.54446602128235 0 64.79244471979682
-66.11944463154259 0 59.15399799789913
-62.71384435957589 0 64.78948070732913
-59.2878201400606 0 59.17596052906368
-55.88195012899743 0 64.81266265208799
-52.45570946943889 0 59.20280392569104
-49.04965183798924 0 64.83534460974292
-45.61611875112149 0 59.23454330814188
-42.21623889718487 0 64.86381979655835
-38.77554907147824 0 59.26806370878545
-35.38514048845349 0 65.18333245640036
-31.94974149524402 0 59.33336767223634
12.39889176967541 0 29.97456673359866
9.237724170210821 0 23.84504282053499
12.11789192228979 0 65.28578116135914
-11.13050894635468 0 12.09092951269353
-157.9215127860639 0 64.71061910918878
8.874729152454819 0 47.73848701296328
-18.17892414843258 0 24.03864696090921
-21.4959749229065 0 18.06471497311
-124.1126104442976 0 53.05693725925974
-76.34303752716139 0 53.24732978587338
15.5631167959459 0 35.89949316962469
-141.8508230593643 0 70.88561207985487
-4.901103968173871 0 70.66856641263198
-154.7476749557067 0 70.51488373404501
-113.7500847958205 0 70.50768344321456
-100.0934362069206 0 70.53429992361686
8.207662080884948 0 71.00038039251068
-65.93594660776979 0 70.60951789595585
-52.27085314643253 0 70.63130723702818
-38.82480807883459 0 71.1520910629748
-31.632042498914 0 70.97196661673966
15.64995192110207 0 70.63814237155596
-162.0998500364086 0 69.968928640087
15.20917821499644 0 47.49963976526016
18.98828135925674 0 53.48313958921442
-8.126696128769709 0 77.06732094945068
-162.5620150011645 0 46.80514474912915
-157.9955808394875 0 41.28507680004872
-164.37410045623 0 52.96095020656884
19.20060718000294 0 29.80761937835916
-138.0820316443321 0 76.38159262738972
-131.9413071731915 0 76.4047883483521
22.96207439054836 0 36.16341958052605
-15.91971037416029 0 76.36609437615215
12.08178231123496 0 41.73817864349548
-151.2400679202401 0 41.26946913921255
5.484042946784591 0 41.80652438341193
-154.6173139753993 0 35.45614333325422
-161.2066706418487 0 35.36533235491623
-157.9578411580708 0 29.58918130959538
-164.6466203829132 0 29.60466271901966
-168.4488410534615 0 36.03789441291918
-161.5329934476468 0 23.65162453276537
-164.779162785454 0 17.6208398369769
-158.100646957454 0 17.81011228546868
-161.3473784602749 0 11.80767039166216
-168.7140636901763 0 11.01744454992397
-144.2857536577533 0 5.926459461103848
-151.197748812183 0 29.50102385290616
-1.262432261217317 0 41.78306370586268
-137.4399508599512 0 5.924319916211013
-134.0152990748556 0 11.83313917724121
-127.1715233763902 0 11.82378068085223
-130.634468485849 0 17.72822517574938
-123.7871713899292 0 17.73127347518515
-134.1161319570548 0 23.62730743328309
-144.4580392940793 0 41.25381276358281
-150.9741368458904 0 80.87683100534782
-147.666657805899 0 74.78956928603526
5.593994719254233 0 80.84884316760623
2.876493633373205 0 75.08975181477967
6.075943728588705 0 5.913573868905118
9.477899391402111 0 11.7919169056617
16.34271674337021 0 11.56905564722687
12.84161450018556 0 17.67969702201556
19.69519664259442 0 17.26881823716728
5.919282992040063 0 17.87570830946918
16.24544952123802 0 23.51426600321783
-162.4701752373536 0 59.23058136920899
15.20528149233225 0 59.52341553367857
-18.2736230772307 0 47.60612034066715
-7.589048971993805 0 5.940046639876069
-4.26993396381787 0 11.96895821766342
-14.41666666666659 0 6.19637892431248
-31.92621835459037 0 47.57255710067193
2.609124825660018 0 11.87335869847302
-123.7516494642077 0 5.913608284740469
-1.354458258660955 0 64.86454905466655
-25.11884529553015 0 59.34874571588218
-144.6687051604578 0 64.50488341125083
-28.48453414863326 0 65.21085972437378
-25.06258343515562 0 70.8317127402109
-28.23365494301324 0 76.93029556412266
-110.0840022023596 0 5.916215190455866
-106.6688355738663 0 11.83330552160757
-99.8374147685752 0 11.83585627032292
-103.2550761145146 0 17.74984976207107
-96.42419374942547 0 17.74089696061345
-110.1041817021796 0 17.74129338740439
-99.84207515071191 0 23.66691305972921
-93.00571177193497 0 11.83681460044477
-89.59292957370515 0 17.7420345696202
-86.17320993857075 0 11.83773634993263
-82.76086785896122 0 17.75626178698106
-86.18021402521951 0 23.67481477399181
-79.34914438036688 0 23.67820468002701
-75.92911354048982 0 17.75614189927299
-106.6726220408753 0 23.6619025322724
-113.5023220930073 0 11.82960932177143
-116.9504064862094 0 17.73192157049924
-89.58636364594859 0 5.920869209438656
-79.33960307407301 0 11.84117672253221
-72.50631220202918 0 11.84558458104279
-69.09735724522979 0 17.7621019452634
-65.69673149432313 0 11.86143081802272
-62.29180452697514 0 17.79192377444975
-65.68860065825649 0 23.69288338167537
-58.92886318369588 0 23.74607181313067
-55.57025429012205 0 17.8575089410291
-75.91902668047204 0 5.921099430779938
-120.3466232093908 0 11.82415098130513
-120.3896545348551 0 23.6402440819156
-35.28262569160754 0 29.82821867826773
-31.83925604903007 0 23.93519858081267
-38.67377939331651 0 23.89862184277602
-35.23414287611872 0 17.99681454454177
-42.04153222337342 0 17.98158020231192
-38.60344283654722 0 12.05104105104212
-31.6515111923173 0 11.97292346581133
-45.40048430838043 0 11.98937568282236
-48.67632748599907 0 5.903647911428811
-52.17671606202731 0 11.85615767999293
-45.47596964776039 0 23.88681977630561
-45.59106970155707 0 47.52148826234721
-103.2499871884695 0 81.03898906108088
-106.8049998646095 0 74.99862876901865
-69.08331845751047 0 81.01237680220373
-71.48572223129344 0 75.47697988971983
-79.33313784683503 0 74.76697272423864
-82.74982770725478 0 80.95698185599321
-89.58322364044878 0 81.0467810281316
-93.14218433336224 0 75.02243237089927
-41.64296998272684 0 81.05065575638952
-45.28282705337617 0 75.05563791895474
-28.08333333333322 0 5.917840259193657
-24.81789006351309 0 12.05763378811304
-34.97121354621359 0 5.991208057720698
-55.41666666666657 0 81.06575633770473
-58.97925179483103 0 75.08181481064067
-116.8777141929534 0 81.05743799225434
-119.4021766941416 0 75.40710516345999
2.335277691471656 0 23.97684110984526
-59.26509327605933 0 47.47533579605523
-28.35709268745279 0 18.00993065161158
-42.11166868542144 0 29.80004607248263
-69.08978950724845 0 5.924325848173186
-96.41908791913397 0 5.918570997429801
-93.41350425562396 0 47.34004672925841
-107.0592297387197 0 47.28306825137911
-128.0008724444095 0 70.25176214615468
2.101853523205023 0 47.67971067732935
-147.8691916253902 0 47.12532658311992
-130.9194931236284 0 53.04431956937758
-140.9010916714577 0 11.84086339861514
-14.88212924902321 0 53.49465643770942
-14.79532280408527 0 29.94317325793454
23.10168026493061 0 70.24035160633365
-168.7977489781261 0 69.76124941221761
-127.4974748580164 0 47.17143908015274
-21.62443016970324 0 29.91136110391681
-55.76299250804718 0 29.77141746199162
-18.46954125556533 0 70.70009308185361
-24.99080221820979 0 23.97121104220112
-28.51925422747593 0 53.46862216876016
-79.76308176924289 0 47.37199756341843
-120.6911919785979 0 47.20158458221346
-62.61366207999198 0 29.75788783779747
-21.69579968386152 0 53.48203639031942
-35.32934278385569 0 53.46667456133356
-117.3036552378465 0 53.08540832862748
-72.54916395665323 0 23.65993523763506
-110.4870275342432 0 53.1161542168265
-42.17831441900604 0 53.41494801077644
-103.6652677124244 0 53.14707849153866
-49.02440403066717 0 53.37370926203016
-96.84727341198692 0 53.18602721693154
-76.2754360698697 0 29.72534017068786
-55.86167932094106 0 53.344695249122
-130.7798872678875 0 29.51850714945481
-62.69561676041509 0 53.31383890955074
-90.01579571922386 0 53.20520042380404
-69.53143292997899 0 53.28739802050303
-83.18263630597107 0 53.22251826332884
-72.92561109457955 0 47.38597386979846
-83.01622186982999 0 29.66152894249922
-127.3118546453931 0 23.62894771469413
-93.10434516873036 0 23.68848743228016
-117.173563159068 0 29.58125597956518
-96.75929386297658 0 29.67940087314429
-103.4672102838471 0 29.59861532660949
-113.6160689967307 0 23.62717781547309
-55.48592443529242 0 5.937252945331194
-17.97989186409104 0 12.10374511794821
-58.944851059168 0 11.90734150587761
-48.79177843032519 0 17.94746036585968
24.72051797977321 0 50.00881770337155
-52.19815860133701 0 23.90472845787305
24.75997819445768 0 56.63220492021949
-164.8983472550452 0 80.22633782096534
19.60454022515166 0 5.495168815554937
20.14734397960551 0 81.29108305520526
-169.3048541765942 0 56.49673473023757
18.47296039383992 0 65.01989099984608
18.39864106657959 0 41.55108948878559
-169.4022631599861 0 49.61946511329742
25.15387334212198 0 29.88815746079723
-163.8470712077616 0 40.54920574390987
25.36565132886986 0 16.80753573255634
-164.0561626667096 0 65.31954545354488
-170.4063246169407 0 29.81361334031941
-159.9560663109909 0 75.14111029311564
-154.2522405170307 0 76.40141888755879
-148.0539594051841 0 69.02987168781311
-170.4389334751563 0 17.0115987571676
-136.9524953700807 0 81.79036915515687
-130.229688093593 0 81.77172224443902
-121.0923275868624 0 69.72126911572187
-113.3836617761717 0 76.58319971267481
-106.9718069648768 0 69.05281127093865
-99.9414394781692 0 76.50909955261015
-93.31433230597993 0 69.08948137242827
-86.24811320840638 0 76.47107673087901
-79.66550298800067 0 68.85589812668793
-73.72337490501073 0 69.90215524433721
12.48485026480703 0 74.90090828509676
-65.54684781828094 0 76.62925144661573
-59.15636920752132 0 69.18495666060835
1.682675124351523 0 69.93362058138854
-52.1065863989279 0 76.56114241601338
-45.52887580276347 0 69.3076401250518
-13.65268635588794 0 81.69143183119334
-7.698371104485012 0 82.50632373664087
-38.58186263018588 0 76.72760235881077
-21.82770699472515 0 75.1813420987849
-28.08333333333322 0 82.44770586902671
-169.9696109212916 0 4.986157190204083
-125.7643776129933 0 75.74544796811186
-170.2317590543672 0 81.81378407830681
25.10579830729865 0 4.846461756281509
25.10579830729871 0 81.75607862216243
18.61721174794811 0 75.56126803453871
-2.191295542586161 0 75.21461008261872
20.62030059694689 0 59.76532453421053
20.53778687783731 0 46.71775037306716
-165.3491036559274 0 73.81160706242642
-142.8002131443886 0 75.61641776169044
-34.30937094279521 0 75.32494576834885
8.115072838533816 0 76.33983852978939
2 1 0 0
2 2 0 0
2 3 0 0
2 4 0 0
2 5 0 0
2 6 0 1158
17
18
23
24
281
282
283
284
285
286
287
288
289
290
291
292
293
294
295
296
297
298
299
300
301
302
303
304
305
306
307
308
362
363
364
365
366
367
368
369
370
371
372
373
374
375
385
386
387
388
389
390
391
392
393
394
395
396
397
398
399
400
401
402
403
404
405
406
407
408
409
419
420
421
422
423
424
425
1107
1108
1109
1110
1111
1112
1113
1114
1115
1116
1117
1118
1119
1120
1121
1122
1123
1124
1125
1126
1127
1128
1129
1130
1131
1132
1133
1134
1135
1136
1137
1138
1139
1140
1141
1142
1143
1144
1145
1146
1147
1148
1149
1150
1151
1152
1153
1154
1155
1156
1157
1158
1159
1160
1161
1162
1163
1164
1165
1166
1167
1168
1169
1170
1171
1172
1173
1174
1175
1176
1177
1178
1179
1180
1181
1182
1183
1184
1185
1186
1187
1188
1189
1190
1191
1192
1193
1194
1195
1196
1197
1198
1199
1200
1201
1202
1203
1204
1205
1206
1207
1208
1209
1210
1211
1212
1213
1214
1215
1216
1217
1218
1219
1220
1221
1222
1223
1224
1225
1226
1227
1228
1229
1230
1231
1232
1233
1234
1235
1236
1237
1238
1239
1240
1241
1242
1243
1244
1245
1246
1247
1248
1249
1250
1251
1252
1253
1254
1255
1256
1257
1258
1259
1260
1261
1262
1263
1264
1265
1266
1267
1268
1269
1270
1271
1272
1273
1274
1275
1276
1277
1278
1279
1280
1281
1282
1283
1284
1285
1286
1287
1288
1289
1290
1291
1292
1293
1294
1295
1296
1297
1298
1299
1300
1301
1302
1303
1304
1305
1306
1307
1308
1309
1310
1311
1312
1313
1314
1315
1316
1317
1318
1319
1320
1321
1322
1323
1324
1325
1326
1327
1328
1329
1330
1331
1332
1333
1334
1335
1336
1337
1338
1339
1340
1341
1342
1343
1344
1345
1346
1347
1348
1349
1350
1351
1352
1353
1354
1355
1356
1357
1358
1359
1360
1361
1362
1363
1364
1365
1366
1367
1368
1369
1370
1371
1372
1373
1374
1375
1376
1377
1378
1379
1380
1381
1382
1383
1384
1385
1386
1387
1388
1389
1390
1391
1392
1393
1394
1395
1396
1397
1398
1399
1400
1401
1402
1403
1404
1405
1406
1407
1408
1409
1410
1411
1412
1413
1414
1415
1416
1417
1418
1419
1420
1421
1422
1423
1424
1425
1426
1427
1428
1429
1430
1431
1432
1433
1434
1435
1436
1437
1438
1439
1440
1441
1442
1443
1444
1445
1446
1447
1448
1449
1450
1451
1452
1453
1454
1455
1456
1457
1458
1459
1460
1461
1462
1463
1464
1465
1466
1467
1468
1469
1470
1471
1472
1473
1474
1475
1476
1477
1478
1479
1480
1481
1482
1483
1484
1485
1486
1487
1488
1489
1490
1491
1492
1493
1494
1495
1496
1497
1498
1499
1500
1501
1502
1503
1504
1505
1506
1507
1508
1509
1510
1511
1512
1513
1514
1515
1516
1517
1518
1519
1520
1521
1522
1523
1610
1611
1612
1613
1614
1615
1616
1617
1618
1619
1620
1621
1622
1623
1624
1625
1626
1627
1628
1629
1630
1631
1632
1633
1634
1635
1636
1637
1638
1639
1640
1641
1642
1643
1644
1645
1646
1647
1648
1649
1650
1651
1652
1653
1654
1655
1656
1657
1658
1659
1660
1661
1662
1663
1664
1665
1666
1667
1668
1669
1670
1671
1672
1673
1674
1675
1676
1677
1678
1679
1680
1681
1682
1683
1684
1685
1686
1687
1688
1689
1690
1691
1692
1693
1694
1695
1696
1697
1698
1699
1700
1701
1702
1703
1704
1705
1706
1707
1708
1709
1710
1711
1712
1713
1714
1715
1716
1717
1718
1719
1720
1721
1722
1723
1724
1725
1726
1727
1728
1729
1730
1731
1732
1733
1734
1735
1736
1737
1738
1739
1740
1741
1742
1743
1744
1745
1746
1747
1748
1749
1750
1751
1752
1753
1754
1755
1756
1757
1758
1759
1760
1761
1762
1763
1764
1765
1766
1767
1768
1769
1770
1771
1772
1773
1774
1775
1776
1777
1778
1779
1780
1781
1782
1783
1784
1785
1786
1787
1788
1789
1790
1791
1792
1793
1794
1795
1796
1797
1798
1799
1800
1801
1802
1803
1804
1805
1806
1807
1808
1809
1810
1811
1812
1813
1814
1815
1816
1817
1818
1819
1820
1821
1822
1823
1824
1825
1826
1827
1828
1829
1830
1831
1832
1833
1834
1835
1836
1837
1838
1839
1840
1841
1842
1843
1844
1845
1846
1847
1848
1849
1850
1851
1852
1853
1854
1855
1856
1857
1858
1859
1860
1861
1862
1863
1864
1865
1866
1867
1868
1869
1870
1871
1872
1873
1874
1875
1876
1877
1878
1879
1880
1881
1882
1883
1884
1885
1886
1887
1888
1889
1890
1891
1892
1893
1894
1895
1896
1897
1898
1899
1900
1901
1902
1903
1904
1905
1906
1907
1908
1909
1910
1911
1912
1913
1914
1915
1916
1917
1918
1919
1920
1921
1922
1923
1924
1925
1926
1927
1928
1929
1930
1931
1932
1933
1934
1935
1936
1937
1938
1939
1940
1941
1942
1943
1944
1945
1946
1947
1948
1949
1950
1951
1952
1953
1954
1955
1956
1957
1958
1959
1960
1961
1962
1963
1964
1965
1966
1967
1968
1969
1970
1971
1972
1973
1974
1975
1976
1977
1978
1979
1980
1981
1982
1983
1984
1985
1986
1987
1988
1989
1990
1991
1992
1993
1994
1995
1996
1997
1998
1999
2000
2001
2002
2003
2004
2005
2006
2007
2008
2009
2421
2422
2423
2424
2425
2426
2427
2428
2429
2430
2431
2432
2433
2434
2435
2436
2437
2438
2439
2440
2441
2442
2443
2444
2445
2446
2447
2448
2449
2450
2451
2452
2453
2454
2455
2456
2457
2458
2459
2460
2461
2462
2463
2464
2465
2466
2467
2468
2469
2470
2471
2472
2473
2474
2475
2476
2477
2478
2479
2480
2481
2482
2483
2484
2485
2486
2487
2488
2489
2490
2491
2492
2493
2494
2495
2496
2497
2498
2499
2500
2501
2502
2503
2504
2505
2506
2507
2508
2509
2510
2511
2512
2513
2514
2515
2516
2517
2518
2519
2520
2521
2522
2523
2524
2525
2526
2527
2528
2529
2530
2531
2532
2533
2534
2535
2536
2537
2538
2539
2540
2541
2542
2543
2544
2545
2546
2547
2548
2549
2550
2551
2552
2553
2554
2555
2556
2557
2558
2559
2560
2561
2562
2563
2564
2565
2566
2567
2568
2569
2570
2571
2572
2573
2574
2575
2576
2577
2578
2579
2580
2581
2582
2583
2584
2585
2586
2587
2588
2589
2590
2591
2592
2593
2594
2595
2596
2597
2598
2599
2600
2601
2602
2603
2604
2605
2606
2607
2608
2609
2610
2611
2612
2613
2614
2615
2616
2618
2619
2620
2621
2622
2623
2624
2625
2626
2627
2628
2629
2630
2631
2632
2633
2634
2635
2636
2637
2638
2639
2640
2641
2642
2643
2644
2645
2646
2647
2648
2649
2650
2651
2652
2653
2654
2655
2656
2657
2658
2659
2660
2661
2662
2663
2664
2665
2666
2667
2668
2669
2670
2671
2672
2673
2674
2675
2676
2677
2678
2679
2680
2681
2682
2683
2684
-140 30 43.30127018922193
-145 30 43.30127018922193
-80 60 43.30127018922193
-85 60 43.30127018922193
-118.125 30 81.18988160479113
-121.25 30 75.77722283113839
-124.375 30 70.36456405748567
-127.5 30 64.95190528383296
-130.625 30 59.53924651018021
-133.75 30 54.12658773652745
-136.875 30 48.71392896287469
-118.125 30 5.412658773652737
-121.25 30 10.82531754730548
-124.375 30 16.2379763209582
-127.5 30 21.65063509461091
-130.6249999999999 30 27.06329386826365
-133.75 30 32.47595264191641
-136.875 30 37.88861141556917
-141.875 30 37.88861141556919
-138.75 30 32.47595264191645
-135.625 30 27.06329386826373
-132.5 30 21.65063509461102
-129.375 30 16.23797632095828
-126.25 30 10.82531754730552
-123.125 30 5.412658773652759
-141.875 30 48.71392896287467
-138.75 30 54.12658773652741
-135.625 30 59.53924651018012
-132.5 30 64.95190528383284
-129.375 30 70.36456405748558
-126.25 30 75.77722283113835
-123.125 30 81.18988160479111
-58.125 60 81.18988160479113
-61.25 60 75.77722283113839
-64.37499999999999 60 70.36456405748567
-67.49999999999997 60 64.95190528383296
-70.62499999999997 60 59.53924651018021
-73.74999999999997 60 54.12658773652745
-76.87499999999999 60 48.71392896287469
-58.125 60 5.412658773652737
-61.25 60 10.82531754730548
-64.37499999999999 60 16.2379763209582
-67.49999999999997 60 21.65063509461091
-70.62499999999997 60 27.06329386826365
-73.74999999999997 59.99999999999999 32.47595264191641
-76.875 60 37.88861141556917
-134 33 43.30127018922193
-128 36 43.30127018922193
-122 38.99999999999999 43.30127018922193
-116 41.99999999999999 43.30127018922193
-110 44.99999999999999 43.30127018922193
-104 47.99999999999999 43.30127018922193
-98 51 43.30127018922193
-91.99999999999997 54.00000000000001 43.30127018922193
-85.99999999999997 57.00000000000001 43.30127018922193
-139 33 43.30127018922193
-133 36 43.30127018922193
-127 38.99999999999999 43.30127018922193
-121 41.99999999999999 43.30127018922193
-115 44.99999999999999 43.30127018922193
-109 47.99999999999999 43.30127018922193
-103 51 43.30127018922193
-96.99999999999997 54.00000000000001 43.30127018922193
-90.99999999999997 57.00000000000001 43.30127018922193
-81.875 60 48.71392896287467
-78.75 60 54.12658773652741
-75.62500000000001 60 59.53924651018012
-72.50000000000003 60 64.95190528383284
-69.37500000000003 60 70.36456405748558
-66.25000000000003 60 75.77722283113835
-63.12500000000001 60 81.18988160479111
-81.875 60 37.88861141556919
-78.75 60 32.47595264191645
-75.62500000000001 60 27.06329386826373
-72.50000000000003 60 21.65063509461102
-69.37500000000003 60 16.23797632095828
-66.25000000000001 59.99999999999999 10.82531754730552
-63.125 60 5.412658773652759
24.23076923076922 20 43.30127018922202
-169.0222485028455 20 43.25258040253603
-21.27691040351659 20 6.04533870396466
-103.2517039950118 20 5.917885904372469
-48.58333333333321 20 80.97119577573861
-75.91657741172982 20 80.68468620981308
-123.5162851577211 20 81.09802582404106
-62.24999999999991 20 5.917840259193672
-21.45304496573124 20 81.07851473158519
-130.5883753398714 20 5.918907488068454
-96.41658979748414 20 80.95114763843507
-82.75257892435587 20 5.922572824991434
-41.78657309266377 20 5.951651585457967
-0.7512342385148862 20 5.909260295106247
-1.545806371100873 20 80.56778514567264
-143.6013400679591 20 80.40889705348194
-151.1028180720943 20 5.916355133524245
-168.9915262955956 20 62.92634873702201
24.23076923076926 20 63.28647181501672
23.60668514005859 20 23.5141434677166
-168.9361616483288 20 23.46990469227389
-62.24999999999994 20 80.96556783455856
-116.9166664466011 20 5.91471255478225
-34.27448656302833 20 80.84277323909637
-110.0833333333333 20 80.94514319542648
-157.9166666666667 20 80.68470011925021
12.88347148430983 20 80.51873551521207
12.84579847835786 20 5.874082895156691
-164.5122603449274 20 5.7854075205084
24.49668734284629 20 76.80328003774368
-169.8834316444752 20 76.51657443140394
23.83292782188322 20 10.68141259466455
-157.9041790320107 20 5.911284733482178
-154.577463858472 20 11.86034338793361
-147.7313011457539 20 11.83669623129304
-151.1859891146976 20 17.73390921328384
-144.3625496112107 20 17.72933289777555
-147.7796570400768 20 23.59062718342409
-140.9867443387921 20 23.60819934523942
-144.4061086838524 20 29.47003639509477
-137.5932129134724 20 29.50047371680245
-141.0340818605478 20 35.35288590597121
-134.2410336283896 20 35.39101399516174
-137.6684701670703 20 41.25414252168323
-130.872608179621 20 41.27881926485201
-127.4483070629823 20 35.41434371424188
-124.0713874968638 20 41.30358134531345
-120.644183441523 20 35.4398204707994
-117.2612914282849 20 41.33417365870699
-113.8317826209443 20 35.46378780940921
-110.4454724349644 20 41.36818161022743
-107.0138108662745 20 35.49045915554562
-103.6254357900719 20 41.39714734205612
-100.1925997844521 20 35.50659884807424
-96.80251259805493 20 41.42275838270875
-93.36751970746401 20 35.53795788828047
-89.97664364114559 20 41.45045639966708
-86.54051442724989 20 35.56166175252274
-83.14917278818834 20 41.47445417685434
-79.71211259870844 20 35.58478477366704
-76.32423447621672 20 41.49054739782557
-72.88293273191701 20 35.60816525807009
-69.49019010248384 20 41.51763569735903
-66.05167491026353 20 35.63067112298887
-62.65840013521944 20 41.55313276087093
-59.2201016055929 20 35.65882847104616
-55.82660131791427 20 41.58126140600827
-52.38813913679537 20 35.68257332253921
-48.9944441095426 20 41.60734341528239
-45.55531596388309 20 35.7033646885858
-42.16202217288509 20 41.6324267047353
-38.72267279564028 20 35.7285999165433
-35.32990059599371 20 41.65768288856067
-31.89152551724439 20 35.75505946856327
-28.49913596248952 20 41.68254284014462
-25.06225928699757 20 35.78657572085175
-21.67113644395278 20 41.70651252583045
-18.23539679058362 20 35.81167784307154
-14.85008142656674 20 41.7252551873477
-11.42253726284601 20 35.84631157650659
-134.295203024117 20 47.14995079804648
-86.58746479103657 20 47.36910925678969
-8.04358646701202 20 41.74649762210547
-11.45925308662788 20 47.62343574049823
-113.8797261408843 20 47.24522445146255
-66.09749614555766 20 47.43464302238777
-38.75360716488389 20 47.55304138464599
-4.666094426065811 20 47.64698014866741
-141.0918710079293 20 47.12985724870727
-4.62483356268595 20 35.87374812656981
-25.1055789486351 20 47.60770657866185
-100.2384082911555 20 47.31725253919119
-52.43330645850912 20 47.50987654543106
-137.7176670416154 20 53.01723482227687
-8.079808831209618 20 53.51028198576623
-1.294557464753488 20 53.53746963124167
-144.5069138968437 20 52.99667896204222
-7.99678247731444 20 29.97728768719159
-1.206891678299829 20 30.01580810874463
-28.4491353317336 20 29.86741398284649
-48.92129741769895 20 29.7928770793412
-69.44477063370971 20 29.69611274910765
-89.82736465034367 20 29.62686435658201
-123.9687834000325 20 29.54895632254557
-110.3228599977924 20 29.58641749089121
2.157450115934033 20 35.9191567080705
-147.8327949061302 20 35.37727811046675
-141.140961260444 20 58.87766228327298
-134.3459457785274 20 58.91341712879715
-147.922253160034 20 58.84325804568113
-4.702268230449135 20 59.39516474980984
-11.49492183432972 20 59.38060005960779
2.075138841430299 20 59.40908011667748
5.475433192027332 20 53.56573918182921
-151.2797185852099 20 52.9766308483149
5.565148940561521 20 30.05471526083139
-4.568326884756424 20 24.1173605946711
-11.36653321031671 20 24.07712906323583
-8.111460598881891 20 65.27440437253844
-14.91026534898 20 65.25901036747653
-137.7746751169854 20 64.78424162757048
-130.9702942337969 20 64.82030431378861
-127.5373749629023 20 58.94206593713646
-124.155689976842 20 64.59873151361158
8.916510253227244 20 35.96955178294207
8.842533758702011 20 59.42347800271114
5.446920150473325 20 64.99273474304275
12.22643470017952 20 53.58793767434592
-134.4037431983319 20 70.70019456887194
-154.5857760794958 20 23.64069102856013
-154.6883308613415 20 58.81121003463467
-151.3359360444929 20 64.4544099278796
-11.51920784578275 20 71.16174940132265
-158.0312328025615 20 52.95152361898676
-7.880191075439413 20 18.1192746661729
-0.9352713909262036 20 17.95241156482033
-14.74140018158881 20 18.16747480549553
-154.6385390480389 20 47.12551053685982
-137.485964441668 20 17.73270270948326
-18.29937017774109 20 59.36481911594209
-21.71615145084492 20 65.25765464542874
-120.7279204416427 20 58.92864717719802
-117.3383934625998 20 64.58262306059035
-113.9140319308227 20 58.94752093953608
-110.5175534424531 20 64.59775231349408
-107.0913039314131 20 58.97386306962247
-103.6929605145804 20 64.62569190534911
-100.2663612613309 20 59.002474746028
-96.86613276498146 20 64.649650248162
-93.43998237521528 20 59.03043593575539
-90.03771571050433 20 64.67880864433081
-86.61171502566427 20 59.05936107489408
-83.20802444690516 20 64.70292457024314
-79.77472300349746 20 59.08211147519341
-76.37547373488317 20 64.91111810962424
-86.4321925141311 20 70.56221567513238
-72.94381555857099 20 59.13927327791936
-69.54446602128235 20 64.79244471979682
-66.11944463154259 20 59.15399799789913
-62.71384435957589 20 64.78948070732913
-59.2878201400606 20 59.17596052906368
-55.88195012899743 20 64.81266265208799
-52.45570946943889 20 59.20280392569104
-49.04965183798924 20 64.83534460974292
-45.61611875112149 20 59.23454330814188
-42.21623889718487 20 64.86381979655835
-38.77554907147824 20 59.26806370878545
-35.38514048845349 20 65.18333245640036
-31.94974149524402 20 59.33336767223634
12.39889176967541 20 29.97456673359866
9.237724170210821 20 23.84504282053499
12.11789192228979 20 65.28578116135914
-11.13050894635468 20 12.09092951269353
-157.9215127860639 20 64.71061910918878
8.874729152454819 20 47.73848701296328
-18.17892414843258 20 24.03864696090921
-21.4959749229065 20 18.06471497311
-124.1126104442976 20 53.05693725925974
-76.34303752716139 20 53.24732978587338
15.5631167959459 20 35.89949316962469
-141.8508230593643 20 70.88561207985487
-4.901103968173871 20 70.66856641263198
-154.7476749557067 20 70.51488373404501
-113.7500847958205 20 70.50768344321456
-100.0934362069206 20 70.53429992361686
8.207662080884948 20 71.00038039251068
-65.93594660776979 20 70.60951789595585
-52.27085314643253 20 70.63130723702818
-38.82480807883459 20 71.1520910629748
-31.632042498914 20 70.97196661673966
15.64995192110207 20 70.63814237155596
-162.0998500364086 20 69.968928640087
15.20917821499644 20 47.49963976526016
18.98828135925674 20 53.48313958921442
-8.126696128769709 20 77.06732094945068
-162.5620150011645 20 46.80514474912915
-157.9955808394875 20 41.28507680004872
-164.37410045623 20 52.96095020656884
19.20060718000294 20 29.80761937835916
-138.0820316443321 20 76.38159262738972
-131.9413071731915 20 76.4047883483521
22.96207439054836 20 36.16341958052605
-15.91971037416029 20 76.36609437615215
12.08178231123496 20 41.73817864349548
-151.2400679202401 20 41.26946913921255
5.484042946784591 20 41.80652438341193
-154.6173139753993 20 35.45614333325422
-161.2066706418487 20 35.36533235491623
-157.9578411580708 20 29.58918130959538
-164.6466203829132 20 29.60466271901966
-168.4488410534615 20 36.03789441291918
-161.5329934476468 20 23.65162453276537
-164.779162785454 20 17.6208398369769
-158.100646957454 20 17.81011228546868
-161.3473784602749 20 11.80767039166216
-168.7140636901763 20 11.01744454992397
-144.2857536577533 20 5.926459461103848
-151.197748812183 20 29.50102385290616
-1.262432261217317 20 41.78306370586268
-137.4399508599512 20 5.924319916211013
-134.0152990748556 20 11.83313917724121
-127.1715233763902 20 11.82378068085223
-130.634468485849 20 17.72822517574938
-123.7871713899292 20 17.73127347518515
-134.1161319570548 20 23.62730743328309
-144.4580392940793 20 41.25381276358281
-150.9741368458904 20 80.87683100534782
-147.666657805899 20 74.78956928603526
5.593994719254233 20 80.84884316760623
2.876493633373205 20 75.08975181477967
6.075943728588705 20 5.913573868905118
9.477899391402111 20 11.7919169056617
16.34271674337021 20 11.56905564722687
12.84161450018556 20 17.67969702201556
19.69519664259442 20 17.26881823716728
5.919282992040063 20 17.87570830946918
16.24544952123802 20 23.51426600321783
-162.4701752373536 20 59.23058136920899
15.20528149233225 20 59.52341553367857
-18.2736230772307 20 47.60612034066715
-7.589048971993805 20 5.940046639876069
-4.26993396381787 20 11.96895821766342
-14.41666666666659 20 6.19637892431248
-31.92621835459037 20 47.57255710067193
2.609124825660018 20 11.87335869847302
-123.7516494642077 20 5.913608284740469
-1.354458258660955 20 64.86454905466655
-25.11884529553015 20 59.34874571588218
-144.6687051604578 20 64.50488341125083
-28.48453414863326 20 65.21085972437378
-25.06258343515562 20 70.8317127402109
-28.23365494301324 20 76.93029556412266
-110.0840022023596 20 5.916215190455866
-106.6688355738663 20 11.83330552160757
-99.8374147685752 20 11.83585627032292
-103.2550761145146 20 17.74984976207107
-96.42419374942547 20 17.74089696061345
-110.1041817021796 20 17.74129338740439
-99.84207515071191 20 23.66691305972921
-93.00571177193497 20 11.83681460044477
-89.59292957370515 20 17.7420345696202
-86.17320993857075 20 11.83773634993263
-82.76086785896122 20 17.75626178698106
-86.18021402521951 20 23.67481477399181
-79.34914438036688 20 23.67820468002701
-75.92911354048982 20 17.75614189927299
-106.6726220408753 20 23.6619025322724
-113.5023220930073 20 11.82960932177143
-116.9504064862094 20 17.73192157049924
-89.58636364594859 20 5.920869209438656
-79.33960307407301 20 11.84117672253221
-72.50631220202918 20 11.84558458104279
-69.09735724522979 20 17.7621019452634
-65.69673149432313 20 11.86143081802272
-62.29180452697514 20 17.79192377444975
-65.68860065825649 20 23.69288338167537
-58.92886318369588 20 23.74607181313067
-55.57025429012205 20 17.8575089410291
-75.91902668047204 20 5.921099430779938
-120.3466232093908 20 11.82415098130513
-120.3896545348551 20 23.6402440819156
-35.28262569160754 20 29.82821867826773
-31.83925604903007 20 23.93519858081267
-38.67377939331651 20 23.89862184277602
-35.23414287611872 20 17.99681454454177
-42.04153222337342 20 17.98158020231192
-38.60344283654722 20 12.05104105104212
-31.6515111923173 20 11.97292346581133
-45.40048430838043 20 11.98937568282236
-48.67632748599907 20 5.903647911428811
-52.17671606202731 20 11.85615767999293
-45.47596964776039 20 23.88681977630561
-45.59106970155707 20 47.52148826234721
-103.2499871884695 20 81.03898906108088
-106.8049998646095 20 74.99862876901865
-69.08331845751047 20 81.01237680220373
-71.48572223129344 20 75.47697988971983
-79.33313784683503 20 74.76697272423864
-82.74982770725478 20 80.95698185599321
-89.58322364044878 20 81.0467810281316
-93.14218433336224 20 75.02243237089927
-41.64296998272684 20 81.05065575638952
-45.28282705337617 20 75.05563791895474
-28.08333333333322 20 5.917840259193657
-24.81789006351309 20 12.05763378811304
-34.97121354621359 20 5.991208057720698
-55.41666666666657 20 81.06575633770473
-58.97925179483103 20 75.08181481064067
-116.8777141929534 20 81.05743799225434
-119.4021766941416 20 75.40710516345999
2.335277691471656 20 23.97684110984526
-59.26509327605933 20 47.47533579605523
-28.35709268745279 20 18.00993065161158
-42.11166868542144 20 29.80004607248263
-69.08978950724845 20 5.924325848173186
-96.41908791913397 20 5.918570997429801
-93.41350425562396 20 47.34004672925841
-107.0592297387197 20 47.28306825137911
-128.0008724444095 20 70.25176214615468
2.101853523205023 20 47.67971067732935
-147.8691916253902 20 47.12532658311992
-130.9194931236284 20 53.04431956937758
-140.9010916714577 20 11.84086339861514
-14.88212924902321 20 53.49465643770942
-14.79532280408527 20 29.94317325793454
23.10168026493061 20 70.24035160633365
-168.7977489781261 20 69.76124941221761
-127.4974748580164 20 47.17143908015274
-21.62443016970324 20 29.91136110391681
-55.76299250804718 20 29.77141746199162
-18.46954125556533 20 70.70009308185361
-24.99080221820979 20 23.97121104220112
-28.51925422747593 20 53.46862216876016
-79.76308176924289 20 47.37199756341843
-120.6911919785979 20 47.20158458221346
-62.61366207999198 20 29.75788783779747
-21.69579968386152 20 53.48203639031942
-35.32934278385569 20 53.46667456133356
-117.3036552378465 20 53.08540832862748
-72.54916395665323 20 23.65993523763506
-110.4870275342432 20 53.1161542168265
-42.17831441900604 20 53.41494801077644
-103.6652677124244 20 53.14707849153866
-49.02440403066717 20 53.37370926203016
-96.84727341198692 20 53.18602721693154
-76.2754360698697 20 29.72534017068786
-55.86167932094106 20 53.344695249122
-130.7798872678875 20 29.51850714945481
-62.69561676041509 20 53.31383890955074
-90.01579571922386 20 53.20520042380404
-69.53143292997899 20 53.28739802050303
-83.18263630597107 20 53.22251826332884
-72.92561109457955 20 47.38597386979846
-83.01622186982999 20 29.66152894249922
-127.3118546453931 20 23.62894771469413
-93.10434516873036 20 23.68848743228016
-117.173563159068 20 29.58125597956518
-96.75929386297658 20 29.67940087314429
-103.4672102838471 20 29.59861532660949
-113.6160689967307 20 23.62717781547309
-55.48592443529242 20 5.937252945331194
-17.97989186409104 20 12.10374511794821
-58.944851059168 20 11.90734150587761
-48.79177843032519 20 17.94746036585968
24.72051797977321 20 50.00881770337155
-52.19815860133701 20 23.90472845787305
24.75997819445768 20 56.63220492021949
-164.8983472550452 20 80.22633782096534
19.60454022515166 20 5.495168815554937
20.14734397960551 20 81.29108305520526
-169.3048541765942 20 56.49673473023757
18.47296039383992 20 65.01989099984608
18.39864106657959 20 41.55108948878559
-169.4022631599861 20 49.61946511329742
25.15387334212198 20 29.88815746079723
-163.8470712077616 20 40.54920574390987
25.36565132886986 20 16.80753573255634
-164.0561626667096 20 65.31954545354488
-170.4063246169407 20 29.81361334031941
-159.9560663109909 20 75.14111029311564
-154.2522405170307 20 76.40141888755879
-148.0539594051841 20 69.02987168781311
-170.4389334751563 20 17.0115987571676
-136.9524953700807 20 81.79036915515687
-130.229688093593 20 81.77172224443902
-121.0923275868624 20 69.72126911572187
-113.3836617761717 20 76.58319971267481
-106.9718069648768 20 69.05281127093865
-99.9414394781692 20 76.50909955261015
-93.31433230597993 20 69.08948137242827
-86.24811320840638 20 76.47107673087901
-79.66550298800067 20 68.85589812668793
-73.72337490501073 20 69.90215524433721
12.48485026480703 20 74.90090828509676
-65.54684781828094 20 76.62925144661573
-59.15636920752132 20 69.18495666060835
1.682675124351523 20 69.93362058138854
-52.1065863989279 20 76.56114241601338
-45.52887580276347 20 69.3076401250518
-13.65268635588794 20 81.69143183119334
-7.698371104485012 20 82.50632373664087
-38.58186263018588 20 76.72760235881077
-21.82770699472515 20 75.1813420987849
-28.08333333333322 20 82.44770586902671
-169.9696109212916 20 4.986157190204083
-125.7643776129933 20 75.74544796811186
-170.2317590543672 20 81.81378407830681
25.10579830729865 20 4.846461756281509
25.10579830729871 20 81.75607862216243
18.61721174794811 20 75.56126803453871
-2.191295542586161 20 75.21461008261872
20.62030059694689 20 59.76532453421053
20.53778687783731 20 46.71775037306716
-165.3491036559274 20 73.81160706242642
-142.8002131443886 20 75.61641776169044
-34.30937094279521 20 75.32494576834885
8.115072838533816 20 76.33983852978939
24.13951418654271 30 43.36138057949675
-76.95183164280601 30 6.023058958292229
-49.40476190476201 30 80.62284116183704
-21.31007478904107 30 80.58494735370903
-124.3749999999999 30 27.06329386826361
-36.12689580324516 30 6.332179559109235
-83.92857142857147 30 80.62284116183703
-15.44343248339104 30 6.545445607958282
-56.55169320916184 30 5.905581781411191
-121.25 30 64.95190528383294
-0.557195413906399 30 81.46588150635318
-97.90951982867918 30 5.984517192318553
5.34971831972555 30 6.872617379488848
24.16886007797256 30 63.41753608911822
24.59410534796061 30 23.31606856342724
-130.6249999999999 30 37.88861141556917
-97.30391073638694 30 80.87024732912033
-35.59523809523823 30 80.62284116183703
-63.21428571428581 30 80.62284116183703
-127.8455645185078 30 54.04932131927822
-118.125 30 16.2379763209582
12.72643769543458 30 80.83972713504265
-116.2319921558619 30 75.43051213080976
19.72923967717522 30 5.862318915810781
24.39241188570192 30 76.5734763376766
-111.7684184989481 30 5.626833553837653
-104.9762582972561 30 5.905555616518456
-101.4525271009055 30 11.85313588916975
-94.5755680055241 30 11.95107605774209
-98.19929611464218 30 17.73183040736851
-91.34476299663896 30 17.89033739685271
-94.83363679374534 30 23.6657176031568
-88.07617315825634 30 23.80519639687018
-91.56995696376367 30 29.59957179300109
-84.60042180233876 30 29.6087203622586
-88.28127984464511 30 35.5082313423223
-81.29013990670055 30 35.51453161681483
-85.00250250318203 30 41.41479594729056
-78.21274848019858 30 41.55991094234169
-91.79933231992779 30 41.31151402805091
-74.38964361280803 30 35.68992985535656
-71.38802869946593 30 41.71385005436925
-67.93401893481379 30 35.89562183108329
-64.62635907719223 30 41.87742264199726
-61.09220858947073 30 36.01973008844456
-57.78440294432575 30 42.02722812809035
-54.23544450651013 30 36.14848358697817
-50.92117844495715 30 42.15736606209559
-47.36857292096968 30 36.27677671234895
-44.0470507884985 30 42.28842749232673
-40.491730527073 30 36.42058208587238
-37.16834892747536 30 42.4284839386152
-33.59954907048986 30 36.5641267543056
-30.28540131393461 30 42.57219728139027
-26.7157820797749 30 36.68867372260063
-23.40585319790131 30 42.70405144111331
-19.84560166432385 30 36.82112751685377
-16.53071991061413 30 42.82683450721232
-12.98196440562826 30 36.96128988487905
-9.672241138850723 30 42.95689074232456
-74.97686458338441 30 47.53032986286308
-6.13645459617193 30 37.09228238123016
-13.2119028296132 30 48.81938508868043
-6.365639261504533 30 48.94493925545429
-54.4710110309087 30 48.04292855631887
-33.83740162656207 30 48.44356454083849
-88.54661581525968 30 47.21009914778894
-95.28548588558699 30 47.04024256871959
-98.51545696256431 30 41.22129960387507
-92.07621445709391 30 52.89643678337038
-9.890375484288519 30 54.80354589823826
-3.060827738789875 30 54.91741391702772
-101.9532055959922 30 46.87468921698336
-23.14568619746898 30 30.82881802855647
-43.80359839081319 30 30.43192962928804
-9.433955244695454 30 31.10859814631333
-2.605820045737843 30 31.24299594124556
-64.1357047279204 30 29.88112915350476
0.4607180432563851 30 49.05250051735784
-105.1424151804562 30 41.12782349515934
-101.6943957824612 30 23.63167788870759
-5.896207759033935 30 25.26742849047092
1.090080988058183 30 25.31977994860093
4.235052916123479 30 31.35703387711208
3.768465579262323 30 55.01572873819174
-16.74385763732256 30 54.69033786526174
-13.41339850277708 30 60.67830437801954
-20.27487330109255 30 60.5667016712989
-80.74644172825322 30 23.76164779679692
-108.5278272854986 30 46.72906961735126
-105.3891314157872 30 52.47533208143749
-111.683126365161 30 41.00199737549874
0.2481411047735733 30 60.87062569644282
7.288935632296194 30 49.11126322763474
7.069724795217535 30 60.96536987790547
8.127897300678299 30 25.29599184169768
11.10160314454541 30 31.40789626371487
-111.9093465127147 30 52.31299996632507
-108.8130686396846 30 58.05555638129145
-2.164089670468954 30 19.31866721834831
-9.160920409274297 30 19.26158050132041
-16.94229529773273 30 66.56670797366299
-23.81249560107946 30 66.45208768954066
-108.3311082141158 30 35.42761664163704
3.55324805203426 30 66.81582646487671
10.34694925828239 30 66.92686669604214
-102.2561078650742 30 58.23546253359743
-105.7104497770649 30 63.82902173586632
-99.13626342756316 30 64.02509046619075
-85.32057719565836 30 53.13233934216651
-88.89583697903534 30 58.7681295161252
-82.07314911952383 30 59.05709237696758
-85.65380001742218 30 64.77112723648526
-78.82402686381677 30 65.04108185841325
-27.14314214921689 30 60.44137173828751
-30.68976709677249 30 66.33343436213363
-10.08804477072545 30 66.66512663731989
-34.03329887900416 30 60.32479003086053
-37.57580573830867 30 66.21460222366137
-40.92089947132689 30 60.19457385435055
-44.46300066345648 30 66.09241482160655
-47.79947620147477 30 60.06607627365693
-51.34812819523145 30 65.96836153629269
-54.68494649268546 30 59.94615403901921
-58.23121640214549 30 65.84404181294248
-61.56007298874097 30 59.82307865462747
-65.12364288368583 30 65.66381777045596
-75.28215286692388 30 59.30613522662686
-114.8269805051889 30 35.34251792222058
-118.1341249372934 30 40.86225528932991
-111.5711203387526 30 29.68267893265625
-5.511786487193973 30 13.12728345634987
-102.5802725916262 30 69.51831897784703
-96.00503414829255 30 69.7833559491623
-13.47254925171687 30 72.49076991389406
-87.60069012222453 30 12.06668705824528
7.498918232798992 30 37.3175340173753
-44.26125399660108 30 54.17469236433528
14.00085269895619 30 37.57598701480491
13.67537782803381 30 60.89329551427026
18.23127178472894 30 32.30151369016487
-55.33144257311758 30 71.47527738303611
-41.54742379694127 30 71.68411750733179
6.549995623124701 30 72.22814487779695
-27.76557440366484 30 71.88170651485601
-115.0178910963624 30 57.73196020897939
-118.0878664069181 30 51.94175462866001
-6.723587610716756 30 72.22029727673183
-82.83707772373171 30 70.6349315214523
-76.07724655709912 30 70.83402758204973
-121.2608270920048 30 35.01837111551421
-108.4732684561602 30 11.65286683395003
-108.8246274422302 30 69.2166013772236
-106.0798106256352 30 75.22082935253256
1.605439720579618 30 13.13132942138178
17.8501789202203 30 66.80951296969097
-10.32420108353651 30 78.58565582021841
-1.676076768929786 30 6.791175384763111
9.262473080501081 30 12.87271249381621
-105.1584125309887 30 17.70816922476813
-12.31427890315051 30 12.82905109466503
-16.00863667183669 30 19.05897126093279
-19.36260314719431 30 13.13462716418888
-22.91246486540145 30 18.98053481304453
-26.15973826229133 30 12.78523247052648
-29.80166597043424 30 18.87010954715987
-104.9978950458821 30 29.55631143506725
-121.7248673609793 30 57.6962638479343
-22.46877212468647 30 6.727946922681424
-108.3918447516417 30 23.83260711357511
-114.9112828823 30 23.78458149274232
-124.5148097306092 30 40.38493819977018
-32.97921778104443 30 12.53464913932921
-36.69550720408806 30 18.74838844366573
-33.34706708398606 30 24.7241098738704
-40.02230219390067 30 12.71094030590296
-43.57452621368981 30 18.59102716862969
-46.83879118342078 30 12.43898045058406
-50.34831723768536 30 18.47873308833871
12.84088239566505 30 6.33984713675039
17.54218755211699 30 12.93273680104153
12.61265113967969 30 19.04917658471125
-121.1598867871807 30 46.16061372544642
-127.6499162471947 30 46.07164973944941
-42.96446005633959 30 6.205719697348088
-98.32721883720728 30 29.57112301972407
10.72597730788175 30 43.27718652245133
5.321631333340072 30 19.08015219183376
14.82091028826541 30 25.66435119406603
3.974385136025671 30 43.17265023802031
14.0546045193252 30 49.19793071263359
-95.09579107913338 30 35.4616604843213
10.54594437163222 30 55.03953022545689
17.41855787565821 30 55.05359328210556
20.55242373591576 30 49.59137795450667
-90.90044257071138 30 5.984037789168286
-83.91303704557011 30 6.037564280966508
-80.45775813315686 30 11.97258775843881
-73.32663297060213 30 11.77073509043488
-76.74869153815358 30 17.81509275703535
-69.76101506405328 30 17.43254843870114
-73.56839497627396 30 23.54151898630023
-66.48433114296245 30 11.52407696834731
-63.44651667548023 30 17.67052752721074
-77.54022210358502 30 29.73111739705249
-2.841712871395075 30 43.06824161957616
-111.8451935056297 30 63.41059284571896
-115.4714529678145 30 68.98143044101892
-90.62286229062249 30 81.00751795907006
5.877305574236328 30 80.98757362920071
-118.0162524439148 30 29.24478773664887
-89.66156462536784 30 70.12343723614649
-111.8947760540503 30 17.96033758608917
-115.0130237521021 30 46.55140511695526
-53.39733175264662 30 12.11542706879436
-58.01715790404302 30 53.93326783134044
-64.89460680835707 30 53.81092384540255
-61.32751166829581 30 47.89911536287173
13.2952445424402 30 72.21631420245406
-16.281003261683 30 30.96733628277856
-62.2948379421767 30 71.29587474733623
-69.3057373271574 30 70.98232638100016
-26.94726429735996 30 48.57749404653613
-51.13977216801408 30 54.05481193491054
-133.9703700924041 30 43.87580514881837
-56.30952380952392 30 80.62284116183703
-28.63385244087236 30 81.15752369360584
-42.50000000000009 30 80.62284116183714
-70.11904761904768 30 80.77608788725675
-77.02380952380958 30 80.766079137958
-6.577726480422221 30 60.77689777243341
-50.69230225117457 30 30.28917452150924
17.14012673411304 30 43.58231167192731
-48.58325317304511 30 71.4438344495691
0.6878404505883822 30 37.20323641356276
-68.44399369117252 30 59.5590857274649
-20.69364173311073 30 73.27327759065265
-34.79484120436062 30 71.63489527314846
-57.51268679625777 30 30.13022534572068
-60.42260248490987 30 23.90964599191116
-20.07304988375583 30 48.69927943072476
24.32815719301625 30 36.23496276398974
24.30626447779196 30 29.91655498814521
23.93379896374697 30 55.94301451272239
-127.5065353334814 30 32.69455709742958
-121.2500000000004 30 21.65063509461086
-47.59449743447881 30 48.16779518888748
24.27591850923132 30 16.63441119181739
-12.71517019341223 30 25.12544146060954
-68.15270934902254 30 47.71675367695241
24.23076923076926 30 69.94820569028165
-3.253475449157818 30 66.66413259889751
-23.60948736373338 30 54.57356980147396
-81.77255759774164 30 47.35814639480385
-40.71911199843763 30 48.30180403175267
-37.3744504809307 30 54.31760981314538
-84.16241961278058 30 17.88525819403987
-30.49084079946786 30 54.44639999519033
-98.77300889575946 30 52.65864444557856
-0.1316535669191978 30 71.8666397777649
-53.79970108463951 30 24.31994098183658
-19.57868583836743 30 24.98573719134532
-78.52136443677867 30 53.30882058293975
-101.7349808865598 30 35.39430577996401
-111.2589313100736 30 80.04618723447601
-47.06782753659022 30 24.45324991823115
-40.23765384232364 30 24.59081516448622
-36.91042739160883 30 30.57072312033373
-26.46873260412907 30 24.83794889691397
-30.03120740457628 30 30.7024000660968
-71.7119486226065 30 53.53867482037492
-95.67790815502221 30 58.42970348936321
-72.17613336497591 30 65.2310790910018
-69.98642850718234 30 5.854387478795113
-92.56892898201134 30 64.26168709727273
-115.144194599863 30 10.74206675625885
-63.2698636885914 30 5.786820852542562
19.60534948054163 30 80.37842044187511
24.39833629384776 30 10.19155332109049
-8.447953740931013 30 6.322847318343596
-29.12875446645486 30 6.085342216582127
-49.7603000018488 30 6.110951499689614
-104.1053851232679 30 80.87658428465974
-70.71377424594885 30 29.59009282023133
-59.97133272555222 30 11.94710075592405
18.96949819032305 30 20.70727997268719
-56.89763366015229 30 18.0735625690026
-99.92191429272765 30 75.25405699568381
-93.47538244632469 30 75.44554315343471
-16.13628384767153 30 77.56169003009175
-66.92418986467705 30 23.42243311824726
19.40840482388828 30 73.41936808374854
19.42748423848817 30 60.3261143193357
-87.18148291454659 30 75.93755043106192
-80.37911607412039 30 76.08885219376276
-132.0181701716213 30 49.36745858138963
-123.3944303501505 30 51.05481561289134
-73.41352485878653 30 76.12746158488646
20.184410017814 30 26.38115368169811
25.44456281325221 30 4.543121222433238
25.96926681819405 30 49.96300406448695
-125.8122840651843 30 60.36906285211659
19.36738795605661 30 38.49000724767055
-66.35155637055983 30 76.07088703426098
25.41859989229632 30 82.01955680792368
-59.39313154446779 30 76.129558197623
-117.0138252453195 30 62.4759110858418
-52.49574899288288 30 76.1745933509365
-45.59646781920844 30 76.22772658773147
-6.029252060707947 30 81.89708576026202
-38.69613800976762 30 76.27830013798609
-119.8130329511315 30 71.33915033622225
-31.88888053986385 30 76.54989387349079
-15.32776703486557 30 82.24071041498232
-25.45162854276412 30 76.87340306427797
2.680164446108833 30 76.83797689245303
-111.3060081147803 30 73.82291725452427
9.568122717033631 30 76.68199950020927
-3.514287548279654 30 77.14558950563054
15.78437101233327 30 76.88200720612959
-141.875 30 59.53924651018013
-141.875 30 27.06329386826372
-148.125 30 48.71392896287467
-148.125 30 37.8886114155692
-168.5166597575863 30 63.20076830193003
-168.8319499255888 30 23.30801517821529
-150.8517367873245 30 80.65775154185356
-150.8707694120612 30 5.91262376280962
-169.2307692307692 30 43.301270189222
-135.6250000000001 30 16.2379763209584
-135.6250000000001 30 70.36456405748548
-164.1957535690969 30 80.7312434442202
-164.2906398625648 30 5.775233245653794
-136.9674154315682 30 5.741161033830608
-136.9674154315682 30 80.86137934461325
-143.9999435443048 30 80.73663901747562
-147.4084014577625 30 74.85488460011373
-154.1225402083116 30 74.753986549481
-150.7128664835575 30 69.05566723903416
-157.335557525603 30 68.94180727688772
-153.9553759824233 30 63.30050953393061
-143.7465947861339 30 69.35075597715465
-160.7680316819292 30 63.21204483249096
-157.2067338144447 30 57.58325582650963
-150.4270725093475 30 57.63514450766999
-163.7736871837493 30 57.45515522216667
-160.3434257802937 30 51.88450485386307
-167.0886316587838 30 52.33640857330931
-163.9356367247259 30 68.8130317187797
-157.6555789728052 30 80.48029273594345
-146.9483166097302 30 63.70073805279745
-144.0031156484276 30 5.860540515338107
-147.4121022459058 30 11.74140145842832
-154.2009026218699 30 11.79448490119054
-150.7246524901376 30 17.55022856040457
-157.5519424217541 30 17.61669783656831
-153.9934044662125 30 23.29525087051441
-143.7479116904471 30 17.25153789628012
-161.00880154604 30 23.34631779759148
-157.2566563086265 30 29.01902778622346
-150.4318239321305 30 28.96856213757206
-163.7785099366047 30 29.14011636286701
-160.3828327181066 30 34.61927248710417
-167.1134682457154 30 34.17732485235985
-164.4079420355092 30 17.44690915444035
-160.968033072029 30 11.72404041429879
-146.9530685499908 30 22.90158933319616
-140.0412258699616 30 75.26707666693497
-140.0425908360582 30 11.3334867664187
-157.7409975034508 30 5.913241265702716
-153.9935595223112 30 52.10268784299205
-156.9546075327946 30 46.33592084369022
-154.0840695552647 30 34.47672070020193
-129.9112359052614 30 5.52457345474426
-129.9112359052614 30 81.07796692369959
-144.9999999999999 30 54.12658773652734
-144.9999999999999 30 32.47595264191651
-138.7499999999998 30 64.95190528383276
-138.7499999999997 30 21.65063509461105
-163.491044569695 30 46.01082411758975
-160.7850311795758 30 74.7084756661941
-168.3694306094209 30 75.44767165105493
-151.4676096418174 30 43.27363898235078
-157.1354111968882 30 40.18079483206392
-168.5696805851495 30 10.9493572970723
-164.6054008676242 30 39.45740043135394
-133.0285403621479 30 10.98341524070263
-133.0283128677985 30 75.61879564689286
-169.8757957200239 30 57.24836159538195
-169.9447856215818 30 29.31621225416529
-170.0422367737706 30 69.35725432697043
-170.3885214957265 30 16.70119923973951
-169.9326276302174 30 5.012917399578926
-169.9326276302174 30 81.58962297886498
-170.278879244571 30 48.14762426866043
-170.2788792445713 30 38.45491610978396
-149.4289282016866 30 33.52734893488618
-149.4098443365328 30 53.06417336887379
-152.5412747138263 30 47.65522717528216
-152.5166077815748 30 38.96155466313719
-94.57644223638326 41.83981208039523 5.639672432722582
-118.9985114757664 32.64705215123343 16.09528266311616
-76.13617800690804 57.36754799539464 27.4898529448585
-100.3820742839567 48.24387302251796 37.87963996221794
-82.59691866647729 47.82315913666267 5.617451160722297
-112.3973220871326 42.17944733659824 37.68287280937145
-69.99699408023952 57.29367061317366 16.60055570778456
-125.0030059197604 32.70632938682638 26.70071448143726
-88.35684242301433 54.27562432798767 37.94592684565652
-106.4838405832277 35.9203943848409 5.758426955574174
-70.40960814757726 53.91373422764541 5.606781144159965
-124.582119611663 36.08873793726288 37.68872493422532
-76.58975468366366 50.81779123675815 5.586447827775392
-80.22574788699976 50.60522185212608 11.14781084329581
-86.14856873931313 47.66134954921559 11.20856468435945
-83.7929158913683 50.4243869839154 16.69989670695436
-89.68859524747825 47.4939039511308 16.76002188986891
-87.32711708044378 50.26111084893031 22.2557076076882
-93.22346567723014 47.27401667713544 22.12088521137641
-95.62053753215278 44.53376738071047 16.78023343986997
-99.16023381789086 44.31214027211744 22.14342842529576
-101.565850771734 41.57150830856997 16.81625160147823
-104.8225904389224 41.50162348450309 22.21500204014963
-107.4093174355205 38.67103946904564 16.88991396383851
-111.1411168414741 38.44593575539459 22.57379800057333
-91.61809204771882 49.58947749384184 27.36128807487236
-102.2758962196401 44.42567312845873 27.93320335538059
-86.07362160732865 52.49920598401754 27.83757873348278
-78.54076534697401 53.14579242792085 17.03013010908689
-103.9967785885944 38.75960147207249 11.28601107588509
-118.3995364470321 39.18539064029329 37.70729640115305
-114.781582097491 39.44590487779914 32.34326343919329
-108.1355663088266 42.65640242112081 31.95351615053801
-121.2660279473552 35.8793098182489 31.21960540375691
-116.099256300578 37.1391538981251 26.63472231235348
-82.29885501386858 52.86800380111994 22.57704432077994
-88.55752833861482 44.84569898664984 5.627305442283278
-73.8204509431929 54.10008869855912 12.1600849864768
-106.3792755042048 45.18352867389136 37.66575337794649
-64.11064845800131 57.03980233292981 5.52568049953239
-130.8879725734402 32.96060856650397 37.77462464347636
-94.38061986317663 51.26818371578055 37.96133554332724
-96.99906075843911 48.25642906292406 32.06358405317919
-109.9476723786303 35.79665010903447 11.32929686839875
-112.4359961268535 32.88164672470128 5.541332094201034
-100.5165026154669 38.87552582703587 5.659570011329456
-79.06969351715786 57.49244202339369 33.00349645751504
-72.99249921855719 57.38000052096187 22.08797837468824
-122.1061913689477 32.56308272130336 21.18706349392347
-113.4545155992904 35.48936203816362 16.3388503981443
-98.04195428459599 41.73334702490651 11.2733096037949
-92.10560439642306 44.68464649550141 11.21485124881651
-67.32711693816849 57.05788264538468 11.1593993677029
-127.6856876753698 32.93916428480703 32.15381932884598
-82.45289372103869 57.30731531179583 38.22207336216277
-115.7019492634234 32.8024518371888 10.92378972413641
-84.55585947821959 54.83247117401832 33.29140532528837
-90.65499823451955 51.72017621896484 33.07411755302657
-111.416346426166 39.90256807241152 28.09643198704606
-96.65534970418381 46.7715473268955 26.32447782402086
-102.8343746150135 45.75318126178259 33.49913937985245
-117.1172598210745 35.11365694510442 21.38142886572181
-80.92036523291236 55.09183585476941 27.89301019129154
-77.46676520634108 55.31330206239724 22.67838092379084
-107.2477272480448 41.6014623702097 26.76131425408512
-74.33696870472846 55.52139203901257 17.97825918973361
-120.4856680054995 34.59946328320301 25.43446388709045
-100.6495190528383 38.79903810567666 80.97754037844388
-76.72856453279124 57.06115141945424 59.14803274662424
-100.3784655377163 48.25693107543253 48.68391652587411
-118.8686021016641 32.78956494546811 70.23858855096621
-88.56660160433607 44.8486351032114 80.94934857281771
-112.3753098497204 42.26193722093246 48.6720405411039
-76.57622294201273 50.83428682471148 80.98238782185098
-125.0030059197604 32.70632938682638 59.90182589700659
-88.40334414115536 54.24727563536977 48.67427294621255
-70.84352989424433 56.80669612342402 70.22267074684886
-124.5748246684903 36.09283011038441 48.91227495291234
-64.13758391996041 57.02533645905817 81.08031754731608
-70.30109007091049 53.96557633953705 81.00413171307444
-73.97157395312206 53.72772979258356 75.47059174817788
-80.05544321334924 50.70914327447704 75.38971151566379
-77.44266417919424 53.55197000475934 70.06733688384327
-83.51588816416363 50.57005479078266 69.87786168507085
-81.0960808322879 53.5441848391022 63.76640222439384
-87.27074118865401 50.28431228881445 64.36410653428138
-89.43234429205762 47.64275938129851 69.77070782678558
-92.96405893153312 47.42484102856606 64.40848995104787
-95.37084426918658 44.69206049790174 69.70644491341153
-98.87559591236254 44.49498399057924 64.31873004684181
-101.319913392792 41.74543459312832 69.60976648952
-104.8166301812934 41.54963550897785 64.23154327580471
-107.278001235472 38.81270555018743 69.44932704445277
-110.7246626790647 38.62215057098 64.13963611890642
-91.36463708410743 49.7295315297485 59.19508776598611
-102.4050276100053 44.41751875811912 58.47392246156261
-97.83108757122498 41.86881444400153 75.225189730547
-113.1885142548559 35.8609284355104 69.43727406656188
-109.9386154653234 35.85043146084635 75.10262647637657
-116.5133931378033 35.61413137496349 64.53334500833598
-114.2510313247392 38.52699084651747 58.36142941358714
-82.52460904146767 47.86498437153786 80.96544629842978
-74.20224549346136 56.64758707570985 64.95637459000054
-81.60190762924776 54.99017625276036 57.88122332070097
-118.4176812726368 39.25565930763838 48.62039841340538
-120.6888903940678 36.43735340857859 54.44944683735831
-103.8550257879068 38.88279743708091 75.13528901410085
-130.8867566688554 32.9612902474911 48.82766033127702
-94.38868641065837 51.26747071349325 48.62970307741162
-96.9387271724178 48.30790857625617 54.46512689637613
-106.3876643600899 45.27721497376177 48.59771821318955
-108.7226885208475 42.42006158308867 54.45080740518357
-106.4963414819078 35.94712161202047 80.72987540037471
-112.4631405608194 32.88684389956663 80.99618920362613
-122.0715906176605 32.71480829528943 64.94981433782705
-94.55474849026828 41.84142336632374 80.99486095801153
-91.95083545269691 44.78192230326069 75.31878352082198
-82.5547959383385 57.23979684500416 48.4378580283785
-86.00762029467852 47.73624987076136 75.37864323659828
-127.588079608529 33.03296719221342 54.29284037754365
-67.47979630637289 56.92088978576714 75.65324977400689
-79.40307552924202 57.33929903795688 53.5521122008681
-115.6389787304438 32.89796145689859 75.45696378891006
-90.59642495773126 51.71791908081844 53.63769367267899
-119.8381423553574 35.19389449159036 60.23045370754069
-96.50960934208524 46.87495677665382 60.1722714243629
-84.86232131399294 54.69732326733525 53.24849366483851
-114.8911202724024 39.78040047335111 52.91082452212765
-102.9665146402154 45.73592699333165 52.93429830043719
-108.18400806319 41.10727145353662 59.93146773500889
-86.13321514027014 52.32744176744718 59.25675131814812
-105.4762293114435 38.8784100699761 81.00273446524388
-81.76160439949881 57.04241334255498 59.1557166212627
-105.3874770314301 48.2425709498501 48.71805309513337
-123.7900978617899 32.69981776096144 70.68545524984157
-93.49017715126102 44.87663648040385 80.98471999252591
-117.3734384638286 42.19437409515321 48.90932740968466
-81.6144007432348 50.8107144832546 80.99791891652642
-130.0030059197605 32.70632938682637 59.9018258970065
-93.40272237658449 54.24593148141768 48.680006159916
-75.63205122702597 56.92937617097606 70.16398639231781
-129.5813023093593 36.08798700889268 48.9178323455138
-69.15478332703485 57.01815089905669 81.07541881040984
-75.32269190305017 53.95497655954079 81.00343495727708
-78.74434476274077 53.84047805746543 75.4735928043997
-85.07062491142602 50.68582572741461 75.4441903956896
-82.4664351430219 53.53338227360843 70.09055415625046
-88.60503458696809 50.50137835263086 69.96135771178402
-86.26101363790367 53.35440445498008 64.13814876039129
-92.41195777097981 50.16821227502498 64.52169448410747
-94.53927110701994 47.54746747619899 69.91560599294411
-98.1182847051339 47.3006768960259 64.57148024740923
-100.4728904127256 44.58454272687299 69.90214829236211
-104.0258518678925 44.35670705361491 64.53748445839859
-106.4284733982825 41.61486103482234 69.87405511856257
-109.693722258249 41.54212483868366 64.47044376826729
-112.3043264255269 38.70235828774289 69.78598460781899
-115.8995460974464 38.51037737332359 64.22392286739881
-96.80858605721433 49.42770534565626 59.47170216040168
-107.2034851517334 44.45088764047546 58.70741103990598
-79.29170171278699 56.5608556758708 65.10187825534111
-86.90325503875623 54.83381123163389 57.90093861893828
-102.9423928536004 41.75791874538544 75.41655729500985
-87.53093847771333 47.85074949922443 81.00379443744126
-123.3922684168163 39.18998931908629 48.89190228426135
-119.7650477674866 39.45519414455172 54.25573627492624
-113.1004740959935 42.66969843182179 54.66374699133856
-126.2648695017145 35.87980817793618 55.38321509279676
-121.0295163254131 37.16517531278845 59.99847042183116
-111.3813651483997 45.19358694977646 48.89832474084292
-135.8877673952701 32.9601862306528 48.82973412828693
-99.38839560944638 51.26147515476588 48.65097598455681
-102.0016603377678 48.23938379516542 54.59350026136224
-111.5469357152842 35.83978894733501 81.0140548746907
-118.2399046104651 35.5689344818763 70.35976008602199
-114.8650612552548 35.71416244024839 75.70207583967264
-127.0806434183628 32.57278672921123 65.42611156349577
-120.6413647879183 32.77319411384769 75.88503777071345
-108.927236493232 38.75124992091836 75.4659103668331
-91.01339620634744 47.72612084192163 75.40372704929118
-87.55516274175361 57.24031645640437 48.43542271953643
-96.99114752734285 44.72417543522869 75.44900197819551
-99.48332447394131 41.87285678849901 81.00968241464381
-132.685324187684 32.93905180071802 54.44974028505192
-72.41314520330863 56.95716361450649 75.6430366421714
-117.3630602930762 32.88785758357186 81.1660218077926
-84.36874062300801 57.34977122635565 53.57530527819231
-95.64451010669626 51.67057696783091 53.71840564164617
-116.3241320004792 39.93134020132541 58.56615888363664
-101.6315736239484 46.75507214618759 60.37631563349554
-107.8148923530649 45.75922555341785 53.11620722571661
-121.9914192952073 35.15187000327501 65.30669978064715
-89.88191500215211 54.65839115900278 53.34942118079437
-91.27467635860363 52.18381604834098 59.50926738622499
-111.9869972603931 41.74292534872931 59.80278157765641
-125.4552956251416 34.60917519043078 61.18703996376637
-99.56197900105559 41.83633557097835 5.602578392407197
-123.7530059197605 32.70632938682638 15.8753969341319
-81.14064272194861 57.36457151870094 27.48727524042807
-105.3745881665024 48.24904882141013 37.88460311973771
-87.62057290877443 47.8081699578333 5.606497471603143
-117.3740690377256 42.19414624523689 37.69351585952366
-74.99699408023956 57.29367061317363 16.60055570778466
-130.0030059197605 32.70632938682637 26.70071448143737
-93.35299340710097 54.27726992680627 37.94496067606085
-111.5798734496884 35.75138456228326 5.339293560184475
-75.4195196024471 53.91137683286159 5.615782032493351
-129.5811085431499 36.08813697329172 37.68489191192759
-81.60715107897408 50.80975040291278 5.588725002810849
-85.26538184656374 50.58458786475266 11.14498064597883
-91.1859074723767 47.63343154443416 11.17652646166107
-88.85910059205247 50.38724820715818 16.68587947467426
-94.7390863894324 47.45536509681394 16.71397260558108
-92.41390372385274 50.20721489111988 22.21932540899037
-98.30949036619708 47.21554876889957 22.06734556801887
-100.6835884185732 44.47998848874722 16.70314523210212
-104.2458840076918 44.24465583644053 22.05800596308389
-106.6272254905625 41.50906600856406 16.70624926048606
-109.8886358109235 41.42876493635431 22.07700656574178
-112.4903692084547 38.47737096690079 16.3594123815227
-115.9936582776859 38.4323577229725 22.27135659203739
-96.67874454579132 49.55247870483947 27.33817371839868
-107.3086164479144 44.39055407018752 27.86822046670746
-91.12237571048172 52.46892422090679 27.81712421272019
-83.59083220711946 53.11879897521246 17.02334039150903
-109.1221790594332 38.58582879628422 10.90124485580598
-78.84131752674571 54.08932719397107 12.15894802394593
-123.3922750602464 39.19011264461577 37.71107681310696
-119.7645664029123 39.45323289810186 32.33917639862343
-113.1299769739442 42.64438616114678 31.90220959295734
-126.2645790328683 35.87981197519908 31.21883533295204
-120.9057613696725 37.2334726187168 26.62630889335743
-87.35797204773361 52.83185104318897 22.55420119988664
-93.57186703263332 44.83132995078707 5.602364988497307
-111.3834249619534 45.1913688089286 37.70009947403631
-69.11236959003098 57.03970774297292 5.528333918431922
-135.8877351009019 32.96021122471932 37.77283689665653
-99.37098393977314 51.2720489500949 37.95803519884583
-102.0288603604464 48.23332823525101 32.03517486344797
-77.99583431529916 57.37777712313391 22.08605285568663
-84.08029497677265 57.48537438365047 32.99737570195268
-127.13045161219 32.52939639944712 21.11239062587284
-120.676200381875 32.69159632654978 10.49517659960493
-118.0560360724925 35.46264261833836 15.55610482658207
-105.5613239812528 38.80883785870931 5.506188995345052
-97.14105678190181 44.65265481241179 11.16543414065358
-103.1162254554632 41.64545192261583 11.09747347946666
-87.45289372103868 57.30731531179583 38.22207336216281
-72.33253346657722 57.05568039716321 11.16115225848661
-132.6852380994468 32.93908159333942 32.15275418885896
-117.4837629917334 32.75504010035321 5.185488519199978
-121.9578187587529 35.12647764652616 21.14968105747039
-114.9014035272795 35.62064389511828 10.63945345715003
-89.56490991772662 54.82554018558528 33.28307149812003
-95.6579613425811 51.71054841061971 33.0458981002989
-116.3455937462525 39.90546690826053 27.98392661261069
-101.7143191456082 46.72731312312362 26.27338411593137
-107.8450933821522 45.74173721938482 33.47806150337737
-85.9496575003008 55.07307137787856 27.87874383197246
-82.50009331329511 55.29232222364247 22.66343060503964
-79.36197672719985 55.50581929998919 17.9676288048479
-111.9340057070474 41.76388514036472 26.7805815860779
-125.439659327811 34.60926032748959 25.38871247668163
2 7 0 213
2140
2141
2142
2143
2144
2145
2146
2147
2148
2149
2150
2151
2152
2153
2154
2155
2156
2157
2158
2159
2160
2161
2162
2163
2164
2165
2166
2167
2168
2169
2170
2171
2172
2173
2174
2175
2176
2177
2178
2179
2180
2181
2182
2183
2184
2185
2186
2187
2188
2189
2190
2191
2192
2193
2194
2195
2196
2197
2198
2199
2200
2201
2202
2203
2204
2205
2206
2207
2208
2209
2210
2211
2212
2213
2214
2215
2216
2217
2218
2219
2220
2221
2222
2223
2224
2225
2226
2227
2228
2229
2230
2231
2232
2233
2234
2235
2236
2237
2238
2239
2240
2241
2242
2243
2244
2245
2246
2247
2248
2249
2250
2251
2252
2253
2254
2255
2256
2257
2258
2259
2260
2261
2262
2263
2264
2265
2266
2267
2268
2269
2270
2271
2272
2273
2274
2275
2276
2277
2278
2279
2280
2281
2282
2283
2284
2285
2286
2287
2288
2289
2290
2291
2292
2293
2294
2295
2296
2297
2298
2299
2300
2301
2302
2303
2304
2305
2306
2307
2308
2309
2310
2311
2312
2313
2314
2315
2316
2317
2318
2319
2320
2321
2322
2323
2324
2325
2326
2327
2328
2329
2330
2331
2332
2333
2334
2335
2336
2337
2338
2339
2340
2341
2342
2343
2344
2345
2346
2347
2348
2349
2350
2351
2617
-25.67109034355927 60 80.69180270085661
-12.97362872813728 60 6.002632325315128
-64.63127290919158 60 59.25783140886402
-61.47998006112405 60 21.58902418471309
24.45235102197833 60 43.30283606134878
-5.206644146809836 60 80.3706028665116
-32.11538461538459 60 5.662473793975177
23.676389441167 60 22.36790955272447
24.23479469637418 60 63.29468834826827
6.83307289790072 60 5.557729710200487
-45.32393886707629 60 81.00098506473111
-70.92146064600163 60 48.58936267289023
7.071444913088992 60 80.72124947699663
-67.86934560277598 60 32.4760827759267
-45.20886192228932 60 5.463313783962232
-58.31998378954182 60 70.24223400084651
24.23076923076922 60 9.992600812897384
24.38674314083418 60 76.33183655459069
-54.53140420402902 60 10.94494010237537
-51.77533982514788 60 81.1127490664347
-48.69436716838963 60 75.45209628021038
-42.28372754622293 60 75.23611077325489
-45.76844916405662 60 69.71771245282805
-39.37169226497005 60 69.42634875244609
-42.89360964128976 60 64.00481144620852
-36.46255125827184 60 63.67694821322738
-39.97435888048275 60 58.27286826262144
-33.33343991747245 60 58.04000670347003
-37.02334341167932 60 52.54482270390291
-30.3702083156375 60 52.31333077907767
-34.09088393693659 60 46.80956466397822
-27.63757461792653 60 46.45601250112409
-23.80835000063226 60 51.9233924368056
-21.14996841896595 60 46.09386267227603
-17.67802258078079 60 51.51931062645188
-14.71399579805367 60 45.72579408640737
-11.31896582155652 60 51.10617723787909
-24.75035955812312 60 40.67850855171052
-8.236154515372135 60 45.35563619191564
-40.55732924607943 60 47.13488433342352
-5.242375584186348 60 50.56869135215896
-11.77988241182453 60 39.89998815327036
-5.257533214607335 60 39.54260298805236
-8.829328142466416 60 34.06458160031502
-2.292657823074649 60 33.70647472240732
-37.65060951678018 60 41.4010649271077
-14.13336774275384 60 56.99025963769962
-44.08656692522818 60 41.74708255154574
-41.17647902039948 60 36.02017136321213
-5.871137877953252 60 28.21731450363856
-12.44521897217058 60 28.68147902272742
0.6757131863753827 60 27.86053431325055
0.9919741167164773 60 39.05485731091225
-46.99009124059849 60 47.42589823922538
-47.58253245506067 60 36.35311223502629
-44.68182593385646 60 30.6454170898189
-38.27529398523464 60 30.29150199401833
-29.54711012995135 60 63.51152495058907
-2.908646797499898 60 22.3654684042865
-41.78765531056118 60 24.91198442677025
-35.36375315596142 60 24.55348275844333
3.650386977169568 60 22.00414829530911
7.238353404798318 60 27.51302501008574
-38.90621202235047 60 19.15706257201402
-32.45825354189842 60 18.58315932879225
-28.91261896656643 60 24.17167673697912
-25.99589793288777 60 18.1803782178379
10.22203184925584 60 21.64173067101912
-51.07165344562073 60 31.00501243373948
-53.95982953550102 60 36.68088774168613
-46.40638786616357 60 58.57495119787749
0.06505433922394488 60 16.60103867060811
-6.537193665089731 60 16.99439771669677
-45.33993186216239 60 19.55727444112784
13.67613898224747 60 27.13867090528449
10.81100217092417 60 33.03572982068267
18.10316812451946 60 33.1391921822694
13.78020577992698 60 37.84301497300153
-35.79816728398603 60 74.87233462744292
-22.44354029948504 60 23.86283219368848
-19.54646260907938 60 18.02200269281417
-23.00167241406712 60 12.23376347409684
-25.40245372020485 60 29.58125414270964
-3.165930729119793 60 11.23373315997533
-57.44023771982157 60 31.35606934213492
-60.31024413468784 60 37.02097831300189
-56.85121024591321 60 42.33099474016835
-63.04425252282954 60 42.687866822467
-59.59871768597873 60 47.8846165345348
-36.60107598383524 60 11.94997850912372
-54.57063929957025 60 25.68452350146341
16.71874030265949 60 21.43024397029589
13.19387367017645 60 15.9128788241131
-16.56298258749267 60 12.26991851478529
-19.44259741003803 60 5.983535413927692
19.84302849036569 60 15.71928640175197
16.42098028613892 60 10.18917164626202
-53.35404421405011 60 47.68446983644539
-56.20670284964223 60 53.26198259547928
-38.67612380053224 60 5.649611788664108
-29.5950805637961 60 11.75535462819586
-43.47222959363062 60 52.85476278456329
-49.88186691678014 60 53.17515197032903
-52.70575061275835 60 58.73566230853049
-49.24548769362947 60 64.23596047263656
-48.19206837534568 60 25.29720825544939
-51.7140083110887 60 19.98264156709901
-49.14864903103181 60 14.54542229748487
-43.43259070791052 60 13.92195857574836
24.26517701834927 60 69.89811532556809
18.49354636185245 60 66.61424848864311
18.48085487663203 60 59.98915787208161
12.75818320606222 60 63.30757368977959
12.74372690612513 60 56.69623521794485
7.03418882242886 60 60.00429897031159
7.043001228616582 60 66.60339438986014
1.337395889314987 60 63.30629048465977
7.067257936208669 60 53.44248830874693
1.348482411633633 60 69.99367290883067
-4.24655205986631 60 66.61798043721438
12.67773078968231 60 50.18632429366702
7.433145460929353 60 46.80652360212451
-3.800783303724288 60 60.25851259907688
-4.346545318454872 60 73.15927275861839
-9.694793969302104 60 70.41056363866366
7.024395750297789 60 73.17147337314277
18.52507627877495 60 73.20191579383422
19.22732948083228 60 80.42710769085788
12.93511325744686 60 76.56854347238661
1.078009447779806 60 76.63466004992623
24.23088646482435 60 56.65051074115371
24.26774504493795 60 49.98161995180558
18.51904611379927 60 46.6837444713203
-38.80915842921985 60 80.75682958015224
-32.20311308803393 60 80.37880314744332
-29.12836584393949 60 74.79999673228609
-22.56380934883086 60 74.83395341853586
-25.77771151119254 60 69.11540252805712
-19.37668625543465 60 69.1575951409488
-22.68378161188855 60 63.47447860840867
-15.32391274483388 60 74.35839029120804
-16.6926983607439 60 63.05703936944955
-26.63563354748604 60 57.70269711472794
1.658876488560075 60 57.12560368103807
-9.512753993848079 60 22.88616030587749
12.79655268050848 60 69.91119153460774
-15.36632509733261 60 34.52236302664835
24.2588454866208 60 29.78914961954812
24.435847155528 60 36.57898152310689
-73.95478418808672 60 43.31558934482329
-31.20927524117369 60 41.05372611623493
-12.49999999999996 60 80.94006658446877
6.634707713535533 60 16.40030887691313
18.48666503266685 60 53.36459875799549
-19.02262258569116 60 80.67154895865949
-67.84895327491701 60 53.73716602131918
0.3182777248051636 60 5.549923895162849
-71.05092756222402 60 37.93985108193625
-18.26425662197649 60 40.31422048514436
-31.84672394087386 60 29.92918694760657
-50.47071243605861 60 42.03707422401621
-2.179390910317672 60 44.77593377314628
4.213638643087787 60 33.34796034550602
-64.88411267338958 60 26.99486965059201
-58.24417146799625 60 16.19232102472493
7.521505058060885 60 39.72011496110906
-34.75223207933659 60 35.66755507257683
-55.41052107082419 60 64.47858033995846
-55.02307072629378 60 75.60941298643213
-51.820726538462 60 5.351446600264621
-32.68093304871855 60 69.23375930067476
-28.29767549787853 60 35.31250620856534
-21.82500844755905 60 34.96480642055356
-9.733360327231509 60 11.56934812948089
-18.93299756585266 60 29.17461551788907
-16.01331020540782 60 23.37507226998422
-12.98434389802486 60 17.51948327160647
-52.02641028936327 60 69.91989887342697
1.224102958536598 60 50.27344976546979
-6.246286497126697 60 5.725939584989033
-61.47646244402451 60 64.65311289310188
20.1923076923077 60 5.203863250609911
-25.88476352618865 60 5.939187885032595
3.385310817331806 60 11.06146229761534
-10.22053515728744 60 63.13820377831617
-58.64990172676542 60 58.70164230980532
-20.27197564071422 60 57.4445296322572
-9.414379235880133 60 75.84777922789409
12.57859764261192 60 43.99655578773363
9.81050976140417 60 10.80648904233815
-61.97424486135449 60 53.25570242525475
12.99017340917968 60 5.217121003206916
-65.27994285928325 60 48.12868879616443
-8.146045883307409 60 56.22876786010418
19.54282826893546 60 26.6462930284717
25.55003743246038 60 16.27769322873969
-68.35419107973598 60 43.30443586366162
13.33315048044724 60 82.13260985223482
19.4998413233586 60 40.04010388398216
-65.46676736009633 60 37.80077259228246
0.7500717888216428 60 82.2449958544624
-62.56402922508597 60 32.07412144883262
-59.55918277301092 60 26.48200612852574
25.13502454991822 60 81.7054572850311
-48.16510591813392 60 9.570673861966224
25.38170410659145 60 4.621541804606174
-56.47749869512677 60 20.99756904305366
3.091875733486596 60 43.79334535673948
-53.595032260677 60 15.8315403492448
-41.92746151500572 60 9.077889764540645
-2.861245064824274 60 54.89100505156958
-14.26172529752039 60 68.02435844371723
-58.74999999999999 60 2.435696448143738
3 1 0 412
2685
2686
2687
2688
2689
2690
2691
2692
2693
2694
2695
2696
2697
2698
2699
2700
2701
2702
2703
2704
2705
2706
2707
2708
2709
2710
2711
2712
2713
2714
2715
2716
2717
2718
2719
2720
2721
2722
2723
2724
2725
2726
2727
2728
2729
2730
2731
2732
2733
2734
2735
2736
2737
2738
2739
2740
2741
2742
2743
2744
2745
2746
2747
2748
2749
2750
2751
2752
2753
2754
2755
2756
2757
2758
2759
2760
2761
2762
2763
2764
2765
2766
2767
2768
2769
2770
2771
2772
2773
2774
2775
2776
2777
2778
2779
2780
2781
2782
2783
2784
2785
2786
2787
2788
2789
2790
2791
2792
2793
2794
2795
2796
2797
2798
2799
2800
2801
2802
2803
2804
2805
2806
2807
2808
2809
2810
2811
2812
2813
2814
2815
2816
2817
2818
2819
2820
2821
2822
2823
2824
2825
2826
2827
2828
2829
2830
2831
2832
2833
2834
2835
2836
2837
2838
2839
2840
2841
2842
2843
2844
2845
2846
2847
2848
2849
2850
2851
2852
2853
2854
2855
2856
2857
2858
2859
2860
2861
2862
2863
2864
2865
2866
2867
2868
2869
2870
2871
2872
2873
2874
2875
2876
2877
2878
2879
2880
2881
2882
2883
2884
2885
2886
2887
2888
2889
2890
2891
2892
2893
2894
2895
2896
2897
2898
2899
2900
2901
2902
2903
2904
2905
2906
2907
2908
2909
2910
2911
2912
2913
2914
2915
2916
2917
2918
2919
2920
2921
2922
2923
2924
2925
2926
2927
2928
2929
2930
2931
2932
2933
2934
2935
2936
2937
2938
2939
2940
2941
2942
2943
2944
2945
2946
2947
2948
2949
2950
2951
2952
2953
2954
2955
2956
2957
2958
2959
2960
2961
2962
2963
2964
2965
2966
2967
2968
2969
2970
2971
2972
2973
2974
2975
2976
2977
2978
2979
2980
2981
2982
2983
2984
2985
2986
2987
2988
2989
2990
2991
2992
2993
2994
2995
2996
2997
2998
2999
3000
3001
3002
3003
3004
3005
3006
3007
3008
3009
3010
3011
3012
3013
3014
3015
3016
3017
3018
3019
3020
3021
3022
3023
3024
3025
3026
3027
3028
3029
3030
3031
3032
3033
3034
3035
3036
3037
3038
3039
3040
3041
3042
3043
3044
3045
3046
3047
3048
3049
3050
3051
3052
3053
3054
3055
3056
3057
3058
3059
3060
3061
3062
3063
3064
3065
3066
3067
3068
3069
3070
3071
3072
3073
3074
3075
3076
3077
3078
3079
3080
3081
3082
3083
3084
3085
3086
3087
3088
3089
3090
3091
3092
3093
3094
3095
3096
-140.4933997552668 10 76.32135514114341
10.54506008310356 10 76.36469442913237
-151.0052833034714 10 76.63014420843803
20.04513031452113 10 56.62473793975185
4.230241331013044 10 67.97015013552397
-165.0982509207184 10 43.301270189222
5.810463656488345 10.35352749033376 57.04824763674399
-147.8990863272914 10 54.93594888049343
-4.679332916942855 9.999999999999998 51.56468478806612
-1.246857707541469 10 37.86294061333066
-137.6877370903391 10 45.17807196773361
-11.50642186024624 9.999999999999998 63.30527727472937
-127.5196899174775 10 55.013297352625
-127.4648816118044 10 39.33663810629984
-11.40589513600587 10 31.92170550559901
-117.272902912442 10 45.26359643645944
-147.8535901323315 9.999999999999998 39.29650902647703
-14.86145970998346 10 45.65557012620364
-103.6389642874545 10 45.33383782784561
-137.6265937748757 10 33.41856660924225
-21.70451666892797 9.999999999999998 57.4089262137582
-89.9921159257357 10 45.38900987847415
-110.3580912595928 9.621248063464209 57.16019280776236
8.804369358928525 10 43.84367171264132
-25.0782290662025 10 39.72696211471037
-79.73207807443609 10 39.52085827520197
-146.0095338417236 10 67.61821041159041
-137.7533185938741 10 60.77034386800675
-35.33429352510049 10 45.59696311194234
-35.29946695810378 10 33.7714006063291
-59.23440306508596 10 39.60046196847178
-45.57099350670923 10 39.64788542672519
-82.75739922977725 9.999999999999998 13.81130162649919
-96.84532323270334 10 57.10032017849139
-96.42183880607608 10 13.80056347228139
-69.49760269165985 10 45.45304110625687
-69.52745273537653 10 57.21058171003283
-45.51440476193694 10 27.82235162025928
-59.26993517616182 9.999999999999998 51.39957704318866
-25.02406254827807 10 27.91402194166768
-110.0866429131205 10 13.79871419802939
-79.75582079594217 9.999999999999998 51.30084480934183
-147.8109143478477 10 27.51612170223878
-35.34428916587783 10 57.38206758453487
-49.02699490032406 10 57.29665305696346
-69.10611382117946 9.999999999999998 13.82680967736275
-79.73562013207018 10 62.96496630442227
15.36790651714263 10 66.88519669959142
-123.7591800761977 10 13.79205797208142
-117.2311318085812 10 33.5044341972369
-59.29187315350845 10 63.02572662301804
-134.0589397557473 10 19.68407508114874
-144.3173894626929 10 13.79425908882277
-103.598554476887 9.999999999999998 33.53291416062583
-165.2773459180701 10 63.2864718150168
-162.3674321117215 10 73.31965589525905
-35.24595469517909 9.999999999999998 21.94316264383662
-35.21067723731899 10 71.77074760072423
-21.74655094569907 10 71.74326056836088
-69.46079096667732 10 33.64255625652905
-89.94714570948121 10 33.57077399651618
-21.24999999999989 10 10.14234187836654
-127.3674833402675 9.999999999999998 28.00102539281397
-127.5334729943601 10 65.61739586191517
-58.95061123128603 9.999999999999998 19.83157571517685
-154.8638171913718 10 15.70879695193515
-15.09839860846843 10 21.90036246777133
-103.2553540628516 10 22.02540868533189
-158.371463943694 10 25.81415717675019
-45.40637271535698 10 15.9302151278827
-110.0833333333333 10 76.64151845320973
-89.59608422298381 10 22.03298927253103
-116.9268948431398 10 21.97757229102744
-4.56177371659129 10 73.54695218089918
-0.7497758871179059 10 10.13125947987178
-34.91666666666656 10 10.12027372306917
-75.94109308775357 10 22.03775943846384
-96.41666666666663 10 76.56493459749025
1.562401658102647 10 27.58182608838696
-49.9542458552107 10 67.6956967923976
-55.41666666666654 9.811073904272209 9.936339756398683
-161.2017123272544 10 53.59835816092711
-68.65928558589509 10 67.59816565211491
9.324011799985477 10 15.78457637451686
-82.75913755188486 10 76.57396705604512
11.73463130809096 10 33.59762915188197
19.95988909436548 10 43.93085232670029
-100.9069875089975 10 66.92679479595573
-89.03858092219232 10 68.03849203773346
19.88944542494521 10 23.31606856342724
-157.6791266764355 9.841629785121514 36.11783608917047
-117.1827166921074 9.999999999999998 68.53744073246712
-130.5833333333334 9.825695247190055 77.25349302531099
-5.005858939862691 9.844798294854332 19.57364856333972
-55.28669877974056 10.02648993197036 76.70507967116821
-164.7866607349034 10 10.13819174499141
-57.08572899292024 10 29.74482710372716
-154.9733746895028 9.667692959164974 62.47185420727801
-11.06908329114542 10 10.18075478946703
19.81655226989552 10 10.10762072025255
-132.8519428226735 10.35253507218962 9.845563393667963
20.58948696171747 9.781836875596248 76.81178598745819
-28.53841991440827 9.834656305664021 64.51382928513586
-26.2965096854054 9.42924578701464 18.35722288410726
-26.48785986969963 10.66853554189009 49.15875277172732
-87.30102155235633 10.65201754314472 57.14599030551072
-50.41439231194826 9.336673173128602 47.8622085038947
-14.41666666666659 10.61124715288129 77.75783887652872
-81.07207621668097 9.350762760161317 30.07773435115749
-2.465064473509493 8.707877895738887 61.68058296648341
-153.8296261935384 9.796771357565261 47.09891043361633
-68.78658596111816 10.70810979017553 77.44626236608143
-166.4980646002292 10.8041958041958 29.97780243869216
-66.96508923375858 10.759776503532 24.63716691139
-13.17633618457647 11.15932244609152 54.47897813978815
-96.79166845958157 8.878014202524897 39.45675394825764
-28.05981130506862 9.243742257422952 78.22490208319823
-110.4255955617581 8.865740689885271 39.41006739837176
-42.24181398983211 11.1531229558281 51.37521819658179
-45.23944641289656 9.933845643047306 76.56928641084859
-165.5260625990306 9.273471643611362 19.59143595856691
-119.4246547209201 10.80316599697226 59.53850615928766
13.5978746592776 10.63126067496005 51.58665380177445
-41.17227246246208 10.73147375354828 64.63114605096665
-135.485713576758 8.625888174260204 69.18680101565828
-89.58333333333326 10.61124715288129 8.169824394397748
-103.25 9.388752847118724 8.166540691773017
-75.92534479339159 9.381489469839728 8.174994676759548
-116.9166666666666 10.6112471528812 8.166707551417243
-121.1224946580259 10.80972359883841 77.15761876907389
-110.4031410523266 8.752293834366348 27.91720446339729
-96.75739220200238 11.2618386110409 27.97807477288268
21.27517300279762 11.65878353077448 35.06850930970532
-150.8043340236872 10.84476266962163 8.065568279922081
2.380539488634252 11.99869240160141 78.23214921978705
10.10279616867789 11.03004651623375 24.74882394257852
-129.7708921999443 11.92680865423627 47.16700132819972
-6.932164084572655 11.92529758549442 43.71950642905202
-17.12279167820409 11.9035612160692 37.7849405840843
-145.5972614579925 8.059054966330644 47.12285894292904
-140.0149850223042 11.96175034735229 52.96455737094306
-139.8464380561726 11.87350751258869 25.51133229207779
0.9050628956396238 8.018088918156307 45.682839489206
-63.32098545921521 11.94592033479713 8.054079665202881
-42.94466393472644 8.388848702543843 8.00034607047975
-110.4759624622595 12.68550877505347 49.18634341760409
-96.83236785718481 7.316149317314061 49.24836882530203
-51.04224343017557 8.042965173470362 21.82557598550171
-110.2104693092865 8.650486040658894 66.41044930196496
11.15888182232268 7.917494579406304 7.911774040148229
-50.48133951391597 12.40843655587861 33.71148564022991
-19.04935011582172 12.4517485759882 64.58394108340407
22.63360590409573 11.36672283930558 64.00097711234038
-103.652196417474 11.98020744751784 53.34509579032711
-120.703309900984 7.156218624950772 51.91774990704222
-61.19310742448407 7.995633622967075 71.01230914438553
-139.9691952132763 7.438651317905951 7.555376515966312
-167.6874388659942 12.64078238055937 78.62547657064341
-76.51456482522148 8.17284312945905 70.82095796056878
2.712877707716967 12.68949462967923 19.88687158372952
-148.6378364579887 7.277438730247619 19.99994181268392
12.97870090673182 7.691094599036941 59.5997946241019
-14.26658297994341 7.481983654397668 70.38818969977898
-124.3273247181752 12.85206709721758 21.21042008927196
5.108912419941596 12.95760335006961 50.11005819620944
-18.74734877220029 7.118062720304872 31.72686453847863
-134.1029399021818 7.008173930569559 51.4914311119756
-11.22532947480752 6.991329540239353 39.39283419659106
-103.6842985893826 7.117326584946696 59.95395010759945
-37.22561711352739 7.546055658559336 79.16161792440482
-5.867862747418521 12.69643419186508 26.92461047309272
-157.8799779320117 12.46906364192578 79.07160402036968
-52.40895653186169 13.08836903534186 41.42726821819733
-19.91470968692666 6.91284492640264 50.58222478388175
-126.3915535820566 7.137314262812511 7.137451902959551
-155.2781082778063 12.00309419034345 70.14155280313285
-134.3265901194855 6.793348372444027 27.24520371282053
-134.2634565715347 6.536967348394505 39.31596481057053
-38.73867540742992 6.555787024588412 39.6741045897851
-141.0600537843391 13.4622609182081 39.28062603782526
-31.90355816974558 13.44743115322773 39.69644588602024
-42.12764801904872 13.44392410254102 33.75146057274847
-28.46782803107592 6.551071137147952 33.80665629437823
-168.0313642754946 8.93286122270354 50.29698649634954
-38.68903243205276 6.552896988468886 27.84711444369429
-28.52440168229533 13.44522083672091 57.39486966734921
-62.67489855617673 13.44883261351639 45.48971222416405
9.246441308106483 13.24530994517763 63.24229704422069
-72.90759916782172 6.555095358816431 39.54153841678407
-83.17772167936765 13.45182023916236 45.40788971557141
-86.5533119934954 6.551754586452708 39.49796721228206
-157.6154202032404 7.160352746692853 8.987174146362474
-31.85458643071691 13.44806903642075 27.87875411379705
-120.6660342138146 13.45511508610748 39.37188798586484
-144.4292147833938 6.55037151918778 33.41864325215099
-140.9862236653904 6.702735816480214 19.87089453145854
-42.18672791629825 6.60604452594341 57.51330988967104
-151.3138654989484 13.41749030178909 33.39370282684098
-66.0781457898529 6.554944295193971 51.34053061686511
-62.13043442643786 6.781213299432455 13.61934012057894
-72.94722925232527 13.44383967666389 51.32309138798568
-62.62786690272398 6.544611400817955 33.69859790909792
-42.07146703304913 13.4418336204175 21.92879540291234
-4.422350394575915 6.794253841157336 31.63659065293204
-52.4394285123781 13.14719037724904 16.217885356527
-62.75523385882184 13.46246339535459 57.20609594238493
-124.1473139778955 6.508569064310487 45.19337976505429
-76.3005708964504 6.541447721471645 57.12693902880428
5.52238899193798 13.47138561866524 37.90134605071571
4.596704073599376 6.984396831034555 33.93529772316794
-55.80141903882937 6.544163254005368 57.21921745187061
-28.07914778962345 7.539227496342694 7.539227496342688
-144.5928307128429 13.30083474726551 60.92523867466589
-48.60588169570939 13.29127666513132 9.592161247467613
-110.0900270415538 13.43744156046754 21.68785260851483
-93.44431341342393 13.49201315449534 62.88189950335681
-103.2543709214054 13.0664822404855 14.76070186474344
-75.93281766454152 13.07780090053086 14.75314545707783
-116.9233847591753 6.944559881917529 14.7675175505655
-8.163381884648992 6.410543135552246 57.39020873727515
-92.73954121915475 13.16062514046614 51.64210562058486
-96.42550423762128 6.578776555934311 21.64196651837958
-120.6134778293358 6.543431311739892 27.64771551640996
-89.59037155661542 6.936244651377181 14.76354772539743
-130.9504931416543 13.46402066006456 33.63846411451093
-16.17770982078565 13.12010526233087 14.97682198270451
-82.76847110647076 6.559181258556275 21.69888099616419
-18.20077251773105 13.60126653114607 27.97292033493068
-164.7469609071895 6.778464200010037 36.31037345362943
-38.63355731505926 6.532459899106989 16.07659599089996
22.68601242756309 7.164240933477914 50.25977503651317
-32.28115466198793 6.544202204256226 51.49210913396256
-86.383443718062 6.555833479589238 50.95857191084415
6.105118182230715 13.36586690466075 9.718377559816059
-168.6287419763732 6.408369641827639 73.28046001222091
-96.8193864793375 13.67411837783409 45.36156004659345
-75.76500865610811 7.634825280136408 79.09173230179908
-5.672470857274803 13.0965287118492 66.82474891278588
-110.4155174079149 13.60283507389378 33.61631357419679
-76.11316365194438 13.44540376047408 33.93149291422159
-103.25 9.388752847118726 79.86413581835289
-89.58333333333326 10.61124715288129 79.8484231436131
-62.04404563857138 7.574519710978656 79.50917511632377
-154.509372186711 6.682297579305636 53.8591298264965
-167.6809427627261 12.7053707977823 56.74329325715954
-144.5641344127325 5.896235440345998 72.80176372073694
-144.5641344127325 14.103764559654 72.80176372073694
23.33670062813448 9.186107053017697 16.66665171375827
-131.2758631094338 6.539586840699731 60.31047333706804
14.41324507063998 6.908666680683957 39.90571846787157
-28.23789267852916 13.34070618692816 12.27278283574228
-127.5568565973859 6.562879337526397 19.10183583711125
-137.8148743579055 13.44904031429027 14.34727080257127
-167.9690733487386 12.55327748972055 69.50572234292348
-43.01409848597604 6.618934839605312 45.64738710826008
-159.8875312550052 6.709743581444526 67.16184120538395
-148.3335260481043 6.79559421987426 61.48257146197388
-113.516511945902 6.283392787393632 50.95108274801347
-21.25119863803275 13.44852543491958 44.89942371999246
-72.86770877307062 6.468940776950591 27.93328303648794
-76.34151004303612 6.311737288402375 45.99137119041909
-91.39873289330363 6.548669332941739 61.64975517211938
-66.55944018320699 13.66848832052604 39.28177356073561
-153.7302135884794 6.852365162993268 30.63023343476719
-0.6650407282919488 13.43359252060657 56.50738779960228
-123.1625993965321 13.6263713859894 49.68476731619682
-56.72328433207711 6.543388604174206 45.50763504433762
16.0962823777982 6.901615703025747 17.46072574050356
-124.0411784231462 6.300651915420299 34.0738748452947
-73.1352358848054 13.47014453133697 62.74218235073867
-75.9314291354636 13.46358568844013 44.67835366775618
-28.32172780676973 13.44354016069488 72.1002426542864
2.548246426177929 6.383098963233832 15.8208447058415
-152.4418454289759 13.01724249981418 22.6360151990846
-65.66830343473762 6.517453944589985 40.33056827752144
-83.27534663037679 7.146657334950518 7.145449116312885
-82.22496923976543 12.92297799716883 69.46627446891617
-95.8841610177162 7.142044168918853 7.14211140748572
-109.5498353954797 12.85895423559283 7.141442331691092
-28.53059442288276 6.191821690499834 57.69798051320328
-86.77699977638161 13.50120309124517 27.89299913109565
-68.70895193041585 7.152933129780696 7.151996084641462
-55.51459692542507 13.78607815056617 57.06208647129326
-130.9480983981182 13.78245573905453 60.45777953558208
-7.583305968264263 9.388775751004145 80.17218122170947
-52.40300645159991 6.074316060333499 39.62542478539436
-86.98231704712039 13.78001341002382 39.25076174636168
-145.3265380977244 13.64221167696224 21.09405812090172
-7.606499319788057 13.50835508837755 58.36449639195058
22.80314513254424 7.371132788031285 70.20023895717772
-120.5617108062563 13.8476060013892 27.57438562985009
-125.5495642957108 6.924243835637268 72.31035469163803
-21.36176503967567 6.410301718600911 22.76063434572163
-145.6551972433914 6.659011270120067 79.68063571430321
-21.23814455095438 10.62116987030149 80.23805719444302
1.493482513671399 6.539130193743479 52.6656666078084
-113.4735530111346 13.69784447149203 62.52870405153548
-162.403449466249 6.825605249097131 79.86676338510377
-11.02306780743636 6.569462060972645 16.749038134458
-32.68885011960078 13.71890429174769 51.15803760132394
-18.53877105573047 6.267604563549807 15.7915569542444
-7.410093893756589 13.46415241982387 36.74539336557476
-133.9696128737963 13.62801338024441 40.25265454175391
-42.19006515135041 13.77973378498972 58.0740620781175
-141.3629626084947 6.371893854093197 40.22046055123781
-62.95682073106437 6.307060085113677 57.80548066635228
-62.23255513080932 13.78053979673266 33.46498614730144
-82.76369917619807 13.85864651185515 21.70163790000865
-22.90052984892545 13.44937557191284 33.83035336466819
-116.4329558933111 12.82715321666804 53.27767330678726
-31.59676228243904 6.305962501258233 40.25289776727907
-39.04936049185227 13.69753476111606 40.22142782215018
22.86065325195464 6.858310901830192 29.15814968415981
4.70633536272652 6.733814123071536 74.18444903499494
-143.7426574148707 13.62862543423607 32.65216557177853
-42.75829630470579 6.302968017866823 33.7436946743873
19.25860969221758 13.50300098123763 50.37567633024937
-31.54195302827819 6.305902474665491 27.33404991580067
-21.31949958100662 13.63443516401716 21.46333916682829
10.06462087797841 13.10613352287215 70.15366419816577
-109.3789817580125 6.275414953896305 21.22138716690155
-136.9840555557755 6.172061347195272 13.94794724799415
-97.14713569211033 13.73453840370588 21.22268173825878
-161.2136471802126 13.70908369878541 15.61463727519904
-38.23823595740498 13.77585465866449 15.77161850499594
-9.844095035843118 6.84493880035779 25.65528980222651
-1.619020905402841 6.070515458197209 68.46744647180844
-42.72685645823475 6.315243975899956 21.94308888963739
-77.71396921448928 13.49593897865411 57.12938684147083
-119.5954423058064 6.455939617525825 39.5867795952262
-51.63592674295795 13.49415936302699 26.76205856296098
-72.92711386689054 13.81066658348113 27.42462874497718
-140.0101972706281 13.78134306715697 67.36943601792851
-127.1684895072855 14.12798643436201 7.881008685060656
-153.8762428425197 13.3993736714605 40.96460426268217
-156.4305864370747 6.289758664543631 74.09705033252646
15.60297180012459 6.045216712454111 73.90968584551153
-73.6250836592986 6.44480177231026 63.71247527831663
-106.4827523477789 6.032564419809298 50.86359658140351
15.49037602216568 13.44821545755656 80.05165239263273
-75.00163632353488 6.101095598614309 14.3468934878601
-105.6227673867469 6.801993457397354 71.66362147740996
-102.4400327368779 13.42176819115247 73.50609601955787
-18.98415853744275 13.81284445363195 51.54209401897373
-133.2117837149883 13.83154318709034 26.95379921071395
-102.3501537237402 6.092363802827991 14.32827924458684
-87.12112823781048 6.345088348816149 27.68010706227453
-116.0148232491248 13.9123208792716 14.32015392332488
-144.1530110672966 13.11761703741853 7.468441498011118
-88.59776162885744 13.88261972185009 14.31516552536913
-63.16349494342784 13.63504748367134 14.8944088659506
-129.7080033804077 13.4382984344389 15.34144368440278
-10.53827577720924 6.540256601461406 49.93327762582197
-15.83399756108065 6.543626201509236 59.02279490036359
-65.70281586731871 5.904599679828236 19.65629392108198
-49.04566069251207 6.336895884279183 11.0339964281122
-35.0925126950704 7.031512539180017 63.88820637652135
-96.77543140184257 13.9102672265374 34.51495100724699
-105.7207493456305 13.66335102274753 61.99736907559294
1.703086006814566 14.08081961091571 62.98085342726569
-163.4716118893694 13.65031001871387 37.47606621317622
-97.6110786093445 6.24935428247673 32.92148246900812
-135.1933366344032 13.81690797464979 73.84926107461665
-56.43250221488746 13.19240439001512 68.97870091014761
-145.401105717911 13.4758222966965 79.54396815590452
7.841012658209895 6.56579106692599 49.81724105789522
-102.0955113064763 13.45202188993189 39.43859204070139
-151.9662053507302 6.180536845652894 67.84962918492626
-158.643196999515 6.9986282188795 42.60954940980684
-142.1590753512092 6.511298362128255 56.69304036242597
-28.34937212679778 6.382340777323911 70.80538911252005
15.4937762385484 6.52530751939829 28.20441942617884
-154.0583770295575 13.74587167435965 55.26627441197726
-61.80267707445125 6.074852044291369 26.11979900287246
-33.67550583652431 13.42508486999823 77.70396501978826
-124.3041962993615 5.930976334634183 60.84835463406967
-19.34825134496921 6.550662706090224 41.62007491626296
-130.9335870455546 5.870028888681542 33.24611457279332
-133.3110709204069 13.53469291586028 53.65153347791424
-51.97238706128685 5.85239447461245 31.96210810222555
-95.18866991200679 13.15589529414736 69.7874249032092
7.154201798581123 6.329233966513613 62.96329962433699
-105.2822421764524 13.51144458172701 27.7238292244358
-168.2540947393809 13.70266180010703 14.93500572399893
5.109937145812907 6.426430109325339 22.50021740608939
-43.84682160390192 13.74495771319629 45.18309604406684
-85.64531660462254 13.66190465599593 63.19462845853975
4.385184469864122 6.723876104635421 6.722133520592585
-22.53292821682884 6.602691141882539 63.37404656667312
-31.678315557171 6.279395072622442 15.12230207730703
-97.8540882653944 13.65451147668301 8.152025770417907
-81.31214551730976 13.65964202091061 8.168739051953334
-124.1119146900917 14.29474366308738 33.46360888853793
-38.68906980610751 14.35122967227567 27.85617391901333
-111.5199319512479 6.345783187737962 8.149678844487516
16.31695962323824 6.146471470822842 80.69313983654189
-62.43696327597181 13.56670533994604 75.46532670531808
15.20645335067179 13.84759491813119 40.50482104608906
-70.56583876092955 13.68691593639004 8.210926218385243
-10.70161279502933 13.15959924492681 72.40070893359849
-160.780568071544 6.101511969365998 15.38038401457538
15.49932500503432 13.74739211070717 15.14413482752655
-115.7326277113081 6.883549697036421 79.64972944557091
-66.15509693371189 14.35709528916444 51.32326821031937
-83.2159912952372 6.052560884693013 68.29710747364174
-160.8290642592349 14.05932554499446 66.62472569764836
-160.2653577184594 13.30198100725749 59.69360106119641
-156.8330186801167 14.02450271202921 9.216970911130485
19.79253532663899 13.75785206967906 70.97936283186796
23.9698783815689 6.030121618431107 39.97040325158955
-54.09400019236841 6.444188951322686 15.82981681692862
-103.9840681074811 6.547969022529564 39.43212507042631
3 2 0 0
3 3 0 426
3097
3098
3099
3100
3101
3102
3103
3104
3105
3106
3107
3108
3109
3110
3111
3112
3113
3114
3115
3116
3117
3118
3119
3120
3121
3122
3123
3124
3125
3126
3127
3128
3129
3130
3131
3132
3133
3134
3135
3136
3137
3138
3139
3140
3141
3142
3143
3144
3145
3146
3147
3148
3149
3150
3151
3152
3153
3154
3155
3156
3157
3158
3159
3160
3161
3162
3163
3164
3165
3166
3167
3168
3169
3170
3171
3172
3173
3174
3175
3176
3177
3178
3179
3180
3181
3182
3183
3184
3185
3186
3187
3188
3189
3190
3191
3192
3193
3194
3195
3196
3197
3198
3199
3200
3201
3202
3203
3204
3205
3206
3207
3208
3209
3210
3211
3212
3213
3214
3215
3216
3217
3218
3219
3220
3221
3222
3223
3224
3225
3226
3227
3228
3229
3230
3231
3232
3233
3234
3235
3236
3237
3238
3239
3240
3241
3242
3243
3244
3245
3246
3247
3248
3249
3250
3251
3252
3253
3254
3255
3256
3257
3258
3259
3260
3261
3262
3263
3264
3265
3266
3267
3268
3269
3270
3271
3272
3273
3274
3275
3276
3277
3278
3279
3280
3281
3282
3283
3284
3285
3286
3287
3288
3289
3290
3291
3292
3293
3294
3295
3296
3297
3298
3299
3300
3301
3302
3303
3304
3305
3306
3307
3308
3309
3310
3311
3312
3313
3314
3315
3316
3317
3318
3319
3320
3321
3322
3323
3324
3325
3326
3327
3328
3329
3330
3331
3332
3333
3334
3335
3336
3337
3338
3339
3340
3341
3342
3343
3344
3345
3346
3347
3348
3349
3350
3351
3352
3353
3354
3355
3356
3357
3358
3359
3360
3361
3362
3363
3364
3365
3366
3367
3368
3369
3370
3371
3372
3373
3374
3375
3376
3377
3378
3379
3380
3381
3382
3383
3384
3385
3386
3387
3388
3389
3390
3391
3392
3393
3394
3395
3396
3397
3398
3399
3400
3401
3402
3403
3404
3405
3406
3407
3408
3409
3410
3411
3412
3413
3414
3415
3416
3417
3418
3419
3420
3421
3422
3423
3424
3425
3426
3427
3428
3429
3430
3431
3432
3433
3434
3435
3436
3437
3438
3439
3440
3441
3442
3443
3444
3445
3446
3447
3448
3449
3450
3451
3452
3453
3454
3455
3456
3457
3458
3459
3460
3461
3462
3463
3464
3465
3466
3467
3468
3469
3470
3471
3472
3473
3474
3475
3476
3477
3478
3479
3480
3481
3482
3483
3484
3485
3486
3487
3488
3489
3490
3491
3492
3493
3494
3495
3496
3497
3498
3499
3500
3501
3502
3503
3504
3505
3506
3507
3508
3509
3510
3511
3512
3513
3514
3515
3516
3517
3518
3519
3520
3521
3522
-71.15069988507037 44.98609874178154 45.21198740005293
14.70750325766235 45.07368852434563 53.46577356301546
-54.47074827198918 45.04746141591464 18.7300938580011
-57.03757804846337 45.02680716146449 38.67075325654483
-38.06574964372183 45.03350655357453 33.99658413697492
-43.68952122882217 45.07180644919788 49.14136040890774
-48.95948333880527 45.06772911464128 67.89815693198516
-1.969738593833807 44.99048136020642 51.58285034697027
-18.72214700999103 45.07031230591422 32.89725632177865
-16.95088663645746 45.02240595325243 48.23634875189366
-3.970841492217481 45.16724219984665 36.52509580102695
-60.19485096048444 45.02596356761119 55.90711681089458
0.7798553324541224 45.06297438336978 66.65091519223266
-68.09341794761546 44.73902741323611 28.52561136895782
-6.355980157507467 45.0700794863421 20.7831831989672
11.15917842757314 44.97189788762847 38.60977837063434
-30.06998433202349 45.19009559954586 56.073805558365
-14.04645555974307 45.00571345034952 63.18329398507785
-29.0615005195171 44.95999401000203 21.6976974864109
15.07561790047232 45.10017686542793 71.78208424166867
8.885388114437944 44.95922272812108 18.7082281382247
-29.86824874342734 45.12857286563808 71.35541087761412
-62.30990183229828 44.10970303177429 72.53022861982987
-41.0351051288975 44.20364192034272 13.93117283359565
-77.33700589533048 42.65758469290709 56.54255943553295
-18.02980564142204 45.60413777621424 13.33995873767885
-27.92893194645382 47.45501802707392 41.74204874750951
-84.0503320637886 43.01823578116903 43.29915794024853
17.41629875115487 42.35970838761321 27.81588244277194
-65.47724800613355 44.30007568312175 12.35707183311489
-49.22552937078936 47.87889592951877 29.54375505109843
-8.806912570816145 47.67086293943873 74.16715890365339
-79.99602938034492 42.16279600223654 31.4740468761835
-73.70698907612226 41.86235773390742 68.32477459494082
-40.719071088581 48.35126595290701 60.09538965511497
4.784060090070625 48.5236646362714 29.25521417510548
-76.18391898817684 41.77658044958535 20.09350880787198
-40.3782184219076 41.51139024166542 75.01513830546952
-47.36274267727525 49.81411131541218 40.04055705332146
-39.78978161719263 49.1264825347993 23.81286110407927
-49.88288092096384 40.77756998048915 57.51905360366811
0.1555197077442756 49.49020481803525 12.89044148294998
-57.73064534085023 40.91977831665022 28.44173932177667
18.22579561895716 43.53275885244031 11.48301704766189
-19.03200018587774 41.66329780004435 74.75485640819316
10.27001906134297 40.59054482760136 62.72331348870514
5.55120693585453 40.80277536311614 75.86868476697012
-94.7594035524518 40.48282258775421 43.28928871296134
19.23556098253648 49.33295941941504 62.53048430036728
5.735704923857547 49.36878837167756 57.9407877242031
-28.54283499209834 49.84784459704711 31.26943196493764
-28.27666067202916 41.09794462935424 10.9517159426813
-16.10907687305922 40.37853086318601 23.19600470221751
-87.88364978364925 40.82063107049244 53.5106579077507
-54.40140946113772 49.37810392099458 48.06119542575824
-69.62425275701861 49.61567867976865 54.59017429349988
-72.75744684804906 49.90967105959108 36.21960146730768
6.958723843747762 40.62078399732066 47.49496310825926
19.35814100336043 49.2911110296311 44.47397950439613
-35.88795068444274 40.54810590671689 43.43320391536417
-45.80285947248636 40.42153837111248 22.78656731145048
2.856719544184532 49.45988813956569 43.3310198711912
-8.355374107397303 40.57651763692986 10.70129552570037
-12.6013324070128 40.12644918073988 39.94691125650321
-8.31296815940749 49.64003134075745 44.81753212857335
-61.87940626197442 40.37505634158526 46.69097185298492
-83.57012754506076 40.37640539933955 64.78610964076735
-10.06316198892457 49.8126635608506 29.3675536952315
-20.83574124756803 40.00859559616821 56.74130963823443
-53.76810348272447 49.32347922935861 76.57328526474463
-28.96971083965973 39.95994496038137 34.56289063302339
-57.83840663979458 49.80600488130281 64.94177737520975
19.34051975881387 49.67143815311164 20.20777263419947
-48.22769476983161 40.2479061062651 36.36562312558453
-63.39532137461335 49.851967099261 20.84509936832279
-35.3594104587396 39.95198207454285 63.53743268745574
-23.79335768999225 49.36973108865109 63.6500315455695
-19.20328072451871 50.19853310752691 23.95043723567657
-60.13174368105862 50.3725105005404 30.79023816068057
-50.22064704834821 40.07486867219775 10.22187373250723
-48.94905153478963 50.20767200523969 12.00028319203152
-5.471687808905052 40.22479595182308 60.02988509437556
-51.7571468831579 39.80032364937749 45.89294863585416
-10.53194343935855 49.49090838075514 54.74970623270561
-66.48327163676852 40.03859368934655 37.51531616926728
-85.917984251633 40.13911198700199 22.79499269128072
-34.89247070776918 50.06595672533058 48.61914621304806
-49.75751866780713 50.72936219145202 56.73560613075244
20.64672053619415 39.43436533987773 63.57851674226369
-63.57710822742408 50.87788749026488 45.64865606412585
-68.11562132139559 40.15031383850889 60.00942623553356
-0.9424278153821923 39.87412703063991 28.0469669862894
-91.67515930847185 39.50365540661945 33.52767152221718
20.63644297876942 39.20011141187901 77.24189001044607
-25.56659684324279 39.90696797320068 47.90286776051676
-40.57647424317749 50.10006706790491 69.92547937244073
-57.44836093212506 39.82925569985688 64.02937941348594
19.90953615003643 49.95841259977021 34.24773916938454
19.25055676939446 39.6485589677178 41.47213746088723
-32.57908130287646 50.20529966846565 13.46000176300425
-76.52252917083587 39.81486239810818 9.769375890573608
-50.78220090728016 38.75755128831666 77.80914204215614
-36.32744957937372 39.48285787469151 25.85664974099051
4.442610658420573 40.05606614690146 10.3330888762995
-64.23515791442351 39.40386390757975 20.99285902564349
-9.790273859841093 39.13473884601666 51.3307094259488
-78.46623108125708 48.87758767351998 49.61091651634971
1.008443444052013 49.89034649520192 75.59191495301071
-16.76305753340296 50.56727863965169 40.46008900126989
-80.00206054566323 39.87936620031014 75.69620839799298
8.486408734017502 39.54534960588236 30.84702906292095
-21.55022464903077 50.91910279115629 54.37014800529371
-67.74704307411315 49.0980778497485 64.34934370055227
8.699147746749055 50.52525477052713 67.02783108637975
-69.78279735286283 39.34023352879956 77.18439578312068
-6.311763400922395 50.98378595595513 63.44408502768302
-58.31217155698917 51.22323862786485 12.70518537886819
-1.765229212439429 39.44477055662549 43.8276885104087
-8.820516717999134 39.33548856839265 69.13120273608793
-48.43430497852223 51.51397602811156 21.15853377110519
-37.65226256891329 39.59773334297127 54.21967582314222
-10.14027924427627 40.32406653176167 30.68990341651296
-75.7748788860095 38.97517532462249 39.41796700517362
-17.59791485786602 50.59852333068714 71.0935775278752
9.901101146772543 49.80848722709246 9.737697773101434
-9.543421851807949 50.40218864106255 13.26961026450012
-23.40103197560691 39.93048408789387 66.17843314836101
-34.64433297514137 50.8172463924289 77.44753371806308
-24.94556695037227 50.89901499130291 77.41776507793264
3.220141288962523 39.17294053419593 56.74608555661841
-3.846155144327241 39.58021232009163 77.32377195485466
-32.96087879234756 51.2923675446163 64.53125517505732
10.86461474720299 51.24218070125755 47.6837831725616
-92.30010857713661 38.74903857737463 61.34141346899004
-77.78214370782285 38.66383929974087 48.33128201981256
-28.72314724975503 38.58508929575459 77.76411839165738
-35.21096554554993 51.78226906943584 39.03500036743612
20.44390727967211 51.30918756120789 76.66213856660514
-21.60062676882472 38.48067801500599 39.78128716282013
-96.78835913461099 38.96724715305688 52.13309601943423
0.3506499493394628 51.47139666291184 21.81775270815899
-44.92898354188951 51.37974722882574 77.89575451306273
21.43221149631015 39.17059897440331 50.75862796413834
-24.45338642490058 38.76649389887098 26.66227694370673
-24.30648363194053 51.17593660729548 8.969816500224779
-69.35197794718124 38.68706865397748 51.28468287145229
-85.44664268018487 38.812850727667 13.68723257677705
-103.5808609183588 38.6343502937813 43.19041395121545
-39.96769574625769 51.2447280178604 8.43658608517099
13.55610545967428 50.75282061444398 27.34488854602105
20.58211653588355 39.20842882884031 19.51784046512709
21.07420700044163 51.40707526843545 53.97350362492003
-59.19705796640481 38.60581442815297 8.744351755466521
-71.89315487988556 49.22057775740791 22.72335748131191
-44.15911814967622 38.65383089858588 64.00495368414511
-42.77144330601031 52.10242820163386 33.22993829523363
9.996484888082009 51.38311236209967 76.01523537265524
0.5290143986403066 38.98787273534292 18.80878211092533
21.61478625634273 51.17668919639502 8.293780733514229
-34.56739621932485 38.63943396348546 17.00167823290133
5.548846479391877 38.30400385859739 39.19305813185107
-64.60125883649053 48.52676643000419 37.65388615235626
-23.0829740415129 38.84733042208098 17.84728913293347
-79.57477447665384 49.93176202668815 41.26731434193535
-36.51612677603032 38.96841628899738 8.314024397335725
0.5952206639513484 52.25695163084524 35.61572178182394
-2.057554420961793 51.8343036063056 56.33214293525298
-58.75494291675315 38.512654805724 78.3456266453224
-18.71195040506102 38.2230617537425 8.223936689835853
-87.59282973209547 38.12485439237533 72.04895538223212
-67.73109107306881 52.75490613450984 28.99785011586492
-56.14924203617981 52.30412865540145 23.59539418485775
-71.15069988507035 52.91262345981131 45.21198740005294
-56.41837786121052 38.19007434388867 52.73099625678901
-22.5510561638126 51.85487727943683 46.21880794919731
-32.14674466473194 52.35059869540552 24.21797045309019
-53.44788182815364 52.03311363637127 35.11926066723381
-73.48985059876334 37.98058575375122 27.46004589076952
-8.103857312405367 52.30817002796817 36.99857074375802
-46.73436306587362 52.1412231142011 64.28115731891054
-11.39564863027563 51.94415489318934 21.33443406649538
-43.94769043658155 38.30643193894934 43.28789604650663
-99.73887873046061 38.20265644166331 35.68024927359285
-24.97775236957444 51.41429416940979 17.60544595384123
-93.90133454976576 38.35049014060468 25.3359702044809
-41.59587650390387 52.04466316703775 52.85673520722371
-60.43753576008929 52.24462139523501 72.49041394158034
-41.62239394345012 37.82974354686458 32.00124651761684
-62.47884936106206 52.70852710465967 56.62149595248778
-41.78208226995254 51.98455128095539 16.39457054782267
-21.03602717085921 52.67990732079565 31.74154889922788
11.75576050068617 37.82216702379649 22.90270772250085
12.72281341108092 37.47012494963887 77.67671038603528
-12.20989898953366 38.42444778101075 78.81417936103506
-41.17256634144645 52.53535024614249 44.31901541906171
-66.13789517293699 38.08177254215607 67.97895172646901
-45.96006221833387 37.49428185713177 51.15742823488905
-64.2981572863127 48.64484316357363 79.10132160376612
22.04396941103994 37.5559457166765 33.08363545334853
-34.31981871517996 52.0974832080622 56.45921014112278
-2.153437577618902 53.00382336277701 48.49582919551721
4.706726180456563 38.01512222967577 68.18918856760938
-15.95293081487949 52.37503185238828 60.16624035456593
16.20921571135798 52.69574345342232 69.23757798637969
-57.65869232980499 37.40469931553044 35.81068418707283
-15.17430593682714 52.79206991472427 49.14526697780761
13.40843194645591 51.96253971326159 57.54175851406642
8.8906696557959 52.28359576636948 35.40801844109789
-13.18081788897457 37.90835892908379 58.65740523750737
-55.66744590486014 37.39218752850727 21.35485209128679
-76.32753045356056 48.80367630415763 29.25405704897319
-15.87477431035005 51.61379587118188 7.662404914288382
13.97997166294761 37.36242917452955 56.16053382711162
22.36567738212954 37.92333601672228 7.440132235719483
10.04493409697184 52.87681134721542 17.91461383794097
-16.00772931839495 37.20643694218702 46.61586074607015
-2.708013587421043 37.22391026566406 36.14561869847522
22.33256283001294 44.10486997688662 57.20131250539879
11.96551775675201 38.19104004934434 14.23547171701635
-50.29584996359269 37.91499615089494 28.95933721564796
-70.30962001077849 38.11403280009065 15.34004417772865
22.62135370451753 52.51427289475583 27.05114563570353
-76.57494425866648 37.26750728187605 62.42111187066669
-29.93288347094528 37.28469740313896 58.06701976810464
-84.32102433872645 37.62340645788504 36.95809983283159
-8.429857666016915 37.51166274838138 23.18294971784392
14.69431199009256 37.40070142434819 68.89077141485984
-2.162404874229395 37.10198524455355 51.35568323891868
-84.97328194424782 46.69746750104299 36.07804361376016
-51.47272676504873 37.49451005706281 68.87305907802934
-59.09522627060716 53.1669086141421 40.0111398691283
-31.33390945438705 37.2131673265644 70.07472545698079
1.227108154605521 52.89948826336624 66.65017372448335
-74.97253822599284 49.22293798984096 60.67196005320911
-19.20978141909841 37.20358255189279 32.36078070293819
22.779628057866 43.73521515825922 70.00662311402991
-44.81440650522954 37.28823631542546 15.46169069438626
-14.56174481339561 37.61328470378895 15.45766047166189
-35.4224586123073 53.0675640227081 31.54661391023964
-2.935511541267985 52.82792399534556 28.72228355398766
14.36103642747806 37.73930136183542 47.43436623603035
-69.89533011753605 46.97138482134962 73.41137005416331
-48.84086590778574 53.22736771554021 71.56953738327975
-67.35319344011759 37.66078072169599 7.609779403516423
-64.74161176501212 37.82795826321608 30.17959220989357
-14.33788877540093 52.10041149193223 78.70295187037607
-41.03093957207325 45.65108572469305 41.01004755542197
-99.77794984874052 36.91852287971296 60.63546873698584
3.80308519438772 45.23053015501777 36.1972705029576
-60.03697464773721 46.10633030020417 7.214711785350907
-47.56941922275806 52.54070596444087 48.29561435109104
13.3948422893643 37.73971751860073 36.65746244352503
-25.79496735184756 53.27610010376316 37.51355244509142
-92.98836168642879 37.25871965735266 15.32455420947369
-28.24459682419514 52.75851927128494 51.21243119739923
-101.217360818954 36.79468478907615 27.28541707016323
-28.98437186941705 53.10083219264063 71.05509022485333
-85.9050330610044 47.05933908806421 49.53431938220744
-16.84470824904289 52.97670310778835 15.77356853252048
5.197912310266716 47.24184687420227 50.70147980382323
-15.8453373689666 37.9433005693449 66.00363480169352
3.573526079858514 53.38552840261424 7.347592463058654
-69.77046551879472 37.17746567664946 43.79947574595506
-82.61574069796985 37.43792678195673 57.9006976431935
-45.03129494734451 45.29808117874165 7.194924770877253
-88.43425203999691 37.63814301635865 46.55734588235797
-1.896506092014423 44.01714971337303 7.367250348502898
-72.50432467795484 46.82709921128395 15.14478643556535
-94.260466537526 37.27802227145543 68.52415755606283
15.45779045484565 44.4116835633471 79.39850229023342
-29.18680688518572 37.45075629751669 41.71248039782264
-11.84095230092639 46.05414444902525 35.52820903022089
-35.70014586566168 37.24997606510195 36.64583294859696
-110.6534431324149 36.62746809517835 44.16743253164172
13.86350113092979 53.15225431676286 41.02284093728095
-42.88010106024107 44.22735101624466 28.42730893043258
-84.2444914552119 44.97018298905105 58.75351288801667
-90.56931351468658 46.6673402464701 43.69797126209809
-34.45621880284602 43.40987518128838 79.56759675360131
-65.75268027682911 45.52026161671421 50.02570881316073
-58.80344316778238 36.78417735221092 70.90395234410346
-32.47463640964403 37.32901508008803 49.28727800047244
-39.08911240158154 36.74567538142396 69.28424672469374
-34.04134846923127 46.2177374510417 27.90039338746063
-0.2744689647090901 45.38543944767427 59.3812169958495
-72.3904835478716 42.86078508619829 34.18108863359323
-104.1978217211413 37.40677605771076 50.7619226028466
-81.04546126636325 45.66056923185194 24.31452664878947
-33.07621198311514 45.80843852839907 7.093818080886052
-52.50266445317962 46.30162143647528 6.58606384381261
-61.42988421099736 37.30737078616505 58.21724724994051
23.14857767859182 46.05792010713463 49.64984401026886
23.19155347122452 53.30321946993089 67.20421743368468
23.4524339291792 45.4967479558111 25.04026878487041
-25.2950006087469 53.72967623939957 26.01212006384301
-47.27619104762972 45.28128036070645 17.55006025872919
-44.89051752148096 53.93849745688541 26.75621294159889
-30.36074118877823 53.68383230580142 44.37457230640081
-4.570828373170741 53.19964856300852 8.404177896585855
-29.61310694646538 44.70704375258366 63.50278530165427
-2.366323943696408 37.33173926145725 66.1000246647624
-52.50143071856748 46.14339273488935 61.65136493043816
-30.30859683786333 36.47448236265657 22.69695597924196
13.64358895495718 44.7952978523692 45.52067817489632
-79.22114212738667 36.45378777737607 69.23492696996522
-14.01427146907294 44.18116288294472 6.929561636583662
-54.09940559917564 44.56436867780906 71.68434875178173
-21.13069816185396 45.17719244615702 42.37847175079181
23.43779399197386 53.48611368389742 39.95275618350503
-12.53346710898024 53.10574917376081 66.5316900557355
-8.180674116847605 42.44546601010242 45.13948959974775
-55.90152607440675 52.95666624557951 53.99235644498542
-23.6659792937421 45.88857246335562 27.67607196568128
-50.48517075594515 44.32385372784645 51.31286144821046
11.46910405231865 42.38024955329725 7.557566555946158
23.13854636337162 45.57501521259603 39.28557033751832
5.253521398648779 42.53187591466858 24.78950916126469
-35.75098761629172 45.64129846216323 18.79458135381364
6.825269105716195 53.47965269552918 24.3784650975938
-106.9886811969989 37.15748153910556 36.78175158309578
-5.1548405195391 53.06404266403416 70.51959315106227
16.63552024043035 53.19231689001714 13.86710026128255
-53.70367958442367 53.37069589416988 7.556723458156463
-52.67944986647339 53.43681081856061 42.6823392553006
-75.19888253045133 36.1857988201833 54.48542422315703
-16.65711138619029 45.95734279885856 56.45969949930188
-2.914368164619468 53.67927007738886 41.53928290599423
23.11955519135738 36.68459569447043 25.89927999094794
-59.2501232226568 40.41571596590802 15.79099762455762
-74.01214740161222 53.75643799377819 51.36038317493716
-43.81689823474007 37.41316080633958 7.268997749144915
3.741800867413083 53.80780624090909 52.83262476932594
-28.94631970337081 46.13542440500966 48.67257873789184
-14.33935335548459 53.7122878480119 33.78708826053673
-44.15084895501651 37.08871142920777 79.52934274919967
-88.6906601788675 37.2134960151995 79.52716219690592
-87.07792592220049 43.83370836087425 29.32080062069581
-62.46181436612261 44.00188825167238 32.69500889780972
8.199703331562329 44.01627364633365 70.01880458778871
-27.38333337807137 52.83209268249415 58.40122095153234
-68.22511115696634 54.00348351613385 39.2248629809637
23.16723646794192 45.42618111325003 79.66229031298215
-53.74778181581381 53.34564735401167 17.30152276325224
-44.8889726179483 45.34484496328407 78.8811727811086
-79.16257469690628 46.16699104981439 65.89641930910562
-90.24225733096378 36.77571047918831 8.589684602328878
-22.93992959459866 44.18728291654276 6.760795418437929
-35.67736252238026 36.5123743505838 77.40255879184356
-43.43936207063655 43.27272906806101 55.98281638131676
-80.52166794889386 44.17002142146593 14.67301171579636
-13.31603023305814 45.43056307666934 18.82978572747417
-53.05223001751344 53.87035771288622 61.97841174531928
-36.71004478002898 44.03427255707235 69.33427288675958
-40.34642420465424 36.16361194191818 20.94497724946698
-83.07504049919922 37.30198087899826 6.848284837190386
2.430107961796519 36.34275915997422 80.41115357669912
-24.04544549578301 43.94372677255257 79.62591066983724
-52.15286278932091 43.39816226048428 25.08727207383356
-71.51532445026945 45.3204232594061 7.607674294475643
23.80310231349283 53.90792994465653 59.97285232492744
-25.10046782025265 45.65221404540827 35.63666931409291
-62.83354784816856 44.2600282275944 62.49726047692297
-65.99341387599523 54.01231197113971 51.0616615083995
-42.97218288327011 36.20951911925771 57.45686496285153
21.63488128243951 36.6673850792663 70.59374738330621
-53.30765009539375 43.5487037197735 33.04901345795805
-2.059949246772057 36.64327410198037 12.10915695830743
16.92714164307471 43.56720265322338 34.76672955040722
-4.181859057717951 45.94616027060471 29.53116285557019
14.66129255965507 36.02799918241498 29.79668294912338
-5.338718117114034 52.38977053209066 79.17399799363611
-73.3842783169472 44.90845236509354 51.56989330345711
-98.80360276931208 36.36921779950467 20.680782894186
-39.6612558252566 53.86431033917729 64.17089592089013
0.8559730099230833 44.26622635891306 80.04207765950316
-81.64311832730485 36.32064708427049 27.36429442331513
-37.56076539747124 46.51863350328082 53.93738111486378
-45.44324937603122 36.32439768884308 72.51840974759415
-57.27708689052837 36.91639641523276 42.7562849828928
-74.87004293583603 44.43467398843512 78.03450906796523
12.65548509921066 47.10875861344365 62.45340679922145
8.030907957184521 36.09455495702183 52.71416070795923
-82.27050096263103 36.23881975513335 43.51974699497241
-58.72183071950579 45.99402844302202 23.98557963959603
-51.45553771129882 54.00857493244714 28.04980630473438
23.53157781431884 45.86679444817504 15.75606480152808
-92.86268055068621 44.4893672529938 50.04363874016419
-13.93067511150802 44.28574398063661 70.36771866202977
23.04999748611462 37.03968408623582 57.33831675233214
-31.8349891544391 46.57945245082876 36.24330507505929
-44.67929976837654 45.90357591422416 35.19833469411621
-5.31940304609541 53.19789604303331 18.0977191848461
8.765089408500394 43.30728742591441 56.53975943522551
-80.99327049214583 36.45625204519487 18.92350773513757
-39.26288426101976 36.76352906384648 48.12712027133508
-24.56340007979028 36.41175893794092 72.32923194167755
-79.0917070372271 51.12981089365605 34.78692163638669
-22.93566472346071 46.01098434201754 69.89212689091693
-51.49964340309175 35.80145600288463 62.11676873783946
-70.79061197106634 36.02864163198804 33.65805838349326
-21.91218297723947 37.08048805476826 79.50117198709627
-33.22688401304688 52.91244672400109 6.920005447743357
10.82563918673006 46.05945986567311 31.7261431607126
-8.627478617932375 53.98546502290707 49.90480290328905
-22.67288048186083 44.59114292322758 51.98604141559766
-6.065178091959929 45.68625739165876 68.02837999829457
23.51793029300309 44.35212091913767 31.98647981854415
-51.91754046719615 45.82451773647362 42.93715816295328
-7.175889416206758 36.14196264522806 41.2266357532511
-64.64139720269712 50.7447210195029 9.738902153931972
15.44507228723102 43.81857196168354 21.15852112919331
-42.47285820474234 45.02026356948754 65.78506272282726
-58.41808392317169 53.06112914223278 80.25071786497404
-15.11473050479262 45.81278267833545 27.17276897023314
-62.32888981489515 54.15841305631643 25.62497086358563
-77.48723024814173 54.33610122079209 45.57468105778089
-22.3383854227646 45.42915813607434 19.97318933612326
-11.90149742020456 45.48873707195764 80.32766171174103
-2.915811517849392 46.05614763585093 43.08738805449366
-15.07653278813091 53.92242671461832 27.68598167721979
-46.18028720742929 53.36955211380969 6.648037433445201
-3.153496544077377 43.43176581989483 14.63768433613584
23.36829305659865 44.70128907453031 6.730485786921338
-63.20634176453345 54.33246554059328 35.14344421781032
-77.74103241412378 44.53599898746685 44.65398911153009
23.1734955141371 53.54376470921917 15.99795519276432
3 4 0 0
$EndNodes
$Elements
14 22833 1 22833
0 1 15 281
21401 1
21402 2
21403 3
21404 4
21405 5
21406 6
21407 7
21408 8
21409 9
21410 10
21411 11
21412 12
21413 19
21414 20
21415 27
21416 28
21417 29
21418 30
21419 31
21420 32
21421 33
21422 34
21423 35
21424 36
21425 37
21426 38
21427 39
21428 40
21429 41
21430 42
21431 43
21432 44
21433 45
21434 46
21435 47
21436 48
21437 49
21438 50
21439 51
21440 52
21441 53
21442 54
21443 55
21444 56
21445 57
21446 58
21447 59
21448 60
21449 61
21450 62
21451 63
21452 64
21453 65
21454 66
21455 67
21456 68
21457 69
21458 70
21459 71
21460 72
21461 73
21462 74
21463 75
21464 76
21465 77
21466 78
21467 79
21468 80
21469 81
21470 82
21471 199
21472 200
21473 201
21474 202
21475 203
21476 204
21477 205
21478 206
21479 207
21480 208
21481 209
21482 210
21483 211
21484 212
21485 213
21486 214
21487 215
21488 216
21489 217
21490 218
21491 219
21492 220
21493 221
21494 222
21495 223
21496 224
21497 225
21498 226
21499 309
21500 310
21501 311
21502 312
21503 313
21504 314
21505 315
21506 316
21507 317
21508 318
21509 319
21510 320
21511 321
21512 322
21513 323
21514 324
21515 325
21516 326
21517 327
21518 328
21519 436
21520 437
21521 438
21522 439
21523 440
21524 441
21525 442
21526 443
21527 444
21528 445
21529 446
21530 447
21531 448
21532 449
21533 450
21534 451
21535 452
21536 453
21537 454
21538 455
21539 456
21540 457
21541 458
21542 459
21543 460
21544 461
21545 462
21546 463
21547 464
21548 465
21549 466
21550 467
21551 468
21552 469
21553 470
21554 471
21555 472
21556 473
21557 474
21558 475
21559 476
21560 477
21561 478
21562 479
21563 480
21564 481
21565 482
21566 483
21567 484
21568 485
21569 486
21570 487
21571 488
21572 489
21573 490
21574 491
21575 492
21576 493
21577 494
21578 495
21579 496
21580 497
21581 498
21582 499
21583 500
21584 501
21585 502
21586 503
21587 504
21588 505
21589 506
21590 507
21591 508
21592 509
21593 510
21594 511
21595 1524
21596 1525
21597 1526
21598 1527
21599 1528
21600 1529
21601 1530
21602 1531
21603 1532
21604 1533
21605 1534
21606 1535
21607 1536
21608 1537
21609 1538
21610 1539
21611 1540
21612 1541
21613 1542
21614 1543
21615 1544
21616 1545
21617 1546
21618 1547
21619 1548
21620 1549
21621 2010
21622 2011
21623 2012
21624 2013
21625 2014
21626 2015
21627 2016
21628 2017
21629 2018
21630 2019
21631 2020
21632 2021
21633 2022
21634 2023
21635 2024
21636 2025
21637 2026
21638 2027
21639 2028
21640 2029
21641 2030
21642 2031
21643 2032
21644 2033
21645 2034
21646 2035
21647 2036
21648 2037
21649 2038
21650 2039
21651 2040
21652 2041
21653 2042
21654 2043
21655 2044
21656 2045
21657 2046
21658 2047
21659 2048
21660 2049
21661 2050
21662 2051
21663 2052
21664 2053
21665 2054
21666 2055
21667 2056
21668 2057
21669 2058
21670 2059
21671 2060
21672 2061
21673 2062
21674 2063
21675 2064
21676 2065
21677 2066
21678 2067
21679 2068
21680 2069
21681 2070
0 2 15 649
21682 1
21683 2
21684 3
21685 4
21686 5
21687 6
21688 7
21689 8
21690 9
21691 10
21692 11
21693 12
21694 13
21695 14
21696 15
21697 16
21698 19
21699 20
21700 21
21701 22
21702 25
21703 26
21704 27
21705 28
21706 41
21707 42
21708 55
21709 56
21710 69
21711 70
21712 83
21713 84
21714 85
21715 86
21716 87
21717 88
21718 89
21719 90
21720 91
21721 92
21722 93
21723 94
21724 95
21725 96
21726 97
21727 98
21728 99
21729 100
21730 101
21731 102
21732 103
21733 104
21734 105
21735 106
21736 107
21737 108
21738 109
21739 110
21740 111
21741 112
21742 113
21743 114
21744 115
21745 116
21746 117
21747 118
21748 119
21749 120
21750 121
21751 122
21752 123
21753 124
21754 125
21755 126
21756 127
21757 128
21758 129
21759 130
21760 131
21761 132
21762 133
21763 134
21764 135
21765 136
21766 137
21767 138
21768 139
21769 140
21770 141
21771 142
21772 143
21773 144
21774 145
21775 146
21776 147
21777 148
21778 149
21779 150
21780 151
21781 152
21782 153
21783 154
21784 155
21785 156
21786 157
21787 158
21788 159
21789 160
21790 161
21791 162
21792 163
21793 164
21794 165
21795 166
21796 167
21797 168
21798 169
21799 170
21800 171
21801 172
21802 173
21803 174
21804 175
21805 176
21806 177
21807 178
21808 179
21809 180
21810 181
21811 182
21812 183
21813 184
21814 185
21815 186
21816 187
21817 188
21818 189
21819 190
21820 191
21821 192
21822 193
21823 194
21824 195
21825 196
21826 197
21827 198
21828 199
21829 212
21830 213
21831 226
21832 227
21833 228
21834 229
21835 230
21836 231
21837 232
21838 233
21839 234
21840 235
21841 236
21842 237
21843 238
21844 239
21845 240
21846 241
21847 242
21848 243
21849 244
21850 245
21851 246
21852 247
21853 248
21854 249
21855 250
21856 251
21857 252
21858 253
21859 254
21860 255
21861 256
21862 257
21863 258
21864 259
21865 260
21866 261
21867 262
21868 263
21869 264
21870 265
21871 266
21872 267
21873 268
21874 269
21875 270
21876 271
21877 272
21878 273
21879 274
21880 275
21881 276
21882 277
21883 278
21884 279
21885 280
21886 309
21887 310
21888 311
21889 312
21890 325
21891 326
21892 327
21893 328
21894 329
21895 330
21896 331
21897 332
21898 333
21899 334
21900 335
21901 336
21902 337
21903 338
21904 339
21905 340
21906 341
21907 342
21908 343
21909 344
21910 345
21911 346
21912 347
21913 348
21914 349
21915 350
21916 351
21917 352
21918 353
21919 354
21920 355
21921 356
21922 357
21923 358
21924 359
21925 360
21926 361
21927 376
21928 377
21929 378
21930 379
21931 380
21932 381
21933 382
21934 383
21935 384
21936 410
21937 411
21938 412
21939 413
21940 414
21941 415
21942 416
21943 417
21944 418
21945 426
21946 427
21947 428
21948 429
21949 430
21950 431
21951 432
21952 433
21953 434
21954 435
21955 512
21956 513
21957 514
21958 515
21959 516
21960 517
21961 518
21962 519
21963 520
21964 521
21965 522
21966 523
21967 524
21968 525
21969 526
21970 527
21971 528
21972 529
21973 530
21974 531
21975 532
21976 533
21977 534
21978 535
21979 536
21980 537
21981 538
21982 539
21983 540
21984 541
21985 542
21986 543
21987 544
21988 545
21989 546
21990 547
21991 548
21992 549
21993 550
21994 551
21995 552
21996 553
21997 554
21998 555
21999 556
22000 557
22001 558
22002 559
22003 560
22004 561
22005 562
22006 563
22007 564
22008 565
22009 566
22010 567
22011 568
22012 569
22013 570
22014 571
22015 572
22016 573
22017 574
22018 575
22019 576
22020 577
22021 578
22022 579
22023 580
22024 581
22025 582
22026 583
22027 584
22028 585
22029 586
22030 587
22031 588
22032 589
22033 590
22034 591
22035 592
22036 593
22037 594
22038 595
22039 596
22040 597
22041 598
22042 599
22043 600
22044 601
22045 602
22046 603
22047 604
22048 605
22049 606
22050 607
22051 608
22052 609
22053 610
22054 611
22055 612
22056 613
22057 614
22058 615
22059 616
22060 617
22061 618
22062 619
22063 620
22064 621
22065 622
22066 623
22067 624
22068 625
22069 626
22070 627
22071 628
22072 629
22073 630
22074 631
22075 632
22076 633
22077 634
22078 635
22079 636
22080 637
22081 638
22082 639
22083 640
22084 641
22085 642
22086 643
22087 644
22088 645
22089 646
22090 647
22091 648
22092 649
22093 650
22094 651
22095 652
22096 653
22097 654
22098 655
22099 656
22100 657
22101 658
22102 659
22103 660
22104 661
22105 662
22106 663
22107 664
22108 665
22109 666
22110 667
22111 668
22112 669
22113 670
22114 671
22115 672
22116 673
22117 674
22118 675
22119 676
22120 677
22121 678
22122 679
22123 680
22124 681
22125 682
22126 683
22127 684
22128 685
22129 686
22130 687
22131 688
22132 689
22133 1550
22134 1551
22135 1552
22136 1553
22137 1554
22138 1555
22139 1556
22140 1557
22141 1558
22142 1559
22143 1560
22144 1561
22145 1562
22146 1563
22147 1564
22148 1565
22149 1566
22150 1567
22151 1568
22152 1569
22153 1570
22154 1571
22155 1572
22156 1573
22157 1574
22158 1575
22159 1576
22160 1577
22161 1578
22162 1579
22163 1580
22164 1581
22165 1582
22166 1583
22167 1584
22168 1585
22169 1586
22170 1587
22171 1588
22172 1589
22173 1590
22174 1591
22175 1592
22176 1593
22177 1594
22178 1595
22179 1596
22180 1597
22181 1598
22182 1599
22183 1600
22184 1601
22185 1602
22186 1603
22187 1604
22188 1605
22189 1606
22190 1607
22191 1608
22192 1609
22193 2071
22194 2072
22195 2073
22196 2074
22197 2075
22198 2076
22199 2077
22200 2078
22201 2079
22202 2080
22203 2081
22204 2082
22205 2083
22206 2084
22207 2085
22208 2086
22209 2087
22210 2088
22211 2089
22212 2090
22213 2091
22214 2092
22215 2093
22216 2094
22217 2095
22218 2096
22219 2097
22220 2098
22221 2099
22222 2100
22223 2101
22224 2102
22225 2103
22226 2104
22227 2105
22228 2106
22229 2107
22230 2108
22231 2109
22232 2110
22233 2111
22234 2112
22235 2113
22236 2114
22237 2115
22238 2116
22239 2117
22240 2118
22241 2119
22242 2120
22243 2121
22244 2122
22245 2123
22246 2124
22247 2125
22248 2126
22249 2127
22250 2128
22251 2129
22252 2130
22253 2131
22254 2132
22255 2133
22256 2134
22257 2135
22258 2136
22259 2137
22260 2138
22261 2139
22262 2352
22263 2353
22264 2354
22265 2355
22266 2356
22267 2357
22268 2358
22269 2359
22270 2360
22271 2361
22272 2362
22273 2363
22274 2364
22275 2365
22276 2366
22277 2367
22278 2368
22279 2369
22280 2370
22281 2371
22282 2372
22283 2373
22284 2374
22285 2375
22286 2376
22287 2377
22288 2378
22289 2379
22290 2380
22291 2381
22292 2382
22293 2383
22294 2384
22295 2385
22296 2386
22297 2387
22298 2388
22299 2389
22300 2390
22301 2391
22302 2392
22303 2393
22304 2394
22305 2395
22306 2396
22307 2397
22308 2398
22309 2399
22310 2400
22311 2401
22312 2402
22313 2403
22314 2404
22315 2405
22316 2406
22317 2407
22318 2408
22319 2409
22320 2410
22321 2411
22322 2412
22323 2413
22324 2414
22325 2415
22326 2416
22327 2417
22328 2418
22329 2419
22330 2420
0 3 15 503
22331 1
22332 4
22333 5
22334 8
22335 43
22336 44
22337 45
22338 46
22339 47
22340 48
22341 49
22342 50
22343 51
22344 52
22345 53
22346 54
22347 71
22348 72
22349 73
22350 74
22351 75
22352 76
22353 77
22354 78
22355 79
22356 80
22357 81
22358 82
22359 83
22360 84
22361 85
22362 86
22363 87
22364 88
22365 89
22366 90
22367 91
22368 92
22369 93
22370 94
22371 95
22372 96
22373 97
22374 98
22375 99
22376 100
22377 101
22378 102
22379 103
22380 104
22381 105
22382 106
22383 107
22384 108
22385 109
22386 110
22387 111
22388 141
22389 142
22390 143
22391 144
22392 145
22393 146
22394 147
22395 148
22396 149
22397 150
22398 151
22399 152
22400 153
22401 154
22402 155
22403 156
22404 157
22405 158
22406 159
22407 160
22408 161
22409 162
22410 163
22411 164
22412 165
22413 166
22414 167
22415 168
22416 169
22417 690
22418 691
22419 692
22420 693
22421 694
22422 695
22423 696
22424 697
22425 698
22426 699
22427 700
22428 701
22429 702
22430 703
22431 704
22432 705
22433 706
22434 707
22435 708
22436 709
22437 710
22438 711
22439 712
22440 713
22441 714
22442 715
22443 716
22444 717
22445 718
22446 719
22447 720
22448 721
22449 722
22450 723
22451 724
22452 725
22453 726
22454 727
22455 728
22456 729
22457 730
22458 731
22459 732
22460 733
22461 734
22462 735
22463 736
22464 737
22465 738
22466 739
22467 740
22468 741
22469 742
22470 743
22471 744
22472 745
22473 746
22474 747
22475 748
22476 749
22477 750
22478 751
22479 752
22480 753
22481 754
22482 755
22483 756
22484 757
22485 758
22486 759
22487 760
22488 761
22489 762
22490 763
22491 764
22492 765
22493 766
22494 767
22495 768
22496 769
22497 770
22498 771
22499 772
22500 773
22501 774
22502 775
22503 776
22504 777
22505 778
22506 779
22507 780
22508 781
22509 782
22510 783
22511 784
22512 785
22513 786
22514 787
22515 788
22516 789
22517 790
22518 791
22519 792
22520 793
22521 794
22522 795
22523 796
22524 797
22525 798
22526 799
22527 800
22528 801
22529 802
22530 803
22531 804
22532 805
22533 806
22534 807
22535 808
22536 809
22537 810
22538 811
22539 812
22540 813
22541 814
22542 815
22543 816
22544 817
22545 818
22546 819
22547 820
22548 821
22549 822
22550 823
22551 824
22552 825
22553 826
22554 827
22555 828
22556 829
22557 830
22558 831
22559 832
22560 833
22561 834
22562 835
22563 836
22564 837
22565 838
22566 839
22567 840
22568 841
22569 842
22570 843
22571 844
22572 845
22573 846
22574 847
22575 848
22576 849
22577 850
22578 851
22579 852
22580 853
22581 854
22582 855
22583 856
22584 857
22585 858
22586 859
22587 860
22588 861
22589 862
22590 863
22591 864
22592 865
22593 866
22594 867
22595 868
22596 869
22597 870
22598 871
22599 872
22600 873
22601 874
22602 875
22603 876
22604 877
22605 878
22606 879
22607 880
22608 881
22609 882
22610 883
22611 884
22612 885
22613 886
22614 887
22615 888
22616 889
22617 890
22618 891
22619 892
22620 893
22621 894
22622 895
22623 896
22624 897
22625 898
22626 899
22627 900
22628 901
22629 902
22630 903
22631 904
22632 905
22633 906
22634 907
22635 908
22636 909
22637 910
22638 911
22639 912
22640 913
22641 914
22642 915
22643 916
22644 917
22645 918
22646 919
22647 920
22648 921
22649 922
22650 923
22651 924
22652 925
22653 926
22654 927
22655 928
22656 929
22657 930
22658 931
22659 932
22660 933
22661 934
22662 935
22663 936
22664 937
22665 938
22666 939
22667 940
22668 941
22669 942
22670 943
22671 944
22672 945
22673 946
22674 947
22675 948
22676 949
22677 950
22678 951
22679 952
22680 953
22681 954
22682 955
22683 956
22684 957
22685 958
22686 959
22687 960
22688 961
22689 962
22690 963
22691 964
22692 965
22693 966
22694 967
22695 968
22696 969
22697 970
22698 971
22699 972
22700 973
22701 974
22702 975
22703 976
22704 977
22705 978
22706 979
22707 980
22708 981
22709 982
22710 983
22711 984
22712 985
22713 986
22714 987
22715 988
22716 989
22717 990
22718 991
22719 992
22720 993
22721 994
22722 995
22723 996
22724 997
22725 998
22726 999
22727 1000
22728 1001
22729 1002
22730 1003
22731 1004
22732 1005
22733 1006
22734 1007
22735 1008
22736 1009
22737 1010
22738 1011
22739 1012
22740 1013
22741 1014
22742 1015
22743 1016
22744 1017
22745 1018
22746 1019
22747 1020
22748 1021
22749 1022
22750 1023
22751 1024
22752 1025
22753 1026
22754 1027
22755 1028
22756 1029
22757 1030
22758 1031
22759 1032
22760 1033
22761 1034
22762 1035
22763 1036
22764 1037
22765 1038
22766 1039
22767 1040
22768 1041
22769 1042
22770 1043
22771 1044
22772 1045
22773 1046
22774 1047
22775 1048
22776 1049
22777 1050
22778 1051
22779 1052
22780 1053
22781 1054
22782 1055
22783 1056
22784 1057
22785 1058
22786 1059
22787 1060
22788 1061
22789 1062
22790 1063
22791 1064
22792 1065
22793 1066
22794 1067
22795 1068
22796 1069
22797 1070
22798 1071
22799 1072
22800 1073
22801 1074
22802 1075
22803 1076
22804 1077
22805 1078
22806 1079
22807 1080
22808 1081
22809 1082
22810 1083
22811 1084
22812 1085
22813 1086
22814 1087
22815 1088
22816 1089
22817 1090
22818 1091
22819 1092
22820 1093
22821 1094
22822 1095
22823 1096
22824 1097
22825 1098
22826 1099
22827 1100
22828 1101
22829 1102
22830 1103
22831 1104
22832 1105
22833 1106
2 1 2 316
15812 1 27 472
15813 43 1 472
15814 28 2 471
15815 2 29 471
15816 40 3 470
15817 3 42 470
15818 41 4 473
15819 4 54 473
15820 27 28 441
15821 27 441 472
15822 441 28 471
15823 29 30 457
15824 29 457 471
15825 30 31 440
15826 30 440 457
15827 31 32 450
15828 440 31 450
15829 32 33 438
15830 32 438 450
15831 33 34 455
15832 438 33 455
15833 34 35 439
15834 34 439 455
15835 35 36 451
15836 439 35 451
15837 36 37 437
15838 36 437 451
15839 37 38 449
15840 437 37 449
15841 38 39 446
15842 38 446 449
15843 39 40 456
15844 446 39 456
15845 456 40 470
15846 42 41 442
15847 442 41 473
15848 42 442 470
15849 44 43 458
15850 458 43 472
15851 45 44 454
15852 454 44 458
15853 46 45 444
15854 444 45 454
15855 47 46 452
15856 46 444 452
15857 48 47 445
15858 445 47 452
15859 49 48 453
15860 48 445 453
15861 50 49 443
15862 443 49 453
15863 51 50 448
15864 50 443 448
15865 52 51 447
15866 447 51 448
15867 53 52 436
15868 436 52 447
15869 54 53 459
15870 53 436 459
15871 54 459 473
15872 436 447 462
15873 459 436 468
15874 436 462 468
15875 437 449 460
15876 451 437 461
15877 437 460 461
15878 450 438 466
15879 438 455 463
15880 438 463 466
15881 439 451 467
15882 455 439 465
15883 465 439 467
15884 440 450 464
15885 457 440 469
15886 440 464 469
15887 441 457 469
15888 457 441 471
15889 458 441 469
15890 441 458 472
15891 456 442 468
15892 442 456 470
15893 442 459 468
15894 459 442 473
15895 448 443 461
15896 443 453 467
15897 461 443 467
15898 452 444 466
15899 444 454 464
15900 444 464 466
15901 445 452 463
15902 453 445 465
15903 445 463 465
15904 449 446 462
15905 446 456 468
15906 462 446 468
15907 447 448 460
15908 447 460 462
15909 460 448 461
15910 460 449 462
15911 464 450 466
15912 451 461 467
15913 463 452 466
15914 453 465 467
15915 454 458 469
15916 464 454 469
15917 463 455 465
18344 29 2 1535
18345 2 199 1535
18346 3 40 1536
18347 212 3 1536
18348 199 9 1535
18349 9 200 1535
18350 211 10 1536
18351 10 212 1536
18352 30 29 1532
18353 1532 29 1535
18354 31 30 1533
18355 30 1532 1533
18356 32 31 1529
18357 1529 31 1533
18358 33 32 1531
18359 32 1529 1531
18360 34 33 1530
18361 1530 33 1531
18362 35 34 1534
18363 34 1530 1534
18364 36 35 1528
18365 1528 35 1534
18366 37 36 1526
18367 1526 36 1528
18368 38 37 1525
18369 1525 37 1526
18370 39 38 1524
18371 1524 38 1525
18372 40 39 1527
18373 39 1524 1527
18374 40 1527 1536
18375 200 201 1532
18376 200 1532 1535
18377 201 202 1533
18378 1532 201 1533
18379 202 203 1529
18380 202 1529 1533
18381 203 204 1531
18382 1529 203 1531
18383 204 205 1530
18384 204 1530 1531
18385 205 206 1534
18386 1530 205 1534
18387 206 207 1528
18388 206 1528 1534
18389 207 208 1526
18390 207 1526 1528
18391 208 209 1525
18392 208 1525 1526
18393 209 210 1524
18394 209 1524 1525
18395 210 211 1527
18396 1524 210 1527
18397 1527 211 1536
19640 200 9 2062
19641 9 309 2062
19642 10 211 2060
19643 325 10 2060
19644 312 19 2061
19645 19 313 2061
19646 324 20 2063
19647 20 328 2063
19648 201 200 2044
19649 2044 200 2062
19650 202 201 2018
19651 2018 201 2044
19652 203 202 2043
19653 202 2018 2043
19654 204 203 2014
19655 2014 203 2043
19656 205 204 2040
19657 204 2014 2040
19658 206 205 2051
19659 205 2040 2051
19660 207 206 2013
19661 2013 206 2051
19662 208 207 2049
19663 207 2013 2049
19664 209 208 2012
19665 2012 208 2049
19666 210 209 2022
19667 209 2012 2022
19668 211 210 2020
19669 2020 210 2022
19670 211 2020 2060
19671 309 310 2052
19672 309 2052 2062
19673 310 311 2011
19674 310 2011 2052
19675 311 312 2056
19676 2011 311 2056
19677 2056 312 2061
19678 313 314 2021
19679 313 2021 2061
19680 314 315 2029
19681 2021 314 2029
19682 315 316 2017
19683 315 2017 2029
19684 316 317 2050
19685 2017 316 2050
19686 317 318 2046
19687 317 2046 2050
19688 318 319 2016
19689 318 2016 2046
19690 319 320 2048
19691 2016 319 2048
19692 320 321 2015
19693 320 2015 2048
19694 321 322 2042
19695 2015 321 2042
19696 322 323 2019
19697 322 2019 2042
19698 323 324 2045
19699 2019 323 2045
19700 2045 324 2063
19701 326 325 2057
19702 2057 325 2060
19703 327 326 2010
19704 2010 326 2057
19705 328 327 2054
19706 327 2010 2054
19707 328 2054 2063
19708 2054 2010 2055
19709 2055 2010 2065
19710 2010 2057 2065
19711 2052 2011 2053
19712 2053 2011 2064
19713 2011 2056 2064
19714 2022 2012 2023
19715 2023 2012 2024
19716 2024 2012 2049
19717 2013 2047 2049
19718 2047 2013 2058
19719 2013 2051 2058
19720 2014 2034 2036
19721 2034 2014 2069
19722 2014 2036 2040
19723 2014 2043 2069
19724 2015 2042 2067
19725 2048 2015 2070
19726 2015 2067 2070
19727 2037 2016 2039
19728 2016 2037 2046
19729 2039 2016 2048
19730 2029 2017 2030
19731 2030 2017 2031
19732 2031 2017 2050
19733 2033 2018 2053
19734 2018 2033 2068
19735 2043 2018 2068
19736 2018 2044 2053
19737 2026 2019 2055
19738 2019 2026 2066
19739 2042 2019 2066
19740 2019 2045 2055
19741 2020 2022 2028
19742 2020 2028 2065
19743 2020 2057 2060
19744 2057 2020 2065
19745 2021 2029 2041
19746 2021 2041 2064
19747 2021 2056 2061
19748 2056 2021 2064
19749 2022 2023 2028
19750 2023 2024 2025
19751 2023 2025 2026
19752 2023 2026 2028
19753 2025 2024 2027
19754 2027 2024 2047
19755 2047 2024 2049
19756 2026 2025 2066
19757 2025 2027 2067
19758 2066 2025 2067
19759 2028 2026 2055
19760 2027 2047 2059
19761 2027 2059 2070
19762 2067 2027 2070
19763 2028 2055 2065
19764 2029 2030 2041
19765 2030 2031 2032
19766 2030 2032 2033
19767 2030 2033 2041
19768 2032 2031 2034
19769 2034 2031 2035
19770 2035 2031 2050
19771 2033 2032 2068
19772 2032 2034 2069
19773 2068 2032 2069
19774 2041 2033 2053
19775 2034 2035 2036
19776 2036 2035 2037
19777 2037 2035 2046
19778 2046 2035 2050
19779 2036 2037 2038
19780 2036 2038 2040
19781 2038 2037 2039
19782 2038 2039 2058
19783 2040 2038 2051
19784 2051 2038 2058
19785 2039 2048 2070
19786 2058 2039 2059
19787 2059 2039 2070
19788 2041 2053 2064
19789 2042 2066 2067
19790 2043 2068 2069
19791 2044 2052 2053
19792 2052 2044 2062
19793 2045 2054 2055
19794 2054 2045 2063
19795 2047 2058 2059
2 2 2 160
15918 5 510 55
15919 71 510 5
15920 56 509 6
15921 6 509 57
15922 68 508 7
15923 7 508 70
15924 69 511 8
15925 8 511 82
15926 55 479 56
15927 55 510 479
15928 479 509 56
15929 57 495 58
15930 57 509 495
15931 58 478 59
15932 58 495 478
15933 59 488 60
15934 478 488 59
15935 60 476 61
15936 60 488 476
15937 61 493 62
15938 476 493 61
15939 62 477 63
15940 62 493 477
15941 63 489 64
15942 477 489 63
15943 64 475 65
15944 64 489 475
15945 65 487 66
15946 475 487 65
15947 66 484 67
15948 66 487 484
15949 67 494 68
15950 484 494 67
15951 494 508 68
15952 70 480 69
15953 480 511 69
15954 70 508 480
15955 72 496 71
15956 496 510 71
15957 73 492 72
15958 492 496 72
15959 74 482 73
15960 482 492 73
15961 75 490 74
15962 74 490 482
15963 76 483 75
15964 483 490 75
15965 77 491 76
15966 76 491 483
15967 78 481 77
15968 481 491 77
15969 79 486 78
15970 78 486 481
15971 80 485 79
15972 485 486 79
15973 81 474 80
15974 474 485 80
15975 82 497 81
15976 81 497 474
15977 82 511 497
15978 474 500 485
15979 497 506 474
15980 474 506 500
15981 475 498 487
15982 489 499 475
15983 475 499 498
15984 488 504 476
15985 476 501 493
15986 476 504 501
15987 477 505 489
15988 493 503 477
15989 503 505 477
15990 478 502 488
15991 495 507 478
15992 478 507 502
15993 479 507 495
15994 495 509 479
15995 496 507 479
15996 479 510 496
15997 494 506 480
15998 480 508 494
15999 480 506 497
16000 497 511 480
16001 486 499 481
16002 481 505 491
16003 499 505 481
16004 490 504 482
16005 482 502 492
16006 482 504 502
16007 483 501 490
16008 491 503 483
16009 483 503 501
16010 487 500 484
16011 484 506 494
16012 500 506 484
16013 485 498 486
16014 485 500 498
16015 498 499 486
16016 498 500 487
16017 502 504 488
16018 489 505 499
16019 501 504 490
16020 491 505 503
16021 492 507 496
16022 502 507 492
16023 501 503 493
18398 57 1548 6
18399 6 1548 213
18400 7 1549 68
18401 226 1549 7
18402 213 1548 11
18403 11 1548 214
18404 225 1549 12
18405 12 1549 226
18406 58 1545 57
18407 1545 1548 57
18408 59 1546 58
18409 58 1546 1545
18410 60 1542 59
18411 1542 1546 59
18412 61 1544 60
18413 60 1544 1542
18414 62 1543 61
18415 1543 1544 61
18416 63 1547 62
18417 62 1547 1543
18418 64 1541 63
18419 1541 1547 63
18420 65 1538 64
18421 1538 1541 64
18422 66 1540 65
18423 65 1540 1538
18424 67 1537 66
18425 1537 1540 66
18426 68 1539 67
18427 67 1539 1537
18428 68 1549 1539
18429 214 1545 215
18430 214 1548 1545
18431 215 1546 216
18432 1545 1546 215
18433 216 1542 217
18434 216 1546 1542
18435 217 1544 218
18436 1542 1544 217
18437 218 1543 219
18438 218 1544 1543
18439 219 1547 220
18440 1543 1547 219
18441 220 1541 221
18442 220 1547 1541
18443 221 1538 222
18444 221 1541 1538
18445 222 1540 223
18446 1538 1540 222
18447 223 1537 224
18448 223 1540 1537
18449 224 1539 225
18450 1537 1539 224
18451 1539 1549 225
2 3 2 570
16024 27 1 600
16025 1 83 600
16026 2 28 598
16027 112 2 598
16028 5 55 599
16029 111 5 599
16030 56 6 597
16031 6 140 597
16032 28 27 512
16033 512 27 600
16034 28 512 598
16035 55 56 513
16036 55 513 599
16037 513 56 597
16038 83 84 566
16039 83 566 600
16040 84 85 530
16041 84 530 566
16042 85 86 538
16043 530 85 538
16044 86 87 529
16045 86 529 538
16046 87 88 553
16047 529 87 553
16048 88 89 549
16049 88 549 553
16050 89 90 516
16051 89 516 549
16052 90 91 558
16053 516 90 558
16054 91 92 536
16055 91 536 558
16056 92 93 556
16057 536 92 556
16058 93 94 520
16059 93 520 556
16060 94 95 557
16061 520 94 557
16062 95 96 525
16063 95 525 557
16064 96 97 548
16065 525 96 548
16066 97 98 521
16067 97 521 548
16068 98 99 554
16069 521 98 554
16070 99 100 522
16071 99 522 554
16072 100 101 540
16073 522 100 540
16074 101 102 517
16075 101 517 540
16076 102 103 559
16077 517 102 559
16078 103 104 537
16079 103 537 559
16080 104 105 545
16081 537 104 545
16082 105 106 518
16083 105 518 545
16084 106 107 565
16085 518 106 565
16086 107 108 526
16087 107 526 565
16088 108 109 539
16089 526 108 539
16090 109 110 519
16091 109 519 539
16092 110 111 569
16093 519 110 569
16094 569 111 599
16095 113 112 567
16096 567 112 598
16097 114 113 555
16098 555 113 567
16099 115 114 515
16100 515 114 555
16101 116 115 550
16102 115 515 550
16103 117 116 514
16104 514 116 550
16105 118 117 560
16106 117 514 560
16107 119 118 535
16108 535 118 560
16109 120 119 552
16110 119 535 552
16111 121 120 523
16112 523 120 552
16113 122 121 546
16114 121 523 546
16115 123 122 564
16116 122 546 564
16117 124 123 533
16118 533 123 564
16119 125 124 544
16120 124 533 544
16121 126 125 531
16122 531 125 544
16123 127 126 563
16124 126 531 563
16125 128 127 532
16126 532 127 563
16127 129 128 561
16128 128 532 561
16129 130 129 528
16130 528 129 561
16131 131 130 541
16132 130 528 541
16133 132 131 562
16134 131 541 562
16135 133 132 524
16136 524 132 562
16137 134 133 543
16138 133 524 543
16139 135 134 542
16140 542 134 543
16141 136 135 534
16142 534 135 542
16143 137 136 551
16144 136 534 551
16145 138 137 527
16146 527 137 551
16147 139 138 547
16148 138 527 547
16149 140 139 568
16150 139 547 568
16151 140 568 597
16152 512 566 595
16153 566 512 600
16154 567 512 595
16155 512 567 598
16156 513 568 596
16157 568 513 597
16158 569 513 596
16159 513 569 599
16160 514 550 579
16161 560 514 577
16162 577 514 579
16163 550 515 571
16164 515 555 570
16165 515 570 571
16166 549 516 575
16167 516 558 574
16168 516 574 575
16169 540 517 587
16170 517 559 581
16171 517 581 587
16172 545 518 586
16173 518 565 578
16174 518 578 586
16175 539 519 573
16176 519 569 596
16177 573 519 596
16178 556 520 591
16179 520 557 588
16180 520 588 591
16181 548 521 592
16182 521 554 594
16183 592 521 594
16184 522 540 572
16185 554 522 584
16186 522 572 584
16187 546 523 589
16188 523 552 580
16189 523 580 589
16190 543 524 582
16191 524 562 583
16192 582 524 583
16193 525 548 593
16194 557 525 585
16195 585 525 593
16196 526 539 576
16197 565 526 590
16198 526 576 590
16199 547 527 573
16200 527 551 576
16201 573 527 576
16202 541 528 587
16203 528 561 572
16204 528 572 587
16205 538 529 571
16206 529 553 579
16207 571 529 579
16208 530 538 570
16209 566 530 595
16210 530 570 595
16211 531 544 593
16212 563 531 592
16213 592 531 593
16214 561 532 584
16215 532 563 594
16216 584 532 594
16217 544 533 585
16218 533 564 588
16219 585 533 588
16220 534 542 578
16221 551 534 590
16222 534 578 590
16223 552 535 574
16224 535 560 575
16225 574 535 575
16226 536 556 589
16227 558 536 580
16228 580 536 589
16229 537 545 582
16230 559 537 583
16231 537 582 583
16232 570 538 571
16233 539 573 576
16234 572 540 587
16235 562 541 581
16236 581 541 587
16237 542 543 586
16238 578 542 586
16239 543 582 586
16240 544 585 593
16241 582 545 586
16242 564 546 591
16243 546 589 591
16244 568 547 596
16245 547 573 596
16246 548 592 593
16247 553 549 577
16248 549 575 577
16249 550 571 579
16250 576 551 590
16251 552 574 580
16252 553 577 579
16253 554 584 594
16254 555 567 595
16255 570 555 595
16256 589 556 591
16257 557 585 588
16258 574 558 580
16259 581 559 583
16260 575 560 577
16261 572 561 584
16262 562 581 583
16263 563 592 594
16264 588 564 591
16265 578 565 590
18452 2 112 1579
18453 199 2 1579
18454 140 6 1578
18455 6 213 1578
18456 9 199 1579
18457 227 9 1579
18458 213 11 1578
18459 11 253 1578
18460 14 13 1550
18461 13 246 1552
18462 1550 13 1552
18463 247 14 1551
18464 14 1550 1551
18465 112 113 1555
18466 112 1555 1579
18467 113 114 1558
18468 1555 113 1558
18469 114 115 1560
18470 1558 114 1560
18471 115 116 1562
18472 1560 115 1562
18473 116 117 1563
18474 1562 116 1563
18475 117 118 1564
18476 1563 117 1564
18477 118 119 1565
18478 1564 118 1565
18479 119 120 1566
18480 1565 119 1566
18481 120 121 1567
18482 1566 120 1567
18483 121 122 1568
18484 1567 121 1568
18485 122 123 1569
18486 1568 122 1569
18487 123 124 1570
18488 1569 123 1570
18489 124 125 1571
18490 1570 124 1571
18491 125 126 1572
18492 1571 125 1572
18493 126 127 1573
18494 1572 126 1573
18495 127 128 1574
18496 1573 127 1574
18497 128 129 1575
18498 1574 128 1575
18499 129 130 1576
18500 1575 129 1576
18501 130 131 1577
18502 1576 130 1577
18503 131 132 1552
18504 131 1552 1577
18505 132 133 1550
18506 132 1550 1552
18507 133 134 1551
18508 1550 133 1551
18509 134 135 1561
18510 1551 134 1561
18511 135 136 1559
18512 135 1559 1561
18513 136 137 1557
18514 136 1557 1559
18515 137 138 1556
18516 137 1556 1557
18517 138 139 1554
18518 138 1554 1556
18519 139 140 1553
18520 139 1553 1554
18521 1553 140 1578
18522 228 227 1555
18523 1555 227 1579
18524 229 228 1558
18525 228 1555 1558
18526 230 229 1560
18527 229 1558 1560
18528 231 230 1562
18529 230 1560 1562
18530 232 231 1563
18531 231 1562 1563
18532 233 232 1564
18533 232 1563 1564
18534 234 233 1565
18535 233 1564 1565
18536 235 234 1566
18537 234 1565 1566
18538 236 235 1567
18539 235 1566 1567
18540 237 236 1568
18541 236 1567 1568
18542 238 237 1569
18543 237 1568 1569
18544 239 238 1570
18545 238 1569 1570
18546 240 239 1571
18547 239 1570 1571
18548 241 240 1572
18549 240 1571 1572
18550 242 241 1573
18551 241 1572 1573
18552 243 242 1574
18553 242 1573 1574
18554 244 243 1575
18555 243 1574 1575
18556 245 244 1576
18557 244 1575 1576
18558 246 245 1577
18559 245 1576 1577
18560 1552 246 1577
18561 248 247 1561
18562 247 1551 1561
18563 249 248 1559
18564 1559 248 1561
18565 250 249 1557
18566 1557 249 1559
18567 251 250 1556
18568 1556 250 1557
18569 252 251 1554
18570 1554 251 1556
18571 253 252 1553
18572 1553 252 1554
18573 253 1553 1578
19796 9 227 2137
19797 309 9 2137
19798 13 329 246
19799 19 312 2136
19800 338 19 2136
19801 337 21 2083
19802 21 349 2133
19803 2083 21 2133
19804 227 228 2102
19805 227 2102 2137
19806 228 229 2081
19807 228 2081 2102
19808 229 230 2087
19809 2081 229 2087
19810 230 231 2078
19811 230 2078 2087
19812 231 232 2091
19813 2078 231 2091
19814 232 233 2079
19815 232 2079 2091
19816 233 234 2123
19817 2079 233 2123
19818 234 235 2124
19819 2123 234 2124
19820 235 236 2080
19821 235 2080 2124
19822 236 237 2106
19823 2080 236 2106
19824 237 238 2112
19825 2106 237 2112
19826 238 239 2077
19827 238 2077 2112
19828 239 240 2114
19829 2077 239 2114
19830 240 241 2115
19831 2114 240 2115
19832 241 242 2084
19833 241 2084 2115
19834 242 243 2138
19835 2084 242 2138
19836 243 244 2128
19837 2086 243 2128
19838 243 2086 2138
19839 244 245 2134
19840 2128 244 2134
19841 245 246 2130
19842 330 245 2130
19843 245 330 2134
19844 246 329 2130
19845 310 309 2125
19846 2125 309 2137
19847 311 310 2071
19848 2071 310 2125
19849 312 311 2127
19850 311 2071 2127
19851 312 2127 2136
19852 329 330 2130
19853 330 331 2134
19854 331 332 2128
19855 331 2128 2134
19856 332 333 2086
19857 332 2086 2128
19858 333 334 2129
19859 2086 333 2129
19860 334 335 2116
19861 334 2116 2129
19862 335 336 2082
19863 335 2082 2116
19864 336 337 2118
19865 2082 336 2118
19866 337 2083 2118
19867 339 338 2085
19868 2085 338 2136
19869 340 339 2117
19870 339 2085 2117
19871 341 340 2072
19872 2072 340 2117
19873 342 341 2120
19874 341 2072 2120
19875 343 342 2073
19876 2073 342 2120
19877 344 343 2121
19878 343 2073 2121
19879 345 344 2075
19880 2075 344 2121
19881 346 345 2119
19882 345 2075 2119
19883 347 346 2076
19884 2076 346 2119
19885 348 347 2122
19886 347 2076 2122
19887 349 348 2074
19888 2074 348 2122
19889 349 2074 2133
19890 2071 2125 2135
19891 2071 2126 2127
19892 2126 2071 2135
19893 2072 2101 2105
19894 2101 2072 2117
19895 2072 2105 2120
19896 2073 2090 2098
19897 2090 2073 2120
19898 2073 2098 2121
19899 2074 2109 2110
19900 2109 2074 2122
19901 2074 2110 2133
19902 2075 2094 2095
19903 2094 2075 2121
19904 2075 2095 2119
19905 2076 2097 2104
19906 2097 2076 2119
19907 2076 2104 2122
19908 2077 2111 2112
19909 2111 2077 2113
19910 2113 2077 2114
19911 2087 2078 2088
19912 2088 2078 2089
19913 2089 2078 2091
19914 2091 2079 2092
19915 2092 2079 2093
19916 2093 2079 2123
19917 2103 2080 2107
19918 2080 2103 2124
19919 2080 2106 2107
19920 2081 2087 2099
19921 2081 2099 2100
19922 2081 2100 2102
19923 2116 2082 2131
19924 2082 2118 2139
19925 2131 2082 2139
19926 2083 2110 2132
19927 2110 2083 2133
19928 2118 2083 2132
19929 2115 2084 2116
19930 2116 2084 2129
19931 2129 2084 2138
19932 2117 2085 2126
19933 2126 2085 2127
19934 2127 2085 2136
19935 2086 2129 2138
19936 2087 2088 2099
19937 2088 2089 2090
19938 2088 2090 2105
19939 2099 2088 2105
19940 2090 2089 2098
19941 2089 2091 2092
19942 2089 2092 2098
19943 2105 2090 2120
19944 2092 2093 2094
19945 2092 2094 2098
19946 2094 2093 2095
19947 2095 2093 2096
19948 2096 2093 2123
19949 2098 2094 2121
19950 2095 2096 2097
19951 2095 2097 2119
19952 2097 2096 2103
19953 2103 2096 2124
19954 2096 2123 2124
19955 2097 2103 2104
19956 2100 2099 2101
19957 2101 2099 2105
19958 2100 2101 2126
19959 2102 2100 2135
19960 2100 2126 2135
19961 2101 2117 2126
19962 2125 2102 2135
19963 2102 2125 2137
19964 2104 2103 2107
19965 2104 2107 2109
19966 2104 2109 2122
19967 2107 2106 2108
19968 2108 2106 2112
19969 2107 2108 2109
19970 2109 2108 2110
19971 2110 2108 2111
19972 2111 2108 2112
19973 2110 2111 2132
19974 2111 2113 2132
19975 2113 2114 2131
19976 2113 2131 2139
19977 2132 2113 2139
19978 2114 2115 2131
19979 2115 2116 2131
19980 2118 2132 2139
21380 14 427 13
21381 427 329 13
21382 426 21 337
21383 26 426 337
21384 435 26 337
21385 329 428 330
21386 427 428 329
21387 330 429 331
21388 428 429 330
21389 331 430 332
21390 429 430 331
21391 431 333 332
21392 430 431 332
21393 333 432 334
21394 431 432 333
21395 334 433 335
21396 432 433 334
21397 335 434 336
21398 433 434 335
21399 336 435 337
21400 434 435 336
2 4 2 569
16266 3 687 42
16267 170 687 3
16268 41 689 4
16269 4 689 141
16270 70 686 7
16271 7 686 198
16272 8 688 69
16273 169 688 8
16274 42 601 41
16275 601 689 41
16276 42 687 601
16277 69 602 70
16278 69 688 602
16279 602 686 70
16280 141 653 142
16281 141 689 653
16282 142 618 143
16283 142 653 618
16284 143 625 144
16285 618 625 143
16286 144 617 145
16287 144 625 617
16288 145 642 146
16289 617 642 145
16290 146 639 147
16291 146 642 639
16292 147 605 148
16293 147 639 605
16294 148 646 149
16295 605 646 148
16296 149 634 150
16297 149 646 634
16298 150 610 151
16299 150 634 610
16300 151 651 152
16301 610 651 151
16302 152 612 153
16303 152 651 612
16304 153 658 154
16305 612 658 153
16306 154 659 155
16307 154 658 629
16308 629 659 154
16309 155 609 156
16310 155 659 609
16311 156 644 157
16312 609 644 156
16313 157 611 158
16314 157 644 611
16315 158 627 159
16316 611 627 158
16317 159 606 160
16318 159 627 606
16319 160 647 161
16320 606 647 160
16321 161 624 162
16322 161 647 624
16323 162 633 163
16324 624 633 162
16325 163 607 164
16326 163 633 607
16327 164 652 165
16328 607 652 164
16329 165 614 166
16330 165 652 614
16331 166 626 167
16332 614 626 166
16333 167 608 168
16334 167 626 608
16335 168 656 169
16336 608 656 168
16337 656 688 169
16338 171 654 170
16339 654 687 170
16340 172 645 171
16341 645 654 171
16342 173 604 172
16343 604 645 172
16344 174 640 173
16345 173 640 604
16346 175 603 174
16347 603 640 174
16348 176 643 175
16349 175 643 603
16350 177 638 176
16351 638 643 176
16352 178 619 177
16353 619 638 177
16354 179 657 178
16355 178 657 619
16356 180 680 179
16357 179 680 657
16358 181 621 180
16359 621 680 180
16360 182 636 181
16361 181 636 621
16362 183 628 182
16363 628 636 182
16364 184 620 183
16365 620 628 183
16366 185 650 184
16367 184 650 620
16368 186 622 185
16369 622 650 185
16370 187 648 186
16371 186 648 622
16372 188 616 187
16373 616 648 187
16374 189 630 188
16375 188 630 616
16376 190 649 189
16377 189 649 630
16378 191 613 190
16379 613 649 190
16380 192 632 191
16381 191 632 613
16382 193 631 192
16383 631 632 192
16384 194 623 193
16385 623 631 193
16386 195 641 194
16387 194 641 623
16388 196 615 195
16389 615 641 195
16390 197 637 196
16391 196 637 615
16392 198 655 197
16393 197 655 637
16394 198 686 655
16395 601 684 653
16396 653 689 601
16397 654 684 601
16398 601 687 654
16399 602 685 655
16400 655 686 602
16401 656 685 602
16402 602 688 656
16403 603 670 640
16404 643 667 603
16405 667 670 603
16406 640 662 604
16407 604 661 645
16408 604 662 661
16409 639 666 605
16410 605 668 646
16411 666 668 605
16412 627 677 606
16413 606 671 647
16414 606 677 671
16415 633 676 607
16416 607 669 652
16417 607 676 669
16418 626 664 608
16419 608 685 656
16420 664 685 608
16421 609 679 644
16422 659 682 609
16423 609 682 679
16424 634 635 610
16425 635 660 610
16426 610 660 651
16427 611 663 627
16428 644 675 611
16429 611 675 663
16430 651 672 612
16431 612 683 658
16432 672 683 612
16433 632 673 613
16434 613 674 649
16435 673 674 613
16436 614 665 626
16437 652 678 614
16438 614 678 665
16439 637 664 615
16440 615 665 641
16441 664 665 615
16442 630 677 616
16443 616 663 648
16444 616 677 663
16445 625 662 617
16446 617 670 642
16447 662 670 617
16448 618 661 625
16449 653 684 618
16450 618 684 661
16451 619 668 638
16452 657 681 619
16453 619 681 668
16454 620 629 628
16455 620 682 629
16456 650 682 620
16457 636 672 621
16458 621 672 660
16459 660 680 621
16460 648 675 622
16461 622 679 650
16462 675 679 622
16463 623 669 631
16464 641 678 623
16465 623 678 669
16466 624 673 633
16467 647 674 624
16468 624 674 673
16469 661 662 625
16470 626 665 664
16471 663 677 627
16472 629 683 628
16473 628 683 636
16474 658 683 629
16475 629 682 659
16476 649 671 630
16477 671 677 630
16478 631 676 632
16479 669 676 631
16480 632 676 673
16481 673 676 633
16482 634 681 635
16483 646 681 634
16484 657 680 635
16485 635 681 657
16486 635 680 660
16487 636 683 672
16488 655 685 637
16489 637 685 664
16490 638 666 643
16491 638 668 666
16492 642 667 639
16493 639 667 666
16494 640 670 662
16495 665 678 641
16496 642 670 667
16497 666 667 643
16498 644 679 675
16499 645 684 654
16500 661 684 645
16501 668 681 646
16502 671 674 647
16503 663 675 648
16504 649 674 671
16505 679 682 650
16506 660 672 651
16507 669 678 652
18574 3 1609 170
18575 212 1609 3
18576 198 1608 7
18577 7 1608 226
18578 10 1609 212
18579 254 1609 10
18580 226 1608 12
18581 12 1608 280
18582 16 1580 15
18583 15 1582 273
18584 1580 1582 15
18585 274 1581 16
18586 16 1581 1580
18587 170 1585 171
18588 170 1609 1585
18589 171 1588 172
18590 1585 1588 171
18591 172 1590 173
18592 1588 1590 172
18593 173 1592 174
18594 1590 1592 173
18595 174 1593 175
18596 1592 1593 174
18597 175 1594 176
18598 1593 1594 175
18599 176 1595 177
18600 1594 1595 176
18601 177 1596 178
18602 1595 1596 177
18603 178 1597 179
18604 1596 1597 178
18605 179 1598 180
18606 1597 1598 179
18607 180 1599 181
18608 1598 1599 180
18609 181 1600 182
18610 1599 1600 181
18611 182 1601 183
18612 1600 1601 182
18613 183 1602 184
18614 1601 1602 183
18615 184 1603 185
18616 1602 1603 184
18617 185 1604 186
18618 1603 1604 185
18619 186 1605 187
18620 1604 1605 186
18621 187 1606 188
18622 1605 1606 187
18623 188 1607 189
18624 1606 1607 188
18625 189 1582 190
18626 189 1607 1582
18627 190 1580 191
18628 190 1582 1580
18629 191 1581 192
18630 1580 1581 191
18631 192 1591 193
18632 1581 1591 192
18633 193 1589 194
18634 193 1591 1589
18635 194 1587 195
18636 194 1589 1587
18637 195 1586 196
18638 195 1587 1586
18639 196 1584 197
18640 196 1586 1584
18641 197 1583 198
18642 197 1584 1583
18643 1583 1608 198
18644 255 1585 254
18645 1585 1609 254
18646 256 1588 255
18647 255 1588 1585
18648 257 1590 256
18649 256 1590 1588
18650 258 1592 257
18651 257 1592 1590
18652 259 1593 258
18653 258 1593 1592
18654 260 1594 259
18655 259 1594 1593
18656 261 1595 260
18657 260 1595 1594
18658 262 1596 261
18659 261 1596 1595
18660 263 1597 262
18661 262 1597 1596
18662 264 1598 263
18663 263 1598 1597
18664 265 1599 264
18665 264 1599 1598
18666 266 1600 265
18667 265 1600 1599
18668 267 1601 266
18669 266 1601 1600
18670 268 1602 267
18671 267 1602 1601
18672 269 1603 268
18673 268 1603 1602
18674 270 1604 269
18675 269 1604 1603
18676 271 1605 270
18677 270 1605 1604
18678 272 1606 271
18679 271 1606 1605
18680 273 1607 272
18681 272 1607 1606
18682 1582 1607 273
18683 275 1591 274
18684 274 1591 1581
18685 276 1589 275
18686 1589 1591 275
18687 277 1587 276
18688 1587 1589 276
18689 278 1586 277
18690 1586 1587 277
18691 279 1584 278
18692 1584 1586 278
18693 280 1583 279
18694 1583 1584 279
18695 280 1608 1583
20458 10 2418 254
20459 325 2418 10
20460 15 273 376
20461 20 2417 328
20462 350 2417 20
20463 22 2414 361
20464 384 2364 22
20465 2364 2414 22
20466 254 2383 255
20467 254 2418 2383
20468 255 2362 256
20469 255 2383 2362
20470 256 2368 257
20471 2362 2368 256
20472 257 2359 258
20473 257 2368 2359
20474 258 2372 259
20475 2359 2372 258
20476 259 2360 260
20477 259 2372 2360
20478 260 2404 261
20479 2360 2404 260
20480 261 2405 262
20481 2404 2405 261
20482 262 2361 263
20483 262 2405 2361
20484 263 2387 264
20485 2361 2387 263
20486 264 2393 265
20487 2387 2393 264
20488 265 2358 266
20489 265 2393 2358
20490 266 2395 267
20491 2358 2395 266
20492 267 2396 268
20493 2395 2396 267
20494 268 2365 269
20495 268 2396 2365
20496 269 2419 270
20497 2365 2419 269
20498 270 2409 271
20499 2367 2409 270
20500 270 2419 2367
20501 271 2415 272
20502 2409 2415 271
20503 272 2411 273
20504 377 2411 272
20505 272 2415 377
20506 273 2411 376
20507 326 2406 325
20508 2406 2418 325
20509 327 2352 326
20510 2352 2406 326
20511 328 2408 327
20512 327 2408 2352
20513 328 2417 2408
20514 351 2366 350
20515 2366 2417 350
20516 352 2398 351
20517 351 2398 2366
20518 353 2353 352
20519 2353 2398 352
20520 354 2401 353
20521 353 2401 2353
20522 355 2354 354
20523 2354 2401 354
20524 356 2402 355
20525 355 2402 2354
20526 357 2356 356
20527 2356 2402 356
20528 358 2400 357
20529 357 2400 2356
20530 359 2357 358
20531 2357 2400 358
20532 360 2403 359
20533 359 2403 2357
20534 361 2355 360
20535 2355 2403 360
20536 361 2414 2355
20537 376 2411 377
20538 377 2415 378
20539 378 2409 379
20540 378 2415 2409
20541 379 2367 380
20542 379 2409 2367
20543 380 2410 381
20544 2367 2410 380
20545 381 2397 382
20546 381 2410 2397
20547 382 2363 383
20548 382 2397 2363
20549 383 2399 384
20550 2363 2399 383
20551 384 2399 2364
20552 2352 2416 2406
20553 2352 2408 2407
20554 2407 2416 2352
20555 2353 2386 2382
20556 2382 2398 2353
20557 2353 2401 2386
20558 2354 2379 2371
20559 2371 2401 2354
20560 2354 2402 2379
20561 2355 2391 2390
20562 2390 2403 2355
20563 2355 2414 2391
20564 2356 2376 2375
20565 2375 2402 2356
20566 2356 2400 2376
20567 2357 2385 2378
20568 2378 2400 2357
20569 2357 2403 2385
20570 2358 2393 2392
20571 2392 2394 2358
20572 2394 2395 2358
20573 2368 2369 2359
20574 2369 2370 2359
20575 2370 2372 2359
20576 2372 2373 2360
20577 2373 2374 2360
20578 2374 2404 2360
20579 2384 2388 2361
20580 2361 2405 2384
20581 2361 2388 2387
20582 2362 2380 2368
20583 2362 2381 2380
20584 2362 2383 2381
20585 2397 2412 2363
20586 2363 2420 2399
20587 2412 2420 2363
20588 2364 2413 2391
20589 2391 2414 2364
20590 2399 2413 2364
20591 2396 2397 2365
20592 2397 2410 2365
20593 2410 2419 2365
20594 2398 2407 2366
20595 2407 2408 2366
20596 2408 2417 2366
20597 2367 2419 2410
20598 2368 2380 2369
20599 2369 2371 2370
20600 2369 2386 2371
20601 2380 2386 2369
20602 2371 2379 2370
20603 2370 2373 2372
20604 2370 2379 2373
20605 2386 2401 2371
20606 2373 2375 2374
20607 2373 2379 2375
20608 2375 2376 2374
20609 2376 2377 2374
20610 2377 2404 2374
20611 2379 2402 2375
20612 2376 2378 2377
20613 2376 2400 2378
20614 2378 2384 2377
20615 2384 2405 2377
20616 2377 2405 2404
20617 2378 2385 2384
20618 2381 2382 2380
20619 2382 2386 2380
20620 2381 2407 2382
20621 2383 2416 2381
20622 2381 2416 2407
20623 2382 2407 2398
20624 2406 2416 2383
20625 2383 2418 2406
20626 2385 2388 2384
20627 2385 2390 2388
20628 2385 2403 2390
20629 2388 2389 2387
20630 2389 2393 2387
20631 2388 2390 2389
20632 2390 2391 2389
20633 2391 2392 2389
20634 2392 2393 2389
20635 2391 2413 2392
20636 2392 2413 2394
20637 2394 2412 2395
20638 2394 2420 2412
20639 2413 2420 2394
20640 2395 2412 2396
20641 2396 2412 2397
20642 2399 2420 2413
21173 15 410 16
21174 376 410 15
21175 25 384 22
21176 418 384 25
21177 377 411 376
21178 376 411 410
21179 378 412 377
21180 377 412 411
21181 379 413 378
21182 378 413 412
21183 379 380 414
21184 414 413 379
21185 380 381 415
21186 414 380 415
21187 381 382 416
21188 415 381 416
21189 382 383 417
21190 416 382 417
21191 383 384 418
21192 417 383 418
2 5 2 918
16508 1 43 1097
16509 83 1 1097
16510 54 4 1098
16511 4 141 1098
16512 71 5 1094
16513 5 111 1094
16514 8 82 1096
16515 169 8 1096
16516 43 44 721
16517 43 721 1097
16518 44 45 1066
16519 721 44 1066
16520 45 46 709
16521 45 709 1066
16522 46 47 1064
16523 709 46 1064
16524 47 48 891
16525 47 891 1064
16526 48 49 690
16527 48 690 891
16528 49 50 1054
16529 690 49 1054
16530 50 51 1056
16531 1054 50 1056
16532 51 52 708
16533 51 708 1056
16534 52 53 1015
16535 708 52 1015
16536 53 54 719
16537 53 719 1015
16538 719 54 1098
16539 72 71 905
16540 905 71 1094
16541 73 72 1072
16542 72 905 1072
16543 74 73 710
16544 710 73 1072
16545 75 74 1068
16546 74 710 1068
16547 76 75 900
16548 900 75 1068
16549 77 76 691
16550 691 76 900
16551 78 77 1063
16552 77 691 1063
16553 79 78 1060
16554 1060 78 1063
16555 80 79 707
16556 707 79 1060
16557 81 80 1016
16558 80 707 1016
16559 82 81 720
16560 720 81 1016
16561 82 720 1096
16562 84 83 1058
16563 1058 83 1097
16564 85 84 717
16565 717 84 1058
16566 86 85 920
16567 85 717 920
16568 87 86 703
16569 703 86 920
16570 88 87 930
16571 87 703 930
16572 89 88 932
16573 88 930 932
16574 90 89 692
16575 692 89 932
16576 91 90 993
16577 90 692 993
16578 92 91 995
16579 91 993 995
16580 93 92 702
16581 702 92 995
16582 94 93 979
16583 93 702 979
16584 95 94 1050
16585 94 979 1050
16586 96 95 697
16587 697 95 1050
16588 97 96 1004
16589 96 697 1004
16590 98 97 968
16591 968 97 1004
16592 99 98 701
16593 701 98 968
16594 100 99 959
16595 99 701 959
16596 101 100 1005
16597 100 959 1005
16598 102 101 693
16599 693 101 1005
16600 103 102 942
16601 102 693 942
16602 104 103 712
16603 712 103 942
16604 105 104 935
16605 104 712 935
16606 106 105 699
16607 699 105 935
16608 107 106 909
16609 106 699 909
16610 108 107 906
16611 906 107 909
16612 109 108 706
16613 706 108 906
16614 110 109 722
16615 109 706 722
16616 111 110 718
16617 718 110 722
16618 111 718 1094
16619 141 142 1059
16620 141 1059 1098
16621 142 143 716
16622 142 716 1059
16623 143 144 918
16624 716 143 918
16625 144 145 704
16626 144 704 918
16627 145 146 1090
16628 704 145 1090
16629 146 147 1089
16630 146 1089 1090
16631 147 148 698
16632 147 698 1089
16633 148 149 1093
16634 698 148 1093
16635 149 150 713
16636 149 713 1093
16637 150 151 991
16638 713 150 991
16639 151 152 694
16640 151 694 991
16641 152 153 996
16642 694 152 996
16643 153 154 711
16644 153 711 996
16645 154 155 985
16646 711 154 985
16647 155 156 695
16648 155 695 985
16649 156 157 988
16650 695 156 988
16651 157 158 989
16652 988 157 989
16653 158 159 700
16654 158 700 989
16655 159 160 983
16656 700 159 983
16657 160 161 714
16658 160 714 983
16659 161 162 998
16660 714 161 998
16661 162 163 696
16662 162 696 998
16663 163 164 1074
16664 696 163 1074
16665 164 165 1073
16666 164 1073 1074
16667 165 166 705
16668 165 705 1073
16669 166 167 916
16670 705 166 916
16671 167 168 715
16672 167 715 916
16673 168 169 1057
16674 715 168 1057
16675 1057 169 1096
16676 891 690 1062
16677 690 1054 1102
16678 1062 690 1102
16679 691 885 1063
16680 885 691 1065
16681 691 900 1065
16682 692 932 1051
16683 993 692 994
16684 994 692 1051
16685 942 693 943
16686 943 693 944
16687 944 693 1005
16688 991 694 992
16689 992 694 1087
16690 694 996 1087
16691 985 695 986
16692 986 695 987
16693 987 695 988
16694 998 696 999
16695 999 696 1095
16696 696 1074 1095
16697 697 963 1004
16698 963 697 1052
16699 697 1050 1052
16700 698 892 1089
16701 892 698 1092
16702 698 941 1092
16703 941 698 1093
16704 909 699 910
16705 910 699 911
16706 911 699 935
16707 700 983 1078
16708 989 700 990
16709 990 700 1078
16710 701 951 959
16711 951 701 960
16712 960 701 968
16713 702 976 978
16714 976 702 995
16715 702 978 979
16716 703 920 934
16717 930 703 931
16718 931 703 934
16719 884 704 1090
16720 704 884 1100
16721 918 704 919
16722 919 704 1100
16723 705 889 1073
16724 889 705 1104
16725 705 916 917
16726 705 917 1104
16727 722 706 723
16728 723 706 724
16729 724 706 906
16730 927 707 1060
16731 707 927 1067
16732 1016 707 1067
16733 708 1015 1061
16734 1056 708 1101
16735 708 1061 1101
16736 709 888 926
16737 888 709 1064
16738 924 709 926
16739 709 924 1066
16740 899 710 901
16741 710 899 1068
16742 901 710 902
16743 902 710 1072
16744 711 985 1084
16745 996 711 997
16746 997 711 1084
16747 935 712 969
16748 712 942 957
16749 712 957 969
16750 713 941 1093
16751 941 713 1105
16752 713 991 1091
16753 713 1091 1105
16754 983 714 984
16755 984 714 1076
16756 714 998 1076
16757 916 715 1070
16758 715 1057 1069
16759 715 1069 1070
16760 716 918 1106
16761 1059 716 1099
16762 716 1083 1099
16763 1083 716 1106
16764 920 717 921
16765 921 717 922
16766 922 717 1058
16767 718 722 904
16768 718 904 905
16769 718 905 1094
16770 1015 719 1099
16771 1059 719 1098
16772 719 1059 1099
16773 720 1016 1103
16774 720 1057 1096
16775 1057 720 1103
16776 922 721 924
16777 721 922 1058
16778 924 721 1066
16779 721 1058 1097
16780 722 723 904
16781 723 724 725
16782 723 725 903
16783 723 903 904
16784 725 724 726
16785 726 724 1012
16786 724 906 1012
16787 725 726 727
16788 725 727 819
16789 725 819 903
16790 727 726 728
16791 728 726 828
16792 828 726 1012
16793 727 728 729
16794 727 729 907
16795 819 727 907
16796 729 728 730
16797 730 728 914
16798 728 828 914
16799 729 730 731
16800 729 731 796
16801 729 796 907
16802 731 730 732
16803 732 730 1037
16804 730 914 1037
16805 731 732 733
16806 731 733 915
16807 796 731 915
16808 733 732 734
16809 734 732 735
16810 735 732 1037
16811 733 734 770
16812 733 770 778
16813 733 778 915
16814 734 735 736
16815 734 736 1017
16816 770 734 1017
16817 736 735 737
16818 737 735 793
16819 793 735 1037
16820 736 737 738
16821 736 738 1024
16822 1017 736 1024
16823 738 737 739
16824 739 737 1046
16825 737 793 1046
16826 738 739 740
16827 738 740 774
16828 738 774 1024
16829 740 739 741
16830 741 739 794
16831 794 739 1046
16832 740 741 742
16833 740 742 1007
16834 774 740 1007
16835 742 741 743
16836 743 741 1048
16837 741 794 1048
16838 742 743 744
16839 742 744 781
16840 742 781 1007
16841 744 743 745
16842 745 743 1047
16843 1047 743 1048
16844 744 745 746
16845 744 746 1006
16846 781 744 1006
16847 746 745 747
16848 747 745 792
16849 792 745 1047
16850 746 747 748
16851 746 748 771
16852 746 771 1006
16853 748 747 749
16854 749 747 1043
16855 747 792 1043
16856 748 749 750
16857 748 750 1023
16858 771 748 1023
16859 750 749 751
16860 751 749 1035
16861 1035 749 1043
16862 750 751 752
16863 750 752 1042
16864 1023 750 1042
16865 752 751 753
16866 753 751 791
16867 791 751 1035
16868 752 753 754
16869 752 754 775
16870 752 775 1042
16871 754 753 755
16872 755 753 1025
16873 753 791 1025
16874 754 755 756
16875 754 756 1001
16876 775 754 1001
16877 756 755 757
16878 757 755 1019
16879 1019 755 1025
16880 756 757 758
16881 756 758 782
16882 756 782 1001
16883 758 757 759
16884 759 757 790
16885 790 757 1019
16886 758 759 760
16887 758 760 982
16888 782 758 982
16889 760 759 761
16890 761 759 1003
16891 759 790 1003
16892 760 761 762
16893 760 762 776
16894 760 776 982
16895 762 761 763
16896 763 761 971
16897 971 761 1003
16898 762 763 764
16899 762 764 933
16900 776 762 933
16901 764 763 765
16902 765 763 789
16903 789 763 971
16904 764 765 766
16905 764 766 780
16906 764 780 933
16907 766 765 767
16908 767 765 1018
16909 765 789 1018
16910 766 767 768
16911 766 768 929
16912 780 766 929
16913 768 767 769
16914 769 767 1014
16915 1014 767 1018
16916 768 769 772
16917 768 772 773
16918 768 773 929
16919 772 769 779
16920 779 769 787
16921 787 769 1014
16922 778 770 783
16923 783 770 1011
16924 1011 770 1017
16925 1006 771 1039
16926 771 1023 1041
16927 1039 771 1041
16928 773 772 777
16929 777 772 908
16930 772 779 908
16931 773 777 784
16932 773 784 1013
16933 929 773 1013
16934 774 1007 1030
16935 1024 774 1028
16936 1028 774 1030
16937 775 1001 1038
16938 775 1038 1040
16939 775 1040 1042
16940 776 933 1027
16941 982 776 1031
16942 776 1027 1031
16943 784 777 785
16944 785 777 1009
16945 777 908 1009
16946 778 783 786
16947 778 786 1010
16948 915 778 1010
16949 779 787 788
16950 779 788 795
16951 779 795 908
16952 780 929 1026
16953 933 780 1022
16954 1022 780 1026
16955 781 1006 1034
16956 1007 781 1032
16957 1032 781 1034
16958 782 982 1033
16959 1001 782 1036
16960 782 1033 1036
16961 786 783 797
16962 797 783 798
16963 798 783 1011
16964 784 785 800
16965 784 800 801
16966 784 801 1013
16967 800 785 802
16968 802 785 803
16969 803 785 1009
16970 786 797 799
16971 786 799 804
16972 786 804 1010
16973 788 787 806
16974 806 787 807
16975 807 787 1014
16976 795 788 805
16977 805 788 1000
16978 788 806 1000
16979 789 971 972
16980 789 972 1021
16981 1018 789 1021
16982 790 981 1003
16983 981 790 1055
16984 790 1019 1055
16985 791 965 1025
16986 965 791 1029
16987 1029 791 1035
16988 792 953 1043
16989 953 792 1045
16990 1045 792 1047
16991 970 793 1044
16992 793 970 1046
16993 793 1037 1044
16994 794 956 1048
16995 956 794 1049
16996 794 1046 1049
16997 795 805 814
16998 795 814 895
16999 795 895 908
17000 796 894 896
17001 894 796 915
17002 796 896 907
17003 797 798 810
17004 799 797 938
17005 797 810 938
17006 810 798 811
17007 811 798 812
17008 812 798 1011
17009 804 799 820
17010 820 799 821
17011 821 799 938
17012 801 800 808
17013 800 802 936
17014 808 800 936
17015 801 808 809
17016 801 809 829
17017 801 829 1013
17018 802 803 815
17019 802 815 816
17020 802 816 936
17021 815 803 817
17022 817 803 864
17023 864 803 1009
17024 804 820 823
17025 804 823 827
17026 804 827 1010
17027 814 805 859
17028 859 805 860
17029 860 805 1000
17030 806 807 824
17031 806 824 825
17032 806 825 1000
17033 824 807 826
17034 826 807 865
17035 865 807 1014
17036 809 808 822
17037 822 808 871
17038 871 808 936
17039 809 822 1020
17040 829 809 830
17041 830 809 1020
17042 810 811 818
17043 810 818 870
17044 810 870 938
17045 811 812 813
17046 811 813 1008
17047 818 811 1008
17048 813 812 831
17049 831 812 867
17050 867 812 1011
17051 813 831 832
17052 813 832 1075
17053 1008 813 1075
17054 814 859 869
17055 814 869 893
17056 814 893 895
17057 816 815 861
17058 815 817 928
17059 861 815 928
17060 816 861 875
17061 816 875 1086
17062 936 816 1086
17063 817 864 882
17064 817 882 883
17065 817 883 928
17066 870 818 889
17067 889 818 890
17068 890 818 1008
17069 819 898 901
17070 898 819 907
17071 819 901 903
17072 820 821 863
17073 823 820 927
17074 820 863 927
17075 863 821 872
17076 872 821 1071
17077 821 938 1071
17078 822 871 884
17079 822 884 892
17080 822 892 1020
17081 827 823 885
17082 885 823 887
17083 887 823 927
17084 825 824 931
17085 824 826 862
17086 824 862 931
17087 925 825 934
17088 825 925 1000
17089 825 931 934
17090 862 826 1051
17091 826 865 866
17092 826 866 1051
17093 827 885 886
17094 827 886 894
17095 827 894 1010
17096 828 910 912
17097 910 828 1012
17098 828 912 914
17099 829 830 937
17100 829 937 1026
17101 1013 829 1026
17102 937 830 939
17103 939 830 940
17104 940 830 1020
17105 832 831 833
17106 833 831 1028
17107 831 867 1028
17108 832 833 834
17109 832 834 873
17110 832 873 1075
17111 834 833 835
17112 835 833 1030
17113 833 1028 1030
17114 834 835 836
17115 834 836 1077
17116 873 834 1077
17117 836 835 837
17118 837 835 1032
17119 835 1030 1032
17120 836 837 838
17121 836 838 874
17122 836 874 1077
17123 838 837 839
17124 839 837 1034
17125 837 1032 1034
17126 838 839 840
17127 838 840 1079
17128 874 838 1079
17129 840 839 841
17130 841 839 1039
17131 839 1034 1039
17132 840 841 842
17133 840 842 845
17134 840 845 1079
17135 842 841 843
17136 843 841 1041
17137 841 1039 1041
17138 842 843 844
17139 842 844 1081
17140 845 842 1081
17141 844 843 846
17142 846 843 868
17143 868 843 1041
17144 844 846 847
17145 844 847 1082
17146 1081 844 1082
17147 845 987 1080
17148 987 845 1081
17149 845 990 1079
17150 990 845 1080
17151 847 846 848
17152 848 846 1040
17153 846 868 1040
17154 847 848 849
17155 847 849 876
17156 847 876 1082
17157 849 848 850
17158 850 848 1038
17159 1038 848 1040
17160 849 850 851
17161 849 851 1085
17162 876 849 1085
17163 851 850 852
17164 852 850 1036
17165 1036 850 1038
17166 851 852 853
17167 851 853 877
17168 851 877 1085
17169 853 852 854
17170 854 852 1033
17171 1033 852 1036
17172 853 854 855
17173 853 855 1088
17174 877 853 1088
17175 855 854 856
17176 856 854 1031
17177 1031 854 1033
17178 855 856 857
17179 855 857 878
17180 855 878 1088
17181 857 856 858
17182 858 856 1027
17183 1027 856 1031
17184 857 858 939
17185 878 857 879
17186 879 857 939
17187 858 937 939
17188 937 858 1022
17189 1022 858 1027
17190 859 860 926
17191 869 859 888
17192 888 859 926
17193 923 860 925
17194 860 923 926
17195 925 860 1000
17196 875 861 880
17197 880 861 1061
17198 861 928 1061
17199 862 930 931
17200 930 862 932
17201 932 862 1051
17202 863 872 881
17203 863 881 1067
17204 927 863 1067
17205 882 864 893
17206 893 864 895
17207 895 864 1009
17208 866 865 1021
17209 865 1014 1018
17210 865 1018 1021
17211 994 866 1002
17212 866 994 1051
17213 1002 866 1021
17214 867 1011 1017
17215 867 1017 1024
17216 867 1024 1028
17217 1023 868 1041
17218 868 1023 1042
17219 1040 868 1042
17220 869 888 891
17221 869 891 1062
17222 893 869 1062
17223 870 889 1104
17224 870 917 1071
17225 917 870 1104
17226 938 870 1071
17227 884 871 1100
17228 871 936 1086
17229 871 1086 1100
17230 881 872 1069
17231 872 917 1070
17232 917 872 1071
17233 1069 872 1070
17234 873 984 1076
17235 984 873 1077
17236 873 999 1075
17237 999 873 1076
17238 874 984 1077
17239 984 874 1078
17240 874 990 1078
17241 990 874 1079
17242 875 880 1083
17243 875 919 1086
17244 919 875 1106
17245 875 1083 1106
17246 876 986 1082
17247 986 876 1084
17248 876 997 1084
17249 997 876 1085
17250 877 992 1087
17251 992 877 1088
17252 877 997 1085
17253 997 877 1087
17254 878 879 1105
17255 878 992 1088
17256 992 878 1091
17257 1091 878 1105
17258 879 939 940
17259 879 940 941
17260 879 941 1105
17261 1015 880 1061
17262 880 1015 1099
17263 1083 880 1099
17264 881 1016 1067
17265 1016 881 1103
17266 881 1069 1103
17267 883 882 1102
17268 882 893 1062
17269 882 1062 1102
17270 928 883 1101
17271 883 1054 1056
17272 1054 883 1102
17273 883 1056 1101
17274 892 884 1089
17275 1089 884 1090
17276 886 885 1065
17277 885 887 1063
17278 894 886 896
17279 896 886 897
17280 897 886 1065
17281 887 927 1060
17282 887 1060 1063
17283 891 888 1064
17284 889 890 1073
17285 890 1008 1095
17286 1073 890 1074
17287 1074 890 1095
17288 1020 892 1092
17289 894 915 1010
17290 908 895 1009
17291 896 897 898
17292 896 898 907
17293 898 897 899
17294 899 897 900
17295 900 897 1065
17296 898 899 901
17297 899 900 1068
17298 901 902 903
17299 903 902 904
17300 904 902 905
17301 905 902 1072
17302 906 909 1012
17303 909 910 1012
17304 910 911 912
17305 912 911 913
17306 913 911 969
17307 911 935 969
17308 912 913 1044
17309 914 912 1044
17310 958 913 969
17311 913 958 970
17312 913 970 1044
17313 1037 914 1044
17314 917 916 1070
17315 918 919 1106
17316 1086 919 1100
17317 920 921 934
17318 921 922 923
17319 921 923 925
17320 921 925 934
17321 923 922 924
17322 923 924 926
17323 1061 928 1101
17324 929 1013 1026
17325 933 1022 1027
17326 937 1022 1026
17327 941 940 1092
17328 940 1020 1092
17329 942 943 957
17330 943 944 945
17331 943 945 947
17332 943 947 957
17333 945 944 946
17334 946 944 949
17335 949 944 1005
17336 945 946 948
17337 947 945 956
17338 945 948 956
17339 948 946 1045
17340 946 949 950
17341 946 950 1045
17342 947 956 1049
17343 957 947 958
17344 958 947 1049
17345 956 948 1048
17346 948 1045 1047
17347 948 1047 1048
17348 950 949 951
17349 951 949 959
17350 959 949 1005
17351 950 951 952
17352 950 952 953
17353 950 953 1045
17354 952 951 960
17355 953 952 954
17356 954 952 955
17357 955 952 960
17358 953 954 1043
17359 954 955 1029
17360 954 1029 1035
17361 954 1035 1043
17362 955 960 961
17363 955 961 962
17364 955 962 1029
17365 957 958 969
17366 970 958 1049
17367 961 960 968
17368 962 961 963
17369 963 961 1004
17370 961 968 1004
17371 962 963 964
17372 962 964 965
17373 962 965 1029
17374 964 963 1052
17375 965 964 966
17376 966 964 967
17377 967 964 1052
17378 965 966 1025
17379 966 967 1055
17380 966 1019 1025
17381 1019 966 1055
17382 980 967 1052
17383 967 980 1053
17384 967 1053 1055
17385 1046 970 1049
17386 972 971 973
17387 973 971 1003
17388 972 973 974
17389 972 974 1002
17390 972 1002 1021
17391 974 973 975
17392 975 973 981
17393 981 973 1003
17394 974 975 976
17395 974 976 977
17396 974 977 1002
17397 976 975 978
17398 978 975 1053
17399 975 981 1053
17400 977 976 995
17401 977 993 994
17402 993 977 995
17403 977 994 1002
17404 979 978 980
17405 980 978 1053
17406 979 980 1050
17407 1050 980 1052
17408 1053 981 1055
17409 982 1031 1033
17410 983 984 1078
17411 985 986 1084
17412 986 987 1082
17413 987 988 1080
17414 987 1081 1082
17415 988 989 1080
17416 989 990 1080
17417 991 992 1091
17418 996 997 1087
17419 998 999 1076
17420 1075 999 1095
17421 1001 1036 1038
17422 1034 1006 1039
17423 1030 1007 1032
17424 1008 1075 1095
17425 1069 1057 1103
2 6 2 2544
17426 2 1514 29
17427 112 1514 2
17428 40 1515 3
17429 3 1515 170
17430 57 1511 6
17431 6 1511 140
17432 7 1513 68
17433 198 1513 7
17434 29 1138 30
17435 29 1514 1138
17436 30 1483 31
17437 1138 1483 30
17438 31 1126 32
17439 31 1483 1126
17440 32 1481 33
17441 1126 1481 32
17442 33 1308 34
17443 33 1481 1308
17444 34 1107 35
17445 34 1308 1107
17446 35 1471 36
17447 1107 1471 35
17448 36 1473 37
17449 1471 1473 36
17450 37 1125 38
17451 37 1473 1125
17452 38 1432 39
17453 1125 1432 38
17454 39 1136 40
17455 39 1432 1136
17456 1136 1515 40
17457 58 1322 57
17458 1322 1511 57
17459 59 1489 58
17460 58 1489 1322
17461 60 1127 59
17462 1127 1489 59
17463 61 1485 60
17464 60 1485 1127
17465 62 1317 61
17466 1317 1485 61
17467 63 1108 62
17468 1108 1317 62
17469 64 1480 63
17470 63 1480 1108
17471 65 1477 64
17472 1477 1480 64
17473 66 1124 65
17474 1124 1477 65
17475 67 1433 66
17476 66 1433 1124
17477 68 1137 67
17478 1137 1433 67
17479 68 1513 1137
17480 113 1475 112
17481 1475 1514 112
17482 114 1134 113
17483 1134 1475 113
17484 115 1337 114
17485 114 1337 1134
17486 116 1120 115
17487 1120 1337 115
17488 117 1347 116
17489 116 1347 1120
17490 118 1349 117
17491 117 1349 1347
17492 119 1109 118
17493 1109 1349 118
17494 120 1410 119
17495 119 1410 1109
17496 121 1412 120
17497 120 1412 1410
17498 122 1119 121
17499 1119 1412 121
17500 123 1396 122
17501 122 1396 1119
17502 124 1467 123
17503 123 1467 1396
17504 125 1114 124
17505 1114 1467 124
17506 126 1421 125
17507 125 1421 1114
17508 127 1385 126
17509 1385 1421 126
17510 128 1118 127
17511 1118 1385 127
17512 129 1376 128
17513 128 1376 1118
17514 130 1422 129
17515 129 1422 1376
17516 131 1110 130
17517 1110 1422 130
17518 132 1359 131
17519 131 1359 1110
17520 133 1129 132
17521 1129 1359 132
17522 134 1352 133
17523 133 1352 1129
17524 135 1116 134
17525 1116 1352 134
17526 136 1326 135
17527 135 1326 1116
17528 137 1323 136
17529 1323 1326 136
17530 138 1123 137
17531 1123 1323 137
17532 139 1139 138
17533 138 1139 1123
17534 140 1135 139
17535 1135 1139 139
17536 140 1511 1135
17537 170 1476 171
17538 170 1515 1476
17539 171 1133 172
17540 171 1476 1133
17541 172 1335 173
17542 1133 1335 172
17543 173 1121 174
17544 173 1335 1121
17545 174 1507 175
17546 1121 1507 174
17547 175 1506 176
17548 175 1507 1506
17549 176 1115 177
17550 176 1506 1115
17551 177 1510 178
17552 1115 1510 177
17553 178 1130 179
17554 178 1510 1130
17555 179 1408 180
17556 1130 1408 179
17557 180 1111 181
17558 180 1408 1111
17559 181 1413 182
17560 1111 1413 181
17561 182 1128 183
17562 182 1413 1128
17563 183 1402 184
17564 1128 1402 183
17565 184 1112 185
17566 184 1402 1112
17567 185 1405 186
17568 1112 1405 185
17569 186 1406 187
17570 1405 1406 186
17571 187 1117 188
17572 187 1406 1117
17573 188 1400 189
17574 1117 1400 188
17575 189 1131 190
17576 189 1400 1131
17577 190 1415 191
17578 1131 1415 190
17579 191 1113 192
17580 191 1415 1113
17581 192 1491 193
17582 1113 1491 192
17583 193 1490 194
17584 193 1491 1490
17585 194 1122 195
17586 194 1490 1122
17587 195 1333 196
17588 1122 1333 195
17589 196 1132 197
17590 196 1333 1132
17591 197 1474 198
17592 1132 1474 197
17593 1474 1513 198
17594 1308 1479 1107
17595 1107 1519 1471
17596 1479 1519 1107
17597 1108 1480 1302
17598 1302 1482 1108
17599 1108 1482 1317
17600 1109 1468 1349
17601 1410 1411 1109
17602 1411 1468 1109
17603 1359 1360 1110
17604 1360 1361 1110
17605 1361 1422 1110
17606 1408 1409 1111
17607 1409 1504 1111
17608 1111 1504 1413
17609 1402 1403 1112
17610 1403 1404 1112
17611 1404 1405 1112
17612 1415 1416 1113
17613 1416 1512 1113
17614 1113 1512 1491
17615 1114 1421 1380
17616 1380 1469 1114
17617 1114 1469 1467
17618 1115 1506 1309
17619 1309 1509 1115
17620 1115 1509 1358
17621 1358 1510 1115
17622 1326 1327 1116
17623 1327 1328 1116
17624 1328 1352 1116
17625 1117 1495 1400
17626 1406 1407 1117
17627 1407 1495 1117
17628 1118 1376 1368
17629 1368 1377 1118
17630 1377 1385 1118
17631 1119 1395 1393
17632 1393 1412 1119
17633 1119 1396 1395
17634 1120 1351 1337
17635 1347 1348 1120
17636 1348 1351 1120
17637 1301 1507 1121
17638 1121 1517 1301
17639 1335 1336 1121
17640 1336 1517 1121
17641 1122 1490 1306
17642 1306 1521 1122
17643 1122 1334 1333
17644 1122 1521 1334
17645 1139 1140 1123
17646 1140 1141 1123
17647 1141 1323 1123
17648 1344 1477 1124
17649 1124 1484 1344
17650 1433 1484 1124
17651 1125 1478 1432
17652 1473 1518 1125
17653 1125 1518 1478
17654 1126 1343 1305
17655 1305 1481 1126
17656 1341 1343 1126
17657 1126 1483 1341
17658 1316 1318 1127
17659 1127 1485 1316
17660 1318 1319 1127
17661 1319 1489 1127
17662 1128 1501 1402
17663 1413 1414 1128
17664 1414 1501 1128
17665 1352 1386 1129
17666 1129 1374 1359
17667 1129 1386 1374
17668 1130 1510 1358
17669 1358 1522 1130
17670 1130 1508 1408
17671 1130 1522 1508
17672 1400 1401 1131
17673 1401 1493 1131
17674 1131 1493 1415
17675 1333 1487 1132
17676 1132 1486 1474
17677 1132 1487 1486
17678 1133 1523 1335
17679 1476 1516 1133
17680 1133 1516 1500
17681 1500 1523 1133
17682 1337 1338 1134
17683 1338 1339 1134
17684 1339 1475 1134
17685 1135 1321 1139
17686 1135 1322 1321
17687 1135 1511 1322
17688 1432 1516 1136
17689 1476 1515 1136
17690 1136 1516 1476
17691 1137 1520 1433
17692 1137 1513 1474
17693 1474 1520 1137
17694 1339 1341 1138
17695 1138 1475 1339
17696 1341 1483 1138
17697 1138 1514 1475
17698 1139 1321 1140
17699 1140 1142 1141
17700 1140 1320 1142
17701 1140 1321 1320
17702 1142 1143 1141
17703 1143 1429 1141
17704 1141 1429 1323
17705 1142 1144 1143
17706 1142 1236 1144
17707 1142 1320 1236
17708 1144 1145 1143
17709 1145 1245 1143
17710 1245 1429 1143
17711 1144 1146 1145
17712 1144 1324 1146
17713 1236 1324 1144
17714 1146 1147 1145
17715 1147 1331 1145
17716 1145 1331 1245
17717 1146 1148 1147
17718 1146 1213 1148
17719 1146 1324 1213
17720 1148 1149 1147
17721 1149 1454 1147
17722 1147 1454 1331
17723 1148 1150 1149
17724 1148 1332 1150
17725 1213 1332 1148
17726 1150 1151 1149
17727 1151 1152 1149
17728 1152 1454 1149
17729 1150 1187 1151
17730 1150 1195 1187
17731 1150 1332 1195
17732 1151 1153 1152
17733 1151 1434 1153
17734 1187 1434 1151
17735 1153 1154 1152
17736 1154 1210 1152
17737 1210 1454 1152
17738 1153 1155 1154
17739 1153 1441 1155
17740 1434 1441 1153
17741 1155 1156 1154
17742 1156 1463 1154
17743 1154 1463 1210
17744 1155 1157 1156
17745 1155 1191 1157
17746 1155 1441 1191
17747 1157 1158 1156
17748 1158 1211 1156
17749 1211 1463 1156
17750 1157 1159 1158
17751 1157 1424 1159
17752 1191 1424 1157
17753 1159 1160 1158
17754 1160 1465 1158
17755 1158 1465 1211
17756 1159 1161 1160
17757 1159 1198 1161
17758 1159 1424 1198
17759 1161 1162 1160
17760 1162 1464 1160
17761 1464 1465 1160
17762 1161 1163 1162
17763 1161 1423 1163
17764 1198 1423 1161
17765 1163 1164 1162
17766 1164 1209 1162
17767 1209 1464 1162
17768 1163 1165 1164
17769 1163 1188 1165
17770 1163 1423 1188
17771 1165 1166 1164
17772 1166 1460 1164
17773 1164 1460 1209
17774 1165 1167 1166
17775 1165 1440 1167
17776 1188 1440 1165
17777 1167 1168 1166
17778 1168 1452 1166
17779 1452 1460 1166
17780 1167 1169 1168
17781 1167 1459 1169
17782 1440 1459 1167
17783 1169 1170 1168
17784 1170 1208 1168
17785 1208 1452 1168
17786 1169 1171 1170
17787 1169 1192 1171
17788 1169 1459 1192
17789 1171 1172 1170
17790 1172 1442 1170
17791 1170 1442 1208
17792 1171 1173 1172
17793 1171 1418 1173
17794 1192 1418 1171
17795 1173 1174 1172
17796 1174 1436 1172
17797 1436 1442 1172
17798 1173 1175 1174
17799 1173 1199 1175
17800 1173 1418 1199
17801 1175 1176 1174
17802 1176 1207 1174
17803 1207 1436 1174
17804 1175 1177 1176
17805 1175 1399 1177
17806 1199 1399 1175
17807 1177 1178 1176
17808 1178 1420 1176
17809 1176 1420 1207
17810 1177 1179 1178
17811 1177 1193 1179
17812 1177 1399 1193
17813 1179 1180 1178
17814 1180 1388 1178
17815 1388 1420 1178
17816 1179 1181 1180
17817 1179 1350 1181
17818 1193 1350 1179
17819 1181 1182 1180
17820 1182 1206 1180
17821 1206 1388 1180
17822 1181 1183 1182
17823 1181 1197 1183
17824 1181 1350 1197
17825 1183 1184 1182
17826 1184 1435 1182
17827 1182 1435 1206
17828 1183 1185 1184
17829 1183 1346 1185
17830 1197 1346 1183
17831 1185 1186 1184
17832 1186 1431 1184
17833 1431 1435 1184
17834 1185 1189 1186
17835 1185 1190 1189
17836 1185 1346 1190
17837 1189 1196 1186
17838 1196 1204 1186
17839 1204 1431 1186
17840 1195 1200 1187
17841 1200 1428 1187
17842 1428 1434 1187
17843 1423 1456 1188
17844 1188 1458 1440
17845 1456 1458 1188
17846 1190 1194 1189
17847 1194 1325 1189
17848 1189 1325 1196
17849 1190 1201 1194
17850 1190 1430 1201
17851 1346 1430 1190
17852 1191 1447 1424
17853 1441 1445 1191
17854 1445 1447 1191
17855 1192 1455 1418
17856 1192 1457 1455
17857 1192 1459 1457
17858 1193 1444 1350
17859 1399 1448 1193
17860 1193 1448 1444
17861 1201 1202 1194
17862 1202 1426 1194
17863 1194 1426 1325
17864 1195 1203 1200
17865 1195 1427 1203
17866 1332 1427 1195
17867 1196 1205 1204
17868 1196 1212 1205
17869 1196 1325 1212
17870 1197 1443 1346
17871 1350 1439 1197
17872 1439 1443 1197
17873 1198 1451 1423
17874 1424 1449 1198
17875 1449 1451 1198
17876 1199 1450 1399
17877 1418 1453 1199
17878 1199 1453 1450
17879 1203 1214 1200
17880 1214 1215 1200
17881 1215 1428 1200
17882 1201 1217 1202
17883 1201 1218 1217
17884 1201 1430 1218
17885 1217 1219 1202
17886 1219 1220 1202
17887 1220 1426 1202
17888 1203 1216 1214
17889 1203 1221 1216
17890 1203 1427 1221
17891 1205 1223 1204
17892 1223 1224 1204
17893 1224 1431 1204
17894 1212 1222 1205
17895 1222 1417 1205
17896 1205 1417 1223
17897 1206 1389 1388
17898 1206 1438 1389
17899 1435 1438 1206
17900 1207 1420 1398
17901 1398 1472 1207
17902 1207 1472 1436
17903 1208 1442 1382
17904 1382 1446 1208
17905 1446 1452 1208
17906 1209 1460 1370
17907 1370 1462 1209
17908 1462 1464 1209
17909 1387 1461 1210
17910 1210 1463 1387
17911 1210 1461 1454
17912 1211 1465 1373
17913 1373 1466 1211
17914 1211 1466 1463
17915 1212 1231 1222
17916 1212 1312 1231
17917 1212 1325 1312
17918 1213 1313 1311
17919 1311 1332 1213
17920 1213 1324 1313
17921 1214 1227 1215
17922 1216 1355 1214
17923 1214 1355 1227
17924 1227 1228 1215
17925 1228 1229 1215
17926 1229 1428 1215
17927 1221 1237 1216
17928 1237 1238 1216
17929 1238 1355 1216
17930 1218 1225 1217
17931 1217 1353 1219
17932 1225 1353 1217
17933 1218 1226 1225
17934 1218 1246 1226
17935 1218 1430 1246
17936 1219 1232 1220
17937 1219 1233 1232
17938 1219 1353 1233
17939 1232 1234 1220
17940 1234 1281 1220
17941 1281 1426 1220
17942 1221 1240 1237
17943 1221 1244 1240
17944 1221 1427 1244
17945 1231 1276 1222
17946 1276 1277 1222
17947 1277 1417 1222
17948 1223 1241 1224
17949 1223 1242 1241
17950 1223 1417 1242
17951 1241 1243 1224
17952 1243 1282 1224
17953 1282 1431 1224
17954 1226 1239 1225
17955 1239 1288 1225
17956 1288 1353 1225
17957 1226 1437 1239
17958 1246 1247 1226
17959 1247 1437 1226
17960 1227 1235 1228
17961 1227 1287 1235
17962 1227 1355 1287
17963 1228 1230 1229
17964 1228 1425 1230
17965 1235 1425 1228
17966 1230 1248 1229
17967 1248 1284 1229
17968 1284 1428 1229
17969 1230 1249 1248
17970 1230 1492 1249
17971 1425 1492 1230
17972 1231 1286 1276
17973 1231 1310 1286
17974 1231 1312 1310
17975 1233 1278 1232
17976 1232 1345 1234
17977 1278 1345 1232
17978 1233 1292 1278
17979 1233 1503 1292
17980 1353 1503 1233
17981 1234 1299 1281
17982 1234 1300 1299
17983 1234 1345 1300
17984 1287 1306 1235
17985 1306 1307 1235
17986 1307 1425 1235
17987 1236 1318 1315
17988 1315 1324 1236
17989 1236 1320 1318
17990 1237 1280 1238
17991 1240 1344 1237
17992 1237 1344 1280
17993 1280 1289 1238
17994 1289 1488 1238
17995 1238 1488 1355
17996 1239 1301 1288
17997 1239 1309 1301
17998 1239 1437 1309
17999 1244 1302 1240
18000 1302 1304 1240
18001 1304 1344 1240
18002 1242 1348 1241
18003 1241 1279 1243
18004 1241 1348 1279
18005 1342 1351 1242
18006 1242 1417 1342
18007 1242 1351 1348
18008 1279 1468 1243
18009 1243 1283 1282
18010 1243 1468 1283
18011 1244 1303 1302
18012 1244 1311 1303
18013 1244 1427 1311
18014 1245 1329 1327
18015 1327 1429 1245
18016 1245 1331 1329
18017 1246 1354 1247
18018 1246 1443 1354
18019 1430 1443 1246
18020 1354 1356 1247
18021 1356 1357 1247
18022 1357 1437 1247
18023 1249 1250 1248
18024 1250 1445 1248
18025 1248 1445 1284
18026 1249 1251 1250
18027 1249 1290 1251
18028 1249 1492 1290
18029 1251 1252 1250
18030 1252 1447 1250
18031 1250 1447 1445
18032 1251 1253 1252
18033 1251 1494 1253
18034 1290 1494 1251
18035 1253 1254 1252
18036 1254 1449 1252
18037 1252 1449 1447
18038 1253 1255 1254
18039 1253 1291 1255
18040 1253 1494 1291
18041 1255 1256 1254
18042 1256 1451 1254
18043 1254 1451 1449
18044 1255 1257 1256
18045 1255 1496 1257
18046 1291 1496 1255
18047 1257 1258 1256
18048 1258 1456 1256
18049 1256 1456 1451
18050 1257 1259 1258
18051 1257 1262 1259
18052 1257 1496 1262
18053 1259 1260 1258
18054 1260 1458 1258
18055 1258 1458 1456
18056 1259 1261 1260
18057 1259 1498 1261
18058 1262 1498 1259
18059 1261 1263 1260
18060 1263 1285 1260
18061 1285 1458 1260
18062 1261 1264 1263
18063 1261 1499 1264
18064 1498 1499 1261
18065 1262 1497 1404
18066 1404 1498 1262
18067 1262 1496 1407
18068 1407 1497 1262
18069 1264 1265 1263
18070 1265 1457 1263
18071 1263 1457 1285
18072 1264 1266 1265
18073 1264 1293 1266
18074 1264 1499 1293
18075 1266 1267 1265
18076 1267 1455 1265
18077 1455 1457 1265
18078 1266 1268 1267
18079 1266 1502 1268
18080 1293 1502 1266
18081 1268 1269 1267
18082 1269 1453 1267
18083 1453 1455 1267
18084 1268 1270 1269
18085 1268 1294 1270
18086 1268 1502 1294
18087 1270 1271 1269
18088 1271 1450 1269
18089 1450 1453 1269
18090 1270 1272 1271
18091 1270 1505 1272
18092 1294 1505 1270
18093 1272 1273 1271
18094 1273 1448 1271
18095 1448 1450 1271
18096 1272 1274 1273
18097 1272 1295 1274
18098 1272 1505 1295
18099 1274 1275 1273
18100 1275 1444 1273
18101 1444 1448 1273
18102 1274 1356 1275
18103 1295 1296 1274
18104 1296 1356 1274
18105 1275 1356 1354
18106 1354 1439 1275
18107 1439 1444 1275
18108 1276 1343 1277
18109 1286 1305 1276
18110 1305 1343 1276
18111 1340 1342 1277
18112 1277 1343 1340
18113 1342 1417 1277
18114 1292 1297 1278
18115 1297 1478 1278
18116 1278 1478 1345
18117 1279 1348 1347
18118 1347 1349 1279
18119 1349 1468 1279
18120 1280 1298 1289
18121 1280 1484 1298
18122 1344 1484 1280
18123 1299 1310 1281
18124 1310 1312 1281
18125 1312 1426 1281
18126 1283 1438 1282
18127 1282 1435 1431
18128 1282 1438 1435
18129 1411 1419 1283
18130 1283 1468 1411
18131 1419 1438 1283
18132 1284 1434 1428
18133 1284 1441 1434
18134 1284 1445 1441
18135 1440 1458 1285
18136 1285 1459 1440
18137 1457 1459 1285
18138 1286 1308 1305
18139 1286 1479 1308
18140 1310 1479 1286
18141 1287 1521 1306
18142 1287 1488 1334
18143 1334 1521 1287
18144 1355 1488 1287
18145 1301 1517 1288
18146 1288 1503 1353
18147 1288 1517 1503
18148 1298 1486 1289
18149 1289 1487 1334
18150 1334 1488 1289
18151 1486 1487 1289
18152 1290 1493 1401
18153 1401 1494 1290
18154 1290 1492 1416
18155 1416 1493 1290
18156 1291 1494 1401
18157 1401 1495 1291
18158 1291 1495 1407
18159 1407 1496 1291
18160 1292 1500 1297
18161 1292 1503 1336
18162 1336 1523 1292
18163 1292 1523 1500
18164 1293 1499 1403
18165 1403 1501 1293
18166 1293 1501 1414
18167 1414 1502 1293
18168 1294 1504 1409
18169 1409 1505 1294
18170 1294 1502 1414
18171 1414 1504 1294
18172 1295 1522 1296
18173 1295 1505 1409
18174 1409 1508 1295
18175 1508 1522 1295
18176 1296 1357 1356
18177 1296 1358 1357
18178 1296 1522 1358
18179 1432 1478 1297
18180 1297 1516 1432
18181 1500 1516 1297
18182 1298 1484 1433
18183 1433 1520 1298
18184 1298 1520 1486
18185 1300 1519 1299
18186 1299 1479 1310
18187 1299 1519 1479
18188 1345 1518 1300
18189 1300 1473 1471
18190 1471 1519 1300
18191 1300 1518 1473
18192 1309 1506 1301
18193 1506 1507 1301
18194 1303 1482 1302
18195 1302 1480 1304
18196 1311 1313 1303
18197 1313 1314 1303
18198 1314 1482 1303
18199 1304 1477 1344
18200 1304 1480 1477
18201 1308 1481 1305
18202 1306 1490 1307
18203 1307 1512 1425
18204 1490 1491 1307
18205 1491 1512 1307
18206 1437 1509 1309
18207 1311 1427 1332
18208 1325 1426 1312
18209 1313 1315 1314
18210 1313 1324 1315
18211 1315 1316 1314
18212 1316 1317 1314
18213 1317 1482 1314
18214 1315 1318 1316
18215 1316 1485 1317
18216 1318 1320 1319
18217 1320 1321 1319
18218 1321 1322 1319
18219 1322 1489 1319
18220 1323 1429 1326
18221 1326 1429 1327
18222 1327 1329 1328
18223 1329 1330 1328
18224 1330 1386 1328
18225 1328 1386 1352
18226 1329 1461 1330
18227 1331 1461 1329
18228 1375 1386 1330
18229 1330 1387 1375
18230 1330 1461 1387
18231 1454 1461 1331
18232 1334 1487 1333
18233 1335 1523 1336
18234 1503 1517 1336
18235 1337 1351 1338
18236 1338 1340 1339
18237 1338 1342 1340
18238 1338 1351 1342
18239 1340 1341 1339
18240 1340 1343 1341
18241 1478 1518 1345
18242 1346 1443 1430
18243 1350 1444 1439
18244 1354 1443 1439
18245 1358 1509 1357
18246 1357 1509 1437
18247 1359 1374 1360
18248 1360 1362 1361
18249 1360 1364 1362
18250 1360 1374 1364
18251 1362 1363 1361
18252 1363 1366 1361
18253 1366 1422 1361
18254 1362 1365 1363
18255 1364 1373 1362
18256 1362 1373 1365
18257 1365 1462 1363
18258 1363 1367 1366
18259 1363 1462 1367
18260 1364 1466 1373
18261 1374 1375 1364
18262 1375 1466 1364
18263 1373 1465 1365
18264 1365 1464 1462
18265 1365 1465 1464
18266 1367 1368 1366
18267 1368 1376 1366
18268 1376 1422 1366
18269 1367 1369 1368
18270 1367 1370 1369
18271 1367 1462 1370
18272 1369 1377 1368
18273 1370 1371 1369
18274 1371 1372 1369
18275 1372 1377 1369
18276 1370 1460 1371
18277 1371 1446 1372
18278 1371 1452 1446
18279 1371 1460 1452
18280 1372 1378 1377
18281 1372 1379 1378
18282 1372 1446 1379
18283 1374 1386 1375
18284 1387 1466 1375
18285 1378 1385 1377
18286 1379 1380 1378
18287 1380 1421 1378
18288 1378 1421 1385
18289 1379 1381 1380
18290 1379 1382 1381
18291 1379 1446 1382
18292 1381 1469 1380
18293 1382 1383 1381
18294 1383 1384 1381
18295 1384 1469 1381
18296 1382 1442 1383
18297 1383 1472 1384
18298 1383 1442 1436
18299 1436 1472 1383
18300 1397 1469 1384
18301 1384 1470 1397
18302 1384 1472 1470
18303 1463 1466 1387
18304 1389 1390 1388
18305 1390 1420 1388
18306 1389 1391 1390
18307 1389 1419 1391
18308 1389 1438 1419
18309 1391 1392 1390
18310 1392 1398 1390
18311 1398 1420 1390
18312 1391 1393 1392
18313 1391 1394 1393
18314 1391 1419 1394
18315 1393 1395 1392
18316 1395 1470 1392
18317 1392 1470 1398
18318 1394 1412 1393
18319 1394 1411 1410
18320 1410 1412 1394
18321 1394 1419 1411
18322 1396 1397 1395
18323 1397 1470 1395
18324 1396 1467 1397
18325 1467 1469 1397
18326 1470 1472 1398
18327 1399 1450 1448
18328 1400 1495 1401
18329 1402 1501 1403
18330 1403 1499 1404
18331 1404 1497 1405
18332 1404 1499 1498
18333 1405 1497 1406
18334 1406 1497 1407
18335 1408 1508 1409
18336 1413 1504 1414
18337 1415 1493 1416
18338 1492 1512 1416
18339 1418 1455 1453
18340 1451 1456 1423
18341 1447 1449 1424
18342 1425 1512 1492
18343 1486 1520 1474
18696 9 1909 200
18697 227 1909 9
18698 211 1914 10
18699 10 1914 254
18700 13 1635 246
18701 288 1635 13
18702 273 1874 15
18703 15 1874 281
18704 287 1834 17
18705 17 1834 294
18706 200 1888 201
18707 200 1909 1888
18708 201 1857 202
18709 201 1888 1857
18710 202 1624 203
18711 202 1857 1624
18712 203 1852 204
18713 1624 1852 203
18714 204 1851 205
18715 204 1852 1851
18716 205 1610 206
18717 205 1851 1610
18718 206 1910 207
18719 1610 1910 206
18720 207 1853 208
18721 207 1910 1853
18722 208 1623 209
18723 208 1853 1623
18724 209 1860 210
18725 1623 1860 209
18726 210 1634 211
18727 210 1860 1634
18728 1634 1914 211
18729 228 1633 227
18730 1633 1909 227
18731 229 1789 228
18732 228 1789 1633
18733 230 1622 229
18734 1622 1789 229
18735 231 1767 230
18736 230 1767 1622
18737 232 1889 231
18738 231 1889 1767
18739 233 1617 232
18740 1617 1889 232
18741 234 1778 233
18742 233 1778 1617
18743 235 1890 234
18744 234 1890 1778
18745 236 1615 235
18746 1615 1890 235
18747 237 1794 236
18748 236 1794 1615
18749 238 1891 237
18750 237 1891 1794
18751 239 1618 238
18752 1618 1891 238
18753 240 1886 239
18754 239 1886 1618
18755 241 1883 240
18756 1883 1886 240
18757 242 1611 241
18758 1611 1883 241
18759 243 1806 242
18760 242 1806 1611
18761 244 1805 243
18762 1805 1806 243
18763 245 1621 244
18764 1621 1805 244
18765 246 1636 245
18766 245 1636 1621
18767 1635 1636 246
18768 254 1887 255
18769 254 1914 1887
18770 255 1631 256
18771 255 1887 1631
18772 256 1819 257
18773 1631 1819 256
18774 257 1620 258
18775 257 1819 1620
18776 258 1919 259
18777 1620 1919 258
18778 259 1923 260
18779 259 1919 1766
18780 1766 1923 259
18781 260 1613 261
18782 260 1923 1613
18783 261 1836 262
18784 1613 1836 261
18785 262 1627 263
18786 262 1836 1627
18787 263 1837 264
18788 1627 1837 263
18789 264 1612 265
18790 264 1837 1612
18791 265 1835 266
18792 1612 1835 265
18793 266 1628 267
18794 266 1835 1628
18795 267 1838 268
18796 1628 1838 267
18797 268 1839 269
18798 1838 1839 268
18799 269 1616 270
18800 269 1839 1616
18801 270 1818 271
18802 1616 1818 270
18803 271 1626 272
18804 271 1818 1626
18805 272 1892 273
18806 1626 1892 272
18807 273 1892 1874
18808 281 1632 282
18809 281 1874 1632
18810 282 1921 283
18811 1632 1921 282
18812 283 1619 284
18813 283 1921 1619
18814 284 1911 285
18815 1619 1911 284
18816 285 1629 286
18817 285 1911 1629
18818 286 1905 287
18819 1629 1905 286
18820 287 1905 1834
18821 289 1885 288
18822 288 1885 1635
18823 290 1630 289
18824 1630 1885 289
18825 291 1855 290
18826 290 1855 1630
18827 292 1614 291
18828 1614 1855 291
18829 293 1854 292
18830 292 1854 1614
18831 294 1625 293
18832 1625 1854 293
18833 294 1834 1625
18834 1610 1842 1804
18835 1804 1910 1610
18836 1610 1912 1842
18837 1851 1912 1610
18838 1806 1807 1611
18839 1807 1808 1611
18840 1808 1883 1611
18841 1612 1917 1835
18842 1837 1918 1612
18843 1612 1918 1917
18844 1613 1924 1836
18845 1613 1899 1846
18846 1846 1924 1613
18847 1613 1923 1899
18848 1760 1820 1614
18849 1614 1854 1760
18850 1820 1855 1614
18851 1615 1785 1782
18852 1782 1890 1615
18853 1615 1794 1785
18854 1616 1903 1818
18855 1839 1904 1616
18856 1616 1904 1903
18857 1617 1772 1770
18858 1770 1889 1617
18859 1617 1778 1772
18860 1824 1891 1618
18861 1618 1894 1824
18862 1886 1894 1618
18863 1777 1911 1619
18864 1619 1916 1777
18865 1817 1916 1619
18866 1619 1921 1817
18867 1819 1925 1620
18868 1620 1928 1919
18869 1925 1928 1620
18870 1636 1637 1621
18871 1637 1638 1621
18872 1638 1805 1621
18873 1622 1767 1764
18874 1764 1768 1622
18875 1768 1789 1622
18876 1765 1860 1623
18877 1623 1902 1765
18878 1853 1902 1623
18879 1624 1908 1852
18880 1857 1895 1624
18881 1895 1908 1624
18882 1625 1793 1781
18883 1781 1854 1625
18884 1625 1834 1793
18885 1818 1898 1626
18886 1626 1897 1892
18887 1626 1898 1897
18888 1836 1922 1627
18889 1627 1920 1837
18890 1627 1922 1920
18891 1835 1915 1628
18892 1628 1913 1838
18893 1628 1915 1913
18894 1777 1906 1629
18895 1629 1911 1777
18896 1793 1905 1629
18897 1629 1906 1793
18898 1780 1822 1630
18899 1630 1855 1780
18900 1822 1885 1630
18901 1631 1927 1819
18902 1887 1929 1631
18903 1631 1929 1927
18904 1817 1921 1632
18905 1632 1926 1817
18906 1874 1926 1632
18907 1789 1790 1633
18908 1790 1888 1633
18909 1888 1909 1633
18910 1860 1901 1634
18911 1634 1901 1887
18912 1887 1914 1634
18913 1635 1761 1636
18914 1635 1885 1761
18915 1636 1761 1637
18916 1637 1639 1638
18917 1637 1769 1639
18918 1761 1769 1637
18919 1639 1640 1638
18920 1640 1745 1638
18921 1745 1805 1638
18922 1639 1641 1640
18923 1639 1690 1641
18924 1639 1769 1690
18925 1641 1642 1640
18926 1642 1866 1640
18927 1640 1866 1745
18928 1641 1643 1642
18929 1641 1795 1643
18930 1690 1795 1641
18931 1643 1644 1642
18932 1644 1698 1642
18933 1698 1866 1642
18934 1643 1645 1644
18935 1643 1801 1645
18936 1795 1801 1643
18937 1645 1646 1644
18938 1646 1814 1644
18939 1644 1814 1698
18940 1645 1647 1646
18941 1645 1649 1647
18942 1645 1801 1649
18943 1647 1648 1646
18944 1648 1650 1646
18945 1650 1814 1646
18946 1647 1863 1648
18947 1649 1676 1647
18948 1676 1863 1647
18949 1648 1651 1650
18950 1648 1670 1651
18951 1648 1863 1670
18952 1649 1677 1676
18953 1649 1678 1677
18954 1649 1801 1678
18955 1651 1652 1650
18956 1652 1893 1650
18957 1650 1893 1814
18958 1651 1653 1652
18959 1651 1859 1653
18960 1670 1859 1651
18961 1653 1654 1652
18962 1654 1687 1652
18963 1687 1893 1652
18964 1653 1655 1654
18965 1653 1827 1655
18966 1653 1859 1827
18967 1655 1656 1654
18968 1656 1848 1654
18969 1654 1848 1687
18970 1655 1657 1656
18971 1655 1674 1657
18972 1655 1827 1674
18973 1657 1658 1656
18974 1658 1841 1656
18975 1841 1848 1656
18976 1657 1659 1658
18977 1657 1856 1659
18978 1674 1856 1657
18979 1659 1660 1658
18980 1660 1684 1658
18981 1684 1841 1658
18982 1659 1661 1660
18983 1659 1864 1661
18984 1856 1864 1659
18985 1661 1662 1660
18986 1662 1877 1660
18987 1660 1877 1684
18988 1661 1663 1662
18989 1661 1675 1663
18990 1661 1864 1675
18991 1663 1664 1662
18992 1664 1879 1662
18993 1662 1879 1877
18994 1663 1665 1664
18995 1663 1832 1665
18996 1675 1832 1663
18997 1665 1666 1664
18998 1666 1683 1664
18999 1683 1879 1664
19000 1665 1667 1666
19001 1665 1850 1667
19002 1832 1850 1665
19003 1667 1668 1666
19004 1668 1829 1666
19005 1666 1829 1683
19006 1667 1669 1668
19007 1667 1672 1669
19008 1667 1850 1672
19009 1669 1671 1668
19010 1671 1685 1668
19011 1685 1829 1668
19012 1669 1815 1671
19013 1672 1673 1669
19014 1673 1815 1669
19015 1670 1880 1859
19016 1863 1872 1670
19017 1872 1880 1670
19018 1671 1686 1685
19019 1671 1844 1686
19020 1815 1844 1671
19021 1672 1680 1673
19022 1672 1695 1680
19023 1672 1850 1695
19024 1680 1681 1673
19025 1681 1688 1673
19026 1688 1815 1673
19027 1674 1827 1825
19028 1825 1833 1674
19029 1833 1856 1674
19030 1675 1867 1832
19031 1864 1865 1675
19032 1865 1867 1675
19033 1677 1679 1676
19034 1679 1719 1676
19035 1719 1863 1676
19036 1678 1682 1677
19037 1677 1868 1679
19038 1682 1868 1677
19039 1678 1689 1682
19040 1678 1873 1689
19041 1801 1873 1678
19042 1679 1720 1719
19043 1679 1881 1720
19044 1868 1881 1679
19045 1680 1840 1681
19046 1695 1696 1680
19047 1696 1840 1680
19048 1681 1694 1688
19049 1681 1702 1694
19050 1681 1840 1702
19051 1689 1699 1682
19052 1699 1700 1682
19053 1700 1868 1682
19054 1829 1871 1683
19055 1871 1878 1683
19056 1878 1879 1683
19057 1684 1875 1841
19058 1684 1876 1875
19059 1684 1877 1876
19060 1686 1691 1685
19061 1691 1858 1685
19062 1685 1858 1829
19063 1686 1692 1691
19064 1686 1693 1692
19065 1686 1844 1693
19066 1848 1849 1687
19067 1849 1900 1687
19068 1687 1900 1893
19069 1694 1703 1688
19070 1703 1799 1688
19071 1799 1815 1688
19072 1689 1701 1699
19073 1689 1713 1701
19074 1689 1873 1713
19075 1769 1779 1690
19076 1690 1779 1776
19077 1776 1795 1690
19078 1692 1709 1691
19079 1709 1710 1691
19080 1710 1858 1691
19081 1693 1705 1692
19082 1705 1797 1692
19083 1692 1797 1709
19084 1693 1706 1705
19085 1693 1746 1706
19086 1693 1844 1746
19087 1702 1704 1694
19088 1694 1802 1703
19089 1704 1802 1694
19090 1695 1697 1696
19091 1695 1862 1697
19092 1850 1862 1695
19093 1697 1711 1696
19094 1711 1726 1696
19095 1726 1840 1696
19096 1697 1712 1711
19097 1697 1724 1712
19098 1697 1862 1724
19099 1698 1811 1809
19100 1809 1866 1698
19101 1698 1814 1811
19102 1699 1707 1700
19103 1701 1823 1699
19104 1699 1823 1707
19105 1707 1708 1700
19106 1708 1716 1700
19107 1716 1868 1700
19108 1713 1738 1701
19109 1738 1739 1701
19110 1739 1823 1701
19111 1702 1714 1704
19112 1702 1861 1714
19113 1840 1861 1702
19114 1796 1799 1703
19115 1703 1800 1796
19116 1703 1802 1800
19117 1714 1715 1704
19118 1715 1749 1704
19119 1749 1802 1704
19120 1706 1798 1705
19121 1791 1797 1705
19122 1705 1798 1791
19123 1746 1748 1706
19124 1748 1750 1706
19125 1750 1798 1706
19126 1707 1755 1708
19127 1707 1756 1755
19128 1707 1823 1756
19129 1708 1717 1716
19130 1708 1816 1717
19131 1755 1816 1708
19132 1709 1741 1710
19133 1709 1764 1741
19134 1709 1797 1764
19135 1741 1770 1710
19136 1770 1771 1710
19137 1771 1858 1710
19138 1712 1846 1711
19139 1711 1744 1726
19140 1711 1846 1744
19141 1724 1725 1712
19142 1725 1754 1712
19143 1754 1846 1712
19144 1713 1740 1738
19145 1713 1776 1740
19146 1713 1873 1776
19147 1714 1753 1715
19148 1714 1869 1753
19149 1861 1869 1714
19150 1715 1765 1749
19151 1753 1828 1715
19152 1715 1828 1765
19153 1717 1718 1716
19154 1718 1881 1716
19155 1716 1881 1868
19156 1717 1742 1718
19157 1717 1762 1742
19158 1717 1816 1762
19159 1742 1743 1718
19160 1743 1884 1718
19161 1718 1884 1881
19162 1720 1721 1719
19163 1721 1872 1719
19164 1719 1872 1863
19165 1720 1722 1721
19166 1720 1884 1722
19167 1881 1884 1720
19168 1722 1723 1721
19169 1723 1737 1721
19170 1737 1872 1721
19171 1722 1758 1723
19172 1722 1821 1758
19173 1722 1884 1821
19174 1723 1882 1737
19175 1758 1759 1723
19176 1759 1882 1723
19177 1724 1727 1725
19178 1724 1867 1727
19179 1862 1867 1724
19180 1727 1728 1725
19181 1728 1847 1725
19182 1725 1847 1754
19183 1744 1757 1726
19184 1757 1861 1726
19185 1726 1861 1840
19186 1727 1729 1728
19187 1727 1865 1729
19188 1727 1867 1865
19189 1729 1730 1728
19190 1730 1752 1728
19191 1752 1847 1728
19192 1729 1731 1730
19193 1729 1747 1731
19194 1729 1865 1747
19195 1731 1732 1730
19196 1732 1843 1730
19197 1730 1843 1752
19198 1731 1733 1732
19199 1731 1833 1733
19200 1747 1833 1731
19201 1733 1734 1732
19202 1734 1751 1732
19203 1751 1843 1732
19204 1733 1735 1734
19205 1733 1825 1735
19206 1733 1833 1825
19207 1735 1736 1734
19208 1736 1830 1734
19209 1734 1830 1751
19210 1735 1845 1736
19211 1825 1826 1735
19212 1826 1845 1735
19213 1736 1831 1830
19214 1736 1882 1831
19215 1845 1882 1736
19216 1845 1880 1737
19217 1737 1882 1845
19218 1737 1880 1872
19219 1738 1760 1739
19220 1740 1820 1738
19221 1738 1820 1760
19222 1760 1781 1739
19223 1781 1792 1739
19224 1792 1823 1739
19225 1776 1779 1740
19226 1779 1780 1740
19227 1780 1820 1740
19228 1764 1767 1741
19229 1767 1889 1741
19230 1741 1889 1770
19231 1742 1897 1743
19232 1762 1763 1742
19233 1763 1897 1742
19234 1821 1884 1743
19235 1743 1898 1821
19236 1897 1898 1743
19237 1744 1766 1757
19238 1744 1899 1766
19239 1846 1899 1744
19240 1745 1806 1805
19241 1745 1807 1806
19242 1745 1866 1807
19243 1746 1796 1748
19244 1746 1799 1796
19245 1746 1844 1799
19246 1747 1856 1833
19247 1747 1864 1856
19248 1747 1865 1864
19249 1748 1912 1750
19250 1796 1842 1748
19251 1842 1912 1748
19252 1765 1902 1749
19253 1749 1803 1802
19254 1749 1902 1803
19255 1750 1908 1798
19256 1851 1852 1750
19257 1750 1912 1851
19258 1852 1908 1750
19259 1830 1915 1751
19260 1751 1917 1843
19261 1915 1917 1751
19262 1843 1918 1752
19263 1752 1920 1847
19264 1918 1920 1752
19265 1753 1927 1828
19266 1869 1925 1753
19267 1925 1927 1753
19268 1754 1924 1846
19269 1847 1922 1754
19270 1922 1924 1754
19271 1756 1777 1755
19272 1777 1916 1755
19273 1755 1916 1816
19274 1756 1906 1777
19275 1756 1823 1792
19276 1792 1906 1756
19277 1766 1928 1757
19278 1757 1869 1861
19279 1757 1928 1869
19280 1758 1904 1759
19281 1821 1903 1758
19282 1903 1904 1758
19283 1831 1882 1759
19284 1759 1907 1831
19285 1904 1907 1759
19286 1760 1854 1781
19287 1761 1822 1769
19288 1761 1885 1822
19289 1762 1926 1763
19290 1816 1817 1762
19291 1817 1926 1762
19292 1874 1892 1763
19293 1763 1926 1874
19294 1892 1897 1763
19295 1764 1797 1768
19296 1828 1901 1765
19297 1765 1901 1860
19298 1899 1923 1766
19299 1919 1928 1766
19300 1768 1790 1789
19301 1768 1791 1790
19302 1768 1797 1791
19303 1769 1822 1779
19304 1770 1772 1771
19305 1772 1773 1771
19306 1773 1871 1771
19307 1771 1871 1858
19308 1772 1774 1773
19309 1772 1778 1774
19310 1774 1775 1773
19311 1775 1878 1773
19312 1773 1878 1871
19313 1774 1782 1775
19314 1778 1890 1774
19315 1774 1890 1782
19316 1782 1783 1775
19317 1783 1784 1775
19318 1784 1878 1775
19319 1776 1873 1795
19320 1779 1822 1780
19321 1780 1855 1820
19322 1781 1793 1792
19323 1782 1785 1783
19324 1783 1876 1784
19325 1785 1786 1783
19326 1786 1876 1783
19327 1876 1877 1784
19328 1877 1879 1784
19329 1784 1879 1878
19330 1785 1787 1786
19331 1785 1794 1787
19332 1787 1788 1786
19333 1788 1875 1786
19334 1875 1876 1786
19335 1787 1824 1788
19336 1794 1891 1787
19337 1787 1891 1824
19338 1824 1896 1788
19339 1870 1875 1788
19340 1788 1896 1870
19341 1791 1895 1790
19342 1857 1888 1790
19343 1790 1895 1857
19344 1798 1895 1791
19345 1793 1906 1792
19346 1834 1905 1793
19347 1795 1873 1801
19348 1800 1842 1796
19349 1798 1908 1895
19350 1799 1844 1815
19351 1802 1803 1800
19352 1803 1804 1800
19353 1804 1842 1800
19354 1803 1853 1804
19355 1803 1902 1853
19356 1853 1910 1804
19357 1807 1809 1808
19358 1807 1866 1809
19359 1809 1810 1808
19360 1810 1812 1808
19361 1812 1883 1808
19362 1809 1811 1810
19363 1811 1900 1810
19364 1810 1813 1812
19365 1810 1900 1813
19366 1814 1893 1811
19367 1893 1900 1811
19368 1813 1894 1812
19369 1812 1886 1883
19370 1812 1894 1886
19371 1849 1896 1813
19372 1813 1900 1849
19373 1813 1896 1894
19374 1816 1916 1817
19375 1818 1903 1898
19376 1819 1927 1925
19377 1898 1903 1821
19378 1894 1896 1824
19379 1825 1827 1826
19380 1827 1859 1826
19381 1826 1880 1845
19382 1859 1880 1826
19383 1828 1929 1901
19384 1927 1929 1828
19385 1858 1871 1829
19386 1831 1913 1830
19387 1913 1915 1830
19388 1907 1913 1831
19389 1832 1862 1850
19390 1832 1867 1862
19391 1835 1917 1915
19392 1836 1924 1922
19393 1837 1920 1918
19394 1838 1907 1839
19395 1838 1913 1907
19396 1839 1907 1904
19397 1841 1870 1848
19398 1841 1875 1870
19399 1917 1918 1843
19400 1920 1922 1847
19401 1848 1870 1849
19402 1870 1896 1849
19403 1869 1928 1925
19404 1901 1929 1887
19405 13 14 288
19406 288 14 301
19407 17 295 18
19408 294 295 17
19409 301 289 288
19410 290 289 300
19411 300 289 301
19412 299 291 290
19413 299 290 300
19414 298 292 291
19415 298 291 299
19416 297 293 292
19417 297 292 298
19418 293 296 294
19419 297 296 293
19420 294 296 295
19421 15 281 16
19422 281 308 16
19423 17 18 302
19424 302 287 17
19425 282 308 281
19426 282 283 307
19427 307 308 282
19428 283 284 306
19429 307 283 306
19430 284 285 305
19431 306 284 305
19432 285 286 304
19433 305 285 304
19434 286 287 303
19435 304 286 303
19436 303 287 302
19437 214 2002 11
19438 11 2002 253
19439 12 2003 225
19440 280 2003 12
19441 301 14 247
19442 308 274 16
19443 295 1933 18
19444 18 1932 302
19445 18 1992 1932
19446 1933 1992 18
19447 215 1994 214
19448 1994 2002 214
19449 216 2001 215
19450 215 2001 1994
19451 217 1935 216
19452 1935 2001 216
19453 218 1999 217
19454 217 1999 1935
19455 219 2005 218
19456 1973 1999 218
19457 218 2005 1973
19458 220 1938 219
19459 1938 2005 219
19460 221 2004 220
19461 220 2004 1938
19462 222 1998 221
19463 221 1998 1957
19464 1957 2004 221
19465 223 1934 222
19466 1934 1998 222
19467 224 2000 223
19468 223 2000 1934
19469 225 1991 224
19470 1991 2000 224
19471 225 2003 1991
19472 248 1983 247
19473 247 1983 301
19474 249 1943 248
19475 1943 1983 248
19476 250 1961 249
19477 249 1961 1943
19478 251 1937 250
19479 1937 1961 250
19480 252 1979 251
19481 251 1979 1937
19482 253 1942 252
19483 1942 1979 252
19484 253 2002 1942
19485 274 1984 275
19486 308 1984 274
19487 275 1944 276
19488 275 1984 1944
19489 276 1945 277
19490 1944 1945 276
19491 277 1936 278
19492 277 1945 1936
19493 278 1959 279
19494 1936 1959 278
19495 279 1941 280
19496 279 1959 1941
19497 1941 2003 280
19498 296 1986 295
19499 295 1986 1933
19500 297 1931 296
19501 1931 1986 296
19502 298 1988 297
19503 297 1988 1931
19504 299 1939 298
19505 1939 1988 298
19506 300 1996 299
19507 299 1996 1939
19508 301 1983 300
19509 1983 1996 300
19510 302 1985 303
19511 1932 1985 302
19512 303 1930 304
19513 303 1985 1930
19514 304 1987 305
19515 1930 1987 304
19516 305 1940 306
19517 305 1987 1940
19518 306 1997 307
19519 1940 1997 306
19520 307 1984 308
19521 307 1997 1984
19522 1954 1960 1930
19523 1930 1985 1954
19524 1960 1987 1930
19525 1931 1976 1970
19526 1970 1986 1931
19527 1931 1988 1976
19528 1932 2007 1985
19529 1992 2008 1932
19530 1932 2008 2007
19531 1986 2006 1933
19532 1933 2009 1992
19533 2006 2009 1933
19534 1952 1955 1934
19535 1934 1958 1952
19536 1955 1998 1934
19537 1934 2000 1958
19538 1935 1971 1968
19539 1968 1974 1935
19540 1935 1999 1971
19541 1974 2001 1935
19542 1945 1946 1936
19543 1946 1947 1936
19544 1947 1959 1936
19545 1937 1962 1961
19546 1937 1963 1962
19547 1937 1979 1963
19548 1989 1995 1938
19549 1938 2004 1989
19550 1995 2005 1938
19551 1939 1978 1967
19552 1967 1988 1939
19553 1939 1996 1978
19554 1951 1977 1940
19555 1940 1987 1951
19556 1977 1997 1940
19557 1959 1990 1941
19558 1990 1991 1941
19559 1991 2003 1941
19560 1975 1979 1942
19561 1942 1994 1975
19562 1942 2002 1994
19563 1961 1978 1943
19564 1978 1996 1943
19565 1943 1996 1983
19566 1944 1977 1945
19567 1944 1997 1977
19568 1984 1997 1944
19569 1945 1977 1946
19570 1946 1948 1947
19571 1946 1951 1948
19572 1946 1977 1951
19573 1948 1949 1947
19574 1949 1990 1947
19575 1947 1990 1959
19576 1948 1950 1949
19577 1948 1960 1950
19578 1951 1960 1948
19579 1950 1952 1949
19580 1952 1958 1949
19581 1958 1990 1949
19582 1950 1953 1952
19583 1950 1954 1953
19584 1950 1960 1954
19585 1951 1987 1960
19586 1953 1955 1952
19587 1954 1980 1953
19588 1953 1956 1955
19589 1953 1980 1956
19590 1954 2007 1980
19591 1985 2007 1954
19592 1956 1957 1955
19593 1957 1998 1955
19594 1956 1989 1957
19595 1980 1981 1956
19596 1981 1989 1956
19597 1989 2004 1957
19598 1958 1991 1990
19599 1958 2000 1991
19600 1962 1978 1961
19601 1963 1964 1962
19602 1964 1967 1962
19603 1967 1978 1962
19604 1963 1965 1964
19605 1963 1975 1965
19606 1963 1979 1975
19607 1965 1966 1964
19608 1966 1976 1964
19609 1964 1976 1967
19610 1965 1968 1966
19611 1965 1974 1968
19612 1965 1975 1974
19613 1968 1969 1966
19614 1969 1970 1966
19615 1970 1976 1966
19616 1976 1988 1967
19617 1968 1971 1969
19618 1969 1982 1970
19619 1971 1972 1969
19620 1972 1982 1969
19621 1982 2006 1970
19622 1970 2006 1986
19623 1971 1973 1972
19624 1971 1999 1973
19625 1973 1995 1972
19626 1972 1993 1982
19627 1972 1995 1993
19628 1973 2005 1995
19629 1975 1994 1974
19630 1994 2001 1974
19631 1980 2008 1981
19632 2007 2008 1980
19633 1981 1993 1989
19634 1992 1993 1981
19635 1981 2008 1992
19636 1993 2009 1982
19637 1982 2009 2006
19638 1993 1995 1989
19639 1992 2009 1993
20643 288 2465 13
20644 13 2465 329
20645 294 17 385
20646 337 369 21
20647 375 2475 23
20648 23 2475 393
20649 289 2476 288
20650 288 2476 2465
20651 290 2422 289
20652 2422 2476 289
20653 291 2469 290
20654 290 2469 2422
20655 292 2428 291
20656 2428 2469 291
20657 293 2474 292
20658 292 2474 2428
20659 294 2461 293
20660 2461 2474 293
20661 385 2461 294
20662 329 2430 330
20663 329 2465 2430
20664 330 2466 331
20665 2430 2466 330
20666 331 2421 332
20667 331 2466 2421
20668 332 2457 333
20669 2421 2457 332
20670 333 2425 334
20671 333 2457 2425
20672 334 2433 335
20673 2425 2433 334
20674 335 2431 336
20675 335 2433 2431
20676 336 2460 337
20677 2431 2460 336
20678 337 2460 369
20679 369 2460 370
20680 370 2473 371
20681 2460 2473 370
20682 371 2427 372
20683 371 2473 2427
20684 372 2468 373
20685 2427 2468 372
20686 373 2423 374
20687 373 2468 2423
20688 374 2467 375
20689 2423 2467 374
20690 2467 2475 375
20691 386 2461 385
20692 387 2432 386
20693 2432 2461 386
20694 388 2451 387
20695 387 2451 2432
20696 389 2426 388
20697 2426 2451 388
20698 390 2459 389
20699 389 2459 2426
20700 391 2424 390
20701 2424 2459 390
20702 392 2462 391
20703 391 2462 2424
20704 393 2429 392
20705 2429 2462 392
20706 393 2475 2429
20707 2421 2472 2457
20708 2466 2471 2421
20709 2471 2472 2421
20710 2469 2482 2422
20711 2470 2476 2422
20712 2422 2482 2470
20713 2423 2483 2467
20714 2468 2484 2423
20715 2423 2484 2483
20716 2424 2481 2459
20717 2462 2463 2424
20718 2463 2481 2424
20719 2425 2434 2433
20720 2425 2435 2434
20721 2425 2457 2435
20722 2426 2452 2451
20723 2426 2453 2452
20724 2426 2459 2453
20725 2427 2473 2458
20726 2458 2486 2427
20727 2427 2486 2468
20728 2428 2474 2454
20729 2454 2487 2428
20730 2428 2487 2469
20731 2429 2478 2462
20732 2475 2477 2429
20733 2477 2478 2429
20734 2430 2464 2450
20735 2450 2466 2430
20736 2430 2465 2464
20737 2433 2458 2431
20738 2458 2473 2431
20739 2431 2473 2460
20740 2451 2454 2432
20741 2454 2474 2432
20742 2432 2474 2461
20743 2434 2458 2433
20744 2435 2436 2434
20745 2436 2449 2434
20746 2449 2458 2434
20747 2435 2437 2436
20748 2435 2472 2437
20749 2457 2472 2435
20750 2437 2438 2436
20751 2438 2456 2436
20752 2436 2456 2449
20753 2437 2439 2438
20754 2437 2440 2439
20755 2437 2472 2440
20756 2439 2446 2438
20757 2446 2448 2438
20758 2448 2456 2438
20759 2440 2441 2439
20760 2441 2480 2439
20761 2439 2480 2446
20762 2440 2442 2441
20763 2440 2471 2442
20764 2440 2472 2471
20765 2442 2443 2441
20766 2443 2447 2441
20767 2447 2480 2441
20768 2442 2444 2443
20769 2442 2450 2444
20770 2442 2471 2450
20771 2444 2445 2443
20772 2445 2485 2443
20773 2443 2485 2447
20774 2444 2470 2445
20775 2450 2464 2444
20776 2464 2470 2444
20777 2455 2479 2445
20778 2445 2482 2455
20779 2470 2482 2445
20780 2479 2485 2445
20781 2446 2478 2448
20782 2463 2478 2446
20783 2446 2480 2463
20784 2453 2481 2447
20785 2447 2485 2453
20786 2463 2480 2447
20787 2447 2481 2463
20788 2448 2483 2456
20789 2448 2478 2477
20790 2477 2483 2448
20791 2456 2484 2449
20792 2449 2486 2458
20793 2484 2486 2449
20794 2450 2471 2466
20795 2452 2454 2451
20796 2453 2479 2452
20797 2452 2455 2454
20798 2452 2479 2455
20799 2459 2481 2453
20800 2453 2485 2479
20801 2455 2487 2454
20802 2482 2487 2455
20803 2483 2484 2456
20804 2462 2478 2463
20805 2465 2476 2464
20806 2464 2476 2470
20807 2467 2477 2475
20808 2467 2483 2477
20809 2468 2486 2484
20810 2469 2487 2482
20811 281 15 2534
20812 15 376 2534
20813 287 385 17
20814 362 384 22
20815 368 23 2538
20816 23 393 2538
20817 282 281 2543
20818 281 2534 2543
20819 283 282 2491
20820 2491 282 2543
20821 284 283 2535
20822 283 2491 2535
20823 285 284 2495
20824 2495 284 2535
20825 286 285 2540
20826 285 2495 2540
20827 287 286 2528
20828 2528 286 2540
20829 385 287 2528
20830 362 363 2499
20831 384 362 2499
20832 363 364 2541
20833 2499 363 2541
20834 364 365 2497
20835 364 2497 2541
20836 365 366 2523
20837 2497 365 2523
20838 366 367 2489
20839 366 2489 2523
20840 367 368 2542
20841 2489 367 2542
20842 368 2538 2542
20843 376 377 2533
20844 376 2533 2534
20845 377 378 2488
20846 377 2488 2533
20847 378 379 2536
20848 2488 378 2536
20849 379 380 2492
20850 379 2492 2536
20851 380 381 2522
20852 2492 380 2522
20853 381 382 2494
20854 381 2494 2522
20855 382 383 2500
20856 2494 382 2500
20857 383 384 2499
20858 383 2499 2500
20859 386 385 2528
20860 387 386 2498
20861 2498 386 2528
20862 388 387 2525
20863 387 2498 2525
20864 389 388 2493
20865 2493 388 2525
20866 390 389 2531
20867 389 2493 2531
20868 391 390 2490
20869 2490 390 2531
20870 392 391 2529
20871 391 2490 2529
20872 393 392 2496
20873 2496 392 2529
20874 393 2496 2538
20875 2488 2517 2527
20876 2517 2488 2536
20877 2488 2527 2533
20878 2489 2505 2523
20879 2505 2489 2524
20880 2524 2489 2542
20881 2529 2490 2530
20882 2530 2490 2549
20883 2490 2531 2549
20884 2491 2518 2520
20885 2518 2491 2543
20886 2491 2520 2535
20887 2492 2522 2539
20888 2536 2492 2537
20889 2537 2492 2539
20890 2493 2525 2548
20891 2531 2493 2532
20892 2532 2493 2548
20893 2494 2500 2501
20894 2494 2501 2502
20895 2494 2502 2522
20896 2495 2526 2540
20897 2526 2495 2545
20898 2495 2535 2545
20899 2496 2529 2544
20900 2538 2496 2547
20901 2496 2544 2547
20902 2501 2497 2503
20903 2497 2501 2541
20904 2503 2497 2523
20905 2525 2498 2526
20906 2526 2498 2540
20907 2498 2528 2540
20908 2500 2499 2541
20909 2501 2500 2541
20910 2502 2501 2503
20911 2502 2503 2504
20912 2502 2504 2539
20913 2522 2502 2539
20914 2504 2503 2505
20915 2505 2503 2523
20916 2504 2505 2506
20917 2504 2506 2507
20918 2504 2507 2539
20919 2506 2505 2551
20920 2505 2524 2551
20921 2507 2506 2508
20922 2508 2506 2515
20923 2515 2506 2551
20924 2507 2508 2509
20925 2507 2509 2537
20926 2507 2537 2539
20927 2509 2508 2510
20928 2510 2508 2546
20929 2508 2515 2546
20930 2509 2510 2511
20931 2509 2511 2517
20932 2509 2517 2537
20933 2511 2510 2512
20934 2512 2510 2516
20935 2516 2510 2546
20936 2511 2512 2513
20937 2511 2513 2527
20938 2517 2511 2527
20939 2513 2512 2514
20940 2514 2512 2550
20941 2512 2516 2550
20942 2513 2514 2518
20943 2513 2518 2519
20944 2513 2519 2527
20945 2518 2514 2520
20946 2520 2514 2521
20947 2521 2514 2550
20948 2530 2515 2544
20949 2515 2530 2546
20950 2544 2515 2551
20951 2530 2516 2546
20952 2516 2530 2549
20953 2532 2516 2549
20954 2516 2532 2550
20955 2517 2536 2537
20956 2519 2518 2543
20957 2527 2519 2533
20958 2533 2519 2534
20959 2534 2519 2543
20960 2520 2521 2545
20961 2535 2520 2545
20962 2521 2526 2545
20963 2526 2521 2548
20964 2521 2532 2548
20965 2532 2521 2550
20966 2524 2542 2547
20967 2524 2547 2551
20968 2525 2526 2548
20969 2529 2530 2544
20970 2531 2532 2549
20971 2542 2538 2547
20972 2547 2544 2551
20973 17 18 394
20974 17 394 385
20975 24 23 393
20976 393 402 24
20977 385 395 386
20978 394 395 385
20979 386 396 387
20980 395 396 386
20981 387 397 388
20982 396 397 387
20983 388 398 389
20984 397 398 388
20985 389 399 390
20986 398 399 389
20987 390 400 391
20988 399 400 390
20989 391 401 392
20990 391 400 401
20991 392 402 393
20992 401 402 392
21009 16 2606 308
21010 410 2606 16
21011 18 302 394
21012 402 2601 24
21013 24 2601 403
21014 25 409 418
21015 303 2591 302
21016 302 2591 394
21017 304 2604 303
21018 303 2604 2591
21019 305 2559 304
21020 2559 2604 304
21021 306 2597 305
21022 305 2597 2559
21023 307 2555 306
21024 2555 2597 306
21025 308 2598 307
21026 307 2598 2555
21027 308 2606 2598
21028 394 2591 395
21029 395 2562 396
21030 395 2591 2562
21031 396 2585 397
21032 2562 2585 396
21033 397 2557 398
21034 397 2585 2557
21035 398 2590 399
21036 2557 2590 398
21037 399 2554 400
21038 399 2590 2554
21039 400 2592 401
21040 2554 2592 400
21041 401 2560 402
21042 401 2592 2560
21043 2560 2601 402
21044 403 2607 404
21045 2601 2607 403
21046 404 2553 405
21047 404 2607 2553
21048 405 2581 406
21049 2553 2581 405
21050 406 2561 407
21051 406 2581 2561
21052 407 2605 408
21053 2561 2605 407
21054 408 2563 409
21055 408 2605 2563
21056 409 2563 418
21057 411 2594 410
21058 2594 2606 410
21059 412 2552 411
21060 2552 2594 411
21061 413 2603 412
21062 412 2603 2552
21063 414 2556 413
21064 2556 2603 413
21065 415 2584 414
21066 414 2584 2556
21067 416 2558 415
21068 2558 2584 415
21069 417 2564 416
21070 416 2564 2558
21071 418 2563 417
21072 2563 2564 417
21073 2583 2599 2552
21074 2552 2603 2583
21075 2552 2599 2594
21076 2569 2581 2553
21077 2553 2582 2569
21078 2553 2607 2582
21079 2590 2611 2554
21080 2554 2593 2592
21081 2554 2611 2593
21082 2555 2598 2595
21083 2595 2612 2555
21084 2555 2612 2597
21085 2584 2600 2556
21086 2600 2602 2556
21087 2602 2603 2556
21088 2585 2586 2557
21089 2586 2587 2557
21090 2587 2590 2557
21091 2564 2565 2558
21092 2565 2566 2558
21093 2566 2584 2558
21094 2588 2604 2559
21095 2559 2616 2588
21096 2597 2616 2559
21097 2592 2608 2560
21098 2560 2613 2601
21099 2608 2613 2560
21100 2561 2567 2565
21101 2565 2605 2561
21102 2561 2581 2567
21103 2562 2588 2585
21104 2562 2604 2588
21105 2591 2604 2562
21106 2563 2605 2564
21107 2564 2605 2565
21108 2565 2567 2566
21109 2567 2568 2566
21110 2568 2600 2566
21111 2566 2600 2584
21112 2567 2569 2568
21113 2567 2581 2569
21114 2569 2570 2568
21115 2570 2571 2568
21116 2571 2600 2568
21117 2569 2614 2570
21118 2582 2614 2569
21119 2570 2572 2571
21120 2570 2579 2572
21121 2570 2614 2579
21122 2572 2573 2571
21123 2573 2602 2571
21124 2571 2602 2600
21125 2572 2574 2573
21126 2572 2610 2574
21127 2579 2610 2572
21128 2574 2575 2573
21129 2575 2583 2573
21130 2583 2602 2573
21131 2574 2576 2575
21132 2574 2580 2576
21133 2574 2610 2580
21134 2576 2577 2575
21135 2577 2599 2575
21136 2575 2599 2583
21137 2576 2578 2577
21138 2576 2615 2578
21139 2580 2615 2576
21140 2578 2595 2577
21141 2595 2596 2577
21142 2596 2599 2577
21143 2578 2609 2589
21144 2589 2612 2578
21145 2578 2612 2595
21146 2578 2615 2609
21147 2579 2608 2593
21148 2593 2610 2579
21149 2579 2614 2608
21150 2580 2611 2587
21151 2587 2615 2580
21152 2580 2610 2593
21153 2593 2611 2580
21154 2607 2613 2582
21155 2613 2614 2582
21156 2583 2603 2602
21157 2585 2588 2586
21158 2586 2609 2587
21159 2588 2589 2586
21160 2589 2609 2586
21161 2587 2611 2590
21162 2609 2615 2587
21163 2588 2616 2589
21164 2589 2616 2612
21165 2593 2608 2592
21166 2594 2599 2596
21167 2596 2606 2594
21168 2595 2598 2596
21169 2598 2606 2596
21170 2612 2616 2597
21171 2601 2613 2607
21172 2608 2614 2613
21212 14 301 2672
21213 427 14 2672
21214 295 18 394
21215 402 24 2669
21216 24 419 2669
21217 26 435 425
21218 296 295 2658
21219 295 394 2658
21220 297 296 2671
21221 296 2658 2671
21222 298 297 2625
21223 2625 297 2671
21224 299 298 2663
21225 298 2625 2663
21226 300 299 2619
21227 2619 299 2663
21228 301 300 2664
21229 300 2619 2664
21230 301 2664 2672
21231 394 395 2658
21232 395 396 2629
21233 395 2629 2658
21234 396 397 2649
21235 2629 396 2649
21236 397 398 2623
21237 397 2623 2649
21238 398 399 2656
21239 2623 398 2656
21240 399 400 2621
21241 399 2621 2656
21242 400 401 2659
21243 2621 400 2659
21244 401 402 2626
21245 401 2626 2659
21246 2626 402 2669
21247 419 420 2662
21248 419 2662 2669
21249 420 421 2620
21250 420 2620 2662
21251 421 422 2661
21252 2620 421 2661
21253 422 423 2624
21254 422 2624 2661
21255 423 424 2670
21256 2624 423 2670
21257 424 425 2657
21258 424 2657 2670
21259 425 435 2657
21260 428 427 2627
21261 2627 427 2672
21262 429 428 2666
21263 428 2627 2666
21264 430 429 2618
21265 2618 429 2666
21266 431 430 2655
21267 430 2618 2655
21268 432 431 2622
21269 2622 431 2655
21270 433 432 2630
21271 432 2622 2630
21272 434 433 2628
21273 2628 433 2630
21274 435 434 2657
21275 434 2628 2657
21276 2655 2618 2667
21277 2618 2666 2668
21278 2667 2618 2668
21279 2619 2663 2673
21280 2664 2619 2665
21281 2665 2619 2673
21282 2620 2661 2681
21283 2662 2620 2680
21284 2680 2620 2681
21285 2656 2621 2679
21286 2621 2659 2660
21287 2621 2660 2679
21288 2630 2622 2631
21289 2631 2622 2632
21290 2632 2622 2655
21291 2649 2623 2650
21292 2650 2623 2651
21293 2651 2623 2656
21294 2648 2624 2670
21295 2624 2648 2682
21296 2661 2624 2682
21297 2652 2625 2671
21298 2625 2652 2684
21299 2663 2625 2684
21300 2659 2626 2676
21301 2626 2669 2675
21302 2626 2675 2676
21303 2627 2647 2666
21304 2647 2627 2674
21305 2627 2672 2674
21306 2628 2630 2648
21307 2628 2648 2670
21308 2657 2628 2670
21309 2629 2649 2652
21310 2629 2652 2671
21311 2658 2629 2671
21312 2630 2631 2648
21313 2631 2632 2633
21314 2631 2633 2646
21315 2631 2646 2648
21316 2633 2632 2634
21317 2634 2632 2667
21318 2632 2655 2667
21319 2633 2634 2635
21320 2633 2635 2654
21321 2646 2633 2654
21322 2635 2634 2636
21323 2636 2634 2637
21324 2637 2634 2667
21325 2635 2636 2643
21326 2635 2643 2645
21327 2635 2645 2654
21328 2636 2637 2638
21329 2636 2638 2678
21330 2643 2636 2678
21331 2638 2637 2639
21332 2639 2637 2668
21333 2637 2667 2668
21334 2638 2639 2640
21335 2638 2640 2644
21336 2638 2644 2678
21337 2640 2639 2641
21338 2641 2639 2647
21339 2647 2639 2668
21340 2640 2641 2642
21341 2640 2642 2683
21342 2644 2640 2683
21343 2642 2641 2665
21344 2641 2647 2674
21345 2665 2641 2674
21346 2653 2642 2673
21347 2642 2653 2677
21348 2642 2665 2673
21349 2642 2677 2683
21350 2645 2643 2676
21351 2643 2660 2676
21352 2660 2643 2678
21353 2644 2651 2679
21354 2651 2644 2683
21355 2644 2660 2678
21356 2660 2644 2679
21357 2654 2645 2680
21358 2675 2645 2676
21359 2645 2675 2680
21360 2648 2646 2682
21361 2646 2654 2681
21362 2646 2681 2682
21363 2666 2647 2668
21364 2649 2650 2652
21365 2650 2651 2677
21366 2652 2650 2653
21367 2653 2650 2677
21368 2651 2656 2679
21369 2677 2651 2683
21370 2652 2653 2684
21371 2653 2673 2684
21372 2654 2680 2681
21373 2660 2659 2676
21374 2681 2661 2682
21375 2669 2662 2675
21376 2675 2662 2680
21377 2673 2663 2684
21378 2664 2665 2674
21379 2672 2664 2674
2 7 2 512
19981 19 2345 313
19982 338 2345 19
19983 324 2343 20
19984 20 2343 350
19985 21 2309 349
19986 369 2309 21
19987 361 2159 22
19988 22 2159 362
19989 368 2289 23
19990 23 2289 375
19991 313 2156 314
19992 313 2345 2156
19993 314 2335 315
19994 2156 2335 314
19995 315 2147 316
19996 315 2335 2147
19997 316 2287 317
19998 2147 2287 316
19999 317 2288 318
20000 2287 2288 317
20001 318 2144 319
20002 318 2288 2144
20003 319 2271 320
20004 2144 2271 319
20005 320 2270 321
20006 320 2271 2270
20007 321 2148 322
20008 321 2270 2148
20009 322 2249 323
20010 2148 2249 322
20011 323 2157 324
20012 323 2249 2157
20013 2157 2343 324
20014 339 2321 338
20015 2321 2345 338
20016 340 2331 339
20017 339 2331 2321
20018 341 2149 340
20019 2149 2331 340
20020 342 2296 341
20021 341 2296 2149
20022 343 2319 342
20023 342 2319 2296
20024 344 2141 343
20025 2141 2319 343
20026 345 2234 344
20027 344 2234 2141
20028 346 2322 345
20029 345 2322 2234
20030 347 2146 346
20031 2146 2322 346
20032 348 2239 347
20033 347 2239 2146
20034 349 2154 348
20035 2154 2239 348
20036 349 2309 2154
20037 350 2267 351
20038 350 2343 2267
20039 351 2337 352
20040 2267 2337 351
20041 352 2152 353
20042 352 2337 2152
20043 353 2340 354
20044 2152 2340 353
20045 354 2145 355
20046 354 2340 2145
20047 355 2291 356
20048 2145 2291 355
20049 356 2294 357
20050 2291 2294 356
20051 357 2140 358
20052 357 2294 2140
20053 358 2274 359
20054 2140 2274 358
20055 359 2273 360
20056 359 2274 2273
20057 360 2150 361
20058 360 2273 2150
20059 2150 2159 361
20060 362 2308 363
20061 2159 2308 362
20062 363 2155 364
20063 363 2308 2155
20064 364 2320 365
20065 2155 2320 364
20066 365 2142 366
20067 365 2320 2142
20068 366 2295 367
20069 2142 2295 366
20070 367 2151 368
20071 367 2295 2151
20072 2151 2289 368
20073 370 2158 369
20074 2158 2309 369
20075 371 2304 370
20076 370 2304 2158
20077 372 2143 371
20078 2143 2304 371
20079 373 2303 372
20080 372 2303 2143
20081 374 2153 373
20082 2153 2303 373
20083 375 2297 374
20084 374 2297 2153
20085 2289 2297 375
20086 2140 2275 2274
20087 2140 2276 2275
20088 2140 2294 2276
20089 2141 2234 2233
20090 2233 2313 2141
20091 2313 2319 2141
20092 2142 2330 2295
20093 2320 2325 2142
20094 2325 2330 2142
20095 2303 2342 2143
20096 2143 2346 2304
20097 2342 2346 2143
20098 2144 2272 2271
20099 2144 2338 2272
20100 2288 2338 2144
20101 2145 2269 2263
20102 2263 2327 2145
20103 2145 2340 2269
20104 2145 2327 2291
20105 2146 2239 2229
20106 2229 2240 2146
20107 2240 2322 2146
20108 2147 2235 2231
20109 2231 2334 2147
20110 2147 2335 2235
20111 2147 2334 2287
20112 2148 2250 2249
20113 2148 2251 2250
20114 2148 2270 2251
20115 2296 2323 2149
20116 2323 2329 2149
20117 2329 2331 2149
20118 2150 2160 2159
20119 2150 2161 2160
20120 2150 2273 2161
20121 2151 2336 2289
20122 2295 2332 2151
20123 2332 2336 2151
20124 2152 2268 2265
20125 2265 2269 2152
20126 2152 2337 2268
20127 2269 2340 2152
20128 2297 2339 2153
20129 2153 2341 2303
20130 2339 2341 2153
20131 2154 2349 2239
20132 2309 2344 2154
20133 2344 2349 2154
20134 2155 2317 2307
20135 2307 2320 2155
20136 2308 2317 2155
20137 2156 2236 2235
20138 2235 2335 2156
20139 2156 2321 2236
20140 2156 2345 2321
20141 2249 2266 2157
20142 2266 2267 2157
20143 2267 2343 2157
20144 2247 2344 2158
20145 2158 2348 2247
20146 2304 2348 2158
20147 2158 2344 2309
20148 2160 2308 2159
20149 2161 2162 2160
20150 2162 2317 2160
20151 2160 2317 2308
20152 2161 2163 2162
20153 2161 2218 2163
20154 2161 2273 2218
20155 2163 2164 2162
20156 2164 2244 2162
20157 2244 2317 2162
20158 2163 2165 2164
20159 2163 2310 2165
20160 2218 2310 2163
20161 2165 2166 2164
20162 2166 2210 2164
20163 2210 2244 2164
20164 2165 2167 2166
20165 2165 2197 2167
20166 2165 2310 2197
20167 2167 2168 2166
20168 2168 2241 2166
20169 2166 2241 2210
20170 2167 2169 2168
20171 2167 2282 2169
20172 2197 2282 2167
20173 2169 2170 2168
20174 2170 2179 2168
20175 2179 2241 2168
20176 2169 2171 2170
20177 2169 2172 2171
20178 2169 2282 2172
20179 2171 2290 2170
20180 2170 2185 2179
20181 2170 2290 2185
20182 2172 2173 2171
20183 2173 2177 2171
20184 2177 2290 2171
20185 2172 2174 2173
20186 2172 2326 2174
20187 2282 2326 2172
20188 2174 2175 2173
20189 2175 2298 2173
20190 2173 2298 2177
20191 2174 2176 2175
20192 2174 2186 2176
20193 2174 2326 2186
20194 2176 2178 2175
20195 2178 2181 2175
20196 2181 2298 2175
20197 2176 2180 2178
20198 2176 2333 2180
20199 2186 2333 2176
20200 2177 2311 2290
20201 2298 2312 2177
20202 2177 2312 2311
20203 2180 2301 2178
20204 2178 2182 2181
20205 2178 2301 2182
20206 2185 2187 2179
20207 2187 2193 2179
20208 2193 2241 2179
20209 2180 2318 2301
20210 2180 2350 2318
20211 2333 2350 2180
20212 2182 2183 2181
20213 2183 2286 2181
20214 2286 2298 2181
20215 2182 2184 2183
20216 2182 2192 2184
20217 2182 2301 2192
20218 2184 2189 2183
20219 2189 2190 2183
20220 2190 2286 2183
20221 2184 2191 2189
20222 2184 2302 2191
20223 2192 2302 2184
20224 2185 2188 2187
20225 2185 2306 2188
20226 2290 2306 2185
20227 2281 2324 2186
20228 2186 2326 2281
20229 2324 2333 2186
20230 2188 2194 2187
20231 2187 2300 2193
20232 2194 2300 2187
20233 2188 2195 2194
20234 2188 2196 2195
20235 2188 2306 2196
20236 2189 2284 2190
20237 2191 2198 2189
20238 2198 2284 2189
20239 2284 2315 2190
20240 2190 2314 2286
20241 2190 2315 2314
20242 2191 2201 2198
20243 2191 2202 2201
20244 2191 2302 2202
20245 2301 2347 2192
20246 2192 2305 2302
20247 2192 2347 2305
20248 2237 2242 2193
20249 2193 2300 2237
20250 2193 2242 2241
20251 2195 2208 2194
20252 2208 2209 2194
20253 2209 2300 2194
20254 2196 2199 2195
20255 2199 2245 2195
20256 2195 2245 2208
20257 2196 2200 2199
20258 2196 2299 2200
20259 2196 2306 2299
20260 2277 2279 2197
20261 2197 2310 2277
20262 2279 2282 2197
20263 2201 2211 2198
20264 2211 2212 2198
20265 2212 2284 2198
20266 2200 2203 2199
20267 2203 2213 2199
20268 2213 2245 2199
20269 2200 2204 2203
20270 2200 2205 2204
20271 2200 2299 2205
20272 2202 2207 2201
20273 2207 2292 2201
20274 2201 2292 2211
20275 2202 2214 2207
20276 2202 2215 2214
20277 2202 2302 2215
20278 2204 2229 2203
20279 2203 2248 2213
20280 2229 2248 2203
20281 2205 2206 2204
20282 2206 2240 2204
20283 2204 2240 2229
20284 2205 2219 2206
20285 2205 2222 2219
20286 2205 2299 2222
20287 2219 2220 2206
20288 2220 2221 2206
20289 2221 2240 2206
20290 2214 2231 2207
20291 2231 2232 2207
20292 2232 2292 2207
20293 2208 2224 2209
20294 2208 2230 2224
20295 2208 2245 2230
20296 2224 2225 2209
20297 2225 2226 2209
20298 2226 2300 2209
20299 2241 2242 2210
20300 2242 2243 2210
20301 2243 2244 2210
20302 2211 2223 2212
20303 2211 2323 2223
20304 2292 2323 2211
20305 2223 2313 2212
20306 2212 2316 2284
20307 2313 2316 2212
20308 2213 2246 2245
20309 2213 2247 2246
20310 2213 2248 2247
20311 2215 2216 2214
20312 2216 2334 2214
20313 2214 2334 2231
20314 2215 2217 2216
20315 2215 2305 2217
20316 2302 2305 2215
20317 2217 2338 2216
20318 2216 2288 2287
20319 2287 2334 2216
20320 2216 2338 2288
20321 2305 2328 2217
20322 2328 2338 2217
20323 2273 2274 2218
20324 2274 2275 2218
20325 2275 2310 2218
20326 2219 2315 2220
20327 2222 2314 2219
20328 2314 2315 2219
20329 2220 2233 2221
20330 2220 2316 2233
20331 2315 2316 2220
20332 2233 2234 2221
20333 2234 2322 2221
20334 2221 2322 2240
20335 2299 2311 2222
20336 2311 2312 2222
20337 2312 2314 2222
20338 2296 2319 2223
20339 2223 2323 2296
20340 2223 2319 2313
20341 2224 2341 2225
20342 2230 2342 2224
20343 2224 2342 2341
20344 2225 2227 2226
20345 2225 2339 2227
20346 2225 2341 2339
20347 2227 2228 2226
20348 2228 2237 2226
20349 2237 2300 2226
20350 2227 2332 2228
20351 2227 2336 2332
20352 2227 2339 2336
20353 2228 2238 2237
20354 2228 2330 2238
20355 2228 2332 2330
20356 2239 2349 2229
20357 2229 2349 2248
20358 2245 2246 2230
20359 2246 2346 2230
20360 2230 2346 2342
20361 2231 2235 2232
20362 2235 2236 2232
20363 2236 2329 2232
20364 2232 2329 2292
20365 2233 2316 2313
20366 2321 2331 2236
20367 2236 2331 2329
20368 2238 2242 2237
20369 2238 2243 2242
20370 2238 2325 2243
20371 2238 2330 2325
20372 2243 2307 2244
20373 2243 2325 2307
20374 2307 2317 2244
20375 2247 2348 2246
20376 2246 2348 2346
20377 2248 2344 2247
20378 2248 2349 2344
20379 2250 2266 2249
20380 2251 2252 2250
20381 2252 2285 2250
20382 2250 2285 2266
20383 2251 2253 2252
20384 2251 2293 2253
20385 2270 2293 2251
20386 2253 2254 2252
20387 2254 2255 2252
20388 2255 2285 2252
20389 2253 2257 2254
20390 2253 2260 2257
20391 2253 2293 2260
20392 2254 2256 2255
20393 2254 2283 2256
20394 2257 2283 2254
20395 2256 2258 2255
20396 2258 2265 2255
20397 2265 2285 2255
20398 2256 2259 2258
20399 2256 2262 2259
20400 2256 2283 2262
20401 2260 2261 2257
20402 2261 2318 2257
20403 2257 2318 2283
20404 2259 2263 2258
20405 2263 2269 2258
20406 2258 2269 2265
20407 2262 2324 2259
20408 2259 2264 2263
20409 2259 2324 2264
20410 2260 2328 2261
20411 2260 2293 2272
20412 2272 2328 2260
20413 2261 2328 2305
20414 2305 2347 2261
20415 2261 2347 2318
20416 2283 2350 2262
20417 2262 2333 2324
20418 2262 2350 2333
20419 2264 2327 2263
20420 2280 2327 2264
20421 2264 2351 2280
20422 2324 2351 2264
20423 2268 2285 2265
20424 2266 2268 2267
20425 2266 2285 2268
20426 2268 2337 2267
20427 2271 2293 2270
20428 2272 2293 2271
20429 2272 2338 2328
20430 2276 2277 2275
20431 2277 2310 2275
20432 2276 2278 2277
20433 2276 2280 2278
20434 2276 2294 2280
20435 2278 2279 2277
20436 2278 2281 2279
20437 2280 2351 2278
20438 2278 2351 2281
20439 2281 2326 2279
20440 2279 2326 2282
20441 2280 2294 2291
20442 2291 2327 2280
20443 2281 2351 2324
20444 2318 2350 2283
20445 2284 2316 2315
20446 2286 2312 2298
20447 2286 2314 2312
20448 2289 2336 2297
20449 2290 2311 2306
20450 2292 2329 2323
20451 2330 2332 2295
20452 2336 2339 2297
20453 2306 2311 2299
20454 2318 2347 2301
20455 2341 2342 2303
20456 2346 2348 2304
20457 2307 2325 2320
20993 25 22 362
20994 24 403 23
20995 23 403 368
20996 362 409 25
20997 363 409 362
20998 364 408 363
20999 408 409 363
21000 365 407 364
21001 407 408 364
21002 366 406 365
21003 406 407 365
21004 367 405 366
21005 405 406 366
21006 368 404 367
21007 404 405 367
21008 403 404 368
21193 369 21 2617
21194 21 426 2617
21195 24 23 419
21196 23 375 419
21197 26 425 2617
21198 426 26 2617
21199 370 369 425
21200 425 369 2617
21201 371 370 424
21202 424 370 425
21203 372 371 423
21204 423 371 424
21205 373 372 422
21206 422 372 423
21207 374 373 421
21208 421 373 422
21209 375 374 420
21210 420 374 421
21211 419 375 420
3 1 4 6171
1 560 1349 2746 2783
2 932 549 2746 2783
3 1312 1426 1325 2827
4 882 2807 2708 3050
5 1481 2774 438 2997
6 2729 2764 853 2881
7 514 2759 1347 2783
8 930 2759 553 2783
9 878 1088 2804 2808
10 1427 1332 1195 2824
11 608 626 715 2687
12 770 2821 734 2862
13 833 2806 832 2833
14 1332 1195 2824 2864
15 652 1073 2685 2777
16 882 2708 2807 2934
17 1348 2759 2778 2783
18 1199 2723 1418 2857
19 1312 2827 1325 2893
20 715 608 2687 3020
21 810 2712 2711 2809
22 1426 2693 1194 2827
23 1101 2837 2688 2846
24 749 2793 2873 2944
25 882 2807 2771 2934
26 1348 2778 1241 2783
27 1269 2729 1270 2967
28 852 851 853 2895
29 734 2862 2821 2891
30 1265 1266 1264 2890
31 1427 2701 1332 2824
32 1379 2761 2730 2798
33 1312 1426 2827 2849
34 1302 2766 2690 2795
35 1061 2837 1101 2846
36 2690 3019 2795 3053
37 1199 2791 2723 2857
38 729 730 2826 2879
39 708 447 448 2688
40 854 2729 853 2881
41 1048 2752 2738 3046
42 1481 2817 2774 2997
43 1427 2692 2795 2824
44 708 448 1056 2688
45 1302 2795 2690 3019
46 729 730 728 2826
47 1315 2753 2775 2797
48 1458 2874 2790 2905
49 1418 2857 2723 2871
50 1315 2797 2775 3045
51 2764 2808 853 2881
52 730 2861 2826 2879
53 1268 1269 1270 2967
54 1101 708 1056 2688
55 2875 2917 748 2945
56 1410 552 535 2746
57 889 2685 2777 2809
58 749 2873 751 2944
59 1134 555 2784 2834
60 730 728 2826 2861
61 1048 948 2752 3046
62 833 2707 2806 2833
63 2693 2822 1194 2827
64 1274 2728 1275 2787
65 560 1349 535 2746
66 549 516 932 2746
67 878 2804 2742 2808
68 1379 2730 2761 2902
69 1274 2728 2787 3041
70 2693 2827 1426 2849
71 623 2777 2685 3047
72 708 447 2688 2837
73 1142 1141 2737 2750
74 525 697 2765 2828
75 875 2689 3004 3066
76 1332 2824 2701 2864
77 1312 2849 2827 2893
78 729 728 2727 2826
79 875 3004 2732 3066
80 455 439 1107 2817
81 550 1120 514 2759
82 703 529 553 2759
83 552 1410 523 2760
84 724 2750 2737 2818
85 465 439 455 2817
86 1221 1427 2692 2795
87 1427 2701 2824 3019
88 608 2856 2687 3020
89 535 1109 1410 2746
90 1427 2824 1195 2825
91 1481 438 2817 2997
92 1265 2890 1264 2954
93 843 1041 2790 2892
94 906 2818 724 2841
95 1425 2748 1492 2976
96 1080 2769 2773 2926
97 1241 2783 2778 2910
98 1212 2694 2763 2893
99 1212 2694 1205 2763
100 1305 2820 2774 3056
101 1412 546 523 2760
102 1023 748 2917 2945
103 1383 2749 2781 2798
104 2874 2917 2875 2945
105 546 2760 1119 2829
106 552 2746 1410 2935
107 1109 535 1349 2746
108 692 932 516 2746
109 777 772 2822 2827
110 555 567 1475 2784
111 1156 2802 1155 2878
112 2802 2942 1007 3023
113 1157 2700 1155 2802
114 1033 2791 2729 2803
115 2718 2790 1039 2917
116 1007 2802 740 2942
117 724 2818 2737 2841
118 843 841 2731 2790
119 1190 2693 2799 2822
120 2694 772 2822 2852
121 889 2685 1073 2777
122 1040 2892 2883 2945
123 882 2771 2807 2915
124 560 2746 575 2783
125 549 575 2746 2783
126 669 2685 623 2777
127 729 2826 2727 2879
128 2738 2752 1048 2815
129 1270 2764 2729 2988
130 1228 2809 2748 3047
131 843 2790 2731 2892
132 1383 2781 1442 2798
133 938 2711 810 2712
134 1050 557 525 2765
135 2739 2766 927 2929
136 1156 1157 1155 2802
137 1033 2803 2729 2881
138 555 1475 1134 2784
139 697 1050 525 2765
140 553 2759 579 2783
141 579 2759 514 2783
142 1033 2791 2803 2939
143 1079 2772 2762 3065
144 2737 2750 724 2845
145 2718 1039 2831 2917
146 855 853 2808 2881
147 552 1410 2760 2935
148 1438 1389 2788 2877
149 808 2696 2847 3011
150 1141 2737 2750 2818
151 843 1041 841 2790
152 1039 2790 2718 2946
153 2729 2764 1270 2967
154 552 2896 2746 2935
155 1016 485 474 2739
156 851 2764 853 2895
157 715 626 916 2687
158 780 2789 2709 2995
159 1503 2758 2689 2819
160 546 1412 1119 2760
161 1016 2739 474 2919
162 439 2771 1107 2817
163 875 2732 3004 3021
164 898 2753 2913 2948
165 1412 523 1410 2760
166 1305 1276 2820 3056
167 1120 1347 514 2759
168 930 703 553 2759
169 2700 1155 2802 2878
170 2727 2826 728 2880
171 1031 776 2803 2916
172 1166 1164 2793 2971
173 465 2771 439 2817
174 842 2731 841 2946
175 1427 2824 2795 3019
176 819 2750 903 2753
177 2771 2807 2708 2934
178 1156 2802 2878 2923
179 770 2851 2821 2862
180 652 2685 669 2777
181 1060 2739 927 2929
182 1205 2855 2694 2986
183 1080 2773 990 2926
184 608 664 626 2687
185 894 2701 896 2775
186 447 460 448 2688
187 2731 2790 841 2946
188 2764 2804 1088 2808
189 1466 2815 1463 2975
190 2883 2892 2885 2945
191 875 2689 2998 3004
192 1266 2767 1264 2890
193 2694 1205 2763 2855
194 1505 1295 2804 2808
195 2741 2788 1389 2877
196 2790 2892 1041 2917
197 1100 2758 704 2998
198 708 2688 1101 2837
199 1079 838 2772 2946
200 2770 2820 1276 3056
201 613 1415 649 2755
202 1458 2726 2790 2874
203 1033 2803 1031 2939
204 901 2797 2753 2805
205 1419 1389 2741 2788
206 1275 2787 2728 2870
207 749 2793 2710 2873
208 1131 649 1415 2755
209 1419 2741 1391 2935
210 1142 2750 2737 2972
211 1419 2788 2741 2935
212 486 2739 1060 2929
213 2775 2913 2753 2948
214 739 2802 741 2815
215 780 2709 764 2995
216 749 751 1035 2944
217 1466 1211 1463 2815
218 1415 2755 613 3087
219 1031 2803 2881 2916
220 1438 1389 1419 2788
221 2748 2777 1425 3047
222 664 2687 608 2856
223 447 460 2688 2837
224 1061 2732 2837 2846
225 938 2711 2712 2941
226 1241 2778 2751 2910
227 2695 2824 1195 2864
228 1458 1188 2874 2905
229 1494 2755 1290 2833
230 1033 1031 2803 2881
231 882 2807 883 2915
232 552 2760 2896 2935
233 901 899 2797 2805
234 1190 2799 2702 2822
235 560 535 575 2746
236 549 575 516 2746
237 535 552 574 2746
238 819 2750 2753 2845
239 724 723 2750 2818
240 778 2851 2824 3054
241 906 526 2818 2841
242 1199 2791 1450 2967
243 2741 1391 2935 3009
244 1442 2798 2781 2991
245 2752 2816 2738 3046
246 710 482 2797 2805
247 887 1060 2766 2868
248 1157 2802 2703 2830
249 2700 2802 1157 2830
250 842 2731 2946 3089
251 868 2892 1040 2945
252 1305 2770 1276 3056
253 1325 2827 2694 2893
254 1274 2787 2742 3041
255 749 1035 2793 2944
256 894 2701 2775 3053
257 2766 2868 1060 2929
258 710 2797 899 2805
259 1211 1463 2815 2923
260 875 3004 2998 3021
261 1305 2774 1481 2817
262 1348 1241 1279 2783
263 2815 2923 1463 2975
264 2748 2809 1228 2968
265 1460 1166 1164 2793
266 1270 2808 2764 2988
267 450 466 438 2774
268 2770 1305 2817 3056
269 1156 1157 2802 2923
270 1427 1195 1203 2825
271 1345 2846 2732 2872
272 715 2687 916 3020
273 2758 2819 704 2998
274 552 523 580 2760
275 546 589 523 2760
276 1060 927 2766 2929
277 903 2753 2750 3085
278 1241 1224 2751 2778
279 550 514 579 2759
280 529 579 553 2759
281 2742 2804 1295 2808
282 2793 2924 1166 2971
283 623 2685 1490 3047
284 1031 1027 776 2916
285 855 854 853 2881
286 704 2819 2758 2969
287 1264 2890 2767 2954
288 1201 1190 2693 2799
289 1274 2808 2728 3041
290 817 883 2807 2846
291 697 2765 2828 2884
292 2735 2764 851 2895
293 2688 2807 883 2846
294 1164 2965 2793 2971
295 1031 2881 1027 2916
296 1425 2777 2748 2976
297 1228 2968 2809 3017
298 1494 2755 2833 3027
299 2793 2924 2873 2944
300 625 2819 2686 2998
301 777 908 772 2827
302 1466 2899 2815 2975
303 617 2819 704 2969
304 898 2753 899 2913
305 1497 2773 2769 2926
306 1438 2877 2788 3003
307 2729 2808 2764 2881
308 1403 2843 2796 2921
309 474 485 500 2739
310 485 486 498 2739
311 526 539 906 2818
312 485 707 486 2739
313 1080 2773 2769 3089
314 1270 2729 1271 2988
315 1305 1343 2774 2820
316 2709 2789 780 3061
317 1134 2834 2784 3086
318 1492 2748 2776 2976
319 1051 932 2746 2783
320 534 2785 1326 2841
321 780 933 2789 2995
322 1023 748 771 2917
323 2703 2802 1157 3051
324 1096 2919 511 2982
325 1221 2795 2692 3057
326 438 1481 1126 2774
327 1493 2755 1415 2814
328 2735 2767 1266 2890
329 2696 2922 2847 3011
330 1493 2776 2755 2814
331 706 906 539 2818
332 574 2746 552 2896
333 851 2764 2735 2840
334 895 2827 2708 2894
335 2688 883 2807 2915
336 2790 2905 2874 2917
337 2751 2778 1224 2855
338 748 2875 771 2917
339 739 2734 2802 2815
340 2763 2770 1222 2893
341 882 817 883 2807
342 2807 2846 1345 2872
343 1326 534 2841 3033
344 1446 2761 1379 2798
345 1497 2769 2773 2961
346 1345 2807 2688 2846
347 777 2822 772 3037
348 2753 2797 899 2913
349 2718 2831 1032 3023
350 1007 740 774 2942
351 2774 2817 1305 3056
352 1326 2841 2785 3033
353 739 741 794 2815
354 1232 2807 1345 2872
355 518 565 699 2785
356 2824 2851 2825 3054
357 1266 2767 2735 3048
358 1127 2797 488 2805
359 741 2802 2738 2815
360 1119 2760 1393 2829
361 699 565 909 2785
362 918 617 625 2819
363 712 2813 537 2859
364 1335 604 2686 3024
365 589 2760 546 2829
366 1164 1460 2793 2965
367 1347 2759 1348 2783
368 931 2759 930 2783
369 1318 2753 2797 2805
370 1126 450 438 2774
371 492 496 507 2780
372 833 2839 2806 2942
373 2746 2783 1349 2910
374 909 2785 565 2841
375 911 2936 2785 3006
376 650 2769 1112 2921
377 1302 2690 1303 3019
378 552 2760 580 2896
379 680 2854 1408 3059
380 612 651 694 2779
381 1232 1234 1345 2807
382 2689 2758 1503 2922
383 477 2690 1108 2868
384 1517 2758 1503 2819
385 832 2806 2776 2833
386 783 2851 778 3054
387 1079 2762 2773 3065
388 1033 1031 982 2939
389 636 1111 621 2779
390 633 696 2777 2814
391 1497 1407 2773 2926
392 1415 2814 2755 3087
393 2718 1032 2853 3023
394 2865 2877 1180 2993
395 2701 896 2775 2948
396 808 2847 871 3011
397 1453 1199 1450 2967
398 1242 1348 2759 2778
399 918 625 2686 2998
400 2803 2916 776 2939
401 2764 2808 2729 2988
402 1230 2776 2748 2806
403 833 2806 2707 2942
404 1395 2829 1393 3009
405 1325 2822 2694 2827
406 938 2941 2712 3054
407 545 712 537 2859
408 525 557 585 2765
409 2778 2910 2783 2983
410 511 2919 2842 2982
411 1478 2732 1345 2837
412 545 935 712 2859
413 1318 2797 1127 2805
414 931 2778 2759 2983
415 1241 1279 2783 2910
416 1395 1119 1393 2829
417 636 1413 1111 2779
418 1195 2824 2695 2825
419 1450 2791 2729 2967
420 477 1480 489 2868
421 438 2774 466 2997
422 833 1028 2839 2942
423 1395 2898 2829 3009
424 1060 927 887 2766
425 694 996 612 2779
426 2729 2791 1450 2803
427 933 2916 2789 2995
428 2746 1051 2783 2985
429 1505 2804 2764 2808
430 2742 2787 1274 2956
431 1163 2971 2920 3042
432 2757 2903 913 2936
433 901 710 899 2805
434 1274 2742 2808 3041
435 1163 2920 1161 3042
436 905 496 492 2780
437 1131 1415 1493 2755
438 504 2797 482 2805
439 1305 1276 1343 2820
440 1415 613 2814 3087
441 1119 2829 1395 2898
442 2697 1017 2851 2891
443 777 2827 2822 3037
444 2703 2802 1007 3023
445 918 704 617 2819
446 2998 3004 2686 3021
447 1345 2688 1518 2837
448 1403 1404 2843 2921
449 1228 2748 1425 3047
450 910 911 2785 3006
451 1407 2773 2926 3065
452 1229 2806 1230 2968
453 875 2732 861 3066
454 906 706 724 2818
455 1134 2918 2834 3086
456 2831 2905 2718 2917
457 1040 2883 1042 2945
458 833 1028 831 2839
459 931 2759 2783 2983
460 585 525 2765 2828
461 1222 2770 2763 2820
462 913 970 2757 2936
463 498 2739 486 2929
464 492 2805 2780 3068
465 2867 2877 2865 2993
466 712 969 2813 2859
467 704 2819 918 2998
468 725 724 2750 2845
469 910 2936 911 3006
470 1493 1416 2776 2814
471 707 1060 486 2739
472 2711 2782 1238 2897
473 632 2777 1113 2814
474 2790 2874 2726 2917
475 1047 1045 2906 3031
476 2830 2942 2802 3023
477 555 595 567 2784
478 1242 2778 2759 2844
479 1393 2829 2760 3009
480 1230 2806 2748 2968
481 2874 2875 2710 2945
482 1466 1211 2815 2899
483 1232 2691 2807 2872
484 894 2775 896 3053
485 868 1040 1042 2945
486 1034 1032 2718 2831
487 1212 2763 1222 2893
488 2710 2873 2793 2924
489 1424 1157 2703 2830
490 2822 2827 2693 3037
491 472 1097 458 2784
492 1514 471 457 2784
493 1033 982 2791 2939
494 501 2797 493 3045
495 777 2693 2827 3037
496 712 935 969 2859
497 1191 2700 1157 2830
498 833 831 2806 2839
499 838 2853 2772 2946
500 895 2694 2827 2894
501 1413 628 1128 3081
502 1425 1512 2777 2976
503 1240 2766 1302 2795
504 1172 2715 2835 2857
505 911 2859 2785 2936
506 847 2767 849 2990
507 2695 2824 778 2851
508 1096 511 688 2982
509 895 2708 814 2894
510 472 600 1097 2784
511 598 471 1514 2784
512 1039 1034 2718 2831
513 892 2743 1092 2979
514 2762 990 2773 2926
515 621 2779 1111 2804
516 650 679 622 2769
517 613 649 674 2755
518 501 493 2913 3045
519 1492 2776 2814 2976
520 2920 2971 2800 3042
521 1112 1404 1403 2921
522 1141 2750 1140 2818
523 485 1016 707 2739
524 901 899 2753 2797
525 1379 2798 2730 3035
526 1048 2752 956 2815
527 503 501 493 2913
528 636 621 672 2779
529 1079 874 2762 2772
530 1274 1273 2728 2808
531 1172 2835 2715 2991
532 504 488 2797 2805
533 1470 2889 2887 3015
534 2685 2809 889 2930
535 2820 2894 805 3056
536 1205 2694 1196 2986
537 1504 2779 2764 2804
538 806 2763 2778 3010
539 2770 2893 2763 2894
540 651 694 2779 2804
541 867 1017 2697 2891
542 1011 2697 1017 2851
543 477 493 1108 3045
544 1450 2803 2791 3070
545 806 2778 2763 3069
546 1458 1456 1188 2905
547 2723 2871 2857 2951
548 2847 2922 2758 3011
549 503 2913 493 3045
550 510 1094 599 2780
551 597 1511 509 2780
552 896 2701 796 2948
553 628 1413 636 3081
554 839 1039 2718 2946
555 652 2685 1073 2978
556 772 2694 779 2852
557 2764 2779 1087 2804
558 608 2982 2856 3020
559 496 1094 510 2780
560 509 1511 495 2780
561 1202 2693 1426 2849
562 1410 2746 1109 2935
563 2739 2919 1067 2940
564 806 2888 2763 3010
565 1412 2760 1410 2935
566 2799 2822 2693 3037
567 716 918 625 2686
568 927 2766 2739 3091
569 604 1335 2686 2819
570 477 1108 1480 2868
571 1190 1194 2693 2822
572 1080 845 2773 3089
573 1221 1427 1203 2692
574 1112 1403 2796 2921
575 623 1490 2777 3047
576 2702 2822 2799 3037
577 849 2767 2735 2990
578 2752 2815 2738 3067
579 482 504 490 2797
580 1399 1450 2791 3070
581 440 450 1483 2932
582 1326 2785 2937 3033
583 507 492 2780 3068
584 1202 1194 1426 2693
585 2766 2928 823 3053
586 2827 2849 2708 2893
587 1142 1140 1141 2750
588 725 724 723 2750
589 1238 2782 2711 2860
590 871 2847 2758 3011
591 2755 2776 1290 2833
592 1190 1194 1201 2693
593 1185 2822 2823 2986
594 2788 2877 2724 3003
595 772 908 779 2694
596 2790 2718 2905 2917
597 511 2842 688 2982
598 1113 632 1491 2777
599 1224 2699 1431 2912
600 1238 2897 2782 3057
601 1017 1011 867 2697
602 631 623 1490 2777
603 514 1347 560 2783
604 549 930 553 2783
605 1424 1157 1159 2703
606 908 895 2694 2827
607 1229 1284 1248 2697
608 970 913 2757 2903
609 2821 2851 2695 2862
610 842 843 841 2731
611 1191 1155 1157 2700
612 740 738 774 2700
613 1159 2703 1157 3051
614 456 470 1136 2786
615 2787 2836 1247 2956
616 1427 1311 1332 2701
617 1212 1205 1222 2763
618 612 672 651 2779
619 1283 2935 2910 3003
620 687 1515 470 2786
621 2708 814 2894 2934
622 979 520 557 3040
623 764 2709 780 3061
624 776 1031 2803 2939
625 2718 2838 2831 3023
626 740 738 2700 2802
627 567 598 1475 2784
628 1311 2701 1427 3019
629 1142 2737 1141 2972
630 588 557 520 3040
631 2887 2889 2832 3015
632 1336 2819 2689 3004
633 908 895 795 2694
634 1399 2803 1450 3070
635 1458 2790 1456 2905
636 1185 2822 2702 2823
637 1067 2739 1016 2919
638 728 727 2727 2880
639 595 2784 555 2834
640 2723 2857 2791 2951
641 877 1087 2764 2779
642 1216 2897 1238 3057
643 1039 1034 839 2718
644 2865 2867 2714 2877
645 1354 1247 2787 2836
646 1497 2773 1262 2961
647 1007 2802 2703 3096
648 1229 2697 1248 2806
649 1055 2781 2832 3058
650 1491 632 631 2777
651 439 1107 2771 3001
652 588 2765 557 3040
653 892 2792 2743 2979
654 1199 1453 1418 2723
655 979 557 1050 3040
656 1315 2775 2753 2882
657 1168 2924 2947 2955
658 889 2777 890 2809
659 2883 2951 775 2959
660 557 2765 1050 3040
661 808 822 871 2847
662 1248 2697 1284 2806
663 729 728 727 2727
664 437 2688 1473 3001
665 895 814 2708 2934
666 1274 2787 1356 2956
667 781 2800 2703 2831
668 501 2913 2797 3045
669 2699 1224 2855 2912
670 1041 841 2790 2917
671 2690 1303 3019 3045
672 938 2712 797 3054
673 599 1094 569 2780
674 568 1511 597 2780
675 1315 1316 2797 3045
676 1241 2751 1243 2910
677 1058 2784 566 2834
678 1006 2706 2800 2831
679 1437 2792 2743 3084
680 437 1471 451 3001
681 1034 2718 1032 2853
682 718 569 1094 2780
683 568 1135 1511 2780
684 1437 2743 2836 3084
685 2703 2800 781 3096
686 2767 2990 847 3022
687 534 542 1116 2785
688 1503 2689 1336 2819
689 1471 437 1473 3001
690 2694 2855 2763 2888
691 2701 2795 894 2824
692 1206 1180 2877 2993
693 1172 2835 1174 2857
694 780 2789 933 2916
695 805 2894 2820 3069
696 1468 2746 1349 2910
697 2772 2853 2718 2946
698 1517 2758 1121 2969
699 1116 1326 534 2785
700 2718 2853 2838 3023
701 1229 2697 2806 2968
702 918 2819 625 2998
703 1205 1212 1196 2694
704 780 764 933 2995
705 895 795 2694 2894
706 1517 1503 1336 2819
707 2751 2855 1224 2912
708 896 894 796 2701
709 894 2795 2701 3053
710 2759 2778 931 2957
711 1224 1431 2699 2855
712 597 509 479 2780
713 1249 2776 1230 2806
714 608 715 2982 3020
715 1514 1475 598 2784
716 2721 2885 2883 2892
717 1055 1019 2781 3058
718 1246 2705 2799 2836
719 437 451 461 3001
720 669 652 678 2685
721 678 623 669 2685
722 878 855 1088 2808
723 2743 2792 1509 2979
724 650 1112 2796 2921
725 2778 2751 2910 2983
726 1508 2804 2742 3059
727 1381 2749 1382 3035
728 1235 1228 1425 3047
729 1029 962 3025 3039
730 2785 2859 2733 2936
731 2822 2852 772 3037
732 2703 2830 2802 3023
733 1229 1248 1230 2806
734 1354 2836 2787 2870
735 625 661 2686 2819
736 819 2845 2753 2948
737 1515 1136 470 2786
738 1274 1273 1275 2728
739 2710 2924 2793 2971
740 437 461 2688 3001
741 477 1108 2690 3045
742 861 2732 875 3021
743 1349 560 1347 2783
744 932 930 549 2783
745 1181 2789 1350 2865
746 1302 2766 1304 2868
747 1402 650 1112 2796
748 2726 2892 2790 2917
749 867 2697 2839 2891
750 848 847 2990 3022
751 613 2755 674 3087
752 744 781 2800 3096
753 764 780 766 3061
754 819 725 2750 2845
755 2690 2795 2766 3053
756 672 2779 621 2804
757 1413 2779 636 3081
758 661 2686 604 3024
759 1283 1411 2910 2935
760 1379 2761 1446 2902
761 455 1107 1308 2817
762 2695 2825 2824 2851
763 770 2695 2851 2862
764 2795 2928 2766 3053
765 2746 2910 2935 3003
766 2815 2899 2757 2975
767 1168 2947 1169 2955
768 1181 2789 2865 2943
769 1312 2708 2849 2893
770 1473 2688 437 2837
771 680 2804 1408 2854
772 1467 533 2765 2828
773 1472 2749 2889 3015
774 903 819 725 2750
775 910 912 911 2936
776 1336 2689 1503 3004
777 617 662 625 2819
778 1034 1032 837 2853
779 860 805 2820 3069
780 1302 2690 2766 2868
781 639 2792 1089 2979
782 1356 2787 1247 2956
783 441 471 598 2784
784 483 503 491 2913
785 1408 2854 2804 3059
786 2789 2858 780 3061
787 2806 2833 2707 2981
788 628 636 2779 3081
789 1061 708 1101 2837
790 970 958 913 2903
791 744 2800 781 2831
792 513 510 599 2780
793 2795 2824 2701 3019
794 2749 2798 1382 3035
795 1034 837 2718 2853
796 679 2769 650 2921
797 1490 2685 623 3049
798 2733 2813 969 2859
799 1006 2800 744 2831
800 1419 1389 1391 2741
801 970 2907 2757 2936
802 1398 1470 2887 3015
803 486 1060 2868 2929
804 1029 3025 2761 3039
805 1121 2758 1517 2819
806 1472 2749 1384 2889
807 1356 1354 1247 2787
808 536 995 2760 2829
809 1293 2767 1266 3048
810 2818 2841 526 3033
811 969 2813 2733 2903
812 1512 2814 2777 2976
813 488 1485 476 2797
814 1241 1224 2778 2855
815 1492 2748 1230 2776
816 696 2777 2814 2976
817 1036 1033 2791 2895
818 1478 1345 1518 2837
819 1295 2742 1508 2804
820 694 1087 996 2779
821 630 1117 616 2925
822 1074 633 696 2777
823 620 650 1402 2796
824 2767 2840 2735 3048
825 912 2936 910 3006
826 2697 1284 2806 2950
827 1241 1224 1243 2751
828 697 1052 2765 2884
829 607 1073 652 2777
830 2746 2935 2788 3003
831 2750 2818 723 2876
832 747 749 2793 2875
833 628 636 683 2779
834 503 2690 491 2913
835 1438 2724 2877 3003
836 1302 1244 2795 3019
837 1499 2767 2796 2843
838 2758 2819 1121 2969
839 2713 2916 2803 2939
840 2855 2888 2694 2986
841 2751 2850 865 3010
842 611 700 627 2926
843 884 2758 2847 2969
844 1134 2784 1339 3086
845 2775 2797 2753 2913
846 740 2802 1007 3096
847 2696 808 2794 3011
848 1320 2958 2753 3008
849 568 1135 2780 3092
850 1329 1461 3029 3036
851 669 623 631 2777
852 631 632 676 2777
853 2873 2947 2924 2955
854 1408 2804 1508 3059
855 2710 2793 749 2875
856 1254 2718 2900 3043
857 2871 2951 2883 2959
858 2746 2910 1411 2935
859 1338 2918 1134 3086
860 1379 1446 1372 2902
861 1036 2895 2791 2951
862 2848 3029 1461 3036
863 1504 1111 1413 2779
864 2729 2791 1033 2895
865 1055 2832 2781 3064
866 1019 1055 2781 3064
867 1074 607 633 2777
868 1274 1275 1356 2787
869 472 512 600 2784
870 1404 2769 2843 2921
871 672 651 2779 2804
872 741 2738 1048 2815
873 1497 1407 1262 2773
874 1080 845 990 2773
875 1383 2781 2749 3015
876 1472 1383 2749 3015
877 1494 2833 1290 2981
878 739 1046 2734 2815
879 889 2685 1104 2978
880 1438 2788 1419 3003
881 911 2733 2859 2936
882 1270 1269 1271 2729
883 852 853 854 2729
884 479 513 597 2780
885 680 635 2854 3059
886 697 1052 1050 2765
887 704 2758 1100 2969
888 2770 2894 2820 3056
889 970 2757 958 2903
890 689 473 1098 2786
891 1383 1384 1472 2749
892 1350 2865 2789 2984
893 513 479 510 2780
894 1273 2728 2808 2988
895 834 833 832 2833
896 2755 3026 2833 3027
897 885 2766 2690 2868
898 2764 2967 2735 3048
899 877 2764 851 2840
900 1329 3029 2736 3036
901 1296 2742 1274 2956
902 865 2850 2751 2977
903 1400 1117 630 2925
904 1068 2797 490 2913
905 649 1131 1400 2925
906 2736 3029 2848 3036
907 1281 2708 1299 2807
908 848 847 849 2990
909 859 805 2894 3056
910 1400 630 649 2925
911 884 2847 2792 2969
912 1142 2958 2750 2972
913 972 3002 2788 3074
914 825 2778 806 3069
915 1294 1504 2764 2804
916 1482 1303 2690 3045
917 2691 2846 815 3050
918 459 719 473 2786
919 1299 2807 2708 3082
920 932 692 1051 2746
921 1468 1109 1349 2746
922 1092 2743 2801 2979
923 2735 2840 2764 3048
924 741 1048 794 2815
925 1383 1382 2749 2798
926 2735 2764 2729 2967
927 611 989 700 2926
928 2721 2890 2735 2990
929 1315 2882 2753 2958
930 989 611 644 2926
931 877 2764 1087 2804
932 654 1476 687 2786
933 990 1079 2762 2773
934 1112 2769 1404 2921
935 1357 1247 2836 2956
936 1166 2793 1460 2924
937 1240 1302 1244 2795
938 555 2834 1134 2918
939 833 831 832 2806
940 2709 2865 2789 2943
941 905 2780 2805 3085
942 687 1476 1515 2786
943 2690 2766 885 3053
944 938 810 797 2712
945 1255 1254 2900 3043
946 1483 450 1126 2932
947 2767 2890 2721 2954
948 2763 2855 2778 3010
949 822 2758 871 2847
950 1315 1324 2882 2958
951 1296 1274 1356 2956
952 524 1129 543 2813
953 2761 2798 1446 3016
954 2743 2847 2836 3084
955 1129 1352 543 2813
956 1014 865 2850 3010
957 1393 1119 1412 2760
958 1085 877 851 2840
959 724 706 723 2818
960 598 512 441 2784
961 1000 806 2763 3069
962 817 815 2846 3050
963 817 2807 882 3050
964 2699 2855 2751 2912
965 1352 543 2813 3018
966 1301 2758 1517 2969
967 512 472 441 2784
968 2793 2992 1371 3016
969 1523 2686 2819 3004
970 716 1106 918 2686
971 972 1021 2788 3002
972 1055 2832 966 3058
973 1073 2685 889 2978
974 2686 3004 1500 3024
975 1493 1290 2755 2776
976 2713 776 2916 2939
977 747 2875 2793 3031
978 477 489 505 2868
979 1202 2693 2849 2949
980 1199 1399 1450 2791
981 496 510 479 2780
982 509 495 479 2780
983 1351 1242 2759 2844
984 457 1138 1514 2784
985 721 458 1097 2784
986 792 3031 1047 3046
987 786 778 2824 3054
988 2729 2764 2735 2895
989 1168 1169 1167 2955
990 1318 2753 1320 2958
991 1452 2793 1371 3016
992 1172 1436 2835 2991
993 1010 894 2795 2824
994 691 483 491 2913
995 2753 2845 2750 2958
996 727 2727 2845 2948
997 754 775 2951 2959
998 1383 1442 1382 2798
999 754 775 1001 2951
1000 727 2845 819 2948
1001 628 2779 683 3081
1002 1381 1383 1382 2749
1003 1022 2858 2789 2964
1004 1068 899 710 2797
1005 918 2686 1106 2998
1006 2746 994 2788 2896
1007 792 1045 1047 3031
1008 727 2845 2727 2880
1009 691 491 2690 2913
1010 775 2883 1001 2951
1011 703 930 931 2759
1012 1348 1347 1120 2759
1013 628 683 2927 3081
1014 633 2777 676 2814
1015 815 803 2691 3050
1016 739 794 1046 2815
1017 878 2742 2804 2854
1018 905 1072 902 2805
1019 2697 2851 2821 2891
1020 1518 2688 1473 2837
1021 2743 2792 892 2847
1022 1055 966 1019 3058
1023 1446 2761 1372 2902
1024 687 470 442 2786
1025 1111 2779 1504 2804
1026 1315 1316 2753 2797
1027 536 556 995 2829
1028 719 1098 473 2786
1029 2721 2767 2735 2890
1030 2763 2888 2855 3010
1031 1087 2779 694 2804
1032 819 903 901 2753
1033 503 2690 2913 3045
1034 644 988 989 2926
1035 1523 2686 1335 2819
1036 649 2755 1131 2925
1037 1131 2755 1400 2925
1038 2720 2883 2885 2945
1039 1493 1416 1290 2776
1040 518 578 565 2785
1041 1000 825 806 3069
1042 2689 2922 1503 3044
1043 738 2700 2802 3014
1044 972 1021 1002 2788
1045 1499 2796 1403 2843
1046 2826 2861 728 2880
1047 1452 1460 1371 2793
1048 2802 2923 1157 3051
1049 2873 2924 2744 2944
1050 1500 3024 3004 3093
1051 927 2782 820 2928
1052 901 2753 903 3085
1053 893 882 2708 3050
1054 885 2766 823 3053
1055 2766 2795 1240 3057
1056 1121 2819 640 2969
1057 2781 2835 1436 2991
1058 1491 631 1490 2777
1059 1168 1167 2924 2955
1060 472 458 441 2784
1061 441 457 471 2784
1062 956 1048 948 2752
1063 1320 2753 1318 3008
1064 2711 2809 2712 3017
1065 1204 2699 1431 2855
1066 696 1095 2777 2976
1067 804 2824 1010 2928
1068 1020 2743 1092 2847
1069 607 652 669 2777
1070 676 633 607 2777
1071 1293 2840 2767 3048
1072 2735 2767 2721 2990
1073 1475 1339 1134 2784
1074 1357 1356 1247 2956
1075 2734 2923 2815 2975
1076 765 2850 2709 3061
1077 2748 2809 2777 3047
1078 1181 2865 2709 2943
1079 496 905 1094 2780
1080 1511 1322 495 2780
1081 1238 2711 1488 2860
1082 1400 1495 1117 2925
1083 2778 2783 2759 2983
1084 1096 720 2919 2982
1085 676 2777 632 2814
1086 1255 2900 2772 3043
1087 2840 3048 1293 3081
1088 1272 2808 1270 2988
1089 2710 1166 2924 2971
1090 1407 1262 2773 3065
1091 972 2788 1002 3074
1092 1467 2765 533 2898
1093 1357 2836 2743 2956
1094 878 2808 2742 3041
1095 1117 2762 616 2925
1096 2781 2798 2749 3058
1097 2821 2862 2698 2891
1098 450 2774 1126 2932
1099 1460 1371 2793 2992
1100 1301 1517 1121 2969
1101 1350 1181 1197 2789
1102 2723 2791 2895 2951
1103 2734 2878 2802 2923
1104 2802 2830 2700 2942
1105 2701 2879 796 2948
1106 989 2762 700 2926
1107 2726 2917 2874 2945
1108 2706 2875 2874 2917
1109 782 1036 1033 2791
1110 1402 1128 628 2796
1111 2826 2861 2704 2879
1112 956 2815 2752 3005
1113 2721 2990 2767 3022
1114 1335 1133 604 3024
1115 2753 2948 2845 2958
1116 1288 1503 1517 2758
1117 1302 1304 1480 2868
1118 1162 2971 1163 3042
1119 1315 1314 1316 3045
1120 1070 715 916 3020
1121 1272 1270 1271 2988
1122 661 604 645 3024
1123 849 2735 2767 2840
1124 1226 2836 2696 3084
1125 596 568 2780 3092
1126 2841 2937 2785 3033
1127 1010 2824 2795 2928
1128 700 2762 627 2926
1129 477 505 2690 2868
1130 2742 2801 1105 3055
1131 1075 813 2976 3060
1132 822 884 2758 2847
1133 2741 3009 2935 3074
1134 1162 1163 1161 3042
1135 1509 2743 1309 2792
1136 893 864 882 3050
1137 1523 2819 1336 3004
1138 697 2828 525 2966
1139 678 2685 652 2978
1140 815 817 803 3050
1141 1467 544 533 2828
1142 1022 780 2789 2858
1143 748 2710 2875 2945
1144 1481 1305 1126 2774
1145 1226 1218 2696 2836
1146 639 698 605 2979
1147 1340 1342 2768 2820
1148 890 889 1073 2777
1149 1494 1290 1251 2981
1150 2788 3002 2741 3074
1151 2790 2946 2731 3071
1152 556 702 995 2829
1153 1105 2801 2742 2854
1154 1224 1204 1431 2855
1155 577 579 514 2783
1156 577 553 579 2783
1157 1354 2705 2836 2870
1158 2741 2935 2788 3074
1159 882 893 2708 2934
1160 2788 2896 994 3074
1161 848 2990 2721 3022
1162 1494 3027 2833 3043
1163 465 2771 2817 3094
1164 1089 2792 892 2979
1165 1382 2798 1379 3035
1166 588 520 2898 3040
1167 599 569 513 2780
1168 597 513 568 2780
1169 483 490 501 2913
1170 604 2686 661 2819
1171 526 576 539 2818
1172 972 2741 3002 3074
1173 1345 2732 1278 2872
1174 440 1138 457 2932
1175 1075 832 813 3060
1176 544 1467 1114 2828
1177 628 620 1402 2796
1178 1351 1242 1348 2759
1179 1299 2708 1281 3082
1180 1242 1241 1348 2778
1181 1290 2833 2776 2981
1182 1466 2757 2899 2975
1183 449 1473 437 2837
1184 1309 2743 1437 2792
1185 1127 1485 488 2797
1186 1181 1197 2789 2943
1187 442 473 689 2786
1188 482 1072 492 2805
1189 1437 2836 1226 3084
1190 560 577 514 2783
1191 553 577 549 2783
1192 765 2709 2850 2867
1193 2779 2927 683 3081
1194 442 601 687 2786
1195 1502 1293 1266 3048
1196 1288 1503 2758 2922
1197 1067 707 1016 2739
1198 1113 2777 1512 2814
1199 504 502 488 2805
1200 1386 1352 2813 3018
1201 546 2829 1119 2898
1202 2772 2900 2718 3043
1203 1189 2822 1185 2986
1204 566 2784 595 2834
1205 1120 2759 550 2918
1206 2731 3071 2946 3089
1207 2820 2952 860 3069
1208 1061 2837 2732 2974
1209 2806 2950 1284 2994
1210 878 2804 1091 2854
1211 1096 720 511 2919
1212 1386 2813 2733 3018
1213 1490 2685 1306 3047
1214 1226 2696 1225 3084
1215 782 1036 2791 2951
1216 809 2847 3038 3073
1217 1310 1281 2708 3082
1218 1510 619 2801 2979
1219 786 804 2692 2824
1220 689 1098 1059 2786
1221 1248 2806 1284 2994
1222 2753 2805 1318 3008
1223 3004 3024 2686 3093
1224 1127 2805 488 3068
1225 568 547 1139 3092
1226 604 1133 645 3024
1227 859 2894 2770 3056
1228 697 2884 2828 2966
1229 2733 2903 2757 2936
1230 860 2952 2820 3056
1231 1306 2685 1490 3049
1232 568 1139 1135 3092
1233 825 931 2778 2957
1234 910 699 909 2785
1235 1340 1277 1342 2820
1236 1059 689 2786 3080
1237 2793 2965 2745 2971
1238 2793 2875 2745 3031
1239 1293 2767 2840 3081
1240 1008 2748 811 2809
1241 560 575 577 2783
1242 549 577 575 2783
1243 576 2818 526 3033
1244 1505 2764 1270 2808
1245 1141 2737 1143 2972
1246 905 2805 902 3085
1247 644 2769 988 2926
1248 1151 2698 1153 2821
1249 2750 2845 2737 2972
1250 1478 1278 1345 2732
1251 994 2746 2788 2985
1252 1451 2905 2838 2920
1253 2738 2816 2752 3067
1254 566 600 512 2784
1255 567 512 598 2784
1256 1186 1431 2699 2823
1257 1215 2712 1214 2825
1258 2702 2799 1190 3028
1259 2829 2898 2754 3009
1260 603 1507 1121 2969
1261 747 749 1043 2793
1262 1187 1195 2695 2825
1263 1245 2937 2826 2972
1264 989 988 1080 2926
1265 786 783 778 3054
1266 1140 2818 2750 3092
1267 2829 2898 520 3040
1268 1302 1303 1244 3019
1269 798 2933 2851 3054
1270 1190 2702 1185 2822
1271 480 511 497 2919
1272 2886 2970 755 3064
1273 889 890 818 2809
1274 490 2797 501 2913
1275 698 639 1089 2979
1276 1286 2770 1305 2817
1277 1246 2799 2705 3028
1278 2691 2846 2807 2872
1279 2743 1509 2956 2979
1280 497 511 720 2919
1281 569 2780 718 2876
1282 607 1074 1073 2777
1283 1376 2810 561 3076
1284 779 2852 2694 2888
1285 1499 1403 1404 2843
1286 2728 2881 2803 2916
1287 493 1317 1108 3045
1288 894 915 2701 2824
1289 986 2796 2767 2843
1290 2712 2825 1215 3063
1291 1222 2763 1417 2820
1292 1172 1436 1174 2835
1293 1021 2977 2788 3002
1294 596 547 568 3092
1295 877 2779 2764 2840
1296 561 2810 1376 3075
1297 2726 1041 2892 2917
1298 2706 746 2800 2875
1299 517 693 2811 3079
1300 2744 2798 1208 2991
1301 1495 2762 1117 2925
1302 2715 2835 2781 2991
1303 869 2817 2997 3056
1304 804 2692 2824 2928
1305 890 2809 2777 2976
1306 706 723 2818 2876
1307 2696 2922 1225 3084
1308 2723 2895 1036 2951
1309 1142 1141 1143 2972
1310 536 2760 589 2829
1311 2729 2895 2735 2967
1312 1331 2736 1329 3029
1313 1505 1295 1409 2804
1314 2729 2803 1450 2988
1315 1136 456 2786 3093
1316 878 855 2808 3041
1317 1226 1246 1218 2836
1318 1092 2801 2743 3055
1319 1245 2736 2826 2937
1320 1458 2790 2726 3013
1321 1051 862 932 2783
1322 1295 1274 2742 2808
1323 2832 2887 2754 2889
1324 520 2829 591 2898
1325 635 660 680 2854
1326 2774 2820 1343 3086
1327 1469 1467 2765 2828
1328 1092 2743 892 2847
1329 451 467 2915 3001
1330 603 1121 640 2969
1331 515 1337 550 2918
1332 927 863 2782 2940
1333 1482 1303 1302 2690
1334 2851 2933 2712 3054
1335 1187 2825 2695 3063
1336 2771 2915 467 3001
1337 708 2837 1061 2974
1338 1476 1136 1515 2786
1339 518 2785 699 2859
1340 1299 3001 2807 3082
1341 2696 2794 808 2904
1342 790 2722 981 2832
1343 2715 2970 2886 3064
1344 1306 1521 2685 3049
1345 555 1134 515 2918
1346 455 1481 438 2817
1347 1245 2736 1331 2826
1348 2708 2807 2771 3082
1349 2789 2865 2713 2984
1350 1047 2906 948 3046
1351 2793 2875 2710 2971
1352 1230 1492 1425 2748
1353 582 2859 2813 3018
1354 2885 2892 2726 2945
1355 1505 1270 1272 2808
1356 827 2928 2795 3053
1357 617 670 2819 2969
1358 1317 493 2797 3045
1359 532 1118 561 3076
1360 730 2704 2861 2879
1361 1208 2798 2744 3016
1362 1376 561 1118 3076
1363 1310 1299 1281 3082
1364 1075 2976 2776 3060
1365 800 2904 2794 2980
1366 890 818 2809 2976
1367 1431 2699 2823 2912
1368 561 1376 528 3075
1369 1304 2868 2766 2929
1370 2777 2809 2748 2976
1371 1491 2777 1490 3047
1372 2776 2833 2806 2981
1373 517 559 693 3079
1374 693 559 942 3079
1375 1268 2735 2967 3048
1376 588 520 591 2898
1377 1376 1422 528 3075
1378 2768 2820 1342 2844
1379 827 823 2928 3053
1380 1218 2696 2799 2973
1381 585 2765 533 2828
1382 2874 2905 2706 2917
1383 2743 2836 2787 2956
1384 2759 1351 2844 2918
1385 1138 2784 457 2932
1386 727 819 907 2948
1387 588 2898 2765 3040
1388 689 601 442 2786
1389 2807 2915 2771 3001
1390 1158 1157 2923 3051
1391 2776 2976 2748 3060
1392 1309 2792 1437 3084
1393 832 2776 2806 3060
1394 1437 1309 1509 2743
1395 1492 1230 1249 2776
1396 745 2745 2800 2875
1397 931 824 2778 2983
1398 2800 2920 2706 2971
1399 1022 1026 2858 2964
1400 955 1029 962 3025
1401 2745 2875 2793 2971
1402 550 2759 571 2918
1403 623 2685 678 3049
1404 1418 1173 2857 2871
1405 543 582 2813 3018
1406 680 621 1408 2804
1407 2690 3045 3019 3053
1408 1315 1313 2775 2882
1409 2845 2948 2727 2958
1410 2698 2891 2878 2950
1411 566 595 530 2834
1412 1068 490 900 2913
1413 654 687 601 2786
1414 1128 628 2796 3081
1415 565 2785 578 2841
1416 870 889 2809 2930
1417 533 2765 588 2898
1418 515 1134 1337 2918
1419 1331 1329 1461 3029
1420 798 2712 2933 3054
1421 1198 1451 2838 2920
1422 1180 2865 2714 2877
1423 955 2761 1029 3025
1424 832 2806 831 3060
1425 2787 2836 2705 2870
1426 747 2745 2875 3031
1427 449 1125 1473 2837
1428 992 878 1088 2804
1429 533 564 1396 2898
1430 800 2794 802 2980
1431 480 2842 511 2919
1432 1491 1512 1113 2777
1433 1337 1120 550 2918
1434 791 2944 2886 3058
1435 1509 2792 1309 2979
1436 1458 1258 2790 3013
1437 1396 1467 533 2898
1438 1059 653 689 3080
1439 2833 3027 2772 3043
1440 1358 2956 1509 2979
1441 923 860 2952 3069
1442 691 2690 491 2868
1443 876 2796 1084 2840
1444 976 2760 995 2829
1445 456 442 470 2786
1446 461 2915 2688 3001
1447 790 2722 2832 3064
1448 603 1506 1507 2969
1449 1444 2803 2984 2988
1450 895 893 814 2934
1451 546 1119 564 2898
1452 504 482 502 2805
1453 2763 2893 2694 2894
1454 862 2783 1051 2985
1455 1318 2753 1316 2797
1456 911 910 2785 2859
1457 825 2957 2778 3069
1458 727 907 2727 2948
1459 2789 2916 1022 2964
1460 680 657 635 3059
1461 1111 1408 621 2804
1462 2886 2944 2744 3058
1463 824 825 931 2778
1464 1471 1519 1107 3001
1465 745 2800 746 2875
1466 1434 2821 1153 2950
1467 1436 1442 1383 2781
1468 1488 2860 2711 2931
1469 869 2934 2817 3056
1470 1276 2770 1222 2820
1471 1483 1138 440 2932
1472 901 2805 2753 3085
1473 503 483 501 2913
1474 1029 2761 2944 3039
1475 680 1408 657 3059
1476 1356 1354 2787 2870
1477 747 2793 1043 3031
1478 1356 2787 1275 2870
1479 2836 3038 2847 3073
1480 1056 2688 448 2915
1481 1221 1244 1427 2795
1482 2701 3019 2775 3053
1483 895 2708 893 2934
1484 741 2738 2802 3096
1485 2749 966 2832 3058
1486 1279 1347 1348 2783
1487 862 931 930 2783
1488 2751 2855 2699 3010
1489 2817 2934 869 3094
1490 1424 2703 1198 2838
1491 988 2769 1080 2926
1492 2715 755 2886 2970
1493 1076 2755 873 3087
1494 785 2904 800 2980
1495 1395 2754 2898 3009
1496 841 2790 1039 2946
1497 1358 1510 2801 2979
1498 2822 2852 2823 2986
1499 1483 1126 1341 2932
1500 788 2763 806 2888
1501 1265 2721 2890 2954
1502 1443 2870 2789 3028
1503 1040 2721 2883 2892
1504 2755 2776 873 3087
1505 2809 2968 2712 3017
1506 2776 2814 999 3087
1507 1049 2815 2757 2907
1508 1417 2820 2763 2844
1509 1075 2776 832 3060
1510 2698 2821 2891 2950
1511 578 542 534 2785
1512 1048 1047 948 3046
1513 1012 724 2737 2841
1514 860 926 2952 3056
1515 483 900 490 2913
1516 734 2698 2862 2891
1517 2784 2932 1138 3086
1518 564 1119 1396 2898
1519 992 1088 2764 2804
1520 1079 838 874 2772
1521 1386 1352 1129 2813
1522 1505 1409 1294 2764
1523 1088 877 992 2764
1524 1505 1409 2764 2804
1525 876 2767 986 2796
1526 1180 1182 2865 2993
1527 2789 2916 2713 2995
1528 2757 2907 2848 2936
1529 1286 1276 1305 2770
1530 1360 2811 1110 2901
1531 2724 2877 2788 3002
1532 1008 2748 2809 2976
1533 651 610 991 2804
1534 1227 2968 1228 3017
1535 785 800 802 2980
1536 1400 1131 1401 2755
1537 949 959 2810 2908
1538 780 1022 2789 2916
1539 959 949 2810 2962
1540 2737 2841 2818 3033
1541 712 2813 969 2903
1542 1443 1439 2789 2870
1543 951 2810 959 2908
1544 2702 2823 2822 2852
1545 1360 1110 2811 2963
1546 802 2794 2691 2980
1547 959 2810 951 2960
1548 2807 3001 2771 3082
1549 1476 2786 654 3024
1550 2723 2895 2791 2967
1551 2718 1254 2838 3043
1552 765 767 2850 3061
1553 1222 2770 1231 2893
1554 1318 1316 1127 2797
1555 2696 2794 2922 3011
1556 839 2718 837 2946
1557 927 1060 707 2739
1558 1499 1261 2954 2961
1559 2791 2895 2729 2967
1560 1209 2816 2745 3042
1561 603 643 1506 2969
1562 1245 2826 1145 2972
1563 2757 2848 2733 2936
1564 1156 2878 2734 2923
1565 2696 2836 2799 3038
1566 1491 1490 1307 3047
1567 1039 2790 841 2917
1568 1499 2954 2843 2961
1569 516 692 2746 2896
1570 1399 2791 1199 3070
1571 2799 2836 2705 3038
1572 2788 2877 2741 3002
1573 876 2767 2796 2840
1574 456 468 2786 3093
1575 989 990 700 2762
1576 922 2784 1058 2834
1577 1306 2685 1521 2931
1578 1104 2685 889 2930
1579 1020 1092 892 2847
1580 1470 2754 2887 2889
1581 1460 2793 2965 2992
1582 954 2911 2793 2944
1583 1046 2734 2815 2907
1584 1020 830 940 3073
1585 1180 1206 1182 2993
1586 892 2792 884 2847
1587 1092 2801 698 2979
1588 2730 2798 2761 3039
1589 1020 2743 2847 3073
1590 2764 2840 2779 3048
1591 710 1072 482 2805
1592 967 2749 966 2832
1593 1333 2687 615 2856
1594 1236 1318 1320 2958
1595 651 991 694 2804
1596 806 788 1000 2763
1597 2802 2815 2734 2923
1598 1415 613 1113 2814
1599 923 2952 2768 3069
1600 633 696 2814 3087
1601 885 887 2766 2868
1602 1020 940 2743 3073
1603 2761 3025 2730 3039
1604 1442 1208 2798 2991
1605 869 2817 891 2997
1606 660 621 680 2804
1607 1491 1307 2777 3047
1608 2738 2815 2802 2923
1609 688 2842 602 2982
1610 643 2792 1506 2969
1611 555 570 2834 2918
1612 2790 3013 1258 3071
1613 928 1061 1101 2846
1614 1360 2811 2901 2963
1615 1444 2984 2728 2988
1616 931 2783 862 2983
1617 949 2908 2810 2962
1618 1046 2815 1049 2907
1619 985 2796 659 2927
1620 2728 2984 2803 2988
1621 1437 2743 1357 2836
1622 1447 1252 2707 2838
1623 2810 2908 951 2960
1624 632 1113 613 2814
1625 515 550 571 2918
1626 1304 1480 2868 2929
1627 769 2699 2850 2852
1628 1209 2745 2816 2965
1629 1126 2774 1341 2932
1630 2806 2968 2697 3060
1631 706 2818 539 2876
1632 1437 1357 1247 2836
1633 1084 2840 2796 2927
1634 2765 2889 1469 3035
1635 2696 2847 2836 3038
1636 869 2997 888 3056
1637 647 714 2755 2925
1638 2734 1463 2923 2975
1639 722 569 718 2876
1640 1283 1419 2935 3003
1641 2791 2857 1199 3070
1642 698 1089 892 2979
1643 1451 2718 1254 2838
1644 881 1067 2919 2940
1645 722 519 569 2876
1646 2749 2832 967 3095
1647 1340 1343 2820 3086
1648 1358 2801 2956 2979
1649 2685 2930 1104 2978
1650 2789 2865 2709 2995
1651 688 511 480 2842
1652 2713 2865 2789 2995
1653 460 437 2688 2837
1654 2798 2744 2944 3058
1655 536 2760 995 2896
1656 1116 2785 542 3018
1657 1301 1121 1507 2969
1658 451 2915 461 3001
1659 650 620 682 2796
1660 1462 2816 2756 2965
1661 1472 1470 1398 3015
1662 660 2804 680 2854
1663 2871 2883 2720 2959
1664 1256 2790 2900 2905
1665 1417 2844 2763 2855
1666 555 515 570 2918
1667 1470 1472 2889 3015
1668 922 1058 717 2834
1669 1106 2686 1083 2998
1670 546 591 2829 2898
1671 2788 2935 1419 3003
1672 2723 2883 2871 2951
1673 1425 2777 1512 3047
1674 999 2814 2776 2976
1675 802 2691 2794 3066
1676 1336 1503 1292 3004
1677 1083 2998 2686 3021
1678 2748 2968 2806 3060
1679 1020 2847 809 3073
1680 532 561 2810 3076
1681 817 2846 2807 3050
1682 578 2785 534 2841
1683 1109 2746 1411 2935
1684 1354 2705 1246 2836
1685 634 2801 713 2854
1686 1185 2823 1186 2986
1687 2692 2897 2782 2941
1688 495 2780 1322 3068
1689 2763 2820 2894 3069
1690 2816 3031 2745 3046
1691 1199 1418 1173 2857
1692 627 2762 700 2925
1693 561 528 2810 3075
1694 1294 1409 1504 2804
1695 898 899 897 2913
1696 2733 2813 1386 3032
1697 2728 1027 2881 2916
1698 2744 2924 2873 2947
1699 517 2811 559 3079
1700 536 589 556 2829
1701 647 606 714 2925
1702 1084 876 986 2796
1703 1293 3048 1502 3081
1704 1102 2771 882 2915
1705 2782 2897 2692 3057
1706 1176 2835 2716 2857
1707 1175 1176 2716 2857
1708 1173 2715 1172 2857
1709 699 2785 910 2859
1710 1215 1214 1200 2825
1711 1441 2700 1191 2994
1712 1238 2782 1237 3057
1713 838 839 837 2946
1714 546 564 591 2898
1715 1097 1058 721 2784
1716 1475 1514 1138 2784
1717 1193 2803 2713 2984
1718 2782 2897 2711 2941
1719 1341 1138 2932 3086
1720 811 2809 2748 2933
1721 2795 3019 2701 3053
1722 1200 1215 2825 3063
1723 2715 2886 2781 3064
1724 786 1010 804 2824
1725 1404 2843 2769 2961
1726 616 2762 1117 2926
1727 682 650 2796 2921
1728 1523 2686 1500 3024
1729 1074 696 1095 2777
1730 648 616 1117 2926
1731 873 2776 999 3087
1732 459 473 442 2786
1733 808 2696 809 2847
1734 1355 2711 1238 2897
1735 1277 1222 1417 2820
1736 1519 2771 1107 3001
1737 1151 1153 1434 2821
1738 2687 2860 1334 2931
1739 2731 2892 2790 3013
1740 1105 713 2801 2854
1741 1518 1473 1125 2837
1742 2790 2892 2726 3013
1743 739 2802 2734 3014
1744 871 822 884 2758
1745 783 798 2851 3054
1746 2712 2809 810 2933
1747 488 2805 502 3068
1748 809 2847 2696 3038
1749 1096 1057 720 2982
1750 1186 1184 1431 2823
1751 533 588 564 2898
1752 1404 1112 1405 2769
1753 2813 2903 712 3079
1754 1451 2718 2838 2905
1755 1238 1355 1488 2711
1756 456 446 468 3093
1757 802 2794 936 3066
1758 1401 1400 2755 2925
1759 767 2852 2850 3061
1760 1340 2820 2768 3086
1761 1110 2901 2811 3075
1762 1238 1237 1216 3057
1763 2711 2897 2712 2941
1764 2761 2992 2793 3016
1765 447 2837 708 2974
1766 2791 2939 758 2970
1767 744 742 781 3096
1768 1189 1190 1185 2822
1769 1315 1316 1318 2753
1770 901 899 898 2753
1771 791 2744 2886 2944
1772 1483 1341 1138 2932
1773 569 596 2780 2876
1774 1301 1507 1506 2969
1775 1255 2772 1253 3043
1776 1363 3007 2719 3034
1777 1201 2799 2693 2973
1778 1493 1415 1416 2814
1779 892 1092 698 2979
1780 719 1059 1098 2786
1781 1330 2848 2733 3032
1782 894 1010 915 2824
1783 1187 1200 1195 2825
1784 2762 2772 874 3026
1785 1022 1026 780 2858
1786 1436 2781 1383 3015
1787 2720 1042 2883 2945
1788 691 900 483 2913
1789 1187 2695 2821 3063
1790 1020 809 830 3073
1791 1236 1324 1315 2958
1792 2819 2998 2689 3004
1793 767 769 2850 2852
1794 606 983 714 2925
1795 1294 2764 1409 2804
1796 820 927 863 2782
1797 2715 2781 2835 3064
1798 1401 2755 1494 3027
1799 2778 2844 1223 2855
1800 1350 2713 2865 2984
1801 861 880 2732 3021
1802 2772 2946 2900 3065
1803 627 700 983 2925
1804 1417 1223 2844 2855
1805 1014 769 2699 2850
1806 1411 2746 1468 2910
1807 1339 1338 1134 3086
1808 992 877 1087 2804
1809 1494 1401 1290 2755
1810 936 2794 3011 3066
1811 1277 1342 2820 2844
1812 952 2717 2911 3025
1813 1068 899 2797 2913
1814 983 606 627 2925
1815 1458 1260 1258 3013
1816 813 2748 2976 3060
1817 706 539 519 2876
1818 718 1094 905 2780
1819 1511 1135 1322 2780
1820 1406 648 1117 2926
1821 706 519 722 2876
1822 1499 2767 2843 2954
1823 1456 2790 1256 2905
1824 1044 2861 2747 2936
1825 1044 2747 2907 2936
1826 990 2762 989 2926
1827 1281 2708 2807 2849
1828 2804 2854 2742 3059
1829 2733 913 2903 2936
1830 1499 1498 1261 2961
1831 921 2834 2768 2952
1832 2757 2848 1375 3032
1833 719 2786 459 2974
1834 986 2767 1082 2843
1835 1444 2803 1193 2984
1836 1402 1501 1128 3081
1837 1163 2706 2920 2971
1838 792 2745 3031 3046
1839 1402 1128 2796 3081
1840 2750 2958 2845 2972
1841 2715 2835 2970 3064
1842 2718 2900 2772 2946
1843 2739 2938 2919 2940
1844 1327 1326 2785 2937
1845 1055 790 981 2832
1846 1506 2792 643 2979
1847 493 501 476 2797
1848 488 476 504 2797
1849 726 2737 724 2845
1850 1363 2719 1366 3034
1851 702 976 995 2829
1852 1404 1499 2843 2961
1853 1431 2823 1184 2912
1854 2750 2753 3008 3085
1855 1487 1334 2687 2860
1856 480 602 688 2842
1857 2706 771 2875 2917
1858 2756 2816 1462 3007
1859 1405 2769 622 2926
1860 648 1405 622 2926
1861 881 1067 1016 2919
1862 2809 2930 2685 3017
1863 778 770 2695 2851
1864 2793 2911 2761 2944
1865 992 2764 877 2804
1866 1430 1190 2799 3028
1867 1312 2708 1281 2849
1868 1409 1295 1508 2804
1869 1452 2924 2793 3016
1870 625 662 661 2819
1871 1083 1106 716 2686
1872 1319 1318 1127 2805
1873 848 2721 846 3022
1874 751 2873 2744 2944
1875 960 2717 952 3025
1876 1260 1258 3013 3071
1877 1382 1446 1379 2798
1878 1145 1245 1331 2826
1879 1280 2782 1238 2860
1880 2758 2922 2847 3084
1881 640 2819 670 2969
1882 1083 3021 2686 3080
1883 2749 2832 2781 3058
1884 1425 1512 1307 3047
1885 619 1510 2801 3059
1886 2706 2874 1188 2905
1887 2770 2817 2934 3056
1888 2768 2952 2820 3069
1889 529 2759 703 3072
1890 1512 2777 1307 3047
1891 2708 2894 2770 2934
1892 1444 1448 2803 2988
1893 1520 2740 1486 2842
1894 1248 1249 1230 2806
1895 543 2859 582 3018
1896 1503 2689 1233 3004
1897 2703 1198 2838 2920
1898 2713 2803 1193 3070
1899 947 943 2725 3030
1900 2785 2936 2736 3006
1901 626 916 2687 2978
1902 982 758 2791 2939
1903 1462 1209 2816 2965
1904 895 2708 2827 3050
1905 773 768 2702 2852
1906 827 1010 894 2795
1907 709 2774 444 2932
1908 1386 1330 2733 3032
1909 1460 2793 1452 2924
1910 890 1073 1074 2777
1911 705 889 1104 2978
1912 544 585 533 2828
1913 2788 2977 2724 3002
1914 2785 2936 2733 3036
1915 861 875 880 3021
1916 1349 2783 1279 2910
1917 2756 3007 1367 3034
1918 1521 2931 2685 3049
1919 862 2983 2783 2985
1920 1220 1232 1219 2691
1921 802 815 803 2691
1922 836 2772 838 2853
1923 1518 1345 1300 2688
1924 2736 2936 2785 3036
1925 1012 906 724 2841
1926 1146 2826 2727 2972
1927 1486 2842 2740 2856
1928 1240 2795 1244 3057
1929 790 2832 1055 3064
1930 1375 2757 1387 2848
1931 2815 2899 1211 3067
1932 1241 2778 1223 2855
1933 1441 2950 2700 2994
1934 1089 884 2792 2969
1935 2838 2905 2831 2920
1936 2762 2926 2773 3065
1937 1412 1394 2760 2935
1938 2692 2825 1203 2897
1939 464 450 440 2932
1940 1221 1203 1216 2692
1941 799 786 804 2692
1942 1405 648 1406 2926
1943 994 2788 866 2985
1944 739 738 2802 3014
1945 705 1073 889 2978
1946 1187 1200 2825 3063
1947 1236 2753 1318 2958
1948 1241 1223 1224 2855
1949 2753 2958 2750 3008
1950 1035 954 2793 2944
1951 891 2817 869 3094
1952 1410 1109 1411 2935
1953 1326 1116 1327 2785
1954 745 2800 2745 3046
1955 954 2761 2911 2944
1956 1255 1253 1254 3043
1957 2816 2906 2756 3031
1958 1424 2830 2703 2838
1959 2737 2818 1141 3033
1960 1242 1223 2778 2844
1961 454 1066 444 2932
1962 1222 1276 1231 2770
1963 2798 2944 2761 3039
1964 773 2852 2702 3037
1965 1201 1194 1202 2693
1966 784 785 777 2693
1967 1325 1196 1212 2694
1968 779 908 795 2694
1969 733 778 770 2695
1970 1195 1150 1187 2695
1971 1448 1450 2803 2988
1972 811 810 2809 2933
1973 1079 874 990 2762
1974 2826 2937 2880 2972
1975 2805 3008 2753 3085
1976 469 457 2784 2932
1977 1226 1218 1225 2696
1978 809 808 801 2696
1979 1488 1334 2860 2931
1980 947 2725 3005 3030
1981 1061 861 2732 2846
1982 1011 812 867 2697
1983 1284 1229 1428 2697
1984 1063 491 481 2868
1985 2705 2858 1026 2964
1986 878 992 1091 2804
1987 990 845 1079 2773
1988 1381 1382 1379 3035
1989 2758 2998 1100 3011
1990 2706 2831 1006 2917
1991 1205 1417 2763 2855
1992 488 478 1489 3068
1993 985 659 2796 2921
1994 974 2741 972 3074
1995 2776 2806 1249 2981
1996 734 736 735 2698
1997 1152 1153 1151 2698
1998 1283 1411 1468 2910
1999 2836 2847 2696 3084
2000 1397 1469 1467 2765
2001 1469 1114 1467 2828
2002 1443 1439 1197 2789
2003 1014 769 787 2699
2004 1431 1204 1186 2699
2005 774 738 1024 2700
2006 1155 1191 1441 2700
2007 1505 1272 1295 2808
2008 884 1100 2758 2969
2009 1385 2902 3076 3083
2010 1198 1424 1159 2703
2011 781 742 1007 2703
2012 2751 2850 2699 2912
2013 1301 1506 2792 2969
2014 1127 488 1489 3068
2015 1076 873 999 3087
2016 869 891 888 2997
2017 1185 1190 1346 2702
2018 773 768 929 2702
2019 1423 1163 1188 2706
2020 771 746 1006 2706
2021 571 2918 2759 3072
2022 2699 2852 769 2888
2023 773 772 2852 3037
2024 1039 1006 2831 2917
2025 894 915 796 2701
2026 1213 1332 1311 2701
2027 1183 1181 1182 2709
2028 1444 1448 1193 2803
2029 2686 3021 3004 3093
2030 2806 2707 2942 2994
2031 1089 2792 639 2969
2032 1456 1258 1256 2790
2033 1443 1246 1354 2705
2034 829 1026 937 2705
2035 761 763 971 2714
2036 1388 1180 1178 2714
2037 1176 1177 1175 2716
2038 760 759 758 2716
2039 754 756 755 2715
2040 1171 1172 1173 2715
2041 1149 1148 1147 2704
2042 730 731 732 2704
2043 1167 1165 1166 2710
2044 749 748 750 2710
2045 782 982 758 2791
2046 933 762 776 2713
2047 1193 1179 1350 2713
2048 1436 1442 2781 2991
2049 1368 1377 1369 2717
2050 951 952 960 2717
2051 1429 1326 2937 3033
2052 1346 2702 1190 3028
2053 1447 1252 1250 2707
2054 835 1030 833 2707
2055 2775 3019 1313 3045
2056 469 440 457 2932
2057 2686 2998 2819 3004
2058 827 885 823 3053
2059 2720 2947 2873 2955
2060 1366 1363 1361 2719
2061 946 949 944 2719
2062 919 1100 704 2998
2063 2709 2867 2865 2993
2064 1192 1459 1169 2720
2065 752 1042 775 2720
2066 958 2903 2757 3005
2067 2689 2819 2758 2998
2068 1239 1226 1225 3084
2069 1331 2826 2736 3029
2070 2792 2847 2743 3084
2071 2815 2907 2734 2975
2072 1420 1207 1398 2722
2073 790 1003 981 2722
2074 911 699 910 2859
2075 2694 2822 1325 2986
2076 458 2784 721 2932
2077 1451 1256 1254 2718
2078 839 1034 837 2718
2079 1040 846 848 2721
2080 1457 1265 1263 2721
2081 657 1408 1130 3059
2082 1044 2907 970 2936
2083 789 1018 1021 2724
2084 1206 1438 1435 2724
2085 2970 3000 759 3064
2086 1049 958 2757 3005
2087 2698 2821 1151 2987
2088 1246 1430 1218 2799
2089 2715 2857 1173 2871
2090 1455 1418 1453 2723
2091 1038 1036 1001 2723
2092 2724 2877 2867 2993
2093 957 947 943 2725
2094 1360 1364 1374 2725
2095 740 739 738 2802
2096 2699 2850 2751 3010
2097 1312 1310 1281 2708
2098 868 1023 1041 2726
2099 1440 1285 1458 2726
2100 672 621 660 2804
2101 1201 1430 1190 2799
2102 1173 1172 1174 2857
2103 681 646 634 2801
2104 2727 2826 1146 2999
2105 1146 1324 1144 2727
2106 729 727 907 2727
2107 750 2710 748 2945
2108 1236 1315 2753 2958
2109 1437 1226 1239 3084
2110 449 446 1125 2837
2111 1033 852 854 2729
2112 1269 1450 1271 2729
2113 1428 1284 2697 2950
2114 1379 1378 1380 2730
2115 962 963 961 2730
2116 856 858 1027 2728
2117 1273 1444 1275 2728
2118 777 2827 2693 2980
2119 2873 2924 2710 2955
2120 455 1308 1481 2817
2121 487 2739 1124 2938
2122 911 2733 969 2859
2123 969 911 913 2733
2124 1386 1330 1328 2733
2125 2757 2907 2815 2975
2126 746 745 744 2800
2127 2823 2943 1183 2993
2128 1030 2707 835 3023
2129 2701 2824 915 2989
2130 885 2690 691 2868
2131 464 2774 450 2932
2132 2707 2830 1447 2838
2133 745 2745 792 3046
2134 787 2699 769 2888
2135 1428 2950 2697 3063
2136 1013 3037 2858 3038
2137 2709 1183 2943 2993
2138 2709 2943 2823 2993
2139 1080 990 989 2926
2140 2711 2860 2687 2931
2141 844 843 842 2731
2142 1261 1259 1260 2731
2143 1469 2828 2765 3035
2144 1330 1375 2848 3032
2145 802 815 2691 3066
2146 1246 1430 2799 3028
2147 1329 1331 1245 2736
2148 828 914 912 2736
2149 1256 2900 2718 2905
2150 1165 1166 2710 2971
2151 994 1002 866 2788
2152 1244 1427 2795 3019
2153 924 2932 2784 2952
2154 615 2687 1333 3049
2155 928 883 817 2846
2156 2763 2820 2770 2894
2157 1523 1336 1292 3004
2158 456 1432 446 3093
2159 2736 2880 2826 2937
2160 1008 2809 818 2976
2161 925 923 2768 3069
2162 644 988 2769 2921
2163 1143 1141 1429 2737
2164 1012 724 726 2737
2165 1463 1156 1154 2734
2166 739 1046 737 2734
2167 700 2762 1078 2925
2168 1101 1056 883 2688
2169 1518 1300 1473 2688
2170 2708 2893 2770 2894
2171 1219 2691 1232 3044
2172 882 2771 1062 2934
2173 1349 1347 1279 2783
2174 862 930 932 2783
2175 1367 2756 1462 3007
2176 1216 2692 1203 2897
2177 795 779 2694 2888
2178 921 922 2834 2952
2179 586 542 578 2785
2180 628 2927 2796 3081
2181 2798 2730 3035 3039
2182 1274 1296 1295 2742
2183 1376 2810 1366 3075
2184 487 1124 2739 2929
2185 1175 1199 2857 3070
2186 1368 2810 1376 3076
2187 849 851 850 2735
2188 1267 1268 1266 2735
2189 943 2811 693 3079
2190 2857 2871 2715 2951
2191 2800 2971 2745 3042
2192 2858 3037 2799 3038
2193 643 638 1115 2979
2194 1461 1210 1454 2747
2195 1037 793 1044 2747
2196 1044 1037 2747 2861
2197 786 2824 2692 3054
2198 1500 2686 1523 3004
2199 2809 2933 2712 2968
2200 1114 531 544 2828
2201 940 3055 2743 3073
2202 1443 2705 2870 3028
2203 1399 1448 1450 2803
2204 531 1114 1421 2828
2205 532 561 584 2810
2206 572 561 528 2810
2207 1136 1432 456 3093
2208 1465 1160 1158 2738
2209 741 743 1048 2738
2210 799 2692 804 2928
2211 586 542 2785 3018
2212 517 581 559 2811
2213 1144 1146 2727 2972
2214 2716 759 2970 3000
2215 2774 2952 2820 3086
2216 1055 967 966 2832
2217 524 543 582 2813
2218 822 892 884 2847
2219 482 492 502 2805
2220 2753 2882 2775 2948
2221 615 2687 664 2856
2222 1049 2757 2815 3005
2223 1508 2742 1295 3059
2224 1150 2695 1195 2864
2225 785 2693 784 2904
2226 1469 2765 1397 2889
2227 733 2695 770 2862
2228 2685 2777 2809 3047
2229 596 2780 2876 3092
2230 1083 875 2998 3021
2231 2789 2858 2705 2964
2232 1412 1410 1394 2935
2233 1112 1403 1402 2796
2234 801 2696 808 2904
2235 693 517 2811 2962
2236 1063 691 491 2868
2237 832 873 834 2833
2238 823 885 887 2766
2239 1302 1240 1304 2766
2240 702 556 520 2829
2241 1186 2823 2699 2986
2242 903 725 723 2750
2243 1142 1320 1140 2750
2244 957 712 2903 3079
2245 1129 2813 524 2963
2246 882 1102 1062 2771
2247 672 660 651 2804
2248 439 465 467 2771
2249 521 968 2812 2960
2250 1384 1469 2889 3035
2251 505 491 2690 2868
2252 1221 1244 2795 3057
2253 578 586 2785 2859
2254 2806 2942 2839 2994
2255 1164 2745 2965 2971
2256 870 889 818 2809
2257 1110 1361 2901 3075
2258 1391 1389 1390 2741
2259 974 973 972 2741
2260 2850 2852 2823 3061
2261 681 2801 634 2854
2262 774 2700 1024 2942
2263 800 808 2794 2904
2264 1277 2820 1417 2844
2265 1369 2717 1377 2902
2266 999 2776 1075 2976
2267 994 2746 692 2896
2268 1078 2925 2762 3026
2269 951 952 2717 2908
2270 1361 2719 1363 2901
2271 2747 2848 2736 3029
2272 886 894 896 3053
2273 1423 2706 1188 2905
2274 1319 1318 2805 3008
2275 1155 2700 1441 2878
2276 2774 2997 2817 3056
2277 1447 2707 1250 2994
2278 933 2713 2916 2995
2279 1066 709 444 2932
2280 742 2703 781 3096
2281 1220 2691 1219 2949
2282 1360 1364 2725 2901
2283 949 2719 946 2908
2284 1149 1148 2704 2864
2285 732 2704 731 2862
2286 702 520 979 2829
2287 2706 2875 2800 2971
2288 761 763 2714 2863
2289 802 2691 803 2980
2290 1180 1178 2714 2865
2291 1182 2709 1181 2865
2292 1379 1378 2730 2902
2293 1086 875 816 2689
2294 763 971 2714 2867
2295 1350 2713 1179 2865
2296 734 736 2698 2891
2297 1173 1171 2715 2871
2298 1358 1115 1510 2979
2299 730 731 2704 2879
2300 747 792 745 2745
2301 1164 1162 1209 2745
2302 2748 2933 2809 2968
2303 1049 958 970 2757
2304 1387 1375 1466 2757
2305 1142 1320 2750 2958
2306 1443 2705 1354 2870
2307 522 2810 959 2960
2308 776 2713 762 2863
2309 1450 1271 2729 2988
2310 1056 883 2688 2915
2311 1487 2687 2856 2860
2312 572 2810 528 3075
2313 1192 2720 1169 2871
2314 978 2829 2754 2914
2315 957 947 2725 2903
2316 746 2706 771 2875
2317 775 2720 1042 2883
2318 532 2810 584 3076
2319 1441 2878 2700 2950
2320 1332 2701 1213 2864
2321 1467 1397 2765 2898
2322 1018 2724 789 2867
2323 831 2806 2839 3060
2324 522 959 2810 2962
2325 705 652 1073 2978
2326 1163 1188 2706 2971
2327 1385 2902 1377 3076
2328 749 748 2710 2875
2329 1060 481 486 2868
2330 761 2714 971 2869
2331 460 437 461 2688
2332 460 461 448 2688
2333 507 496 479 2780
2334 479 495 507 2780
2335 559 2811 581 3079
2336 1168 1208 1170 2744
2337 791 751 753 2744
2338 541 2811 1110 2963
2339 749 2710 750 2873
2340 1033 2729 854 2881
2341 2707 2853 835 3023
2342 969 2733 913 2903
2343 2773 2946 3071 3089
2344 1188 2874 2706 2971
2345 1388 1180 2714 2877
2346 1297 1500 3004 3093
2347 956 948 945 2752
2348 1373 1362 1365 2752
2349 1177 1175 2716 3070
2350 1163 2706 1423 2920
2351 2719 3007 2756 3034
2352 1211 2923 2815 3067
2353 1078 2762 874 3026
2354 1420 1207 2722 2866
2355 1273 1444 2728 2988
2356 799 2692 2928 2941
2357 1325 2694 1212 2893
2358 786 2692 799 3054
2359 1036 2723 1038 2895
2360 1492 2776 1416 2814
2361 758 782 2791 2970
2362 1451 1256 2718 2905
2363 777 2693 785 2980
2364 1026 937 2705 2964
2365 868 2726 1041 2892
2366 1023 2917 2726 2945
2367 1042 2720 752 2873
2368 2723 1001 2883 2951
2369 833 2707 1030 2942
2370 1027 856 2728 2881
2371 1440 1285 2726 2885
2372 1154 2734 1156 2878
2373 588 591 564 2898
2374 586 2785 2859 3018
2375 2736 2861 914 2936
2376 771 2706 1006 2917
2377 2716 3000 2970 3064
2378 1256 2790 1258 2900
2379 1428 2821 2950 3063
2380 1214 2825 2712 2897
2381 1385 1378 2902 3083
2382 1038 2723 1001 2883
2383 1455 2723 1453 2967
2384 2832 2889 2749 3015
2385 1263 1457 2721 2885
2386 1206 1438 2724 2877
2387 489 2868 1480 2929
2388 1152 2698 1151 2909
2389 1411 1109 1468 2746
2390 692 994 1051 2746
2391 1377 2717 1368 3076
2392 1440 2726 1458 2874
2393 1008 811 818 2809
2394 1444 1275 2728 2870
2395 875 2689 1086 2998
2396 2778 2855 2751 3010
2397 1366 2719 1361 3075
2398 1151 2909 2698 2987
2399 1169 2871 2720 2947
2400 1435 2724 1438 2912
2401 1252 2707 2838 3043
2402 1455 2890 2723 2967
2403 569 519 596 2876
2404 693 1005 517 2962
2405 1196 2694 1325 2986
2406 1280 2782 2860 3090
2407 540 517 1005 2962
2408 2722 981 2832 3012
2409 1149 2704 1147 2909
2410 965 2798 2944 3058
2411 562 1359 1129 2963
2412 521 554 968 2960
2413 1129 524 562 2963
2414 1444 2870 2728 2984
2415 1473 2688 1300 3001
2416 2789 2870 2705 3028
2417 1464 2816 1209 3042
2418 1197 1443 2789 3028
2419 729 2727 907 2879
2420 1369 1368 2717 3034
2421 846 2721 1040 2892
2422 759 758 2716 2970
2423 755 2715 756 2970
2424 2753 2882 2948 2958
2425 701 968 554 2960
2426 943 957 2725 3079
2427 951 2717 960 2960
2428 999 2814 696 3087
2429 915 796 2701 2989
2430 949 944 2719 2962
2431 991 2804 610 2854
2432 1441 1153 2878 2950
2433 2798 2781 2991 3058
2434 2717 960 2960 3025
2435 979 2829 520 3040
2436 1442 1208 1382 2798
2437 1391 1394 2935 3009
2438 914 2736 828 2880
2439 1172 2715 1171 2991
2440 1363 1367 3007 3034
2441 751 753 2744 2873
2442 1042 2720 2873 2945
2443 1187 2695 1150 2987
2444 784 2693 777 3037
2445 1402 2796 1501 3081
2446 1384 2889 2749 3035
2447 733 778 2695 2989
2448 857 878 879 3041
2449 1374 1360 2725 2963
2450 852 2729 1033 2895
2451 884 704 1100 2969
2452 801 809 2696 3038
2453 2731 2954 1261 2961
2454 1218 1225 2696 2973
2455 2800 2875 2745 2971
2456 1224 1282 1243 2751
2457 865 807 826 2751
2458 615 637 1132 2856
2459 1083 2686 716 3080
2460 1183 1181 2709 2943
2461 651 660 610 2804
2462 1449 1424 1198 2838
2463 1229 1428 2697 3063
2464 1380 2730 1378 3083
2465 946 2719 944 3030
2466 933 2713 776 2916
2467 785 2693 2904 2980
2468 2816 3042 1465 3067
2469 962 2730 961 3025
2470 2919 2938 2740 2940
2471 1018 2850 2724 2867
2472 1282 2751 1224 2912
2473 812 2697 1011 2933
2474 1045 953 950 2756
2475 1462 1367 1370 2756
2476 765 764 2709 2995
2477 1186 2699 1204 2986
2478 1084 2796 985 2927
2479 754 2715 755 2959
2480 1177 2716 1176 2996
2481 704 918 919 2998
2482 797 810 798 2712
2483 1227 1214 1215 2712
2484 527 1123 547 3092
2485 1256 1254 2718 2900
2486 927 823 2766 2928
2487 760 759 2716 3000
2488 1153 2698 1152 3077
2489 452 1064 445 2997
2490 878 2742 879 3041
2491 1139 547 1123 3092
2492 1040 2721 848 2990
2493 797 2712 798 3054
2494 1341 2932 2774 3086
2495 2930 2931 2685 3017
2496 1319 2805 1127 3068
2497 507 2780 495 3068
2498 779 769 2852 2888
2499 521 2812 968 2966
2500 1165 2710 1167 2955
2501 941 1105 713 2801
2502 1455 1418 2723 3088
2503 1388 2714 1178 3078
2504 964 966 967 2749
2505 1384 1383 1381 2749
2506 1146 1324 2727 2999
2507 1364 1374 2725 3032
2508 773 2702 929 3037
2509 1268 2735 1267 2967
2510 469 441 458 2784
2511 441 469 457 2784
2512 1182 1183 2709 2993
2513 781 2703 1007 3023
2514 2718 2853 2772 3043
2515 1235 1227 1228 3017
2516 1461 2747 1454 3029
2517 768 929 2702 3061
2518 516 2746 574 2896
2519 1246 2705 1443 3028
2520 2701 2775 2882 2948
2521 1213 2701 1311 3019
2522 961 2730 963 2966
2523 1067 927 2739 2940
2524 758 760 2716 2939
2525 1192 1459 2720 3088
2526 1041 2726 1023 2917
2527 1024 2700 738 3014
2528 1506 1309 2792 2979
2529 2718 2900 2790 2905
2530 1328 1386 2733 3018
2531 1486 2860 2740 3090
2532 742 1007 2703 3096
2533 941 1105 2801 3055
2534 829 1026 2705 3038
2535 448 2688 461 2915
2536 983 700 1078 2925
2537 1167 2710 1166 2924
2538 730 2704 732 3062
2539 2784 2834 922 2952
2540 516 558 692 2896
2541 655 2842 1474 2856
2542 1510 1115 619 2979
2543 1185 2702 1346 2943
2544 1420 2722 1398 3078
2545 612 2779 996 2927
2546 1457 1265 2721 3088
2547 2796 2843 986 2921
2548 1036 1001 2723 2951
2549 762 2713 933 2995
2550 444 466 464 2774
2551 450 464 466 2774
2552 796 2879 2701 2989
2553 2691 2872 1232 3044
2554 1198 2703 1159 3051
2555 1470 1395 1392 2754
2556 978 1053 975 2754
2557 914 2861 2736 2880
2558 924 721 2784 2932
2559 794 1048 956 2815
2560 1242 1223 1241 2778
2561 754 756 2715 2951
2562 957 712 969 2903
2563 965 2944 791 3058
2564 1487 2687 1333 2856
2565 2770 2934 869 3056
2566 829 2705 937 3073
2567 735 2698 736 2953
2568 2716 758 2939 2970
2569 1179 2713 1193 2996
2570 745 747 2745 2875
2571 1227 2712 2968 3017
2572 955 2911 2761 3025
2573 1147 2704 1148 2999
2574 1044 2747 793 2907
2575 1044 914 2861 2936
2576 1193 2713 1350 2984
2577 1144 2727 1324 2958
2578 1160 2738 1465 3042
2579 867 2697 812 3060
2580 1360 1110 1361 2901
2581 1209 2745 1162 3042
2582 912 2736 914 2936
2583 1395 2754 2889 2898
2584 1182 2709 2865 2993
2585 865 807 2751 3010
2586 1207 2835 2722 2866
2587 2700 2839 1024 2942
2588 2770 2894 814 2934
2589 1459 1169 2720 2955
2590 1293 2796 2767 3081
2591 873 2755 1076 3026
2592 1435 1206 2724 2993
2593 1061 2732 880 2974
2594 949 951 959 2908
2595 1456 1458 1258 2790
2596 1466 2757 1375 2899
2597 1362 2752 1373 2899
2598 1342 2768 2844 2918
2599 1003 2722 790 3000
2600 739 2734 737 3014
2601 714 647 2755 3087
2602 876 1082 986 2767
2603 443 453 1054 2915
2604 752 2720 775 2959
2605 1405 1497 2769 2926
2606 1003 981 2722 3012
2607 1002 2788 994 3074
2608 1170 2744 1208 2991
2609 1004 548 521 2966
2610 521 968 1004 2966
2611 1310 2708 1312 2893
2612 2716 2939 2791 2970
2613 948 945 2752 2906
2614 1267 2735 1266 2890
2615 924 2784 922 2952
2616 741 743 2738 3096
2617 1035 954 1043 2793
2618 2700 2878 2802 3014
2619 995 2760 977 2896
2620 2734 2907 737 2953
2621 737 2734 1046 2907
2622 1014 2699 787 3010
2623 574 575 535 2746
2624 516 575 574 2746
2625 1342 2844 1351 2918
2626 1470 1395 2754 2889
2627 1021 789 2724 3002
2628 850 2735 851 2895
2629 1259 2731 1261 2961
2630 2789 2709 2943 3061
2631 2754 2829 978 3040
2632 488 502 478 3068
2633 503 477 505 2690
2634 505 491 503 2690
2635 1390 2741 1389 3078
2636 868 1023 2726 2945
2637 1385 1378 1377 2902
2638 1154 1463 2734 3077
2639 1210 2747 1461 2975
2640 558 536 993 2896
2641 868 2726 2892 2945
2642 1033 982 782 2791
2643 2763 2894 805 3069
2644 1380 1379 2730 3035
2645 1463 1156 2734 2923
2646 763 2714 2863 2995
2647 580 2760 536 2896
2648 1269 1450 2729 2967
2649 1185 2823 2702 2943
2650 1178 2714 2865 2996
2651 1115 1358 1509 2979
2652 649 630 671 2925
2653 630 616 677 2925
2654 895 2827 1009 3050
2655 1398 2722 1207 3015
2656 2802 2878 2734 3014
2657 665 626 664 2687
2658 615 665 664 2687
2659 1353 1503 2922 3044
2660 1040 2883 2721 2990
2661 972 2741 973 3002
2662 1191 2700 2830 2994
2663 965 2944 2798 3039
2664 913 2733 911 2936
2665 705 614 652 2978
2666 2741 2887 1390 3009
2667 1329 2736 1245 3036
2668 1295 1272 1274 2808
2669 2727 2948 2882 2958
2670 1018 1021 2724 2977
2671 605 646 668 2979
2672 1458 2726 1285 3013
2673 962 963 2730 3039
2674 662 617 670 2819
2675 1320 2750 2958 3008
2676 936 3011 816 3066
2677 855 2881 2808 3041
2678 1149 2864 2704 2987
2679 1038 2895 2723 2990
2680 897 2775 896 2948
2681 1158 2738 1160 3051
2682 755 1019 2886 3064
2683 1328 2733 1330 3036
2684 1418 2871 2723 3088
2685 971 2714 2867 3002
2686 923 860 926 2952
2687 813 811 1008 2748
2688 1228 1230 1425 2748
2689 761 2714 2869 3000
2690 1364 2899 2725 2901
2691 1401 1400 2925 3027
2692 1301 2969 2792 3084
2693 1375 2899 2757 3032
2694 1043 2793 954 2911
2695 1324 2882 2727 2999
2696 1189 1185 1186 2986
2697 731 2862 2704 2989
2698 1506 643 1115 2979
2699 1340 1343 1277 2820
2700 2715 2886 755 2959
2701 1263 2721 1265 2954
2702 2694 795 2888 2894
2703 663 611 627 2926
2704 644 611 675 2926
2705 693 2811 944 2962
2706 2752 2899 1362 2901
2707 912 828 2736 3006
2708 1213 2882 2701 3019
2709 603 667 643 2969
2710 776 2713 2863 2939
2711 670 603 640 2969
2712 1021 2724 2977 3002
2713 1449 1198 1451 2838
2714 952 2911 955 3025
2715 816 2689 875 3066
2716 1168 2744 1170 2947
2717 1143 2737 1429 2937
2718 2715 2947 1171 2991
2719 2721 1263 2885 3013
2720 1321 2780 1135 3092
2721 1429 2737 1141 3033
2722 1089 884 892 2792
2723 941 2801 1092 3055
2724 1366 2810 3034 3075
2725 1486 1474 2842 2856
2726 2712 2941 2897 3054
2727 1129 1374 2813 2963
2728 765 2709 2867 2995
2729 1407 2926 2762 3065
2730 2701 1213 2864 2999
2731 950 1045 2756 2906
2732 2716 2866 1176 2996
2733 1260 1261 2731 3013
2734 968 960 2812 2960
2735 858 2728 856 3041
2736 2900 2946 2773 3065
2737 2726 1440 2885 2955
2738 2760 2829 976 2914
2739 661 2686 3024 3080
2740 2719 2906 946 2908
2741 558 993 692 2896
2742 1486 2856 2740 2860
2743 753 791 2744 2886
2744 952 2717 2908 2911
2745 2752 2906 945 3030
2746 760 2716 2863 3000
2747 1165 2874 2710 2955
2748 2762 2925 1495 3027
2749 2687 2930 917 3052
2750 1394 1393 1412 2760
2751 977 995 976 2760
2752 1029 955 954 2761
2753 1371 1372 1446 2761
2754 2812 3076 2902 3083
2755 865 1014 807 3010
2756 2789 2943 2858 3061
2757 1250 2707 1252 2981
2758 2736 2848 2747 2936
2759 2722 2887 2832 3015
2760 1014 2850 2699 3010
2761 1229 2697 2968 3063
2762 775 2720 2883 2959
2763 1369 2717 2902 2992
2764 950 2756 953 2911
2765 1392 1470 2754 2887
2766 1046 794 1049 2815
2767 2714 2866 1178 3078
2768 444 2774 709 2997
2769 1395 1392 2754 3009
2770 536 580 589 2760
2771 523 589 580 2760
2772 1260 2731 1259 3071
2773 639 605 666 2979
2774 1465 2816 1464 3042
2775 1153 2878 2698 3077
2776 1110 2811 541 3075
2777 579 571 550 2759
2778 1463 2975 2734 3077
2779 579 529 571 2759
2780 842 2946 840 3089
2781 1286 2770 2817 3082
2782 1265 2890 2721 3088
2783 2738 1465 3042 3067
2784 573 539 2818 2876
2785 1175 1399 1199 3070
2786 712 537 2813 3079
2787 1187 2821 2695 2987
2788 861 2732 2846 3066
2789 494 484 1137 2938
2790 1050 1052 980 2765
2791 1384 2749 1381 3035
2792 2728 2916 2803 2984
2793 849 2735 850 2990
2794 1164 1162 2745 2971
2795 453 2915 467 3094
2796 2746 2896 2788 2935
2797 943 3030 2811 3079
2798 1198 2920 2703 3051
2799 1365 2752 1362 3007
2800 691 2690 1065 2913
2801 967 964 2749 3095
2802 778 2824 2695 2989
2803 956 2752 945 3005
2804 984 2755 714 2925
2805 1274 1272 1273 2808
2806 1391 2741 1390 3009
2807 1462 1209 1464 2816
2808 2687 917 3020 3052
2809 2736 2937 1245 3036
2810 947 2725 2903 3005
2811 633 676 673 2814
2812 753 2744 2873 2959
2813 2702 2858 929 3037
2814 1366 3034 2719 3075
2815 964 2884 2749 3095
2816 1432 1125 446 2837
2817 954 2761 955 2911
2818 1026 2858 2705 3038
2819 2812 2960 960 3025
2820 573 547 2876 3092
2821 1459 2885 2720 3088
2822 1370 2756 1367 2992
2823 629 659 2796 2927
2824 633 624 696 3087
2825 2722 2887 1398 3078
2826 973 2741 974 2914
2827 923 921 2768 2952
2828 2878 2891 2700 2950
2829 2748 2806 2776 3060
2830 1214 2712 1227 2897
2831 469 2784 458 2932
2832 1516 3024 1500 3093
2833 1147 2826 2704 2999
2834 743 1048 2738 3046
2835 970 1049 2757 2907
2836 1503 1233 1292 3004
2837 2848 2907 2747 2936
2838 639 666 2792 2979
2839 832 2776 873 2833
2840 950 2906 2756 2908
2841 1438 2912 2724 3003
2842 536 995 993 2896
2843 1147 2909 2704 3029
2844 1168 1208 2744 2924
2845 2688 2915 2807 3001
2846 703 931 934 2759
2847 1348 1120 1351 2759
2848 1214 1203 2825 2897
2849 1217 2922 2973 3044
2850 894 827 2795 3053
2851 438 463 2817 2997
2852 867 2839 2697 3060
2853 877 853 851 2764
2854 2749 2889 2765 3035
2855 1003 2722 2869 3012
2856 2741 2869 973 3002
2857 1216 1221 2692 3057
2858 2711 2930 2809 3017
2859 2803 2916 2713 2984
2860 844 2731 842 3089
2861 950 2908 2756 2911
2862 1468 1349 1279 2910
2863 880 2974 2732 3021
2864 968 2812 961 2966
2865 2694 2888 2852 2986
2866 2741 2877 1389 3078
2867 551 1323 527 3033
2868 819 2753 898 2948
2869 2733 2848 2757 3032
2870 1324 2727 2882 2958
2871 2781 2886 1019 3064
2872 2813 2859 2733 3018
2873 1227 2712 1215 2968
2874 1465 1365 2816 3067
2875 793 2747 1037 3062
2876 1222 1205 1417 2763
2877 1000 788 805 2763
2878 1228 1230 2748 2968
2879 697 963 2884 2966
2880 1372 2761 1371 2992
2881 907 2879 2727 2948
2882 646 2801 668 2979
2883 2831 2838 2718 2905
2884 1167 2710 2924 2955
2885 1465 2738 1158 3067
2886 578 2785 518 2859
2887 454 458 721 2932
2888 460 449 437 2837
2889 1419 1391 1394 2935
2890 2713 1193 2996 3070
2891 2761 1371 2992 3016
2892 2747 2848 1461 2975
2893 527 1323 1123 3033
2894 1363 2901 2719 3007
2895 487 500 498 2739
2896 498 500 485 2739
2897 978 2754 975 2914
2898 601 654 2786 3024
2899 877 997 2779 2840
2900 1454 2747 1210 3077
2901 1248 1284 1445 2994
2902 662 604 661 2819
2903 2807 2846 2691 3050
2904 1205 1223 1417 2855
2905 843 2731 844 3022
2906 876 849 847 2767
2907 1264 1266 1293 2767
2908 1405 1406 1497 2926
2909 943 2725 3030 3079
2910 964 966 2749 3039
2911 1401 2925 2755 3027
2912 2755 2814 2776 3087
2913 802 936 816 3066
2914 742 740 1007 3096
2915 644 609 988 2921
2916 1238 1280 1237 2782
2917 649 671 2755 2925
2918 1503 1233 2689 3044
2919 1268 1266 2735 3048
2920 2689 2758 2922 3011
2921 1367 2992 2756 3034
2922 1053 975 2754 3012
2923 792 2745 747 3031
2924 1091 2804 991 2854
2925 819 901 898 2753
2926 1236 1315 1318 2753
2927 1372 2902 2761 2992
2928 447 708 436 2974
2929 2843 2954 2731 2961
2930 781 2831 2703 3023
2931 633 2814 673 3087
2932 1164 2745 1209 2965
2933 1464 1465 1365 2816
2934 2701 2882 2879 2948
2935 2795 2824 2692 2928
2936 806 2778 824 3010
2937 717 530 538 2834
2938 487 2739 498 2929
2939 777 772 773 3037
2940 810 798 2712 2933
2941 1510 1358 2801 3059
2942 940 1092 1020 2743
2943 1437 1509 1357 2743
2944 921 925 923 2768
2945 1342 1338 1340 2768
2946 2761 2911 2717 3025
2947 637 655 1132 2856
2948 983 984 714 2925
2949 502 2805 492 3068
2950 1387 2757 1466 2975
2951 585 588 533 2765
2952 1493 1290 1401 2755
2953 494 1137 2842 2938
2954 1169 2947 2720 2955
2955 1301 2758 2969 3084
2956 1117 2762 1407 2926
2957 685 2842 655 2856
2958 856 2881 855 3041
2959 667 2792 643 2969
2960 1447 1449 1252 2838
2961 1326 551 534 3033
2962 1351 2759 1120 2918
2963 619 1115 638 2979
2964 929 780 2858 3061
2965 2712 1215 2968 3063
2966 624 998 696 3087
2967 1344 1484 2739 3091
2968 2759 2918 2844 2957
2969 717 538 920 2834
2970 1106 1083 875 2998
2971 596 513 569 2780
2972 513 596 568 2780
2973 936 2794 808 3011
2974 1338 2768 1342 2918
2975 1008 818 890 2976
2976 626 2687 665 2978
2977 973 2741 2914 3012
2978 1147 2704 2826 3029
2979 924 721 922 2784
2980 994 1051 2746 2985
2981 849 2767 876 2840
2982 791 751 2744 2944
2983 693 102 942 559
2984 616 2762 677 2925
2985 102 693 517 559
2986 816 1086 2689 3011
2987 1129 562 132 1359
2988 543 524 133 1129
2989 537 545 104 712
2990 524 562 132 1129
2991 655 1474 1132 2856
2992 540 517 101 1005
2993 517 693 101 1005
2994 528 561 129 1376
2995 712 545 104 935
2996 1129 133 543 1352
2997 1092 941 698 2801
2998 128 561 532 1118
2999 554 968 98 521
3000 1376 129 528 1422
3001 2781 2832 2749 3015
3002 561 128 1376 1118
3003 1333 615 1132 2856
3004 98 701 968 554
3005 1024 2891 2700 3014
3006 1004 548 97 521
3007 1089 642 1090 2969
3008 2697 2851 1011 2933
3009 551 1326 1323 3033
3010 1406 1117 1407 2926
3011 467 2771 465 3094
3012 632 613 673 2814
3013 968 1004 97 521
3014 1168 2924 2744 2947
3015 986 985 1084 2796
3016 1421 531 2828 3083
3017 444 2774 464 2932
3018 2715 2951 2871 2959
3019 1136 1476 1516 2786
3020 1449 1451 1254 2838
3021 455 438 463 2817
3022 467 2915 2771 3094
3023 924 2774 709 2932
3024 1411 1283 1419 2935
3025 1053 2754 2832 3012
3026 730 2861 2704 3062
3027 2747 2861 2736 2936
3028 585 557 588 2765
3029 135 1116 534 542
3030 518 106 699 565
3031 826 865 2751 2977
3032 531 125 1114 544
3033 1492 1416 1512 2814
3034 2774 2932 924 2952
3035 814 2770 859 2894
3036 663 627 2762 2926
3037 1485 1127 1316 2797
3038 1227 2897 2712 3017
3039 2935 3009 2760 3074
3040 1114 1421 125 531
3041 707 1067 927 2739
3042 1484 1124 1344 2739
3043 1310 2708 2893 3082
3044 963 2884 2730 3039
3045 1158 1159 1157 3051
3046 1053 2832 2754 3095
3047 811 2748 813 3060
3048 1216 2692 2897 3057
3049 1116 1326 135 534
3050 106 909 699 565
3051 644 675 2769 2926
3052 1354 1246 1247 2836
3053 903 2750 723 3085
3054 1341 2774 1343 3086
3055 826 2751 807 2983
3056 515 115 550 1337
3057 551 136 1326 534
3058 1252 2838 1254 3043
3059 2759 2844 2778 2957
3060 800 808 936 2794
3061 1123 138 527 547
3062 519 706 109 539
3063 138 1123 1139 547
3064 722 706 109 519
3065 965 1029 2944 3039
3066 609 695 988 2921
3067 596 2876 547 3092
3068 527 137 1323 551
3069 108 906 526 539
3070 690 1054 453 2915
3071 1261 2954 2731 3013
3072 468 2974 2786 3093
3073 1520 1486 1474 2842
3074 1053 2754 978 3040
3075 836 2833 2772 2853
3076 573 519 539 2876
3077 1462 2756 1370 2965
3078 2742 879 3041 3055
3079 788 805 2763 2894
3080 136 1326 1323 551
3081 2719 3034 2810 3075
3082 657 1510 619 3059
3083 885 691 1063 2868
3084 904 718 2780 2876
3085 1143 2737 2937 2972
3086 2743 2956 2801 2979
3087 791 2886 1025 3058
3088 815 2846 2691 3066
3089 1320 1140 2750 3008
3090 596 573 547 2876
3091 1018 765 2850 2867
3092 1487 2856 1486 2860
3093 500 2739 487 2938
3094 527 1123 2818 3033
3095 595 512 567 2784
3096 595 566 512 2784
3097 2850 2867 2709 2993
3098 1122 1306 1490 3049
3099 1092 2743 940 3055
3100 1373 2752 1365 3067
3101 823 887 927 2766
3102 1206 2877 2724 2993
3103 1162 2745 2971 3042
3104 558 692 90 516
3105 1184 2912 2823 2993
3106 1428 2821 1434 2950
3107 1243 2751 1282 3003
3108 137 1323 1123 527
3109 906 108 706 539
3110 1079 2773 840 2946
3111 642 1089 639 2969
3112 1208 2744 2924 3016
3113 1050 2765 980 3040
3114 824 806 825 2778
3115 897 896 898 2948
3116 2738 2923 1158 3067
3117 1035 1043 749 2793
3118 912 2736 2936 3006
3119 637 1132 196 615
3120 608 167 715 626
3121 1449 1254 1252 2838
3122 466 2774 444 2997
3123 1298 1486 2740 3090
3124 934 2957 921 3072
3125 1231 2893 2770 3082
3126 925 2768 921 2957
3127 676 632 673 2814
3128 934 703 2759 3072
3129 544 124 1467 533
3130 1050 95 525 557
3131 2722 790 3000 3064
3132 1495 2925 1400 3027
3133 813 2748 1008 2976
3134 1306 1122 1521 3049
3135 2778 2844 2763 3069
3136 515 555 114 1134
3137 2833 3026 2772 3027
3138 530 538 85 717
3139 1063 481 1060 2868
3140 1461 2848 2747 3029
3141 2821 2697 2891 2950
3142 2717 2960 2812 3025
3143 2697 2950 2821 3063
3144 2904 3037 1013 3038
3145 953 2756 1045 3031
3146 977 2760 976 3074
3147 550 116 514 1120
3148 529 553 87 703
3149 1522 1295 2742 3059
3150 842 841 840 2946
3151 2699 2855 1204 2986
3152 1467 1114 124 544
3153 697 95 525 1050
3154 1484 1124 2739 2938
3155 781 1032 2831 3023
3156 2756 2906 1045 3031
3157 527 2818 1123 3092
3158 578 518 586 2859
3159 1054 1056 448 2915
3160 1002 2788 1021 2977
3161 448 443 1054 2915
3162 1520 2740 2842 2938
3163 1014 767 769 2850
3164 1393 2760 1394 3009
3165 1432 2837 446 3093
3166 1122 1490 623 3049
3167 590 2841 534 3033
3168 1176 2716 2835 2866
3169 678 652 614 2978
3170 2811 3030 2725 3079
3171 529 571 2759 3072
3172 665 2687 615 3049
3173 1245 1143 2937 2972
3174 2756 2965 2816 3031
3175 1134 114 515 1337
3176 966 2749 3039 3058
3177 1337 115 550 1120
3178 920 85 538 717
3179 1368 3034 2810 3076
3180 2836 2847 2743 3073
3181 2816 2965 2745 3031
3182 1053 2754 3040 3095
3183 1241 1243 1279 2910
3184 453 690 2915 3094
3185 564 122 1119 546
3186 556 520 93 702
3187 2698 736 2953 3014
3188 1454 2909 2747 3077
3189 1111 1504 1409 2804
3190 1258 2900 2790 3071
3191 1141 1140 1123 2818
3192 1398 2887 2722 3015
3193 793 2953 2747 3062
3194 2697 2806 2839 2950
3195 878 857 855 3041
3196 91 536 993 558
3197 552 1410 120 523
3198 525 96 697 2966
3199 3004 3021 2732 3093
3200 2715 754 2951 2959
3201 535 1410 119 552
3202 978 976 2829 2914
3203 782 2951 2791 2970
3204 1018 2724 2850 2977
3205 606 714 160 647
3206 1350 2789 1197 2984
3207 843 2892 2731 3022
3208 121 1412 546 523
3209 92 536 556 995
3210 630 1117 188 616
3211 755 2970 757 3064
3212 1117 648 187 616
3213 611 700 158 627
3214 1145 2826 1146 2972
3215 2751 807 2983 3010
3216 2716 2835 3000 3064
3217 1522 1508 1295 3059
3218 1220 2849 2691 2949
3219 1523 1500 1133 3024
3220 1344 2739 2929 3091
3221 1305 1343 1126 2774
3222 641 1122 623 3049
3223 1250 2806 1248 2994
3224 484 487 1433 2938
3225 1000 2763 805 3069
3226 1396 123 564 533
3227 557 979 94 520
3228 2711 2860 2782 3052
3229 525 548 96 2966
3230 456 468 442 2786
3231 692 558 90 993
3232 2837 2974 446 3093
3233 2725 2752 3005 3030
3234 2820 2952 2768 3086
3235 2839 2891 2697 2950
3236 2708 2771 2934 3082
3237 1052 980 2765 3095
3238 2788 2935 2896 3074
3239 1066 454 721 2932
3240 685 2842 2856 2982
3241 122 1119 1396 564
3242 520 979 93 702
3243 2752 945 3005 3030
3244 499 486 2868 2929
3245 926 2774 924 2952
3246 2689 3011 2794 3066
3247 2771 3001 1519 3082
3248 1447 2830 2707 2994
3249 2834 2918 2768 3086
3250 1069 2740 1103 2982
3251 660 610 2804 2854
3252 1103 2740 2919 2982
3253 1217 1353 2922 3044
3254 934 2759 931 2957
3255 824 2778 2983 3010
3256 2689 816 3011 3066
3257 2793 2911 1043 3031
3258 1004 697 96 2966
3259 938 2711 1071 2930
3260 1488 2711 1355 2931
3261 1281 2807 1234 2849
3262 914 728 2861 2880
3263 1306 2685 2931 3047
3264 601 2786 684 3024
3265 123 1396 1467 533
3266 1050 979 94 557
3267 2772 2833 836 3026
3268 2751 826 2977 2985
3269 1344 2739 1124 2929
3270 986 985 2796 2921
3271 954 1029 2761 2944
3272 861 880 1061 2732
3273 1278 1478 1297 2732
3274 99 522 959 2960
3275 459 2786 468 2974
3276 808 809 822 2847
3277 1482 2690 1108 3045
3278 884 1100 871 2758
3279 1301 1288 1517 2758
3280 878 1105 879 2742
3281 1295 1296 1522 2742
3282 1065 691 885 2690
3283 1302 1108 1482 2690
3284 2756 2908 2719 3034
3285 1512 1491 1307 2777
3286 100 959 522 2962
3287 1109 1410 119 535
3288 131 541 1110 2963
3289 2725 2901 2752 3030
3290 1161 3042 2920 3051
3291 2705 2836 2787 3073
3292 1357 2743 1509 2956
3293 1099 2786 719 2974
3294 869 2934 1062 3094
3295 2715 2835 2857 2970
3296 944 2962 2811 3030
3297 1506 1115 1309 2979
3298 1415 1131 190 649
3299 939 2787 2964 3041
3300 1078 990 874 2762
3301 613 1415 190 649
3302 1225 2922 2696 2973
3303 879 2742 1105 3055
3304 677 616 663 2762
3305 663 627 677 2762
3306 2712 2933 2851 3063
3307 1299 1519 3001 3082
3308 947 2903 958 3005
3309 648 1117 187 1406
3310 700 611 158 989
3311 489 1477 475 2929
3312 1293 1501 2796 3081
3313 116 514 1120 1347
3314 703 553 87 930
3315 714 606 160 983
3316 2721 2954 1263 3013
3317 2709 2850 2823 3061
3318 1433 1137 484 2938
3319 649 671 674 2755
3320 674 671 647 2755
3321 1117 630 188 1400
3322 2813 2963 1374 3032
3323 622 679 675 2769
3324 1231 2770 1286 3082
3325 644 2769 679 2921
3326 1064 891 445 2997
3327 2717 951 2908 2960
3328 848 846 847 3022
3329 675 679 644 2769
3330 1118 1368 1376 3076
3331 1404 1498 1499 2961
3332 942 943 693 3079
3333 549 88 553 930
3334 514 117 560 1347
3335 1426 1312 1281 2849
3336 1360 2901 2725 2963
3337 949 2719 2908 2962
3338 1376 1366 1422 3075
3339 1019 2886 2781 3058
3340 944 2719 2962 3030
3341 2850 2912 2751 2977
3342 1355 2931 2711 3017
3343 2760 2935 1394 3009
3344 2749 2798 3035 3039
3345 803 2980 2691 3050
3346 121 1412 1119 546
3347 702 92 556 995
3348 2757 2903 2733 3032
3349 527 547 573 3092
3350 445 2997 891 3094
3351 2752 2901 1362 3007
3352 91 536 995 993
3353 1410 1412 120 523
3354 895 1009 864 3050
3355 439 451 35 1471
3356 443 453 49 1054
3357 992 1087 694 2804
3358 968 2812 960 3025
3359 693 2811 943 3030
3360 1366 2810 1376 3034
3361 2725 1374 2963 3032
3362 1436 2835 2781 3015
3363 1365 3007 2816 3067
3364 1207 2722 2835 3015
3365 2689 2872 1233 3004
3366 527 573 2818 3092
3367 1219 2949 2691 3044
3368 726 724 725 2845
3369 961 2730 2966 3025
3370 2698 2891 736 3014
3371 1004 96 548 2966
3372 468 459 442 2786
3373 1386 2813 1129 3032
3374 1364 2725 2899 3032
3375 1371 2761 1446 3016
3376 648 1405 186 622
3377 1520 1298 2740 2938
3378 2717 2902 2761 3025
3379 1250 2707 2981 2994
3380 2685 2978 678 3049
3381 619 2801 681 3059
3382 1304 2929 2766 3091
3383 468 446 2974 3093
3384 829 3038 2705 3073
3385 99 554 522 2960
3386 570 2918 515 3072
3387 2718 2838 2853 3043
3388 881 2919 2740 2940
3389 640 1335 604 2819
3390 946 2906 2719 3030
3391 99 959 701 2960
3392 611 644 157 989
3393 1400 189 1131 649
3394 627 159 983 700
3395 649 1400 189 630
3396 606 159 983 627
3397 100 522 540 2962
3398 836 838 837 2853
3399 1112 1402 184 650
3400 2847 2922 2696 3084
3401 961 2966 2812 3025
3402 1103 2740 881 2919
3403 131 562 541 2963
3404 131 1110 1359 2963
3405 2703 2838 2831 2920
3406 1005 959 100 2962
3407 1149 2704 2909 2987
3408 987 1080 2769 3089
3409 788 2763 2888 2894
3410 1368 2717 3034 3076
3411 1297 1278 2732 3004
3412 1252 2981 2707 3043
3413 1116 1327 2785 3018
3414 877 997 1087 2779
3415 1325 2822 1189 2986
3416 1140 2750 3008 3092
3417 1522 2742 1296 3059
3418 866 2788 1002 2977
3419 1201 1218 1430 2799
3420 839 841 1039 2946
3421 1478 2732 2837 3093
3422 767 768 2852 3061
3423 939 2964 858 3041
3424 1197 2789 1439 2984
3425 844 3022 2731 3089
3426 836 835 834 2853
3427 2749 2765 2884 3035
3428 1218 2799 1201 2973
3429 1277 1276 1222 2820
3430 929 2858 1013 3037
3431 1416 1492 1290 2776
3432 873 1075 999 2776
3433 1184 2823 1183 2993
3434 731 2704 2879 2989
3435 1024 2839 2700 2891
3436 437 449 37 1473
3437 657 1130 1510 3059
3438 620 628 629 2796
3439 601 684 654 3024
3440 1280 1237 2782 3091
3441 877 1085 997 2840
3442 1013 2858 1026 3038
3443 962 2730 3025 3039
3444 688 602 656 2982
3445 2701 2882 1213 2999
3446 3019 3045 2775 3053
3447 660 635 610 2854
3448 1424 1449 2830 2838
3449 1102 2771 2915 3094
3450 1009 2827 777 2980
3451 2692 2941 799 3054
3452 2763 2844 2778 2855
3453 1449 1447 2830 2838
3454 965 3039 2798 3058
3455 1484 2938 2739 3090
3456 926 2997 2774 3056
3457 1364 1362 2899 2901
3458 778 783 770 2851
3459 1369 2717 2992 3034
3460 1516 1136 2786 3093
3461 1061 928 861 2846
3462 2687 2860 2711 3052
3463 740 741 739 2802
3464 1520 2842 1137 2938
3465 601 684 2786 3080
3466 484 66 1433 487
3467 80 474 1016 485
3468 1291 1253 1255 2772
3469 836 874 838 2772
3470 1516 2786 1476 3024
3471 507 502 492 3068
3472 904 718 905 2780
3473 1321 1322 1135 2780
3474 929 766 780 3061
3475 1487 1289 1334 2860
3476 2832 3015 2781 3064
3477 2772 2900 1255 3065
3478 2711 2931 2930 3017
3479 1405 648 186 1406
3480 563 126 1385 3083
3481 916 715 167 626
3482 1132 1333 196 615
3483 2757 2903 2725 3005
3484 563 1385 127 3076
3485 944 2811 693 3030
3486 1402 620 184 650
3487 446 2837 462 2974
3488 1260 3013 2731 3071
3489 1177 2716 2996 3070
3490 2920 3042 2800 3051
3491 1054 50 443 448
3492 451 437 36 1471
3493 88 549 932 930
3494 1349 560 117 1347
3495 968 961 2812 3025
3496 130 1110 541 3075
3497 647 2755 671 2925
3498 704 884 1090 2969
3499 1340 2768 1338 3086
3500 537 712 103 3079
3501 726 2737 2845 2880
3502 645 604 172 1133
3503 625 618 143 716
3504 50 1054 1056 448
3505 1471 437 36 1473
3506 2706 2905 2831 2917
3507 673 2814 613 3087
3508 811 2933 2748 3060
3509 1304 2766 1240 3091
3510 1376 2810 1368 3034
3511 1129 2813 1374 3032
3512 2702 2852 2822 3037
3513 1264 2767 1499 2954
3514 2726 2874 1440 2955
3515 1408 1409 1508 2804
3516 1259 2731 2961 3071
3517 622 1405 185 650
3518 629 2796 628 2927
3519 1405 1112 185 650
3520 963 2730 2884 2966
3521 938 2711 2941 3052
3522 941 1093 698 2801
3523 1012 2841 2737 3006
3524 796 2879 907 2948
3525 1065 2690 885 3053
3526 773 772 768 2852
3527 2839 2950 2806 2994
3528 677 2762 627 2925
3529 640 662 670 2819
3530 531 126 563 3083
3531 924 926 709 2774
3532 1343 1341 1126 2774
3533 1082 2767 847 3022
3534 977 2896 2760 3074
3535 532 563 127 3076
3536 1445 1441 1191 2994
3537 1484 3090 2739 3091
3538 984 1076 2755 3026
3539 2922 2794 2973 3044
3540 950 952 2908 2911
3541 950 946 2906 2908
3542 947 3005 945 3030
3543 840 2946 2773 3089
3544 2834 2952 2784 3086
3545 2823 2850 2699 2852
3546 938 1071 2711 3052
3547 2687 2711 2930 3052
3548 130 541 528 3075
3549 989 644 157 988
3550 1273 2808 1272 2988
3551 1488 1334 1289 2860
3552 537 103 559 3079
3553 1217 2973 2949 3044
3554 2733 2848 1330 3036
3555 869 2770 814 2934
3556 1485 1316 1317 2797
3557 2727 2826 2880 2972
3558 663 2762 616 2926
3559 929 2858 2702 3061
3560 2756 2992 2717 3034
3561 768 2702 2852 3061
3562 2695 2864 1150 2987
3563 709 2774 926 2997
3564 2716 2970 2835 3064
3565 2732 3004 2872 3066
3566 1288 2758 1301 3084
3567 2689 2998 2758 3011
3568 753 2886 2744 2959
3569 1486 1520 1298 2740
3570 1103 1069 881 2740
3571 2695 2862 733 2989
3572 2810 2960 584 3076
3573 925 860 923 3069
3574 820 2928 2782 2941
3575 856 2728 2881 3041
3576 2760 2914 976 3074
3577 1158 2923 2738 3051
3578 622 2769 675 2926
3579 636 672 683 2779
3580 713 1093 941 2801
3581 836 834 2833 2853
3582 701 554 99 2960
3583 572 2962 2810 3075
3584 763 2867 2714 2995
3585 2722 3015 2832 3064
3586 487 475 1124 2929
3587 2844 2918 2768 2957
3588 1030 2942 2707 3023
3589 1178 2866 2714 2996
3590 2738 3042 2816 3067
3591 1377 2902 2717 3076
3592 1496 1257 2773 3065
3593 1175 2857 2716 3070
3594 1361 2719 2901 3075
3595 1286 1231 1276 2770
3596 869 859 814 2770
3597 761 2863 2714 3000
3598 1498 1259 1261 2961
3599 1378 2730 2902 3083
3600 2811 2963 581 3079
3601 1141 2818 1123 3033
3602 1005 100 540 2962
3603 570 2834 2918 3072
3604 1414 1504 2779 3048
3605 131 1359 562 2963
3606 957 2903 2725 3079
3607 2725 2899 2757 3005
3608 784 2904 2693 3037
3609 2825 2851 2712 3054
3610 1330 1375 1387 2848
3611 1148 2704 2864 2999
3612 2696 2904 801 3038
3613 1107 1519 1479 2771
3614 684 3024 2786 3080
3615 2719 2906 2756 3007
3616 463 465 455 2817
3617 1038 2723 2883 2990
3618 922 721 1058 2784
3619 1339 1475 1138 2784
3620 2698 2953 735 3062
3621 971 2869 2714 3002
3622 642 617 145 1090
3623 1115 1509 1309 2979
3624 1089 1090 884 2969
3625 2768 2952 2834 3086
3626 1018 2850 865 2977
3627 2719 2906 2752 3030
3628 2757 2899 2725 3032
3629 1293 1501 1403 2796
3630 2715 2871 1171 2947
3631 750 2873 2710 2945
3632 2727 2880 2845 2972
3633 1372 1369 2902 2992
3634 2761 2902 2717 2992
3635 682 2796 659 2921
3636 2738 743 3046 3096
3637 2801 2854 681 3059
3638 1059 719 1099 2786
3639 2778 2957 2844 3069
3640 714 2755 1076 3087
3641 744 2800 743 3096
3642 1165 2710 2874 2971
3643 805 814 859 2894
3644 1408 1508 1130 3059
3645 831 2839 867 3060
3646 1477 489 1480 2929
3647 1423 2706 2905 2920
3648 1250 2981 2806 2994
3649 530 84 566 717
3650 939 3041 879 3055
3651 1333 1487 1334 2687
3652 2768 2957 2918 3072
3653 2702 1346 2943 3028
3654 1111 1409 1408 2804
3655 1424 1449 1447 2830
3656 2721 2892 846 3022
3657 2725 2899 2752 2901
3658 1032 835 2853 3023
3659 1402 183 628 1128
3660 732 2704 2862 3062
3661 1244 1311 1427 3019
3662 1125 37 449 1473
3663 1243 2910 2751 3003
3664 973 2869 2741 3012
3665 612 683 672 2779
3666 917 2687 916 2978
3667 1091 992 991 2804
3668 1039 1006 1034 2831
3669 2728 858 2964 3041
3670 515 2918 571 3072
3671 1317 2797 1316 3045
3672 1339 2784 1138 3086
3673 1433 487 1124 2938
3674 974 972 1002 3074
3675 1380 3035 2730 3083
3676 762 2863 2713 2995
3677 1179 2865 2713 2996
3678 1435 2724 2912 2993
3679 1421 1385 126 3083
3680 1034 781 1032 2831
3681 2715 2951 756 2970
3682 1192 2720 2871 3088
3683 1102 2915 690 3094
3684 641 623 678 3049
3685 1123 2818 1140 3092
3686 127 1385 1118 3076
3687 905 904 2780 3085
3688 2698 2909 1152 3077
3689 760 2863 2716 2939
3690 1414 2779 1413 3081
3691 1193 2803 1448 3070
3692 1280 2782 3090 3091
3693 2775 2913 897 3053
3694 130 1422 1110 3075
3695 2685 2931 2930 3049
3696 2756 2911 2717 2992
3697 139 1139 568 547
3698 110 722 519 569
3699 1397 2889 2765 2898
3700 2721 2885 1457 3088
3701 942 103 712 3079
3702 2823 2850 2709 2993
3703 1459 2720 2885 2955
3704 657 619 681 3059
3705 752 2873 2720 2959
3706 1003 2869 2722 3000
3707 2747 2909 1454 3029
3708 924 709 1066 2932
3709 1420 2866 2722 3078
3710 1455 2723 2890 3088
3711 1185 1183 2823 2943
3712 789 2867 2724 3002
3713 2705 2964 937 3073
3714 1234 1281 1299 2807
3715 927 820 823 2928
3716 639 2792 667 2969
3717 1257 2900 2773 3065
3718 1387 2848 2757 2975
3719 1170 2947 2744 2991
3720 84 1058 566 717
3721 2734 2953 737 3014
3722 1086 2998 2689 3011
3723 2697 2933 812 3060
3724 2714 1388 2877 3078
3725 1242 1417 1223 2844
3726 2770 2893 2708 3082
3727 1429 2937 2737 3033
3728 1144 2727 2958 2972
3729 2756 2906 2719 2908
3730 923 922 921 2952
3731 2756 2908 2717 2911
3732 1328 3018 2733 3036
3733 1297 2732 1478 3093
3734 1154 2734 2878 3077
3735 1285 2726 2885 3013
3736 2787 2836 2743 3073
3737 2735 2890 1267 2967
3738 2735 2895 850 2990
3739 1365 2752 3007 3067
3740 1191 1157 1424 2830
3741 573 2876 2818 3092
3742 828 2880 2736 3006
3743 939 857 879 3041
3744 1006 744 781 2831
3745 798 1011 2851 2933
3746 643 638 176 1115
3747 1102 882 883 2915
3748 698 605 147 639
3749 493 476 61 1485
3750 891 2997 2817 3094
3751 2685 2930 2978 3049
3752 439 35 1107 1471
3753 690 49 453 1054
3754 1139 1135 139 568
3755 569 110 722 718
3756 765 766 767 3061
3757 863 821 2782 3052
3758 2705 2870 2789 2964
3759 436 1015 459 2974
3760 505 481 491 2868
3761 887 1063 1060 2868
3762 489 1477 64 475
3763 78 486 1060 481
3764 1479 2771 1519 3082
3765 2820 2952 2774 3056
3766 640 1121 1335 2819
3767 2747 2861 1037 3062
3768 191 1113 1415 613
3769 998 696 162 624
3770 2699 2888 787 3010
3771 745 744 2800 3046
3772 2738 3042 1160 3051
3773 156 644 609 988
3774 988 609 156 695
3775 890 1074 1095 2777
3776 939 2964 2787 3073
3777 2789 2870 1439 2984
3778 920 2834 538 3072
3779 620 183 628 1402
3780 2689 3011 2922 3044
3781 1428 1434 1284 2950
3782 2694 2852 2822 2986
3783 1015 719 459 2974
3784 829 809 3038 3073
3785 1231 1310 2893 3082
3786 2768 2918 1338 3086
3787 531 1421 126 3083
3788 845 840 1079 2773
3789 1257 1262 1496 2773
3790 2717 2911 2761 2992
3791 107 526 906 2841
3792 1113 191 632 613
3793 624 696 162 633
3794 2880 2937 2737 2972
3795 658 612 996 2927
3796 590 578 534 2841
3797 127 1118 532 3076
3798 1248 2806 1250 2981
3799 1390 2887 2741 3078
3800 1277 1343 1276 2820
3801 2752 2899 2725 3005
3802 693 944 1005 2962
3803 1264 1293 1499 2767
3804 847 1082 876 2767
3805 2712 2851 2825 3063
3806 1413 628 182 1128
3807 2799 3037 2904 3038
3808 683 2779 612 2927
3809 2719 2752 2901 3030
3810 2824 2864 2695 2989
3811 1233 2872 2689 3044
3812 130 528 1422 3075
3813 1133 604 172 1335
3814 918 625 143 716
3815 942 559 103 3079
3816 2701 2864 2824 2989
3817 1129 1359 1374 2963
3818 2754 2914 2829 3009
3819 633 673 624 3087
3820 593 525 2828 2966
3821 968 701 960 2960
3822 1434 1153 1441 2950
3823 757 2970 759 3064
3824 2852 2888 2699 2986
3825 2698 2862 2821 2987
3826 2826 2879 2704 2999
3827 1496 2773 1262 3065
3828 743 2800 744 3046
3829 2752 2906 2719 3007
3830 2821 2862 2695 2987
3831 2808 2881 2729 2988
3832 2782 2928 2692 2941
3833 2727 2879 2826 2999
3834 1176 2835 1207 2866
3835 2712 2897 2711 3017
3836 902 1072 710 2805
3837 668 2801 619 2979
3838 2736 2861 2747 3029
3839 543 586 582 2859
3840 913 1044 970 2936
3841 788 2888 795 2894
3842 783 797 798 3054
3843 1471 1473 1300 3001
3844 2691 3044 2794 3066
3845 465 2817 463 3094
3846 694 991 992 2804
3847 2687 2930 2711 2931
3848 1245 1145 1143 2972
3849 1278 2872 2732 3004
3850 1281 1234 1220 2849
3851 1197 2789 2943 3028
3852 964 2749 2884 3039
3853 674 2755 647 3087
3854 2750 2876 723 3085
3855 565 526 107 2841
3856 985 695 659 2921
3857 2717 2908 2756 3034
3858 1146 2826 1147 2999
3859 799 2928 820 2941
3860 1322 2780 1321 3068
3861 2725 2903 2757 3032
3862 1104 889 870 2930
3863 1306 1521 1287 2931
3864 1284 2950 1445 2994
3865 1052 2765 2884 3095
3866 2719 2901 2752 3007
3867 1415 1113 1416 2814
3868 1065 2913 2690 3053
3869 447 462 2837 2974
3870 1382 2798 1208 3016
3871 1187 1151 2821 2987
3872 2731 3013 2790 3071
3873 863 821 820 2782
3874 1124 65 475 487
3875 79 486 485 707
3876 1327 1429 1326 2937
3877 1086 1100 919 3011
3878 939 2787 3041 3055
3879 107 906 909 2841
3880 877 1088 853 2764
3881 1294 1270 1505 2764
3882 714 984 1076 2755
3883 1401 1131 1493 2755
3884 974 2914 2741 3074
3885 2740 2938 1298 3090
3886 436 708 1015 2974
3887 2762 2772 3026 3027
3888 987 2769 988 2921
3889 997 996 2779 2927
3890 628 1413 182 636
3891 821 820 2782 2941
3892 779 787 769 2888
3893 940 939 3055 3073
3894 2746 2783 2910 2985
3895 1333 2687 1334 3049
3896 2738 2923 2802 3051
3897 871 2758 1100 3011
3898 2761 2902 2730 3025
3899 1193 1448 1399 3070
3900 1249 2806 1248 2981
3901 506 494 2842 2938
3902 818 811 810 2809
3903 778 915 2824 2989
3904 2794 3044 2689 3066
3905 1291 2772 1255 3065
3906 1078 984 983 2925
3907 2785 3018 1327 3036
3908 1064 452 444 2997
3909 2829 2914 2760 3009
3910 587 2811 517 2962
3911 1392 2887 2754 3009
3912 2922 3011 2794 3044
3913 1078 984 2925 3026
3914 524 2813 583 2963
3915 1144 1145 1146 2972
3916 887 885 1063 2868
3917 1382 1446 2798 3016
3918 521 2812 594 2960
3919 745 743 744 3046
3920 494 67 1137 484
3921 1309 1301 2792 3084
3922 1282 2751 2912 3003
3923 793 2907 2747 2953
3924 1099 1059 2786 3080
3925 665 2978 2687 3049
3926 445 463 452 2997
3927 652 705 165 614
3928 1122 194 641 623
3929 565 107 909 2841
3930 975 2914 2754 3012
3931 1448 2803 1399 3070
3932 770 1011 1017 2851
3933 1210 2747 2975 3077
3934 1313 2775 2882 3019
3935 1413 181 636 1111
3936 1100 2998 919 3011
3937 694 996 152 612
3938 1111 181 636 621
3939 844 2843 3022 3089
3940 1068 900 899 2913
3941 818 810 870 2809
3942 2703 2831 2800 2920
3943 2800 2831 2706 2920
3944 651 694 152 612
3945 2824 2825 2692 3054
3946 773 929 1013 3037
3947 940 830 939 3073
3948 1364 2899 1375 3032
3949 829 1013 1026 3038
3950 1102 1062 2771 3094
3951 997 996 1087 2779
3952 881 2740 1069 3020
3953 2762 3027 1495 3065
3954 968 961 1004 2966
3955 1291 1253 2772 3027
3956 2797 2913 2775 3045
3957 2699 2850 2823 2912
3958 1404 2769 1497 2961
3959 1346 1190 1430 3028
3960 1019 1025 2886 3058
3961 2768 2918 2834 3072
3962 2827 2849 2693 2980
3963 1053 2832 981 3012
3964 2886 2991 2781 3058
3965 1497 1406 1407 2926
3966 1049 2815 794 3005
3967 901 902 710 2805
3968 866 2788 2977 2985
3969 2794 2949 2691 2980
3970 984 873 1076 3026
3971 1363 1366 1367 3034
3972 1086 919 2998 3011
3973 866 1002 1021 2977
3974 1082 2843 2767 3022
3975 2694 2888 2763 2894
3976 946 945 2906 3030
3977 767 768 769 2852
3978 586 2859 543 3018
3979 148 646 605 1093
3980 2832 2887 2722 3012
3981 38 449 446 1125
3982 447 708 52 436
3983 485 1016 80 707
3984 66 1124 1433 487
3985 1462 2816 1464 3007
3986 1445 1250 1248 2994
3987 936 802 800 2794
3988 925 2768 2957 3069
3989 704 145 617 1090
3990 493 62 477 1108
3991 76 691 483 491
3992 2742 2956 1296 3059
3993 2849 2949 2693 2980
3994 2689 2794 3011 3044
3995 2708 2934 2770 3082
3996 1413 1414 1504 2779
3997 1373 2899 2752 3067
3998 1407 1496 1262 3065
3999 2949 2973 2794 3044
4000 1407 1117 1495 2762
4001 1078 700 990 2762
4002 2749 2765 2889 3095
4003 1262 2773 1257 3071
4004 1288 1353 1503 2922
4005 844 1081 2843 3089
4006 859 2770 869 3056
4007 150 610 634 2854
4008 901 902 2805 3085
4009 881 2940 2740 3020
4010 960 952 955 3025
4011 895 814 795 2894
4012 592 2812 521 2966
4013 968 960 961 3025
4014 1350 1197 1439 2984
4015 596 519 573 2876
4016 794 2815 956 3005
4017 741 2802 740 3096
4018 979 978 2829 3040
4019 2749 2884 2765 3095
4020 681 2854 635 3059
4021 2754 2887 2832 3012
4022 1366 1376 1368 3034
4023 1018 1014 865 2850
4024 1395 2889 1397 2898
4025 2786 2974 1099 3021
4026 2872 3004 2689 3066
4027 924 1066 721 2932
4028 1386 1375 1330 3032
4029 829 830 809 3073
4030 891 869 1062 3094
4031 944 693 943 3030
4032 2755 2925 984 3026
4033 1299 1479 1519 3082
4034 2879 2882 2727 2948
4035 935 911 969 2859
4036 1407 2762 1495 3065
4037 947 945 943 3030
4038 452 444 46 1064
4039 2780 3008 1321 3068
4040 438 466 463 2997
4041 526 2841 590 3033
4042 1299 1234 2807 3001
4043 979 978 702 2829
4044 953 2911 2756 3031
4045 1404 1405 1497 2769
4046 988 987 1080 2769
4047 490 1068 74 482
4048 60 476 488 1485
4049 1128 1414 1413 3081
4050 655 1132 197 637
4051 2809 3017 2685 3047
4052 475 1477 1124 2929
4053 874 2772 836 3026
4054 676 669 631 2777
4055 1386 1129 1374 3032
4056 1470 1397 1395 2889
4057 455 1481 33 438
4058 47 452 1064 445
4059 2692 2928 2782 3057
4060 2756 1370 2965 2992
4061 1077 2833 873 3026
4062 1220 1202 2849 2949
4063 1464 2816 1365 3007
4064 977 994 2896 3074
4065 1238 1488 1289 2860
4066 1187 2821 1428 3063
4067 657 681 635 3059
4068 2870 2916 2789 2964
4069 1351 1342 1242 2844
4070 2711 2897 1355 3017
4071 840 2773 845 3089
4072 1297 1516 1500 3093
4073 780 933 1022 2916
4074 1433 1520 1137 2938
4075 2722 3000 2835 3064
4076 1319 3008 2805 3068
4077 531 593 2828 3083
4078 2703 2831 2838 3023
4079 897 2913 1065 3053
4080 1290 2776 1249 2981
4081 643 2792 666 2979
4082 939 937 2964 3073
4083 669 676 607 2777
4084 1294 1270 2764 3048
4085 1013 801 2904 3038
4086 784 1013 2904 3037
4087 489 499 2868 2929
4088 1480 1477 64 489
4089 1063 78 1060 481
4090 2724 2867 2850 2993
4091 39 446 456 1432
4092 1015 459 53 436
4093 998 999 696 3087
4094 934 2759 2957 3072
4095 593 2966 2828 3083
4096 2751 2983 826 2985
4097 2761 2911 2793 2992
4098 821 2941 2782 3052
4099 1184 1186 1185 2823
4100 2740 2982 1069 3020
4101 1480 63 477 489
4102 481 1063 77 491
4103 1363 1362 2901 3007
4104 1146 1145 1147 2826
4105 2800 3046 743 3096
4106 1009 777 785 2980
4107 1041 1039 841 2917
4108 1325 1194 1189 2822
4109 1187 1151 1434 2821
4110 1286 2817 1308 3082
4111 658 996 711 2927
4112 1184 1185 1183 2823
4113 2816 3007 2752 3067
4114 1217 2922 1225 2973
4115 1187 1434 1428 2821
4116 1478 1125 1432 2837
4117 987 2769 2843 3089
4118 1024 2839 1028 2942
4119 1190 1189 1194 2822
4120 1214 1216 1203 2897
4121 1010 786 778 2824
4122 1145 1331 1147 2826
4123 1257 2773 2900 3071
4124 67 1433 1137 484
4125 1214 1203 1200 2825
4126 1147 2826 1331 3029
4127 2695 2851 2821 3063
4128 1462 1464 1365 3007
4129 53 719 459 1015
4130 1136 39 456 1432
4131 1196 1325 1189 2986
4132 1049 947 958 3005
4133 1077 836 2833 3026
4134 745 792 1047 3046
4135 778 915 1010 2824
4136 2787 3055 939 3073
4137 455 34 1107 439
4138 1308 1305 1481 2817
4139 1450 1448 1271 2988
4140 1182 1184 1183 2993
4141 453 443 467 2915
4142 2732 1297 3004 3093
4143 1317 493 61 1485
4144 1380 1421 2828 3083
4145 817 882 864 3050
4146 1089 698 147 639
4147 1506 643 176 1115
4148 917 2930 2687 2978
4149 1321 3008 2780 3092
4150 926 2774 2952 3056
4151 1067 863 927 2940
4152 1369 2992 1367 3034
4153 2794 2949 2904 2973
4154 1114 1380 1421 2828
4155 2907 2953 2734 3077
4156 1203 1195 1200 2825
4157 2904 2949 2693 2973
4158 980 3040 2765 3095
4159 652 165 705 1073
4160 194 1122 1490 623
4161 1469 1384 1381 3035
4162 451 467 461 2915
4163 1309 1301 1506 2792
4164 1049 794 956 3005
4165 787 2888 806 3010
4166 1478 2837 1432 3093
4167 2796 2840 2767 3081
4168 1273 1448 1444 2988
4169 563 2812 592 3083
4170 1124 65 1477 475
4171 79 486 707 1060
4172 765 767 1018 2850
4173 978 976 702 2829
4174 1201 1202 1217 2973
4175 2782 3057 2928 3091
4176 1202 2949 1217 2973
4177 576 526 590 3033
4178 594 2812 563 3076
4179 908 1009 895 2827
4180 1464 1209 1162 3042
4181 873 832 1075 2776
4182 1492 1249 1290 2776
4183 527 2818 576 3033
4184 161 647 714 3087
4185 1319 1127 1489 3068
4186 993 994 692 2896
4187 1064 444 709 2997
4188 1291 1494 1253 3027
4189 1044 914 1037 2861
4190 541 2811 587 3075
4191 824 2983 807 3010
4192 540 587 517 2962
4193 562 524 583 2963
4194 537 583 2813 3079
4195 1031 1033 854 2881
4196 1009 908 777 2827
4197 521 594 554 2960
4198 634 646 149 1093
4199 1445 2950 1441 2994
4200 2699 2888 2855 2986
4201 1339 1138 1341 3086
4202 2911 2965 2793 2992
4203 610 151 651 991
4204 726 2845 727 2880
4205 1380 2828 3035 3083
4206 2712 2968 2933 3063
4207 647 671 606 2925
4208 677 627 606 2925
4209 1408 680 180 621
4210 750 748 1023 2945
4211 995 977 993 2896
4212 759 3000 790 3064
4213 1237 3057 2782 3091
4214 1363 1367 1462 3007
4215 2907 2734 2975 3077
4216 867 2839 1024 2891
4217 173 604 640 1335
4218 625 144 617 918
4219 648 663 616 2926
4220 609 659 695 2921
4221 648 622 675 2926
4222 799 804 820 2928
4223 1027 1031 856 2881
4224 711 1084 985 2927
4225 1285 2885 1263 3013
4226 2747 2953 2907 3077
4227 2701 2882 2775 3019
4228 1183 1197 1181 2943
4229 506 2842 2919 2938
4230 2851 2933 2697 3063
4231 2791 2857 2716 2970
4232 926 888 2997 3056
4233 1288 2922 2758 3084
4234 150 991 610 2854
4235 795 788 779 2888
4236 1191 2830 1447 2994
4237 776 2863 760 2939
4238 661 3024 684 3080
4239 151 694 651 991
4240 1095 890 2777 2976
4241 2697 2968 2933 3060
4242 863 2782 2940 3052
4243 2695 2825 2851 3063
4244 886 897 1065 3053
4245 2766 2929 2739 3091
4246 2823 2852 2699 2986
4247 1111 1408 180 621
4248 1050 980 979 3040
4249 465 463 445 3094
4250 453 467 465 3094
4251 1474 1132 197 655
4252 1496 2900 1257 3065
4253 1358 2956 2801 3059
4254 828 726 2880 3006
4255 752 753 2873 2959
4256 444 464 454 2932
4257 634 713 150 2854
4258 2742 2854 2801 3059
4259 1459 2885 1440 2955
4260 2685 3017 2931 3047
4261 1149 1150 2864 2987
4262 2761 2793 2944 3016
4263 1373 1211 2899 3067
4264 522 584 2810 2960
4265 522 2810 572 2962
4266 828 1012 726 3006
4267 2739 2938 2940 3090
4268 609 644 679 2921
4269 1184 1435 2912 2993
4270 733 2862 731 2989
4271 541 581 2811 2963
4272 769 772 779 2852
4273 904 2876 2780 3085
4274 699 105 518 2859
4275 1038 850 2895 2990
4276 506 484 494 2938
4277 639 666 667 2792
4278 615 664 637 2856
4279 531 2966 593 3083
4280 2740 2940 2938 3090
4281 774 1024 1028 2942
4282 771 1006 1039 2917
4283 2687 2931 1334 3049
4284 642 639 667 2969
4285 642 670 617 2969
4286 1044 912 914 2936
4287 1036 782 1001 2951
4288 1268 1502 1266 3048
4289 2789 2916 2870 2984
4290 1079 840 838 2946
4291 762 763 2863 2995
4292 2736 2861 2826 2880
4293 816 875 861 3066
4294 783 798 1011 2851
4295 2724 2912 2850 2977
4296 480 497 506 2919
4297 1178 2865 1179 2996
4298 1036 1038 850 2895
4299 504 501 490 2797
4300 2747 2907 2975 3077
4301 900 691 1065 2913
4302 1304 1344 2929 3091
4303 558 580 536 2896
4304 997 2840 1084 2927
4305 775 1042 1040 2883
4306 637 685 655 2856
4307 1482 1108 1317 3045
4308 1077 834 873 2833
4309 516 574 558 2896
4310 1148 2864 1213 2999
4311 789 971 2867 3002
4312 776 982 1031 2939
4313 1328 1327 3018 3036
4314 2793 2965 2911 3031
4315 761 762 763 2863
4316 868 1041 843 2892
4317 761 2869 1003 3000
4318 1180 1179 1178 2865
4319 2697 2839 2806 3060
4320 730 729 731 2879
4321 2782 2941 2711 3052
4322 1380 2828 1469 3035
4323 970 1046 1049 2907
4324 763 789 971 2867
4325 1062 2934 2771 3094
4326 1171 1192 1169 2871
4327 1068 710 74 482
4328 1127 60 488 1485
4329 1108 493 62 1317
4330 76 691 900 483
4331 1114 1469 1380 2828
4332 1173 1418 1171 2871
4333 1332 1150 1195 2864
4334 751 752 753 2873
4335 1182 1181 1180 2865
4336 1384 1469 1397 2889
4337 629 659 682 2796
4338 2743 3055 2787 3073
4339 1439 1443 1354 2870
4340 454 469 458 2932
4341 1207 2835 1436 3015
4342 734 733 770 2862
4343 914 828 728 2880
4344 709 926 888 2997
4345 1181 1350 1179 2865
4346 1154 1156 1155 2878
4347 760 776 762 2863
4348 570 515 571 3072
4349 1166 1460 1452 2924
4350 2924 2944 2793 3016
4351 1149 1150 1148 2864
4352 1165 1164 1166 2971
4353 1071 2930 2711 3052
4354 2731 3022 2843 3089
4355 1018 789 765 2867
4356 2848 2936 2736 3036
4357 1169 1171 2871 2947
4358 733 732 731 2862
4359 2933 2968 2748 3060
4360 761 971 1003 2869
4361 1440 1459 1285 2885
4362 1309 1437 1239 3084
4363 748 746 771 2875
4364 447 436 462 2974
4365 685 602 2842 2982
4366 867 1024 1017 2891
4367 480 506 2842 2919
4368 548 592 521 2966
4369 806 824 807 3010
4370 749 750 751 2873
4371 896 796 907 2948
4372 486 481 499 2868
4373 1388 1206 1180 2877
4374 1217 1353 1225 2922
4375 643 666 638 2979
4376 680 179 657 1408
4377 1160 1465 1464 3042
4378 532 584 2960 3076
4379 531 593 544 2828
4380 668 619 638 2979
4381 1444 1439 2870 2984
4382 1420 1176 1207 2866
4383 1444 1439 1275 2870
4384 749 747 748 2875
4385 941 1092 940 3055
4386 489 475 499 2929
4387 1155 1441 1153 2878
4388 685 602 655 2842
4389 161 714 998 3087
4390 969 913 958 2903
4391 629 658 711 2927
4392 551 527 576 3033
4393 1206 1389 1438 2877
4394 904 722 718 2876
4395 1360 1362 1364 2901
4396 1423 2905 1451 2920
4397 1379 1372 1378 2902
4398 556 591 520 2829
4399 1147 1454 2909 3029
4400 967 1055 1053 2832
4401 1432 38 446 1125
4402 1015 52 708 436
4403 572 528 2962 3075
4404 1455 1267 2890 2967
4405 1055 981 1053 2832
4406 647 161 624 3087
4407 499 498 486 2929
4408 585 593 525 2828
4409 1369 1377 1372 2902
4410 1516 2786 3024 3093
4411 559 581 2963 3079
4412 1361 1363 1362 2901
4413 1455 1453 1267 2967
4414 1426 1220 1202 2849
4415 1042 2873 750 2945
4416 1042 752 750 2873
4417 449 462 446 2837
4418 1191 1447 1445 2994
4419 1327 2937 2785 3036
4420 1338 1342 1351 2918
4421 2751 2983 2778 3010
4422 1489 488 59 478
4423 492 482 73 1072
4424 1038 1001 775 2883
4425 1294 1268 1270 3048
4426 800 801 808 2904
4427 785 784 800 2904
4428 957 958 947 2903
4429 1148 1332 1213 2864
4430 745 746 747 2875
4431 1207 1174 1436 2835
4432 1454 1149 1147 2909
4433 2716 2857 2791 3070
4434 1321 1135 1139 3092
4435 833 1030 1028 2942
4436 2918 2957 2759 3072
4437 1142 1236 1320 2958
4438 1053 967 2832 3095
4439 965 1029 791 2944
4440 728 726 727 2880
4441 1125 1478 1518 2837
4442 1171 2947 1170 2991
4443 951 950 952 2908
4444 2835 2866 2716 3000
4445 1249 1248 1250 2981
4446 1263 1285 1457 2885
4447 1364 1466 1375 2899
4448 545 518 105 2859
4449 1172 1171 1170 2991
4450 2722 2866 2835 3000
4451 949 946 950 2908
4452 1440 1458 1188 2874
4453 697 963 1052 2884
4454 796 729 907 2879
4455 1486 1132 1474 2856
4456 1487 1486 1289 2860
4457 1307 1490 1306 3047
4458 1038 1040 848 2990
4459 1038 2883 1040 2990
4460 1064 444 46 709
4461 1483 440 31 450
4462 454 1066 45 444
4463 699 935 105 2859
4464 826 866 865 2977
4465 1423 1188 1456 2905
4466 1257 2900 1258 3071
4467 1479 1286 1308 3082
4468 1325 1212 1312 2893
4469 1277 1417 1342 2844
4470 997 2779 2840 2927
4471 987 2843 2769 2921
4472 2799 2858 2702 3037
4473 2705 2858 2799 3038
4474 734 1017 736 2891
4475 713 634 149 1093
4476 931 862 824 2983
4477 1356 1275 1354 2870
4478 2766 2928 2795 3057
4479 1256 1255 1254 2900
4480 698 148 605 1093
4481 1047 1045 948 2906
4482 1472 1436 1383 3015
4483 1032 1030 835 3023
4484 1280 1238 1289 2860
4485 2766 3057 1240 3091
4486 2773 2961 2769 3089
4487 1364 1362 1373 2899
4488 2823 2912 2850 2993
4489 63 1480 477 1108
4490 691 77 1063 491
4491 2713 2996 2939 3070
4492 909 2841 1012 3006
4493 852 1033 1036 2895
4494 2838 2853 2707 3023
4495 643 667 666 2792
4496 2781 2886 2715 2991
4497 846 1040 868 2892
4498 755 1019 1025 2886
4499 730 914 728 2861
4500 826 862 1051 2985
4501 872 3020 917 3052
4502 866 2977 826 2985
4503 1470 1472 1384 2889
4504 1323 1141 1123 3033
4505 1026 1022 937 2964
4506 2828 2884 2765 3035
4507 948 946 945 2906
4508 570 595 555 2834
4509 1264 1263 1265 2954
4510 765 2867 763 2995
4511 1178 1176 2866 2996
4512 1282 2912 1438 3003
4513 1467 1396 1397 2898
4514 826 2983 862 2985
4515 631 1491 192 632
4516 1074 607 163 633
4517 2771 2934 2817 3094
4518 2710 2874 2945 2955
4519 1121 173 640 1335
4520 704 617 144 918
4521 760 2863 761 3000
4522 177 619 1510 1115
4523 856 855 857 3041
4524 2914 3009 2741 3074
4525 765 763 764 2995
4526 736 2891 1024 3014
4527 661 684 618 3080
4528 1487 1333 1132 2856
4529 1435 1438 1282 2912
4530 1178 1177 1176 2996
4531 1233 1232 2872 3044
4532 1262 2961 2773 3071
4533 134 542 543 3018
4534 791 1025 965 3058
4535 952 954 955 2911
4536 872 1070 917 3020
4537 1451 1456 1256 2905
4538 2928 3057 2766 3091
4539 2790 2900 2718 2946
4540 973 2869 971 3002
4541 1022 2916 1027 2964
4542 935 545 105 2859
4543 760 761 759 3000
4544 1306 2931 1287 3047
4545 1228 1229 1230 2968
4546 1257 1256 1258 2900
4547 858 1022 1027 2964
4548 532 2960 594 3076
4549 973 2914 975 3012
4550 737 2907 793 2953
4551 736 1024 738 3014
4552 953 1043 2911 3031
4553 587 2962 528 3075
4554 744 743 742 3096
4555 619 177 638 1115
4556 1491 1113 192 632
4557 696 1074 163 633
4558 583 559 2963 3079
4559 1431 1184 1435 2912
4560 1414 3048 2779 3081
4561 531 592 2966 3083
4562 950 953 952 2911
4563 1083 880 875 3021
4564 1392 1398 1470 2887
4565 950 946 1045 2906
4566 1163 1423 1161 2920
4567 1282 1224 1431 2912
4568 2705 2787 2870 2964
4569 972 973 971 3002
4570 991 150 713 2854
4571 784 1013 801 2904
4572 706 722 723 2876
4573 1077 836 834 2833
4574 1003 2869 973 3012
4575 1308 1481 33 455
4576 445 1064 47 891
4577 2728 2870 2787 2964
4578 2909 2953 2747 3077
4579 607 164 652 1073
4580 631 193 1490 623
4581 1466 1373 1211 2899
4582 2715 2947 2886 2959
4583 831 1028 867 2839
4584 882 1062 893 2934
4585 1003 973 981 3012
4586 1004 963 697 2966
4587 551 590 534 3033
4588 2721 2767 2954 3022
4589 2713 2863 2939 2996
4590 686 1513 655 2842
4591 810 811 798 2933
4592 816 936 1086 3011
4593 2733 2859 2785 3018
4594 793 737 1046 2907
4595 2713 2939 2803 3070
4596 756 2951 782 2970
4597 2886 2947 2715 2991
4598 986 2843 987 2921
4599 1414 1294 1504 3048
4600 1149 2909 1151 2987
4601 910 909 1012 3006
4602 2737 2937 2841 3033
4603 590 565 578 2841
4604 1286 1305 1308 2817
4605 1152 1151 1149 2909
4606 2747 2953 2909 3062
4607 1447 1250 1445 2994
4608 601 653 684 3080
4609 2705 2858 2789 3028
4610 753 1025 791 2886
4611 953 1043 954 2911
4612 708 1061 1015 2974
4613 1044 793 970 2907
4614 870 938 1071 2930
4615 1287 1488 1355 2931
4616 1416 1113 1512 2814
4617 1214 1227 1355 2897
4618 1198 1423 1451 2920
4619 2698 2953 2909 3077
4620 487 498 475 2929
4621 727 725 819 2845
4622 920 921 2834 3072
4623 905 902 904 3085
4624 1344 1304 1240 3091
4625 1278 1233 2872 3004
4626 2795 2928 2692 3057
4627 1287 2931 1355 3017
4628 975 973 974 2914
4629 1442 1170 1208 2991
4630 1351 1120 1337 2918
4631 2762 3026 2925 3027
4632 594 2960 2812 3076
4633 587 2811 2962 3075
4634 1134 1338 1337 2918
4635 1216 1355 1238 2897
4636 1408 179 657 1130
4637 2717 2908 2810 2960
4638 695 987 988 2921
4639 673 613 674 3087
4640 1168 1452 1208 2924
4641 1107 1308 34 455
4642 583 2963 2813 3079
4643 2731 2954 2843 3022
4644 504 476 501 2797
4645 2802 3051 2703 3096
4646 2725 2901 2811 2963
4647 2810 2908 2719 2962
4648 1119 1395 1396 2898
4649 619 668 681 2801
4650 701 959 951 2960
4651 529 703 86 3072
4652 1246 1443 1430 3028
4653 2698 2909 2953 3062
4654 1463 1211 1156 2923
4655 591 589 546 2829
4656 1228 1227 1215 2968
4657 1233 1219 1232 3044
4658 1227 1355 2897 3017
4659 134 543 1352 3018
4660 1304 1477 1480 2929
4661 894 886 827 3053
4662 987 845 1080 3089
4663 959 1005 949 2962
4664 1360 1359 1110 2963
4665 1116 542 134 3018
4666 1315 1324 1313 2882
4667 1461 2848 1387 2975
4668 2812 2966 592 3083
4669 2701 2879 2882 2999
4670 978 975 976 2914
4671 1127 488 59 1489
4672 482 710 73 1072
4673 2738 3051 2802 3096
4674 2810 3034 2717 3076
4675 755 757 1019 3064
4676 2874 2726 2945 2955
4677 1156 1158 1157 2923
4678 1212 1222 1231 2893
4679 1283 1438 1419 3003
4680 852 850 851 2895
4681 2742 3041 2787 3055
4682 933 776 1027 2916
4683 846 2892 843 3022
4684 2977 2985 2788 3003
4685 2740 2856 2842 2982
4686 1265 1267 1266 2890
4687 1102 1054 690 2915
4688 998 624 161 3087
4689 815 861 2846 3066
4690 1009 2827 2980 3050
4691 846 843 844 3022
4692 662 640 604 2819
4693 1429 1323 1326 3033
4694 2704 2861 2909 3062
4695 2732 2872 2846 3066
4696 732 2862 734 3062
4697 531 563 592 3083
4698 1056 1054 883 2915
4699 448 461 443 2915
4700 2770 2934 2817 3082
4701 1061 880 1015 2974
4702 1167 1166 1168 2924
4703 1208 2924 1452 3016
4704 1523 1335 1336 2819
4705 2702 2858 2799 3028
4706 1395 1393 1392 3009
4707 771 1041 1023 2917
4708 2704 2909 2861 3029
4709 2728 2964 2787 3041
4710 2864 2879 2704 2989
4711 1081 844 842 3089
4712 2756 2965 2911 2992
4713 2733 3018 2785 3036
4714 2870 2916 2728 2984
4715 857 939 858 3041
4716 2931 3017 1287 3047
4717 587 572 528 2962
4718 2716 2791 2939 3070
4719 2705 2787 2964 3073
4720 583 559 581 2963
4721 1016 1103 881 2919
4722 2723 2895 2890 2990
4723 532 584 594 2960
4724 2735 2895 2890 2967
4725 594 563 532 3076
4726 921 922 717 2834
4727 792 747 1043 3031
4728 1126 1483 31 450
4729 444 1066 45 709
4730 2704 2864 2862 2987
4731 2728 2916 2870 2964
4732 2756 2911 2965 3031
4733 2862 2864 2704 2989
4734 2723 2890 2895 2967
4735 735 732 734 3062
4736 1071 917 2930 3052
4737 2883 2885 2721 3088
4738 2720 2885 2883 3088
4739 2861 2747 2909 3062
4740 528 541 587 3075
4741 2705 2799 2858 3028
4742 531 592 593 2966
4743 537 559 583 3079
4744 1283 2910 1243 3003
4745 1310 1312 1231 2893
4746 1402 1403 1501 2796
4747 2878 2891 2698 3014
4748 817 815 928 2846
4749 655 1513 1474 2842
4750 2730 3035 2828 3083
4751 2714 2869 2866 3078
4752 2866 2869 2722 3078
4753 195 641 615 3049
4754 2721 2885 2892 3013
4755 2890 2895 2735 2990
4756 2825 2897 2692 3054
4757 759 757 758 2970
4758 2702 2858 2943 3061
4759 2714 2877 2869 3078
4760 757 755 756 2970
4761 2886 2947 2744 2959
4762 686 602 508 2842
4763 787 788 806 2888
4764 2701 2864 2879 2999
4765 2747 2907 2848 2975
4766 574 552 580 2896
4767 582 586 545 2859
4768 2785 2736 2937 3006
4769 2727 2882 2879 2999
4770 2743 2956 2787 3055
4771 2714 2865 2863 2995
4772 2863 2865 2714 2996
4773 2871 2883 2723 3088
4774 758 756 782 2970
4775 685 2856 608 2982
4776 1387 1466 1463 2975
4777 166 626 614 2978
4778 2712 2897 2825 3054
4779 2714 2867 2865 2995
4780 1236 1144 1324 2958
4781 2720 2883 2871 3088
4782 1484 1433 1124 2938
4783 2863 2714 2866 2996
4784 2808 2881 2728 3041
4785 2714 2863 2866 3000
4786 2883 2890 2723 3088
4787 2932 2952 2774 3086
4788 1268 1267 1269 2967
4789 2714 2866 2869 3000
4790 2869 2887 2722 3078
4791 986 695 985 2921
4792 2861 2909 2747 3029
4793 2710 2875 2874 2971
4794 2869 2877 2741 3078
4795 949 1005 944 2962
4796 1015 1099 719 2974
4797 701 951 960 2960
4798 921 717 920 2834
4799 2883 2721 2890 3088
4800 2862 2864 2695 2987
4801 2848 2907 2757 2975
4802 2785 2937 2736 3036
4803 1510 619 178 657
4804 1099 2786 3021 3080
4805 2783 2983 2910 2985
4806 1299 1300 1234 3001
4807 934 925 921 2957
4808 2701 2879 2864 2989
4809 2867 2714 2877 3002
4810 2695 2864 2862 2989
4811 1374 1359 1360 2963
4812 2700 2891 2878 3014
4813 1019 790 1055 3064
4814 2817 2934 2771 3082
4815 2869 2877 2714 3002
4816 2734 2953 2878 3077
4817 2933 2968 2697 3063
4818 835 837 1032 2853
4819 468 446 462 2974
4820 665 678 2978 3049
4821 2706 2874 2875 2971
4822 2863 2865 2713 2995
4823 2713 2865 2863 2996
4824 2869 2741 2887 3078
4825 941 879 1105 3055
4826 2744 2947 2886 2991
4827 2751 2910 2985 3003
4828 2811 2962 2719 3030
4829 2865 2867 2709 2995
4830 1437 1247 1226 2836
4831 2863 2866 2716 2996
4832 1460 2965 1370 2992
4833 2716 2866 2863 3000
4834 2723 2890 2883 2990
4835 961 963 1004 2966
4836 166 916 626 2978
4837 1382 1208 1446 3016
4838 2722 2869 2866 3000
4839 2725 2963 2813 3032
4840 1177 2996 1193 3070
4841 195 615 1333 3049
4842 2716 2939 2863 2996
4843 2704 2862 2909 2987
4844 2867 2877 2724 3002
4845 2704 2879 2864 2999
4846 164 607 1074 1073
4847 1490 1491 193 631
4848 1164 1209 1460 2965
4849 1372 1371 1369 2992
4850 2788 2724 2977 3003
4851 602 480 508 2842
4852 629 682 620 2796
4853 642 146 1089 1090
4854 1506 175 603 1507
4855 920 934 921 3072
4856 2696 2922 2794 2973
4857 1369 1370 1367 2992
4858 2741 2869 2887 3012
4859 994 993 977 2896
4860 2883 2890 2721 2990
4861 2698 2862 2909 3062
4862 2856 2860 2687 3020
4863 2876 3008 2750 3092
4864 2741 2877 2869 3002
4865 506 2919 474 2938
4866 538 529 86 3072
4867 1075 813 1008 2976
4868 2787 2956 2742 3055
4869 735 2953 793 3062
4870 2722 2887 2869 3012
4871 2691 2872 3044 3066
4872 812 2933 811 3060
4873 2739 3090 2940 3091
4874 2691 2849 2807 3050
4875 2939 2996 2716 3070
4876 658 711 154 629
4877 812 1011 798 2933
4878 2704 2909 2862 3062
4879 2782 2940 3090 3091
4880 758 982 760 2939
4881 664 608 685 2856
4882 2698 2878 2953 3077
4883 2720 2945 2885 2955
4884 2772 3027 2762 3065
4885 2726 2892 2885 3013
4886 2707 2853 2838 3043
4887 500 506 474 2938
4888 2820 2844 2768 3069
4889 3021 3024 2686 3080
4890 1245 1143 1429 2937
4891 1210 1461 1387 2975
4892 1142 1144 2958 2972
4893 2698 2909 2862 2987
4894 2835 3015 2722 3064
4895 2873 2947 2720 2959
4896 1460 1370 1371 2992
4897 2806 2981 2707 2994
4898 436 459 468 2974
4899 964 2884 963 3039
4900 737 2953 736 3014
4901 2885 2945 2726 2955
4902 2812 2966 2730 3025
4903 832 831 813 3060
4904 2842 2919 2740 2982
4905 2796 2927 2840 3081
4906 2716 2857 2835 2970
4907 2913 3045 2690 3053
4908 2756 2906 2816 3007
4909 913 911 912 2936
4910 2843 2954 2767 3022
4911 2741 2887 2914 3012
4912 2775 3045 2913 3053
4913 819 898 907 2948
4914 1116 134 1352 3018
4915 1116 1328 1327 3018
4916 1328 1352 1386 3018
4917 1292 1500 1523 3004
4918 2751 2985 2977 3003
4919 1298 2938 1484 3090
4920 735 793 1037 3062
4921 880 1015 2974 3021
4922 1209 1462 1370 2965
4923 2728 2881 2808 2988
4924 1207 1176 1174 2835
4925 997 711 996 2927
4926 2878 2953 2734 3014
4927 1160 3042 1161 3051
4928 2780 3008 2876 3092
4929 1197 2943 1346 3028
4930 646 681 668 2801
4931 2830 2838 2707 3023
4932 1102 690 1062 3094
4933 861 928 815 2846
4934 2750 3008 2876 3085
4935 1219 1217 2949 3044
4936 2878 2698 2953 3014
4937 544 593 585 2828
4938 1069 2982 715 3020
4939 530 570 538 2834
4940 2873 2744 2947 2959
4941 1278 1292 1233 3004
4942 2794 2904 2696 2973
4943 2803 2939 2791 3070
4944 1247 1246 1226 2836
4945 867 812 831 3060
4946 2760 3009 2914 3074
4947 657 178 1510 1130
4948 2740 2860 2856 3020
4949 86 703 920 3072
4950 791 1035 751 2944
4951 856 854 855 2881
4952 563 594 592 2812
4953 682 679 650 2921
4954 2737 2841 2937 3006
4955 572 522 584 2810
4956 2754 2914 2887 3012
4957 2745 2800 3042 3046
4958 639 146 1089 642
4959 643 175 603 1506
4960 2763 2844 2820 3069
4961 1185 1346 1183 2943
4962 2754 2887 2914 3009
4963 581 587 541 2811
4964 2744 2944 2924 3016
4965 2741 2914 2887 3009
4966 2740 2919 2842 2938
4967 954 1035 1029 2944
4968 583 582 537 2813
4969 1154 2878 1153 3077
4970 1459 1167 1169 2955
4971 1030 1007 2942 3023
4972 1007 774 1030 2942
4973 1037 2861 730 3062
4974 2713 2916 2789 2984
4975 2799 2904 2693 2973
4976 1192 2871 1418 3088
4977 2689 3044 2872 3066
4978 658 683 612 2927
4979 754 1001 756 2951
4980 168 608 715 2982
4981 2721 2892 2954 3013
4982 2828 2884 2730 2966
4983 500 487 484 2938
4984 1178 2866 1420 3078
4985 2687 3020 2860 3052
4986 812 811 813 3060
4987 1291 1495 3027 3065
4988 2912 2977 2724 3003
4989 2732 3021 2974 3093
4990 1121 1517 1336 2819
4991 2691 2949 2849 2980
4992 2791 2951 2857 2970
4993 1389 2877 1388 3078
4994 825 934 931 2957
4995 788 795 805 2894
4996 962 964 963 3039
4997 573 539 576 2818
4998 939 937 858 2964
4999 593 548 525 2966
5000 1154 1210 1463 3077
5001 2803 2881 2728 2988
5002 2900 2946 2790 3071
5003 1398 2887 1390 3078
5004 1269 1453 1450 2967
5005 901 903 902 3085
5006 849 876 1085 2840
5007 752 775 754 2959
5008 1457 2885 1459 3088
5009 2812 2902 2717 3025
5010 2719 2908 2810 3034
5011 2742 2956 2801 3055
5012 1455 2890 1265 3088
5013 762 933 764 2995
5014 1179 1193 1177 2996
5015 1152 2909 1454 3077
5016 1252 1251 2981 3043
5017 2811 2901 2725 3030
5018 1154 1153 1152 3077
5019 858 856 857 3041
5020 1099 2974 1015 3021
5021 495 58 478 3068
5022 2744 2798 2944 3016
5023 595 570 530 2834
5024 2733 2903 2813 3032
5025 1455 1192 1418 3088
5026 2691 2949 2794 3044
5027 1340 1341 1343 3086
5028 1021 972 789 3002
5029 1210 2975 1463 3077
5030 2700 2891 2839 2950
5031 2841 2785 2937 3006
5032 1262 1404 1497 2961
5033 759 1003 790 3000
5034 1169 1168 1170 2947
5035 2876 3008 2780 3085
5036 2754 2832 2889 3095
5037 974 976 2914 3074
5038 738 739 737 3014
5039 1009 2980 803 3050
5040 591 556 589 2829
5041 1390 1389 1388 3078
5042 1388 1178 1420 3078
5043 1014 787 807 3010
5044 2745 3042 2816 3046
5045 964 965 966 3039
5046 1307 1235 1425 3047
5047 656 608 168 2982
5048 2737 2937 2880 3006
5049 966 3039 965 3058
5050 659 985 155 695
5051 508 494 1137 2842
5052 1420 1398 1390 3078
5053 962 1029 965 3039
5054 1053 3040 980 3095
5055 2749 3035 2884 3039
5056 2703 2838 2830 3023
5057 876 1084 997 2840
5058 1232 1345 1278 2872
5059 2729 2881 2803 2988
5060 2786 3024 3021 3080
5061 2757 2899 2815 3005
5062 2715 2871 2947 2959
5063 1202 1220 1219 2949
5064 1291 3027 2772 3065
5065 868 1042 1023 2945
5066 2700 2950 2839 2994
5067 735 736 737 2953
5068 1192 1457 1459 3088
5069 1457 1455 1265 3088
5070 925 2957 825 3069
5071 1037 730 732 3062
5072 1164 1163 1162 2971
5073 2810 2962 2719 3075
5074 2717 2960 2810 3076
5075 1218 1217 1225 2973
5076 592 594 521 2812
5077 977 1002 994 3074
5078 1224 1223 1204 2855
5079 1018 865 1021 2977
5080 645 684 661 3024
5081 572 584 561 2810
5082 741 740 742 3096
5083 2725 2963 2811 3079
5084 2710 2945 2873 2955
5085 1298 1433 1484 2938
5086 581 517 587 2811
5087 447 462 460 2837
5088 1231 1286 1310 3082
5089 2830 2707 2942 3023
5090 582 583 524 2813
5091 576 590 551 3033
5092 522 554 584 2960
5093 2815 2899 2752 3005
5094 1283 1243 1282 3003
5095 1317 1316 1314 3045
5096 2798 3039 2749 3058
5097 522 572 540 2962
5098 986 1082 987 2843
5099 2751 2977 2912 3003
5100 974 977 976 3074
5101 2721 2954 2892 3022
5102 541 562 581 2963
5103 2884 3035 2730 3039
5104 2704 2861 2826 3029
5105 1258 1260 1259 3071
5106 1250 1252 1251 2981
5107 785 802 803 2980
5108 2731 2954 2892 3013
5109 609 659 155 695
5110 681 634 635 2854
5111 1436 1172 1442 2991
5112 2754 2889 3040 3095
5113 538 2834 570 3072
5114 2807 2849 2708 3050
5115 2880 2937 2736 3006
5116 1197 1346 1443 3028
5117 2826 2861 2736 3029
5118 2720 2873 2945 2955
5119 2703 2920 2800 3051
5120 1196 1186 1204 2986
5121 912 910 828 3006
5122 2752 2899 2815 3067
5123 920 538 86 3072
5124 2801 2956 2742 3059
5125 925 825 1000 3069
5126 1290 1249 1251 2981
5127 826 807 824 2983
5128 1435 1182 1206 2993
5129 2830 2700 2942 2994
5130 2845 2880 2737 2972
5131 2745 2965 2793 3031
5132 2720 2947 2871 2959
5133 1053 981 975 3012
5134 1152 1454 1210 3077
5135 2696 2904 2799 2973
5136 2693 2904 2799 3037
5137 874 836 1077 3026
5138 2799 2904 2696 3038
5139 1137 1513 508 2842
5140 1077 873 984 3026
5141 678 614 665 2978
5142 665 641 678 3049
5143 1319 1320 1318 3008
5144 1291 1407 1495 3065
5145 1391 1393 1394 3009
5146 1095 1008 890 2976
5147 1121 1336 1335 2819
5148 2765 2898 2889 3040
5149 987 2843 1081 3089
5150 809 1020 822 2847
5151 2738 3046 2800 3096
5152 1140 3008 1321 3092
5153 906 1012 909 2841
5154 860 1000 805 3069
5155 2823 2852 2702 3061
5156 478 502 507 3068
5157 573 576 527 2818
5158 1429 1141 1323 3033
5159 2798 2761 2944 3016
5160 2708 2849 2827 3050
5161 2892 2954 2731 3022
5162 1069 1103 1057 2982
5163 1187 1150 1151 2987
5164 1494 1251 1253 3043
5165 2773 2946 2900 3071
5166 733 915 778 2989
5167 1082 844 2843 3022
5168 1477 1344 1124 2929
5169 1489 478 58 3068
5170 685 656 602 2982
5171 1221 1240 1244 3057
5172 480 506 494 2842
5173 1320 1321 1140 3008
5174 994 866 1051 2985
5175 2839 2942 2700 2994
5176 880 1099 1015 3021
5177 2754 2889 2898 3040
5178 1193 1350 1444 2984
5179 2715 2857 2951 2970
5180 1219 1353 1217 3044
5181 2811 2901 2719 3075
5182 2858 2943 2789 3028
5183 1147 1148 1146 2999
5184 1175 1199 1173 2857
5185 2725 2903 2813 3079
5186 2717 2902 2812 3076
5187 1520 1433 1298 2938
5188 1357 1509 1358 2956
5189 466 444 452 2997
5190 2974 3021 2786 3093
5191 2812 2902 2730 3083
5192 1472 1398 1207 3015
5193 1187 1428 1200 3063
5194 166 614 705 2978
5195 2821 2851 2697 3063
5196 2801 2956 2743 3055
5197 1287 3017 1235 3047
5198 686 508 1513 2842
5199 1458 1285 1260 3013
5200 1082 844 1081 2843
5201 996 711 153 658
5202 869 814 893 2934
5203 918 1106 919 2998
5204 467 443 461 2915
5205 2800 2738 3042 3046
5206 929 780 1026 2858
5207 849 850 848 2990
5208 2702 2943 2823 3061
5209 757 759 790 3064
5210 2823 2943 2709 3061
5211 463 466 452 2997
5212 1071 872 917 3052
5213 609 682 659 2921
5214 822 1020 892 2847
5215 953 1045 792 3031
5216 2702 2943 2858 3028
5217 58 495 1322 3068
5218 1441 1445 1284 2950
5219 916 166 705 2978
5220 472 512 27 600
5221 602 508 70 686
5222 513 510 55 599
5223 1099 3021 1083 3080
5224 2705 3038 2836 3073
5225 781 1007 1032 3023
5226 2800 3042 2738 3051
5227 1057 168 715 2982
5228 586 543 542 3018
5229 947 956 945 3005
5230 41 473 689 442
5231 687 42 442 470
5232 688 69 480 511
5233 904 723 2876 3085
5234 2831 2905 2706 2920
5235 598 441 28 471
5236 597 509 56 479
5237 2816 2906 2752 3007
5238 1363 1365 1362 3007
5239 1424 1447 1191 2830
5240 1013 929 1026 2858
5241 1006 781 1034 2831
5242 2896 2935 2760 3074
5243 195 1122 641 3049
5244 1223 1205 1204 2855
5245 2765 3040 2889 3095
5246 695 986 987 2921
5247 821 799 820 2941
5248 1057 656 168 2982
5249 2781 3015 2835 3064
5250 937 939 830 3073
5251 801 829 809 3038
5252 2961 3071 2731 3089
5253 784 777 773 3037
5254 2833 2853 2707 3043
5255 1175 1173 1174 2857
5256 2818 2876 2750 3092
5257 571 538 570 3072
5258 195 1333 1122 3049
5259 2719 2901 2811 3030
5260 1328 1330 1329 3036
5261 725 727 726 2845
5262 2815 2923 2738 3067
5263 1373 1365 1465 3067
5264 1452 1371 1446 3016
5265 558 574 580 2896
5266 2730 2902 2812 3025
5267 2813 2903 2725 3032
5268 2897 2941 2692 3054
5269 911 935 699 2859
5270 2691 2980 2849 3050
5271 1159 1158 1160 3051
5272 2816 3042 2738 3046
5273 2810 2908 2717 3034
5274 1289 1280 2860 3090
5275 1476 654 171 3024
5276 508 602 70 480
5277 1028 1024 867 2839
5278 645 171 654 3024
5279 1009 803 864 3050
5280 475 498 499 2929
5281 512 472 27 441
5282 510 513 55 479
5283 936 808 871 3011
5284 1142 1143 1144 2972
5285 1016 474 81 2919
5286 1262 1259 2961 3071
5287 786 799 797 3054
5288 2703 3051 2800 3096
5289 2856 2982 2740 3020
5290 2733 2936 2848 3036
5291 2830 2942 2707 2994
5292 1510 1130 1358 3059
5293 2719 2962 2811 3075
5294 1309 1239 1301 3084
5295 1264 1499 1261 2954
5296 2772 2853 2833 3043
5297 2805 2780 3008 3085
5298 2812 2960 2717 3076
5299 1243 1283 1468 2910
5300 2813 2963 2725 3079
5301 601 42 442 687
5302 442 689 41 601
5303 480 602 69 688
5304 768 766 929 3061
5305 2800 3051 2738 3096
5306 28 512 441 598
5307 56 597 479 513
5308 1380 1381 1379 3035
5309 1296 1356 1357 2956
5310 2850 2912 2724 2993
5311 860 859 926 3056
5312 829 937 830 3073
5313 1014 1018 767 2850
5314 1262 1257 1259 3071
5315 1304 1344 1477 2929
5316 2784 2952 2932 3086
5317 540 572 587 2962
5318 594 584 554 2960
5319 1414 1502 3048 3081
5320 581 562 583 2963
5321 2805 3008 2780 3068
5322 980 1053 978 3040
5323 664 685 637 2856
5324 2751 2910 2983 2985
5325 2730 2966 2812 3083
5326 1461 1330 1387 2848
5327 593 592 548 2966
5328 1162 1161 1160 3042
5329 2782 2940 2860 3090
5330 881 872 2940 3020
5331 1503 1353 1233 3044
5332 2732 2974 2837 3093
5333 1064 888 891 2997
5334 624 673 674 3087
5335 497 81 474 2919
5336 766 768 767 3061
5337 1142 1144 1236 2958
5338 955 962 961 3025
5339 946 944 945 3030
5340 1281 1220 1426 2849
5341 565 590 526 2841
5342 2749 2889 2832 3095
5343 1321 3008 1319 3068
5344 2773 3071 2961 3089
5345 2849 2980 2827 3050
5346 1364 1375 1374 3032
5347 2779 3048 2840 3081
5348 783 1011 770 2851
5349 1410 1411 1394 2935
5350 2769 2961 2843 3089
5351 2855 2888 2699 3010
5352 1237 1240 3057 3091
5353 2844 2957 2768 3069
5354 612 996 153 658
5355 1401 1495 1400 3027
5356 58 1322 1489 3068
5357 864 803 817 3050
5358 827 886 885 3053
5359 1331 1461 1454 3029
5360 2730 2884 2828 3035
5361 1369 1367 1368 3034
5362 842 840 845 3089
5363 768 772 769 2852
5364 957 969 958 2903
5365 1361 1362 1360 2901
5366 1520 1474 1137 2842
5367 840 839 838 2946
5368 462 449 460 2837
5369 2754 2898 2829 3040
5370 786 797 783 3054
5371 917 1104 2930 2978
5372 1377 1378 1372 2902
5373 859 869 888 3056
5374 1065 885 886 3053
5375 807 787 806 3010
5376 883 1054 1102 2915
5377 1468 1279 1243 2910
5378 1099 1083 716 3080
5379 950 951 949 2908
5380 1019 966 1025 3058
5381 655 602 686 2842
5382 741 742 743 3096
5383 1288 1301 1239 3084
5384 934 920 703 3072
5385 2707 2981 2833 3043
5386 688 169 1096 656
5387 198 655 686 1513
5388 836 837 835 2853
5389 1273 1272 1271 2988
5390 1306 1287 1235 3047
5391 871 1100 1086 3011
5392 997 1084 711 2927
5393 1058 1097 83 566
5394 1159 1160 1161 3051
5395 1013 784 773 3037
5396 600 83 1097 566
5397 1486 1487 1132 2856
5398 743 1047 1048 3046
5399 1013 829 801 3038
5400 802 816 815 3066
5401 719 473 54 459
5402 456 470 40 1136
5403 2740 2860 2940 3090
5404 2845 2958 2727 2972
5405 1052 967 980 3095
5406 629 628 683 2927
5407 497 720 81 2919
5408 1366 1361 1422 3075
5409 943 942 957 3079
5410 641 665 615 3049
5411 1118 1377 1368 3076
5412 1342 1417 1242 2844
5413 1496 1255 2900 3065
5414 997 1085 876 2840
5415 645 1133 171 3024
5416 1177 1399 1175 3070
5417 1322 1321 1319 3068
5418 1479 1299 1310 3082
5419 1297 1500 1292 3004
5420 1456 1451 1423 2905
5421 1327 1328 1329 3036
5422 505 489 499 2868
5423 872 2940 3020 3052
5424 1016 81 720 2919
5425 907 898 896 2948
5426 2846 2872 2691 3066
5427 1380 1378 1421 3083
5428 1070 1069 715 3020
5429 1297 1292 1278 3004
5430 1216 1237 1221 3057
5431 655 198 1474 1513
5432 169 1057 1096 656
5433 904 903 723 3085
5434 1516 1432 1136 3093
5435 1511 140 1135 568
5436 718 569 111 1094
5437 723 722 904 2876
5438 436 468 462 2974
5439 2828 2966 2730 3083
5440 1200 1428 1215 3063
5441 899 900 897 2913
5442 1361 1110 1422 3075
5443 991 713 1091 2854
5444 863 2940 872 3052
5445 720 497 82 511
5446 494 1137 68 508
5447 712 957 942 3079
5448 609 679 682 2921
5449 1385 1377 1118 3076
5450 1482 1314 1303 3045
5451 634 610 635 2854
5452 599 111 569 1094
5453 568 1511 140 597
5454 714 1076 998 3087
5455 1476 171 1133 3024
5456 2740 2940 2860 3020
5457 1394 1411 1419 2935
5458 626 665 614 2978
5459 1219 1217 1202 2949
5460 1385 1421 1378 3083
5461 2779 2840 2927 3081
5462 1009 785 803 2980
5463 730 1037 914 2861
5464 1252 1254 1253 3043
5465 795 814 805 2894
5466 2843 2961 2731 3089
5467 1105 1091 713 2854
5468 1098 473 54 719
5469 470 1515 40 1136
5470 2860 3020 2940 3052
5471 624 674 647 3087
5472 1237 1344 1240 3091
5473 1186 1196 1189 2986
5474 1139 1123 1140 3092
5475 2860 2940 2782 3052
5476 1435 1184 1182 2993
5477 1500 1516 1133 3024
5478 484 506 500 2938
5479 1053 980 967 3095
5480 1470 1384 1397 2889
5481 999 1075 1095 2976
5482 776 760 982 2939
5483 2925 3026 2755 3027
5484 787 779 788 2888
5485 1225 1353 1288 2922
5486 1303 1313 1311 3019
5487 1096 720 82 511
5488 508 1137 68 1513
5489 964 1052 963 2884
5490 1078 874 984 3026
5491 1285 1263 1260 3013
5492 1218 1201 1217 2973
5493 987 1082 1081 2843
5494 938 799 821 2941
5495 1197 1183 1346 2943
5496 845 987 1081 3089
5497 828 726 728 2880
5498 756 1001 782 2951
5499 839 840 841 2946
5500 1334 2931 1521 3049
5501 1496 1255 1257 2900
5502 1459 1440 1167 2955
5503 798 811 812 2933
5504 738 737 736 3014
5505 1177 1193 1399 3070
5506 804 827 823 2928
5507 1207 1436 1472 3015
5508 752 754 753 2959
5509 1233 1232 1278 2872
5510 1498 1404 1262 2961
5511 875 1086 919 2998
5512 1373 1465 1211 3067
5513 43 1097 458 472
5514 1514 471 29 457
5515 762 761 760 2863
5516 1180 1181 1179 2865
5517 1176 1420 1178 2866
5518 1064 709 888 2997
5519 733 734 732 2862
5520 854 856 1031 2881
5521 1332 1148 1150 2864
5522 1192 1171 1418 2871
5523 1154 1155 1153 2878
5524 763 765 789 2867
5525 973 1003 971 2869
5526 1188 1165 1440 2874
5527 1275 1439 1354 2870
5528 752 751 750 2873
5529 729 796 731 2879
5530 1041 771 1039 2917
5531 1022 933 1027 2916
5532 1245 1429 1327 2937
5533 913 912 1044 2936
5534 1040 1038 775 2883
5535 545 586 518 2859
5536 1502 1294 1414 3048
5537 1206 1388 1389 2877
5538 1024 736 1017 2891
5539 748 747 746 2875
5540 1459 1457 1285 2885
5541 1152 1149 1454 2909
5542 1313 1324 1213 2882
5543 1434 1441 1284 2950
5544 815 816 861 3066
5545 1069 1057 715 2982
5546 1395 1397 1396 2898
5547 843 846 868 2892
5548 1340 1338 1339 3086
5549 1265 1455 1267 2890
5550 1390 1398 1392 2887
5551 1149 1151 1150 2987
5552 850 852 1036 2895
5553 915 733 731 2989
5554 881 1069 872 3020
5555 142 716 618 3080
5556 1355 1216 1214 2897
5557 1148 1213 1146 2999
5558 1244 1303 1311 3019
5559 1380 1469 1381 3035
5560 917 705 1104 2978
5561 1466 1364 1373 2899
5562 784 801 800 2904
5563 1021 865 866 2977
5564 1076 999 998 3087
5565 753 755 1025 2886
5566 1145 1144 1143 2972
5567 1414 1293 1502 3081
5568 923 926 924 2952
5569 1212 1231 1312 2893
5570 101 102 693 517
5571 541 130 131 1110
5572 942 102 103 559
5573 562 131 132 1359
5574 101 100 540 1005
5575 129 130 528 1422
5576 1431 1435 1282 2912
5577 561 128 129 1376
5578 100 99 522 959
5579 98 99 701 554
5580 532 127 128 1118
5581 968 97 98 521
5582 563 126 127 1385
5583 132 133 524 1129
5584 537 104 103 712
5585 548 97 96 1004
5586 1421 126 125 531
5587 499 481 505 2868
5588 442 41 42 601
5589 69 70 602 480
5590 109 110 722 519
5591 1139 139 138 547
5592 105 104 545 935
5593 133 134 543 1352
5594 512 27 28 441
5595 479 55 56 513
5596 699 105 106 518
5597 1116 135 134 542
5598 107 108 906 526
5599 137 136 1323 551
5600 1252 1253 1251 3043
5601 1287 1227 1235 3017
5602 525 96 95 697
5603 125 124 1114 544
5604 1452 1168 1166 2924
5605 1046 970 793 2907
5606 136 135 1326 534
5607 106 107 909 565
5608 762 764 763 2995
5609 138 137 1123 527
5610 108 109 706 539
5611 1178 1179 1177 2996
5612 114 115 515 1337
5613 538 86 85 920
5614 1407 1291 1496 3065
5615 759 761 1003 3000
5616 530 85 84 717
5617 113 114 555 1134
5618 1050 94 95 557
5619 124 123 1467 533
5620 891 48 445 3094
5621 1169 1170 1171 2947
5622 170 687 654 1476
5623 689 141 653 1059
5624 1338 1351 1337 2918
5625 1444 1350 1439 2984
5626 1198 1161 1423 2920
5627 457 29 1514 1138
5628 458 1097 43 721
5629 1045 946 948 2906
5630 1042 750 1023 2945
5631 478 507 495 3068
5632 1082 847 844 3022
5633 1282 1438 1283 3003
5634 142 618 653 3080
5635 954 952 953 2911
5636 789 972 971 3002
5637 1038 848 850 2990
5638 1280 1344 1237 3091
5639 973 975 981 3012
5640 1264 1261 1263 2954
5641 844 847 846 3022
5642 123 122 1396 564
5643 979 93 94 520
5644 508 480 494 2842
5645 549 89 88 932
5646 560 117 118 1349
5647 1030 774 1028 2942
5648 115 116 550 1120
5649 87 86 529 703
5650 735 737 793 2953
5651 1511 495 57 509
5652 496 71 510 1094
5653 979 980 978 3040
5654 556 93 92 702
5655 122 121 1119 546
5656 536 92 91 995
5657 121 120 1412 523
5658 1049 956 947 3005
5659 1109 119 118 535
5660 692 89 90 516
5661 1158 1156 1211 2923
5662 1256 1257 1255 2900
5663 1147 1331 1454 3029
5664 529 538 571 3072
5665 1289 1298 1280 3090
5666 1228 1215 1229 2968
5667 923 924 922 2952
5668 1209 1370 1460 2965
5669 1471 1300 1519 3001
5670 1346 1430 1443 3028
5671 974 976 975 2914
5672 961 960 955 3025
5673 862 826 824 2983
5674 1271 1448 1273 2988
5675 1112 184 185 650
5676 1165 1163 1164 2971
5677 1059 142 653 3080
5678 945 944 943 3030
5679 1366 1368 1367 3034
5680 872 863 881 2940
5681 1257 1258 1259 3071
5682 1496 1291 1255 3065
5683 141 689 1098 1059
5684 687 170 1515 1476
5685 1374 1375 1386 3032
5686 120 119 1410 552
5687 993 90 91 558
5688 57 1322 495 1511
5689 905 71 496 1094
5690 1474 1513 1137 2842
5691 1022 858 937 2964
5692 1269 1267 1453 2967
5693 869 893 1062 2934
5694 1002 977 974 3074
5695 745 1047 743 3046
5696 879 940 939 3055
5697 161 160 714 647
5698 189 190 1131 649
5699 1433 67 66 484
5700 474 81 80 1016
5701 917 916 705 2978
5702 553 88 87 930
5703 514 116 117 1347
5704 1117 187 188 616
5705 158 159 627 700
5706 910 1012 828 3006
5707 166 165 705 614
5708 1122 194 195 641
5709 953 792 1043 3031
5710 1130 1522 1358 3059
5711 1365 1363 1462 3007
5712 155 156 609 695
5713 757 756 758 2970
5714 1498 1262 1259 2961
5715 1170 1442 1172 2991
5716 1030 1032 1007 3023
5717 715 168 167 608
5718 1132 196 197 637
5719 1029 1035 791 2944
5720 1051 866 826 2985
5721 1415 190 191 613
5722 162 161 998 624
5723 860 925 1000 3069
5724 1334 1521 1122 3049
5725 941 940 879 3055
5726 1227 1287 1355 3017
5727 1251 1249 1250 2981
5728 900 1065 897 2913
5729 1059 716 142 3080
5730 172 171 645 1133
5731 618 142 143 716
5732 440 469 464 2932
5733 493 61 62 1317
5734 75 76 900 483
5735 863 872 821 3052
5736 644 156 157 988
5737 1405 185 186 622
5738 1133 1516 1476 3024
5739 1106 875 919 2998
5740 640 174 173 1121
5741 144 145 617 704
5742 1160 1464 1162 3042
5743 710 73 74 482
5744 59 60 488 1127
5745 934 825 925 2957
5746 485 80 79 707
5747 1124 66 65 487
5748 1095 1075 1008 2976
5749 39 38 446 1432
5750 53 52 1015 436
5751 1299 1519 1300 3001
5752 1463 1210 1387 2975
5753 160 159 983 606
5754 1400 188 189 630
5755 1406 186 187 648
5756 611 157 158 989
5757 1122 1333 1334 3049
5758 444 45 46 709
5759 31 32 1126 450
5760 1393 1391 1392 3009
5761 33 34 1308 455
5762 445 47 48 891
5763 656 685 608 2982
5764 1370 1369 1371 2992
5765 1113 191 192 632
5766 163 162 696 633
5767 486 79 78 1060
5768 65 64 1477 475
5769 677 671 630 2925
5770 36 35 451 1471
5771 443 49 50 1054
5772 663 675 611 2926
5773 1056 51 50 448
5774 37 36 437 1473
5775 1508 1522 1130 3059
5776 1328 1116 1352 3018
5777 790 1019 757 3064
5778 48 453 445 3094
5779 732 735 1037 3062
5780 1297 1478 1432 3093
5781 48 690 453 3094
5782 1208 1452 1446 3016
5783 1314 1482 1317 3045
5784 1067 881 863 2940
5785 820 804 823 2928
5786 1293 1414 1501 3081
5787 1219 1233 1353 3044
5788 1140 1321 1139 3092
5789 966 965 1025 3058
5790 964 962 965 3039
5791 831 812 813 3060
5792 64 63 1480 489
5793 1063 77 78 481
5794 1357 1358 1296 2956
5795 184 183 620 1402
5796 984 874 1077 3026
5797 1099 716 1059 3080
5798 604 173 172 1335
5799 625 143 144 918
5800 603 670 667 2969
5801 1420 1390 1388 3078
5802 606 671 677 2925
5803 183 182 628 1128
5804 663 648 675 2926
5805 1210 1154 1152 3077
5806 1192 1455 1457 3088
5807 629 683 658 2927
5808 1016 720 1103 2919
5809 600 1097 1 472
5810 689 473 4 1098
5811 687 1515 3 470
5812 684 645 654 3024
5813 195 196 1333 615
5814 167 166 916 626
5815 506 497 474 2919
5816 1294 1502 1268 3048
5817 605 668 666 2979
5818 76 77 691 491
5819 477 62 63 1108
5820 464 469 454 2932
5821 688 1096 8 511
5822 686 508 7 1513
5823 140 139 1135 568
5824 569 111 110 718
5825 634 149 150 713
5826 708 52 51 447
5827 449 38 37 1125
5828 197 198 1474 655
5829 1057 169 168 656
5830 599 510 5 1094
5831 871 1086 936 3011
5832 891 690 48 3094
5833 1401 1494 1291 3027
5834 610 150 151 991
5835 888 926 859 3056
5836 58 57 1322 495
5837 905 71 72 496
5838 1501 1414 1128 3081
5839 153 152 996 612
5840 1319 1489 1322 3068
5841 694 152 151 651
5842 6 1511 509 597
5843 642 667 670 2969
5844 177 176 638 1115
5845 147 148 605 698
5846 2 598 471 1514
5847 1062 690 891 3094
5848 34 35 1107 439
5849 453 48 49 690
5850 30 29 457 1138
5851 458 43 44 721
5852 666 668 638 2979
5853 1479 1310 1286 3082
5854 182 181 636 1413
5855 1321 1320 1319 3008
5856 112 113 567 1475
5857 83 84 1058 566
5858 180 181 1111 621
5859 642 145 146 1090
5860 603 175 174 1507
5861 193 194 1490 623
5862 164 165 652 1073
5863 492 73 72 1072
5864 59 58 1489 478
5865 902 903 904 3085
5866 1240 1221 1237 3057
5867 1340 1339 1341 3086
5868 445 453 465 3094
5869 607 163 164 1074
5870 192 193 1491 631
5871 74 75 1068 490
5872 60 61 476 1485
5873 456 40 39 1136
5874 54 53 719 459
5875 1307 1306 1235 3047
5876 1401 1291 1495 3027
5877 176 175 643 1506
5878 147 146 1089 639
5879 1516 1297 1432 3093
5880 917 1104 870 2930
5881 1521 1334 1287 2931
5882 473 54 4 1098
5883 1515 40 3 470
5884 179 178 657 1130
5885 872 1071 821 3052
5886 1069 1070 872 3020
5887 31 30 440 1483
5888 45 44 1066 454
5889 68 7 508 1513
5890 1096 82 8 511
5891 82 81 497 720
5892 1137 68 67 494
5893 1 83 1097 600
5894 689 4 141 1098
5895 1515 3 170 687
5896 148 149 646 1093
5897 452 46 47 1064
5898 32 33 1481 438
5899 618 684 653 3080
5900 5 111 599 1094
5901 171 170 654 1476
5902 141 142 653 1059
5903 1280 1298 1484 3090
5904 1488 1287 1334 2931
5905 917 870 1071 2930
5906 1511 6 140 597
5907 1081 842 845 3089
5908 180 179 680 1408
5909 688 8 69 511
5910 7 70 508 686
5911 3 42 687 470
5912 600 1 27 472
5913 4 41 473 689
5914 2 112 598 1514
5915 1096 8 169 688
5916 686 7 198 1513
5917 154 153 711 658
5918 619 178 177 1510
5919 1097 43 1 472
5920 5 55 510 599
5921 985 155 154 659
5922 509 56 6 597
5923 598 28 2 471
5924 510 71 5 1094
5925 1099 880 1083 3021
5926 471 29 2 1514
5927 1511 57 6 509
5928 1194 2827 1325 1426
5929 1325 2827 1194 2822
5930 2825 1427 2692 1203
5931 2825 2692 1427 2824
5932 2827 772 2694 908
5933 2827 2694 772 2822
5934 1405 650 2769 1112
5935 2769 650 1405 622
5936 853 2895 2729 852
5937 2729 2895 853 2764
5938 2967 1199 2723 1453
5939 2967 2723 1199 2791
5940 2913 2948 897 898
5941 897 2948 2913 2775
5942 2906 3046 2752 948
5943 2752 3046 2906 2816
5944 2805 905 492 2780
5945 2805 492 905 1072
5946 448 708 51 447
5947 448 51 708 1056
5948 2942 740 2700 2802
5949 2942 2700 740 774
5950 2836 1218 2799 1246
5951 2836 2799 1218 2696
5952 2976 1512 1492 1425
5953 2976 1492 1512 2814
5954 3065 2946 1079 2772
5955 3065 1079 2946 2773
5956 3045 503 477 493
5957 3045 477 503 2690
5958 3047 1228 3017 1235
5959 3047 3017 1228 2809
5960 516 932 89 549
5961 516 89 932 692
5962 535 1349 118 1109
5963 535 118 1349 560
5964 537 2859 582 545
5965 582 2859 537 2813
5966 853 2808 1088 855
5967 1088 2808 853 2764
5968 2800 1006 746 2706
5969 2800 746 1006 744
5970 2946 2853 837 838
5971 2946 837 2853 2718
5972 3001 467 439 451
5973 3001 439 467 2771
5974 2868 1108 1302 2690
5975 2868 1302 1108 1480
5976 2809 2930 810 870
5977 2809 810 2930 2711
5978 938 810 2930 870
5979 938 2930 810 2711
5980 1068 482 2797 710
5981 2797 482 1068 490
5982 2891 734 770 2821
5983 770 734 2891 1017
5984 770 2851 2891 2821
5985 2891 2851 770 1017
5986 438 1126 32 450
5987 438 32 1126 1481
5988 2827 2893 2894 2694
5989 2894 2893 2827 2708
5990 474 2938 2739 500
5991 2739 2938 474 2919
5992 1471 439 3001 1107
5993 1471 3001 439 451
5994 3056 805 860 859
5995 3056 860 805 2820
5996 3061 764 765 766
5997 3061 765 764 2709
5998 3036 1461 1330 1329
5999 3036 1330 1461 2848
6000 2981 1494 3043 1251
6001 2981 3043 1494 2833
6002 566 717 2834 530
6003 2834 717 566 1058
6004 555 1475 113 1134
6005 113 1475 555 567
6006 3003 2746 2985 2788
6007 3003 2985 2746 2910
6008 3080 689 601 653
6009 3080 601 689 2786
6010 3050 893 895 2708
6011 3050 895 893 864
6012 2950 2698 1153 2878
6013 2950 1153 2698 2821
6014 3048 1270 2967 1268
6015 3048 2967 1270 2764
6016 1010 2928 827 804
6017 827 2928 1010 2795
6018 3046 2906 3031 1047
6019 3046 3031 2906 2816
6020 2796 1499 1293 2767
6021 2796 1293 1499 1403
6022 916 3020 917 1070
6023 917 3020 916 2687
6024 3072 2768 921 2834
6025 3072 921 2768 2957
6026 2849 1234 2691 2807
6027 2849 2691 1234 1220
6028 1232 2691 1234 2807
6029 1232 1234 2691 1220
6030 2969 3084 2847 2792
6031 2847 3084 2969 2758
6032 2986 1205 1204 1196
6033 2986 1204 1205 2855
6034 851 2840 849 1085
6035 849 2840 851 2735
6036 2755 2833 873 2776
6037 2755 873 2833 3026
6038 2857 1176 1174 1175
6039 2857 1174 1176 2835
6040 2976 696 999 2814
6041 2976 999 696 1095
6042 3024 1523 1335 1133
6043 3024 1335 1523 2686
6044 716 3080 625 618
6045 716 625 3080 2686
6046 661 625 3080 618
6047 661 3080 625 2686
6048 3043 3027 1253 1494
6049 3043 1253 3027 2772
6050 1101 2846 883 928
6051 883 2846 1101 2688
6052 3021 3024 3093 2686
6053 3093 3024 3021 2786
6054 3058 2744 2991 2798
6055 3058 2991 2744 2886
6056 566 1097 2784 1058
6057 566 2784 1097 600
6058 1475 598 112 1514
6059 1475 112 598 567
6060 1313 3045 1303 1314
6061 1303 3045 1313 3019
6062 2688 3001 1345 1300
6063 2688 1345 3001 2807
6064 1234 1345 3001 1300
6065 1234 3001 1345 2807
6066 3045 1313 1315 1314
6067 3045 1315 1313 2775
6068 2927 659 711 629
6069 2927 711 659 985
6070 154 711 659 629
6071 154 659 711 985
6072 734 3062 2698 735
6073 2698 3062 734 2862
6074 2837 2846 1345 2688
6075 1345 2846 2837 2732
6076 2982 720 1103 1057
6077 2982 1103 720 2919
6078 900 490 75 483
6079 75 490 900 1068
6080 493 1485 2797 476
6081 2797 1485 493 1317
6082 3048 1504 2764 1294
6083 3048 2764 1504 2779
6084 2854 878 1105 1091
6085 2854 1105 878 2742
6086 896 3053 897 886
6087 897 3053 896 2775
6088 2971 1188 1165 1163
6089 2971 1165 1188 2874
6090 1390 3009 1392 1391
6091 1392 3009 1390 2887
6092 1308 3082 2771 1479
6093 2771 3082 1308 2817
6094 2771 1107 1308 1479
6095 1308 1107 2771 2817
6096 3076 3083 563 1385
6097 563 3083 3076 2812
6098 1138 440 30 1483
6099 1138 30 440 457
6100 454 721 44 1066
6101 454 44 721 458
6102 1096 656 2982 688
6103 2982 656 1096 1057
6104 3095 964 1052 967
6105 3095 1052 964 2884
6106 3090 1486 1289 1298
6107 3090 1289 1486 2860
6108 3019 1213 1313 1311
6109 3019 1313 1213 2882
6110 2853 834 2707 835
6111 2853 2707 834 2833
6112 833 2707 834 835
6113 833 834 2707 2833
6114 2928 3091 927 2782
6115 927 3091 2928 2766
6116 3091 2940 927 2782
6117 3091 927 2940 2739
6118 1093 2801 2979 698
6119 2979 2801 1093 646
6120 2979 605 1093 698
6121 1093 605 2979 646
6122 3094 463 2997 2817
6123 3094 2997 463 445
6124 1245 3036 1327 1329
6125 1327 3036 1245 2937
6126 3063 1229 1215 2968
6127 3063 1215 1229 1428
6128 3054 938 799 797
6129 3054 799 938 2941
6130 3051 1198 1161 1159
6131 3051 1161 1198 2920
6132 3052 938 821 2941
6133 3052 821 938 1071
6134 3006 909 2785 910
6135 3006 2785 909 2841
6136 634 1093 2801 646
6137 2801 1093 634 713
6138 1121 603 174 1507
6139 1121 174 603 640
6140 1090 617 2969 642
6141 1090 2969 617 704
6142 1027 2964 2728 858
6143 2728 2964 1027 2916
6144 2904 2949 2980 2693
6145 2980 2949 2904 2794
6146 2989 796 731 915
6147 2989 731 796 2879
6148 3006 726 2737 1012
6149 3006 2737 726 2880
6150 905 492 72 1072
6151 905 72 492 496
6152 3049 2930 2687 2931
6153 3049 2687 2930 2978
6154 2973 1202 2693 1201
6155 2973 2693 1202 2949
6156 3013 1261 1263 1260
6157 3013 1263 1261 2954
6158 755 2959 753 754
6159 753 2959 755 2886
6160 2999 1324 1213 1146
6161 2999 1213 1324 2882
6162 2955 1165 1440 1167
6163 2955 1440 1165 2874
6164 1158 3067 1211 1465
6165 1211 3067 1158 2923
6166 1225 3084 1288 1239
6167 1288 3084 1225 2922
6168 1296 3059 1358 1522
6169 1358 3059 1296 2956
6170 3091 1484 1280 1344
6171 3091 1280 1484 3090
3 2 4 3071
6172 289 290 300 1386
6173 1823 1701 1699 1191
6174 299 290 291 1330
6175 1129 289 288 1352
6176 1191 1823 1701 1155
6177 1699 1700 1707 1447
6178 1979 1963 1140 1123
6179 1933 2009 2006 1213
6180 1123 1140 1979 1139
6181 1191 1699 1707 1447
6182 1937 1323 1141 1123
6183 1191 1701 1699 1157
6184 1937 1141 1963 1123
6185 2009 1313 1982 2006
6186 1252 1716 1700 1708
6187 1963 1979 1937 1123
6188 1311 18 1933 1992
6189 1700 1447 1252 1708
6190 2006 2009 1313 1213
6191 1129 1386 289 1352
6192 1699 1700 1447 1424
6193 301 288 289 1352
6194 1157 1699 1424 1689
6195 1141 1963 1140 1142
6196 1330 291 299 1329
6197 1216 1985 1203 2007
6198 1140 1963 1141 1123
6199 1716 1700 1449 1252
6200 1155 1701 1191 1157
6201 1963 1141 1964 1142
6202 1203 1932 1221 2007
6203 1963 1965 1140 1142
6204 1428 1200 1905 1187
6205 1156 1701 1157 1713
6206 1311 1427 18 1992
6207 1738 1701 1739 1155
6208 1386 290 300 1328
6209 1441 1792 1823 1155
6210 1155 1739 1738 1154
6211 1812 1380 1379 1378
6212 1146 1986 2006 1213
6213 1755 1447 1707 1708
6214 1153 1739 1792 1155
6215 1311 1933 18 1332
6216 1214 303 304 1215
6217 1739 1823 1792 1155
6218 1449 1700 1682 1424
6219 1717 1708 1252 1816
6220 1447 1191 1699 1424
6221 1181 1183 1182 1665
6222 303 1985 1203 1214
6223 1155 1738 1701 1156
6224 1862 1354 1443 1246
6225 1707 1445 1447 1755
6226 1200 1905 286 1428
6227 1346 1183 1197 1665
6228 1226 1247 1697 1246
6229 1699 1682 1424 1689
6230 1200 287 1905 1187
6231 1718 1716 1253 1717
6232 1320 1965 1236 1142
6233 1862 1443 1197 1850
6234 1354 1862 1697 1246
6235 1443 1439 1862 1197
6236 1443 1862 1246 1695
6237 1181 1182 1664 1665
6238 1449 1868 1716 1254
6239 1206 1683 1664 1182
6240 1197 1850 1346 1665
6241 1159 1424 1682 1689
6242 1697 1226 1246 1696
6243 1708 1250 1252 1816
6244 1180 1206 1664 1182
6245 1182 1435 1683 1184
6246 1878 1435 1206 1438
6247 1850 1443 1346 1430
6248 1346 1667 1183 1665
6249 1430 1850 1443 1695
6250 1683 1878 1435 1206
6251 1965 1963 1964 1142
6252 1427 302 1932 1203
6253 1183 1185 1184 1666
6254 1832 1197 1181 1665
6255 1252 1253 1716 1717
6256 1683 1182 1184 1666
6257 1191 1756 1823 1441
6258 1430 1246 1218 1695
6259 1346 1672 1850 1430
6260 1756 1823 1707 1191
6261 1664 1180 1181 1663
6262 1183 1185 1666 1667
6263 1439 1354 1862 1724
6264 1184 1435 1683 1829
6265 1218 1680 1430 1695
6266 1197 1439 1862 1832
6267 1181 1350 1197 1832
6268 1664 1879 1206 1180
6269 1696 1218 1246 1695
6270 1668 1184 1185 1666
6271 1206 1879 1878 1389
6272 1439 1275 1354 1724
6273 1986 295 1933 1213
6274 299 290 1330 1328
6275 1122 1521 1977 1306
6276 1862 1697 1246 1695
6277 1850 1197 1862 1832
6278 1449 1700 1447 1252
6279 1225 1226 1726 1696
6280 1879 1206 1388 1389
6281 1198 1682 1678 1159
6282 1664 1879 1683 1206
6283 1813 1380 1379 1812
6284 1227 304 305 1215
6285 1181 1350 1832 1663
6286 1689 1157 1701 1713
6287 1158 1159 1873 1689
6288 1221 1932 2008 2007
6289 1226 1225 1218 1696
6290 1696 1225 1218 1840
6291 1812 1883 1421 1378
6292 1439 1867 1275 1724
6293 1680 1672 1201 1430
6294 1190 1672 1667 1346
6295 1755 1250 1447 1708
6296 1216 1203 1985 1214
6297 1185 1669 1667 1190
6298 1700 1682 1868 1449
6299 1878 1435 1438 1871
6300 1346 1850 1667 1665
6301 1388 1879 1662 1180
6302 1180 1179 1181 1663
6303 1829 1184 1186 1668
6304 1190 1667 1185 1346
6305 1434 1792 1441 1153
6306 1141 1323 1937 1962
6307 1350 1867 1439 1832
6308 1186 1431 1829 1685
6309 1201 1190 1672 1673
6310 1388 1784 1879 1389
6311 1682 1868 1449 1198
6312 1965 1966 1236 1142
6313 1877 1784 1388 1390
6314 1189 1186 1668 1671
6315 1179 1180 1662 1663
6316 1680 1217 1201 1681
6317 1668 1185 1189 1669
6318 1680 1218 1217 1840
6319 1672 1190 1201 1430
6320 1663 1832 1181 1665
6321 1672 1850 1430 1695
6322 1221 2008 1932 1427
6323 1716 1718 1253 1254
6324 286 287 1905 1200
6325 1689 1158 1157 1713
6326 1671 1196 1186 1685
6327 1431 1184 1186 1829
6328 1386 300 289 1352
6329 1739 1701 1823 1155
6330 1435 1431 1871 1829
6331 1862 1867 1439 1724
6332 1784 1878 1879 1389
6333 1159 1873 1678 1160
6334 1669 1190 1194 1673
6335 1683 1184 1829 1666
6336 1202 1201 1681 1673
6337 1815 1669 1189 1194
6338 1435 1878 1683 1871
6339 1675 1350 1179 1663
6340 1969 1982 1315 1324
6341 1217 1218 1680 1201
6342 1275 1356 1724 1725
6343 1219 1217 1702 1681
6344 1180 1662 1388 1178
6345 1707 1756 1191 1445
6346 1662 1877 1388 1178
6347 1186 1185 1189 1668
6348 1194 1202 1688 1673
6349 1439 1444 1867 1350
6350 1671 1325 1196 1844
6351 305 284 306 1228
6352 1431 1282 1435 1871
6353 1390 1420 1877 1876
6354 1180 1664 1662 1663
6355 1680 1218 1696 1695
6356 1185 1668 1666 1667
6357 295 1933 1213 1332
6358 1252 1251 1717 1816
6359 1420 1877 1388 1390
6360 1350 1444 1867 1675
6361 1325 1189 1815 1671
6362 1178 1662 1661 1179
6363 1724 1727 1275 1725
6364 1204 1431 1685 1858
6365 1320 1140 1965 1142
6366 1688 1815 1426 1194
6367 1202 1219 1694 1681
6368 1190 1189 1669 1194
6369 1678 1677 1198 1161
6370 1141 1143 1964 1142
6371 1799 1815 1325 1426
6372 1274 1275 1727 1725
6373 1146 2006 1324 1213
6374 1193 1179 1661 1675
6375 1812 1379 1810 1378
6376 1871 1431 1282 1858
6377 1672 1667 1669 1190
6378 1204 1186 1196 1685
6379 1178 1877 1420 1660
6380 1481 1531 1529 1852
6381 1315 1313 1982 1972
6382 1696 1726 1225 1840
6383 1275 1867 1444 1727
6384 1187 1195 17 1150
6385 1201 1202 1194 1673
6386 1228 306 305 1235
6387 1155 1153 1739 1154
6388 1661 1178 1177 1660
6389 1195 17 287 1187
6390 1877 1879 1662 1388
6391 1179 1193 1350 1675
6392 1217 1219 1202 1681
6393 1324 1236 1969 1966
6394 1832 1350 1867 1675
6395 1672 1680 1201 1673
6396 1186 1829 1668 1685
6397 1220 1426 1688 1703
6398 1727 1273 1274 1728
6399 1677 1868 1198 1451
6400 1156 1211 1740 1713
6401 1152 293 1454 1149
6402 1688 1694 1202 1220
6403 1421 1380 1886 1812
6404 1661 1177 1193 1864
6405 1877 1784 1390 1876
6406 1398 1390 1392 1876
6407 1398 1684 1420 1876
6408 1193 1444 1675 1865
6409 1154 1738 1155 1156
6410 300 1996 1116 1328
6411 1216 1203 1221 2007
6412 1189 1325 1196 1671
6413 1214 1200 303 1215
6414 1275 1274 1356 1725
6415 1114 1886 1380 1894
6416 1176 1420 1684 1660
6417 1177 1178 1661 1179
6418 1160 1801 1678 1161
6419 292 298 291 1461
6420 1390 1391 1784 1389
6421 1840 1217 1680 1681
6422 1189 1668 1669 1671
6423 1207 1875 1684 1398
6424 1273 1444 1865 1727
6425 1176 1659 1177 1660
6426 1773 1438 1282 1871
6427 294 1834 1150 1151
6428 1792 1441 1153 1155
6429 1423 1677 1649 1161
6430 1312 1796 1799 1281
6431 1444 1273 1275 1727
6432 1937 1141 1962 1963
6433 1864 1448 1193 1865
6434 1179 1661 1675 1663
6435 1727 1729 1273 1728
6436 1385 1421 1883 1378
6437 1232 1694 1219 1704
6438 1426 1815 1325 1194
6439 1176 1175 1659 1658
6440 1328 299 1996 1327
6441 1159 1157 1424 1689
6442 1399 1177 1659 1864
6443 1686 1204 1196 1685
6444 1116 1352 300 1328
6445 1228 285 284 1229
6446 1392 1398 1876 1786
6447 1448 1729 1273 1865
6448 1844 1799 1325 1312
6449 1426 1688 1202 1220
6450 1881 1716 1868 1254
6451 1211 1158 1776 1713
6452 1815 1669 1194 1673
6453 1328 1329 299 1327
6454 1220 1694 1232 1802
6455 1431 1871 1829 1858
6456 1281 1799 1426 1703
6457 304 285 305 1215
6458 1420 1176 1178 1660
6459 1878 1438 1389 1775
6460 1158 1776 1873 1465
6461 1657 1175 1174 1658
6462 1942 1321 1135 1139
6463 1856 1175 1659 1399
6464 1176 1684 1207 1658
6465 1423 1679 1677 1451
6466 1681 1688 1202 1673
6467 1461 298 291 1329
6468 1894 1469 1114 1618
6469 290 1386 1330 1328
6470 1448 1271 1729 1747
6471 1283 1773 1438 1282
6472 1220 1234 1703 1802
6473 1207 1174 1658 1841
6474 1703 1234 1281 1800
6475 1323 1141 1429 1962
6476 1378 1883 1385 1808
6477 1682 1449 1424 1198
6478 1865 1444 1867 1727
6479 1747 1448 1399 1864
6480 1178 1661 1662 1660
6481 1353 1225 1861 1840
6482 1656 1173 1174 1657
6483 1146 296 1986 1148
6484 1856 1175 1199 1657
6485 1730 1271 1270 1731
6486 1196 1212 1686 1844
6487 1251 1252 1250 1816
6488 1694 1219 1220 1232
6489 1678 1873 1159 1689
6490 1463 1738 1156 1740
6491 1676 1423 1649 1163
6492 1656 1172 1173 1655
6493 1448 1444 1193 1865
6494 1699 1707 1823 1191
6495 1431 1204 1224 1858
6496 1117 1626 1898 1495
6497 1429 1961 1323 1962
6498 1250 1447 1445 1755
6499 1747 1450 1271 1731
6500 1157 1701 1699 1689
6501 1671 1815 1325 1844
6502 1389 1438 1419 1775
6503 1420 1207 1684 1398
6504 1255 1718 1881 1254
6505 1702 1694 1219 1681
6506 1816 1817 1251 1762
6507 1377 1385 1611 1808
6508 1702 1353 1233 1714
6509 1856 1450 1399 1747
6510 1868 1451 1881 1254
6511 1312 1212 1844 1746
6512 1269 1270 1731 1732
6513 1199 1173 1674 1657
6514 295 1986 1148 1213
6515 1150 1149 294 1151
6516 1187 17 1834 1150
6517 1678 1677 1682 1198
6518 1329 1331 298 1245
6519 300 1983 1352 1116
6520 1399 1193 1177 1864
6521 1812 1421 1380 1378
6522 1898 1818 1626 1117
6523 1675 1864 1193 1865
6524 1877 1684 1420 1660
6525 285 284 1229 1911
6526 1833 1269 1450 1731
6527 1418 1674 1173 1655
6528 1378 1377 1372 1808
6529 1174 1436 1656 1841
6530 1729 1273 1271 1448
6531 1730 1729 1271 1731
6532 1199 1450 1856 1833
6533 1815 1799 1688 1426
6534 1228 305 285 1215
6535 18 302 1932 1427
6536 1982 1313 1315 1324
6537 1176 1659 1175 1177
6538 1380 1813 1381 1894
6539 1456 1423 1679 1676
6540 1311 18 1427 1332
6541 1398 1875 1684 1876
6542 1453 1733 1269 1833
6543 1656 1436 1172 1848
6544 1654 1171 1172 1655
6545 1377 1611 1118 1807
6546 1886 1380 1421 1114
6547 1157 1155 1701 1156
6548 1177 1661 1659 1864
6549 1325 1212 1844 1312
6550 1982 1969 1315 1972
6551 1810 1379 1446 1372
6552 298 292 1331 1461
6553 1886 1380 1894 1812
6554 1366 1422 1638 1805
6555 1459 1670 1651 1167
6556 1465 1873 1160 1795
6557 1199 1674 1453 1833
6558 1426 1312 1799 1281
6559 1453 1825 1674 1418
6560 1141 1964 1143 1962
6561 1467 1469 1824 1618
6562 1729 1448 1747 1865
6563 1946 1936 1947 1487
6564 1825 1733 1267 1453
6565 1654 1170 1171 1653
6566 1268 1269 1733 1732
6567 1649 1801 1162 1161
6568 1985 1932 1203 2007
6569 1827 1418 1171 1655
6570 1868 1449 1451 1254
6571 1234 1281 1220 1703
6572 1456 1188 1676 1719
6573 1451 1679 1881 1256
6574 1254 1253 1716 1252
6575 1188 1458 1863 1719
6576 2009 1933 1311 1213
6577 1875 1472 1207 1841
6578 1438 1878 1773 1775
6579 1267 1735 1825 1455
6580 1353 1217 1225 1840
6581 1834 287 17 1187
6582 1660 1176 1659 1658
6583 1207 1174 1176 1658
6584 1233 1219 1702 1704
6585 1810 1813 1379 1812
6586 1398 1470 1875 1786
6587 1171 1192 1827 1653
6588 1671 1686 1196 1685
6589 1391 1784 1389 1775
6590 1691 1224 1204 1858
6591 1267 1734 1268 1733
6592 1441 1823 1191 1155
6593 1688 1694 1220 1703
6594 1427 1932 1221 1203
6595 1438 1773 1419 1775
6596 1200 303 302 1203
6597 1961 1937 1323 1962
6598 1441 1191 1756 1445
6599 1157 1158 1156 1713
6600 1385 1377 1378 1808
6601 1863 1458 1440 1872
6602 1448 1399 1450 1747
6603 1269 1271 1450 1731
6604 1418 1455 1825 1827
6605 1894 1381 1469 1896
6606 1985 1932 302 1203
6607 1175 1856 1199 1399
6608 1731 1733 1269 1732
6609 1281 1796 1799 1703
6610 1269 1268 1270 1732
6611 305 1228 1227 1215
6612 1188 1676 1647 1163
6613 1249 1817 1251 1816
6614 1747 1399 1856 1864
6615 1376 1806 1745 1368
6616 1702 1217 1353 1840
6617 1158 1873 1776 1713
6618 1266 1734 1267 1735
6619 1440 1285 1670 1872
6620 1651 1169 1859 1459
6621 1456 1720 1679 1256
6622 1285 1670 1880 1459
6623 1455 1192 1826 1827
6624 1868 1677 1679 1451
6625 1983 300 1996 1116
6626 1792 1906 1434 1441
6627 1859 1192 1169 1653
6628 1173 1175 1174 1657
6629 1159 1678 1198 1161
6630 1353 1219 1702 1233
6631 1856 1659 1175 1657
6632 1826 1735 1265 1455
6633 1450 1747 1833 1731
6634 302 18 1195 1427
6635 1118 1385 1611 1377
6636 1204 1685 1691 1858
6637 1310 1312 1796 1746
6638 1378 1372 1810 1808
6639 1156 1738 1701 1713
6640 1800 1703 1234 1802
6641 1230 283 284 1425
6642 1704 1232 1694 1802
6643 1658 1684 1207 1841
6644 1647 1863 1188 1165
6645 1740 1738 1156 1713
6646 1826 1192 1457 1859
6647 1657 1174 1656 1658
6648 1162 1645 1649 1163
6649 1927 1631 1500 1929
6650 1156 1154 1738 1463
6651 1737 1872 1285 1260
6652 1859 1457 1880 1459
6653 1721 1719 1458 1258
6654 1508 1837 1920 1918
6655 1465 1365 1690 1795
6656 1965 1964 1966 1142
6657 1368 1118 1806 1807
6658 1876 1390 1392 1783
6659 1646 1647 1164 1165
6660 1875 1472 1470 1398
6661 1721 1458 1872 1260
6662 1158 1873 1159 1160
6663 1140 1975 1979 1139
6664 1380 1469 1114 1894
6665 1737 1285 1880 1263
6666 1372 1810 1379 1378
6667 1824 1469 1384 1896
6668 1965 1975 1140 1320
6669 1719 1720 1456 1258
6670 1269 1267 1733 1453
6671 1272 1273 1729 1728
6672 1648 1440 1863 1165
6673 1771 1282 1224 1858
6674 1211 1776 1373 1779
6675 1779 1466 1211 1740
6676 1236 1966 1144 1142
6677 1697 1354 1247 1712
6678 1436 1172 1174 1656
6679 1199 1453 1450 1833
6680 1962 1141 1964 1963
6681 1324 1982 1313 2006
6682 1841 1472 1436 1870
6683 1745 1376 1366 1805
6684 1199 1674 1173 1418
6685 1844 1799 1312 1746
6686 1360 1637 1769 1362
6687 1199 1856 1674 1833
6688 1467 1114 1469 1618
6689 1118 1368 1377 1807
6690 307 306 1425 1307
6691 2008 1980 1221 2007
6692 1825 1733 1453 1833
6693 1129 1635 1374 1359
6694 1735 1734 1267 1733
6695 1729 1730 1271 1272
6696 1363 1639 1638 1361
6697 1390 1784 1391 1783
6698 1267 1268 1734 1266
6699 1795 1801 1160 1464
6700 1657 1173 1674 1655
6701 1171 1173 1172 1655
6702 1172 1442 1654 1848
6703 306 307 1997 1307
6704 1423 1677 1198 1451
6705 1689 1873 1158 1713
6706 1378 1812 1883 1808
6707 1932 18 1427 1992
6708 1373 1690 1776 1465
6709 1284 1445 1756 1777
6710 1283 1773 1282 1771
6711 1845 1880 1457 1263
6712 1384 1397 1824 1788
6713 1365 1690 1639 1362
6714 1740 1211 1776 1713
6715 1483 1533 1624 1529
6716 1702 1233 1704 1714
6717 1648 1670 1440 1167
6718 1755 1445 1248 1777
6719 1639 1641 1365 1363
6720 1353 1861 1702 1840
6721 284 1229 1911 1230
6722 1463 1211 1466 1740
6723 1229 284 1228 1230
6724 1283 1419 1773 1774
6725 1422 1638 1621 1361
6726 1274 1273 1272 1728
6727 1419 1283 1411 1774
6728 1470 1472 1875 1788
6729 1361 1637 1621 1110
6730 1813 1380 1381 1379
6731 1975 1942 1979 1139
6732 1779 1769 1373 1364
6733 1315 1236 1969 1324
6734 1447 1700 1707 1708
6735 1756 1792 1823 1441
6736 1166 1650 1648 1167
6737 1436 1207 1472 1841
6738 1373 1769 1690 1362
6739 1381 1469 1380 1894
6740 1354 1697 1724 1712
6741 1172 1656 1654 1655
6742 1196 1212 1205 1686
6743 1453 1455 1825 1418
6744 1636 1637 1360 1110
6745 1841 1436 1656 1848
6746 1470 1392 1395 1786
6747 1700 1699 1682 1424
6748 1267 1265 1735 1455
6749 1423 1649 1677 1676
6750 1374 1635 1761 1359
6751 1809 1372 1377 1808
6752 1382 1381 1813 1849
6753 1871 1282 1773 1771
6754 1809 1372 1369 1377
6755 1848 1436 1383 1870
6756 285 286 1428 1215
6757 1272 1730 1271 1270
6758 1424 1191 1699 1157
6759 1427 1195 302 1203
6760 1354 1356 1247 1712
6761 1801 1649 1678 1161
6762 1985 302 303 1203
6763 1651 1650 1168 1167
6764 1311 1313 2009 1213
6765 1870 1472 1384 1788
6766 1170 1169 1653 1652
6767 1166 1648 1646 1165
6768 1159 1682 1678 1689
6769 286 304 303 1215
6770 1205 1204 1686 1691
6771 1211 1156 1158 1713
6772 1232 1233 1278 1704
6773 1795 1365 1641 1464
6774 1826 1265 1845 1457
6775 1215 1428 285 1229
6776 281 308 282 1113
6777 1379 1381 1813 1382
6778 1169 1651 1652 1168
6779 1352 1386 300 1328
6780 1261 1723 1737 1260
6781 1963 1975 1979 1140
6782 1994 1942 1321 1135
6783 1825 1674 1418 1827
6784 1203 1200 303 1214
6785 1464 1643 1801 1162
6786 1361 1639 1637 1362
6787 1163 1423 1649 1161
6788 1157 1159 1158 1689
6789 1521 1977 1945 1122
6790 1384 1383 1870 1896
6791 1873 1801 1160 1795
6792 1397 1384 1470 1788
6793 1171 1192 1418 1827
6794 297 1147 1145 1331
6795 1170 1169 1171 1653
6796 1626 1897 1898 1495
6797 1806 1376 1118 1368
6798 1554 1556 1979 1123
6799 1486 1959 1941 1132
6800 1381 1384 1469 1896
6801 1467 1824 1397 1891
6802 1123 1979 1554 1139
6803 1164 1647 1645 1163
6804 299 1330 1329 1328
6805 1825 1735 1826 1455
6806 1356 1354 1724 1712
6807 1653 1827 1171 1655
6808 1735 1265 1266 1736
6809 1894 1114 1886 1618
6810 1546 2001 1542 1489
6811 1156 1211 1463 1740
6812 1376 1422 1366 1805
6813 1849 1383 1381 1896
6814 1394 1411 1410 1774
6815 1259 1721 1723 1260
6816 1641 1643 1464 1462
6817 1377 1369 1809 1807
6818 1679 1451 1456 1256
6819 1376 1745 1366 1368
6820 299 291 298 1329
6821 1803 1300 1234 1800
6822 1786 1876 1392 1783
6823 1841 1875 1472 1870
6824 1525 1526 1473 1623
6825 1557 1323 1937 1556
6826 1445 1191 1707 1447
6827 1718 1881 1884 1255
6828 1268 1734 1751 1732
6829 1427 2008 1932 1992
6830 1169 1651 1168 1167
6831 1801 1678 1873 1160
6832 1803 1234 1345 1802
6833 1824 1397 1469 1467
6834 1213 1148 295 1332
6835 1457 1192 1826 1455
6836 1377 1368 1369 1807
6837 1975 1963 1965 1140
6838 1542 1544 1485 1999
6839 1446 1811 1810 1372
6840 1256 1884 1881 1255
6841 1678 1159 1160 1161
6842 1904 1903 1758 1497
6843 1977 1945 1946 1521
6844 1366 1638 1422 1361
6845 1849 1442 1383 1848
6846 1380 1813 1894 1812
6847 1908 1481 1126 1852
6848 1881 1679 1720 1256
6849 1788 1875 1470 1786
6850 1327 1326 1978 1943
6851 1676 1679 1456 1719
6852 1769 1761 1360 1364
6853 1556 1937 1979 1123
6854 285 284 305 1228
6855 1146 1147 296 1148
6856 1209 1644 1645 1164
6857 1801 1160 1162 1161
6858 1264 1265 1845 1736
6859 1248 1250 1445 1755
6860 1323 1937 1556 1123
6861 1883 1611 1385 1808
6862 1224 1243 1282 1771
6863 1188 1423 1456 1676
6864 1645 1643 1209 1162
6865 1708 1252 1716 1717
6866 1905 1629 1428 1434
6867 1200 302 1195 1203
6868 1330 1461 291 1329
6869 1881 1256 1255 1254
6870 1421 1886 1883 1812
6871 1259 1722 1721 1258
6872 1160 1158 1873 1465
6873 1748 1231 1310 1746
6874 1827 1192 1826 1859
6875 301 300 1983 1352
6876 1247 1711 1226 1697
6877 1392 1391 1393 1783
6878 1783 1784 1391 1775
6879 1465 1690 1776 1795
6880 1746 1231 1212 1693
6881 1169 1859 1653 1651
6882 1677 1678 1649 1161
6883 1859 1169 1192 1459
6884 282 283 1921 1492
6885 1258 1722 1720 1257
6886 1442 1170 1654 1687
6887 1164 1166 1646 1165
6888 1469 1824 1894 1896
6889 1200 286 303 1215
6890 1638 1640 1363 1366
6891 1382 1813 1379 1900
6892 1198 1424 1682 1159
6893 1894 1824 1469 1618
6894 1646 1644 1460 1164
6895 1236 1968 1965 1320
6896 1368 1866 1369 1807
6897 1313 1324 2006 1213
6898 1465 1158 1776 1211
6899 1716 1700 1868 1449
6900 1465 1776 1873 1795
6901 1996 300 299 1328
6902 1949 1947 1990 1486
6903 1756 1445 1755 1777
6904 1796 1281 1299 1800
6905 1316 1127 1485 1999
6906 1686 1212 1205 1693
6907 1248 1250 1755 1916
6908 1384 1383 1472 1870
6909 1248 1619 1911 1230
6910 1459 1440 1670 1167
6911 1537 1540 2000 1433
6912 1861 1503 1353 1714
6913 1748 1310 1796 1746
6914 1896 1870 1384 1788
6915 1844 1212 1686 1693
6916 1112 1839 1904 1405
6917 1880 1457 1285 1459
6918 1361 1360 1637 1110
6919 1652 1170 1208 1687
6920 1442 1170 1172 1654
6921 1917 1504 1843 1918
6922 1611 1806 1118 1807
6923 1367 1640 1745 1366
6924 1779 1211 1776 1740
6925 293 297 1454 1147
6926 1894 1813 1381 1896
6927 1670 1859 1880 1459
6928 1372 1371 1809 1369
6929 1477 1955 1998 1124
6930 1849 1381 1813 1896
6931 1361 1621 1422 1110
6932 1397 1470 1787 1788
6933 1868 1682 1677 1198
6934 1505 1730 1270 1732
6935 1303 1981 1244 1992
6936 1310 1231 1312 1746
6937 1711 1226 1697 1696
6938 1272 1730 1752 1728
6939 1442 1436 1383 1848
6940 1956 1981 1980 1240
6941 1863 1440 1188 1165
6942 1704 1278 1232 1749
6943 1726 1288 1225 1861
6944 1256 1720 1884 1257
6945 1637 1360 1361 1362
6946 1618 1824 1467 1891
6947 1265 1264 1266 1736
6948 1863 1440 1670 1872
6949 1261 1737 1882 1263
6950 1457 1265 1845 1263
6951 1376 1745 1806 1805
6952 1462 1641 1640 1363
6953 1445 1284 1248 1777
6954 1707 1756 1445 1755
6955 1423 1198 1677 1161
6956 1163 1647 1188 1165
6957 1519 1471 1610 1910
6958 1779 1373 1466 1364
6959 1649 1162 1163 1161
6960 1761 1636 1360 1359
6961 1515 1887 1914 1634
6962 1473 1518 1125 1623
6963 1366 1363 1638 1361
6964 1787 1395 1396 1794
6965 1297 1500 1929 1828
6966 1188 1423 1676 1163
6967 301 289 300 1352
6968 1557 1961 1326 1559
6969 1676 1863 1188 1647
6970 1872 1863 1458 1719
6971 1452 1893 1650 1168
6972 1188 1458 1440 1863
6973 1486 1947 1959 1487
6974 1449 1447 1700 1424
6975 1872 1285 1880 1737
6976 290 299 300 1328
6977 289 288 1885 1129
6978 1676 1188 1863 1719
6979 1465 1776 1373 1211
6980 1821 1743 1496 1898
6981 1461 1331 298 1329
6982 1361 1363 1639 1362
6983 1810 1812 1378 1808
6984 1328 1996 1116 1327
6985 1527 1432 1136 1634
6986 1456 1458 1719 1258
6987 1323 1937 1961 1557
6988 1787 1470 1395 1786
6989 1961 1326 1323 1557
6990 1126 1624 1908 1852
6991 1670 1648 1651 1167
6992 1313 1303 1311 2009
6993 1265 1735 1845 1736
6994 1423 1677 1679 1676
6995 1785 1395 1392 1786
6996 1845 1880 1826 1457
6997 1165 1166 1648 1167
6998 1204 1205 1223 1691
6999 1110 1360 1636 1359
7000 1816 1250 1249 1916
7001 1653 1654 1170 1652
7002 1711 1239 1226 1726
7003 1458 1285 1440 1872
7004 1422 1621 1638 1805
7005 1737 1285 1263 1260
7006 1250 1252 1447 1708
7007 1371 1698 1809 1369
7008 1978 1961 1429 1962
7009 1166 1168 1650 1167
7010 284 306 1228 1425
7011 1845 1264 1882 1263
7012 1274 1725 1728 1847
7013 1534 1530 1107 1610
7014 1720 1719 1721 1258
7015 1645 1162 1164 1163
7016 1481 1530 1531 1851
7017 1814 1646 1460 1166
7018 1787 1396 1397 1891
7019 1284 1756 1906 1777
7020 1641 1643 1795 1464
7021 1279 1348 1347 1889
7022 1326 1961 1978 1943
7023 1234 1232 1345 1802
7024 1714 1861 1503 1869
7025 1771 1224 1710 1858
7026 1288 1503 1861 1869
7027 1501 1128 1915 1628
7028 1327 1978 1996 1943
7029 1808 1611 1377 1807
7030 1900 1208 1382 1687
7031 1942 1975 1321 1139
7032 1383 1849 1848 1870
7033 1132 1941 1486 1474
7034 1459 1651 1169 1167
7035 1852 1481 1531 1851
7036 1365 1641 1690 1795
7037 1830 1501 1915 1913
7038 1647 1676 1649 1163
7039 1554 1942 1135 1139
7040 1810 1379 1900 1446
7041 1849 1382 1442 1687
7042 1776 1690 1373 1779
7043 1966 1236 1968 1965
7044 1396 1397 1395 1787
7045 1710 1224 1223 1691
7046 1899 1613 1115 1923
7047 1458 1872 1719 1721
7048 1364 1360 1769 1362
7049 1795 1160 1465 1464
7050 1363 1365 1639 1362
7051 1163 1164 1647 1165
7052 1887 1515 1136 1634
7053 1725 1274 1296 1847
7054 306 284 283 1425
7055 1214 304 1227 1215
7056 1761 1374 1360 1364
7057 1429 1326 1978 1327
7058 1332 295 17 1150
7059 1612 1111 1504 1918
7060 1188 1456 1458 1719
7061 1590 1631 1133 1819
7062 1502 1830 1734 1266
7063 1299 1234 1300 1800
7064 1933 1311 1213 1332
7065 1647 1649 1645 1163
7066 1434 1428 1905 1187
7067 1710 1243 1224 1771
7068 1225 1239 1288 1726
7069 1386 289 1885 1129
7070 1469 1397 1824 1384
7071 1489 1322 2001 1319
7072 1397 1396 1467 1891
7073 297 292 1454 1331
7074 1718 1716 1881 1254
7075 1708 1755 1250 1816
7076 1649 1801 1645 1162
7077 1787 1824 1397 1788
7078 1115 1506 1899 1923
7079 1762 1742 1763 1494
7080 1868 1449 1198 1451
7081 1670 1285 1440 1459
7082 1774 1410 1394 1890
7083 1646 1460 1166 1164
7084 1304 1956 1955 1240
7085 1730 1505 1843 1732
7086 1639 1641 1690 1365
7087 1458 1285 1872 1260
7088 1165 1648 1440 1167
7089 1451 1423 1679 1456
7090 1321 1140 1975 1320
7091 1254 1716 1449 1252
7092 1134 1337 1338 1789
7093 1364 1769 1373 1362
7094 1366 1745 1367 1368
7095 1367 1363 1640 1366
7096 1996 1983 1116 1943
7097 1769 1639 1690 1362
7098 18 1195 1427 1332
7099 1643 1645 1801 1162
7100 1770 1279 1468 1349
7101 1473 1125 1525 1623
7102 1266 1830 1734 1736
7103 1866 1369 1367 1368
7104 1285 1880 1670 1872
7105 1475 1633 1555 1558
7106 1500 1292 1523 1927
7107 1687 1654 1442 1848
7108 1801 1160 1464 1162
7109 1260 1721 1458 1258
7110 1872 1737 1721 1260
7111 1395 1393 1119 1785
7112 1431 1186 1204 1685
7113 1942 1554 1979 1139
7114 1721 1737 1723 1260
7115 1893 1208 1652 1168
7116 1942 1553 1554 1135
7117 1367 1745 1866 1368
7118 1251 1717 1762 1494
7119 1171 1172 1170 1654
7120 1670 1648 1440 1863
7121 1893 1900 1208 1446
7122 1133 1631 1927 1819
7123 1420 1390 1398 1876
7124 1462 1365 1641 1363
7125 1365 1373 1690 1362
7126 1192 1171 1169 1653
7127 1644 1698 1460 1370
7128 1212 1196 1325 1844
7129 1173 1174 1172 1656
7130 1670 1651 1859 1459
7131 1226 1437 1239 1711
7132 1251 1250 1249 1816
7133 1784 1388 1390 1389
7134 1945 1587 1936 1333
7135 283 284 1619 1230
7136 1384 1381 1383 1896
7137 1842 1479 1310 1748
7138 1783 1391 1393 1782
7139 1643 1801 1795 1464
7140 1782 1419 1394 1774
7141 1435 1184 1431 1829
7142 1456 1679 1720 1719
7143 1282 1438 1435 1871
7144 1149 294 296 1148
7145 1373 1690 1769 1779
7146 1690 1373 1365 1465
7147 1251 1717 1816 1762
7148 1652 1208 1170 1168
7149 1420 1388 1877 1178
7150 1186 1189 1196 1671
7151 1206 1435 1683 1182
7152 1795 1465 1365 1464
7153 1388 1206 1879 1180
7154 1441 1906 1434 1284
7155 1654 1656 1172 1848
7156 1650 1452 1168 1166
7157 1256 1258 1720 1257
7158 1381 1382 1383 1849
7159 1438 1206 1878 1389
7160 1647 1648 1863 1165
7161 1310 1796 1299 1842
7162 1717 1253 1718 1742
7163 1814 1811 1452 1371
7164 1436 1174 1207 1841
7165 1111 1837 1408 1918
7166 1176 1174 1175 1658
7167 1310 1796 1281 1299
7168 1116 1943 1561 1559
7169 1468 1109 1411 1778
7170 1162 1209 1645 1164
7171 1420 1684 1207 1176
7172 1173 1171 1418 1655
7173 1723 1261 1259 1260
7174 1975 1140 1321 1139
7175 1502 1734 1751 1268
7176 1396 1787 1794 1891
7177 1416 281 282 1113
7178 1753 1503 1336 1869
7179 1648 1646 1650 1166
7180 1943 1116 1326 1559
7181 1646 1647 1645 1164
7182 1637 1638 1639 1361
7183 1955 1956 1953 1240
7184 1431 1224 1282 1858
7185 1704 1233 1278 1715
7186 1679 1868 1451 1881
7187 1836 1115 1510 1924
7188 1394 1412 1393 1782
7189 1653 1171 1654 1655
7190 1366 1638 1745 1805
7191 1943 1326 1961 1559
7192 1464 1365 1641 1462
7193 1785 1392 1393 1783
7194 1818 1898 1407 1117
7195 1185 1186 1184 1668
7196 1534 1107 1471 1610
7197 1247 1357 1437 1712
7198 1431 1829 1685 1858
7199 1875 1207 1684 1841
7200 1671 1186 1668 1685
7201 1808 1377 1809 1807
7202 1658 1174 1656 1841
7203 1211 1373 1466 1779
7204 1933 1311 1992 2009
7205 1644 1646 1645 1164
7206 1917 1612 1504 1918
7207 1648 1647 1646 1165
7208 1248 1284 1229 1777
7209 1285 1457 1880 1263
7210 1876 1398 1875 1786
7211 1177 1178 1176 1660
7212 1623 1473 1518 1853
7213 1875 1207 1472 1398
7214 1656 1173 1657 1655
7215 1643 1464 1209 1162
7216 1782 1775 1419 1774
7217 1182 1183 1184 1666
7218 1664 1180 1182 1181
7219 1642 1644 1209 1370
7220 1878 1683 1879 1206
7221 1785 1393 1119 1615
7222 1471 1519 1804 1910
7223 1631 1133 1500 1929
7224 1192 1457 1859 1459
7225 1796 1312 1310 1281
7226 1189 1325 1815 1194
7227 1314 1313 1315 1972
7228 1175 1173 1199 1657
7229 1178 1180 1662 1179
7230 1209 1460 1644 1164
7231 1279 1348 1889 1741
7232 1433 1958 2000 1520
7233 1420 1684 1877 1876
7234 1119 1395 1785 1794
7235 1816 1249 1817 1916
7236 1312 1799 1325 1426
7237 1871 1683 1435 1829
7238 1588 1631 1133 1590
7239 1879 1877 1784 1388
7240 1997 1984 1944 1307
7241 1115 1613 1899 1509
7242 1887 1133 1631 1929
7243 1639 1769 1637 1362
7244 1195 287 302 1200
7245 1610 1530 1107 1851
7246 1763 1742 1897 1291
7247 1668 1829 1184 1666
7248 1782 1394 1412 1890
7249 1730 1752 1505 1272
7250 1372 1809 1810 1808
7251 1360 1374 1761 1359
7252 1384 1824 1896 1788
7253 1382 1208 1900 1446
7254 1799 1325 1815 1844
7255 1717 1742 1762 1494
7256 1258 1720 1456 1256
7257 1637 1636 1621 1110
7258 1669 1185 1189 1190
7259 1657 1659 1175 1658
7260 1259 1723 1758 1498
7261 1227 1228 305 1235
7262 1426 1202 1688 1194
7263 18 17 1195 1332
7264 1637 1621 1638 1361
7265 1368 1806 1745 1807
7266 1153 1781 1739 1154
7267 1122 1977 1944 1306
7268 1177 1659 1175 1399
7269 1684 1176 1660 1658
7270 1936 1587 1586 1333
7271 1927 1753 1523 1925
7272 1525 1125 1524 1623
7273 1335 1925 1620 1819
7274 1955 1934 1998 1124
7275 1452 1650 1814 1166
7276 1650 1652 1651 1168
7277 1243 1241 1770 1710
7278 1189 1669 1815 1671
7279 1182 1683 1664 1666
7280 1263 1261 1737 1260
7281 1231 1222 1212 1693
7282 1811 1452 1371 1446
7283 1241 1224 1223 1710
7284 1753 1292 1503 1714
7285 1898 1407 1903 1818
7286 1853 1803 1518 1902
7287 1632 1874 1415 1493
7288 1244 1311 1303 1992
7289 1661 1177 1179 1193
7290 1859 1827 1192 1653
7291 1260 1259 1721 1258
7292 1371 1370 1698 1369
7293 1879 1664 1662 1180
7294 1742 1717 1253 1494
7295 1749 1345 1232 1802
7296 1720 1721 1722 1258
7297 1628 1501 1402 1913
7298 1220 1281 1426 1703
7299 1240 1956 1981 1302
7300 1662 1877 1178 1660
7301 1442 1172 1436 1848
7302 1183 1181 1197 1665
7303 1584 1583 1941 1132
7304 1261 1882 1264 1263
7305 1350 1181 1179 1663
7306 1947 1936 1959 1487
7307 297 1454 1147 1331
7308 1674 1418 1827 1655
7309 1641 1639 1640 1363
7310 1946 1951 1977 1521
7311 1848 1841 1436 1870
7312 1192 1455 1418 1827
7313 1334 1945 1936 1333
7314 1170 1169 1652 1168
7315 1183 1185 1667 1346
7316 1305 1481 1908 1852
7317 1668 1185 1669 1667
7318 1527 1860 1432 1634
7319 1809 1811 1371 1372
7320 1190 1201 1194 1673
7321 1489 2001 1935 1319
7322 1209 1643 1642 1462
7323 292 293 297 1454
7324 1248 1911 1229 1230
7325 1737 1845 1882 1263
7326 1722 1723 1758 1259
7327 1457 1880 1826 1859
7328 1208 1893 1452 1168
7329 1753 1336 1523 1925
7330 1370 1642 1866 1367
7331 1209 1464 1643 1462
7332 1281 1796 1703 1800
7333 1640 1638 1745 1366
7334 1232 1234 1220 1802
7335 1199 1674 1856 1657
7336 1542 1485 1127 1999
7337 1314 1315 1316 1972
7338 1903 1616 1818 1406
7339 1177 1659 1661 1660
7340 1650 1651 1648 1167
7341 1925 1523 1927 1819
7342 1438 1773 1878 1871
7343 1194 1688 1815 1673
7344 1586 1584 1959 1333
7345 1241 1770 1279 1243
7346 1746 1706 1231 1693
7347 1667 1666 1183 1665
7348 1671 1196 1686 1844
7349 1694 1219 1202 1220
7350 1884 1720 1722 1257
7351 1392 1470 1398 1786
7352 1990 1959 1941 1486
7353 1446 1371 1811 1372
7354 1799 1688 1426 1703
7355 1900 1382 1813 1849
7356 1202 1201 1217 1681
7357 1663 1181 1664 1665
7358 1312 1799 1796 1746
7359 1395 1119 1396 1794
7360 1299 1300 1804 1800
7361 1861 1503 1288 1353
7362 1199 1453 1674 1418
7363 1209 1644 1460 1370
7364 1370 1866 1698 1369
7365 1662 1661 1179 1663
7366 1272 1752 1295 1728
7367 1986 1146 1148 1213
7368 1880 1845 1737 1263
7369 1131 1763 1874 1892
7370 1820 1738 1154 1463
7371 1346 1190 1672 1430
7372 1419 1283 1773 1438
7373 1634 1432 1136 1901
7374 1190 1669 1672 1673
7375 1651 1653 1169 1652
7376 1936 1959 1487 1333
7377 1933 295 18 1332
7378 1283 1243 1468 1772
7379 1473 1471 1300 1853
7380 1612 1837 1111 1918
7381 1492 282 283 1512
7382 1645 1643 1644 1209
7383 1256 1881 1451 1254
7384 1452 1811 1893 1446
7385 1399 1659 1856 1864
7386 1345 1749 1803 1802
7387 1208 1442 1382 1687
7388 1945 1936 1946 1334
7389 1811 1809 1810 1372
7390 1835 1612 1413 1917
7391 1462 1640 1642 1367
7392 1201 1218 1680 1430
7393 1252 1251 1253 1717
7394 1585 1887 1133 1588
7395 1637 1769 1761 1360
7396 1983 1551 1352 1561
7397 1199 1856 1450 1399
7398 290 289 1630 1386
7399 1443 1197 1850 1346
7400 1197 1350 1439 1832
7401 1628 1128 1915 1835
7402 1698 1814 1460 1371
7403 1312 1231 1212 1746
7404 283 307 306 1425
7405 1722 1721 1723 1259
7406 1714 1503 1753 1869
7407 1202 1694 1688 1681
7408 1434 1906 1629 1284
7409 1193 1444 1350 1675
7410 1813 1379 1900 1810
7411 1201 1680 1681 1673
7412 1193 1399 1448 1864
7413 1706 1222 1231 1693
7414 1672 1850 1667 1346
7415 1345 1518 1803 1902
7416 1968 1969 1236 1966
7417 1432 1524 1860 1527
7418 1453 1674 1825 1833
7419 1864 1193 1661 1675
7420 1706 1231 1286 1748
7421 1369 1370 1866 1367
7422 1887 1476 1133 1929
7423 1832 1850 1197 1665
7424 1217 1218 1225 1840
7425 1442 1849 1687 1848
7426 1803 1518 1300 1853
7427 1455 1826 1825 1827
7428 1111 1598 1837 1599
7429 1196 1205 1204 1686
7430 1853 1471 1300 1804
7431 1675 1832 1350 1663
7432 1457 1826 1265 1455
7433 1430 1443 1246 1695
7434 1509 1357 1924 1846
7435 292 297 298 1331
7436 1761 1636 1637 1360
7437 1389 1784 1878 1775
7438 1455 1825 1267 1453
7439 1680 1672 1430 1695
7440 1411 1283 1772 1774
7441 1800 1234 1803 1802
7442 1116 1983 1352 1561
7443 1332 1148 295 1150
7444 1685 1686 1204 1691
7445 292 1454 1331 1461
7446 1253 1718 1255 1254
7447 1297 1500 1516 1929
7448 1500 1292 1927 1828
7449 1692 1223 1205 1691
7450 1205 1686 1692 1691
7451 1840 1702 1217 1681
7452 1363 1640 1462 1367
7453 1129 288 1550 1352
7454 1208 1900 1893 1687
7455 1870 1383 1849 1896
7456 1427 1244 2008 1992
7457 1321 1322 1994 1135
7458 1856 1450 1747 1833
7459 1952 1953 1950 1280
7460 1436 1472 1383 1870
7461 1128 1601 1600 1835
7462 1491 1944 1984 1307
7463 1551 301 1983 1352
7464 1947 1949 1289 1486
7465 1590 1133 1335 1819
7466 1711 1744 1239 1726
7467 1246 1226 1218 1696
7468 1745 1866 1368 1807
7469 1386 1630 290 1330
7470 1612 1504 1413 1917
7471 1147 293 296 1149
7472 1862 1354 1439 1443
7473 1472 1470 1384 1788
7474 287 303 302 1200
7475 1551 1550 288 1352
7476 1842 1796 1299 1800
7477 1592 1590 1335 1620
7478 1694 1702 1219 1704
7479 1887 1631 1133 1588
7480 1255 1884 1718 1743
7481 1652 1654 1170 1687
7482 1959 1936 1586 1333
7483 1210 1820 1154 1463
7484 1269 1450 1453 1833
7485 1296 1356 1725 1754
7486 296 1147 1149 1148
7487 1170 1442 1208 1687
7488 1237 1950 1953 1280
7489 1862 1443 1850 1695
7490 1610 1804 1519 1910
7491 1712 1356 1357 1754
7492 1726 1239 1288 1757
7493 1703 1694 1220 1802
7494 308 1984 1113 1581
7495 1121 1335 1925 1620
7496 1629 1428 1434 1284
7497 1778 1410 1411 1774
7498 1250 1248 1249 1916
7499 1943 1983 1116 1561
7500 1495 1897 1763 1892
7501 1620 1590 1335 1819
7502 1235 306 1997 1307
7503 1772 1283 1773 1774
7504 1697 1247 1354 1246
7505 1864 1747 1448 1865
7506 1385 1883 1572 1573
7507 1218 1680 1696 1840
7508 1333 1584 1959 1132
7509 1356 1296 1357 1754
7510 1882 1759 1723 1261
7511 1861 1726 1288 1757
7512 1233 1503 1292 1714
7513 1509 1613 1899 1846
7514 1258 1259 1722 1257
7515 1867 1862 1439 1832
7516 285 1228 1215 1229
7517 1640 1639 1638 1363
7518 1402 1128 1501 1628
7519 1444 1867 1275 1439
7520 1870 1875 1472 1788
7521 1623 1526 1473 1853
7522 1267 1735 1733 1825
7523 1771 1871 1282 1858
7524 1782 1412 1393 1615
7525 1994 1942 1975 1321
7526 1353 1702 1861 1714
7527 1248 1911 1619 1777
7528 1125 1478 1432 1623
7529 1632 1874 281 1415
7530 1448 1450 1271 1747
7531 1519 1471 1107 1610
7532 1442 1383 1382 1849
7533 1246 1697 1696 1695
7534 1822 1779 1466 1364
7535 1675 1444 1867 1865
7536 298 1329 1245 1939
7537 1900 1379 1382 1446
7538 1460 1452 1814 1166
7539 1249 1248 1619 1916
7540 1913 1402 1628 1838
7541 1975 1965 1974 1320
7542 1395 1785 1787 1786
7543 1306 1997 1944 1307
7544 1780 1463 1466 1740
7545 1394 1410 1412 1890
7546 1833 1733 1269 1731
7547 1944 1945 1977 1122
7548 1370 1698 1460 1371
7549 1374 1761 1822 1364
7550 1959 1487 1333 1132
7551 1636 1761 1635 1359
7552 1628 1915 1501 1913
7553 1339 1475 1134 1789
7554 1742 1253 1718 1291
7555 1794 1785 1119 1615
7556 1784 1390 1876 1783
7557 1225 1726 1861 1840
7558 1804 1300 1803 1800
7559 1273 1444 1448 1865
7560 1855 1461 291 1330
7561 1113 1416 281 1415
7562 1599 1413 1600 1612
7563 1460 1814 1452 1371
7564 1744 1239 1437 1711
7565 1421 1883 1572 1385
7566 1402 1602 1601 1628
7567 1626 1495 1400 1892
7568 1849 1900 1382 1687
7569 282 307 283 1512
7570 1389 1419 1391 1775
7571 1837 1111 1599 1612
7572 1747 1271 1729 1731
7573 1842 1310 1796 1748
7574 1862 1354 1697 1724
7575 1922 1920 1522 1627
7576 1986 1933 2006 1213
7577 1475 1339 1138 1633
7578 1574 1611 1118 1573
7579 1727 1275 1867 1724
7580 1356 1712 1725 1754
7581 288 301 1551 1352
7582 1208 1893 1652 1687
7583 1603 1838 1602 1112
7584 1316 1318 1127 1971
7585 1332 17 1195 1150
7586 1417 1242 1709 1797
7587 1128 1402 1601 1628
7588 1219 1233 1232 1704
7589 1650 1893 1652 1168
7590 2001 1935 1542 1489
7591 1729 1273 1865 1727
7592 1374 1885 1635 1129
7593 1845 1735 1265 1826
7594 1370 1462 1642 1367
7595 1143 1144 1976 1142
7596 1223 1709 1241 1710
7597 1818 1407 1903 1406
7598 1148 294 295 1150
7599 1151 1152 1781 1153
7600 1471 1473 1526 1853
7601 1601 1128 1628 1835
7602 1529 1624 1483 1126
7603 1452 1893 1208 1446
7604 1234 1299 1281 1800
7605 1920 1508 1522 1627
7606 1650 1646 1814 1166
7607 1283 1243 1772 1771
7608 1912 1479 1107 1610
7609 1736 1882 1264 1831
7610 1770 1468 1243 1772
7611 1468 1617 1770 1349
7612 1986 2006 1970 1146
7613 1884 1881 1720 1256
7614 1402 1602 1838 1112
7615 1483 1533 1857 1624
7616 1275 1356 1354 1724
7617 1230 284 1228 1425
7618 1273 1274 1275 1727
7619 1413 1128 1600 1835
7620 1611 1385 1118 1573
7621 1454 1854 293 1152
7622 1884 1255 1496 1743
7623 1818 1605 1606 1117
7624 1948 1949 1950 1289
7625 1945 1944 1589 1122
7626 1212 1844 1746 1693
7627 1967 1245 1143 1429
7628 1147 1454 293 1149
7629 1425 306 1228 1235
7630 1248 1755 1777 1916
7631 1558 1337 1134 1789
7632 1572 1571 1886 1421
7633 1783 1393 1785 1782
7634 1749 1478 1345 1902
7635 1976 1964 1143 1142
7636 1327 1329 299 1939
7637 1335 1523 1925 1819
7638 1239 1225 1226 1726
7639 1391 1392 1390 1783
7640 1558 1560 1337 1789
7641 1241 1242 1348 1741
7642 1204 1223 1224 1691
7643 1702 1217 1219 1353
7644 1811 1810 1900 1446
7645 1333 1945 1587 1122
7646 1291 1255 1718 1743
7647 1109 1468 1617 1778
7648 1710 1223 1709 1691
7649 1473 1300 1518 1853
7650 1612 1413 1600 1835
7651 1828 1929 1297 1901
7652 1287 1977 1951 1521
7653 1998 1540 1538 1124
7654 1495 1626 1897 1892
7655 1265 1264 1845 1263
7656 1233 1353 1503 1714
7657 1903 1616 1406 1497
7658 1599 1111 1413 1612
7659 1691 1710 1224 1858
7660 1117 1407 1818 1406
7661 1402 1602 1628 1838
7662 1882 1723 1737 1261
7663 1643 1641 1642 1462
7664 1731 1270 1730 1732
7665 1718 1742 1291 1743
7666 1725 1727 1274 1728
7667 1385 1611 1883 1573
7668 1814 1646 1644 1460
7669 1261 1759 1723 1498
7670 1421 1571 1886 1114
7671 1968 1236 1318 1320
7672 1733 1734 1268 1732
7673 1153 1152 1781 1154
7674 1282 1243 1283 1771
7675 1267 1265 1266 1735
7676 1349 1468 1617 1109
7677 1478 1278 1765 1749
7678 1114 1570 1571 1618
7679 1818 1605 1117 1406
7680 296 295 1986 1148
7681 1200 1195 287 1187
7682 1971 1316 1315 1972
7683 1357 1437 1712 1846
7684 1906 1792 1756 1441
7685 1866 1809 1698 1369
7686 1866 1809 1369 1807
7687 1992 1303 1981 1993
7688 1306 1944 1122 1490
7689 1994 2002 1942 1135
7690 1603 1839 1838 1112
7691 1853 1518 1623 1902
7692 1487 1959 1486 1132
7693 1295 1274 1728 1847
7694 1347 1349 1279 1889
7695 286 1200 1428 1215
7696 1765 1432 1478 1623
7697 1619 1248 1249 1230
7698 1839 1907 1838 1112
7699 1558 1134 1475 1789
7700 1136 1476 1515 1887
7701 1412 1119 1393 1615
7702 1115 1899 1309 1509
7703 1971 1315 1969 1972
7704 1148 1149 294 1150
7705 1268 1269 1267 1733
7706 1397 1824 1787 1891
7707 1709 1242 1241 1741
7708 1269 1270 1271 1731
7709 1606 1626 1818 1117
7710 1331 1988 298 1245
7711 1822 1374 1364 1375
7712 1344 1953 1952 1280
7713 1959 1584 1941 1132
7714 1327 1429 1245 1939
7715 1117 1898 1407 1495
7716 1419 1411 1394 1774
7717 1574 1376 1806 1575
7718 1964 1967 1143 1962
7719 1470 1395 1397 1787
7720 1284 1629 1229 1777
7721 1722 1884 1257 1821
7722 1821 1407 1903 1898
7723 1241 1279 1770 1741
7724 1749 1704 1278 1715
7725 2008 1221 1244 1427
7726 1615 1782 1412 1890
7727 1613 1115 1836 1924
7728 1495 1117 1626 1400
7729 1521 1287 1977 1306
7730 1758 1404 1904 1497
7731 1994 2002 1135 1511
7732 1280 1950 1949 1289
7733 1290 1762 1926 1494
7734 1717 1251 1253 1494
7735 1816 1755 1250 1916
7736 1642 1644 1643 1209
7737 1348 1351 1120 1767
7738 1884 1256 1257 1255
7739 1610 1479 1519 1842
7740 1334 1945 1333 1122
7741 1570 1114 1467 1618
7742 1280 1949 1952 1298
7743 1411 1468 1778 1772
7744 1839 1616 1904 1405
7745 1132 1583 1941 1474
7746 1935 1127 1318 1971
7747 1804 1853 1471 1910
7748 1936 1946 1334 1487
7749 1941 1991 1520 1474
7750 1150 1834 1187 1151
7751 1775 1773 1419 1774
7752 1811 1814 1698 1371
7753 1131 1582 1607 1892
7754 1985 1216 1214 1930
7755 1762 1817 1251 1290
7756 1591 1944 1984 1491
7757 1298 1952 1280 1484
7758 1229 1911 1248 1777
7759 1253 1255 1718 1291
7760 1792 1434 1793 1153
7761 1706 1231 1748 1746
7762 1715 1233 1292 1714
7763 282 308 307 1512
7764 1405 1616 1904 1497
7765 1888 1514 1633 1909
7766 1351 1338 1337 1622
7767 1118 1376 1806 1574
7768 1944 1491 1490 1307
7769 302 18 17 1195
7770 1462 1642 1209 1370
7771 1650 1814 1893 1452
7772 1417 1342 1242 1797
7773 1344 1237 1953 1280
7774 1969 1968 1315 1971
7775 1950 1238 1948 1289
7776 1235 1425 306 1307
7777 307 1425 1512 1307
7778 1835 1414 1915 1917
7779 1428 1629 285 1229
7780 1990 1947 1959 1486
7781 1788 1470 1787 1786
7782 1504 1413 1111 1612
7783 1693 1222 1205 1692
7784 1900 1893 1811 1446
7785 1945 1589 1587 1122
7786 292 1614 1454 1461
7787 1752 1295 1505 1272
7788 1467 1569 1570 1891
7789 1278 1478 1345 1749
7790 1115 1595 1594 1923
7791 1345 1518 1300 1803
7792 1735 1266 1734 1736
7793 1791 1342 1340 1277
7794 1295 1920 1522 1847
7795 1928 1121 1517 1925
7796 1432 1765 1860 1623
7797 1929 1500 1927 1828
7798 1605 1818 1616 1406
7799 1834 1793 1905 1187
7800 1806 1611 1118 1574
7801 1572 1886 1883 1421
7802 1575 1422 1376 1805
7803 1893 1814 1811 1452
7804 1268 1751 1294 1732
7805 1490 1306 1944 1307
7806 1887 1133 1476 1585
7807 1991 1990 1941 1520
7808 1318 1127 1935 1319
7809 1512 1984 307 1307
7810 1994 2001 1322 1319
7811 1838 1403 1402 1112
7812 1401 1763 1131 1892
7813 1789 1337 1338 1622
7814 1974 1994 1975 1321
7815 1911 1229 1629 1777
7816 1522 1508 1920 1295
7817 1117 1606 1626 1400
7818 1241 1243 1224 1710
7819 1764 1348 1242 1741
7820 1417 1709 1242 1223
7821 1753 1523 1292 1927
7822 1792 1781 1739 1153
7823 1698 1644 1642 1370
7824 1400 1606 1626 1607
7825 1604 1605 1616 1406
7826 1154 1152 1760 1210
7827 1698 1814 1644 1460
7828 1517 1928 1925 1869
7829 1503 1288 1517 1869
7830 1517 1928 1869 1757
7831 1240 1981 1980 1244
7832 1642 1641 1640 1462
7833 1640 1866 1642 1367
7834 1869 1288 1517 1757
7835 1467 1396 1569 1891
7836 1631 1500 1133 1927
7837 1496 1257 1884 1821
7838 1842 1912 1479 1748
7839 1113 1984 1512 1491
7840 1635 1761 1885 1374
7841 291 290 1855 1330
7842 1741 1770 1241 1710
7843 1401 1926 1762 1494
7844 2001 1994 1974 1319
7845 1580 1415 1874 1582
7846 1509 1357 1358 1924
7847 1222 1417 1205 1692
7848 1321 1975 1974 1320
7849 1394 1393 1391 1782
7850 1345 1300 1234 1803
7851 294 296 293 1149
7852 1987 304 1227 1214
7853 1958 2000 1934 1433
7854 1616 1903 1904 1497
7855 1422 1575 1576 1805
7856 1769 1779 1822 1364
7857 1768 1338 1342 1351
7858 1340 1339 1338 1768
7859 1468 1279 1770 1243
7860 1603 1604 1839 1405
7861 1336 1517 1925 1869
7862 1434 1905 1793 1187
7863 1908 1481 1305 1126
7864 1940 305 306 1235
7865 1550 1552 1635 1129
7866 1974 1965 1968 1320
7867 1120 1351 1337 1622
7868 1560 1562 1120 1622
7869 1568 1569 1396 1794
7870 1247 1437 1711 1712
7871 1780 1466 1387 1375
7872 1112 1603 1839 1405
7873 1791 1342 1277 1797
7874 2006 1324 1970 1146
7875 1845 1882 1264 1736
7876 1349 1563 1564 1889
7877 1324 1969 1970 1966
7878 1478 1518 1345 1902
7879 1552 1635 1129 1359
7880 286 285 304 1215
7881 1296 1522 1922 1847
7882 1245 1145 1988 1143
7883 1772 1243 1770 1771
7884 1277 1342 1417 1797
7885 1210 1387 1820 1463
7886 1237 1953 1980 1240
7887 299 1996 1327 1939
7888 308 282 1113 1512
7889 1598 1597 1408 1627
7890 1342 1351 1242 1764
7891 1408 1598 1837 1111
7892 1272 1729 1730 1728
7893 1778 1410 1774 1890
7894 1634 1860 1432 1901
7895 1715 1292 1753 1714
7896 1950 1280 1238 1289
7897 1301 1239 1744 1757
7898 1944 1589 1122 1490
7899 17 295 294 1150
7900 17 18 295 1332
7901 1571 1886 1114 1618
7902 1244 1427 1311 1992
7903 1145 1988 297 1331
7904 1386 1374 1630 1375
7905 1223 1417 1709 1692
7906 1925 1753 1336 1869
7907 1575 1376 1806 1805
7908 1403 1838 1907 1112
7909 1286 1310 1479 1748
7910 1392 1393 1395 1785
7911 1777 1619 1248 1916
7912 1338 1339 1134 1789
7913 1475 1339 1633 1789
7914 1487 1334 1936 1333
7915 1433 1124 1934 1484
7916 1924 1357 1754 1846
7917 1337 1560 1120 1622
7918 1842 1299 1804 1800
7919 1221 1237 1980 1240
7920 1516 1133 1476 1929
7921 1344 1952 1934 1484
7922 1479 1308 1912 1107
7923 1749 1232 1704 1802
7924 1137 1474 2003 1513
7925 1640 1745 1866 1367
7926 1544 1973 1485 1999
7927 1335 1121 1592 1620
7928 1804 1519 1299 1842
7929 1222 1205 1212 1693
7930 1764 1242 1342 1797
7931 1830 1915 1501 1414
7932 1274 1295 1296 1847
7933 1619 1817 1921 1492
7934 1749 1765 1478 1902
7935 1221 1980 2008 1244
7936 1955 1344 1304 1240
7937 1109 1617 1564 1565
7938 1991 2000 1958 1520
7939 1145 1144 1976 1143
7940 1530 1308 1107 1851
7941 1912 1479 1610 1842
7942 1934 1958 1433 1484
7943 1927 1292 1753 1828
7944 1920 1922 1522 1847
7945 1344 1955 1953 1240
7946 1889 1348 1347 1767
7947 1779 1780 1466 1740
7948 1616 1839 1604 1405
7949 1500 1523 1133 1927
7950 1984 1997 307 1307
7951 1335 1523 1336 1925
7952 1635 288 1550 1129
7953 1400 1401 1131 1892
7954 1820 1738 1463 1740
7955 1271 1273 1729 1272
7956 1861 1288 1225 1353
7957 1925 1928 1121 1620
7958 1351 1342 1768 1764
7959 1482 1303 1314 1993
7960 1298 1949 1990 1486
7961 1408 1837 1598 1627
7962 1489 1935 1127 1319
7963 1416 1632 281 1415
7964 1152 1625 293 1149
7965 1591 1944 1491 1490
7966 285 286 1629 1428
7967 1320 1318 1968 1319
7968 297 293 296 1147
7969 1409 1843 1504 1918
7970 1415 1131 1874 1582
7971 1786 1392 1785 1783
7972 1411 1283 1468 1772
7973 1984 1113 1581 1491
7974 1775 1391 1783 1782
7975 1817 1619 1249 1492
7976 1811 1698 1809 1371
7977 1124 1344 1934 1484
7978 1222 1705 1417 1692
7979 1981 2008 1244 1992
7980 17 294 1834 1150
7981 1739 1760 1738 1154
7982 1348 1351 1767 1764
7983 1274 1296 1356 1725
7984 1944 1591 1589 1490
7985 1537 1991 1539 1137
7986 1887 1516 1476 1929
7987 1576 1422 1621 1110
7988 2001 1546 1322 1489
7989 1882 1264 1831 1499
7990 1327 1978 1429 1939
7991 1119 1568 1396 1794
7992 1607 1400 1131 1892
7993 1310 1286 1231 1748
7994 1466 1822 1364 1375
7995 1401 1763 1742 1494
7996 1405 1604 1616 1406
7997 1929 1516 1297 1901
7998 1981 2008 1980 1244
7999 1336 1517 1121 1925
8000 1411 1109 1410 1778
8001 1614 1454 1461 1210
8002 1618 1467 1570 1891
8003 1955 1477 1344 1124
8004 1227 1355 1987 1214
8005 1632 281 282 1416
8006 1626 1400 1607 1892
8007 1262 1722 1257 1821
8008 1412 1566 1567 1890
8009 1149 1625 294 1151
8010 1119 1567 1568 1615
8011 1974 1321 1320 1319
8012 1394 1782 1774 1890
8013 1516 1500 1133 1929
8014 1904 1404 1112 1405
8015 1249 1251 1817 1290
8016 1417 1705 1277 1797
8017 1108 1482 1317 1995
8018 1750 1706 1286 1748
8019 1715 1704 1233 1714
8020 1115 1358 1510 1924
8021 1463 1466 1387 1780
8022 1761 1769 1822 1364
8023 302 17 287 1195
8024 1710 1770 1243 1771
8025 1921 282 1492 1416
8026 1329 298 299 1939
8027 1577 1576 1621 1110
8028 1299 1479 1310 1842
8029 1347 1562 1563 1767
8030 1563 1349 1347 1889
8031 1911 1619 284 1230
8032 1787 1785 1395 1794
8033 303 1985 1214 1930
8034 1522 1508 1130 1627
8035 1797 1709 1417 1692
8036 1743 1496 1884 1821
8037 1817 1632 1921 1290
8038 1415 1874 281 1580
8039 1239 1309 1301 1744
8040 1765 1278 1297 1715
8041 1834 294 1625 1151
8042 1241 1348 1279 1741
8043 1299 1300 1519 1804
8044 1522 1130 1922 1627
8045 1576 1621 1422 1805
8046 1290 1632 1921 1416
8047 1475 1633 1558 1789
8048 1973 1314 1316 1972
8049 1514 1475 1138 1633
8050 1519 1107 1479 1610
8051 1216 1954 1985 2007
8052 1517 1336 1503 1869
8053 1406 1407 1903 1497
8054 1882 1759 1261 1499
8055 1542 1935 1127 1489
8056 1987 304 305 1227
8057 1349 1617 1564 1109
8058 1415 281 1113 1580
8059 1636 1552 1577 1359
8060 1414 1504 1751 1917
8061 1759 1758 1723 1498
8062 1146 1324 1970 1144
8063 286 303 287 1200
8064 1348 1120 1347 1767
8065 1230 1619 283 1492
8066 1622 1120 1351 1767
8067 1582 1131 1874 1892
8068 1530 1481 1308 1851
8069 1995 1482 1314 1993
8070 1855 1387 1461 1330
8071 1793 1434 1151 1153
8072 1866 1698 1642 1370
8073 1135 1322 1994 1511
8074 1831 1907 1759 1499
8075 1479 1912 1286 1748
8076 1940 1227 305 1235
8077 1712 1724 1356 1725
8078 1885 1374 1386 1129
8079 1242 1351 1348 1764
8080 1415 1416 1632 1493
8081 1736 1264 1293 1831
8082 283 1230 1492 1425
8083 1552 1636 1635 1359
8084 1110 1636 1577 1359
8085 1968 1318 1315 1971
8086 1121 1335 1336 1925
8087 1226 1711 1726 1696
8088 1415 1874 1131 1493
8089 294 295 296 1148
8090 1968 1974 1320 1319
8091 1316 1485 1973 1999
8092 1889 1770 1279 1741
8093 1406 1616 1405 1497
8094 1417 1223 1205 1692
8095 1778 1468 1617 1772
8096 1503 1336 1292 1753
8097 1345 1232 1278 1749
8098 1231 1276 1706 1286
8099 1412 1410 1566 1890
8100 1292 1297 1278 1715
8101 1754 1358 1357 1924
8102 1477 1998 1538 1124
8103 1931 1146 1144 1145
8104 281 1113 1580 1581
8105 1982 1969 1970 1324
8106 1913 1403 1402 1838
8107 1968 1935 1318 1971
8108 1821 1496 1407 1898
8109 1765 1297 1432 1901
8110 1241 1242 1709 1223
8111 1347 1120 1562 1767
8112 2005 1938 1108 1995
8113 1374 1822 1630 1375
8114 1613 1595 1115 1923
8115 1591 1984 1581 1491
8116 1974 1935 2001 1319
8117 1304 1480 1957 1302
8118 1330 1386 1630 1375
8119 1205 1686 1693 1692
8120 1222 1705 1706 1276
8121 1403 1402 1501 1913
8122 1763 1926 1762 1401
8123 1621 1636 1577 1110
8124 1287 1940 1977 1306
8125 1119 1412 1567 1615
8126 1758 1722 1259 1262
8127 1566 1778 1410 1565
8128 1128 1501 1915 1414
8129 283 307 1425 1512
8130 1262 1758 1903 1497
8131 1409 1504 1111 1918
8132 1297 1292 1828 1715
8133 1538 1541 1957 1477
8134 1519 1804 1610 1842
8135 1286 1276 1706 1750
8136 1742 1763 1401 1291
8137 1482 1314 1317 1995
8138 1767 1889 1348 1741
8139 1509 1899 1309 1846
8140 1294 1502 1751 1268
8141 1922 1358 1522 1296
8142 1434 1793 1906 1792
8143 1982 1313 1993 1972
8144 1764 1242 1709 1741
8145 1113 281 308 1581
8146 1772 1773 1283 1771
8147 1295 1274 1272 1728
8148 2004 1938 1989 1108
8149 1147 1931 297 1145
8150 1130 1408 1597 1627
8151 1594 1506 1115 1923
8152 1515 1914 1536 1634
8153 1476 1136 1516 1887
8154 1836 1510 1358 1924
8155 1981 1240 1302 1244
8156 1741 1241 1709 1710
8157 282 1492 1416 1512
8158 1752 1505 1843 1730
8159 1338 1342 1340 1768
8160 1414 1751 1915 1917
8161 1404 1759 1907 1499
8162 1409 1111 1408 1918
8163 288 1635 1885 1129
8164 296 1986 1931 1146
8165 1705 1222 1693 1692
8166 1993 1313 1314 1972
8167 1287 1235 1940 1306
8168 1517 1301 1928 1757
8169 1108 1547 2005 1543
8170 1407 1903 1262 1821
8171 1356 1357 1247 1712
8172 1429 1967 1978 1962
8173 1794 1569 1396 1891
8174 1393 1785 1782 1615
8175 1734 1751 1830 1502
8176 1417 1705 1222 1277
8177 1214 1216 1355 1930
8178 1613 1509 1924 1846
8179 1706 1222 1276 1231
8180 1351 1768 1338 1622
8181 1408 1130 1508 1627
8182 1255 1257 1884 1496
8183 1758 1759 1404 1498
8184 1987 1355 1227 1287
8185 1293 1830 1266 1736
8186 1432 1516 1136 1901
8187 1791 1340 1342 1768
8188 1619 1817 1249 1916
8189 1953 1956 1980 1240
8190 1147 296 1931 1146
8191 1778 1109 1410 1565
8192 1500 1297 1292 1828
8193 1509 1115 1613 1924
8194 1847 1922 1296 1754
8195 1997 1944 1977 1306
8196 1828 1765 1297 1715
8197 1899 1744 1309 1846
8198 1486 1289 1947 1487
8199 1301 1507 1121 1919
8200 1623 1478 1765 1902
8201 1984 1512 1491 1307
8202 1316 1315 1318 1971
8203 1303 1482 1989 1993
8204 1958 1952 1949 1298
8205 1523 1292 1336 1753
8206 1309 1506 1899 1115
8207 1942 2002 1553 1135
8208 1502 1293 1830 1266
8209 1790 1138 1339 1633
8210 1290 1926 1632 1493
8211 1749 1278 1765 1715
8212 1798 1791 1343 1277
8213 1339 1338 1768 1789
8214 1330 1855 1387 1375
8215 1302 1989 1981 1303
8216 1949 1298 1289 1486
8217 1712 1437 1711 1846
8218 1861 1288 1869 1757
8219 287 1834 1905 1187
8220 1344 1934 1955 1124
8221 1989 1302 1482 1303
8222 1298 1958 1952 1484
8223 1340 1339 1768 1790
8224 1306 1235 1997 1307
8225 1629 1905 1793 1434
8226 1305 1908 1798 1750
8227 1789 1560 1337 1622
8228 1912 1308 1286 1750
8229 1276 1798 1706 1750
8230 2005 1108 1317 1995
8231 1692 1709 1223 1691
8232 1633 1138 1514 1888
8233 1127 1935 1542 1999
8234 1971 1973 1316 1972
8235 1874 1632 1926 1493
8236 1536 1136 1515 1634
8237 1276 1305 1798 1750
8238 1860 1765 1432 1901
8239 1257 1259 1722 1262
8240 1235 1997 1940 1306
8241 1922 1130 1836 1627
8242 1268 1502 1734 1266
8243 1300 1803 1853 1804
8244 1276 1222 1705 1277
8245 1214 304 303 1930
8246 1527 1136 1536 1634
8247 1922 1358 1296 1754
8248 1798 1908 1305 1343
8249 1474 2003 1991 1137
8250 1803 1749 1345 1902
8251 1726 1744 1239 1757
8252 1988 298 297 1331
8253 1991 1520 1474 1137
8254 1259 1261 1723 1498
8255 1135 2002 1553 1511
8256 1711 1226 1437 1247
8257 1216 1221 1954 2007
8258 1633 1790 1138 1888
8259 1358 1115 1509 1924
8260 1126 1343 1908 1895
8261 1759 1758 1404 1904
8262 1314 1995 1993 1972
8263 1498 1261 1759 1499
8264 1765 1297 1278 1478
8265 1303 1313 1993 2009
8266 1780 1387 1855 1375
8267 1597 1596 1130 1836
8268 1977 1940 1997 1306
8269 1276 1705 1798 1277
8270 1709 1242 1764 1797
8271 1706 1705 1222 1693
8272 1404 1907 1759 1904
8273 1948 1488 1334 1289
8274 1229 1428 1629 1284
8275 1480 2004 1989 1108
8276 2003 1583 1608 1513
8277 1540 1998 1934 1124
8278 1899 1309 1744 1766
8279 1468 1770 1617 1772
8280 1300 1471 1519 1804
8281 1820 1738 1760 1154
8282 1292 1278 1233 1715
8283 1505 1730 1272 1270
8284 1836 1130 1597 1627
8285 1908 1305 1852 1750
8286 1508 1920 1295 1752
8287 1466 1780 1822 1375
8288 1887 1516 1929 1901
8289 1343 1791 1340 1277
8290 1414 1830 1751 1502
8291 1764 1342 1768 1797
8292 1237 1980 1954 1221
8293 1501 1830 1293 1913
8294 1327 1245 1329 1939
8295 282 1416 1113 1512
8296 1374 1630 1885 1386
8297 1296 1725 1847 1754
8298 1822 1885 1761 1374
8299 1596 1510 1130 1836
8300 1121 1301 1919 1928
8301 1760 1820 1154 1210
8302 1514 1475 1633 1555
8303 1794 1119 1568 1615
8304 1758 1722 1262 1821
8305 1251 1762 1290 1494
8306 1401 1762 1763 1494
8307 1995 1989 1482 1993
8308 1409 1505 1843 1752
8309 1407 1262 1903 1497
8310 1301 1517 1288 1757
8311 1130 1358 1922 1836
8312 1262 1259 1758 1498
8313 1744 1437 1309 1846
8314 1432 1297 1765 1478
8315 1130 1922 1358 1522
8316 1614 292 291 1461
8317 1697 1247 1711 1712
8318 1240 1304 1956 1302
8319 1908 1305 1343 1126
8320 1437 1357 1509 1846
8321 1615 1412 1567 1890
8322 1564 1617 1349 1889
8323 1955 1952 1934 1344
8324 1324 1970 1982 2006
8325 1838 1913 1403 1907
8326 1126 1908 1624 1895
8327 1244 1302 1981 1303
8328 1538 1957 1998 1477
8329 1619 1921 283 1492
8330 1417 1705 1797 1692
8331 1980 1954 1953 1237
8332 1425 1492 283 1512
8333 1583 2003 1474 1513
8334 1494 1742 1401 1291
8335 1235 1940 1227 1287
8336 1728 1752 1295 1847
8337 1751 1915 1830 1414
8338 1817 1926 1632 1290
8339 1277 1705 1791 1797
8340 1948 1238 1960 1488
8341 1342 1791 1768 1797
8342 1294 1504 1843 1917
8343 1772 1778 1411 1774
8344 1301 1744 1766 1757
8345 1780 1820 1463 1740
8346 1262 1903 1758 1821
8347 1781 1760 1739 1154
8348 1764 1767 1348 1741
8349 1988 1967 1245 1143
8350 1477 1541 1957 1480
8351 1758 1262 1404 1497
8352 1296 1295 1522 1847
8353 1519 1479 1299 1842
8354 1313 1314 1303 1993
8355 1759 1882 1831 1499
8356 1991 1941 2003 1474
8357 1401 1290 1926 1494
8358 1477 1957 1955 1304
8359 1327 1996 1978 1939
8360 1760 1781 1152 1154
8361 1351 1622 1767 1764
8362 1488 1946 1948 1334
8363 1294 1270 1268 1732
8364 1614 1854 292 1454
8365 1152 1454 1854 1210
8366 1405 1904 1404 1497
8367 1309 1301 1744 1766
8368 1314 1973 1995 1972
8369 1705 1798 1706 1276
8370 1854 1760 1152 1210
8371 1506 1899 1923 1766
8372 1926 1817 1762 1290
8373 1546 1994 2001 1322
8374 1562 1120 1622 1767
8375 1292 1753 1828 1715
8376 1539 2003 1549 1137
8377 1889 1347 1563 1767
8378 1843 1409 1752 1918
8379 1754 1357 1712 1846
8380 1546 1545 1994 1322
8381 1108 1547 1938 2005
8382 2005 1317 1108 1543
8383 1387 1820 1463 1780
8384 1343 1276 1798 1277
8385 1510 1358 1130 1836
8386 1403 1501 1293 1913
8387 1938 2004 1547 1108
8388 1331 1145 1988 1245
8389 1629 1793 1906 1434
8390 1151 1781 1793 1153
8391 1752 1920 1295 1847
8392 1922 1358 1754 1924
8393 1284 1906 1629 1777
8394 1344 1477 1955 1304
8395 1907 1831 1403 1499
8396 1629 285 1229 1911
8397 1221 1980 1954 2007
8398 1238 1237 1954 1216
8399 1303 1989 1981 1993
8400 1940 306 1997 1235
8401 1993 1313 1982 2009
8402 1387 1820 1614 1210
8403 1255 1291 1496 1743
8404 1309 1239 1437 1744
8405 1301 1121 1517 1928
8406 1946 1948 1951 1488
8407 1949 1952 1950 1280
8408 293 292 1854 1454
8409 1266 1264 1293 1736
8410 1750 1286 1912 1748
8411 1245 1988 298 1939
8412 1976 1964 1967 1143
8413 1541 1547 2004 1480
8414 1261 1264 1882 1499
8415 1152 1781 1625 1151
8416 1355 1987 1951 1287
8417 1791 1798 1705 1277
8418 1617 1109 1778 1565
8419 1403 1907 1404 1112
8420 1290 1921 1817 1492
8421 1742 1897 1291 1743
8422 1295 1409 1508 1752
8423 1913 1831 1403 1907
8424 1214 1987 304 1930
8425 1239 1301 1288 1757
8426 1343 1341 1340 1895
8427 282 1921 1632 1416
8428 1980 1221 1240 1244
8429 1768 1791 1340 1790
8430 1492 1290 1921 1416
8431 1750 1912 1308 1851
8432 1831 1264 1293 1499
8433 1955 1998 1957 1477
8434 1387 1614 1461 1210
8435 1583 2003 1941 1474
8436 1496 1262 1257 1821
8437 1751 1504 1294 1917
8438 1622 1351 1768 1764
8439 1545 1548 2002 1511
8440 1928 1919 1121 1620
8441 1948 1947 1949 1289
8442 1954 1950 1237 1238
8443 1779 1466 1780 1822
8444 1437 1744 1711 1846
8445 1410 1778 1566 1890
8446 1340 1791 1343 1895
8447 1454 1614 1854 1210
8448 1137 2003 1549 1513
8449 1831 1403 1293 1913
8450 1230 1249 1619 1492
8451 1216 1238 1355 1960
8452 1297 1765 1828 1901
8453 1989 1981 1956 1302
8454 1416 1290 1632 1493
8455 1338 1768 1789 1622
8456 1253 1742 1494 1291
8457 289 1885 1630 1386
8458 1214 1355 1987 1930
8459 1957 1956 1955 1304
8460 1317 1314 1973 1995
8461 1940 1987 1227 1287
8462 1854 1625 293 1152
8463 1298 1990 1958 1520
8464 1330 1630 1855 1375
8465 291 1614 1461 1855
8466 1907 1403 1404 1499
8467 1578 1553 2002 1511
8468 1953 1237 1344 1240
8469 1280 1237 1950 1238
8470 1293 1830 1501 1414
8471 1855 290 1630 1330
8472 1433 1298 1958 1520
8473 1298 1990 1520 1486
8474 1305 1276 1286 1750
8475 1954 1238 1216 1960
8476 1629 286 1905 1428
8477 1507 1506 1593 1766
8478 1630 1885 1822 1374
8479 1509 1309 1437 1846
8480 1286 1308 1912 1479
8481 1296 1358 1357 1754
8482 1532 1514 1138 1888
8483 1480 1547 2004 1108
8484 1238 1355 1960 1488
8485 1227 305 1987 1940
8486 1798 1305 1276 1343
8487 1488 1948 1238 1289
8488 1485 1973 1317 1316
8489 1294 1843 1751 1917
8490 1926 1290 1401 1493
8491 1339 1790 1633 1789
8492 1592 1121 1919 1620
8493 2003 1539 1991 1137
8494 1973 1314 1317 1316
8495 1990 1991 1958 1520
8496 1339 1340 1341 1790
8497 1302 1480 1989 1108
8498 1931 1986 1970 1146
8499 1149 1152 1625 1151
8500 1817 1249 1290 1492
8501 1950 1238 1960 1948
8502 1931 1147 1146 1145
8503 1792 1793 1781 1153
8504 1960 1355 1216 1930
8505 1976 1931 1144 1145
8506 1298 1280 1949 1289
8507 1831 1293 1830 1913
8508 297 296 1931 1147
8509 1216 1985 1954 1930
8510 1976 1970 1966 1144
8511 1294 1843 1504 1409
8512 1414 1751 1504 1294
8513 1286 1308 1305 1750
8514 1954 1950 1238 1960
8515 1958 1298 1433 1484
8516 1297 1516 1432 1901
8517 1339 1768 1790 1789
8518 1387 1461 1614 1855
8519 1736 1293 1830 1831
8520 1294 1751 1843 1732
8521 1108 1989 1302 1482
8522 1262 1496 1407 1821
8523 1973 1316 1999 1971
8524 1899 1506 1309 1766
8525 2004 1989 1957 1480
8526 1955 1953 1952 1344
8527 1958 1949 1990 1298
8528 1138 1339 1341 1790
8529 1594 1593 1506 1766
8530 1951 1946 1488 1334
8531 1952 1344 1280 1484
8532 1358 1922 1836 1924
8533 1958 1934 1952 1484
8534 1923 1594 1506 1766
8535 1287 1951 1488 1334
8536 1404 1262 1758 1498
8537 1505 1409 1295 1752
8538 1480 1957 1477 1304
8539 1123 1554 138 1139
8540 1554 138 1556 1123
8541 1798 1908 1343 1895
8542 1488 1355 1951 1287
8543 1480 1989 1957 1302
8544 1337 1134 114 1558
8545 1557 137 1323 1556
8546 1625 294 293 1149
8547 1931 1988 297 1145
8548 1560 1337 114 1558
8549 1593 1919 1507 1766
8550 1352 1551 134 1561
8551 1557 1326 136 1559
8552 1561 135 1116 1559
8553 1556 137 1323 1123
8554 1323 1326 136 1557
8555 135 1326 1116 1559
8556 1822 1780 1630 1375
8557 1116 1352 134 1561
8558 1556 1979 251 1554
8559 1793 1834 1625 1151
8560 1960 1355 1951 1488
8561 1780 1855 1630 1375
8562 1557 1937 250 1556
8563 1937 1979 251 1556
8564 35 1534 1471 1528
8565 277 1936 1587 1586
8566 1951 1940 1977 1287
8567 1759 1404 1498 1499
8568 115 1560 1562 1120
8569 205 1530 1534 1610
8570 1560 115 1337 1120
8571 117 1563 1564 1349
8572 1414 1293 1830 1502
8573 1843 1294 1505 1409
8574 1919 1301 1507 1766
8575 1951 1948 1960 1488
8576 1959 278 1584 1586
8577 1526 1473 37 1525
8578 1537 66 1540 1433
8579 256 1631 1588 1590
8580 1766 1928 1301 1757
8581 1590 256 1631 1819
8582 1221 1954 1237 1216
8583 1553 139 1554 1135
8584 1751 1414 1502 1294
8585 1624 1533 202 1529
8586 1562 1563 116 1347
8587 1588 1133 172 1590
8588 250 1961 1937 1557
8589 1109 1564 118 1565
8590 1595 1596 261 1836
8591 1135 139 1554 1139
8592 36 1471 1526 1528
8593 278 1959 1936 1586
8594 1940 1951 1987 1287
8595 1587 1936 277 1945
8596 36 1471 1473 1526
8597 1569 122 1568 1396
8598 1341 1343 1126 1895
8599 196 1584 1586 1333
8600 1589 1587 276 1945
8601 1557 249 1961 1559
8602 120 1412 1566 1567
8603 1928 1301 1919 1766
8604 1569 1570 123 1467
8605 1120 1562 116 1347
8606 1555 113 1475 1558
8607 117 1563 1349 1347
8608 113 1134 1475 1558
8609 121 1119 1567 1568
8610 1343 1791 1798 1895
8611 1583 1584 197 1132
8612 1410 119 1566 1565
8613 1133 171 1585 1588
8614 196 1584 1333 1132
8615 1396 1569 123 1467
8616 1527 210 1860 1634
8617 1967 1988 1245 1939
8618 1555 1633 228 1558
8619 1855 1820 1387 1780
8620 1860 1524 210 1527
8621 122 1119 1568 1396
8622 1564 118 1349 1109
8623 1571 124 1570 1114
8624 1550 133 1129 1352
8625 1571 1572 125 1421
8626 120 1412 1410 1566
8627 1854 1760 1781 1152
8628 1953 1954 1950 1237
8629 133 1550 1551 1352
8630 1301 1506 1507 1766
8631 1589 276 1944 1945
8632 1943 1961 249 1559
8633 1473 1125 37 1525
8634 208 1526 1525 1623
8635 1524 209 1525 1623
8636 1385 1572 126 1573
8637 1421 125 1571 1114
8638 264 1837 1598 1599
8639 119 1410 1109 1565
8640 1603 1602 184 1112
8641 1114 124 1570 1467
8642 1597 1598 263 1627
8643 1538 64 1541 1477
8644 1831 1293 1403 1499
8645 1421 1572 126 1385
8646 35 1534 1107 1471
8647 1544 61 1485 1543
8648 1335 172 1133 1590
8649 1574 1118 127 1573
8650 1602 1402 184 1112
8651 1119 1412 121 1567
8652 1820 1760 1614 1210
8653 264 1837 1599 1612
8654 205 1530 1610 1851
8655 1598 1837 263 1627
8656 1118 1385 127 1573
8657 1960 1355 1987 1951
8658 128 1376 1574 1575
8659 1595 261 1613 1836
8660 1550 132 1552 1129
8661 1301 1309 1506 1766
8662 128 1376 1118 1574
8663 1625 1781 1793 1151
8664 1387 1614 1820 1855
8665 1553 1554 252 1942
8666 1599 1600 265 1612
8667 2005 1317 1973 1995
8668 1538 1540 65 1124
8669 1422 1376 129 1575
8670 180 1598 1111 1599
8671 1129 132 1552 1359
8672 1601 182 1128 1600
8673 1612 1600 265 1835
8674 1541 2004 1957 1480
8675 1606 272 1626 1607
8676 1561 1943 248 1559
8677 275 1944 1591 1589
8678 1533 30 1483 1532
8679 129 1422 1575 1576
8680 1533 201 1532 1888
8681 197 1583 1132 1474
8682 1601 1602 267 1628
8683 1790 1341 1857 1895
8684 1133 171 1476 1585
8685 1883 241 1572 1573
8686 1600 1601 266 1835
8687 1554 1979 252 1942
8688 242 1611 1574 1573
8689 2005 1973 1317 1543
8690 1589 194 1587 1122
8691 1576 130 1422 1110
8692 257 1590 1592 1620
8693 1760 1854 1614 1210
8694 1628 1602 267 1838
8695 1602 183 1402 1601
8696 130 1576 1577 1110
8697 1128 1402 183 1601
8698 241 1883 1611 1573
8699 182 1413 1128 1600
8700 1628 266 1601 1835
8701 1125 1524 38 1525
8702 62 1547 1108 1543
8703 257 1590 1620 1819
8704 1539 67 1537 1137
8705 209 1524 1860 1623
8706 1600 181 1413 1599
8707 1124 1540 66 1433
8708 1577 1552 131 1359
8709 1960 1987 1355 1930
8710 1586 1587 195 1333
8711 1607 272 1626 1892
8712 248 1983 1943 1561
8713 1944 1984 275 1591
8714 1593 174 1507 1592
8715 1960 1216 1954 1930
8716 1838 1602 268 1603
8717 1931 1976 1988 1145
8718 1111 1413 181 1599
8719 1611 1806 242 1574
8720 1110 1577 131 1359
8721 1583 279 1584 1941
8722 1839 1838 268 1603
8723 1854 1781 1625 1152
8724 1604 1839 269 1603
8725 1605 271 1818 1606
8726 259 1594 1923 1766
8727 1857 1533 202 1624
8728 1595 1594 176 1115
8729 269 1616 1839 1604
8730 1531 1529 32 1481
8731 1606 1605 187 1117
8732 1531 33 1530 1481
8733 185 1603 1112 1405
8734 1603 185 1604 1405
8735 1626 1818 271 1606
8736 1623 208 1526 1853
8737 1580 190 1415 1582
8738 1544 1485 60 1542
8739 1558 229 1560 1789
8740 1117 1605 187 1406
8741 1571 240 1572 1886
8742 190 1131 1415 1582
8743 1408 180 1598 1111
8744 1477 64 1541 1480
8745 186 1605 1604 1406
8746 1542 216 2001 1546
8747 63 1547 1541 1480
8748 1998 221 1957 1538
8749 1607 1582 273 1892
8750 1534 1530 34 1107
8751 1526 207 1528 1910
8752 231 1563 1562 1767
8753 1530 204 1531 1851
8754 1541 1957 221 1538
8755 1582 189 1131 1607
8756 1973 218 1544 1543
8757 1528 206 1534 1910
8758 218 1973 1544 1999
8759 1596 1597 262 1836
8760 1569 238 1570 1891
8761 1852 1531 204 1851
8762 1580 1874 15 1582
8763 1562 1560 230 1622
8764 1886 240 1572 1883
8765 1836 1597 262 1627
8766 1433 1537 67 1137
8767 1571 1570 239 1618
8768 61 1317 1485 1543
8769 1576 1575 244 1805
8770 1122 1589 194 1490
8771 1477 1538 65 1124
8772 58 1545 1546 1322
8773 1333 1587 195 1122
8774 279 1959 1584 1941
8775 188 1606 1117 1400
8776 1405 186 1604 1406
8777 1121 1507 174 1592
8778 1551 1983 247 1561
8779 1581 274 1984 1591
8780 234 1778 1566 1565
8781 1590 1335 173 1592
8782 1594 259 1593 1766
8783 1983 247 301 1551
8784 1984 308 274 1581
8785 1400 188 1606 1607
8786 1874 273 1582 1892
8787 1558 1633 228 1789
8788 1400 1131 189 1607
8789 1415 1113 191 1580
8790 1576 244 1621 1805
8791 179 1598 1597 1408
8792 1610 1534 206 1910
8793 1569 1568 237 1794
8794 1618 1570 238 1891
8795 1886 1571 239 1618
8796 1991 1539 224 1537
8797 1576 1621 245 1577
8798 1322 1546 58 1489
8799 1580 1113 191 1581
8800 15 281 1874 1580
8801 1579 1514 1535 1909
8802 2000 1991 224 1537
8803 1568 1567 236 1615
8804 1317 62 1108 1543
8805 1515 1914 1609 1536
8806 1564 1563 232 1889
8807 1636 245 1621 1577
8808 1138 1483 30 1532
8809 217 1544 1542 1999
8810 38 1432 1524 1125
8811 1485 1127 60 1542
8812 177 1596 1595 1510
8813 201 1533 1857 1888
8814 1594 1506 176 1115
8815 1540 222 1998 1538
8816 1546 1542 59 1489
8817 1617 233 1564 1565
8818 1533 1483 31 1529
8819 1591 1581 192 1491
8820 1408 1597 179 1130
8821 1481 1529 32 1126
8822 207 1526 1853 1910
8823 178 1597 1596 1130
8824 63 1547 1480 1108
8825 223 1540 2000 1537
8826 1552 246 1636 1577
8827 1567 1566 235 1890
8828 1636 1635 246 1552
8829 1510 178 1596 1130
8830 229 1560 1789 1622
8831 1581 1113 192 1491
8832 1794 237 1569 1891
8833 1335 1121 173 1592
8834 1589 1591 193 1490
8835 1481 33 1530 1308
8836 2001 1935 216 1542
8837 1563 231 1889 1767
8838 1818 1616 270 1605
8839 1605 1616 270 1604
8840 1806 243 1574 1575
8841 1308 34 1530 1107
8842 1552 1635 13 1550
8843 2003 1608 1549 1513
8844 1794 1568 236 1615
8845 1595 260 1594 1923
8846 288 13 1635 1550
8847 1806 243 1575 1805
8848 1566 1778 234 1890
8849 230 1562 1622 1767
8850 1542 1127 59 1489
8851 1529 1483 31 1126
8852 1617 1564 232 1889
8853 1615 1567 235 1890
8854 2002 1548 1578 1511
8855 1595 1613 260 1923
8856 1510 1595 177 1115
8857 1491 193 1591 1490
8858 1550 288 14 1551
8859 288 301 14 1551
8860 1540 1934 223 2000
8861 233 1617 1778 1565
8862 1998 1934 222 1540
8863 1542 1935 217 1999
8864 16 281 1580 1581
8865 281 16 308 1581
8866 1507 1506 175 1593
8867 1579 227 1555 1909
8868 1593 1506 175 1594
8869 200 1535 1532 1909
8870 1888 200 1532 1909
8871 227 1633 1555 1909
8872 218 1973 2005 1543
8873 259 1919 1593 1766
8874 2004 1957 221 1541
8875 2005 1547 219 1543
8876 1608 1549 226 2003
8877 1475 1514 112 1555
8878 226 12 1608 2003
8879 1547 2004 220 1541
8880 1583 198 1608 1513
8881 1555 1514 112 1579
8882 198 1583 1474 1513
8883 1135 1553 140 1511
8884 1593 1919 258 1592
8885 12 226 1549 2003
8886 1578 213 6 1548
8887 199 1514 1535 1579
8888 2002 1553 253 1942
8889 1527 1136 40 1536
8890 1514 199 2 1579
8891 1553 1578 140 1511
8892 253 1578 1553 2002
8893 280 1583 2003 1941
8894 2 199 1514 1535
8895 1608 280 1583 2003
8896 1539 1549 68 1137
8897 11 213 1578 1548
8898 1609 1914 212 1536
8899 1136 1515 40 1536
8900 199 9 1579 1909
8901 1609 1476 170 1585
8902 1514 29 1535 1532
8903 1476 170 1515 1609
8904 1592 1919 258 1620
8905 1137 1549 68 1513
8906 29 1514 1138 1532
8907 1547 219 1938 2005
8908 1609 212 3 1536
8909 1549 226 7 1608
8910 1914 212 10 1609
8911 1579 1535 199 1909
8912 1914 10 212 1536
8913 2004 220 1938 1547
8914 9 199 1535 1909
8915 1322 57 1545 1511
8916 214 1994 1545 2002
8917 1548 1545 57 1511
8918 225 2003 1539 1991
8919 1548 214 1545 2002
8920 2003 1549 225 1539
8921 1550 133 132 1129
8922 1938 220 219 1547
8923 1611 242 241 1573
8924 132 131 1552 1359
8925 1551 134 133 1352
8926 263 264 1837 1598
8927 1599 265 264 1612
8928 139 138 1554 1139
8929 134 135 1116 1561
8930 1577 131 130 1110
8931 1597 263 262 1627
8932 136 137 1323 1557
8933 252 251 1979 1554
8934 251 250 1937 1556
8935 1874 273 15 1582
8936 1376 128 129 1575
8937 127 128 1118 1574
8938 126 127 1385 1573
8939 138 137 1556 1123
8940 1603 184 185 1112
8941 126 125 1572 1421
8942 1326 135 136 1559
8943 1601 267 266 1628
8944 1337 114 115 1560
8945 1936 277 278 1586
8946 1887 254 255 1585
8947 125 124 1571 1114
8948 1134 113 114 1558
8949 268 269 1839 1603
8950 278 279 1959 1584
8951 124 123 1570 1467
8952 129 130 1422 1576
8953 1548 6 1578 1511
8954 1600 266 265 1835
8955 67 66 1537 1433
8956 1564 118 117 1349
8957 1621 245 244 1576
8958 1602 268 267 1838
8959 240 241 1572 1883
8960 1545 58 57 1322
8961 1583 197 198 1474
8962 1562 116 115 1120
8963 140 139 1553 1135
8964 1569 123 122 1396
8965 1109 118 119 1565
8966 1412 120 121 1567
8967 1119 121 122 1568
8968 237 238 1569 1891
8969 1994 215 214 1545
8970 1539 224 225 1991
8971 1548 1578 11 2002
8972 1587 277 276 1945
8973 250 249 1961 1557
8974 1635 13 246 1552
8975 39 38 1432 1524
8976 1317 61 62 1543
8977 1626 271 272 1606
8978 1636 246 245 1577
8979 238 239 1570 1618
8980 252 253 1553 1942
8981 191 190 1415 1580
8982 211 210 1527 1634
8983 33 34 1530 1308
8984 3 1515 1609 1536
8985 1410 119 120 1566
8986 1131 190 189 1582
8987 208 207 1526 1853
8988 194 195 1587 1122
8989 30 29 1138 1532
8990 1534 206 205 1610
8991 7 1549 1608 1513
8992 234 233 1778 1565
8993 1127 59 60 1542
8994 66 65 1540 1124
8995 1531 204 203 1852
8996 236 237 1568 1794
8997 1529 31 32 1126
8998 1563 117 116 1347
8999 1934 223 222 1540
9000 260 261 1613 1595
9001 239 240 1571 1886
9002 1562 230 231 1767
9003 249 248 1943 1559
9004 275 276 1944 1589
9005 1583 280 279 1941
9006 1584 196 197 1132
9007 1567 235 236 1615
9008 183 182 1128 1601
9009 255 256 1631 1588
9010 1524 210 209 1860
9011 1590 257 256 1819
9012 1133 172 171 1588
9013 1606 187 188 1117
9014 1538 65 64 1477
9015 1402 184 183 1602
9016 1121 174 173 1592
9017 1111 181 180 1599
9018 217 216 1935 1542
9019 36 35 1471 1528
9020 1532 201 200 1888
9021 1604 185 186 1405
9022 37 36 1473 1526
9023 1560 229 230 1622
9024 1113 192 191 1581
9025 1475 112 113 1555
9026 189 188 1400 1607
9027 1605 186 187 1406
9028 228 227 1633 1555
9029 182 181 1413 1600
9030 14 301 247 1551
9031 274 308 16 1581
9032 1597 178 179 1130
9033 1624 202 203 1529
9034 1983 248 247 1561
9035 1984 274 275 1591
9036 273 272 1607 1892
9037 1563 231 232 1889
9038 64 63 1541 1480
9039 1564 232 233 1617
9040 1525 209 208 1623
9041 1616 269 270 1604
9042 1136 40 39 1527
9043 1566 234 235 1890
9044 258 257 1592 1620
9045 1530 205 204 1851
9046 1578 253 11 2002
9047 1547 63 62 1108
9048 243 242 1806 1574
9049 202 201 1533 1857
9050 243 244 1575 1805
9051 1125 38 37 1525
9052 1335 173 172 1590
9053 1608 12 280 2003
9054 1914 211 10 1536
9055 195 196 1586 1333
9056 170 3 1515 1609
9057 1579 9 227 1909
9058 1598 179 180 1408
9059 228 229 1558 1789
9060 68 67 1539 1137
9061 1818 270 271 1605
9062 34 35 1534 1107
9063 1596 262 261 1836
9064 1514 29 2 1535
9065 1578 6 140 1511
9066 1515 3 40 1536
9067 1476 171 170 1585
9068 57 6 1548 1511
9069 1549 7 68 1513
9070 1514 2 112 1579
9071 10 254 1914 1609
9072 1608 198 7 1513
9073 1595 176 177 1115
9074 224 223 2000 1537
9075 1549 225 12 2003
9076 200 9 1535 1909
9077 1546 59 58 1489
9078 1485 60 61 1544
9079 1544 217 218 1999
9080 2005 219 218 1543
9081 288 14 13 1550
9082 193 194 1589 1490
9083 216 215 2001 1546
9084 222 221 1998 1538
9085 221 220 2004 1541
9086 192 193 1591 1491
9087 11 214 1548 2002
9088 1507 175 174 1593
9089 258 259 1919 1593
9090 176 175 1506 1594
9091 31 30 1483 1533
9092 1531 32 33 1481
9093 207 206 1528 1910
9094 1596 177 178 1510
9095 1594 260 259 1923
9096 281 15 16 1580
9097 1665 1182 1666 1183
9098 1665 1666 1182 1664
9099 1529 1852 203 1624
9100 203 1852 1529 1531
9101 1756 1284 1441 1445
9102 1441 1284 1756 1906
9103 1732 1505 1294 1270
9104 1732 1294 1505 1843
9105 1943 1327 1116 1996
9106 1943 1116 1327 1326
9107 1852 1126 1529 1481
9108 1852 1529 1126 1624
9109 1521 1951 1334 1946
9110 1521 1334 1951 1287
9111 1961 1429 1326 1978
9112 1326 1429 1961 1323
9113 1419 1782 1391 1775
9114 1391 1782 1419 1394
9115 1819 1523 1133 1335
9116 1819 1133 1523 1927
9117 1520 2000 1137 1991
9118 1520 1137 2000 1433
9119 1537 1137 2000 1991
9120 1537 2000 1137 1433
9121 1910 1534 1471 1610
9122 1910 1471 1534 1528
9123 1968 1315 1236 1969
9124 1236 1315 1968 1318
9125 1187 1793 1151 1834
9126 1187 1151 1793 1434
9127 1518 1623 1478 1125
9128 1518 1478 1623 1902
9129 1508 1918 1752 1409
9130 1752 1918 1508 1920
9131 1413 1917 1414 1835
9132 1414 1917 1413 1504
9133 1946 1487 1289 1334
9134 1289 1487 1946 1947
9135 1289 1948 1946 1334
9136 1946 1948 1289 1947
9137 1495 1763 1291 1401
9138 1495 1291 1763 1897
9139 1136 1901 1887 1634
9140 1887 1901 1136 1516
9141 1941 1486 1520 1990
9142 1941 1520 1486 1474
9143 1835 1414 1128 1915
9144 1835 1128 1414 1413
9145 1624 1483 1341 1857
9146 1341 1483 1624 1126
9147 1341 1895 1624 1857
9148 1624 1895 1341 1126
9149 1887 1588 255 1631
9150 255 1588 1887 1585
9151 1770 1349 1889 1279
9152 1889 1349 1770 1617
9153 1108 1995 1989 1482
9154 1989 1995 1108 1938
9155 1750 1851 1305 1852
9156 1750 1305 1851 1308
9157 1481 1305 1851 1852
9158 1481 1851 1305 1308
9159 1495 1898 1291 1897
9160 1495 1291 1898 1407
9161 1743 1291 1898 1897
9162 1433 1934 1540 2000
9163 1433 1540 1934 1124
9164 1107 1851 1912 1610
9165 1912 1851 1107 1308
9166 1887 1515 1609 1476
9167 1609 1515 1887 1914
9168 1609 1585 1887 1476
9169 1432 1527 39 1524
9170 39 1527 1432 1136
9171 1976 1142 1966 1964
9172 1966 1142 1976 1144
9173 1319 1994 1321 1322
9174 1319 1321 1994 1974
9175 1939 1429 1967 1978
9176 1939 1967 1429 1245
9177 1512 308 1984 1113
9178 1512 1984 308 307
9179 1432 1623 1524 1125
9180 1524 1623 1432 1860
9181 1898 1496 1291 1743
9182 1898 1291 1496 1407
9183 1971 1127 1999 1935
9184 1971 1999 1127 1316
9185 1334 1945 1521 1946
9186 1521 1945 1334 1122
9187 1143 1962 1429 1141
9188 1429 1962 1143 1967
9189 1112 1904 1907 1404
9190 1112 1907 1904 1839
9191 1836 1595 1115 1613
9192 1966 1324 1144 1970
9193 1966 1144 1324 1236
9194 1131 1493 1926 1401
9195 1926 1493 1131 1874
9196 1926 1763 1131 1401
9197 1131 1763 1926 1874
9198 1837 1508 1627 1408
9199 1627 1508 1837 1920
9200 2009 1303 1992 1993
9201 2009 1992 1303 1311
9202 1340 1895 1790 1791
9203 1790 1895 1340 1341
9204 1401 1892 1495 1763
9205 1495 1892 1401 1400
9206 1988 1143 1976 1967
9207 1976 1143 1988 1145
9208 1485 1543 1973 1544
9209 1973 1543 1485 1317
9210 1408 1918 1508 1409
9211 1508 1918 1408 1837
9212 1931 1144 1970 1976
9213 1970 1144 1931 1146
9214 1968 1319 1935 1974
9215 1935 1319 1968 1318
9216 1994 1511 1545 2002
9217 1545 1511 1994 1322
9218 1957 1302 1956 1304
9219 1956 1302 1957 1989
9220 1592 1507 1919 1121
9221 1592 1919 1507 1593
9222 1994 1546 215 1545
9223 215 1546 1994 2001
9224 1555 1909 1514 1579
9225 1514 1909 1555 1633
9226 1910 1526 1471 1528
9227 1910 1471 1526 1853
9228 1532 1483 1888 1138
9229 1532 1888 1483 1533
9230 1857 1483 1888 1533
9231 1634 1536 211 1914
9232 1634 211 1536 1527
9233 1532 1909 1514 1888
9234 1514 1909 1532 1535
9235 1510 1595 1836 1596
9236 1510 1836 1595 1115
9237 1887 1609 254 1585
9238 254 1609 1887 1914
9239 1483 1888 1341 1857
9240 1483 1341 1888 1138
9241 1790 1341 1888 1857
9242 1790 1888 1341 1138
3 3 4 5570
9243 3097 3186 3162 3258
9244 3100 3162 3151 3186
9245 2539 3163 3206 3266
9246 2260 3229 2272 3248
9247 2539 3206 3163 3441
9248 2271 2048 3155 3405
9249 2289 375 3437 3512
9250 2155 3168 2317 3283
9251 1824 1788 3176 3306
9252 2272 3229 3155 3248
9253 1759 3211 3130 3401
9254 2320 3209 3168 3283
9255 3176 3306 1788 3333
9256 2271 3155 2048 3248
9257 3150 3231 1719 3362
9258 1649 3321 3144 3362
9259 1719 3231 3150 3360
9260 1824 3306 3176 3425
9261 2317 3283 3168 3339
9262 2260 2272 2293 3248
9263 1869 3227 3143 3298
9264 2210 3131 3276 3282
9265 3167 3199 1879 3369
9266 2278 3220 3173 3299
9267 2524 3203 3330 3373
9268 1646 1814 3129 3219
9269 1826 3162 3242 3387
9270 1831 3130 1759 3211
9271 3129 3219 1814 3496
9272 1850 3191 3165 3312
9273 2279 2281 2278 3299
9274 3097 3162 3181 3258
9275 2181 3161 2175 3205
9276 3099 3306 3333 3392
9277 1826 3270 3162 3387
9278 2210 3276 3184 3282
9279 1869 3143 3227 3452
9280 3143 3204 3109 3227
9281 1682 3236 1677 3244
9282 1677 3236 3144 3244
9283 2289 3437 3269 3512
9284 2279 2278 3173 3299
9285 3099 3346 3386 3425
9286 2210 3131 3282 3470
9287 3322 3334 3159 3463
9288 3143 3227 3109 3298
9289 3099 3306 3176 3333
9290 1710 3334 3322 3463
9291 3168 3209 2320 3285
9292 1879 3199 3167 3399
9293 2386 3143 3253 3366
9294 3129 3260 3382 3493
9295 3109 3298 3227 3397
9296 3153 3437 375 3512
9297 2211 3138 2292 3237
9298 2278 3299 2281 3406
9299 2210 3276 3131 3470
9300 3099 3346 3213 3386
9301 1649 3189 3144 3321
9302 2091 3159 2078 3363
9303 3201 3250 3171 3364
9304 2310 2218 3192 3353
9305 2144 2016 2271 3405
9306 2386 2380 3143 3366
9307 2210 3282 2166 3470
9308 3151 3186 3108 3408
9309 3229 3248 2260 3303
9310 1812 3317 1813 3425
9311 364 3209 2320 3283
9312 1869 3227 3298 3397
9313 2277 3173 2278 3220
9314 3129 3260 3219 3382
9315 1862 3165 1850 3191
9316 2278 3220 3299 3406
9317 2479 1776 3352 3416
9318 3186 3285 3108 3408
9319 2079 1889 2091 3159
9320 1646 3219 3129 3321
9321 1858 3218 3149 3331
9322 2507 3230 3163 3365
9323 3099 3333 3176 3392
9324 2079 1617 3159 3265
9325 1650 1814 3219 3496
9326 2091 2078 3159 3463
9327 2292 3237 3138 3311
9328 2124 3148 1778 3265
9329 1646 1650 1814 3219
9330 2218 3224 3192 3353
9331 1863 1719 3231 3362
9332 3109 3227 3204 3502
9333 3099 3213 3346 3425
9334 2317 3339 3168 3448
9335 2175 3205 3161 3302
9336 2155 2307 2317 3168
9337 3103 3134 3192 3440
9338 3100 3162 3186 3258
9339 3148 3265 2124 3443
9340 2413 3166 3264 3294
9341 2424 3189 3144 3279
9342 2418 2057 2060 3190
9343 3269 3437 3153 3512
9344 2539 2507 3163 3266
9345 3103 3192 3238 3440
9346 1718 3344 1742 3365
9347 2142 2320 3209 3285
9348 2271 2016 2048 3405
9349 2468 3250 372 3267
9350 1877 1879 3199 3369
9351 1742 3344 2511 3365
9352 2123 2124 3265 3443
9353 3151 3186 2228 3327
9354 3133 3250 3201 3364
9355 3108 3285 3186 3376
9356 1826 1827 3162 3270
9357 2256 3263 3146 3329
9358 3108 3162 3151 3270
9359 2507 3163 3266 3365
9360 1812 3340 3317 3425
9361 1671 1685 1668 3505
9362 2091 2078 2089 3363
9363 2293 2260 3248 3303
9364 3173 3220 2277 3353
9365 2536 2488 2517 1898
9366 3121 3330 3203 3373
9367 1812 1813 1894 3425
9368 2536 2488 1898 1626
9369 3124 3189 3144 3374
9370 2386 3253 3143 3471
9371 3156 3183 3123 3233
9372 1685 3218 1668 3505
9373 2163 2310 2218 3192
9374 2479 3352 2485 3416
9375 2078 3363 3159 3463
9376 1900 3274 3201 3317
9377 2048 3248 3155 3388
9378 2508 3230 2507 3365
9379 3204 3227 3143 3471
9380 2508 3163 2507 3230
9381 2406 2057 2418 3190
9382 3170 3301 1656 3475
9383 1688 3154 1799 3214
9384 1829 3218 1858 3331
9385 3163 1722 3266 3365
9386 3108 3186 3151 3376
9387 2079 1617 1889 3159
9388 2016 3155 2048 3405
9389 1695 3165 3305 3312
9390 2254 3210 3146 3303
9391 3163 3230 1722 3365
9392 3146 3210 2254 3329
9393 3117 3237 3138 3518
9394 3151 3327 2228 3420
9395 3165 3191 1862 3320
9396 2547 3203 2524 3373
9397 1643 3281 3189 3472
9398 3117 3254 3237 3518
9399 3260 3354 393 3374
9400 2123 2096 2124 3443
9401 1704 3226 1702 3298
9402 3150 3121 3231 3354
9403 2317 3168 2307 3448
9404 3106 3205 3161 3407
9405 3203 3231 3121 3354
9406 1657 3170 1656 3475
9407 3188 3207 1692 3413
9408 2256 2283 3146 3263
9409 1832 3320 3191 3378
9410 1801 1678 1649 3144
9411 1697 3165 1724 3223
9412 2511 1742 2513 3344
9413 366 3209 3152 3285
9414 1862 3191 1832 3320
9415 1801 3144 1649 3189
9416 3142 3146 3109 3210
9417 2479 1779 2485 3352
9418 2204 3196 3272 3286
9419 372 3267 3250 3511
9420 1678 3144 1801 3279
9421 3162 3179 3151 3270
9422 3106 3160 3205 3407
9423 2418 2060 1914 3190
9424 3108 3151 3162 3376
9425 3153 3382 3260 3493
9426 1695 1850 3165 3312
9427 2175 2181 2178 3161
9428 374 3153 2423 3267
9429 3184 3276 3131 3282
9430 2292 3138 2323 3358
9431 2272 3155 2271 3248
9432 2252 3210 2254 3303
9433 2412 3264 3211 3294
9434 1724 3223 3165 3320
9435 1668 3218 3160 3505
9436 3157 3333 3306 3392
9437 2091 2089 3159 3363
9438 2414 3166 2159 3238
9439 3180 3202 3178 3305
9440 2509 2508 2507 3365
9441 1646 3129 1814 3472
9442 3146 3210 3142 3477
9443 2228 3186 3151 3408
9444 3104 3178 3180 3202
9445 2427 3171 3364 3506
9446 1688 3154 3214 3324
9447 3129 3219 3260 3325
9448 2392 3166 3198 3264
9449 1668 3160 3218 3331
9450 1839 3206 2365 3211
9451 1774 3148 3256 3259
9452 2124 1890 1778 3148
9453 3144 3189 1801 3279
9454 371 3213 3171 3506
9455 2517 1898 3365 3432
9456 2199 3136 3335 3393
9457 375 3260 3153 3512
9458 1759 1907 3211 3401
9459 372 3250 3171 3511
9460 3144 3189 3124 3321
9461 2218 2161 3192 3224
9462 2200 2199 3136 3335
9463 2532 1708 1707 3383
9464 1693 3257 3207 3313
9465 1740 1776 2479 3416
9466 3167 3240 3199 3380
9467 2123 2124 1778 3265
9468 1702 3298 3226 3397
9469 1677 3144 1678 3244
9470 3162 3186 3097 3376
9471 2536 1626 1898 3432
9472 3100 3181 3162 3258
9473 3222 3395 3363 3402
9474 3189 3325 2462 3374
9475 1913 3211 3264 3377
9476 1686 1691 1685 3218
9477 3098 3309 3314 3477
9478 3151 3270 3179 3410
9479 2517 2536 1898 3432
9480 1776 1779 2479 3352
9481 3144 3236 2490 3244
9482 3171 2304 3268 3439
9483 1774 3256 1775 3259
9484 3151 3162 3100 3504
9485 2331 3221 3255 3418
9486 3099 3386 3176 3425
9487 3260 3382 3153 3521
9488 1657 3179 3170 3475
9489 1867 3320 1832 3378
9490 3178 3215 1840 3397
9491 3157 3284 1875 3450
9492 393 3354 2496 3374
9493 3171 3201 3110 3250
9494 1742 2511 2527 3365
9495 1753 3298 3289 3323
9496 3109 3397 3227 3502
9497 1741 3334 1710 3463
9498 1744 3290 3215 3357
9499 1686 3188 1691 3218
9500 3183 3233 3156 3343
9501 3151 3186 3162 3376
9502 1680 3202 3178 3324
9503 2264 2327 3342 3417
9504 2305 3229 3158 3371
9505 2292 3311 3138 3358
9506 3192 3224 2161 3238
9507 1867 1862 1832 3320
9508 3106 3202 3165 3312
9509 2256 3146 2254 3329
9510 3178 3180 3114 3212
9511 1744 3141 3290 3357
9512 1717 2513 1742 3344
9513 2292 2211 2323 3138
9514 1741 3159 3334 3463
9515 1907 1831 1759 3211
9516 2228 3186 3408 3459
9517 1835 2358 1612 3198
9518 1693 3207 3188 3313
9519 3121 3319 3187 3330
9520 2310 3192 3228 3353
9521 3185 3314 3309 3477
9522 3114 3180 3178 3305
9523 3170 3278 1658 3284
9524 1759 3130 1882 3401
9525 2252 3300 3210 3303
9526 3113 3173 3165 3501
9527 1900 1811 3274 3317
9528 1869 1925 3143 3452
9529 3124 3325 3189 3374
9530 1726 1840 3215 3397
9531 2304 3171 371 3213
9532 1831 3130 3211 3292
9533 3162 3108 3376 3387
9534 2462 2424 2463 3189
9535 2467 2423 374 3153
9536 3162 3376 3242 3387
9537 3148 3122 3280 3513
9538 1691 3218 3188 3322
9539 3204 3253 3210 3329
9540 3161 3205 2181 3275
9541 2092 2079 2091 3159
9542 1725 3223 3320 3328
9543 1897 1742 2527 3365
9544 1725 3223 1724 3320
9545 1913 3292 3211 3377
9546 2081 1789 3310 3411
9547 3156 3378 3429 3473
9548 1826 3162 1827 3242
9549 1879 3167 3240 3399
9550 3260 3325 3219 3521
9551 1677 1678 1682 3244
9552 3154 3158 3112 3257
9553 3119 3264 3166 3294
9554 2079 3265 3159 3402
9555 3142 3226 1704 3298
9556 3103 3339 3168 3403
9557 2077 1618 3176 3249
9558 3132 3262 2191 3336
9559 3206 3441 2502 3476
9560 2429 3260 393 3374
9561 3111 3413 3237 3465
9562 1680 3178 1681 3324
9563 3122 3241 3148 3280
9564 1679 3230 3150 3236
9565 3154 3214 3158 3257
9566 1875 3284 3157 3316
9567 1653 3181 3162 3475
9568 1882 1759 1831 3130
9569 3112 3257 3158 3345
9570 3156 3429 3183 3473
9571 1890 3148 2124 3261
9572 1891 2077 1618 3176
9573 3180 3212 3178 3381
9574 3162 3181 1653 3359
9575 1705 3288 3254 3413
9576 2187 3135 3252 3291
9577 371 2304 2143 3171
9578 1660 1658 3278 3284
9579 3272 3286 3196 3414
9580 3171 3213 2304 3439
9581 3150 3230 2546 3236
9582 1876 1875 3284 3450
9583 2188 2187 3252 3291
9584 1646 3321 3129 3472
9585 2159 3166 2160 3238
9586 3117 3237 3254 3413
9587 3145 3185 2025 3332
9588 3206 3211 1907 3401
9589 1753 3143 3289 3298
9590 1789 3315 3310 3411
9591 2393 1612 2358 3198
9592 1705 1692 3207 3413
9593 3153 2423 3267 3307
9594 2283 2254 2256 3146
9595 3168 3339 3166 3403
9596 3109 3146 3142 3381
9597 3236 3244 1682 3383
9598 1708 2550 1717 3344
9599 3114 3173 3165 3223
9600 1872 3231 1719 3360
9601 3266 3365 1898 3432
9602 3221 3255 3140 3411
9603 366 2142 3209 3285
9604 2420 2413 2394 3294
9605 1897 2517 2488 1898
9606 387 1823 1739 3370
9607 3126 3201 3171 3364
9608 2277 2279 2278 3173
9609 2251 2250 2252 3145
9610 3150 3236 2546 3483
9611 2473 371 3171 3506
9612 1695 3305 3202 3312
9613 1644 1643 3189 3472
9614 1744 3141 1899 3290
9615 3180 3212 2333 3299
9616 1869 3143 1925 3298
9617 2517 1898 1897 3365
9618 3097 3153 3258 3382
9619 1642 3281 1643 3472
9620 2217 3304 2216 3371
9621 3165 3202 3106 3422
9622 1637 3350 2450 3469
9623 2358 3198 1835 3264
9624 3210 3253 2265 3329
9625 2200 2196 2199 3335
9626 3170 3179 1657 3278
9627 1907 3206 1839 3211
9628 3129 1814 3274 3496
9629 2079 3159 2092 3402
9630 2199 3335 2196 3393
9631 3110 3250 3274 3307
9632 1705 3254 1692 3413
9633 1876 1875 1684 3284
9634 3219 3382 3260 3521
9635 3129 3325 3260 3493
9636 2460 3346 2118 3419
9637 3104 3180 3178 3381
9638 3165 3173 3114 3422
9639 2252 3145 3300 3303
9640 1789 2081 2087 3411
9641 1829 1858 1871 3331
9642 2048 3155 2039 3388
9643 2250 2252 3145 3300
9644 1668 3235 3160 3331
9645 1858 3149 1871 3331
9646 3202 3305 3165 3312
9647 2204 3272 2203 3286
9648 3215 3290 3141 3357
9649 2087 3200 1622 3411
9650 1788 1824 3176 3333
9651 2025 3185 3145 3314
9652 3203 3260 2538 3512
9653 3322 3463 3159 3518
9654 2524 3330 3203 3426
9655 364 365 2320 3209
9656 3114 3180 3305 3422
9657 2152 2401 2340 3204
9658 1863 3362 3231 3479
9659 2194 3252 3273 3481
9660 2163 2310 3192 3470
9661 3130 3338 3209 3441
9662 3152 3209 366 3330
9663 2417 2063 2408 3234
9664 3156 3233 3123 3486
9665 2392 2413 3166 3264
9666 3208 3422 3173 3501
9667 2261 3158 2305 3229
9668 2264 3342 3406 3417
9669 2310 3228 3192 3470
9670 3130 3441 3206 3476
9671 2297 2289 375 3437
9672 1681 3178 1702 3226
9673 2216 3246 3194 3304
9674 3108 3270 3151 3410
9675 1679 1720 3150 3230
9676 2317 2308 3283 3339
9677 2187 3135 2194 3252
9678 1824 3176 3249 3425
9679 2511 2513 2512 3344
9680 2548 1707 3370 3383
9681 3124 3219 3325 3521
9682 3142 3309 3185 3323
9683 3165 3173 3422 3501
9684 1686 3188 3218 3313
9685 2427 2473 371 3171
9686 1668 3218 1829 3331
9687 2417 2343 2063 3234
9688 3187 3319 3130 3330
9689 1638 2471 2466 1637
9690 2329 2292 2323 3358
9691 2490 3244 3236 3383
9692 2395 1628 3211 3264
9693 1824 1896 3306 3425
9694 3284 3343 3278 3369
9695 1814 3129 3274 3472
9696 3113 3208 3173 3501
9697 2252 2251 3145 3303
9698 3257 3337 1796 3348
9699 3207 3313 3257 3345
9700 2471 1638 2466 3442
9701 3103 3238 3192 3339
9702 3128 3406 3342 3417
9703 1695 1850 1862 3165
9704 3113 3165 3173 3396
9705 3158 3257 3214 3345
9706 3106 3180 3202 3407
9707 1891 2112 2077 3176
9708 2142 2320 365 3209
9709 3109 3226 3142 3298
9710 2098 3363 3395 3402
9711 1889 2091 3159 3463
9712 3202 3305 3180 3422
9713 3201 1813 3317 3425
9714 3153 3382 3097 3521
9715 3151 3179 3162 3504
9716 3106 3161 3180 3407
9717 3131 3172 3113 3396
9718 3104 3202 3180 3407
9719 3136 3286 3272 3414
9720 1693 1692 3188 3207
9721 2188 3252 3233 3291
9722 2467 2423 3153 3307
9723 3133 3274 3250 3307
9724 3249 3386 3346 3425
9725 3115 3148 3280 3513
9726 2503 3209 3338 3441
9727 3186 3376 3285 3459
9728 2538 3260 3203 3354
9729 2288 2050 2046 3194
9730 2118 3346 2460 3506
9731 3168 3283 3166 3339
9732 3148 3196 3115 3280
9733 3142 1749 3309 3323
9734 1653 3301 3181 3475
9735 374 2153 3153 3267
9736 1703 1799 1688 3154
9737 1831 1882 3130 3292
9738 3204 2265 3253 3329
9739 2302 2191 3132 3262
9740 3111 3188 3413 3465
9741 3113 3172 3131 3473
9742 1691 1685 3218 3322
9743 3185 3309 3142 3477
9744 3104 3180 3161 3407
9745 2525 1823 387 3370
9746 3099 3157 3306 3392
9747 2178 2175 3161 3500
9748 1668 1666 3235 3331
9749 2329 3311 2292 3358
9750 2488 1897 1898 1626
9751 3097 3258 3181 3382
9752 2413 3264 2394 3294
9753 2153 374 3153 3437
9754 3346 3419 2460 3506
9755 3210 3303 3300 3477
9756 3124 3321 3189 3325
9757 1788 1875 3157 3306
9758 3222 3363 3159 3402
9759 1668 1667 3160 3235
9760 3157 3306 1875 3316
9761 2255 2254 3210 3329
9762 2532 2521 1707 1708
9763 3099 3176 3306 3425
9764 3154 1796 3257 3337
9765 3285 3408 3186 3459
9766 3308 3395 3222 3402
9767 2308 2160 2159 3166
9768 2155 2317 2308 3283
9769 2365 3211 3206 3476
9770 3157 1788 3306 3333
9771 2051 3195 1610 3239
9772 2257 3229 3303 3428
9773 3189 3281 3182 3472
9774 3144 3321 3124 3362
9775 1668 1685 1829 3218
9776 3109 3142 3226 3381
9777 1799 3214 3154 3257
9778 2305 3158 3304 3371
9779 1686 3218 1685 3313
9780 3278 3284 3170 3343
9781 1881 3230 1679 3236
9782 1705 1797 3254 3288
9783 3159 3322 3111 3334
9784 2276 2277 2278 3220
9785 3139 3201 1849 3341
9786 3102 3156 3183 3473
9787 2268 3234 2337 3253
9788 3133 3201 3317 3364
9789 1869 1757 3227 3397
9790 3207 3188 3313 3345
9791 3128 3204 3227 3502
9792 3136 2203 3272 3286
9793 1684 3284 1875 3316
9794 3111 3254 3237 3413
9795 2269 2152 2340 3204
9796 1727 3172 3217 3460
9797 2427 3171 3250 3364
9798 1846 1899 1744 3141
9799 2386 3143 2380 3471
9800 1717 2512 2513 3344
9801 3100 3186 3151 3327
9802 1849 3201 3139 3306
9803 3171 3213 3099 3425
9804 2517 3365 3266 3432
9805 2450 1637 2471 3350
9806 2444 2443 1690 3469
9807 1708 1717 1716 3344
9808 3131 3228 3113 3296
9809 2216 3304 3194 3371
9810 2039 2048 2016 3155
9811 1897 1743 1742 3365
9812 3240 3380 3167 3409
9813 1700 1707 1708 3383
9814 1681 3178 3226 3324
9815 2302 3132 2191 3415
9816 2390 3224 3375 3440
9817 2325 3168 2320 3285
9818 3199 3240 3167 3399
9819 2444 1690 1769 3469
9820 2091 1767 2078 3463
9821 2497 3209 3283 3338
9822 3149 3218 1858 3322
9823 2548 2532 1707 3383
9824 2443 2444 1690 1779
9825 2175 3302 3161 3500
9826 3124 3325 3260 3521
9827 3199 3380 3240 3399
9828 1690 2444 1769 1779
9829 3182 3281 3189 3433
9830 3148 3259 1774 3265
9831 1775 3259 3256 3399
9832 1688 3154 3324 3478
9833 2479 2445 2485 1779
9834 2479 2485 2453 3416
9835 1789 2087 1622 3411
9836 2547 3354 3203 3373
9837 1704 3226 3142 3478
9838 2105 3200 3221 3363
9839 2161 3224 2273 3238
9840 1633 2102 2081 3310
9841 3109 3226 3298 3397
9842 3145 3185 3116 3477
9843 3117 3140 3418 3507
9844 3217 3378 3156 3473
9845 2390 3238 3224 3440
9846 3136 2199 3286 3393
9847 2312 3205 2298 3349
9848 2081 3310 2100 3411
9849 3178 3202 1680 3305
9850 3159 3111 3322 3518
9851 3136 3372 3216 3392
9852 3152 3108 3187 3376
9853 2257 3229 2260 3303
9854 2276 2277 3220 3353
9855 2357 3224 2274 3225
9856 3112 3158 3154 3400
9857 1872 1863 1719 3231
9858 3185 3309 1749 3323
9859 3215 3305 1726 3357
9860 2442 2450 3350 3469
9861 1897 2527 2517 3365
9862 364 2497 3209 3283
9863 3109 3142 3210 3435
9864 3102 3217 3156 3473
9865 3131 3113 3228 3396
9866 1796 1799 3154 3257
9867 2312 3287 3205 3349
9868 2159 3166 2414 3509
9869 3133 3274 1811 3317
9870 2427 2473 3171 3506
9871 3157 3392 3136 3414
9872 1654 3181 1653 3301
9873 3153 3260 375 3493
9874 2448 3325 3307 3493
9875 3140 3247 1790 3310
9876 2347 3297 3158 3428
9877 2187 2194 2188 3252
9878 1744 1846 3141 3357
9879 2408 2063 2054 3234
9880 2194 3273 2208 3481
9881 2200 3136 3272 3335
9882 3216 3372 3157 3392
9883 3153 3267 2153 3437
9884 1776 2479 1779 1740
9885 2324 2333 3212 3299
9886 2228 2237 3151 3420
9887 3099 3213 3177 3386
9888 3146 3142 3381 3489
9889 3398 3445 3131 3508
9890 2550 1708 2532 3383
9891 1639 3350 1637 3469
9892 1722 3230 3163 3360
9893 3136 3199 3157 3414
9894 3182 3433 3189 3472
9895 2463 3189 2424 3279
9896 3170 3343 3284 3487
9897 2298 3205 2312 3430
9898 3108 3408 3184 3410
9899 2347 2305 2261 3158
9900 3184 3398 3108 3410
9901 2053 3310 3247 3482
9902 1668 1666 1667 3235
9903 2161 2163 2218 3192
9904 1716 1700 1708 3383
9905 3182 3281 1642 3472
9906 2471 2442 2450 3350
9907 2331 3255 2236 3418
9908 3256 3385 3120 3414
9909 1665 3235 3191 3312
9910 2403 2273 3224 3238
9911 1827 3162 1859 3242
9912 2124 3148 2103 3261
9913 2105 3221 3358 3363
9914 2471 2450 2466 1637
9915 3240 3380 3115 3399
9916 2480 3189 2447 3281
9917 1704 3142 3309 3478
9918 1680 1840 1681 3178
9919 1688 1703 3154 3478
9920 3205 3287 2312 3430
9921 3165 3305 3202 3422
9922 3220 3225 3141 3342
9923 3141 3342 3225 3453
9924 3156 3217 3102 3491
9925 3182 1640 3281 3350
9926 1616 2419 1839 3206
9927 3158 3229 2261 3428
9928 2503 3338 2502 3441
9929 1669 3312 3202 3505
9930 3158 3345 3214 3515
9931 1638 2471 1637 3350
9932 2490 390 3144 3244
9933 3153 2467 3307 3493
9934 2347 3158 2261 3428
9935 2357 2274 2140 3225
9936 1656 3301 3170 3316
9937 1718 1717 1742 3344
9938 2531 3244 2490 3383
9939 3136 3157 3372 3392
9940 3097 3382 3219 3521
9941 3211 3264 3119 3294
9942 2280 2264 2327 3342
9943 2478 2462 3189 3325
9944 1692 3254 3188 3413
9945 3119 3264 3211 3377
9946 3249 3176 3386 3425
9947 2439 2440 3182 3281
9948 3192 3228 3353 3449
9949 2194 3252 3135 3273
9950 3152 3376 3187 3468
9951 3205 3271 2298 3349
9952 3148 3241 3196 3280
9953 1665 3191 1850 3312
9954 2297 375 3153 3437
9955 3182 3243 1866 3350
9956 1644 1642 1643 3472
9957 3224 3225 2378 3375
9958 1734 1736 3193 3387
9959 2424 3144 390 3244
9960 1660 3284 3278 3369
9961 3126 3213 3171 3425
9962 1658 3170 1657 3278
9963 2375 3453 3342 3514
9964 3289 3298 3143 3323
9965 3233 3335 2311 3349
9966 2333 3212 3180 3263
9967 3132 3336 2191 3415
9968 3128 3227 3471 3514
9969 1709 1710 3322 3463
9970 2284 3336 3277 3488
9971 2424 3144 3244 3279
9972 1705 1797 1692 3254
9973 3138 3358 3221 3363
9974 3158 3229 3112 3371
9975 3179 3270 1674 3293
9976 3175 3127 3462 3480
9977 3150 3231 3121 3360
9978 2305 3158 2192 3262
9979 1797 3200 3254 3315
9980 1669 1672 3202 3312
9981 3134 3375 3224 3440
9982 3120 3392 3157 3414
9983 1708 2550 2514 1717
9984 1656 3170 1658 3316
9985 2020 1914 2060 3190
9986 3201 3274 3133 3317
9987 3134 3103 3192 3508
9988 1826 1845 3187 3242
9989 3168 3398 3108 3408
9990 2451 3370 1701 3416
9991 1736 3292 3193 3387
9992 1656 1657 1658 3170
9993 3101 3199 3167 3369
9994 2375 2376 3342 3453
9995 3227 3397 3215 3502
9996 2081 2102 2100 3310
9997 2197 3173 2277 3353
9998 2287 2050 3194 3318
9999 2392 3198 3166 3440
10000 1714 1704 1702 3298
10001 3102 3183 3156 3343
10002 3185 3323 3116 3477
10003 2304 2346 3268 3439
10004 2213 3286 2199 3393
10005 1826 3242 3187 3387
10006 1621 2466 1638 3442
10007 2440 3182 3281 3350
10008 3138 3221 3200 3363
10009 2181 2178 3161 3275
10010 3111 3237 3254 3518
10011 2284 2198 3336 3488
10012 3109 3381 3226 3397
10013 2331 3221 2117 3255
10014 1770 3159 3265 3334
10015 3101 3343 3284 3369
10016 2443 1779 1690 3352
10017 1884 1722 3230 3365
10018 3134 3103 3198 3440
10019 3165 3223 1697 3357
10020 3137 3445 3398 3508
10021 2280 2264 3342 3406
10022 3175 3268 3127 3480
10023 3117 3140 3221 3418
10024 2098 3395 3308 3402
10025 1810 1811 1900 3317
10026 1795 3279 3189 3352
10027 3148 3385 3256 3414
10028 3169 3246 2231 3311
10029 2326 3299 2279 3436
10030 3119 3211 3292 3377
10031 1790 3247 3140 3315
10032 2353 3204 2152 3253
10033 1683 3167 1664 3331
10034 1871 3240 3149 3259
10035 3180 3263 3212 3381
10036 1649 1645 3189 3321
10037 1797 3254 3288 3315
10038 1703 1796 1799 3154
10039 2237 2228 3151 3408
10040 3108 3152 3187 3458
10041 1693 1705 1692 3207
10042 2226 2228 3327 3420
10043 1722 1720 3230 3360
10044 1753 3289 1828 3323
10045 1925 3143 1753 3298
10046 2429 3325 3260 3374
10047 3162 3181 3100 3475
10048 2288 2287 2050 3194
10049 3131 3398 3184 3445
10050 3124 3150 3231 3354
10051 3166 3283 2308 3339
10052 2370 3471 3227 3514
10053 3165 3223 3173 3396
10054 2306 2311 3233 3335
10055 3167 3235 1664 3331
10056 1821 3266 1722 3365
10057 1640 3182 1866 3350
10058 2302 2202 3304 3415
10059 3148 3241 3122 3443
10060 2174 3299 3208 3302
10061 2412 2395 3211 3264
10062 2177 2298 3271 3349
10063 3167 3199 3101 3380
10064 1673 1669 3202 3505
10065 1829 1685 1858 3218
10066 3215 3227 1757 3397
10067 2026 3332 3234 3389
10068 3256 3261 3120 3385
10069 2410 2492 2522 3206
10070 3172 3328 3320 3396
10071 2241 3184 2242 3282
10072 1727 3217 3172 3320
10073 2398 2337 3234 3253
10074 2020 2060 2057 3190
10075 1701 1738 2451 3416
10076 1702 3226 3178 3397
10077 3099 3177 3176 3386
10078 3116 3185 3145 3332
10079 1610 3195 1804 3239
10080 1870 3306 3139 3316
10081 3225 2378 3375 3453
10082 1879 3167 1683 3240
10083 2440 2437 3182 3350
10084 2284 2189 2190 3516
10085 1774 3148 1782 3256
10086 1804 3195 1842 3337
10087 3104 3263 3180 3381
10088 1790 3140 3310 3315
10089 1617 1770 3159 3265
10090 3123 3183 3156 3429
10091 2247 3216 3177 3286
10092 1882 3292 3187 3319
10093 3277 3336 3111 3488
10094 2471 3350 1638 3442
10095 2265 3204 2258 3329
10096 2126 3140 3255 3411
10097 2325 3168 3285 3448
10098 3168 3108 3285 3408
10099 1871 3149 1771 3259
10100 2252 2255 2254 3210
10101 2160 3238 3166 3339
10102 2215 3246 2216 3304
10103 3225 3342 2376 3453
10104 3137 3193 3108 3270
10105 1795 3189 3281 3352
10106 3187 3242 1845 3421
10107 2218 2273 2161 3224
10108 1833 1674 3270 3293
10109 2418 1914 2383 3190
10110 1804 3239 3195 3337
10111 3155 3229 2272 3371
10112 2492 3206 2410 3432
10113 2254 2257 3303 3428
10114 1870 3139 1848 3316
10115 3342 3453 3141 3514
10116 3156 3343 3233 3486
10117 3138 3237 3117 3311
10118 3155 3229 3098 3248
10119 1913 3211 1628 3264
10120 3138 3200 3117 3518
10121 2514 1717 2550 3344
10122 2254 3303 3146 3428
10123 1692 3188 3254 3322
10124 2241 2210 3184 3282
10125 2197 3228 3173 3353
10126 3164 3111 3277 3336
10127 2242 2241 2210 3184
10128 3133 3250 2449 3384
10129 3111 3159 3334 3447
10130 1913 1830 3292 3377
10131 2175 3271 3205 3302
10132 3106 3205 3160 3404
10133 2548 1707 1823 3370
10134 1673 1669 1672 3202
10135 3119 3166 3264 3403
10136 3102 3343 3278 3504
10137 2490 3236 2549 3383
10138 1644 3189 3321 3472
10139 2197 2279 2277 3173
10140 3108 3162 3270 3387
10141 2280 3342 3220 3406
10142 2295 366 3152 3285
10143 3154 3158 3356 3400
10144 3167 1683 3240 3331
10145 2548 2532 2521 1707
10146 2087 2078 1622 3200
10147 3130 3211 3206 3401
10148 3199 3115 3380 3399
10149 2320 3168 2325 3448
10150 1848 3139 1849 3341
10151 1889 1767 2091 3463
10152 2466 1621 1638 1637
10153 1917 1835 1612 3198
10154 3201 3274 1900 3341
10155 3187 3376 3242 3468
10156 3254 3463 3322 3518
10157 3307 3325 2448 3433
10158 2242 3282 3184 3347
10159 1848 3139 1870 3306
10160 3129 3307 3325 3493
10161 3145 3332 2025 3389
10162 1734 3193 1736 3292
10163 2305 3158 3262 3304
10164 3276 3398 3131 3508
10165 3158 3112 3304 3371
10166 1642 3182 1640 3281
10167 2440 2437 2439 3182
10168 2276 3220 3225 3353
10169 1611 1883 2084 3197
10170 2302 3304 3132 3415
10171 1725 1712 1724 3223
10172 1838 1839 2365 3211
10173 2508 3163 3230 3373
10174 2140 2400 2357 3225
10175 3157 3199 3136 3372
10176 3320 3328 3223 3396
10177 1692 1691 3188 3322
10178 2023 2025 3185 3332
10179 2347 2192 2305 3158
10180 3124 3231 3150 3362
10181 3246 3499 3413 3507
10182 1654 3301 1653 3475
10183 3128 3471 3467 3514
10184 1890 1782 3148 3261
10185 2512 1717 2514 3344
10186 1809 3133 1811 3317
10187 2187 3135 3347 3420
10188 374 375 2467 3153
10189 2503 3330 3209 3441
10190 2509 2507 3266 3365
10191 2241 3282 2242 3347
10192 2279 3299 3173 3436
10193 2443 3352 1690 3469
10194 3199 3157 3414 3450
10195 1842 1804 1610 3195
10196 1727 1729 3172 3460
10197 3131 3276 3184 3398
10198 1618 1824 3176 3249
10199 1869 1925 1753 3298
10200 2413 3166 3294 3509
10201 2211 2292 2201 3237
10202 3155 3112 3371 3464
10203 3219 3321 3124 3325
10204 1757 3227 3215 3290
10205 3278 3343 3170 3504
10206 1695 3202 1672 3312
10207 1784 3199 1879 3399
10208 2188 3233 2185 3291
10209 1774 1778 3148 3265
10210 2419 3206 1616 3432
10211 1859 3242 3162 3359
10212 2200 3136 2203 3272
10213 1720 1719 1679 3150
10214 1724 1697 1862 3165
10215 2302 2191 2202 3415
10216 3454 3462 3127 3480
10217 2092 3159 2089 3402
10218 1709 3322 3254 3463
10219 2363 3294 3211 3476
10220 1784 1877 1879 3199
10221 374 2297 375 3153
10222 1724 3165 1862 3320
10223 3121 3354 3150 3373
10224 3319 3330 3121 3441
10225 3131 3172 3228 3449
10226 1827 3162 1653 3359
10227 3215 3357 3141 3484
10228 2046 2288 3194 3405
10229 3165 3312 3191 3501
10230 2128 2466 2134 1621
10231 1616 1839 1904 3206
10232 1857 3247 2018 3310
10233 2105 3221 3200 3411
10234 1656 1658 1841 3316
10235 1680 1840 3178 3305
10236 3097 3258 3153 3437
10237 3129 3325 3307 3433
10238 3159 3363 2089 3402
10239 1826 1827 1859 3242
10240 1846 3141 3357 3492
10241 3134 3198 3103 3474
10242 3101 3284 3343 3487
10243 1826 3187 1845 3387
10244 3130 3319 1882 3401
10245 3117 3200 3138 3221
10246 3131 3228 3172 3396
10247 2386 3253 2382 3366
10248 3200 3254 3117 3518
10249 1882 3130 3292 3319
10250 2207 2231 3246 3311
10251 1849 3139 1848 3306
10252 3111 3465 3164 3510
10253 3148 3196 3385 3414
10254 388 2525 387 3370
10255 1790 3247 1857 3310
10256 3253 3366 3143 3435
10257 3229 3356 3158 3400
10258 3132 3246 3413 3415
10259 2023 2025 2024 3185
10260 3237 3111 3336 3488
10261 2329 3221 3311 3358
10262 3118 3353 3228 3449
10263 1862 1850 1832 3191
10264 1673 3202 3324 3505
10265 3246 3304 2202 3415
10266 2200 2199 2203 3136
10267 3166 3283 3168 3403
10268 2025 2024 3185 3314
10269 3170 3100 3301 3475
10270 391 2490 390 3144
10271 1880 1845 3242 3421
10272 2424 391 390 3144
10273 1725 3320 3172 3328
10274 3100 3162 3475 3504
10275 1824 1894 1896 3425
10276 3112 3229 3158 3400
10277 1824 3249 1894 3425
10278 2084 3197 1883 3340
10279 2308 2160 3166 3339
10280 2162 3192 2161 3339
10281 3120 3414 3157 3450
10282 3300 3303 3145 3477
10283 3237 3413 3132 3465
10284 1827 1859 3162 3359
10285 3153 3260 3097 3269
10286 3111 3334 3322 3447
10287 3124 3354 3260 3374
10288 2078 3200 3363 3463
10289 3117 3418 3311 3507
10290 1845 3319 3187 3421
10291 3219 3231 1670 3359
10292 3098 3248 3229 3303
10293 2448 3384 3307 3433
10294 3116 3366 3253 3435
10295 3111 3218 3465 3510
10296 3144 3236 1677 3362
10297 2295 3285 3152 3459
10298 1789 1633 2081 3310
10299 3130 3209 3187 3330
10300 2276 3225 3220 3342
10301 3220 3342 3128 3406
10302 3115 3196 3148 3414
10303 1679 3236 3150 3362
10304 3110 3175 3171 3511
10305 2531 2490 2549 3383
10306 2334 3246 2231 3318
10307 3115 3380 3240 3409
10308 2179 3183 2168 3282
10309 2231 3246 3169 3318
10310 2213 3216 2247 3286
10311 1728 3172 1729 3251
10312 1678 3244 3144 3279
10313 3191 3320 3165 3501
10314 2547 2524 2551 3373
10315 1764 1797 3200 3254
10316 3127 3268 3175 3481
10317 1628 1838 2396 3211
10318 3133 3274 3307 3384
10319 2546 3150 2515 3230
10320 3142 3323 3185 3477
10321 3247 3310 3140 3482
10322 1790 3310 1789 3315
10323 1824 1896 1788 3306
10324 1681 1840 1702 3178
10325 3113 3320 3191 3501
10326 2546 3236 3230 3344
10327 3161 3275 2178 3423
10328 1693 1844 3257 3313
10329 1769 1637 2450 3469
10330 1628 2396 2395 3211
10331 2378 3224 2357 3225
10332 3143 3289 2380 3452
10333 2512 2514 2550 3344
10334 3168 3398 3408 3448
10335 1692 1709 1691 3322
10336 2386 2382 2380 3366
10337 3108 3193 3137 3398
10338 1826 1825 1827 3270
10339 3117 3413 3246 3415
10340 2051 1910 2013 3239
10341 2153 2297 374 3437
10342 2078 1767 3200 3463
10343 1659 1660 1658 3278
10344 2436 2438 2437 3384
10345 1770 1889 1617 3159
10346 3126 3364 3171 3506
10347 1649 1647 3321 3362
10348 1705 3207 3288 3413
10349 2365 1839 2419 3206
10350 3177 3216 2247 3439
10351 2380 3289 3143 3366
10352 3121 3203 3354 3373
10353 1740 2479 2452 3416
10354 1699 3370 1707 3383
10355 2326 3208 2174 3299
10356 1845 3187 1882 3292
10357 1870 1875 3306 3316
10358 365 366 2142 3209
10359 1890 2124 2080 3261
10360 1720 3150 3230 3360
10361 2197 3173 3228 3436
10362 3131 3296 3113 3473
10363 2374 3453 2375 3514
10364 1891 1618 1824 3176
10365 3231 3354 3203 3521
10366 3152 3108 3285 3458
10367 2228 3408 2330 3459
10368 3110 3139 3201 3480
10369 1679 1881 1720 3230
10370 3208 3299 2326 3436
10371 1823 387 1739 1792
10372 3149 3240 1871 3331
10373 3113 3429 3378 3473
10374 2436 2437 3182 3384
10375 1799 1844 3214 3257
10376 2175 2173 3271 3302
10377 2370 2379 3471 3514
10378 3129 3321 3219 3325
10379 3147 3167 3380 3409
10380 3109 3210 3204 3435
10381 1727 3217 1865 3460
10382 3165 1697 3305 3357
10383 3209 3292 3119 3338
10384 3179 3475 3162 3504
10385 3195 3239 2038 3388
10386 3137 3108 3398 3410
10387 3110 3267 3175 3511
10388 1872 3231 3360 3421
10389 2203 3136 2199 3286
10390 3155 3371 3194 3464
10391 2546 2515 3150 3483
10392 3141 3290 3215 3484
10393 2297 3153 374 3437
10394 3184 3108 3398 3408
10395 3137 3398 3251 3508
10396 1774 1782 1775 3256
10397 3171 3175 3110 3480
10398 1835 3198 1917 3264
10399 2166 3282 3296 3470
10400 2418 2383 2406 3190
10401 2150 2414 2159 3238
10402 3204 3210 3109 3329
10403 3135 3291 2187 3347
10404 1692 3254 1709 3322
10405 3206 3401 3163 3441
10406 387 1739 2451 3370
10407 3130 3292 3209 3338
10408 3101 3136 3252 3335
10409 2274 3224 2275 3225
10410 2521 2532 2550 1708
10411 2320 3168 2155 3283
10412 2485 3352 2453 3416
10413 1890 1774 1778 3148
10414 2398 3253 3234 3366
10415 3135 3170 3343 3504
10416 3113 3320 3165 3396
10417 2541 2497 3283 3338
10418 371 2143 372 3171
10419 3311 3418 3169 3507
10420 2174 2186 3299 3302
10421 3130 3330 3319 3441
10422 3118 3225 3224 3375
10423 1679 1677 3236 3362
10424 2542 2524 3203 3426
10425 3165 3320 3223 3396
10426 3170 3284 1658 3316
10427 3160 3218 3107 3313
10428 1796 3154 1703 3337
10429 2548 3370 2493 3383
10430 1788 3157 1875 3333
10431 3118 3225 3375 3453
10432 3105 3160 3368 3404
10433 3168 3209 3119 3283
10434 3110 3153 3258 3267
10435 2261 3229 2305 3371
10436 2267 2337 2268 3234
10437 2368 2380 3289 3452
10438 2403 3224 2390 3238
10439 1648 1670 3219 3231
10440 3183 3282 2179 3291
10441 3147 2311 3335 3349
10442 2480 2463 2447 3189
10443 3164 3465 3218 3510
10444 2437 2436 3182 3446
10445 3310 3315 3140 3411
10446 3187 3209 3152 3330
10447 1661 1660 3278 3369
10448 3181 3301 3100 3475
10449 3097 3181 3162 3359
10450 1610 1910 2051 3239
10451 3260 3269 3153 3512
10452 1846 1899 3141 3497
10453 2084 1883 2115 3340
10454 3198 3264 3166 3403
10455 1801 3189 1795 3279
10456 2492 2539 3206 3266
10457 2444 1769 2450 3469
10458 1897 1898 1743 3365
10459 1899 3290 3141 3497
10460 3226 3381 3142 3489
10461 2284 2198 2189 3336
10462 3097 3153 3269 3437
10463 3246 3413 3117 3507
10464 1728 3172 3251 3379
10465 3117 3288 3254 3315
10466 3175 3268 2224 3481
10467 2485 1779 2445 3352
10468 3113 3378 3217 3473
10469 3340 3346 2131 3455
10470 388 387 2451 3370
10471 1644 3189 1645 3321
10472 2427 371 372 3171
10473 2444 2443 2445 1779
10474 1871 1771 1773 3259
10475 3467 3471 2379 3514
10476 3172 3217 3131 3473
10477 1734 1735 1736 3387
10478 3143 3253 3204 3471
10479 2256 2262 3263 3329
10480 1840 1696 1726 3305
10481 2386 3204 3253 3471
10482 3161 3180 3104 3500
10483 1719 3150 1720 3360
10484 2437 3243 3182 3350
10485 1683 1879 1664 3167
10486 3216 3392 3157 3454
10487 2183 3164 2189 3336
10488 3169 3418 3140 3507
10489 2417 2366 2343 3234
10490 1634 1914 2020 3190
10491 3106 3202 3180 3422
10492 2353 2401 2152 3204
10493 3143 3323 3298 3435
10494 2017 3169 2030 3318
10495 3214 3257 1844 3313
10496 2163 2161 2162 3192
10497 3176 3177 3099 3392
10498 2152 3204 2269 3253
10499 3111 3322 3218 3510
10500 3307 3384 3129 3433
10501 3136 3216 3127 3393
10502 3131 3296 3282 3470
10503 3109 3204 3143 3435
10504 3110 3201 3171 3480
10505 2168 3183 2169 3296
10506 2179 2170 2168 3183
10507 3192 3238 2161 3339
10508 1913 3264 1915 3377
10509 2363 2412 3211 3294
10510 2224 2342 3268 3511
10511 2409 2415 2488 1626
10512 3152 3209 3187 3458
10513 3172 1729 3251 3460
10514 1845 1882 3187 3319
10515 2183 3275 3164 3336
10516 3178 3212 3114 3502
10517 1838 1907 1839 3211
10518 3111 3188 3254 3413
10519 1753 3143 1927 3289
10520 364 2497 365 3209
10521 2424 391 3144 3374
10522 3098 3303 3229 3356
10523 1845 1737 3319 3421
10524 3108 3270 3193 3387
10525 2046 2050 2035 3194
10526 1679 3150 1719 3362
10527 2478 2462 2463 3189
10528 2155 2320 2307 3168
10529 3203 3426 3330 3468
10530 2224 3268 3175 3511
10531 1856 3179 1674 3293
10532 1903 3206 1904 3266
10533 3212 3263 2262 3329
10534 3108 3151 3408 3410
10535 2417 2408 2366 3234
10536 1884 1821 1722 3365
10537 1648 3219 1670 3359
10538 2217 2215 2216 3304
10539 3131 3217 3172 3445
10540 2363 2500 3294 3476
10541 3119 3283 3209 3338
10542 3101 3252 3136 3372
10543 3165 3106 3312 3501
10544 2078 1767 1622 3200
10545 1786 1875 3157 3333
10546 2088 2078 2087 3200
10547 3134 3474 3103 3508
10548 1815 1799 1844 3214
10549 3173 3220 3114 3299
10550 3117 3221 3311 3418
10551 2220 3174 2219 3280
10552 1795 3189 1643 3281
10553 3113 3217 3172 3473
10554 3105 3218 3160 3331
10555 2427 3250 2486 3364
10556 2308 3166 2159 3509
10557 1809 3317 3197 3490
10558 1697 1724 1712 3223
10559 3199 3284 1877 3369
10560 2426 3370 2451 3416
10561 3233 3291 3252 3343
10562 1851 1912 1610 3195
10563 2365 3206 2410 3476
10564 1757 3215 1744 3290
10565 2053 2018 2033 3482
10566 2107 3361 3261 3385
10567 3110 3201 3139 3341
10568 2257 2260 2253 3303
10569 2548 1823 2525 3370
10570 3193 3292 1734 3377
10571 3137 3251 3445 3508
10572 3136 3127 3216 3372
10573 2192 3262 3158 3423
10574 2334 2216 3246 3318
10575 1811 3133 1809 3490
10576 2374 3141 3453 3514
10577 2088 3200 2105 3363
10578 3182 2436 3384 3446
10579 3103 3398 3168 3448
10580 3194 3246 2216 3318
10581 3148 3261 3256 3385
10582 2169 3296 3183 3351
10583 1785 3256 3261 3333
10584 2088 2078 3200 3363
10585 3213 3419 3346 3506
10586 3142 3116 3323 3477
10587 1842 1796 3337 3348
10588 2295 3152 366 3426
10589 2194 3273 3135 3420
10590 3152 3285 3209 3458
10591 2525 387 1823 1792
10592 2168 2170 2169 3183
10593 3125 3288 3207 3499
10594 3103 3251 3398 3508
10595 2391 3166 2414 3238
10596 3160 3105 3235 3404
10597 2170 3291 2185 3394
10598 2017 2030 3169 3522
10599 3098 3146 3303 3356
10600 3115 3256 3148 3259
10601 2058 2038 3239 3388
10602 1661 3278 3156 3369
10603 1866 3243 3182 3490
10604 3138 3311 3221 3358
10605 2374 2376 2375 3453
10606 2053 3247 2018 3482
10607 3263 3297 3104 3500
10608 1722 3163 1723 3360
10609 2018 3247 2053 3310
10610 2302 3262 3132 3304
10611 3131 3445 3172 3508
10612 3112 3155 3400 3464
10613 1714 3298 1702 3397
10614 3220 3353 3173 3494
10615 3163 3319 1723 3360
10616 1869 3227 1928 3452
10617 1678 1677 1649 3144
10618 3139 3301 1848 3316
10619 1773 3240 1871 3259
10620 1833 3137 1731 3460
10621 2222 2311 2299 3147
10622 1833 3270 3137 3293
10623 2438 3182 2437 3384
10624 3106 3180 3161 3302
10625 3161 3368 3107 3407
10626 1869 1928 1925 3452
10627 2204 3272 3196 3280
10628 2077 3176 2111 3249
10629 3104 3154 3226 3324
10630 2250 3145 2251 3456
10631 2386 3204 2353 3253
10632 2530 2546 3236 3483
10633 1825 3270 1826 3387
10634 2489 3152 366 3330
10635 3103 3276 3398 3448
10636 2311 2299 3147 3335
10637 1827 1653 1859 3359
10638 1851 1610 2040 3195
10639 1782 3256 3148 3261
10640 3172 3445 3251 3508
10641 2523 366 3209 3330
10642 1695 1680 3202 3305
10643 1808 3197 1809 3317
10644 2390 3224 2385 3375
10645 3115 3148 3256 3414
10646 3135 3343 3102 3504
10647 2098 2092 2089 3402
10648 3164 3111 3336 3465
10649 3105 3160 3218 3368
10650 1826 1880 1845 3242
10651 392 2429 393 3374
10652 2508 2506 3163 3373
10653 3145 3314 3185 3477
10654 2185 3291 3233 3394
10655 1661 3367 3156 3378
10656 2213 3216 3286 3393
10657 1772 1774 3259 3265
10658 3146 3263 2283 3428
10659 1902 1749 3185 3309
10660 3101 3136 3335 3380
10661 1917 3264 3198 3377
10662 2490 3236 3144 3483
10663 3203 3330 3121 3468
10664 1645 1644 1643 3189
10665 367 2295 366 3426
10666 1658 3284 1684 3316
10667 1833 3137 3270 3495
10668 3245 3361 2109 3385
10669 3206 3266 1903 3432
10670 2098 2089 3363 3402
10671 3195 3400 3155 3464
10672 2449 3250 3133 3364
10673 1833 3293 3137 3460
10674 3126 3317 3201 3364
10675 3330 3426 3152 3468
10676 3146 3329 3263 3381
10677 2511 2517 2527 3365
10678 1811 3274 3133 3490
10679 2311 2290 3233 3349
10680 2250 3389 3145 3456
10681 3148 3259 3122 3513
10682 3173 3208 3113 3436
10683 1667 3160 3235 3312
10684 1731 3137 1833 3495
10685 3136 3127 3372 3393
10686 3105 3240 3331 3457
10687 3109 3210 3146 3329
10688 3117 3221 3138 3311
10689 3196 3120 3385 3414
10690 2054 2063 2045 3234
10691 2443 2445 1779 3352
10692 1801 1649 1645 3189
10693 3130 3187 3209 3292
10694 3126 3346 3340 3455
10695 1904 3206 1903 3432
10696 1657 3179 1856 3278
10697 2215 2202 3246 3304
10698 1768 3200 1797 3315
10699 2066 2025 3332 3389
10700 3201 3306 1813 3425
10701 3126 3171 3201 3425
10702 1693 3188 1686 3313
10703 3205 3368 3160 3404
10704 2197 2279 3173 3436
10705 2392 3166 2391 3440
10706 1904 3206 1907 3401
10707 3288 3413 3207 3499
10708 2019 2157 2249 3389
10709 3195 3239 3388 3400
10710 3317 3340 3126 3425
10711 1925 1927 1753 3143
10712 3099 3171 3268 3439
10713 2295 2142 366 3285
10714 1917 3198 3326 3377
10715 2025 2067 3314 3456
10716 3205 3349 3287 3457
10717 2051 2040 1610 3195
10718 2396 1838 2365 3211
10719 3167 3331 3240 3457
10720 3113 3191 3320 3378
10721 1786 1788 1875 3333
10722 1868 1716 3344 3383
10723 2135 2100 3310 3519
10724 3230 3236 1881 3344
10725 2424 3244 2459 3279
10726 3328 3444 3375 3449
10727 2179 2170 3183 3291
10728 1856 1674 1833 3293
10729 1695 1680 1672 3202
10730 1759 1904 1907 3401
10731 1709 1741 1710 3463
10732 3113 3165 3320 3501
10733 3193 3270 3137 3495
10734 1622 3200 1768 3315
10735 2255 3210 2265 3329
10736 2192 3158 2347 3423
10737 3099 3213 3171 3439
10738 3102 3278 3179 3504
10739 2447 3189 2463 3279
10740 2306 2311 2290 3233
10741 3105 3368 3205 3404
10742 2511 2527 2513 1742
10743 1640 1642 1866 3182
10744 1658 1657 1659 3278
10745 3213 2460 3419 3506
10746 1819 2368 3289 3452
10747 3195 3388 2038 3412
10748 1722 3163 3266 3401
10749 1925 1927 3143 3452
10750 3252 3291 3135 3343
10751 3156 3367 3123 3429
10752 2467 3153 375 3493
10753 3104 3214 3154 3324
10754 3289 3323 3143 3435
10755 1807 1809 3197 3490
10756 2223 2323 2211 3138
10757 1801 1643 1795 3189
10758 1823 1707 2548 1756
10759 3180 3263 3104 3500
10760 2508 2506 2507 3163
10761 392 393 2496 3374
10762 2503 3209 2497 3338
10763 3137 1731 3460 3495
10764 2425 3446 2435 3451
10765 2276 2294 3225 3342
10766 2025 3314 3145 3456
10767 3105 3409 3240 3457
10768 2364 2414 3166 3509
10769 3119 3292 3209 3458
10770 2176 2186 3302 3500
10771 2326 2174 2186 3299
10772 3133 3384 2449 3446
10773 1858 3218 1685 3322
10774 1808 1807 1809 3197
10775 2538 3260 393 3512
10776 1725 1727 3172 3320
10777 1611 1808 1883 3197
10778 2409 1626 2536 3432
10779 3119 3193 3168 3403
10780 2492 3266 3206 3432
10781 1677 1649 3144 3362
10782 2107 2109 3361 3385
10783 2105 3200 2088 3411
10784 1788 1870 1875 3306
10785 1887 2383 3190 3289
10786 1682 1868 1677 3236
10787 3161 3104 3297 3500
10788 3114 3173 3223 3494
10789 3178 3215 3114 3305
10790 3097 3260 3153 3521
10791 3124 3354 3231 3521
10792 2321 2236 2331 3255
10793 2255 2256 2254 3329
10794 1653 3162 1827 3475
10795 3250 3267 2423 3307
10796 3169 3318 2017 3522
10797 2254 2257 2253 3303
10798 2285 3253 3210 3300
10799 2112 2111 2077 3176
10800 3168 3408 3285 3448
10801 2383 1914 1887 3190
10802 3104 3226 3154 3356
10803 3260 3325 3124 3374
10804 3180 3299 2186 3302
10805 3118 3328 3375 3449
10806 3133 3307 3250 3384
10807 1904 1839 1907 3206
10808 1865 3217 1727 3320
10809 3098 3142 3309 3477
10810 3142 3210 3435 3477
10811 2376 3225 2356 3342
10812 1842 3337 3195 3348
10813 3273 3462 3135 3504
10814 3261 3361 3120 3385
10815 2016 2039 3155 3405
10816 3140 3117 3221 3411
10817 3128 3227 3204 3471
10818 3245 3120 3361 3385
10819 1728 1727 1729 3172
10820 3119 3168 3193 3458
10821 2311 3147 2222 3349
10822 3155 3412 3195 3464
10823 2181 2182 2178 3275
10824 3111 3149 3322 3510
10825 1782 1774 1890 3148
10826 2170 2169 3183 3351
10827 1740 1713 1776 3416
10828 3119 3209 3168 3458
10829 3220 3141 3484 3514
10830 3115 3259 3148 3513
10831 1715 3142 1704 3298
10832 2128 2466 1621 3442
10833 1868 3344 3236 3383
10834 3193 3387 3270 3495
10835 3114 3223 3165 3357
10836 2045 2063 2343 3234
10837 1844 1815 3214 3313
10838 372 3171 2143 3511
10839 2207 3311 3246 3415
10840 3181 3301 1654 3341
10841 2237 3347 2242 3408
10842 2128 2421 2466 3442
10843 3270 3387 1733 3495
10844 2182 2178 3275 3423
10845 2392 3198 2358 3264
10846 1746 3207 1693 3257
10847 3099 3171 3425 3480
10848 3222 3308 2313 3395
10849 1896 1813 3306 3425
10850 1850 1665 1832 3191
10851 2423 3250 2468 3267
10852 3135 3343 3170 3487
10853 1771 3259 3149 3334
10854 1901 1929 3190 3289
10855 3122 3259 3148 3265
10856 3279 3352 1776 3416
10857 2398 2337 2267 3234
10858 3105 3205 3287 3457
10859 3268 3454 3127 3480
10860 2254 3146 2283 3428
10861 3162 3270 1827 3475
10862 3192 3224 3134 3449
10863 3129 3307 3274 3384
10864 2091 2089 2092 3159
10865 2141 2313 3308 3395
10866 3181 3219 3097 3382
10867 2150 2159 2160 3238
10868 2355 2150 2273 3238
10869 2174 3208 2172 3271
10870 1736 1845 1882 3292
10871 2129 2116 2425 3197
10872 2298 2181 2175 3205
10873 1663 3367 1661 3378
10874 3156 3278 3343 3369
10875 1771 3149 1858 3322
10876 2374 3290 3141 3514
10877 3156 3123 3367 3486
10878 2224 3273 2225 3520
10879 3150 2515 3230 3373
10880 3272 3280 2205 3391
10881 2162 3192 3276 3470
10882 2057 3190 2406 3438
10883 3209 3292 3187 3458
10884 2195 3393 3252 3481
10885 2460 337 369 3419
10886 2026 3234 2055 3389
10887 1928 1869 1757 3227
10888 1768 1764 1797 3200
10889 2224 3268 2342 3481
10890 366 3152 2489 3426
10891 2203 2199 2213 3286
10892 3195 3388 3155 3400
10893 2170 3183 3291 3394
10894 2276 3220 2280 3342
10895 3175 2224 3273 3481
10896 1704 3142 1749 3309
10897 3180 3302 2186 3500
10898 2273 2274 2403 3224
10899 2262 3212 2333 3263
10900 3125 3246 3194 3318
10901 2237 3151 3347 3408
10902 2275 3225 3224 3353
10903 2320 2325 2307 3448
10904 3188 3207 3132 3345
10905 1673 3324 3214 3505
10906 1904 1616 3206 3432
10907 3251 3445 3172 3460
10908 3143 3204 3253 3435
10909 3098 3146 3356 3489
10910 3110 3274 3201 3341
10911 3108 3137 3270 3410
10912 1739 1701 2451 3370
10913 2490 3144 391 3483
10914 3147 3335 3233 3349
10915 3217 3320 1865 3378
10916 3172 3396 3228 3449
10917 2527 2517 2488 1897
10918 1702 3178 1840 3397
10919 2188 2185 2187 3291
10920 1833 3270 1733 3495
10921 2050 2035 3194 3318
10922 1873 1776 3279 3352
10923 2358 2392 2393 3198
10924 2359 1620 3227 3452
10925 1712 3223 1725 3328
10926 2228 3186 2227 3327
10927 2274 2275 2140 3225
10928 3099 3306 3157 3454
10929 3127 3273 3252 3481
10930 2294 2356 3225 3342
10931 2400 2140 2294 3225
10932 1873 3279 1776 3416
10933 3142 3477 3098 3489
10934 3187 3242 3121 3468
10935 3144 3374 391 3483
10936 2162 3276 3192 3339
10937 3201 3425 3171 3480
10938 3233 3252 2188 3335
10939 1883 3197 1808 3340
10940 2362 1887 1631 3289
10941 1697 1695 3165 3305
10942 1848 3301 3139 3341
10943 1718 1742 1743 3365
10944 3110 3258 3153 3382
10945 2442 2444 2450 3469
10946 3210 3253 3204 3435
10947 3114 3299 3220 3406
10948 3123 3235 3367 3457
10949 2118 2139 3346 3506
10950 1913 1915 1830 3377
10951 2403 2355 2273 3238
10952 2220 2315 2219 3174
10953 2113 3346 3249 3386
10954 3208 3271 2174 3302
10955 1904 3206 1758 3266
10956 1901 1929 3289 3323
10957 2117 3221 2101 3255
10958 3102 3282 3184 3445
10959 3100 3327 3151 3504
10960 3184 3282 3102 3347
10961 3218 3313 3160 3505
10962 2320 2307 3168 3448
10963 3187 3292 3130 3319
10964 2333 2186 3180 3299
10965 3122 3159 3222 3447
10966 2425 3197 2116 3455
10967 1901 3289 3190 3461
10968 3127 3175 3273 3481
10969 1659 1661 1660 3278
10970 2220 3174 3280 3355
10971 2452 2451 1738 3416
10972 3107 3160 3313 3505
10973 2269 3204 2265 3253
10974 1809 3133 3317 3490
10975 3100 3462 3273 3504
10976 2228 2226 2237 3420
10977 3135 3462 3170 3504
10978 3100 3258 3186 3327
10979 2285 3210 2252 3300
10980 2362 1819 2368 3289
10981 3097 3152 3269 3468
10982 1726 3305 1696 3357
10983 3127 3273 3175 3462
10984 3112 3400 3195 3464
10985 3105 3160 3235 3331
10986 2381 3190 2383 3289
10987 3174 2219 3280 3391
10988 3135 3102 3347 3504
10989 1652 3181 1654 3341
10990 3152 3097 3269 3376
10991 1758 3266 3206 3401
10992 3240 3259 1878 3399
10993 1721 1722 1723 3360
10994 1867 1865 3320 3378
10995 3147 3287 2222 3349
10996 1786 3157 1875 3450
10997 3234 3332 3300 3389
10998 3206 3266 3163 3401
10999 2488 2536 2409 1626
11000 2265 3210 2285 3253
11001 2220 2315 3174 3355
11002 3178 3202 3104 3324
11003 1878 3240 1773 3259
11004 3117 3237 3413 3415
11005 2121 3308 2098 3395
11006 2514 2512 2513 1717
11007 2392 2394 2413 3264
11008 1851 3195 2040 3295
11009 1787 3176 1824 3333
11010 3142 3098 3309 3489
11011 3149 3322 1771 3334
11012 1888 1790 1857 3310
11013 3125 3318 3194 3390
11014 2424 2462 391 3374
11015 3217 3172 3445 3460
11016 1828 1753 1927 3289
11017 2247 3177 2248 3286
11018 2427 3364 2458 3506
11019 3220 3342 3141 3514
11020 3161 3205 3106 3302
11021 2211 2223 3138 3488
11022 3148 3122 3265 3443
11023 2362 1631 1819 3289
11024 2173 2177 2298 3271
11025 1849 3201 1900 3341
11026 1669 3160 1667 3312
11027 1741 3159 1770 3334
11028 1823 2548 2525 1756
11029 3121 3231 3203 3468
11030 1831 3211 1913 3292
11031 3107 3214 3313 3345
11032 2030 3318 3169 3390
11033 3160 3107 3218 3368
11034 2105 2088 2099 3411
11035 2340 3204 2401 3467
11036 1851 1912 3195 3295
11037 3154 1703 3337 3478
11038 1790 1633 1789 3310
11039 3102 3291 3183 3343
11040 3196 3241 2240 3280
11041 3115 3256 3259 3399
11042 2340 2269 3204 3467
11043 3155 3371 2272 3405
11044 2141 3308 2121 3395
11045 3145 3300 3116 3332
11046 3215 3227 3128 3290
11047 1673 3214 1815 3505
11048 2425 2435 2457 3451
11049 3117 3254 3288 3413
11050 1722 3266 1758 3401
11051 1789 1622 1768 3315
11052 3195 3348 3337 3400
11053 2357 2403 2274 3224
11054 3161 3407 3107 3515
11055 1804 1910 1610 3239
11056 2019 3234 2157 3389
11057 3135 3462 3273 3487
11058 3217 3445 3131 3473
11059 2224 3175 3273 3520
11060 3234 3253 2268 3300
11061 2113 2139 2131 3346
11062 1674 1827 3270 3475
11063 3154 3337 3098 3478
11064 2369 3143 2380 3452
11065 2500 3338 3294 3476
11066 3156 3278 1661 3491
11067 1667 1669 1668 3160
11068 1788 1787 1824 3333
11069 3209 3330 3130 3441
11070 3132 3413 3246 3499
11071 1803 3309 3239 3337
11072 1673 1815 3214 3324
11073 3127 3170 3316 3372
11074 1888 1857 2018 3310
11075 2230 2224 2342 3481
11076 1652 1653 1654 3181
11077 3241 3308 2221 3355
11078 2478 3325 3189 3433
11079 3191 3235 1665 3367
11080 3189 3433 3321 3472
11081 1639 1637 1769 3469
11082 1749 1765 3185 3323
11083 2265 2269 2258 3204
11084 2321 2331 2117 3255
11085 1901 3323 3289 3461
11086 3114 3220 3173 3494
11087 1887 2362 2383 3289
11088 3101 3372 3136 3380
11089 2293 2272 2271 3248
11090 1927 3289 3143 3452
11091 2181 3275 3205 3430
11092 3226 3381 3178 3397
11093 3141 3290 2374 3497
11094 2083 2118 3346 3419
11095 3246 3311 3169 3507
11096 3131 3172 3449 3508
11097 3139 3175 3462 3480
11098 3263 3329 3212 3381
11099 3170 3462 3135 3487
11100 2134 331 2466 2128
11101 2250 3300 3145 3389
11102 2247 3419 3177 3439
11103 3139 3110 3434 3480
11104 2183 2184 3275 3336
11105 2437 3182 3243 3446
11106 1786 3333 3157 3450
11107 2489 3330 2524 3426
11108 2248 3286 3177 3517
11109 369 337 2083 3419
11110 2388 3431 3375 3444
11111 1727 1865 1729 3460
11112 2546 2530 2515 3483
11113 2546 2516 3236 3344
11114 1689 3244 1678 3279
11115 1896 1894 1813 3425
11116 1876 3284 3199 3450
11117 2299 2222 3147 3391
11118 1813 3201 1849 3306
11119 1753 1715 3298 3323
11120 3125 3246 3318 3390
11121 3184 3347 3102 3410
11122 1917 3326 1751 3377
11123 2333 3263 3180 3500
11124 3250 3307 2484 3384
11125 2517 3266 2537 3432
11126 2211 3138 3237 3488
11127 3257 3313 3214 3345
11128 3300 3332 3145 3389
11129 2347 2318 3297 3428
11130 3156 3367 3167 3486
11131 1648 3231 3219 3479
11132 1666 1664 3235 3331
11133 1773 1878 1871 3240
11134 1624 2043 1857 3247
11135 3109 3329 3146 3381
11136 1615 1890 2080 3261
11137 2124 2103 2080 3261
11138 3140 3315 3117 3411
11139 3101 3284 3199 3369
11140 3110 3267 3258 3434
11141 1628 1913 1838 3211
11142 3098 3155 3248 3388
11143 1818 1898 1626 3432
11144 2164 3276 2210 3470
11145 2207 2231 2214 3246
11146 2116 2425 334 2129
11147 3169 3311 2231 3418
11148 2258 3329 3204 3417
11149 3183 3291 3233 3343
11150 3123 3367 3235 3404
11151 2331 2329 2149 3221
11152 3156 3191 3367 3429
11153 1919 2359 1620 3227
11154 2225 3273 3327 3520
11155 2242 3347 3184 3408
11156 3103 3326 3398 3495
11157 3207 3257 1746 3348
11158 2508 3230 2515 3373
11159 2248 2247 2344 3177
11160 3098 3154 3478 3489
11161 2247 2158 3419 3439
11162 2251 3145 3303 3456
11163 1798 3424 3288 3466
11164 3126 3346 3213 3425
11165 3167 3369 3156 3486
11166 1811 3472 3274 3490
11167 3110 3307 3274 3382
11168 2255 2252 2285 3210
11169 3231 3242 1670 3359
11170 2336 3186 2332 3269
11171 1878 3259 1773 3399
11172 2043 3247 1624 3424
11173 3117 3254 3200 3315
11174 3164 3275 2183 3430
11175 3120 3261 3256 3333
11176 3453 3492 3118 3494
11177 3130 3401 3206 3441
11178 1904 1903 1616 3432
11179 2306 3233 2188 3335
11180 1733 1734 3193 3387
11181 1758 3206 1904 3401
11182 1902 1749 1765 3185
11183 2436 2449 3384 3446
11184 3122 3222 3159 3402
11185 1661 3378 3156 3491
11186 1638 1637 1639 3350
11187 2365 2419 2410 3206
11188 3134 3375 2388 3431
11189 2194 2209 3273 3420
11190 2387 1627 1837 3444
11191 3189 3281 2480 3433
11192 3117 3311 3246 3507
11193 3098 3314 3145 3477
11194 3121 3242 3187 3421
11195 1741 1770 1710 3334
11196 2104 3245 2109 3385
11197 1868 3236 1682 3383
11198 2162 2163 3192 3470
11199 3125 3499 3246 3507
11200 3194 3412 3155 3464
11201 2111 3249 3176 3386
11202 1740 2452 1713 3416
11203 1849 1848 1870 3306
11204 2230 2342 3268 3481
11205 2324 3299 3212 3406
11206 3171 3175 3480 3511
11207 2251 3303 3248 3456
11208 2103 3385 3148 3443
11209 2435 3446 3243 3451
11210 3237 3336 3111 3465
11211 3258 3267 3175 3434
11212 3156 3378 3191 3429
11213 3196 3272 3115 3280
11214 3173 3299 3208 3436
11215 3123 3191 3367 3404
11216 2315 3277 3174 3355
11217 2313 3308 3222 3355
11218 3149 3111 3447 3510
11219 2400 2378 2357 3225
11220 3156 3367 1661 3369
11221 1877 3199 1876 3284
11222 2100 3310 3140 3411
11223 3232 3375 3328 3444
11224 3118 3453 3232 3492
11225 2233 2221 3308 3355
11226 3375 3444 3134 3449
11227 2136 2061 2345 3255
11228 3312 3407 3202 3505
11229 2206 2205 3272 3280
11230 1688 1799 1815 3214
11231 1771 1871 1858 3149
11232 1669 3160 3312 3505
11233 2475 375 3260 3493
11234 2293 2253 2260 3303
11235 3114 3212 3180 3299
11236 2452 1738 1740 1713
11237 1712 1697 3223 3357
11238 2369 2380 3143 3471
11239 2258 3204 2269 3417
11240 2204 3196 2240 3280
11241 3103 3474 3251 3508
11242 334 2425 2116 3455
11243 2372 3227 1919 3290
11244 1704 3309 1802 3478
11245 3218 3322 3111 3465
11246 1701 1739 2451 1738
11247 2367 2492 2410 3432
11248 2103 3261 3148 3385
11249 1723 3163 1722 3401
11250 1664 3235 3167 3367
11251 2387 1837 3431 3444
11252 2490 2531 390 3244
11253 3118 3328 3232 3375
11254 2210 2241 2166 3282
11255 380 2492 2522 2410
11256 2229 3245 3196 3286
11257 2299 3147 3272 3391
11258 3114 3223 3484 3494
11259 3249 3126 3340 3425
11260 3131 3449 3228 3508
11261 1832 3191 1665 3367
11262 1856 3278 3179 3293
11263 2224 2209 2225 3273
11264 3205 3404 3349 3457
11265 3140 3310 2100 3519
11266 2400 2294 2356 3225
11267 3321 3362 1647 3479
11268 3117 3246 3311 3415
11269 2107 2104 2109 3385
11270 1675 1663 1661 3378
11271 2293 3248 2251 3303
11272 3161 3275 3107 3368
11273 3098 3229 3155 3400
11274 1664 3167 1662 3367
11275 1662 3167 1879 3369
11276 2370 3227 3290 3514
11277 3132 3207 3188 3413
11278 2403 2385 2390 3224
11279 3110 3153 3267 3307
11280 2361 1627 2387 3444
11281 3116 3190 3332 3438
11282 2023 3185 2012 3461
11283 3114 3305 3215 3357
11284 2475 3260 375 3512
11285 1648 1670 1651 3359
11286 2248 3177 2344 3517
11287 3153 3267 3437 3520
11288 3102 3184 3410 3445
11289 3098 3303 3146 3489
11290 3123 3404 3235 3457
11291 1728 1725 1727 3172
11292 1766 3227 1757 3290
11293 3107 3275 3262 3465
11294 3135 3102 3291 3347
11295 2405 3232 1836 3444
11296 3327 3420 3151 3504
11297 3199 3284 3157 3450
11298 3123 3233 3183 3394
11299 2333 2324 2186 3299
11300 3200 3221 3117 3411
11301 3127 3170 3372 3487
11302 2365 2397 3211 3476
11303 3153 3437 3258 3520
11304 2405 1836 2361 3444
11305 3149 3331 3218 3510
11306 2424 390 2459 3244
11307 1807 3197 3243 3490
11308 1895 3247 3288 3424
11309 2271 2048 2270 3248
11310 3275 3336 3262 3465
11311 2270 2048 2015 3248
11312 3375 3431 3134 3444
11313 1803 3239 1804 3337
11314 1662 1664 1879 3167
11315 2425 3197 3446 3451
11316 1715 1749 3142 3323
11317 1668 3160 1669 3505
11318 1842 1748 1796 3348
11319 3156 3367 3191 3378
11320 2363 3211 2397 3476
11321 2022 2023 2012 3461
11322 3127 3273 3462 3487
11323 3141 3225 3220 3494
11324 3117 3311 3237 3415
11325 1873 1689 1678 3279
11326 3193 3398 3326 3495
11327 367 366 2489 3426
11328 2299 3272 3147 3335
11329 2336 2227 2332 3186
11330 2522 2410 3206 3476
11331 3127 3316 3170 3462
11332 1841 1658 1684 3316
11333 2412 2397 2363 3211
11334 1919 2372 2359 3227
11335 2523 3209 2503 3330
11336 1715 1749 1704 3142
11337 3191 3312 3106 3501
11338 2317 2244 3339 3448
11339 1723 3319 3163 3401
11340 373 2468 372 3267
11341 1779 2479 2445 1740
11342 1634 1887 1914 3190
11343 3153 3258 3267 3520
11344 1923 3290 1899 3497
11345 3160 3107 3368 3407
11346 3097 3269 3260 3521
11347 2055 3234 2026 3332
11348 2369 3143 3452 3471
11349 3098 3388 3239 3400
11350 3155 3405 2039 3412
11351 3196 3241 3148 3385
11352 3134 3379 3474 3508
11353 2255 2285 2265 3210
11354 2168 3282 3183 3296
11355 3167 3367 3156 3369
11356 2266 3234 2268 3300
11357 1888 2018 2044 3310
11358 1735 1845 1736 3387
11359 1662 3367 3167 3369
11360 3178 3104 3226 3324
11361 3194 3304 3246 3499
11362 3178 3114 3215 3502
11363 3188 3345 3132 3465
11364 3134 3431 2388 3440
11365 2304 371 370 3213
11366 1670 3242 3231 3421
11367 3171 3213 3126 3506
11368 2331 2149 2072 3221
11369 2214 2334 2216 3246
11370 1862 1697 1695 3165
11371 3191 3106 3312 3404
11372 3289 3323 3190 3461
11373 3155 3388 3195 3412
11374 2025 3145 3389 3456
11375 2019 2026 2055 3389
11376 3219 3129 3382 3496
11377 3097 3376 3152 3468
11378 2449 3364 3133 3446
11379 3193 3398 3168 3403
11380 2164 2210 2166 3470
11381 2480 3281 2439 3433
11382 2398 2382 3253 3366
11383 1903 1904 1758 3266
11384 3107 3407 3160 3505
11385 2524 2547 2542 3203
11386 3115 3272 3196 3414
11387 2152 2269 2265 3253
11388 3152 3376 3269 3459
11389 3114 3223 3357 3484
11390 2173 2174 2172 3271
11391 3209 3285 3168 3458
11392 3127 3268 3216 3454
11393 2196 3335 3252 3393
11394 3116 3323 3289 3435
11395 1681 1702 1694 3226
11396 3294 3338 3211 3476
11397 1810 1809 1811 3317
11398 2452 2426 2451 3416
11399 2325 3285 3408 3448
11400 1641 3281 1640 3469
11401 2390 3375 2388 3440
11402 2492 2537 2539 3266
11403 1733 1735 1734 3387
11404 2452 1738 1713 3416
11405 1648 1651 3219 3359
11406 3116 3300 3234 3332
11407 3175 3434 3110 3480
11408 2313 2233 3308 3355
11409 334 2433 2425 3455
11410 3262 3275 2184 3336
11411 1725 3172 1728 3328
11412 1900 3274 1893 3341
11413 3149 3122 3259 3513
11414 3123 3367 3191 3429
11415 3281 3350 1640 3469
11416 3106 3160 3312 3404
11417 2386 2401 2353 3204
11418 3142 3146 3477 3489
11419 3191 3312 3235 3404
11420 2393 1612 3198 3431
11421 2336 2227 3186 3437
11422 1811 1698 3472 3490
11423 3178 3381 3212 3502
11424 2507 3163 2506 3441
11425 3098 3337 3309 3478
11426 2391 2364 2414 3166
11427 2206 2205 3280 3391
11428 3215 3290 3128 3484
11429 3184 3398 3137 3445
11430 3224 3375 3134 3449
11431 2194 2300 2209 3420
11432 3097 3219 3181 3359
11433 2323 3138 2223 3358
11434 3271 3349 3205 3404
11435 2355 2414 2150 3238
11436 3139 3110 3341 3434
11437 2295 3152 3426 3459
11438 1706 3207 1746 3348
11439 2541 3283 3294 3338
11440 1868 1881 3236 3344
11441 2141 2121 2319 3395
11442 3194 3125 3390 3503
11443 3103 3398 3276 3508
11444 3240 3409 3167 3457
11445 1828 3289 1929 3323
11446 3252 3335 3136 3393
11447 2516 3344 2550 3383
11448 3164 3277 3111 3510
11449 2066 2025 2026 3332
11450 3167 3409 3147 3457
11451 3112 3158 3304 3345
11452 1652 1653 3181 3359
11453 3179 3278 3170 3504
11454 1785 3256 3333 3450
11455 1895 3288 1798 3424
11456 3102 3135 3291 3343
11457 3166 3283 3119 3294
11458 3152 3426 3269 3468
11459 3107 3214 3345 3515
11460 3098 3154 3356 3400
11461 3125 3169 3246 3390
11462 1785 3333 3261 3427
11463 2435 3243 2457 3451
11464 3205 3275 3161 3368
11465 2547 2551 3354 3373
11466 3225 3353 3220 3494
11467 2370 3227 2372 3290
11468 3233 3252 3101 3343
11469 1902 3309 3185 3485
11470 2524 3330 2505 3373
11471 3228 3449 3192 3508
11472 1796 1746 3257 3348
11473 3132 3413 3237 3415
11474 2181 3205 2298 3430
11475 1891 2112 3176 3427
11476 1676 1679 1719 3362
11477 2427 2458 2473 3506
11478 3217 3156 3378 3491
11479 2388 3375 3134 3440
11480 3146 3303 3210 3477
11481 3141 3492 3453 3494
11482 2370 3290 2373 3514
11483 2221 3241 2234 3308
11484 2412 2394 2395 3264
11485 3191 3378 3113 3429
11486 3175 3258 3100 3327
11487 3235 3331 3167 3457
11488 3103 3326 3193 3398
11489 1836 1627 2361 3444
11490 3288 3424 3125 3466
11491 3229 3158 3356 3428
11492 2330 3408 3285 3459
11493 3208 3299 3180 3302
11494 382 2494 2500 3476
11495 2045 2157 2019 3234
11496 3172 3217 3113 3320
11497 3175 3100 3273 3327
11498 3112 3348 3195 3400
11499 3107 3313 3218 3465
11500 3101 3343 3156 3486
11501 2347 3158 3297 3423
11502 2374 3453 3141 3497
11503 3122 3149 3259 3334
11504 2221 2240 3241 3280
11505 1923 2360 3290 3497
11506 2213 2247 2248 3286
11507 1734 3292 1736 3377
11508 3178 3226 3104 3381
11509 2247 2344 3177 3419
11510 2111 2113 3249 3386
11511 3140 3255 3221 3418
11512 3142 3298 1715 3323
11513 3177 3213 3099 3439
11514 2037 2039 3405 3412
11515 3218 3322 3149 3510
11516 1721 1723 3319 3360
11517 3244 3279 1689 3416
11518 2153 3437 3267 3520
11519 2152 2337 2353 3253
11520 1913 1628 1915 3264
11521 2186 2333 3180 3500
11522 3254 3322 3111 3518
11523 3102 3410 3347 3504
11524 1856 1657 1674 3179
11525 3139 3462 3454 3480
11526 3122 3149 3447 3513
11527 1803 1804 1800 3337
11528 2471 2466 2421 3442
11529 1901 1828 1929 3323
11530 2255 2265 2258 3329
11531 2231 3169 2147 3318
11532 1722 1720 1884 3230
11533 1818 1626 2409 3432
11534 2012 3185 1623 3461
11535 3145 3248 3098 3303
11536 3203 3512 3269 3521
11537 2381 3190 3289 3366
11538 2372 1923 2360 3290
11539 3269 3512 3260 3521
11540 2198 3237 3336 3488
11541 3170 3301 3100 3462
11542 2338 2216 3194 3371
11543 1680 1673 3202 3324
11544 3251 3474 3379 3508
11545 3101 3156 3369 3486
11546 1667 3235 1665 3312
11547 2336 3186 3269 3437
11548 2100 3140 2126 3411
11549 3147 3272 3391 3409
11550 1674 3270 3179 3475
11551 2308 3283 3166 3509
11552 1756 1707 2548 1755
11553 2237 3347 3151 3420
11554 2241 2179 3282 3347
11555 2222 3287 3147 3391
11556 1649 1647 1645 3321
11557 2334 2214 2231 3246
11558 1848 1849 1687 3341
11559 2332 3269 3186 3459
11560 1746 1693 1844 3257
11561 1927 1819 3289 3452
11562 3104 3226 3356 3381
11563 2126 3140 2100 3519
11564 1848 1654 3301 3341
11565 3123 3367 3167 3457
11566 2246 2247 2213 3216
11567 3103 3251 3326 3495
11568 1879 3240 1878 3399
11569 2065 2028 3190 3438
11570 1908 3424 1798 3466
11571 1628 2395 1835 3264
11572 1712 3357 3223 3492
11573 1615 2080 2106 3261
11574 3159 3363 3222 3518
11575 2126 3255 3140 3519
11576 2204 2240 2206 3280
11577 3167 3367 3123 3486
11578 3124 3231 3362 3479
11579 3276 3339 2244 3448
11580 2463 3189 2480 3433
11581 3167 3380 3101 3486
11582 3125 3288 3247 3424
11583 2325 2320 2142 3285
11584 2114 1886 1618 3249
11585 2215 2214 2216 3246
11586 2321 2117 2085 3255
11587 2406 3190 2416 3438
11588 3204 3417 3109 3502
11589 3097 3242 3162 3376
11590 1842 3195 1912 3348
11591 1803 1800 3309 3337
11592 3128 3204 3467 3471
11593 2539 2522 2492 3206
11594 3110 3258 3382 3434
11595 3190 3289 3116 3323
11596 3147 3380 3167 3486
11597 2338 3371 3194 3405
11598 3197 3317 3133 3490
11599 3149 3334 3122 3447
11600 3226 3142 3478 3489
11601 2066 3332 2026 3389
11602 1615 3261 2106 3427
11603 3138 3111 3237 3488
11604 2118 2082 2139 3506
11605 2298 2312 2286 3430
11606 2119 3241 2322 3498
11607 3208 3302 3180 3422
11608 2256 2262 2283 3263
11609 2036 3295 3195 3412
11610 2039 3388 3155 3412
11611 3274 3307 3129 3382
11612 2463 2478 3189 3433
11613 3142 3435 3116 3477
11614 2209 2225 3273 3327
11615 2392 2413 2391 3166
11616 3218 3331 3105 3510
11617 2484 3250 2423 3307
11618 3150 3354 2544 3373
11619 1766 1928 1757 3227
11620 3235 3312 3160 3404
11621 2328 2272 3229 3371
11622 2216 2287 2288 3194
11623 3163 3319 3121 3441
11624 3118 3375 3232 3453
11625 2463 2424 2481 3279
11626 1895 1798 1908 3424
11627 2046 3194 2035 3405
11628 3184 3282 3131 3445
11629 2221 3280 3241 3355
11630 2191 3336 3237 3415
11631 2332 2227 2228 3186
11632 2547 2538 3203 3354
11633 2421 2466 331 2128
11634 2129 3197 2425 3451
11635 2246 2247 3216 3439
11636 1813 1849 1896 3306
11637 2396 2412 2395 3211
11638 3114 3173 3299 3422
11639 3180 3299 3208 3422
11640 3169 3318 3246 3390
11641 2147 2017 3318 3522
11642 3235 3367 3191 3404
11643 1785 3256 1782 3261
11644 3147 3115 3272 3409
11645 1733 3270 1825 3387
11646 3145 3116 3300 3477
11647 1696 3305 1697 3357
11648 3188 3111 3322 3465
11649 2204 2206 3272 3280
11650 3116 3332 3234 3438
11651 1895 3247 1790 3315
11652 2068 3247 2032 3482
11653 2077 2114 1618 3249
11654 3145 3098 3248 3314
11655 3233 3349 2290 3394
11656 2136 2127 2061 3255
11657 3274 3384 3133 3472
11658 3098 3356 3154 3489
11659 365 2523 366 3209
11660 3099 3268 3171 3480
11661 3204 3329 3109 3417
11662 2416 2383 2381 3190
11663 3115 3391 3272 3409
11664 2368 2380 2362 3289
11665 2212 2313 2223 3488
11666 2179 3291 3282 3347
11667 3108 3168 3285 3458
11668 2408 3234 2054 3438
11669 2514 1708 1717 1816
11670 2020 1634 3190 3461
11671 2246 3268 3216 3481
11672 2472 3243 2437 3350
11673 2065 3190 2057 3438
11674 2385 3224 2378 3375
11675 2468 2486 2427 3250
11676 2398 3234 2407 3366
11677 382 2500 2363 3476
11678 3356 3381 3226 3489
11679 2233 2221 2234 3308
11680 3120 3157 3333 3450
11681 3184 3276 2210 3448
11682 3097 3162 3242 3359
11683 2099 2087 2081 3411
11684 2027 3314 2067 3456
11685 2218 2275 3224 3353
11686 1764 3254 3200 3463
11687 3173 3353 3228 3396
11688 3120 3245 3196 3385
11689 1641 1642 1640 3281
11690 3109 3143 3298 3435
11691 2227 3327 3186 3437
11692 2229 2349 3245 3286
11693 1688 3214 1815 3324
11694 1746 1706 1693 3207
11695 3132 3345 3262 3465
11696 3116 3366 3190 3438
11697 2364 2159 2414 3509
11698 2186 2176 2333 3500
11699 3195 3337 3239 3400
11700 3157 3284 3199 3372
11701 2343 2157 2045 3234
11702 3136 3286 3216 3393
11703 2316 3277 3222 3488
11704 3247 3390 2032 3482
11705 3226 3324 3154 3478
11706 3114 3165 3305 3357
11707 3098 3478 3309 3489
11708 3193 1733 3387 3495
11709 2362 2381 2383 3289
11710 2170 3351 3183 3394
11711 2358 1835 2395 3264
11712 1681 3226 1694 3324
11713 3100 3301 3181 3434
11714 1807 3243 3197 3451
11715 2333 2350 3263 3500
11716 2219 2314 3391 3516
11717 2384 3375 3232 3444
11718 3218 3313 3188 3465
11719 3107 3214 3407 3505
11720 2097 3241 3385 3443
11721 3109 3298 3142 3435
11722 1873 1689 3279 3416
11723 3150 3354 3124 3362
11724 2258 2269 2263 3417
11725 1718 1884 3344 3365
11726 2371 3204 2386 3471
11727 2022 2012 1623 3461
11728 2439 3281 3182 3433
11729 2177 3349 3271 3394
11730 2391 3166 3238 3440
11731 2174 3271 2173 3302
11732 1868 1881 1679 3236
11733 3206 3211 3130 3476
11734 3309 3478 3142 3489
11735 3097 3203 3269 3521
11736 2166 2167 2165 3296
11737 3184 3408 3398 3448
11738 2484 2468 2423 3250
11739 1889 1770 1741 3159
11740 2167 3228 2165 3296
11741 3163 3360 3230 3373
11742 2262 2324 2333 3212
11743 2455 2445 2479 1740
11744 3122 3334 3159 3447
11745 1917 1915 3264 3377
11746 2223 3395 3138 3488
11747 2191 3262 2184 3336
11748 3120 3256 3414 3450
11749 2259 3212 2262 3329
11750 2028 3332 3190 3438
11751 2517 2537 3266 3365
11752 1700 1699 1707 3383
11753 2294 2276 2280 3342
11754 3132 3304 3246 3415
11755 2481 2447 2463 3279
11756 3118 3375 3224 3449
11757 2237 2238 2228 3408
11758 3167 3367 3235 3457
11759 1753 1828 1715 3323
11760 3120 3245 3177 3286
11761 3100 3181 3258 3434
11762 3216 3268 3127 3481
11763 3173 3118 3353 3396
11764 3228 3296 2167 3436
11765 2215 2202 2214 3246
11766 2056 2061 2127 3255
11767 2226 2228 2227 3327
11768 2287 3194 2216 3318
11769 2166 3296 2165 3470
11770 2338 2272 3371 3405
11771 3211 3292 3130 3338
11772 373 374 2423 3267
11773 1679 1676 1677 3362
11774 3111 3254 3188 3322
11775 3103 3168 3398 3403
11776 3128 3227 3215 3502
11777 2315 3174 3277 3516
11778 3168 3283 3119 3403
11779 3110 3175 3267 3434
11780 1859 1670 3242 3359
11781 1912 3195 3295 3348
11782 1666 1683 1664 3331
11783 2453 3352 3279 3416
11784 3129 3384 3274 3472
11785 3111 3138 3237 3518
11786 3203 3354 3260 3521
11787 1771 3322 1710 3334
11788 3099 3216 3268 3454
11789 2257 2261 3229 3428
11790 2440 3350 3281 3469
11791 2338 2217 2216 3371
11792 1887 3190 1929 3289
11793 1659 1657 1856 3278
11794 2322 2119 2234 3241
11795 2542 2489 2524 3426
11796 2197 3228 2167 3436
11797 2020 3190 2028 3461
11798 2184 3275 3262 3423
11799 3129 3382 3307 3493
11800 3097 3269 3203 3468
11801 3147 3349 3233 3486
11802 2316 2313 3222 3355
11803 2165 3296 3228 3470
11804 3132 3336 3237 3465
11805 2035 3405 3194 3412
11806 2241 2193 2179 3347
11807 1772 3265 3259 3334
11808 1688 3324 1694 3478
11809 2443 2485 2445 3352
11810 2448 3307 2483 3493
11811 2456 2484 3307 3384
11812 2097 3385 3241 3498
11813 2497 2503 2523 3209
11814 3222 3363 3138 3518
11815 3152 3330 2489 3426
11816 1845 1737 1882 3319
11817 2182 3275 2184 3423
11818 2370 2372 2373 3290
11819 2228 2332 3186 3459
11820 2240 3241 3196 3498
11821 1726 1744 3215 3357
11822 3100 3175 3273 3462
11823 2149 2072 3221 3358
11824 3105 3404 3205 3457
11825 1812 1894 1886 3340
11826 2446 2463 2480 3433
11827 3269 3426 3203 3468
11828 3119 3292 3211 3338
11829 1663 1661 3367 3369
11830 1694 1702 1704 3226
11831 2348 2158 2247 3439
11832 3196 3245 3120 3286
11833 1661 1675 3378 3491
11834 2019 2055 3234 3389
11835 2219 3391 3174 3516
11836 3097 3359 3231 3521
11837 3121 3360 3231 3421
11838 2070 2059 2027 3388
11839 2434 2425 3197 3446
11840 1728 3328 3172 3379
11841 3156 3278 3102 3343
11842 3185 3116 3323 3332
11843 2114 3249 2113 3340
11844 2384 3375 2378 3453
11845 3123 3349 3271 3404
11846 1652 3359 3181 3496
11847 364 2320 2155 3283
11848 2027 2025 2067 3314
11849 2328 2272 2260 3229
11850 2068 2032 2033 3482
11851 3115 3391 3409 3513
11852 3112 3371 3229 3400
11853 2030 2031 3318 3390
11854 2278 2281 2351 3406
11855 1711 3357 1712 3492
11856 3146 3381 3356 3489
11857 1712 3223 3328 3492
11858 2516 3236 3344 3383
11859 3138 3111 3488 3518
11860 3228 3353 3118 3396
11861 2329 2149 3221 3358
11862 2383 2416 2406 3190
11863 1842 1912 1748 3348
11864 3230 3344 1884 3365
11865 3103 3398 3193 3403
11866 2550 2514 2521 1708
11867 3141 3492 1846 3497
11868 2017 2030 2031 3318
11869 2347 2261 2318 3428
11870 3188 3322 3218 3465
11871 3144 3362 3124 3374
11872 3119 3193 3292 3458
11873 2131 2114 2113 3340
11874 1898 3266 1821 3365
11875 3121 3187 3319 3421
11876 1919 1620 1928 3227
11877 3197 3317 1808 3340
11878 2070 3248 2048 3388
11879 3121 3150 3360 3373
11880 2311 2306 2299 3335
11881 1694 3226 1704 3478
11882 3117 3315 3140 3507
11883 2366 2398 2267 3234
11884 1757 1744 1766 3290
11885 1744 1711 1846 3357
11886 2150 2161 2273 3238
11887 1693 1692 1686 3188
11888 2097 3241 2119 3498
11889 1890 1615 1782 3261
11890 1652 3181 3341 3496
11891 1728 1729 1730 3251
11892 2243 2242 2210 3184
11893 2254 2253 2252 3303
11894 3277 3447 3111 3510
11895 3114 3484 3220 3494
11896 3138 3363 3222 3395
11897 3116 3142 3323 3435
11898 3098 3155 3388 3400
11899 3219 3359 1651 3496
11900 2504 2507 2506 3441
11901 3233 3291 3183 3394
11902 1730 3326 3251 3495
11903 1894 3249 1886 3340
11904 1726 1861 1840 3397
11905 3284 3316 3170 3372
11906 3193 3326 1734 3495
11907 1662 1879 1877 3369
11908 2122 3245 2239 3517
11909 1767 1622 3200 3463
11910 2423 2468 373 3267
11911 2020 2057 2065 3190
11912 1733 3193 1734 3495
11913 2206 2205 2204 3272
11914 1917 3326 3198 3474
11915 2051 2013 2058 3239
11916 3149 3111 3322 3447
11917 2261 2328 3229 3371
11918 2429 2475 3260 3493
11919 3194 3318 2035 3503
11920 2306 2185 2188 3233
11921 3107 3262 3345 3465
11922 2384 2361 3375 3444
11923 3113 3320 3217 3378
11924 3194 3390 3318 3503
11925 3160 3106 3312 3407
11926 2162 3276 2164 3470
11927 3145 3303 3098 3477
11928 2247 2158 2344 3419
11929 1674 3179 1657 3475
11930 1833 1825 1733 3270
11931 1654 1653 1655 3475
11932 2219 3174 2315 3516
11933 2231 2147 3169 3522
11934 1670 1880 3242 3421
11935 3260 3354 3124 3521
11936 3216 3286 3136 3392
11937 3269 3376 3186 3459
11938 2246 3216 2245 3481
11939 2515 3150 2544 3373
11940 1830 1831 1913 3292
11941 3109 3212 3329 3381
11942 1879 1683 1878 3240
11943 1738 1701 1713 3416
11944 2268 3253 2285 3300
11945 2357 2378 2385 3224
11946 2107 3261 3361 3427
11947 2280 3220 2351 3406
11948 1848 1687 1654 3341
11949 2166 3282 2168 3296
11950 1676 1719 1863 3362
11951 3346 3455 3126 3506
11952 2313 3395 2223 3488
11953 1889 3159 1741 3463
11954 2316 3222 3277 3355
11955 2224 3175 2341 3511
11956 3307 3382 3153 3493
11957 2329 3311 3221 3418
11958 1726 3215 1861 3397
11959 1686 1692 1691 3188
11960 2207 3246 2214 3415
11961 3163 3121 3373 3441
11962 1846 3357 1711 3492
11963 2547 2496 2538 3354
11964 3125 3246 3169 3507
11965 3200 3117 3315 3411
11966 3156 3102 3278 3491
11967 2183 2189 2184 3336
11968 2260 2257 2261 3229
11969 1832 3191 3367 3378
11970 3274 3382 3129 3496
11971 2508 2546 2515 3230
11972 2234 2119 2075 3241
11973 2242 3184 2243 3408
11974 3105 3331 3235 3457
11975 2059 3314 2027 3388
11976 1774 1775 1773 3259
11977 3098 3356 3229 3400
11978 2438 2439 3182 3433
11979 2360 2374 3290 3497
11980 3156 3343 3101 3369
11981 2013 3239 1910 3485
11982 2365 2410 2397 3476
11983 2229 2248 2349 3286
11984 2061 2021 2345 3255
11985 2539 2502 2522 3206
11986 2489 366 2523 3330
11987 3115 3280 3391 3513
11988 3230 3360 3150 3373
11989 3097 3219 3359 3521
11990 3271 3429 3404 3501
11991 3108 3152 3285 3376
11992 2280 2276 2278 3220
11993 2172 2326 2282 3208
11994 1612 1918 1917 3198
11995 2511 3344 2510 3365
11996 3379 1920 3444 3474
11997 2022 1623 1860 3461
11998 3154 3356 3226 3489
11999 372 2303 3267 3511
12000 2303 373 372 3267
12001 1876 1877 1784 3199
12002 3098 3337 3154 3400
12003 2040 2051 2038 3195
12004 1747 3293 1833 3460
12005 2424 2459 2481 3279
12006 2193 2187 3291 3347
12007 2223 3358 3138 3395
12008 2438 2439 2437 3182
12009 3102 3282 3183 3291
12010 3148 3385 3241 3443
12011 3190 3323 3116 3461
12012 3098 3309 3239 3314
12013 3231 3359 3219 3521
12014 1771 1858 1710 3322
12015 1682 3244 1699 3383
12016 3153 3307 3110 3382
12017 3112 3155 3371 3400
12018 2117 2101 2126 3255
12019 1734 3326 3193 3377
12020 3105 3287 3430 3510
12021 2393 3198 2389 3431
12022 3140 3482 3310 3519
12023 1680 1681 1673 3324
12024 2302 2184 2191 3262
12025 3193 3387 3292 3458
12026 2537 3266 2492 3432
12027 364 2541 2497 3283
12028 2513 2514 1717 1762
12029 3125 3194 3246 3464
12030 1928 3227 1620 3452
12031 3099 3157 3392 3454
12032 2379 3467 2371 3471
12033 2524 2505 2551 3373
12034 2246 2230 3268 3481
12035 3234 3300 2266 3389
12036 3098 3239 3337 3400
12037 2503 2501 2502 3338
12038 2177 3271 2171 3394
12039 1871 3240 1683 3331
12040 3309 3314 3185 3485
12041 3430 3510 3287 3516
12042 2020 2022 1634 3461
12043 3431 3444 1920 3474
12044 3181 3382 3258 3434
12045 2172 3271 3208 3351
12046 3251 3326 1730 3474
12047 3321 3433 3129 3472
12048 1865 1747 3460 3491
12049 2178 3161 3423 3500
12050 1824 1787 1891 3176
12051 3103 3192 3276 3339
12052 1859 1670 1880 3242
12053 2179 2185 2170 3291
12054 2275 2274 2218 3224
12055 3097 3242 3231 3359
12056 1712 1711 1697 3357
12057 1772 1773 1771 3259
12058 2322 3241 2240 3498
12059 3136 3372 3252 3393
12060 3108 3193 3398 3458
12061 2515 2544 3150 3483
12062 2095 3402 3308 3443
12063 2381 2416 3190 3366
12064 3260 3325 2429 3493
12065 3262 3345 3158 3515
12066 2108 3176 2112 3427
12067 1700 1716 1868 3383
12068 1646 1648 1650 3219
12069 2202 2214 3246 3415
12070 3102 3179 3410 3504
12071 1763 2513 2527 1742
12072 1699 1823 1707 3370
12073 3108 3398 3168 3458
12074 3287 3391 2314 3516
12075 2231 3169 3418 3522
12076 2312 2222 3287 3349
12077 2231 2147 2334 3318
12078 3107 3345 3262 3515
12079 1621 1805 2128 3442
12080 2261 2305 2328 3371
12081 3208 3299 3173 3422
12082 2267 2343 2366 3234
12083 3211 3294 3119 3338
12084 1772 3259 1771 3334
12085 1686 1685 1671 3313
12086 1791 1895 1790 3315
12087 1648 1670 3231 3479
12088 1918 3198 1612 3431
12089 1694 3324 3226 3478
12090 2234 3241 2075 3308
12091 2513 1717 1742 1762
12092 1842 1610 1912 3195
12093 3170 3316 3301 3462
12094 1728 3251 1730 3379
12095 1835 1628 266 2395
12096 2147 3318 3169 3522
12097 1917 1843 3326 3474
12098 1917 1751 1915 3377
12099 1652 1651 3359 3496
12100 3104 3297 3263 3428
12101 265 1612 1835 2358
12102 1687 1849 1900 3341
12103 2070 2027 3314 3388
12104 2037 3405 2035 3412
12105 2517 2537 2536 3432
12106 3188 3132 3413 3465
12107 2028 2020 2065 3190
12108 2440 2472 2437 3350
12109 2531 3370 3244 3383
12110 2312 2298 2177 3349
12111 3193 3119 3292 3377
12112 3164 3336 3275 3465
12113 2239 2154 2074 3517
12114 1722 1821 1758 3266
12115 3116 3253 3234 3300
12116 3197 2434 3446 3455
12117 3141 3453 3225 3494
12118 1866 3182 1642 3490
12119 2353 2337 2398 3253
12120 2085 2136 2345 3255
12121 1891 3176 1787 3427
12122 3274 3472 3133 3490
12123 2440 3281 2441 3469
12124 2446 2480 2439 3433
12125 1766 1919 3227 3290
12126 1757 1861 1726 3215
12127 2384 3232 3375 3453
12128 3105 3287 3205 3430
12129 3239 3309 1803 3485
12130 2243 3184 2210 3448
12131 2259 2262 2256 3329
12132 3202 3104 3324 3407
12133 3115 3147 3272 3380
12134 3137 3293 3270 3410
12135 2462 3325 2429 3374
12136 3103 3326 3251 3474
12137 3100 3434 3175 3462
12138 2191 3237 2201 3415
12139 1667 1665 1850 3312
12140 3270 3293 3179 3410
12141 3175 3267 3258 3520
12142 2464 2450 2444 1769
12143 3128 3417 3204 3502
12144 3244 3370 1699 3383
12145 3222 3395 2313 3488
12146 2371 2401 2386 3204
12147 2326 2282 3208 3436
12148 2280 2351 2264 3406
12149 2436 2449 2456 3384
12150 3161 3297 3104 3515
12151 1775 1773 3259 3399
12152 1917 3198 1918 3474
12153 3177 3245 3120 3361
12154 2387 263 1837 1627
12155 2172 3208 2282 3436
12156 3157 3316 3284 3372
12157 3128 3290 3227 3514
12158 2018 1857 2043 3247
12159 3261 3333 3120 3427
12160 1704 1749 1802 3309
12161 2031 2035 3318 3503
12162 2111 2112 2108 3176
12163 2251 3248 2293 3456
12164 2204 2200 2203 3272
12165 3306 3316 3157 3454
12166 2305 2192 2302 3262
12167 3114 3212 3299 3406
12168 1663 1662 1661 3369
12169 1757 1861 3215 3397
12170 2070 2027 2067 3456
12171 1732 3326 1730 3495
12172 3126 3201 3317 3425
12173 3115 3280 3272 3391
12174 1797 3288 1791 3315
12175 1701 1739 1823 3370
12176 1867 1865 1727 3320
12177 1677 1868 1679 3236
12178 3122 3259 3265 3334
12179 2439 2441 2440 3281
12180 2012 2023 2024 3185
12181 2074 2122 2239 3517
12182 3214 3324 3104 3407
12183 3113 3296 3228 3436
12184 3180 3161 3302 3500
12185 2392 2389 2393 3198
12186 1887 1631 255 2362
12187 3190 3116 3332 3461
12188 2531 2493 3370 3383
12189 1870 1848 1841 3316
12190 1682 1689 1699 3244
12191 3115 3256 3199 3414
12192 3242 3421 3121 3468
12193 2028 3190 3332 3461
12194 1714 1715 1704 3298
12195 2036 3195 2038 3412
12196 2253 2293 2251 3303
12197 2490 391 2529 3483
12198 2216 3194 2288 3405
12199 391 3374 2529 3483
12200 3292 3387 3187 3458
12201 2329 2232 3311 3418
12202 2370 2379 2371 3471
12203 2358 1835 266 2395
12204 2220 3280 2221 3355
12205 2312 2311 2222 3349
12206 2232 2231 3311 3418
12207 3135 3252 3343 3487
12208 2430 2466 2450 1637
12209 333 2425 2457 3451
12210 1673 1688 1815 3324
12211 1612 265 2393 2358
12212 2387 2361 263 1627
12213 2119 2322 2076 3498
12214 3186 3269 3097 3376
12215 3110 3267 3250 3307
12216 3107 3407 3214 3515
12217 2141 2319 2313 3395
12218 3107 3313 3214 3505
12219 1725 1724 1727 3320
12220 3109 3381 3178 3502
12221 3406 3484 3114 3502
12222 2502 2522 3206 3476
12223 3248 3303 3145 3456
12224 2108 3176 3361 3386
12225 3205 3271 3106 3302
12226 3113 3351 3208 3501
12227 1873 3279 1795 3352
12228 2165 3228 2310 3470
12229 3104 3356 3297 3428
12230 2372 1766 1923 3290
12231 2259 3406 3212 3417
12232 1664 1665 3235 3367
12233 1721 1720 1722 3360
12234 3176 3361 3177 3392
12235 2220 2219 2206 3280
12236 2372 2370 2359 3227
12237 3202 3312 3106 3407
12238 3196 3286 3120 3414
12239 2544 3354 3150 3483
12240 3244 3370 389 3416
12241 3262 3304 3158 3345
12242 3347 3410 3151 3504
12243 2341 3175 2224 3520
12244 3216 3268 2246 3439
12245 1844 1693 1686 3313
12246 2501 2500 2494 3476
12247 3127 3372 3316 3454
12248 3364 3446 2434 3455
12249 1794 1615 2106 3427
12250 1887 1929 1631 3289
12251 3097 3231 3242 3468
12252 2376 2400 2356 3225
12253 2174 2326 2172 3208
12254 1634 2022 1860 3461
12255 1707 2521 1755 1708
12256 1785 1783 3256 3450
12257 2083 3346 2132 3419
12258 2501 3338 2500 3476
12259 2094 3308 2095 3402
12260 3179 3278 3102 3293
12261 3115 3199 3256 3399
12262 3101 3343 3252 3487
12263 2330 2228 2238 3408
12264 1865 3460 3217 3491
12265 3104 3407 3161 3515
12266 3198 2389 3431 3440
12267 1611 1807 1808 3197
12268 2302 2305 3262 3304
12269 2083 2118 2132 3346
12270 2140 2276 2294 3225
12271 3176 3120 3361 3392
12272 2338 3194 2216 3405
12273 2198 3237 2191 3336
12274 2165 2167 2197 3228
12275 1747 1833 1731 3460
12276 3198 3326 3103 3474
12277 3224 3225 3118 3353
12278 2464 1761 2450 1769
12279 3116 3234 3366 3438
12280 3099 3392 3177 3439
12281 3160 3407 3312 3505
12282 2316 3277 2315 3355
12283 1766 1919 1928 3227
12284 2025 3389 2066 3456
12285 3139 3306 3201 3480
12286 3118 3173 3353 3494
12287 3122 3159 3334 3402
12288 3137 3398 3184 3410
12289 2113 2077 2111 3249
12290 2429 2477 2475 3493
12291 2551 2544 3354 3373
12292 3210 3300 3116 3477
12293 3174 3355 3447 3513
12294 3175 3434 3139 3462
12295 2326 2281 2279 3299
12296 3125 3464 3246 3499
12297 2178 3423 3297 3500
12298 3164 3107 3275 3368
12299 1697 1696 1695 3305
12300 1831 1907 1913 3211
12301 3104 3263 3356 3428
12302 3196 3245 2229 3498
12303 3141 3484 3223 3494
12304 3241 3280 3122 3355
12305 2082 2118 336 3506
12306 2160 2161 3238 3339
12307 1650 3219 1651 3496
12308 2448 2483 3307 3384
12309 2023 3332 3185 3461
12310 2250 2148 3389 3456
12311 2070 3314 3248 3388
12312 3113 3228 3396 3436
12313 3182 3133 3384 3472
12314 2108 2111 3176 3386
12315 2250 2251 2148 3456
12316 2208 3273 2224 3481
12317 3182 3472 1642 3490
12318 1763 2513 1742 1762
12319 3283 3294 3166 3509
12320 2477 3325 2448 3493
12321 2365 2397 2396 3211
12322 3293 3460 1747 3491
12323 3141 3357 3223 3484
12324 1769 1761 2450 1637
12325 2361 2388 3375 3444
12326 1796 1748 1746 3348
12327 2172 3351 3208 3436
12328 2158 3213 370 3419
12329 2270 3248 2015 3456
12330 3149 3240 3409 3513
12331 3249 3340 3126 3346
12332 3137 3410 3184 3445
12333 3234 3332 2055 3438
12334 255 1887 2362 2383
12335 3107 3164 3275 3465
12336 2544 2547 2551 3354
12337 3149 3322 3334 3447
12338 1663 3367 1662 3369
12339 3234 3253 3116 3366
12340 2475 393 2429 3260
12341 2121 2073 2319 3395
12342 2466 2430 1636 1637
12343 2215 2302 2202 3304
12344 3176 3120 3333 3427
12345 3107 3275 3161 3515
12346 3233 3335 3147 3486
12347 3125 3169 3390 3507
12348 3177 3286 3245 3517
12349 3210 3253 3116 3300
12350 2273 2218 2274 3224
12351 3199 3399 1784 3450
12352 3101 3252 3233 3335
12353 2514 2521 1708 1816
12354 1774 1772 1778 3265
12355 3106 3165 3422 3501
12356 3174 3409 3391 3513
12357 3239 3314 3309 3485
12358 1684 1877 1876 3284
12359 3151 3347 3184 3410
12360 1832 3367 1663 3378
12361 3127 3462 3170 3487
12362 2198 2201 2191 3237
12363 3147 3380 3115 3409
12364 3136 3380 3199 3414
12365 2010 2057 2406 3438
12366 1806 2086 1805 3442
12367 1646 1644 3321 3472
12368 2367 2492 380 2410
12369 3120 3176 3333 3392
12370 3263 3297 2350 3428
12371 2390 2385 2388 3375
12372 2460 3213 370 3506
12373 3132 3262 3336 3465
12374 3212 3406 3114 3502
12375 2546 3230 2510 3344
12376 3349 3404 3123 3457
12377 2372 1923 259 2360
12378 2040 3195 2036 3295
12379 3184 3408 3151 3410
12380 2032 3390 3247 3424
12381 2188 3252 2196 3335
12382 2171 3271 2172 3351
12383 1652 1651 1653 3359
12384 3133 3182 3384 3446
12385 2185 3233 2290 3394
12386 2537 2509 2507 3266
12387 1884 3230 1881 3344
12388 2259 2324 3212 3406
12389 1816 1717 2514 1762
12390 3252 3372 3127 3393
12391 2194 2209 2208 3273
12392 2375 2376 2356 3342
12393 3193 3326 3103 3403
12394 1672 1680 1673 3202
12395 2095 3308 3241 3443
12396 2196 3252 2195 3393
12397 389 3244 2531 3370
12398 2090 3363 3358 3395
12399 2521 2548 1707 1755
12400 2270 2251 2293 3456
12401 1699 3244 1689 3370
12402 1661 3278 1659 3491
12403 3121 3319 3163 3360
12404 2032 3247 2068 3424
12405 3207 3257 3112 3345
12406 2075 3241 2095 3308
12407 3109 3178 3397 3502
12408 2176 2186 2174 3302
12409 2280 2278 2351 3220
12410 2221 2206 2240 3280
12411 2094 2098 3308 3402
12412 2389 3198 2392 3440
12413 2018 2043 2068 3247
12414 1636 1621 2466 1637
12415 3214 3313 1815 3505
12416 1611 3197 2084 3451
12417 3100 3170 3462 3504
12418 2135 2100 2102 3310
12419 2181 2298 2286 3430
12420 1825 1674 1827 3270
12421 2193 3291 2179 3347
12422 3184 3347 3151 3408
12423 2278 2351 3220 3406
12424 3223 3357 3141 3492
12425 3134 3379 3444 3474
12426 3132 3237 3336 3415
12427 2404 2360 1923 3497
12428 1757 1869 1861 3397
12429 2121 2098 2073 3395
12430 1807 3197 1611 3451
12431 2053 3310 3482 3519
12432 389 2459 3244 3416
12433 3201 3306 3425 3480
12434 1792 1823 2525 1756
12435 3127 3252 3393 3481
12436 2171 2177 2173 3271
12437 3128 3484 3290 3514
12438 373 2153 374 3267
12439 3105 3235 3404 3457
12440 1695 1672 1850 3312
12441 3106 3271 3208 3302
12442 2044 2018 2053 3310
12443 1691 1858 1685 3322
12444 3100 3258 3175 3434
12445 2030 3390 3169 3482
12446 3199 3414 3256 3450
12447 1800 1796 1703 3337
12448 1898 1903 3266 3432
12449 3120 3333 3157 3392
12450 3109 3178 3381 3397
12451 2034 3390 2069 3424
12452 2548 2493 2532 3383
12453 2500 2541 3294 3338
12454 3285 3376 3152 3459
12455 359 2273 2274 2403
12456 2368 2362 256 1819
12457 3134 3444 3431 3474
12458 3119 3294 3283 3338
12459 3198 3431 1918 3474
12460 2369 3452 2359 3471
12461 1677 1676 1649 3362
12462 2362 1631 256 1819
12463 2413 2364 3166 3509
12464 3297 3356 3158 3428
12465 3191 3404 3429 3501
12466 3120 3333 3256 3450
12467 1876 3199 1784 3450
12468 2366 2407 2398 3234
12469 3166 3119 3283 3403
12470 1756 2548 2526 1755
12471 2227 3327 3437 3520
12472 3124 3362 3354 3374
12473 2527 2488 2533 1897
12474 2163 2165 2310 3470
12475 3409 3510 3149 3513
12476 2238 2237 2242 3408
12477 2447 3279 2453 3352
12478 3105 3430 3368 3510
12479 2162 2164 2163 3470
12480 3113 3191 3429 3501
12481 3194 3246 3464 3499
12482 2244 2210 3276 3448
12483 2268 2337 2152 3253
12484 3354 3374 3362 3483
12485 1643 1801 1645 3189
12486 2510 3344 3230 3365
12487 3128 3484 3406 3502
12488 3203 3468 3231 3521
12489 1868 1716 1881 3344
12490 1812 1810 1813 3317
12491 1732 1734 3326 3495
12492 2445 2455 1779 1740
12493 3106 3302 3208 3422
12494 1886 3249 2114 3340
12495 2270 2293 3248 3456
12496 2072 2117 2331 3221
12497 2348 2304 2158 3439
12498 2037 2046 2035 3405
12499 2382 2398 2407 3366
12500 2401 3204 2371 3467
12501 3113 3183 3296 3351
12502 1615 1785 3261 3427
12503 3106 3180 3302 3422
12504 1705 1693 1706 3207
12505 3113 3429 3351 3501
12506 2363 2420 2412 3294
12507 1901 1929 1887 3190
12508 3099 3216 3392 3439
12509 2477 2429 3325 3493
12510 2206 3280 2219 3391
12511 1912 3295 1750 3348
12512 1618 239 1886 2114
12513 3208 3351 3113 3436
12514 2299 3272 2205 3391
12515 1752 1920 3379 3474
12516 1803 1804 3239 3485
12517 2505 3373 3330 3441
12518 2171 2173 2172 3271
12519 2090 2105 3358 3363
12520 1757 1726 1744 3215
12521 2426 389 3370 3416
12522 1705 3288 3207 3466
12523 2364 2391 2413 3166
12524 1865 3217 3378 3491
12525 3114 3305 3165 3422
12526 2368 2369 2380 3452
12527 2032 3390 2030 3482
12528 2380 2381 3289 3366
12529 1813 1900 1849 3201
12530 3176 3361 3120 3427
12531 3197 3340 2116 3455
12532 1927 1819 1631 3289
12533 2475 375 23 3512
12534 3368 3430 3164 3510
12535 2132 3346 2113 3386
12536 2435 2472 2457 3243
12537 333 2129 2425 3451
12538 3330 3373 3121 3441
12539 1737 3360 3319 3421
12540 2086 3442 1806 3451
12541 2239 3245 2349 3517
12542 3239 3309 3098 3337
12543 2114 1618 239 2077
12544 2246 2245 2230 3481
12545 2493 389 2531 3370
12546 3101 3233 3343 3486
12547 2118 2460 336 3506
12548 2012 3185 2024 3485
12549 2270 320 2015 2048
12550 2167 3296 2169 3436
12551 2046 2288 317 2050
12552 3197 3446 3364 3455
12553 1623 3185 2012 3485
12554 3134 3192 3449 3508
12555 320 2270 2271 2048
12556 3174 3287 3105 3510
12557 3101 3369 3167 3486
12558 3105 3287 3174 3409
12559 1682 1678 1689 3244
12560 3123 3457 3167 3486
12561 2413 2420 2399 3294
12562 1838 267 1628 2396
12563 2039 2038 3388 3412
12564 1618 1894 1824 3249
12565 2252 2253 2251 3303
12566 3179 3270 3162 3475
12567 3136 3372 3199 3380
12568 2403 2274 359 2357
12569 2070 2048 2039 3388
12570 3225 3453 3118 3494
12571 1718 1884 1881 3344
12572 3140 3418 3169 3482
12573 2059 2047 3314 3388
12574 2444 1769 1779 1822
12575 2022 3332 2023 3461
12576 3121 3360 3163 3373
12577 2022 2028 2023 3332
12578 1796 1746 1799 3257
12579 1737 1721 3360 3421
12580 3123 3404 3271 3429
12581 3146 3356 3263 3428
12582 2539 2537 2507 3266
12583 2126 2100 2135 3519
12584 2022 2020 2028 3461
12585 2200 3272 2299 3335
12586 3167 3457 3147 3486
12587 1865 1864 1747 3491
12588 3163 3373 2506 3441
12589 1783 1784 3399 3450
12590 1687 1652 1654 3341
12591 3258 3327 3175 3520
12592 3194 3371 3155 3405
12593 2141 2313 2233 3308
12594 2396 267 1628 2395
12595 2016 2037 2039 3405
12596 2347 3297 2301 3423
12597 2010 2406 2352 3438
12598 3197 3133 3446 3490
12599 3133 3472 3182 3490
12600 2355 2403 2390 3238
12601 3174 3391 3280 3513
12602 2227 3437 2339 3520
12603 2068 3247 2043 3424
12604 2314 2219 2315 3516
12605 2384 2377 3232 3453
12606 2061 2056 2021 3255
12607 3175 2341 3511 3520
12608 1869 3298 1714 3397
12609 381 2410 2522 3476
12610 3122 3447 3355 3513
12611 2502 3338 2501 3476
12612 2282 2326 2279 3436
12613 3116 3253 3210 3435
12614 2081 1633 228 2102
12615 3172 3328 3396 3449
12616 2437 3243 2435 3446
12617 2030 3482 3169 3522
12618 1891 238 1618 2077
12619 2516 2550 2532 3383
12620 3116 3289 3190 3366
12621 3115 3259 3240 3399
12622 2134 2466 330 1621
12623 2158 370 369 3419
12624 2025 2066 2067 3456
12625 2224 2208 2209 3273
12626 3222 3488 3111 3518
12627 3223 3328 3118 3396
12628 3112 3257 3207 3348
12629 2310 3228 2197 3353
12630 3346 3386 2132 3419
12631 1706 1705 3207 3466
12632 2457 3243 2472 3442
12633 2369 2359 2370 3471
12634 1729 1731 3251 3460
12635 2447 2481 2453 3279
12636 3177 3392 3216 3439
12637 2064 2041 3255 3482
12638 3149 3259 3240 3513
12639 2034 3390 3424 3503
12640 3296 3351 2169 3436
12641 1698 1642 3472 3490
12642 2503 2497 2501 3338
12643 3309 3337 1800 3478
12644 2231 3418 2235 3522
12645 2427 2486 2458 3364
12646 2093 3402 2095 3443
12647 3190 3366 2416 3438
12648 2304 3213 2158 3439
12649 2213 2245 2246 3216
12650 2530 2546 2516 3236
12651 3269 3426 3152 3459
12652 1730 1729 1731 3251
12653 3107 3262 3423 3515
12654 1853 2013 1910 3485
12655 2467 2483 2423 3307
12656 2499 3294 3283 3509
12657 3176 3333 1787 3427
12658 2463 2446 2478 3433
12659 3113 3183 3351 3429
12660 1873 1795 1776 3352
12661 2357 2385 2403 3224
12662 3164 3107 3368 3465
12663 3134 3449 3379 3508
12664 3193 3119 3377 3403
12665 1680 1696 1840 3305
12666 2549 3236 2516 3383
12667 2097 2119 2076 3498
12668 2541 3283 2499 3294
12669 2291 3342 2327 3467
12670 2079 2123 1617 3265
12671 2088 2089 2078 3363
12672 2455 2479 2452 1740
12673 3316 3372 3157 3454
12674 2245 3216 2213 3393
12675 2316 2233 2313 3355
12676 2509 3266 2537 3365
12677 238 1891 2112 2077
12678 3351 3429 3271 3501
12679 3099 3392 3216 3454
12680 2012 1623 209 2022
12681 3169 3140 3482 3507
12682 2064 3482 3255 3519
12683 3133 3182 3446 3490
12684 3115 3199 3380 3414
12685 1821 1898 1903 3266
12686 3109 3212 3381 3502
12687 2193 3347 2237 3420
12688 2093 3265 2079 3402
12689 3271 3404 3106 3501
12690 3203 3260 3512 3521
12691 3105 3409 3174 3510
12692 2527 1763 1742 1897
12693 2182 2183 2184 3275
12694 3130 3163 3319 3401
12695 3106 3271 3205 3404
12696 210 1634 2020 2022
12697 2275 2276 3225 3353
12698 2243 3408 3184 3448
12699 3204 2371 3467 3471
12700 1808 3317 1812 3340
12701 1658 1660 1684 3284
12702 2244 3276 2162 3339
12703 1915 1835 1917 3264
12704 3118 3396 3328 3449
12705 2292 2207 2201 3415
12706 2391 2414 2355 3238
12707 2224 2341 2342 3511
12708 2322 2146 2076 3498
12709 3284 3372 3170 3487
12710 3120 3286 3177 3392
12711 1803 3309 1902 3485
12712 2074 348 2154 2239
12713 2513 2527 2519 1763
12714 3168 3398 3193 3458
12715 3109 3417 3329 3502
12716 3236 3362 3144 3483
12717 3358 3363 3138 3395
12718 3261 3120 3361 3427
12719 3323 3332 3116 3461
12720 1841 1684 1875 3316
12721 1832 1665 1663 3367
12722 1863 3231 1670 3479
12723 2381 2362 2380 3289
12724 3102 3217 3293 3491
12725 3208 3351 3271 3501
12726 3103 3276 3192 3508
12727 3198 3377 3264 3403
12728 2050 2031 2035 3318
12729 3208 3271 3106 3501
12730 3102 3183 3282 3473
12731 3298 3323 3142 3435
12732 3123 3191 3404 3429
12733 2301 3297 2178 3423
12734 3154 3226 3478 3489
12735 1800 3337 1703 3478
12736 2404 261 2405 3497
12737 2240 2204 2229 3196
12738 3158 3423 3262 3515
12739 1897 2488 2533 1892
12740 1634 1901 1887 3190
12741 1779 2445 2444 1822
12742 2266 2267 2268 3234
12743 3174 3391 3287 3516
12744 3213 3419 2158 3439
12745 3141 3290 3484 3514
12746 2031 3318 3390 3503
12747 2098 3363 2090 3395
12748 3116 3435 3210 3477
12749 1773 1772 1774 3259
12750 393 3260 2475 3512
12751 1634 210 1860 2022
12752 1655 1653 1827 3475
12753 2035 3412 3194 3503
12754 2306 2188 2196 3335
12755 3151 3410 3179 3504
12756 2270 2293 2271 3248
12757 3101 3199 3284 3372
12758 262 2361 1836 1627
12759 2026 2025 2023 3332
12760 1871 1878 1683 3240
12761 3140 3315 3247 3507
12762 3099 3425 3306 3480
12763 2108 3361 3176 3427
12764 2028 3332 2022 3461
12765 1863 1872 1670 3231
12766 2049 2013 1853 3485
12767 2457 3243 3442 3451
12768 1651 1650 1648 3219
12769 1754 1922 3232 3328
12770 3135 3420 3273 3504
12771 1687 1900 1893 3341
12772 2150 2273 360 2355
12773 3113 3172 3320 3396
12774 2361 2405 262 1836
12775 2266 2268 2285 3300
12776 3174 3510 3409 3513
12777 3113 3396 3173 3436
12778 389 2426 2459 3416
12779 2209 3327 3273 3420
12780 3241 3122 3308 3355
12781 2267 2157 2343 3234
12782 2538 2542 2547 3203
12783 1843 1730 3326 3474
12784 1665 1666 1664 3235
12785 363 3283 2308 3509
12786 3175 3327 3273 3520
12787 2438 3182 3384 3433
12788 3125 3464 3207 3466
12789 2259 2264 3406 3417
12790 2160 2161 2150 3238
12791 1737 1721 3319 3360
12792 3130 3319 3163 3441
12793 1763 2519 2513 1762
12794 3179 3293 3102 3410
12795 2198 2211 2201 3237
12796 3125 3207 3464 3499
12797 3265 3334 3159 3402
12798 3124 3362 3321 3479
12799 2317 2307 2244 3448
12800 1846 1711 1712 3492
12801 2082 336 2431 3506
12802 3107 3423 3275 3515
12803 1730 3251 1731 3495
12804 2158 2304 370 3213
12805 2405 1836 3232 3497
12806 2239 2349 2154 3517
12807 2312 3287 2286 3430
12808 3233 3349 3123 3486
12809 1666 1665 1667 3235
12810 2151 3269 2332 3459
12811 3123 3349 3233 3394
12812 2386 2353 2382 3253
12813 2241 2179 2168 3282
12814 1801 1795 1873 3279
12815 1712 1725 1754 3328
12816 2459 3279 3244 3416
12817 1634 1901 3190 3461
12818 3267 3511 2341 3520
12819 1830 1734 1736 3377
12820 3138 3488 3222 3518
12821 2025 2027 2024 3314
12822 2184 3262 2192 3423
12823 3107 3262 3275 3423
12824 1783 3399 3256 3450
12825 2047 3239 2013 3485
12826 1641 1795 3281 3352
12827 3193 3137 3398 3495
12828 2480 2447 2441 3281
12829 3181 3110 3341 3382
12830 2170 2169 3351 3394
12831 3177 3361 3120 3392
12832 2333 2180 2350 3500
12833 1666 1668 1829 3331
12834 3177 3419 2344 3517
12835 1873 1776 1713 3416
12836 2472 2435 2437 3243
12837 3133 3317 3197 3364
12838 358 2274 2140 2357
12839 2449 2486 3250 3364
12840 2336 2332 2151 3269
12841 1772 1770 3265 3334
12842 2349 2248 2344 3517
12843 2275 2276 2140 3225
12844 2193 2237 2300 3420
12845 1925 1819 1927 3452
12846 1641 1795 1643 3281
12847 3198 3326 3377 3403
12848 2376 2378 3225 3453
12849 1830 1736 3292 3377
12850 2500 2501 2541 3338
12851 2193 2241 2242 3347
12852 2170 2185 2290 3394
12853 2093 2094 2095 3402
12854 1880 1826 1859 3242
12855 2369 2386 2380 3471
12856 2123 2093 2096 3443
12857 2493 2548 2525 3370
12858 1908 3295 3424 3466
12859 2376 2378 2400 3225
12860 3173 3118 3396 3494
12861 2292 3311 2207 3415
12862 3240 3259 3115 3513
12863 3128 3220 3406 3484
12864 1615 1794 1785 3427
12865 2045 2019 2055 3234
12866 2188 2194 2195 3252
12867 3099 3268 3216 3439
12868 2193 2187 2179 3291
12869 3219 3124 3321 3479
12870 3169 3390 3247 3482
12871 3282 3291 3102 3347
12872 1814 3274 1811 3472
12873 2183 3275 2181 3430
12874 2384 2378 2377 3453
12875 2294 357 2140 2400
12876 1764 3200 1622 3463
12877 2017 2029 2030 3522
12878 2243 2325 3408 3448
12879 3301 3316 3139 3462
12880 3239 3314 2047 3388
12881 1880 1737 1845 3421
12882 2211 3237 2198 3488
12883 2040 2038 2036 3195
12884 2182 2184 2192 3423
12885 1734 1751 3326 3377
12886 2095 3241 2097 3443
12887 2080 2107 2106 3261
12888 2093 2079 2092 3402
12889 348 2074 2122 2239
12890 2122 2239 3245 3498
12891 261 1836 2405 3497
12892 1922 1924 1754 3232
12893 2075 2119 2095 3241
12894 1886 2114 240 3340
12895 2021 3255 2041 3522
12896 3297 3423 3161 3500
12897 2318 2350 3297 3428
12898 2091 231 2078 1767
12899 3406 3417 3128 3502
12900 1745 3243 1807 3451
12901 2350 2262 2333 3263
12902 1623 1860 209 2022
12903 3102 3293 3217 3445
12904 2405 3232 2377 3497
12905 3241 3385 3196 3498
12906 3109 3329 3212 3502
12907 1785 1783 1782 3256
12908 2107 2106 3261 3427
12909 2034 2069 3295 3424
12910 3110 3181 3341 3434
12911 2015 2048 2070 3248
12912 1613 2404 1923 3497
12913 1872 3360 1721 3421
12914 2160 2162 2161 3339
12915 3274 3110 3382 3496
12916 3197 3446 3243 3490
12917 3341 3382 3110 3496
12918 1766 1923 259 2372
12919 2071 2011 2056 3519
12920 2400 358 2140 2357
12921 2525 2498 1792 1756
12922 2123 3265 2093 3443
12923 2542 3203 2538 3512
12924 1654 1655 3301 3475
12925 3275 3423 3161 3515
12926 1732 1843 1730 3326
12927 1708 2521 1755 1816
12928 3118 3492 3223 3494
12929 1900 1811 1893 3274
12930 3130 3163 3401 3441
12931 2483 2456 2484 3307
12932 1655 1657 1656 3475
12933 2458 3364 3455 3506
12934 1763 2527 2533 1897
12935 202 1857 1624 2043
12936 3122 3334 3265 3402
12937 2345 2321 2085 3255
12938 1883 1886 240 3340
12939 3099 3454 3268 3480
12940 1765 1623 3185 3461
12941 3189 3325 3321 3433
12942 2220 2316 2315 3355
12943 1882 3319 1723 3401
12944 3274 3341 3110 3496
12945 3215 3397 3178 3502
12946 2041 3255 3482 3522
12947 3247 3390 3169 3507
12948 1797 1709 1692 3254
12949 3117 3413 3288 3507
12950 3101 3199 3372 3380
12951 3105 3205 3368 3430
12952 2121 2094 2098 3308
12953 1696 1697 1711 3357
12954 1626 2415 2488 1892
12955 2050 2288 317 2287
12956 1621 2466 330 1636
12957 1649 1676 1647 3362
12958 3104 3214 3407 3515
12959 1690 1779 1776 3352
12960 3183 3113 3296 3473
12961 2128 1805 2086 3442
12962 1893 3341 3274 3496
12963 2355 2273 360 2403
12964 2055 3332 2028 3438
12965 1790 1895 1857 3247
12966 3150 3362 3236 3483
12967 2308 2317 2160 3339
12968 1712 3328 1754 3492
12969 2402 3342 2291 3467
12970 1660 1877 3284 3369
12971 3191 3106 3404 3501
12972 3272 3335 3136 3380
12973 2049 2047 2013 3485
12974 2033 2032 2030 3482
12975 2170 2171 2169 3394
12976 1912 1750 1748 3348
12977 3186 3327 3258 3437
12978 2119 2097 2095 3241
12979 2413 3294 2399 3509
12980 1670 3231 1872 3421
12981 1881 1884 1720 3230
12982 2221 2220 2206 3280
12983 2517 2509 2537 3365
12984 3271 3349 3123 3394
12985 3211 3338 3130 3476
12986 2166 2241 2168 3282
12987 1622 2087 230 2078
12988 3207 3348 1706 3466
12989 3232 3328 1922 3444
12990 3174 3287 3510 3516
12991 236 1615 2080 2106
12992 3118 3328 3223 3492
12993 3177 3386 3213 3419
12994 2475 2467 375 3493
12995 2259 3212 3329 3417
12996 3140 3255 3418 3482
12997 2497 2523 365 3209
12998 3218 3368 3107 3465
12999 3110 3382 3181 3434
13000 1865 3378 1675 3491
13001 2237 2193 2242 3347
13002 2240 3196 2229 3498
13003 2172 2282 3351 3436
13004 2374 2373 3290 3514
13005 2185 2306 2290 3233
13006 1622 1764 1768 3200
13007 2335 2029 2147 3522
13008 2508 2515 2506 3373
13009 3114 3299 3180 3422
13010 2156 2345 2021 3255
13011 1732 1734 1751 3326
13012 2431 3455 2082 3506
13013 2012 2049 208 3485
13014 2102 1909 2137 3310
13015 2081 229 1789 2087
13016 2232 2231 2207 3311
13017 3177 3286 3216 3392
13018 2171 3351 2169 3394
13019 2405 2384 2377 3232
13020 2117 2126 2085 3255
13021 377 2488 2415 1892
13022 1864 3293 1747 3491
13023 2467 2483 3307 3493
13024 2017 2147 2029 3522
13025 2164 2244 2210 3276
13026 2034 3424 3295 3503
13027 2327 3417 2263 3467
13028 2456 3307 2483 3384
13029 1802 3309 1800 3478
13030 2101 2100 2126 3411
13031 1678 1801 1873 3279
13032 2488 1897 1626 1892
13033 2530 2549 2490 3236
13034 3122 3308 3222 3402
13035 2265 2285 2268 3253
13036 3251 1730 3379 3474
13037 2407 3234 2408 3438
13038 2322 2234 2221 3241
13039 3251 3460 1731 3495
13040 1737 1872 1721 3421
13041 3241 3308 3122 3443
13042 2209 2226 3327 3420
13043 2064 2041 2021 3255
13044 2259 2324 2262 3212
13045 3301 3341 3181 3434
13046 1765 1623 1902 3185
13047 1864 1661 1659 3491
13048 2196 2188 2195 3252
13049 2441 3281 2447 3352
13050 1913 1907 1838 3211
13051 3207 3345 3112 3499
13052 3114 3406 3220 3484
13053 2171 3271 3351 3394
13054 1753 1714 1869 3298
13055 3181 3359 3219 3496
13056 2259 2264 2324 3406
13057 3139 3434 3175 3480
13058 2218 2310 2275 3353
13059 2124 1778 234 2123
13060 1836 3232 1922 3444
13061 2394 2392 2358 3264
13062 2106 2112 237 3427
13063 2363 2397 382 3476
13064 1688 1694 1703 3478
13065 2481 3279 2459 3416
13066 2455 1780 1779 1740
13067 3164 3510 3430 3516
13068 3133 3364 3197 3446
13069 3145 3314 3248 3456
13070 3239 3098 3314 3388
13071 2335 315 2147 2029
13072 1785 1782 1615 3261
13073 2221 2240 2322 3241
13074 2317 2244 2162 3339
13075 2166 2168 2167 3296
13076 1689 1701 3370 3416
13077 2438 2446 2439 3433
13078 1832 1663 1675 3378
13079 2024 3185 3314 3485
13080 3100 3301 3434 3462
13081 1908 1750 3295 3466
13082 3118 3228 3396 3449
13083 1861 1702 1840 3397
13084 3174 3280 3355 3513
13085 3174 3355 3277 3447
13086 2499 3283 363 3509
13087 1638 1805 1621 3442
13088 241 1883 2084 1611
13089 346 2076 2119 2322
13090 2448 2456 2483 3384
13091 2111 2132 2113 3386
13092 3113 3183 3429 3473
13093 3247 3288 3125 3507
13094 2407 2366 2408 3234
13095 2530 3236 2490 3483
13096 3243 3446 3182 3490
13097 2091 2079 232 1889
13098 2085 2127 2136 3255
13099 2542 3426 3203 3512
13100 1743 1898 1821 3365
13101 2197 2310 2165 3228
13102 347 2239 2122 3498
13103 1803 1853 1804 3485
13104 1833 1674 1825 3270
13105 3342 3467 2379 3514
13106 1867 1675 1865 3378
13107 2071 2056 2127 3519
13108 2103 2107 3261 3385
13109 2246 2230 2346 3268
13110 2541 2501 2497 3338
13111 1789 1633 228 2081
13112 330 245 2134 1621
13113 3132 3345 3207 3499
13114 1663 1664 1662 3367
13115 1826 1845 1735 3387
13116 1689 3370 3244 3416
13117 3249 3346 3126 3425
13118 3272 3380 3136 3414
13119 3122 3355 3280 3513
13120 2130 245 330 1636
13121 1761 2430 2450 1637
13122 3347 3420 3135 3504
13123 3248 3314 3098 3388
13124 2167 2168 2169 3296
13125 2315 3277 2284 3516
13126 1648 1863 1670 3479
13127 1646 1644 1645 3321
13128 2042 2067 2066 3456
13129 2462 2478 2429 3325
13130 2086 243 1806 1805
13131 1918 3431 1920 3474
13132 2486 2484 2449 3250
13133 3354 3362 3150 3483
13134 2250 2266 3300 3389
13135 2511 2512 2510 3344
13136 3207 3464 3348 3466
13137 1617 2123 1778 3265
13138 3321 3325 3129 3433
13139 2162 2244 2164 3276
13140 2177 2290 3349 3394
13141 3115 3380 3272 3414
13142 1643 1642 1641 3281
13143 3329 3417 3212 3502
13144 3183 3123 3394 3429
13145 2127 2056 3255 3519
13146 1917 1843 1751 3326
13147 1617 1772 1770 3265
13148 3247 3482 3140 3507
13149 1814 1811 1698 3472
13150 362 2159 2364 3509
13151 2029 2335 314 3522
13152 264 1612 2393 3431
13153 1754 3328 3232 3492
13154 3247 3315 3288 3507
13155 3105 3368 3218 3510
13156 2458 3455 2431 3506
13157 3308 3402 3122 3443
13158 2156 3418 3255 3522
13159 2303 2341 3267 3511
13160 315 2017 2147 2029
13161 2122 3245 2104 3498
13162 2541 363 2499 3283
13163 2250 2285 2252 3300
13164 2514 2518 1816 1762
13165 2054 3234 2055 3438
13166 2365 1838 268 1839
13167 1641 3352 3281 3469
13168 2143 2346 2342 3511
13169 3207 3288 3125 3466
13170 3295 3195 3412 3464
13171 2200 2299 2196 3335
13172 1923 1899 1613 3497
13173 1754 3232 1924 3492
13174 1735 1733 1825 3387
13175 3123 3271 3394 3429
13176 1766 2372 1919 3290
13177 1694 1704 1802 3478
13178 2330 2325 3285 3408
13179 3129 3433 3384 3472
13180 316 2017 2050 3318
13181 2502 2504 2503 3441
13182 1750 3348 3295 3466
13183 2225 2227 2339 3520
13184 2045 2055 2054 3234
13185 357 2294 2356 2400
13186 1857 1895 1624 3247
13187 2175 2174 2173 3302
13188 3164 3368 3218 3465
13189 2286 3287 2314 3430
13190 1870 1841 1875 3316
13191 332 2457 2421 3442
13192 3384 3433 3182 3472
13193 1775 1878 1773 3399
13194 3228 3296 3131 3470
13195 3108 3187 3387 3458
13196 2379 3342 2402 3467
13197 2514 2513 2518 1762
13198 1799 1746 1844 3257
13199 311 2056 2071 2011
13200 2430 330 2466 1636
13201 2225 3327 2227 3520
13202 3185 3332 3323 3461
13203 3103 3326 3198 3403
13204 2382 2353 2398 3253
13205 1829 1871 1683 3331
13206 1615 236 1794 2106
13207 2548 2521 2526 1755
13208 2506 3373 2505 3441
13209 2167 2169 2282 3436
13210 2115 240 2114 3340
13211 2137 1909 2062 3310
13212 3118 3353 3225 3494
13213 3118 3232 3328 3492
13214 235 1890 2124 2080
13215 2406 2010 326 2057
13216 2329 2232 2292 3311
13217 3200 3138 3363 3518
13218 3102 3293 3278 3491
13219 3111 3222 3277 3488
13220 2352 2406 2416 3438
13221 3246 3304 3132 3499
13222 2042 2066 3389 3456
13223 1886 1894 1618 3249
13224 3219 3124 3479 3521
13225 1866 1807 1745 3243
13226 363 2155 2308 3283
13227 1669 1667 1672 3312
13228 3169 3482 3247 3507
13229 362 2308 2159 3509
13230 1759 1882 1723 3401
13231 3127 3454 3316 3462
13232 1807 3243 1866 3490
13233 2229 3245 2239 3498
13234 375 2289 23 3512
13235 2059 2047 2027 3314
13236 2346 3268 2342 3511
13237 1902 3185 1623 3485
13238 3111 3277 3222 3447
13239 2052 2137 2062 3310
13240 2105 2101 3221 3411
13241 3245 3385 2104 3498
13242 2452 1738 1820 1740
13243 2299 2205 2222 3391
13244 1883 240 2115 3340
13245 1897 2533 1763 1892
13246 2211 2212 2223 3488
13247 3251 3379 3172 3508
13248 2239 2229 2349 3245
13249 387 2525 2498 1792
13250 3195 3348 3112 3464
13251 1726 1711 1744 3357
13252 2336 3269 2289 3437
13253 1852 1908 3295 3424
13254 1831 1736 1882 3292
13255 2084 3197 2129 3451
13256 2330 2238 2325 3408
13257 2254 2283 2257 3428
13258 2360 2374 2373 3290
13259 2137 2052 2125 3310
13260 3098 3477 3303 3489
13261 2287 2216 2334 3318
13262 3317 3340 3197 3455
13263 2477 2448 2483 3493
13264 2323 2223 2296 3358
13265 231 2091 1889 1767
13266 1883 1808 1812 3340
13267 2079 233 1617 2123
13268 1613 261 2404 3497
13269 2106 237 1794 3427
13270 2546 2510 2516 3344
13271 2013 1853 207 2049
13272 3351 3394 3271 3429
13273 264 1837 1612 3431
13274 2238 2242 2243 3408
13275 2077 2113 2114 3249
13276 3139 3434 3301 3462
13277 1613 1836 261 3497
13278 2234 2075 2141 3308
13279 1715 1765 1749 3323
13280 2286 2183 2181 3430
13281 2012 208 1623 3485
13282 2459 390 389 3244
13283 2119 2234 345 2322
13284 23 393 2475 3512
13285 1698 1811 1809 3490
13286 2145 2291 2327 3467
13287 3231 3121 3421 3468
13288 1836 1922 1627 3444
13289 3126 3340 3317 3455
13290 2445 2455 1780 1779
13291 3303 3477 3146 3489
13292 2314 2286 2312 3287
13293 2052 2011 2125 3519
13294 1724 1862 1867 3320
13295 2087 229 1789 1622
13296 2360 2404 2374 3497
13297 3176 3177 3361 3386
13298 3222 3308 3122 3355
13299 1624 3247 1895 3424
13300 2453 3279 2481 3416
13301 1923 2404 260 2360
13302 1748 1706 1746 3348
13303 2346 2246 3268 3439
13304 3144 3362 3374 3483
13305 1787 3333 1785 3427
13306 3101 3380 3335 3486
13307 3418 3482 3255 3522
13308 1809 1810 1808 3317
13309 2250 2249 2266 3389
13310 2245 3216 3393 3481
13311 1784 1879 1878 3399
13312 2301 2180 2178 3297
13313 3197 3364 3317 3455
13314 1739 387 2451 2432
13315 1785 3333 1786 3450
13316 3101 3335 3233 3486
13317 3108 3387 3193 3458
13318 3231 3421 3242 3468
13319 1719 1720 1721 3360
13320 1800 1804 1842 3337
13321 3185 3323 1765 3461
13322 2116 2129 2084 3197
13323 2199 2196 2195 3393
13324 1775 3256 1783 3399
13325 2479 2453 2452 3416
13326 2010 2408 2054 3438
13327 3112 3348 3207 3499
13328 3097 3231 3468 3521
13329 3151 3420 3347 3504
13330 1781 1739 387 1792
13331 336 2460 2431 3506
13332 2314 3430 3287 3516
13333 3240 3115 3409 3513
13334 2076 346 2146 2322
13335 2440 2442 3350 3469
13336 3243 3446 3197 3451
13337 2291 2356 2294 3342
13338 1764 1709 1797 3254
13339 2338 2144 2272 3405
13340 2180 2178 3297 3500
13341 2314 3287 2222 3391
13342 2107 3361 2108 3427
13343 3173 3396 3228 3436
13344 1761 2450 2430 2464
13345 2047 3314 3239 3485
13346 3213 3386 3346 3419
13347 332 2086 2457 3442
13348 2065 2055 2028 3438
13349 2397 2412 2396 3211
13350 1768 1797 1791 3315
13351 2013 207 1853 1910
13352 1863 1676 3362 3479
13353 2340 2145 2269 3467
13354 316 2147 2017 3318
13355 2284 2315 2316 3277
13356 2151 3426 3269 3459
13357 2438 3384 2448 3433
13358 3212 3417 3406 3502
13359 3137 3460 3251 3495
13360 1719 1721 1872 3360
13361 2249 2019 323 2157
13362 3125 3424 3390 3503
13363 311 2056 2127 2071
13364 1890 1778 234 2124
13365 3275 3368 3205 3430
13366 1847 3328 1728 3379
13367 3379 3449 3172 3508
13368 3219 3479 3231 3521
13369 2448 3325 2478 3433
13370 241 1883 2115 2084
13371 1869 1714 1861 3397
13372 1655 1656 3301 3475
13373 2010 2352 2408 3438
13374 1836 1924 3232 3497
13375 3317 3364 3126 3455
13376 1783 1775 1782 3256
13377 2295 3426 2151 3459
13378 2352 2010 326 2406
13379 2484 2423 2483 3307
13380 2071 2125 2011 3519
13381 3174 3447 3277 3510
13382 2402 2291 2354 3467
13383 2151 2289 3269 3512
13384 2231 2235 2147 3522
13385 1695 1696 1680 3305
13386 1837 1920 3431 3444
13387 3177 3419 3213 3439
13388 2354 2291 2145 3467
13389 2011 2071 310 2125
13390 2391 3238 2390 3440
13391 2052 2011 310 2125
13392 1803 1800 1802 3309
13393 260 1613 2404 1923
13394 2347 2318 2301 3297
13395 1852 1908 1750 3295
13396 1725 1728 1847 3328
13397 2525 2548 2526 1756
13398 3194 3464 3125 3503
13399 2244 2243 2210 3448
13400 2079 1617 232 1889
13401 2341 2153 3267 3520
13402 3218 3368 3164 3510
13403 2029 314 2021 3522
13404 1745 3350 3243 3442
13405 2377 3232 3453 3497
13406 3328 3379 1847 3444
13407 2393 2387 264 3431
13408 1718 1743 1884 3365
13409 2156 3255 2021 3522
13410 2065 2057 2010 3438
13411 2032 2069 3390 3424
13412 2319 2073 2296 3395
13413 2389 2388 3431 3440
13414 1639 1640 3350 3469
13415 2455 2452 1820 1740
13416 347 2122 2076 3498
13417 3232 3492 3453 3497
13418 2236 3255 2156 3418
13419 3105 3287 3409 3457
13420 2309 369 2083 3419
13421 3194 3405 3155 3412
13422 1917 1918 1843 3474
13423 3127 3372 3252 3487
13424 2480 2441 2439 3281
13425 2047 2058 3239 3388
13426 3132 3304 3262 3345
13427 2197 2282 2279 3436
13428 2283 3263 2350 3428
13429 1745 3442 3243 3451
13430 2434 2433 3364 3455
13431 2080 2103 2107 3261
13432 3147 3409 3287 3457
13433 1866 1642 1698 3490
13434 3256 3399 3199 3450
13435 2310 2197 2277 3353
13436 2159 2364 22 362
13437 1641 1690 3352 3469
13438 1766 1744 1899 3290
13439 2296 3358 2223 3395
13440 2356 2291 2294 356
13441 2190 2183 2286 3430
13442 390 2531 389 3244
13443 1890 235 1615 2080
13444 3122 3222 3355 3447
13445 2498 386 387 1792
13446 2064 3255 2056 3519
13447 2281 3299 2324 3406
13448 2122 2109 2104 3245
13449 3247 3390 3125 3424
13450 3175 3511 3267 3520
13451 2485 2447 2453 3352
13452 2426 388 2451 3370
13453 3114 3484 3215 3502
13454 2205 2299 2200 3272
13455 1920 1847 3379 3444
13456 3217 3460 3293 3491
13457 1915 1628 1835 3264
13458 2032 2068 2069 3424
13459 1714 1702 1861 3397
13460 2078 230 1622 1767
13461 3348 3464 3207 3499
13462 3281 3352 2441 3469
13463 2151 3269 3426 3512
13464 1647 1646 3321 3479
13465 1815 3313 1671 3505
13466 1844 1671 1815 3313
13467 1758 1723 1722 3401
13468 1709 1710 1691 3322
13469 2546 2508 2510 3230
13470 2322 2240 2146 3498
13471 2228 2330 2332 3459
13472 3139 3316 3306 3454
13473 2172 2282 2169 3351
13474 2303 2341 2153 3267
13475 3181 3382 3341 3496
13476 2505 3330 2503 3441
13477 3101 3252 3372 3487
13478 2338 2216 2288 3405
13479 3139 3341 3301 3434
13480 2217 2305 3304 3371
13481 2396 1838 268 2365
13482 1711 1726 1696 3357
13483 2070 2015 3248 3456
13484 2156 2235 3418 3522
13485 2297 2336 2289 3437
13486 2286 3430 2314 3516
13487 1639 1641 1640 3469
13488 2044 2062 1909 3310
13489 1767 1764 1622 3463
13490 2090 3358 2120 3395
13491 2128 2134 244 1621
13492 2105 3221 2072 3358
13493 2119 2234 2075 345
13494 1664 1663 1665 3367
13495 2375 3342 2402 3514
13496 2083 2132 3386 3419
13497 1621 330 245 1636
13498 1764 1709 3254 3463
13499 2047 2059 2058 3388
13500 3113 3351 3296 3436
13501 2295 2330 2142 3285
13502 2282 2169 3351 3436
13503 2384 2361 2388 3375
13504 2070 2067 2015 3456
13505 2421 2128 332 3442
13506 3335 3380 3147 3486
13507 2437 2435 2436 3446
13508 3295 3464 3412 3503
13509 2397 2410 381 3476
13510 2453 2481 2459 3416
13511 2551 2515 2544 3373
13512 316 2050 2287 3318
13513 2319 2296 2073 342
13514 1641 1690 1795 3352
13515 3213 3346 3126 3506
13516 2457 3442 2086 3451
13517 2229 2203 2248 3286
13518 2399 383 2499 3294
13519 3251 3137 3445 3460
13520 2472 3350 2471 3442
13521 1681 1694 1688 3324
13522 1758 1821 1903 3266
13523 2355 2390 2391 3238
13524 3106 3422 3208 3501
13525 2116 3340 2131 3455
13526 2206 2219 2205 3391
13527 1674 1655 1827 3475
13528 3112 3464 3348 3499
13529 2434 2433 2458 3364
13530 3141 3453 3492 3497
13531 3295 3348 3195 3464
13532 2198 2191 2189 3336
13533 1647 1648 1646 3479
13534 2516 2549 2530 3236
13535 2295 2330 3285 3459
13536 3276 3470 3192 3508
13537 2340 2401 2145 3467
13538 2090 2088 2105 3363
13539 2407 3366 3234 3438
13540 3099 3306 3454 3480
13541 2176 3302 2175 3500
13542 2052 2125 3310 3519
13543 2494 382 2397 3476
13544 2245 2195 2208 3481
13545 3131 3470 3276 3508
13546 264 2387 1837 3431
13547 2291 2402 2356 3342
13548 2045 323 2019 2157
13549 2141 2075 2121 3308
13550 2024 3314 2047 3485
13551 2182 2181 2183 3275
13552 3243 3350 2472 3442
13553 2146 2239 347 3498
13554 1922 3328 1847 3444
13555 327 2010 2352 2408
13556 327 2010 2408 2054
13557 369 2083 21 2309
13558 1745 1807 1806 3451
13559 2151 368 2289 3512
13560 2151 3426 368 3512
13561 2445 2470 2444 1822
13562 2496 3354 2529 3374
13563 3139 3454 3306 3480
13564 1716 1717 1718 3344
13565 3198 3134 3431 3474
13566 2283 2262 2350 3263
13567 2178 2176 2175 3500
13568 2245 3393 2195 3481
13569 3126 3455 3364 3506
13570 1752 1918 1920 3474
13571 3229 3371 3155 3400
13572 3287 3349 3147 3457
13573 2102 1633 1909 3310
13574 1753 1715 1714 3298
13575 3102 3282 3445 3473
13576 3216 3127 3393 3481
13577 1674 1657 1655 3475
13578 2430 1761 1636 1637
13579 243 2086 2128 1805
13580 1837 1627 1920 3444
13581 2457 2086 333 3451
13582 2245 2213 2199 3393
13583 2058 2013 2047 3239
13584 1687 1652 3341 3496
13585 3223 3396 3118 3494
13586 3203 3426 3269 3512
13587 1738 2451 2452 2454
13588 2259 3329 2258 3417
13589 3125 3390 3247 3507
13590 3277 3510 3164 3516
13591 2110 3419 3386 3517
13592 1902 1803 1749 3309
13593 3204 3417 3128 3467
13594 2296 341 2149 3358
13595 2064 2053 3482 3519
13596 2506 2551 2505 3373
13597 2191 2201 2202 3415
13598 1700 1682 1699 3383
13599 2449 2434 3364 3446
13600 254 1914 2383 2418
13601 2281 2186 2324 3299
13602 2138 1611 2084 3451
13603 1781 387 1739 2432
13604 3245 3361 3177 3517
13605 2275 2277 2276 3353
13606 2515 2530 2544 3483
13607 3282 3131 3445 3473
13608 1778 1617 233 2123
13609 1673 1815 1669 3505
13610 2356 2402 2291 356
13611 2209 2226 2225 3327
13612 1689 1713 1701 3416
13613 2325 2238 2243 3408
13614 2041 2064 2053 3482
13615 2385 2378 2384 3375
13616 2395 2394 2358 3264
13617 2402 3342 2379 3514
13618 3174 3510 3277 3516
13619 2462 2429 392 3374
13620 2109 3361 3245 3517
13621 3134 3198 3431 3440
13622 2319 2141 343 2121
13623 3268 3480 3175 3511
13624 2377 3453 2374 3497
13625 2520 2521 2514 1816
13626 2141 2234 344 2075
13627 2471 2440 2442 3350
13628 3138 3395 3222 3488
13629 2268 2152 2265 3253
13630 3173 3396 3223 3494
13631 2458 3364 2433 3455
13632 1660 1877 1684 3284
13633 3169 3482 3418 3522
13634 2477 2478 2448 3325
13635 2287 2147 316 3318
13636 1768 1790 1789 3315
13637 1646 1814 1644 3472
13638 2375 2402 2379 3514
13639 2318 2350 2180 3297
13640 2430 2130 330 1636
13641 2267 2266 2157 3234
13642 2415 272 377 1892
13643 2521 2520 1755 1816
13644 2404 2405 2377 3497
13645 2421 2472 2471 3442
13646 1656 1654 1655 3301
13647 386 1781 387 1792
13648 1857 202 2018 2043
13649 1750 1748 3348 3466
13650 1730 1731 1732 3495
13651 2177 2290 2311 3349
13652 1812 1808 1810 3317
13653 2440 2441 2442 3469
13654 1647 3362 1676 3479
13655 2093 3265 3402 3443
13656 1853 208 2049 3485
13657 1800 1842 1796 3337
13658 2133 2309 3419 3517
13659 1731 1833 1733 3495
13660 2036 3295 3412 3503
13661 2315 2284 2190 3516
13662 2072 2105 2101 3221
13663 2056 2064 2021 3255
13664 3102 3445 3217 3473
13665 3277 3355 3222 3447
13666 381 2522 2494 3476
13667 2187 2185 2179 3291
13668 1737 1721 1723 3319
13669 3258 3437 3327 3520
13670 1806 3442 1745 3451
13671 2110 2133 3419 3517
13672 2510 2509 2511 3365
13673 2339 3437 2153 3520
13674 2042 322 2148 3389
13675 2498 2525 2526 1756
13676 1856 1747 1864 3293
13677 1922 1836 1924 3232
13678 1851 1610 205 2040
13679 2030 2041 3482 3522
13680 2110 3386 3361 3517
13681 1867 1832 1675 3378
13682 3132 3207 3413 3499
13683 3101 3372 3284 3487
13684 2115 2131 2116 3340
13685 1833 1747 1856 3293
13686 1889 1741 1767 3463
13687 1700 1868 1682 3383
13688 2133 2154 2309 3517
13689 2105 2099 2101 3411
13690 1783 1876 1784 3450
13691 1785 1786 1783 3450
13692 2202 2207 2214 3415
13693 2070 2039 2059 3388
13694 1893 3274 1814 3496
13695 2079 2093 2123 3265
13696 1830 1736 1831 3292
13697 1660 1662 1877 3369
13698 3097 3242 3376 3468
13699 3223 3492 3141 3494
13700 1652 1650 1651 3496
13701 1706 3348 1748 3466
13702 2051 205 1610 2040
13703 1859 1651 1670 3359
13704 1825 1826 1735 3387
13705 2451 1739 1760 1738
13706 2072 2101 2117 3221
13707 2532 2549 2516 3383
13708 3102 3410 3293 3445
13709 2346 2230 2342 3268
13710 2104 3385 2097 3498
13711 2145 2263 2269 3467
13712 3219 3382 3181 3496
13713 3348 3464 3295 3466
13714 2219 2314 2222 3391
13715 272 2415 1626 1892
13716 2075 2095 2094 3308
13717 1745 1638 3350 3442
13718 3264 3377 3119 3403
13719 3112 3345 3304 3499
13720 2345 2156 2321 3255
13721 2399 3294 2499 3509
13722 2197 2167 2282 3436
13723 2329 2323 2149 3358
13724 1792 2498 1906 1756
13725 2039 2037 2038 3412
13726 2523 2503 2505 3330
13727 2198 2284 2212 3488
13728 3137 3293 3410 3445
13729 1853 1623 208 3485
13730 2068 2043 2069 3424
13731 1791 1797 1705 3288
13732 3125 3295 3424 3503
13733 2236 2321 2156 3255
13734 2039 2038 2058 3388
13735 1621 244 2128 1805
13736 383 2500 2499 3294
13737 2373 2379 2370 3514
13738 2249 2148 322 3389
13739 201 2044 1888 2018
13740 2120 3358 2296 3395
13741 2236 2156 2235 3418
13742 1790 1888 1633 3310
13743 2222 2314 2312 3287
13744 1660 1661 1662 3369
13745 2234 2141 2233 3308
13746 3132 3304 3345 3499
13747 3097 3468 3203 3521
13748 2464 1761 1769 1822
13749 1752 3379 1730 3474
13750 3114 3357 3215 3484
13751 211 1914 2060 2020
13752 2444 2442 2443 3469
13753 2083 2133 2309 3419
13754 3147 3335 3272 3380
13755 3184 3398 3276 3448
13756 2209 2300 2226 3420
13757 2434 2435 2425 3446
13758 2051 1610 206 1910
13759 2236 2232 2329 3418
13760 1820 1738 2452 2454
13761 1766 1899 1923 3290
13762 3177 3361 3386 3517
13763 2073 2120 2296 3395
13764 3174 3287 3391 3409
13765 3161 3423 3297 3515
13766 3319 3360 3121 3421
13767 2012 2024 2049 3485
13768 2443 2441 3352 3469
13769 2086 332 2128 3442
13770 2073 2098 2090 3395
13771 1806 1611 2138 3451
13772 2389 2392 2391 3440
13773 2064 2056 2011 3519
13774 2109 2110 3361 3517
13775 1806 1807 1611 3451
13776 2436 2456 2438 3384
13777 3158 3297 3423 3515
13778 1794 1787 1785 3427
13779 3147 3457 3349 3486
13780 1865 1675 1864 3491
13781 2220 2221 2233 3355
13782 1687 3341 1893 3496
13783 2231 2232 2235 3418
13784 3125 3295 3464 3466
13785 3349 3457 3123 3486
13786 1765 1860 1623 3461
13787 2034 2069 2014 3295
13788 3117 3288 3315 3507
13789 1895 1791 1798 3288
13790 2529 3374 3354 3483
13791 2389 2388 2387 3431
13792 2021 2345 313 2061
13793 1654 1656 1848 3301
13794 2295 367 2151 3426
13795 2075 344 2141 2121
13796 2208 2224 2230 3481
13797 2260 2261 2328 3229
13798 2030 2029 2041 3522
13799 2327 2291 2280 3342
13800 270 1616 1818 3432
13801 347 2076 2146 3498
13802 1924 3492 3232 3497
13803 3231 3479 3124 3521
13804 2520 1755 1816 1916
13805 2339 2297 2153 3437
13806 3147 3391 3287 3409
13807 2473 2460 370 3506
13808 1624 1852 203 3424
13809 2291 2354 2145 355
13810 3125 3424 3295 3466
13811 3386 3419 3177 3517
13812 2135 3310 2125 3519
13813 2028 2055 2026 3332
13814 3227 3452 3143 3471
13815 2484 2486 2468 3250
13816 2258 2256 2255 3329
13817 2419 1616 2367 3432
13818 1765 3323 1901 3461
13819 1888 2044 1909 3310
13820 2414 2364 22 2159
13821 2021 2041 2029 3522
13822 2341 2224 2225 3520
13823 2302 2192 2184 3262
13824 2076 2104 2097 3498
13825 1891 1787 1794 3427
13826 2103 2104 2107 3385
13827 339 2321 2331 2117
13828 1786 1875 1876 3450
13829 383 2363 2500 3294
13830 3193 3377 3326 3403
13831 2213 2248 2203 3286
13832 2309 2344 3419 3517
13833 2286 2190 3430 3516
13834 1914 1887 254 2383
13835 2024 2027 2047 3314
13836 381 2494 2397 3476
13837 1798 3288 1705 3466
13838 3196 3385 3245 3498
13839 2414 361 2150 2159
13840 3282 3296 3131 3473
13841 1920 1918 1837 3431
13842 2502 2501 2494 3476
13843 1770 1771 1710 3334
13844 2246 2348 2247 3439
13845 2327 2263 2145 3467
13846 1788 1896 1870 3306
13847 2177 2171 2290 3394
13848 2099 2081 2100 3411
13849 1775 1783 1784 3399
13850 2377 2374 2404 3497
13851 1847 1752 1920 3379
13852 2031 3390 2034 3503
13853 2083 3386 2110 3419
13854 2013 2051 206 1910
13855 3141 3220 3484 3494
13856 2086 1806 2138 3451
13857 1898 1818 1903 3432
13858 2204 2205 2200 3272
13859 2321 339 2085 2117
13860 377 272 2411 1892
13861 2031 2034 2035 3503
13862 3122 3402 3265 3443
13863 1888 1857 201 2018
13864 2129 333 2086 3451
13865 2189 2191 2184 3336
13866 2066 2026 2019 3389
13867 2169 2171 2172 3351
13868 1852 1851 2014 3295
13869 3183 3296 3282 3473
13870 2327 2264 2263 3417
13871 1765 1828 1901 3323
13872 3255 3482 3140 3519
13873 2360 2373 2372 3290
13874 2309 2133 349 2154
13875 1699 1689 1701 3370
13876 2337 2398 2267 351
13877 2121 343 2319 2073
13878 1661 1864 1675 3491
13879 2186 2281 2326 3299
13880 2108 3361 2110 3386
13881 1863 1647 1676 3479
13882 1846 1613 1899 3497
13883 1624 203 2043 3424
13884 2500 2541 2499 3294
13885 1732 1733 1734 3495
13886 1873 1713 1689 3416
13887 2120 2073 2296 342
13888 2036 2034 3295 3503
13889 1836 1613 1924 3497
13890 2107 2108 2106 3427
13891 271 2415 2409 1626
13892 3172 3379 3328 3449
13893 3217 3445 3293 3460
13894 204 2014 1852 1851
13895 373 2303 2153 3267
13896 2286 2314 2190 3516
13897 2014 3295 2069 3424
13898 3128 3467 3342 3514
13899 2354 2379 2402 3467
13900 1914 211 1634 2020
13901 2024 2047 2049 3485
13902 270 2367 1616 3432
13903 1787 1788 1786 3333
13904 383 2399 2363 3294
13905 2496 2529 392 3374
13906 2050 2017 2031 3318
13907 1754 1847 1922 3328
13908 3254 3200 3463 3518
13909 1668 1669 1671 3505
13910 2083 2133 21 2309
13911 362 363 2308 3509
13912 2151 2289 2336 3269
13913 2178 2182 2301 3423
13914 1806 1805 1745 3442
13915 1640 1745 1638 3350
13916 2438 2448 2446 3433
13917 2217 2305 2215 3304
13918 1859 1653 1651 3359
13919 2541 364 363 3283
13920 2538 393 23 3512
13921 1647 1646 1645 3321
13922 1738 1760 2451 2454
13923 2176 2174 2175 3302
13924 3215 3484 3128 3502
13925 1828 1927 1929 3289
13926 2525 388 2493 3370
13927 1818 271 2409 1626
13928 1760 1739 2451 2432
13929 2291 2402 2354 355
13930 2211 2198 2212 3488
13931 1769 1690 1639 3469
13932 2416 3366 2407 3438
13933 3171 3480 3268 3511
13934 368 3426 2542 3512
13935 2042 3389 2148 3456
13936 2135 2125 2071 3519
13937 2531 2532 2493 3383
13938 1849 1870 1896 3306
13939 2226 2227 2225 3327
13940 3183 3394 3351 3429
13941 2142 2330 2325 3285
13942 270 1818 2409 3432
13943 3164 3368 3275 3430
13944 1758 1904 1759 3401
13945 2354 2145 2401 3467
13946 1750 1706 1748 3466
13947 2509 2517 2511 3365
13948 2488 377 2533 1892
13949 3293 3445 3137 3460
13950 1893 1811 1814 3274
13951 2259 2256 2258 3329
13952 2529 3354 2544 3483
13953 2283 2350 2318 3428
13954 1880 1670 1872 3421
13955 2032 2069 2034 3390
13956 2338 2272 2328 3371
13957 2421 2457 2472 3442
13958 1925 1928 1620 3452
13959 2496 2544 2529 3354
13960 2296 2120 341 3358
13961 2446 2448 2478 3433
13962 2259 2258 2263 3417
13963 372 2143 2303 3511
13964 2331 2149 340 2072
13965 259 1919 1766 2372
13966 1743 1821 1884 3365
13967 2074 2154 2133 3517
13968 282 283 2491 1921
13969 2426 389 388 3370
13970 2108 2110 2111 3386
13971 2155 363 364 3283
13972 2299 2306 2196 3335
13973 2291 2294 2280 3342
13974 2098 2089 2090 3363
13975 1924 1846 3492 3497
13976 2083 2110 2133 3419
13977 2473 2458 2431 3506
13978 2073 2090 2120 3395
13979 2302 2215 2305 3304
13980 2149 341 2072 3358
13981 1867 1727 1724 3320
13982 2257 2318 2261 3428
13983 2398 2366 2267 351
13984 1893 1814 1650 3496
13985 2125 2102 2137 3310
13986 2456 2448 2438 3384
13987 1710 1858 1691 3322
13988 1686 1671 1844 3313
13989 1639 1640 1638 3350
13990 1667 1850 1672 3312
13991 1666 1829 1683 3331
13992 2452 1820 2454 2455
13993 2152 2353 2337 352
13994 3363 3463 3200 3518
13995 1687 1893 1652 3496
13996 1723 1882 1737 3319
13997 2046 2016 318 3405
13998 318 2016 2144 3405
13999 2502 2494 2522 3476
14000 2374 2377 2376 3453
14001 2419 270 2367 1616
14002 1886 1883 1812 3340
14003 1673 1681 1688 3324
14004 2127 3255 2126 3519
14005 2336 2339 2227 3437
14006 361 2150 2355 2414
14007 2250 2266 2285 3300
14008 1751 1843 1732 3326
14009 2288 2046 318 3405
14010 2226 2300 2237 3420
14011 2138 2086 243 1806
14012 2107 2109 2108 3361
14013 2243 2307 2325 3448
14014 2031 2030 2032 3390
14015 2109 2074 2110 3517
14016 1802 1800 1703 3478
14017 2096 2095 2097 3443
14018 2389 2390 2388 3440
14019 2301 2192 2347 3423
14020 2519 2518 2513 1762
14021 1778 1772 1617 3265
14022 325 2060 2418 2057
14023 2536 2537 2492 3432
14024 2449 2458 2486 3364
14025 258 1919 2372 2359
14026 2516 2512 2550 3344
14027 2520 2545 1755 1916
14028 368 2542 2538 3512
14029 2411 2533 377 1892
14030 2341 2303 2342 3511
14031 1749 1803 1802 3309
14032 2074 349 2133 2154
14033 2458 2433 2431 3455
14034 2125 2135 2102 3310
14035 1851 1750 1912 3295
14036 2015 321 2270 3456
14037 2449 2436 2434 3446
14038 2521 2545 2526 1755
14039 2312 2177 2311 3349
14040 2344 2158 2309 3419
14041 2207 2292 2232 3311
14042 2471 2472 2440 3350
14043 1634 1860 1901 3461
14044 3316 3454 3139 3462
14045 2076 2122 2104 3498
14046 1728 1730 1752 3379
14047 309 2052 2125 2137
14048 309 2052 2137 2062
14049 1706 1798 1705 3466
14050 2374 2375 2373 3514
14051 2148 321 2042 3456
14052 2406 325 2418 2057
14053 2044 2052 2062 3310
14054 2304 2348 2346 3439
14055 2458 2449 2434 3364
14056 2376 2377 2378 3453
14057 1698 1642 1644 3472
14058 2106 2108 2112 3427
14059 2136 2345 338 2085
14060 379 2409 2536 3432
14061 2519 2527 2533 1763
14062 392 391 2462 3374
14063 2431 335 2082 3455
14064 2443 2441 2447 3352
14065 1806 242 2138 1611
14066 1779 1780 2445 1822
14067 362 2364 384 3509
14068 1908 1624 1895 3424
14069 2526 1906 2498 1756
14070 2319 2223 2313 3395
14071 2520 2545 2521 1755
14072 1718 1881 1716 3344
14073 2288 318 2144 3405
14074 322 2019 2249 3389
14075 257 2368 1819 3452
14076 2094 2092 2098 3402
14077 2419 269 1616 1839
14078 2034 2031 2032 3390
14079 2146 2229 2239 3498
14080 1790 1768 1791 3315
14081 322 2042 2019 3389
14082 2524 2489 2505 3330
14083 2085 2126 2127 3255
14084 367 2489 2542 3426
14085 2053 2052 3310 3519
14086 2281 2324 2351 3406
14087 2250 2148 2249 3389
14088 1699 1701 1823 3370
14089 258 1919 2359 1620
14090 2127 2126 2071 3519
14091 1924 1613 1846 3497
14092 2380 2382 2381 3366
14093 2482 2470 2445 1822
14094 2180 2301 2318 3297
14095 2359 257 1620 3452
14096 2118 2139 2132 3346
14097 1853 1803 1902 3485
14098 2375 2356 2402 3342
14099 2514 2518 2520 1816
14100 1785 1787 1786 3333
14101 2309 2154 2344 3517
14102 386 387 1781 2432
14103 2477 2429 2478 3325
14104 2148 2270 321 3456
14105 2492 379 2536 3432
14106 2317 2162 2160 3339
14107 392 2529 391 3374
14108 2146 2240 2229 3498
14109 2015 2042 321 3456
14110 2083 2132 2110 3386
14111 2156 2345 313 2021
14112 2319 2296 2223 3395
14113 1865 1747 1729 3460
14114 2028 2026 2023 3332
14115 257 1819 1620 3452
14116 1772 1771 1770 3334
14117 2014 2036 2034 3295
14118 389 2493 388 3370
14119 2364 384 22 362
14120 337 21 369 2083
14121 2388 2385 2384 3375
14122 1902 1623 1853 3485
14123 3295 3125 3464 3503
14124 1780 2482 2445 1822
14125 2039 2058 2059 3388
14126 1888 1909 1633 3310
14127 2393 2389 2387 3431
14128 2420 2363 2399 3294
14129 2082 2116 2131 3455
14130 3159 3463 3363 3518
14131 1745 1805 1638 3442
14132 2014 1851 2040 3295
14133 2359 2368 257 3452
14134 2103 2097 2104 3385
14135 2367 270 2409 3432
14136 1750 1851 1852 3295
14137 1776 1795 1690 3352
14138 2399 2499 384 3509
14139 1809 1807 1866 3490
14140 1764 1741 1709 3463
14141 2334 2147 2287 3318
14142 381 2494 382 2397
14143 2014 203 1852 3424
14144 2036 3412 2035 3503
14145 2105 2120 2090 3358
14146 2344 2154 2349 3517
14147 2113 2132 2139 3346
14148 1715 1828 1765 3323
14149 1851 204 2014 2040
14150 1843 1752 1730 3474
14151 2010 2054 2055 3438
14152 1837 1918 1612 3431
14153 2217 2328 2305 3371
14154 2295 2151 2332 3459
14155 2114 2131 2115 3340
14156 2052 2044 2053 3310
14157 2381 2407 2416 3366
14158 2201 2207 2202 3415
14159 2492 2367 379 3432
14160 2351 2324 2264 3406
14161 2504 2506 2505 3441
14162 1631 1929 1927 3289
14163 1705 1798 1791 3288
14164 2346 2348 2246 3439
14165 1725 1847 1754 3328
14166 1903 1818 1616 3432
14167 1852 3295 2014 3424
14168 2391 2390 2389 3440
14169 2407 2408 2352 3438
14170 286 287 2528 1905
14171 2310 2277 2275 3353
14172 2544 2496 2547 3354
14173 2411 376 2533 1892
14174 2138 2084 2129 3451
14175 2510 2512 2516 3344
14176 2180 2333 2176 3500
14177 2426 2452 2453 3416
14178 2235 2335 2147 3522
14179 1830 1751 1734 3377
14180 2044 2062 200 1909
14181 2075 2094 2121 3308
14182 2164 2166 2165 3470
14183 2353 2398 2337 352
14184 2120 2072 341 3358
14185 2309 2158 369 3419
14186 2014 2043 203 3424
14187 333 334 2425 2129
14188 380 2522 381 2410
14189 2430 2465 1635 1761
14190 2498 1793 386 1792
14191 2443 2442 2441 3469
14192 2316 2220 2233 3355
14193 2035 2036 2037 3412
14194 2089 2088 2090 3363
14195 2526 1756 1755 1777
14196 2096 2093 2095 3443
14197 2108 2109 2110 3361
14198 2100 2101 2099 3411
14199 2094 2093 2092 3402
14200 2053 2011 2052 3519
14201 2251 2270 2148 3456
14202 2531 2549 2532 3383
14203 1635 2430 1761 1636
14204 2151 367 368 3426
14205 2354 2401 2371 3467
14206 2046 2037 2016 3405
14207 3194 3412 3464 3503
14208 2217 2338 2328 3371
14209 1755 2545 2526 1777
14210 2379 2354 2371 3467
14211 1729 1747 1731 3460
14212 1641 1639 1690 3469
14213 2170 2290 2171 3394
14214 2321 338 2345 2085
14215 2301 2182 2192 3423
14216 362 2499 363 3509
14217 1920 1922 1847 3444
14218 335 2116 2082 3455
14219 2523 2505 2489 3330
14220 340 2331 2072 2117
14221 2368 2359 2369 3452
14222 2230 2245 2208 3481
14223 2199 2195 2245 3393
14224 1761 2430 2465 2464
14225 2467 2477 2483 3493
14226 2482 2445 2455 1780
14227 2519 1763 1926 1762
14228 1847 1728 1752 3379
14229 1751 1830 1915 3377
14230 2015 321 320 2270
14231 2399 383 384 2499
14232 242 2084 2138 1611
14233 1872 1737 1880 3421
14234 2515 2551 2506 3373
14235 1816 2518 1817 1762
14236 350 2343 2417 2366
14237 266 265 1835 2358
14238 330 329 2130 2430
14239 1887 255 254 2383
14240 2296 2149 2323 3358
14241 377 376 2533 2411
14242 2118 336 2460 337
14243 1784 1878 1775 3399
14244 267 266 1628 2395
14245 1750 1908 1798 3466
14246 2504 2505 2503 3441
14247 1759 1723 1758 3401
14248 2431 2433 335 3455
14249 264 263 1837 2387
14250 1612 265 264 2393
14251 2219 2222 2205 3391
14252 2315 2190 2314 3516
14253 2130 246 245 1636
14254 358 359 2274 2357
14255 1669 1815 1671 3505
14256 2163 2164 2165 3470
14257 376 2411 273 1892
14258 2518 2519 1926 1762
14259 2110 2074 2133 3517
14260 2361 262 263 1627
14261 2454 1760 2451 2432
14262 238 239 1618 2077
14263 379 2367 2492 380
14264 1888 2044 200 1909
14265 1852 1624 1908 3424
14266 2457 332 333 2086
14267 1625 385 386 2461
14268 368 367 2542 3426
14269 2244 2307 2243 3448
14270 2343 2045 324 2063
14271 331 332 2421 2128
14272 329 2130 2430 1636
14273 269 2419 2365 1839
14274 2295 2332 2330 3459
14275 1860 1765 1901 3461
14276 2157 2045 324 2343
14277 2273 359 360 2403
14278 2413 2399 2364 3509
14279 2042 322 321 2148
14280 2318 2257 2283 3428
14281 2235 2156 2335 3522
14282 237 238 1891 2112
14283 1802 1703 1694 3478
14284 2352 2416 2407 3438
14285 2041 2033 2030 3482
14286 1634 211 210 2020
14287 2264 2259 2263 3417
14288 347 348 2122 2239
14289 2533 1874 2519 1763
14290 1863 1648 1647 3479
14291 378 2536 379 2409
14292 357 358 2140 2400
14293 2426 2453 2459 3416
14294 1886 239 240 2114
14295 346 2119 345 2322
14296 2339 2336 2297 3437
14297 2368 256 257 1819
14298 1613 261 260 2404
14299 1846 1712 1754 3492
14300 2341 2339 2153 3520
14301 2370 2371 2369 3471
14302 2465 1635 329 2430
14303 2399 384 2364 3509
14304 2343 350 2267 2366
14305 2014 2040 2036 3295
14306 2053 2033 2041 3482
14307 1781 386 1793 1792
14308 2530 2490 2529 3483
14309 2180 2176 2178 3500
14310 1778 233 234 2123
14311 2430 1635 329 1636
14312 316 315 2017 2147
14313 208 207 1853 2049
14314 379 2367 2409 3432
14315 236 237 1794 2106
14316 231 230 2078 1767
14317 2518 1817 2520 1816
14318 362 384 2499 3509
14319 2010 2055 2065 3438
14320 2477 2467 2475 3493
14321 256 255 1631 2362
14322 360 2150 2355 361
14323 227 228 1633 2102
14324 2476 1885 1761 1822
14325 1615 235 236 2080
14326 2135 2071 2126 3519
14327 318 319 2144 2016
14328 1783 1786 1876 3450
14329 1866 1698 1809 3490
14330 2485 2443 2447 3352
14331 2411 272 273 1892
14332 2288 317 318 2046
14333 2120 2105 2072 3358
14334 1860 210 209 2022
14335 2359 257 258 1620
14336 1732 1731 1733 3495
14337 2434 2436 2435 3446
14338 230 229 2087 1622
14339 1780 2455 1820 1740
14340 1739 1760 1781 2432
14341 2460 2473 2431 3506
14342 206 205 1610 2051
14343 2500 2363 383 382
14344 2084 242 241 1611
14345 1767 1741 1764 3463
14346 2074 348 349 2154
14347 2289 368 23 3512
14348 2091 232 231 1889
14349 2529 2544 2530 3483
14350 1814 1698 1644 3472
14351 2111 2110 2132 3386
14352 2271 319 320 2048
14353 232 233 1617 2079
14354 1838 268 267 2396
14355 1883 240 241 2115
14356 1763 2533 1874 1892
14357 234 235 1890 2124
14358 2130 329 246 1636
14359 209 208 1623 2012
14360 1760 1738 1820 2454
14361 313 314 2156 2021
14362 268 269 2365 1839
14363 330 331 2466 2134
14364 2064 2011 2053 3519
14365 356 2294 2356 357
14366 1750 1798 1706 3466
14367 335 2082 336 2431
14368 2010 326 327 2352
14369 2052 310 309 2125
14370 2071 310 311 2011
14371 2234 344 2075 345
14372 2342 2303 2143 3511
14373 1920 1627 1922 3444
14374 2236 2235 2232 3418
14375 1624 203 202 2043
14376 2019 323 322 2249
14377 347 2076 346 2146
14378 1893 1650 1652 3496
14379 2369 2371 2386 3471
14380 2461 2474 2432 1854
14381 2366 350 2267 351
14382 1843 1918 1752 3474
14383 2528 1906 2498 2540
14384 261 262 2405 1836
14385 385 1625 386 1793
14386 1635 246 329 1636
14387 1754 1924 1846 3492
14388 1620 1819 1925 3452
14389 368 2538 23 3512
14390 2019 2042 2066 3389
14391 2050 317 316 2287
14392 378 377 2488 2415
14393 2417 2343 20 2063
14394 2408 328 327 2054
14395 2345 19 2061 2136
14396 324 323 2045 2157
14397 1763 1874 2519 1926
14398 1789 228 229 2081
14399 2036 2035 2034 3503
14400 2518 1926 1817 1762
14401 2373 2375 2379 3514
14402 2533 1874 2534 2519
14403 245 244 2134 1621
14404 2432 1781 2461 1854
14405 2414 22 361 2159
14406 2381 2382 2407 3366
14407 2042 2015 2067 3456
14408 1756 2526 1906 1777
14409 2540 1906 2526 1777
14410 2406 326 325 2057
14411 284 285 2495 1911
14412 1817 2520 1816 1916
14413 2543 2519 2534 1926
14414 2296 2120 342 341
14415 2415 271 272 1626
14416 354 2145 2354 355
14417 244 243 2128 1805
14418 344 343 2141 2121
14419 341 340 2149 2072
14420 2225 2339 2341 3520
14421 2543 2518 1926 1817
14422 2062 2137 9 1909
14423 385 1625 1793 1834
14424 312 311 2056 2127
14425 2461 1781 386 1625
14426 2470 2422 1630 2482
14427 2520 1817 1619 1916
14428 1619 2491 1817 2520
14429 2073 343 2319 342
14430 2309 2133 21 349
14431 2144 2338 2288 3405
14432 2060 1914 10 2418
14433 2432 386 2461 1781
14434 2409 270 271 1818
14435 2335 314 315 2029
14436 2518 2519 2543 1926
14437 1874 2534 2519 1926
14438 200 201 2044 1888
14439 339 338 2321 2085
14440 2498 2526 2540 1906
14441 2534 1874 2543 1926
14442 2014 203 204 1852
14443 2419 269 270 1616
14444 2474 2428 2454 1614
14445 1619 2535 2491 2520
14446 1919 259 258 2372
14447 1820 2454 2487 2428
14448 205 204 1851 2040
14449 1857 202 201 2018
14450 2014 2069 2043 3424
14451 2152 2353 352 353
14452 2498 1793 1906 2528
14453 243 242 2138 1806
14454 1820 2454 2455 2487
14455 2487 2455 1820 1780
14456 1777 1755 2545 1916
14457 260 259 1923 2360
14458 2454 1760 2474 1614
14459 1760 2454 2474 2432
14460 2465 1635 1761 1885
14461 376 15 2534 273
14462 355 2291 2402 356
14463 2487 2482 2455 1780
14464 206 207 2013 1910
14465 1793 386 1781 1625
14466 2129 2086 2138 3451
14467 385 287 17 1834
14468 2470 1630 2476 1822
14469 2037 2036 2038 3412
14470 1874 15 273 2534
14471 2343 324 20 2063
14472 1906 1793 2498 1792
14473 1906 2528 1629 2540
14474 19 2345 338 2136
14475 329 13 246 1635
14476 287 2528 1905 1834
14477 281 282 2543 1632
14478 2428 2487 1820 1614
14479 2345 19 313 2061
14480 2474 1760 2432 1854
14481 2518 2543 2491 1817
14482 2331 340 339 2117
14483 2526 2495 2540 1777
14484 2432 1760 1781 1854
14485 1630 2470 2482 1822
14486 2061 19 312 2136
14487 9 309 2137 2062
14488 2461 1781 1625 1854
14489 1854 2474 1760 1614
14490 13 329 2465 1635
14491 20 328 2417 2063
14492 1780 1630 2482 1822
14493 17 385 1834 294
14494 2137 227 9 1909
14495 2062 9 200 1909
14496 1885 2476 1630 1822
14497 287 385 2528 1834
14498 2476 2422 1630 2470
14499 1874 281 15 2534
14500 1855 2487 1820 1780
14501 353 354 2340 2401
14502 2060 10 325 2418
14503 10 211 1914 2060
14504 385 1793 386 2528
14505 2495 2545 2535 1777
14506 1914 254 10 2418
14507 2343 20 350 2417
14508 386 2498 2528 1793
14509 283 284 2535 1619
14510 2454 1820 1760 1614
14511 351 2337 2398 352
14512 2534 281 2543 1632
14513 1817 2491 2518 2520
14514 2528 1793 1906 1629
14515 288 13 2465 1635
14516 2534 1874 281 1632
14517 2482 2469 2422 1855
14518 2545 2520 2535 1916
14519 1614 2487 1820 1855
14520 1629 286 2528 1905
14521 1619 2535 2520 1916
14522 1855 1630 2482 1780
14523 1926 1632 2543 1817
14524 2491 283 2535 1619
14525 2495 2526 2545 1777
14526 1855 2482 2487 1780
14527 283 2491 1921 1619
14528 2495 2535 1619 1777
14529 2469 290 2422 1855
14530 1820 2454 2428 1614
14531 1793 2528 1905 1629
14532 289 288 2476 1885
14533 290 289 2422 1630
14534 291 290 2469 1855
14535 385 1625 1834 294
14536 2422 289 2476 1630
14537 2540 1629 1906 1777
14538 2482 2422 1630 1855
14539 288 2465 2476 1885
14540 285 286 2540 1629
14541 1921 2491 1817 1619
14542 385 1625 294 2461
14543 2461 293 2474 1854
14544 2474 293 292 1854
14545 2487 2469 2482 1855
14546 2428 2469 2487 1855
14547 1632 2543 1874 1926
14548 1619 284 2535 1911
14549 2474 292 2428 1614
14550 2540 286 2528 1629
14551 2428 292 291 1614
14552 1834 1793 385 2528
14553 1911 2495 1619 1777
14554 2491 2543 1632 1817
14555 2465 288 1635 1885
14556 294 293 2461 1625
14557 2543 1874 2534 1632
14558 2495 284 1911 2535
14559 1632 1921 2491 1817
14560 1629 2495 1911 1777
14561 2476 289 1885 1630
14562 1630 2422 290 1855
14563 1834 1793 2528 1905
14564 2461 293 1854 1625
14565 292 2474 1854 1614
14566 1629 2540 2495 1777
14567 2495 1619 2535 1911
14568 1614 2428 2487 1855
14569 2271 3405 2272 2144
14570 2272 3405 2271 3155
14571 3505 1685 3313 1671
14572 3505 3313 1685 3218
14573 3205 3407 3368 3161
14574 3368 3407 3205 3160
14575 3250 372 2427 2468
14576 3250 2427 372 3171
14577 3344 1708 3383 1716
14578 3344 3383 1708 2550
14579 1840 3215 3305 1726
14580 3305 3215 1840 3178
14581 3443 2124 2103 2096
14582 3443 2103 2124 3148
14583 3376 3387 3187 3242
14584 3187 3387 3376 3108
14585 3354 393 2538 3260
14586 3354 2538 393 2496
14587 3476 3441 3338 3130
14588 3476 3338 3441 2502
14589 2394 3294 2412 2420
14590 2412 3294 2394 3264
14591 3441 2539 2502 2504
14592 3441 2502 2539 3206
14593 3336 2284 3164 2189
14594 3336 3164 2284 3277
14595 3516 3164 2284 2189
14596 3516 2284 3164 3277
14597 3481 2194 2195 2208
14598 3481 2195 2194 3252
14599 2271 2016 319 2048
14600 319 2016 2271 2144
14601 3448 3103 3339 3168
14602 3448 3339 3103 3276
14603 3154 3400 3257 3112
14604 3154 3257 3400 3337
14605 3348 3257 3400 3112
14606 3348 3400 3257 3337
14607 3353 3449 3224 3192
14608 3224 3449 3353 3118
14609 2298 3271 2175 2173
14610 2175 3271 2298 3205
14611 3352 3189 2447 3279
14612 3352 2447 3189 3281
14613 1866 3350 1745 1640
14614 1745 3350 1866 3243
14615 3511 3250 3110 3267
14616 3511 3110 3250 3171
14617 3342 3417 3467 3128
14618 3467 3417 3342 2327
14619 3435 3366 3289 3116
14620 3435 3289 3366 3143
14621 3250 3274 3201 3110
14622 3201 3274 3250 3133
14623 1622 3411 3315 1789
14624 3315 3411 1622 3200
14625 3104 3214 3356 3154
14626 3104 3356 3214 3515
14627 3158 3356 3214 3154
14628 3158 3214 3356 3515
14629 3506 371 370 2473
14630 3506 370 371 3213
14631 3516 2189 3430 3164
14632 3516 3430 2189 2190
14633 2183 3430 2189 3164
14634 2183 2189 3430 2190
14635 3414 3392 3286 3120
14636 3414 3286 3392 3136
14637 3499 3288 3507 3125
14638 3499 3507 3288 3413
14639 3440 3192 3224 3134
14640 3440 3224 3192 3238
14641 3365 2508 2510 2509
14642 3365 2510 2508 3230
14643 3437 3097 3186 3269
14644 3437 3186 3097 3258
14645 3389 2157 2266 3234
14646 3389 2266 2157 2249
14647 3286 2204 2229 2203
14648 3286 2229 2204 3196
14649 3374 2424 3189 3144
14650 3374 3189 2424 2462
14651 3464 3499 3304 3194
14652 3304 3499 3464 3112
14653 3304 3371 3464 3194
14654 3464 3371 3304 3112
14655 3454 3372 3216 3127
14656 3454 3216 3372 3157
14657 3420 2187 2194 2300
14658 3420 2194 2187 3135
14659 3303 3356 3428 3229
14660 3428 3356 3303 3146
14661 2408 2063 328 2054
14662 328 2063 2408 2417
14663 3403 3339 3238 3103
14664 3403 3238 3339 3166
14665 3440 3403 3238 3103
14666 3440 3238 3403 3166
14667 3198 3403 3440 3103
14668 3198 3440 3403 3166
14669 3324 3407 3505 3202
14670 3505 3407 3324 3214
14671 3384 2484 2449 2456
14672 3384 2449 2484 3250
14673 3515 3356 3297 3104
14674 3515 3297 3356 3158
14675 1900 3317 1813 1810
14676 1813 3317 1900 3201
14677 3255 2101 3411 3221
14678 3255 3411 2101 2126
14679 3340 2084 2116 2115
14680 3340 2116 2084 3197
14681 3292 1845 3387 1736
14682 3292 3387 1845 3187
14683 3419 337 2118 2460
14684 3419 2118 337 2083
14685 3409 3510 3240 3149
14686 3409 3240 3510 3105
14687 3331 3240 3510 3149
14688 3331 3510 3240 3105
14689 2038 3239 2051 2058
14690 2051 3239 2038 3195
14691 3316 1656 1848 1841
14692 3316 1848 1656 3301
14693 3514 3220 3128 3484
14694 3514 3128 3220 3342
14695 3419 370 2460 3213
14696 3419 2460 370 369
14697 3418 2331 2329 2236
14698 3418 2329 2331 3221
14699 3411 2088 2087 3200
14700 3411 2087 2088 2099
14701 2409 2488 378 2536
14702 2409 378 2488 2415
14703 3251 3398 3495 3103
14704 3495 3398 3251 3137
14705 2410 3432 2419 2367
14706 2419 3432 2410 3206
14707 3487 3273 3252 3127
14708 3487 3252 3273 3135
14709 3441 2507 2539 2504
14710 3441 2539 2507 3163
14711 3508 3470 3228 3131
14712 3508 3228 3470 3192
14713 3444 2405 2384 2361
14714 3444 2384 2405 3232
14715 3315 1895 3288 1791
14716 3315 3288 1895 3247
14717 3443 2103 2097 2096
14718 3443 2097 2103 3385
14719 3506 2139 3455 2082
14720 3506 3455 2139 3346
14721 2131 3455 2139 2082
14722 2131 2139 3455 3346
14723 3468 3330 3187 3152
14724 3468 3187 3330 3121
14725 2387 3444 2388 2361
14726 2388 3444 2387 3431
14727 3286 2349 3517 2248
14728 3286 3517 2349 3245
14729 2113 3340 3346 2131
14730 3346 3340 2113 3249
14731 3159 3111 3222 3447
14732 3159 3222 3111 3518
14733 3500 2350 3297 2180
14734 3500 3297 2350 3263
14735 3340 1894 3425 1812
14736 3340 3425 1894 3249
14737 2401 2152 353 2353
14738 2401 353 2152 2340
14739 3356 3381 3263 3104
14740 3263 3381 3356 3146
14741 3504 3327 3273 3100
14742 3504 3273 3327 3420
14743 3417 2269 3467 3204
14744 3417 3467 2269 2263
14745 3449 3444 3379 3328
14746 3449 3379 3444 3134
14747 3465 3313 3345 3107
14748 3465 3345 3313 3188
14749 3455 2425 2434 2433
14750 3455 2434 2425 3197
14751 3479 1646 3219 1648
14752 3479 3219 1646 3321
14753 3314 2070 3456 2027
14754 3314 3456 2070 3248
14755 3488 2313 2316 2212
14756 3488 2316 2313 3222
14757 3475 3504 3170 3100
14758 3170 3504 3475 3179
14759 3471 2359 3227 3452
14760 3471 3227 2359 2370
14761 3482 2068 2018 2033
14762 3482 2018 2068 3247
14763 3420 2193 2187 2300
14764 3420 2187 2193 3347
14765 3415 2292 3237 2201
14766 3415 3237 2292 3311
14767 3488 2316 2284 2212
14768 3488 2284 2316 3277
14769 2127 2061 312 2136
14770 2127 312 2061 2056
14771 3427 237 1891 2112
14772 3427 1891 237 1794
14773 3513 3510 3447 3174
14774 3513 3447 3510 3149
14775 3485 1804 1910 1853
14776 3485 1910 1804 3239
14777 3522 314 2156 2335
14778 3522 2156 314 2021
14779 3517 2122 2109 2074
14780 3517 2109 2122 3245
14781 3491 3293 1856 1864
14782 1856 3293 3491 3278
14783 1856 1659 3491 1864
14784 3491 1659 1856 3278
14785 3511 2346 3171 2143
14786 3511 3171 2346 3268
14787 2304 3171 2346 2143
14788 2304 2346 3171 3268
14789 3455 334 335 2116
14790 3455 335 334 2433
14791 2102 1909 227 2137
14792 227 1909 2102 1633
14793 2444 1822 2464 1769
14794 2464 1822 2444 2470
14795 2145 2401 354 2354
14796 354 2401 2145 2340
14797 2464 1822 2476 1761
14798 2476 1822 2464 2470
14799 2476 1761 2465 2464
14800 2476 2465 1761 1885
14801 1916 2535 1777 1619
14802 1916 1777 2535 2545
14803 2533 2534 1892 376
14804 2533 1892 2534 1874
14805 273 1892 2534 376
14806 273 2534 1892 1874
14807 2491 1632 282 1921
14808 2491 282 1632 2543
14809 2495 1629 285 2540
14810 2495 285 1629 1911
14811 2428 1855 291 2469
14812 291 1855 2428 1614
3 4 4 999
14813 2587 2586 2557 2548
14814 2561 2567 2503 2565
14815 2581 2569 2553 2505
14816 2523 2581 2505 2503
14817 2558 2564 416 2494
14818 2566 2502 2565 2558
14819 366 365 406 2523
14820 2562 2498 2585 2588
14821 2544 2608 2529 2530
14822 2590 399 389 398
14823 2536 2488 2603 2517
14824 2608 2530 2579 2593
14825 377 376 411 2533
14826 2498 386 2528 2562
14827 2539 2522 2584 2492
14828 2562 2591 2528 2604
14829 414 379 2492 380
14830 2565 2501 2605 2564
14831 2556 2492 2536 2537
14832 2603 2536 2556 413
14833 2541 2605 2497 2501
14834 378 2536 413 379
14835 2564 2501 2500 2494
14836 2556 2492 2584 414
14837 417 2563 2500 2564
14838 397 388 398 2557
14839 2603 2552 2488 412
14840 2495 2526 2540 2588
14841 2516 2580 2532 2550
14842 392 402 401 2560
14843 2497 407 364 365
14844 399 390 400 2554
14845 377 378 2488 412
14846 302 17 18 394
14847 2592 2554 2490 2593
14848 2569 2570 2506 2568
14849 2581 2523 406 2561
14850 2531 2549 2611 2532
14851 2600 2556 2602 2537
14852 383 418 384 2499
14853 2507 2539 2600 2537
14854 411 2533 2594 2552
14855 2503 2497 2523 2561
14856 394 385 395 2591
14857 2601 393 2538 2496
14858 2602 2571 2509 2573
14859 2558 2522 415 2584
14860 2600 2539 2566 2584
14861 384 25 22 362
14862 2534 2594 2533 2519
14863 409 2499 418 2563
14864 2521 2587 2532 2548
14865 2541 408 363 364
14866 402 393 24 2601
14867 2513 2527 2599 2519
14868 2604 2540 2562 2588
14869 2496 392 2529 2560
14870 2500 2563 2499 2541
14871 2563 2541 2605 408
14872 2562 386 395 396
14873 391 400 2592 401
14874 2608 2544 2613 2614
14875 2554 2531 390 2490
14876 2552 2527 2599 2583
14877 2583 2573 2511 2575
14878 2520 2612 2595 2578
14879 2494 2558 2502 2522
14880 2581 2489 2523 2505
14881 2583 2517 2527 2511
14882 2582 2544 2547 2551
14883 381 415 2522 380
14884 2493 2587 2590 2557
14885 2525 2585 387 2498
14886 2605 407 2497 2561
14887 362 2499 409 363
14888 2507 2571 2508 2509
14889 2571 2568 2600 2507
14890 2576 2577 2578 2514
14891 2585 397 387 396
14892 302 303 287 2591
14893 385 287 2528 2591
14894 2592 2490 391 2529
14895 410 2534 2606 2594
14896 2603 2602 2517 2583
14897 303 304 286 2604
14898 2531 2590 389 2493
14899 376 15 410 2534
14900 2505 2504 2503 2567
14901 2488 2533 2552 2527
14902 2505 2581 2569 2567
14903 2580 2587 2611 2532
14904 2526 2589 2586 2588
14905 2511 2573 2509 2510
14906 2605 2541 2500 2501
14907 2539 2566 2502 2504
14908 2503 2502 2501 2565
14909 2574 2572 2573 2510
14910 2537 2602 2509 2517
14911 2521 2578 2520 2514
14912 2557 388 2493 2525
14913 2523 406 405 2581
14914 23 368 403 2538
14915 2532 2615 2521 2550
14916 2521 2526 2545 2609
14917 2512 2574 2510 2516
14918 2552 2533 2594 2599
14919 281 308 16 2606
14920 2599 2527 2533 2519
14921 2593 2549 2530 2516
14922 2527 2599 2583 2575
14923 2492 2522 2584 380
14924 2513 2599 2575 2577
14925 2519 2599 2577 2596
14926 2610 2593 2516 2580
14927 395 2562 2591 2528
14928 399 2590 2531 2554
14929 2488 2517 2527 2583
14930 2511 2513 2527 2575
14931 2567 2503 2581 2561
14932 407 364 2541 2497
14933 2488 2603 378 2536
14934 2587 2609 2586 2548
14935 2556 413 379 414
14936 2565 2564 2558 2494
14937 2603 412 378 413
14938 2509 2507 2571 2537
14939 2519 2594 2599 2596
14940 2492 2584 2600 2556
14941 2563 2499 383 2500
14942 414 2584 415 380
14943 2510 2610 2546 2516
14944 2507 2506 2568 2504
14945 2493 2590 398 2557
14946 2561 2503 2497 2501
14947 2568 2566 2504 2567
14948 281 2534 2543 2606
14949 2536 2492 2556 379
14950 2552 411 377 412
14951 2573 2509 2517 2511
14952 2575 2511 2513 2512
14953 2571 2600 2602 2537
14954 383 417 2500 382
14955 2540 286 2604 2528
14956 2601 2538 403 2607
14957 2573 2511 2575 2574
14958 2526 2498 2540 2588
14959 2595 2577 2518 2578
14960 2560 2496 2601 2613
14961 2571 2572 2509 2573
14962 2556 2536 2603 2602
14963 306 307 283 2555
14964 402 392 393 2496
14965 2572 2508 2570 2571
14966 2514 2521 2615 2550
14967 2497 406 365 2523
14968 2488 2552 2603 2583
14969 391 400 390 2490
14970 2492 2600 2539 2537
14971 284 283 2535 2597
14972 2489 405 2553 2581
14973 283 2491 2535 2555
14974 410 376 2594 411
14975 404 2542 368 367
14976 408 2499 2541 363
14977 2611 2549 2554 2593
14978 2602 2517 2583 2573
14979 403 2607 2542 404
14980 2590 2531 2532 2493
14981 2509 2572 2508 2510
14982 388 389 398 2493
14983 2594 376 2534 2533
14984 287 385 17 394
14985 384 362 2499 409
14986 2566 2502 2567 2565
14987 384 418 25 409
14988 307 308 282 2598
14989 306 284 305 2597
14990 2577 2595 2518 2596
14991 2591 303 286 2604
14992 2502 2566 2539 2522
14993 2536 2602 2537 2517
14994 305 285 304 2559
14995 2518 2519 2596 2543
14996 2605 2561 2501 2565
14997 2585 2526 2586 2588
14998 2498 387 386 396
14999 366 367 2489 405
15000 24 23 2538 393
15001 383 417 418 2563
15002 2511 2512 2574 2510
15003 283 282 2491 2555
15004 2502 2501 2565 2494
15005 2605 2500 2563 2564
15006 2595 2598 2555 2491
15007 2552 377 2533 2488
15008 394 302 287 2591
15009 2606 2596 2543 2598
15010 2529 392 391 401
15011 390 399 389 2531
15012 2608 2529 2592 2560
15013 2570 2568 2571 2507
15014 2505 2569 2551 2506
15015 2512 2576 2575 2574
15016 388 397 387 2525
15017 2541 2605 408 407
15018 2491 282 2543 2598
15019 2563 409 2499 408
15020 395 385 386 2528
15021 400 2554 2490 2592
15022 2518 2577 2513 2514
15023 284 305 2597 2559
15024 2597 306 283 2555
15025 2610 2530 2546 2516
15026 368 403 2538 2542
15027 2538 403 24 2601
15028 2518 2513 2577 2519
15029 2607 2542 404 2553
15030 2568 2539 2507 2504
15031 2568 2600 2539 2566
15032 2498 2562 2528 2540
15033 2494 382 416 381
15034 286 285 2540 2604
15035 2496 2601 402 2560
15036 2522 2558 2566 2584
15037 2540 2604 2559 2588
15038 2512 2513 2576 2514
15039 2576 2578 2615 2514
15040 367 404 2542 2489
15041 401 2592 2529 2560
15042 2590 2531 2554 2611
15043 397 2557 2585 2525
15044 2569 2568 2504 2567
15045 410 15 16 2606
15046 2577 2575 2513 2576
15047 2562 2585 2498 396
15048 287 286 2528 2591
15049 2506 2505 2569 2504
15050 382 2564 2500 2494
15051 2529 2592 2490 2530
15052 2579 2530 2546 2610
15053 2590 2531 2611 2532
15054 2542 2607 2538 2547
15055 2548 2526 2586 2525
15056 2574 2512 2576 2580
15057 2586 2521 2526 2548
15058 2613 2544 2496 2547
15059 282 281 2543 2598
15060 2558 416 415 381
15061 2595 2518 2543 2491
15062 2596 2519 2534 2543
15063 2576 2615 2580 2550
15064 2611 2549 2593 2580
15065 2585 2557 2586 2525
15066 2586 2526 2521 2609
15067 2526 2585 2525 2498
15068 2544 2608 2530 2515
15069 405 2489 366 2523
15070 2534 2606 2594 2596
15071 2530 2608 2592 2593
15072 2606 281 308 2598
15073 282 307 2598 2555
15074 2491 2595 2518 2520
15075 406 2497 407 2561
15076 2522 2494 2558 381
15077 2521 2586 2609 2548
15078 2521 2545 2578 2609
15079 2569 2582 2553 2551
15080 2506 2570 2508 2507
15081 2546 2530 2579 2515
15082 2508 2515 2570 2506
15083 2555 283 2597 2535
15084 2543 2596 2595 2598
15085 405 404 2489 2553
15086 2493 2532 2587 2548
15087 2580 2512 2576 2550
15088 2510 2574 2610 2516
15089 2496 2538 2601 2547
15090 2496 2529 2544 2560
15091 2547 2524 2582 2551
15092 2589 2545 2526 2609
15093 2547 2613 2544 2582
15094 2503 2504 2502 2567
15095 2604 304 285 2559
15096 2535 2612 2491 2520
15097 2546 2508 2572 2510
15098 2569 2582 2551 2614
15099 2530 2610 2593 2516
15100 2607 2613 2601 2547
15101 416 2564 417 382
15102 2597 2612 2555 2535
15103 2533 2594 376 411
15104 2522 415 2584 380
15105 2492 2556 379 414
15106 2600 2539 2584 2492
15107 2517 2488 2603 2583
15108 2521 2587 2615 2532
15109 2602 2556 2536 2537
15110 2580 2549 2516 2532
15111 2572 2508 2579 2570
15112 413 2536 2556 379
15113 2580 2611 2549 2532
15114 2574 2610 2572 2510
15115 414 2492 2584 380
15116 2526 2545 2589 2495
15117 2570 2614 2569 2506
15118 2576 2512 2514 2550
15119 2600 2571 2507 2537
15120 2555 2612 2595 2491
15121 2545 2589 2578 2609
15122 2533 411 377 2552
15123 2536 2603 378 413
15124 2610 2579 2530 2593
15125 2602 2509 2571 2537
15126 2491 282 2598 2555
15127 2534 281 15 2606
15128 412 2488 2603 378
15129 302 287 17 394
15130 283 284 306 2597
15131 2601 402 393 2496
15132 362 384 25 409
15133 2499 383 418 2563
15134 2556 2600 2492 2537
15135 2490 2554 2531 2549
15136 2547 2542 2607 2524
15137 2527 2583 2511 2575
15138 285 2495 2540 2559
15139 2496 402 392 2560
15140 2572 2508 2571 2509
15141 281 2543 2598 2606
15142 368 403 2542 404
15143 2599 2527 2513 2575
15144 2522 2566 2539 2584
15145 2517 2602 2509 2573
15146 2559 2495 284 285
15147 2495 284 2535 2597
15148 2548 2557 2493 2525
15149 305 284 285 2559
15150 2590 389 399 2531
15151 2517 2583 2573 2511
15152 2554 390 400 2490
15153 418 384 2499 409
15154 2591 385 395 2528
15155 383 417 2563 2500
15156 410 376 2534 2594
15157 398 389 2590 2493
15158 2498 2526 2585 2588
15159 2533 2552 2527 2599
15160 2539 2600 2568 2507
15161 2552 2488 2527 2583
15162 2602 2536 2603 2517
15163 2557 2493 2587 2548
15164 2608 2579 2515 2614
15165 24 23 403 2538
15166 2488 2552 377 412
15167 287 385 394 2591
15168 2520 2545 2578 2521
15169 307 282 283 2555
15170 2558 2502 2565 2494
15171 2607 2538 403 2542
15172 2572 2508 2546 2579
15173 2520 2595 2518 2578
15174 2547 2607 2613 2582
15175 2572 2509 2573 2510
15176 2566 2502 2558 2522
15177 2493 398 388 2557
15178 2505 2553 2524 2551
15179 2524 2489 2553 2505
15180 2519 2534 2594 2596
15181 2571 2508 2570 2507
15182 2513 2599 2577 2519
15183 2573 2511 2574 2510
15184 2562 2498 386 396
15185 281 282 308 2598
15186 2599 2533 2594 2519
15187 393 2538 24 2601
15188 401 2529 392 2560
15189 2562 395 386 2528
15190 2512 2575 2511 2574
15191 391 400 2490 2592
15192 2582 2544 2551 2614
15193 2530 2490 2549 2593
15194 287 303 286 2591
15195 390 399 2531 2554
15196 2592 2529 2608 2530
15197 2518 2520 2578 2514
15198 2519 2577 2518 2596
15199 408 409 2499 363
15200 2495 2589 2526 2588
15201 2530 2592 2490 2593
15202 2568 2506 2569 2504
15203 2516 2593 2549 2580
15204 2542 2607 2524 2553
15205 2580 2615 2587 2532
15206 2566 2539 2568 2504
15207 397 388 2557 2525
15208 2595 2518 2596 2543
15209 2553 2607 2524 2582
15210 2570 2506 2568 2507
15211 2551 2544 2515 2614
15212 2580 2516 2512 2550
15213 15 410 2534 2606
15214 2612 2595 2491 2520
15215 415 2522 2558 381
15216 2491 2555 2612 2535
15217 2505 2569 2553 2551
15218 2498 2585 387 396
15219 281 16 15 2606
15220 2560 2608 2544 2613
15221 2549 2490 2554 2593
15222 2579 2530 2608 2515
15223 2541 2563 2499 408
15224 391 2592 2529 401
15225 2589 2495 2616 2588
15226 304 285 286 2604
15227 2607 2601 2538 2547
15228 2500 2605 2501 2564
15229 416 2558 2494 381
15230 364 2541 408 407
15231 405 2489 2523 2581
15232 2528 286 2604 2591
15233 2589 2526 2586 2609
15234 2595 2543 2598 2491
15235 2544 2608 2515 2614
15236 2559 2495 2597 284
15237 2495 2559 2597 2616
15238 2562 2528 2540 2604
15239 2564 2565 2501 2494
15240 2541 2500 2563 2605
15241 2534 2606 2596 2543
15242 2498 2562 2540 2588
15243 2504 2505 2569 2567
15244 2585 387 397 2525
15245 2607 2547 2524 2582
15246 2576 2513 2577 2514
15247 2577 2518 2578 2514
15248 2582 2613 2544 2614
15249 285 2540 2604 2559
15250 2587 2590 2611 2532
15251 2489 404 2542 2553
15252 2512 2574 2516 2580
15253 2578 2521 2615 2514
15254 2516 2574 2610 2580
15255 2508 2546 2579 2515
15256 2564 2500 417 382
15257 2579 2515 2614 2570
15258 366 406 405 2523
15259 382 416 2564 2494
15260 2578 2521 2609 2615
15261 2576 2575 2513 2512
15262 2613 2496 2601 2547
15263 2515 2579 2508 2570
15264 2541 2605 407 2497
15265 2495 2597 2535 2616
15266 2489 367 404 405
15267 2545 2535 2612 2616
15268 2520 2535 2612 2545
15269 2532 2587 2590 2493
15270 2542 2524 2489 2553
15271 2566 2502 2504 2567
15272 407 2497 406 365
15273 2535 2545 2495 2616
15274 2579 2546 2572 2610
15275 2503 2581 2505 2567
15276 2502 2503 2567 2565
15277 2616 2495 2559 2588
15278 2560 2544 2496 2613
15279 2501 2561 2503 2565
15280 2561 2497 2605 2501
15281 2586 2526 2585 2525
15282 2581 2553 2489 2505
15283 2515 2551 2614 2506
15284 2524 2553 2582 2551
15285 2597 2612 2535 2616
15286 2614 2551 2569 2506
15287 2529 2608 2544 2560
15288 2515 2614 2570 2506
15289 2589 2545 2612 2616
15290 2497 406 2523 2561
15291 2586 2557 2548 2525
15292 2523 2581 2503 2561
15293 2610 2546 2572 2510
15294 2540 2559 2495 2588
15295 2549 2554 2531 2611
15296 2532 2580 2615 2550
15297 2587 2609 2521 2615
15298 2587 2521 2609 2548
15299 2545 2589 2495 2616
15300 2514 2615 2576 2550
15301 2545 2578 2612 2520
15302 2612 2578 2545 2589
15303 21 337 2617 426
15304 2648 2630 2434 2631
15305 2451 2650 2452 2454
15306 2482 2665 2673 2642
15307 2653 2454 2650 2652
15308 2462 2676 2478 2463
15309 2449 2648 2458 2434
15310 2676 2660 2643 2463
15311 2459 390 2424 2621
15312 389 399 2656 398
15313 2629 2652 2649 2432
15314 331 332 430 2421
15315 330 329 2430 428
15316 331 330 2466 429
15317 2651 2452 2453 2426
15318 2431 2458 2628 2433
15319 2472 2655 2457 2421
15320 2618 430 2655 2421
15321 332 333 431 2457
15322 2658 2461 2671 2629
15323 2426 2459 2656 389
15324 2655 431 2622 2457
15325 2622 2425 2435 2457
15326 386 2432 2461 2629
15327 2632 2435 2437 2472
15328 2472 2667 2632 2655
15329 2460 2657 2431 2473
15330 397 388 2623 398
15331 2444 2641 2470 2445
15332 2466 2666 2618 429
15333 2440 2634 2667 2637
15334 2621 390 400 399
15335 2466 2618 2471 2421
15336 2431 2473 2670 2458
15337 434 2431 2657 2628
15338 2659 2424 2621 2660
15339 295 18 17 394
15340 402 2626 392 401
15341 2438 2437 2633 2436
15342 2635 2439 2636 2634
15343 2472 2667 2471 2440
15344 2668 2667 2471 2618
15345 2634 2437 2632 2633
15346 2652 2671 2474 2629
15347 329 13 2465 427
15348 2637 2442 2639 2668
15349 2475 2669 2429 393
15350 2450 2442 2471 2668
15351 2658 394 385 395
15352 435 2460 336 337
15353 2439 2634 2437 2440
15354 2637 2636 2638 2441
15355 2426 2656 2651 2623
15356 392 2626 2429 2462
15357 2440 2637 2442 2441
15358 386 2629 395 396
15359 2450 2647 2668 2666
15360 2450 2666 2466 2430
15361 391 2659 400 401
15362 2675 2478 2676 2645
15363 2425 2622 2630 432
15364 24 2669 393 402
15365 2627 428 2666 2430
15366 2425 334 333 432
15367 2430 2627 2465 2464
15368 2659 2462 391 2424
15369 2632 2435 2622 2631
15370 2452 2677 2650 2651
15371 296 293 297 2671
15372 425 2460 2657 435
15373 296 295 294 2658
15374 2649 387 397 396
15375 294 385 2461 2658
15376 425 2460 369 370
15377 2651 2650 2452 2623
15378 370 424 2473 371
15379 2479 2452 2453 2651
15380 2670 2458 2648 2628
15381 2444 2443 2640 2445
15382 2474 2454 2652 2432
15383 2644 2453 2679 2651
15384 293 2461 2474 2671
15385 2445 2640 2641 2642
15386 2635 2438 2446 2439
15387 2674 2664 2672 2476
15388 2639 2450 2647 2668
15389 2670 2473 2657 424
15390 2647 2450 2444 2464
15391 2639 2444 2641 2647
15392 2459 390 399 389
15393 387 2649 2451 2432
15394 2642 2482 2445 2455
15395 2457 2655 332 2421
15396 2423 374 373 421
15397 2435 2436 2434 2631
15398 2672 2465 427 2627
15399 2423 2620 421 2661
15400 388 2623 2426 2451
15401 431 430 332 2655
15402 2637 2667 2471 2668
15403 2471 2450 2668 2466
15404 429 2618 331 430
15405 2427 2670 2473 2458
15406 2466 2666 330 2430
15407 2655 2667 2618 2421
15408 2628 433 2433 2630
15409 373 422 372 2468
15410 2658 2461 2629 395
15411 2667 2632 2634 2472
15412 2472 2437 2634 2440
15413 2625 2652 2671 2474
15414 2666 2618 2668 2466
15415 2472 2632 2435 2457
15416 2429 2675 2477 2478
15417 432 333 2622 431
15418 300 299 290 2619
15419 2669 2675 2429 2626
15420 2471 2667 2472 2421
15421 2471 2440 2637 2442
15422 2622 2632 2655 2457
15423 2679 2459 2656 2453
15424 2466 331 2618 2421
15425 2437 2435 2633 2436
15426 2627 2666 2647 2430
15427 2650 2677 2452 2455
15428 2657 2431 336 2460
15429 399 2621 2459 2656
15430 2458 2624 2670 2648
15431 2437 2634 2635 2633
15432 2627 2465 329 2430
15433 330 2666 429 428
15434 2425 2622 333 2457
15435 2485 2640 2443 2445
15436 2465 288 2476 2672
15437 390 400 391 2424
15438 388 389 2426 398
15439 2475 23 375 419
15440 2638 2644 2640 2485
15441 2439 2636 2440 2441
15442 2442 2639 2444 2443
15443 2461 2474 2629 2432
15444 289 2422 2476 2664
15445 420 2423 2620 421
15446 2636 2634 2440 2637
15447 292 298 297 2625
15448 2450 2647 2430 2464
15449 423 2427 371 372
15450 2429 392 393 402
15451 2459 2679 2481 2453
15452 421 373 2423 2468
15453 2468 421 422 2661
15454 296 293 2671 2658
15455 2646 2449 2456 2436
15456 2619 290 289 2422
15457 2465 2464 2674 2476
15458 424 2473 2460 370
15459 288 289 2476 2664
15460 2678 2660 2644 2447
15461 17 385 294 394
15462 2635 2438 2439 2437
15463 2652 2428 2454 2474
15464 435 26 425 337
15465 420 2467 2662 2620
15466 2679 2459 2621 2656
15467 2447 2638 2441 2443
15468 336 434 335 2431
15469 2453 2459 2656 2426
15470 2463 2481 2660 2447
15471 2639 2442 2637 2638
15472 329 428 427 2627
15473 2641 2647 2464 2674
15474 2670 2657 2431 2628
15475 2672 2465 2627 2674
15476 2619 299 290 2663
15477 2444 2639 2442 2450
15478 2427 372 422 2468
15479 2481 2679 2621 2660
15480 2669 419 2475 2662
15481 295 294 2658 394
15482 2469 291 2428 2663
15483 2448 2478 2645 2446
15484 2664 2665 2619 2422
15485 2422 2619 290 2469
15486 2464 2647 2627 2674
15487 2474 293 2671 292
15488 290 291 2469 2663
15489 420 374 2467 2423
15490 2462 391 392 401
15491 2657 336 434 435
15492 385 386 2461 395
15493 2435 2632 2633 2631
15494 300 289 301 2664
15495 2463 2643 2446 2480
15496 23 24 2475 393
15497 2432 386 387 396
15498 2480 2463 2678 2447
15499 2623 2426 2656 398
15500 400 2659 2424 2621
15501 2641 2444 2639 2640
15502 288 14 301 2672
15503 374 375 420 2467
15504 424 2670 2473 423
15505 291 298 2625 2663
15506 2436 2633 2646 2631
15507 291 299 298 2663
15508 2665 2619 2422 2673
15509 2449 2456 2484 2682
15510 2446 2645 2635 2643
15511 2444 2641 2464 2470
15512 2451 2649 2454 2432
15513 2433 2648 2628 2630
15514 2478 2675 2477 2448
15515 375 2475 419 2467
15516 2433 2630 2425 2434
15517 427 14 13 2672
15518 2654 2438 2635 2633
15519 2467 419 420 2662
15520 2462 2626 2676 2659
15521 2626 2429 2669 402
15522 2481 2679 2660 2644
15523 2641 2665 2470 2642
15524 387 397 388 2451
15525 293 294 2461 2658
15526 292 2428 2625 2474
15527 2447 2678 2480 2441
15528 2657 2460 425 424
15529 2664 300 289 2619
15530 2636 2439 2480 2441
15531 2424 2659 2462 2463
15532 2659 2462 2626 401
15533 2428 291 292 2625
15534 2662 2477 2675 2680
15535 2434 2646 2648 2631
15536 13 288 2465 2672
15537 423 2427 422 2624
15538 2477 2662 2467 2483
15539 2662 2467 2475 2477
15540 2678 2643 2463 2480
15541 2427 423 2670 2624
15542 2464 2674 2476 2470
15543 2443 2638 2639 2640
15544 2454 2650 2452 2455
15545 2439 2643 2635 2636
15546 2438 2654 2646 2633
15547 419 2475 24 2669
15548 2454 2649 2650 2652
15549 2649 2629 2432 396
15550 2433 2458 2648 2434
15551 2619 2469 2673 2663
15552 2446 2478 2676 2463
15553 2633 2646 2438 2436
15554 2630 2433 2648 2434
15555 2425 2435 2434 2631
15556 2439 2480 2643 2636
15557 2441 2638 2442 2443
15558 2470 2482 2445 2642
15559 2451 2649 2650 2454
15560 2672 301 288 2664
15561 297 292 2625 2671
15562 2630 2622 2425 2631
15563 2665 2674 2641 2470
15564 433 334 335 2433
15565 2646 2456 2438 2436
15566 2445 2640 2642 2683
15567 2423 2467 420 2620
15568 2653 2455 2454 2487
15569 2650 2623 2649 2451
15570 2473 423 2427 371
15571 2660 2676 2659 2463
15572 420 374 2423 421
15573 2459 390 2621 399
15574 2684 2469 2428 2663
15575 2423 421 2468 2661
15576 2677 2479 2452 2455
15577 422 373 421 2468
15578 2453 2644 2447 2485
15579 2482 2470 2665 2642
15580 2475 2669 2477 2429
15581 2677 2642 2455 2653
15582 2638 2636 2678 2441
15583 2459 399 2656 389
15584 2436 2646 2449 2434
15585 332 431 2655 2457
15586 2680 2456 2681 2483
15587 2681 2456 2654 2646
15588 2483 2662 2467 2620
15589 2477 2448 2680 2483
15590 2632 2437 2634 2472
15591 2472 2634 2667 2440
15592 2632 2622 2435 2457
15593 430 2618 331 2421
15594 2422 2476 2665 2470
15595 2655 430 332 2421
15596 2437 2635 2438 2633
15597 2655 2472 2667 2421
15598 2437 2435 2632 2633
15599 2425 333 2622 432
15600 2655 2632 2472 2457
15601 2634 2635 2439 2437
15602 2466 2618 331 429
15603 2424 2481 2459 2621
15604 2442 2637 2471 2668
15605 2466 330 2666 429
15606 2630 433 334 432
15607 2483 2680 2662 2620
15608 2654 2456 2438 2646
15609 420 375 419 2467
15610 2645 2438 2635 2654
15611 2423 2483 2467 2620
15612 2478 2429 2626 2462
15613 431 333 2622 2457
15614 2654 2456 2681 2680
15615 2640 2443 2638 2485
15616 2667 2471 2618 2421
15617 2468 422 2427 2486
15618 2469 2619 290 2663
15619 2440 2667 2471 2637
15620 2619 289 2664 2422
15621 2618 2471 2668 2466
15622 2444 2639 2450 2647
15623 2666 2668 2450 2466
15624 2664 2674 2665 2476
15625 2456 2438 2448 2654
15626 2627 329 428 2430
15627 2434 2436 2646 2631
15628 2485 2644 2640 2683
15629 291 290 299 2663
15630 389 2656 2426 398
15631 2478 2626 2675 2676
15632 2620 2423 2484 2661
15633 300 290 289 2619
15634 2438 2645 2448 2654
15635 2624 2427 422 2486
15636 2428 2625 2684 2663
15637 2484 2681 2456 2483
15638 2628 434 335 433
15639 2454 2653 2428 2684
15640 294 295 17 394
15641 2649 2623 397 2451
15642 2450 2639 2442 2668
15643 2652 2454 2649 2432
15644 2458 2648 2628 2433
15645 291 298 292 2625
15646 288 2672 2664 2476
15647 423 2427 372 422
15648 2463 2660 2678 2447
15649 2439 2636 2634 2440
15650 2625 2428 291 2663
15651 428 330 2666 2430
15652 2669 2662 2477 2675
15653 2484 2681 2620 2661
15654 2637 2440 2636 2441
15655 2448 2456 2680 2483
15656 2448 2645 2438 2446
15657 2468 2484 2423 2661
15658 2645 2448 2654 2680
15659 2424 390 400 2621
15660 2643 2660 2678 2463
15661 2638 2442 2637 2441
15662 393 2669 2429 402
15663 336 2657 2460 435
15664 2467 2475 419 2662
15665 2480 2678 2643 2636
15666 2423 2484 2483 2620
15667 2461 2658 385 395
15668 2676 2462 2659 2463
15669 2435 2633 2436 2631
15670 2662 2477 2680 2483
15671 2484 2681 2483 2620
15672 2656 2679 2453 2651
15673 2635 2438 2645 2446
15674 2448 2645 2675 2680
15675 2429 2626 392 402
15676 2445 2641 2470 2642
15677 294 2658 394 385
15678 435 425 2460 337
15679 2679 2481 2453 2644
15680 2435 2425 2622 2631
15681 2486 2449 2484 2682
15682 2464 2627 2465 2674
15683 2426 2623 388 398
15684 2465 427 13 2672
15685 2446 2676 2645 2643
15686 2683 2445 2479 2455
15687 2470 2665 2422 2482
15688 2644 2660 2481 2447
15689 289 288 301 2664
15690 2469 2422 2619 2673
15691 2678 2447 2638 2441
15692 2448 2675 2477 2680
15693 2648 2449 2682 2646
15694 2682 2449 2456 2646
15695 2641 2444 2640 2445
15696 2684 2428 2454 2652
15697 2450 2647 2666 2430
15698 2674 2672 2465 2476
15699 2654 2448 2456 2680
15700 24 23 2475 419
15701 400 2659 391 2424
15702 293 296 294 2658
15703 2460 425 424 370
15704 334 2433 2630 2425
15705 2623 2452 2426 2451
15706 2629 2461 386 395
15707 2430 2647 2627 2464
15708 2673 2469 2422 2482
15709 335 2431 2628 2433
15710 2681 2680 2483 2620
15711 2659 2424 2660 2463
15712 2461 2474 2671 2629
15713 2481 2453 2644 2447
15714 2651 2453 2656 2426
15715 2462 392 2626 401
15716 2431 336 434 2657
15717 2648 2449 2646 2434
15718 2465 329 427 2627
15719 2432 2629 386 396
15720 337 26 425 2617
15721 292 297 293 2671
15722 2677 2642 2683 2455
15723 2639 2442 2638 2443
15724 2487 2653 2673 2684
15725 2660 2424 2481 2463
15726 2449 2458 2624 2486
15727 2428 2487 2469 2684
15728 2444 2641 2647 2464
15729 2629 2474 2652 2432
15730 2473 424 423 371
15731 2454 2653 2684 2652
15732 2684 2625 2428 2652
15733 2473 2657 2431 2670
15734 2675 2478 2645 2448
15735 2458 2670 2431 2628
15736 2669 2475 24 393
15737 2645 2478 2676 2446
15738 288 13 14 2672
15739 2623 388 397 2451
15740 2456 2681 2484 2682
15741 2643 2446 2676 2463
15742 2461 2671 293 2658
15743 2621 2424 2481 2660
15744 2456 2681 2682 2646
15745 2447 2638 2443 2485
15746 391 2462 2659 401
15747 387 2649 2432 396
15748 2458 2427 2624 2486
15749 2674 2464 2641 2470
15750 2460 2657 2473 424
15751 2475 2669 2662 2477
15752 2624 2648 2449 2682
15753 2486 2661 2624 2682
15754 2671 292 2625 2474
15755 2485 2445 2479 2683
15756 2480 2643 2446 2439
15757 2443 2639 2444 2640
15758 2673 2422 2665 2482
15759 2453 2644 2683 2651
15760 423 2670 2473 2427
15761 2454 2653 2487 2428
15762 2643 2635 2446 2439
15763 2447 2644 2678 2638
15764 2484 2661 2486 2682
15765 2426 2651 2452 2623
15766 2476 2665 2664 2422
15767 2425 2630 334 432
15768 2683 2642 2445 2455
15769 397 387 2649 2451
15770 2684 2673 2469 2663
15771 2683 2479 2677 2455
15772 2675 2477 2669 2429
15773 2642 2455 2653 2487
15774 2638 2447 2644 2485
15775 2661 2484 2681 2682
15776 2434 2630 2425 2631
15777 2661 2468 2484 2486
15778 2648 2458 2624 2449
15779 2455 2642 2482 2487
15780 2683 2479 2453 2651
15781 2431 434 335 2628
15782 2652 2625 2428 2474
15783 2487 2673 2469 2684
15784 2670 2427 2624 2458
15785 2675 2429 2626 2478
15786 2653 2487 2428 2684
15787 335 2628 433 2433
15788 2445 2485 2640 2683
15789 2433 433 334 2630
15790 2683 2677 2479 2651
15791 2636 2480 2678 2441
15792 2481 2679 2459 2621
15793 2482 2673 2469 2487
15794 2674 2665 2476 2470
15795 2453 2644 2479 2683
15796 2623 2650 2452 2451
15797 2453 2644 2485 2479
15798 2644 2485 2479 2683
15799 2676 2478 2626 2462
15800 2452 2479 2677 2651
15801 426 26 337 2617
15802 2624 2449 2486 2682
15803 21 337 369 2617
15804 337 369 425 2460
15805 425 369 337 2617
15806 2650 2455 2653 2677
15807 2653 2455 2650 2454
15808 2487 2642 2673 2653
15809 2487 2673 2642 2482
15810 2486 422 2661 2468
15811 2486 2661 422 2624
$EndElements
